date,HUFL,HULL,MUFL,MULL,LUFL,LULL,OT
2016/7/1 0:00,5.827000141,2.009000063,1.598999977,0.462000012,4.203000069,1.340000033,30.53100014
2016/7/1 0:15,5.760000229,2.075999975,1.491999984,0.425999999,4.263999939,1.401000023,30.45999908
2016/7/1 0:30,5.760000229,1.942000031,1.491999984,0.391000003,4.234000206,1.309999943,30.03800011
2016/7/1 0:45,5.760000229,1.942000031,1.491999984,0.425999999,4.234000206,1.309999943,27.01300049
2016/7/1 1:00,5.69299984,2.075999975,1.491999984,0.425999999,4.142000198,1.371000051,27.78700066
2016/7/1 1:15,5.492000103,1.942000031,1.457000017,0.391000003,4.111999989,1.279000044,27.71699905
2016/7/1 1:30,5.357999802,1.875,1.350000024,0.354999989,3.928999901,1.340000033,27.64599991
2016/7/1 1:45,5.157000065,1.807999969,1.350000024,0.319999993,3.806999922,1.279000044,27.08399963
2016/7/1 2:00,5.157000065,1.741000056,1.279000044,0.354999989,3.77699995,1.218000054,27.78700066
2016/7/1 2:15,5.157000065,1.807999969,1.350000024,0.425999999,3.77699995,1.187999964,27.50600052
2016/7/1 2:30,5.157000065,1.807999969,1.315000057,0.391000003,3.77699995,1.248999953,27.85700035
2016/7/1 2:45,5.157000065,1.942000031,1.350000024,0.425999999,3.806999922,1.279000044,27.01300049
2016/7/1 3:00,5.090000153,1.942000031,1.279000044,0.391000003,3.806999922,1.279000044,25.04400063
2016/7/1 3:15,5.223999977,2.009000063,1.457000017,0.532999992,3.806999922,1.248999953,24.5510006
2016/7/1 3:30,5.290999889,1.807999969,1.457000017,0.425999999,3.77699995,1.218000054,23.56599998
2016/7/1 3:45,5.357999802,1.942000031,1.491999984,0.462000012,3.806999922,1.309999943,21.52599907
2016/7/1 4:00,5.357999802,1.942000031,1.491999984,0.462000012,3.868000031,1.279000044,21.94799995
2016/7/1 4:15,5.492000103,2.009000063,1.491999984,0.462000012,3.928999901,1.340000033,21.45599937
2016/7/1 4:30,5.492000103,1.942000031,1.491999984,0.425999999,3.928999901,1.340000033,22.79199982
2016/7/1 4:45,5.492000103,2.075999975,1.491999984,0.497000009,3.99000001,1.309999943,21.0340004
2016/7/1 5:00,5.625999928,2.142999887,1.527999997,0.532999992,4.051000118,1.371000051,21.17399979
2016/7/1 5:15,5.960999966,2.344000101,1.669999957,0.603999972,4.234000206,1.491999984,20.82299995
2016/7/1 5:30,6.162000179,2.411000013,1.77699995,0.603999972,4.324999809,1.523000002,21.17399979
2016/7/1 5:45,6.631000042,2.477999926,1.99000001,0.745999992,4.659999847,1.674999952,21.17399979
2016/7/1 6:00,7.166999817,2.947000027,2.131999969,0.782000005,5.026000023,1.85800004,22.79199982
2016/7/1 6:15,7.501999855,3.214999914,2.239000082,0.888000011,5.329999924,1.980000019,23.84799957
2016/7/1 6:30,7.703000069,3.348999977,2.486999989,1.031000018,5.269000053,1.91900003,24.34000015
2016/7/1 6:45,7.434999943,3.148000002,2.309999943,0.958999991,5.056000233,1.888000011,23.1439991
2016/7/1 7:00,7.434999943,3.282000065,2.309999943,1.031000018,5.086999893,2.223999977,23.1439991
2016/7/1 7:15,7.636000156,3.282000065,2.273999929,1.065999985,5.329999924,2.071000099,23.77700043
2016/7/1 7:30,7.636000156,3.415999889,2.309999943,1.101999998,5.269000053,1.91900003,23.84799957
2016/7/1 7:45,7.568999767,3.282000065,2.309999943,1.065999985,5.238999844,1.91900003,23.98800087
2016/7/1 8:00,5.559000015,3.013999939,2.451999903,1.172999978,2.954999924,1.432000041,21.66699982
2016/7/1 8:15,5.223999977,2.880000114,2.381000042,1.172999978,2.802000046,1.401000023,22.0890007
2016/7/1 8:30,5.157000065,2.812999964,2.309999943,1.172999978,2.832999945,1.432000041,22.37000084
2016/7/1 8:45,5.090000153,2.411000013,1.812000036,0.888000011,2.740999937,1.462000012,16.39100075
2016/7/1 9:00,4.554999828,2.545000076,1.91900003,0.816999972,2.680000067,1.371000051,17.44599915
2016/7/1 9:15,4.554999828,2.344000101,1.77699995,0.782000005,2.710999966,1.401000023,17.72699928
2016/7/1 9:30,4.68900013,2.545000076,1.883000016,0.852999985,2.802000046,1.462000012,18.50099945
2016/7/1 9:45,4.68900013,2.411000013,1.91900003,0.888000011,2.802000046,1.371000051,19.27499962
2016/7/1 10:00,4.956999779,2.545000076,1.99000001,0.852999985,2.954999924,1.491999984,19.97900009
2016/7/1 10:15,5.425000191,2.678999901,2.203000069,0.888000011,3.137000084,1.552999973,18.50099945
2016/7/1 10:30,5.492000103,2.678999901,2.167999983,0.852999985,3.259000063,1.552999973,18.5720005
2016/7/1 10:45,5.894000053,2.746000051,2.381000042,0.958999991,3.411000013,1.552999973,19.41600037
2016/7/1 11:00,5.760000229,2.545000076,2.203000069,0.852999985,3.441999912,1.491999984,20.11899948
2016/7/1 11:15,5.625999928,2.746000051,2.167999983,0.852999985,3.349999905,1.613999963,19.76799965
2016/7/1 11:30,4.287000179,2.142999887,1.136999965,0.425999999,3.167999983,1.644999981,19.76799965
2016/7/1 11:45,4.287000179,2.411000013,1.56400001,0.425999999,3.107000113,1.583999991,20.32999992
2016/7/1 12:00,4.68900013,2.545000076,1.812000036,0.852999985,2.832999945,1.523000002,21.058494246236677
2016/7/1 12:15,4.68900013,2.611999989,1.91900003,0.888000011,2.740999937,1.552999973,18.352595080839176
2016/7/1 12:30,4.68900013,2.678999901,1.883000016,0.852999985,2.862999916,1.583999991,18.6420002
2016/7/1 12:45,4.68900013,2.678999901,1.883000016,0.852999985,2.894000053,1.644999981,18.50099945
2016/7/1 13:00,4.68900013,2.678999901,1.77699995,1.243999958,3.107000113,1.613999963,20.020522495150793
2016/7/1 13:15,5.090000153,2.947000027,2.131999969,1.172999978,2.984999895,1.644999981,21.493439031004367
2016/7/1 13:30,5.157000065,3.013999939,2.309999943,1.243999958,2.832999945,1.613999963,20.92788690938487
2016/7/1 13:45,5.157000065,3.08100009,2.381000042,1.279000044,2.710999966,1.523000002,20.035974633213684
2016/7/1 14:00,5.090000153,2.947000027,2.451999903,1.350000024,2.559000015,1.432000041,21.27759087566055
2016/7/1 14:15,5.223999977,3.08100009,2.630000114,1.457000017,2.528000116,1.432000041,19.41600037
2016/7/1 14:30,5.022999763,3.08100009,2.523000002,1.350000024,2.467000008,1.70599997,20.35157041342973
2016/7/1 14:45,5.157000065,3.013999939,2.486999989,1.315000057,2.650000095,1.523000002,17.02400017
2016/7/1 15:00,5.090000153,3.148000002,2.486999989,1.350000024,2.588999987,1.523000002,17.30500031
2016/7/1 15:15,4.085999966,2.477999926,1.63499999,1.031000018,2.559000015,1.523000002,18.83678777101075
2016/7/1 15:30,4.354000092,2.812999964,1.741000056,1.101999998,2.588999987,1.462000012,18.85300064
2016/7/1 15:45,4.287000179,2.611999989,1.669999957,0.852999985,2.528000116,1.491999984,19.20499992
2016/7/1 16:00,4.21999979,2.411000013,1.70599997,0.782000005,2.618999958,1.491999984,21.47830305814071
2016/7/1 16:15,4.421000004,2.411000013,1.77699995,0.816999972,2.680000067,1.491999984,21.947597614410945
2016/7/1 16:30,4.756000042,2.477999926,1.812000036,0.816999972,2.862999916,1.491999984,20.66475527661907
2016/7/1 16:45,4.756000042,2.477999926,1.77699995,0.816999972,2.924000025,1.462000012,19.76799965
2016/7/1 17:00,4.756000042,2.344000101,1.63499999,0.711000025,3.075999975,1.491999984,19.149521910033442
2016/7/1 17:15,4.822999954,2.27699995,1.669999957,0.639999986,3.167999983,1.462000012,20.75200081
2016/7/1 17:30,5.357999802,2.477999926,2.451999903,1.421000004,3.289999962,1.462000012,20.984803477301945
2016/7/1 17:45,5.760000229,2.880000114,2.559000015,1.243999958,3.107000113,1.491999984,20.92483480152726
2016/7/1 18:00,5.625999928,2.880000114,2.523000002,1.207999945,3.075999975,1.491999984,20.68199921
2016/7/1 18:15,5.760000229,3.08100009,2.523000002,1.243999958,3.015000105,1.491999984,19.83799934
2016/7/1 18:30,5.357999802,3.013999939,2.451999903,1.207999945,2.924000025,1.523000002,19.20499992
2016/7/1 18:45,5.357999802,2.947000027,2.451999903,1.207999945,2.924000025,1.523000002,20.205001223172125
2016/7/1 19:00,5.492000103,3.013999939,2.451999903,1.207999945,3.015000105,1.552999973,19.916193734501512
2016/7/1 19:15,5.425000191,2.947000027,2.451999903,1.136999965,2.984999895,1.523000002,19.126203881158602
2016/7/1 19:30,5.357999802,2.947000027,2.451999903,1.172999978,2.894000053,1.523000002,19.841354710639617
2016/7/1 19:45,5.357999802,2.947000027,2.451999903,1.207999945,2.862999916,1.552999973,18.50099945
2016/7/1 20:00,5.357999802,3.013999939,2.451999903,1.207999945,2.862999916,1.523000002,18.69649910024565
2016/7/1 20:15,5.223999977,3.013999939,2.415999889,1.207999945,2.802000046,1.523000002,18.21999931
2016/7/1 20:30,5.290999889,3.013999939,2.381000042,1.172999978,2.862999916,1.552999973,19.51296077689013
2016/7/1 20:45,5.223999977,2.947000027,2.345000029,1.136999965,2.832999945,1.552999973,17.299061192048878
2016/7/1 21:00,5.090000153,2.947000027,2.381000042,1.207999945,2.680000067,1.523000002,18.00900078
2016/7/1 21:15,4.889999866,2.947000027,2.309999943,1.207999945,2.618999958,1.491999984,19.1435640287806
2016/7/1 21:30,4.889999866,2.947000027,2.309999943,1.207999945,2.559000015,1.491999984,18.6420002
2016/7/1 21:45,4.889999866,2.947000027,2.203000069,1.136999965,2.680000067,1.552999973,18.00900078
2016/7/1 22:00,4.822999954,2.947000027,2.203000069,1.172999978,2.618999958,1.523000002,18.00900078
2016/7/1 22:15,4.822999954,2.947000027,2.203000069,1.172999978,2.588999987,1.552999973,19.016958841034292
2016/7/1 22:30,4.756000042,2.947000027,2.131999969,1.136999965,2.588999987,1.583999991,18.29000092
2016/7/1 22:45,4.822999954,2.947000027,2.131999969,1.172999978,2.618999958,1.552999973,19.41600037
2016/7/1 23:00,4.622000217,2.880000114,2.131999969,1.136999965,2.467000008,1.491999984,22.550899152813564
2016/7/1 23:15,4.822999954,2.947000027,2.096999884,1.136999965,2.618999958,1.552999973,20.75200081
2016/7/1 23:30,5.022999763,3.818000078,2.131999969,2.167999983,2.588999987,1.523000002,21.31500053
2016/7/1 23:45,5.357999802,2.947000027,2.345000029,1.457000017,2.618999958,1.583999991,21.87800026
2016/7/2 0:00,5.223999977,3.08100009,2.700999975,1.315000057,2.437000036,1.523000002,22.866590246223076
2016/7/2 0:15,5.425000191,3.08100009,2.984999895,1.457000017,2.375999928,1.491999984,21.10400009
2016/7/2 0:30,5.223999977,3.08100009,2.878000021,1.457000017,2.375999928,1.462000012,21.38500023
2016/7/2 0:45,4.354000092,3.148000002,2.415999889,1.491999984,2.28399992,1.432000041,21.17399979
2016/7/2 1:00,5.157000065,3.013999939,2.878000021,1.350000024,2.345000029,1.432000041,19.6970005
2016/7/2 1:15,5.223999977,3.148000002,2.914000034,1.457000017,2.315000057,1.462000012,20.54100037
2016/7/2 1:30,5.157000065,3.013999939,2.914000034,1.421000004,2.223999977,1.462000012,19.76799965
2016/7/2 1:45,4.889999866,3.013999939,2.772000074,1.315000057,2.28399992,1.432000041,19.83799934
2016/7/2 2:00,5.157000065,3.148000002,2.878000021,1.491999984,2.28399992,1.432000041,20.04899979
2016/7/2 2:15,4.487999916,3.08100009,2.451999903,0.958999991,2.253999949,1.432000041,21.0340004
2016/7/2 2:30,4.889999866,3.013999939,2.736000061,1.386000037,2.193000078,1.432000041,19.97900009
2016/7/2 2:45,5.090000153,3.148000002,2.948999882,1.491999984,2.163000107,1.401000023,20.843971914944355
2016/7/2 3:00,5.157000065,3.08100009,2.914000034,1.491999984,2.193000078,1.401000023,22.22107448159226
2016/7/2 3:15,4.354000092,3.013999939,2.523000002,1.457000017,2.193000078,1.401000023,20.47100067
2016/7/2 3:30,5.090000153,3.08100009,2.914000034,1.491999984,2.193000078,1.401000023,22.00484545713812
2016/7/2 3:45,5.090000153,3.08100009,2.878000021,1.421000004,2.193000078,1.401000023,20.82299995
2016/7/2 4:00,4.554999828,3.08100009,2.451999903,1.491999984,2.193000078,1.401000023,21.38500023
2016/7/2 4:15,5.290999889,3.148000002,3.019999981,1.491999984,2.193000078,1.401000023,21.02386162109874
2016/7/2 4:30,5.157000065,3.08100009,2.948999882,1.421000004,2.223999977,1.432000041,22.43134474605888
2016/7/2 4:45,4.354000092,3.013999939,2.559000015,1.457000017,2.223999977,1.401000023,20.75200081
2016/7/2 5:00,5.425000191,3.282000065,3.092000008,1.70599997,2.437000036,1.462000012,22.22999954
2016/7/2 5:15,5.760000229,3.415999889,3.092000008,1.669999957,2.710999966,1.583999991,21.953674115761725
2016/7/2 5:30,5.425000191,3.282000065,2.842999935,1.63499999,2.740999937,1.523000002,20.79969564319386
2016/7/2 5:45,6.162000179,3.348999977,3.197999954,1.56400001,2.954999924,1.491999984,20.26000023
2016/7/2 6:00,5.492000103,3.282000065,2.523000002,1.491999984,2.984999895,1.462000012,20.26000023
2016/7/2 6:15,5.492000103,3.013999939,2.309999943,1.243999958,3.107000113,1.523000002,19.13400078
2016/7/2 6:30,5.559000015,3.013999939,2.309999943,1.315000057,3.229000092,1.552999973,22.02763419820841
2016/7/2 6:45,5.69299984,3.013999939,2.451999903,1.491999984,3.075999975,1.491999984,20.89299965
2016/7/2 7:00,5.625999928,3.214999914,2.486999989,1.491999984,3.075999975,1.523000002,23.404709411512428
2016/7/2 7:15,5.760000229,3.214999914,2.486999989,1.421000004,3.137000084,1.613999963,19.27499962
2016/7/2 7:30,5.559000015,3.282000065,2.486999989,1.491999984,3.107000113,1.552999973,19.06399918
2016/7/2 7:45,5.559000015,3.214999914,2.594000101,1.63499999,2.924000025,1.523000002,20.26000023
2016/7/2 8:00,5.559000015,3.282000065,2.594000101,1.669999957,2.924000025,1.523000002,20.61199951
2016/7/2 8:15,5.492000103,3.348999977,2.700999975,1.63499999,2.832999945,1.491999984,18.85300064
2016/7/2 8:30,5.559000015,3.348999977,2.700999975,1.598999977,2.772000074,1.523000002,19.6970005
2016/7/2 8:45,5.223999977,3.282000065,2.523000002,1.56400001,2.680000067,1.462000012,19.324711888344815
2016/7/2 9:00,5.223999977,3.214999914,2.559000015,1.56400001,2.680000067,1.462000012,18.55225800612218
2016/7/2 9:15,5.157000065,3.282000065,2.486999989,1.598999977,2.680000067,1.432000041,20.738754534005356
2016/7/2 9:30,5.223999977,3.348999977,2.486999989,1.598999977,2.802000046,1.491999984,21.31500053
2016/7/2 9:45,7.903999805,4.68900013,4.725999832,2.451999903,2.894000053,1.523000002,21.580957967703792
2016/7/2 10:00,9.913000107,4.956999779,6.644999981,3.305000067,3.046000004,1.552999973,20.96299934
2016/7/2 10:15,11.25300026,5.827000141,7.604000092,3.588999987,3.289999962,1.735999942,19.06399918
2016/7/2 10:30,12.05599976,5.357999802,8.421999931,2.878000021,3.746000051,1.70599997,18.21999931
2016/7/2 10:45,11.98900032,5.357999802,8.173000336,2.345000029,3.868000031,1.76699996,19.27499962
2016/7/2 11:00,11.78800011,5.425000191,8.173000336,2.523000002,3.686000109,1.674999952,20.78659962568316
2016/7/2 11:15,11.72099972,5.559000015,7.81799984,2.486999989,3.532999992,1.735999942,22.296442706174254
2016/7/2 11:30,11.31999969,5.425000191,7.568999767,2.948999882,3.229000092,1.70599997,22.34134470485827
2016/7/2 11:45,10.51599979,5.357999802,7.427000046,2.415999889,3.229000092,1.735999942,21.0340004
2016/7/2 12:00,9.645000458,4.956999779,6.751999855,2.131999969,3.107000113,1.827999949,21.4078683342778
2016/7/2 12:15,10.64999962,4.554999828,7.0,2.594000101,2.894000053,1.76699996,21.2381875134969
2016/7/2 12:30,11.11900043,5.69299984,8.279999733,3.447000027,3.075999975,1.797000051,20.96299934
2016/7/2 12:45,10.58300018,5.559000015,7.676000118,3.197999954,3.046000004,1.827999949,21.52599907
2016/7/2 13:00,10.38199997,5.760000229,7.461999893,2.559000015,2.984999895,1.76699996,21.0614081580989
2016/7/2 13:15,10.31499958,4.756000042,6.644999981,2.309999943,2.984999895,1.797000051,18.36100006
2016/7/2 13:30,8.572999954,3.951999903,5.756999969,1.953999996,2.832999945,1.76699996,18.6420002
2016/7/2 13:45,8.907999992,4.889999866,6.218999863,2.664999962,2.832999945,1.949000001,20.47100067
2016/7/2 14:00,8.774000168,4.68900013,6.111999989,2.025000095,2.894000053,1.91900003,22.10919079155938
2016/7/2 14:15,9.243000031,4.554999828,6.610000134,1.84800005,2.740999937,1.85800004,21.66699982
2016/7/2 14:30,9.779000282,4.421000004,6.928999901,2.523000002,2.832999945,1.735999942,21.779067265621027
2016/7/2 14:45,10.44900036,5.223999977,6.894000053,2.381000042,2.650000095,1.735999942,23.604123400806106
2016/7/2 15:00,10.44900036,5.157000065,6.965000153,2.451999903,2.772000074,1.735999942,24.218198222894706
2016/7/2 15:15,9.913000107,4.554999828,6.928999901,2.594000101,2.894000053,1.85800004,22.43169792442773
2016/7/2 15:30,9.979999542,5.022999763,6.928999901,2.559000015,2.984999895,1.827999949,20.47100067
2016/7/2 15:45,9.711999893,5.090000153,6.965000153,2.736000061,2.862999916,1.76699996,22.54612284719383
2016/7/2 16:00,9.845999718,4.822999954,7.035999775,2.664999962,2.894000053,1.76699996,20.68199921
2016/7/2 16:15,9.51099968,4.822999954,6.681000233,2.203000069,2.894000053,1.70599997,24.056702149188304
2016/7/2 16:30,10.18099976,4.287000179,6.928999901,2.842999935,3.319999933,1.735999942,26.55552784788831
2016/7/2 16:45,10.58300018,4.822999954,7.427000046,2.630000114,3.107000113,1.735999942,24.97299957
2016/7/2 17:00,9.913000107,4.822999954,6.894000053,2.415999889,3.229000092,1.735999942,25.4659996
2016/7/2 17:15,10.91800022,4.822999954,7.532999992,2.523000002,3.381000042,1.797000051,25.81699944
2016/7/2 17:30,11.25300026,4.822999954,7.782000065,2.523000002,3.503000021,1.70599997,26.02799988
2016/7/2 17:45,10.7840004,4.756000042,7.249000072,2.309999943,3.471999884,1.797000051,26.02799988
2016/7/2 18:00,10.64999962,4.68900013,6.928999901,2.451999903,3.381000042,1.797000051,25.88800049
2016/7/2 18:15,10.38199997,4.487999916,7.143000126,2.239000082,3.167999983,1.797000051,26.30999947
2016/7/2 18:30,9.779000282,4.487999916,6.857999802,2.167999983,3.075999975,1.735999942,28.99194318739197
2016/7/2 18:45,9.979999542,4.354000092,6.822999954,2.203000069,3.107000113,1.735999942,28.6279452295282
2016/7/2 19:00,10.11400032,4.354000092,6.644999981,1.812000036,3.107000113,1.735999942,27.85700035
2016/7/2 19:15,10.11400032,4.287000179,6.894000053,2.096999884,3.197999954,1.70599997,27.71699905
2016/7/2 19:30,10.71700001,4.487999916,7.249000072,2.203000069,3.411000013,1.735999942,27.64599991
2016/7/2 19:45,10.04699993,4.354000092,6.610000134,1.953999996,3.349999905,1.735999942,28.745076975080366
2016/7/2 20:00,9.979999542,4.152999878,6.573999882,1.953999996,3.411000013,1.76699996,27.29500008
2016/7/2 20:15,9.779000282,4.019000053,6.395999908,1.883000016,3.411000013,1.91900003,27.427756122008745
2016/7/2 20:30,9.51099968,4.21999979,6.183000088,1.91900003,3.289999962,1.85800004,26.601915804848165
2016/7/2 20:45,9.376999855,4.085999966,6.040999889,1.883000016,3.381000042,1.827999949,22.93300056
2016/7/2 21:00,9.31000042,4.21999979,6.005000114,2.131999969,3.229000092,1.85800004,22.22999954
2016/7/2 21:15,9.041999817,3.818000078,6.289999962,1.421000004,3.137000084,1.85800004,22.0890007
2016/7/2 21:30,9.041999817,4.68900013,6.361000061,2.381000042,3.015000105,1.797000051,24.5692545985717
2016/7/2 21:45,9.578000069,4.622000217,6.183000088,1.741000056,2.894000053,1.827999949,21.17399979
2016/7/2 22:00,9.444000244,4.622000217,6.965000153,2.167999983,2.954999924,1.85800004,23.08978894835433
2016/7/2 22:15,10.71700001,4.889999866,7.106999874,1.99000001,2.772000074,1.797000051,25.163119901852202
2016/7/2 22:30,10.31499958,5.022999763,6.928999901,2.239000082,2.832999945,1.76699996,27.475174537037677
2016/7/2 22:45,9.645000458,4.822999954,7.106999874,1.953999996,3.075999975,1.797000051,27.349687227452264
2016/7/2 23:00,9.444000244,4.287000179,6.822999954,2.559000015,2.588999987,1.735999942,27.29500008
2016/7/2 23:15,10.38199997,4.956999779,7.604000092,2.594000101,2.528000116,1.735999942,28.13899994
2016/7/2 23:30,10.91800022,5.090000153,7.710999966,2.203000069,2.588999987,1.735999942,30.02676682546662
2016/7/2 23:45,11.05200005,5.492000103,8.38599968,2.842999935,2.680000067,1.76699996,30.749906841145826
2016/7/3 0:00,10.38199997,5.425000191,7.604000092,2.309999943,2.954999924,1.674999952,29.708634296234273
2016/7/3 0:15,9.979999542,5.290999889,7.888999939,2.948999882,2.862999916,2.071000099,28.77199936
2016/7/3 0:30,10.71700001,5.022999763,7.710999966,2.309999943,2.650000095,1.735999942,29.41996679769022
2016/7/3 0:45,10.7840004,5.157000065,7.994999886,2.878000021,2.588999987,1.85800004,25.284699590095336
2016/7/3 1:00,9.779000282,5.223999977,6.71600008,2.842999935,2.650000095,1.674999952,26.906755752621326
2016/7/3 1:15,10.91800022,5.425000191,7.639999866,2.664999962,2.588999987,1.70599997,25.95800018
2016/7/3 1:30,10.64999962,5.090000153,8.102000237,2.736000061,2.650000095,1.735999942,27.56423031109868
2016/7/3 1:45,9.979999542,4.756000042,7.390999794,2.914000034,2.588999987,1.76699996,25.95800018
2016/7/3 2:00,10.38199997,4.68900013,7.320000172,2.203000069,2.984999895,1.85800004,25.25915145428722
2016/7/3 2:15,10.64999962,5.223999977,7.676000118,2.878000021,2.802000046,1.797000051,22.72200012
2016/7/3 2:30,9.444000244,4.421000004,6.610000134,2.772000074,2.588999987,1.70599997,24.00652121324244
2016/7/3 2:45,9.645000458,5.157000065,6.538000107,2.700999975,2.588999987,1.70599997,24.83200073
2016/7/3 3:00,9.779000282,4.152999878,6.822999954,1.99000001,2.528000116,1.674999952,28.213431370033675
2016/7/3 3:15,10.31499958,5.090000153,7.604000092,2.772000074,2.528000116,1.70599997,29.006553138225403
2016/7/3 3:30,9.376999855,4.554999828,6.965000153,2.415999889,2.528000116,1.674999952,28.975375640440024
2016/7/3 3:45,9.578000069,4.354000092,6.502999783,2.239000082,2.528000116,1.980000019,26.45000076
2016/7/3 4:00,10.71700001,4.756000042,7.355999947,2.806999922,2.650000095,1.797000051,25.95800018
2016/7/3 4:15,9.109000206,4.756000042,6.644999981,2.203000069,2.862999916,1.827999949,25.18400002
2016/7/3 4:30,8.305999756,4.68900013,5.507999897,2.415999889,2.772000074,1.827999949,25.315208110499032
2016/7/3 4:45,9.913000107,5.022999763,7.532999992,2.806999922,2.894000053,1.949000001,25.819391202013065
2016/7/3 5:00,10.31499958,4.68900013,7.390999794,2.451999903,2.924000025,1.85800004,24.05900002
2016/7/3 5:15,11.5880003,4.68900013,8.102000237,2.523000002,3.046000004,1.827999949,24.40999985
2016/7/3 5:30,10.71700001,4.554999828,7.249000072,1.812000036,3.259000063,1.888000011,26.594077762678292
2016/7/3 5:45,11.92199993,5.357999802,7.853000164,2.203000069,3.503000021,1.888000011,26.72353226815736
2016/7/3 6:00,12.59200001,5.223999977,8.670999527,2.203000069,3.71600008,1.949000001,25.32500076
2016/7/3 6:15,12.25699997,5.157000065,8.493000031,2.559000015,3.77699995,1.91900003,27.617823709009407
2016/7/3 6:30,11.31999969,5.425000191,7.390999794,1.883000016,3.838000059,1.980000019,26.32826584662645
2016/7/3 6:45,11.92199993,4.019000053,8.527999878,2.451999903,3.77699995,2.040999889,25.87978014280398
2016/7/3 7:00,11.11900043,4.622000217,7.888999939,2.842999935,3.625,1.91900003,24.483427031375516
2016/7/3 7:15,12.45800018,5.492000103,8.741999626,2.948999882,3.532999992,1.91900003,22.72200012
2016/7/3 7:30,12.59200001,6.027999878,8.777000427,2.772000074,3.594000101,1.91900003,24.62100029
2016/7/3 7:45,11.05200005,4.622000217,7.320000172,2.664999962,3.625,1.91900003,27.40535033886847
2016/7/3 8:00,10.64999962,4.421000004,7.035999775,2.025000095,3.594000101,1.91900003,28.531543722534224
2016/7/3 8:15,10.44900036,4.622000217,7.320000172,2.061000109,3.471999884,1.949000001,26.30999947
2016/7/3 8:30,10.71700001,4.889999866,7.320000172,2.203000069,3.441999912,1.91900003,27.99799919
2016/7/3 8:45,10.31499958,4.68900013,6.857999802,2.167999983,3.411000013,1.949000001,29.87516526190124
2016/7/3 9:00,10.04699993,4.21999979,6.43200016,1.669999957,3.686000109,1.949000001,27.36499977
2016/7/3 9:15,10.04699993,5.157000065,7.106999874,2.451999903,3.229000092,1.980000019,27.732530493576313
2016/7/3 9:30,11.18599987,5.290999889,7.532999992,2.878000021,3.381000042,1.888000011,25.25499916
2016/7/3 9:45,11.45400047,5.223999977,7.427000046,2.273999929,3.259000063,1.85800004,27.935933741080564
2016/7/3 10:00,11.72099972,5.090000153,7.888999939,2.559000015,3.563999891,1.85800004,28.06800079
2016/7/3 10:15,11.92199993,5.492000103,8.31499958,2.878000021,4.142000198,1.949000001,30.885290767885856
2016/7/3 10:30,12.25699997,4.756000042,8.244000435,2.486999989,4.051000118,1.827999949,30.81200027
2016/7/3 10:45,12.12300014,5.69299984,8.065999985,2.486999989,4.234000206,1.949000001,30.17900085
2016/7/3 11:00,12.12300014,5.357999802,8.065999985,2.486999989,4.081999779,1.91900003,29.47500038
2016/7/3 11:15,11.25300026,5.022999763,7.320000172,2.203000069,3.77699995,1.76699996,27.85700035
2016/7/3 11:30,10.98499966,4.554999828,6.965000153,2.167999983,3.349999905,1.827999949,25.95800018
2016/7/3 11:45,10.24800014,5.022999763,6.395999908,2.096999884,3.319999933,1.797000051,25.6060009
2016/7/3 12:00,9.979999542,5.022999763,6.857999802,2.559000015,3.289999962,1.85800004,29.2639624496951
2016/7/3 12:15,9.444000244,4.956999779,6.538000107,2.523000002,3.229000092,1.888000011,28.794213431098605
2016/7/3 12:30,10.04699993,4.822999954,6.218999863,1.883000016,3.167999983,1.888000011,28.77199936
2016/7/3 12:45,9.444000244,4.421000004,6.395999908,2.203000069,3.167999983,1.888000011,30.584771714079988
2016/7/3 13:00,9.243000031,4.956999779,6.289999962,2.630000114,3.137000084,1.888000011,29.96800041
2016/7/3 13:15,10.24800014,5.157000065,6.610000134,2.381000042,3.046000004,2.101999998,31.286760373024382
2016/7/3 13:30,10.04699993,4.756000042,6.857999802,2.559000015,3.107000113,1.797000051,29.96800041
2016/7/3 13:45,10.11400032,5.090000153,6.395999908,2.273999929,2.984999895,1.888000011,31.865140905561773
2016/7/3 14:00,10.18099976,5.425000191,7.177999973,3.019999981,3.075999975,1.888000011,30.38999939
2016/7/3 14:15,10.24800014,5.022999763,6.538000107,2.664999962,3.107000113,1.888000011,32.0398913710583
2016/7/3 14:30,10.04699993,5.090000153,6.573999882,2.736000061,3.046000004,1.797000051,31.375
2016/7/3 14:45,9.578000069,4.421000004,6.502999783,2.630000114,2.924000025,2.040999889,34.20611443198023
2016/7/3 15:00,9.645000458,5.425000191,7.106999874,2.664999962,3.015000105,1.827999949,32.976266710402754
2016/7/3 15:15,10.44900036,5.157000065,6.857999802,2.239000082,2.984999895,1.888000011,30.989992591517083
2016/7/3 15:30,9.913000107,4.68900013,6.857999802,2.309999943,3.075999975,1.797000051,30.78097975470974
2016/7/3 15:45,9.779000282,5.090000153,6.644999981,2.736000061,2.954999924,1.797000051,29.47500038
2016/7/3 16:00,9.779000282,4.889999866,6.502999783,2.984999895,3.075999975,2.00999999,29.75699997
2016/7/3 16:15,9.845999718,4.889999866,6.644999981,3.019999981,3.289999962,1.91900003,30.03800011
2016/7/3 16:30,10.18099976,5.090000153,6.751999855,2.772000074,3.746000051,1.91900003,31.200896220754387
2016/7/3 16:45,10.71700001,4.956999779,7.106999874,2.523000002,3.868000031,1.91900003,31.917140883490216
2016/7/3 17:00,11.11900043,5.157000065,7.320000172,2.914000034,3.806999922,1.980000019,35.179394751515
2016/7/3 17:15,11.72099972,5.157000065,7.747000217,3.305000067,3.898999929,1.888000011,32.07799911
2016/7/3 17:30,11.92199993,5.290999889,7.923999786,2.736000061,4.203000069,1.980000019,33.397687299536756
2016/7/3 17:45,11.52099991,5.090000153,7.853000164,2.700999975,3.806999922,1.949000001,32.99300003
2016/7/3 18:00,11.05200005,4.956999779,7.390999794,2.523000002,3.686000109,1.980000019,33.18658012314788
2016/7/3 18:15,10.91800022,4.889999866,7.320000172,2.630000114,3.503000021,1.797000051,32.65956573726004
2016/7/3 18:30,10.7840004,4.889999866,7.214000225,2.700999975,3.441999912,1.827999949,32.36000061
2016/7/3 18:45,10.91800022,4.889999866,7.284999847,2.486999989,3.594000101,1.85800004,33.84289250581232
2016/7/3 19:00,10.7840004,4.889999866,7.214000225,2.486999989,3.594000101,1.888000011,28.660348679896476
2016/7/3 19:15,10.71700001,4.889999866,7.143000126,2.878000021,3.654999971,1.888000011,25.060596584439633
2016/7/3 19:30,10.91800022,4.756000042,7.106999874,2.345000029,3.838000059,1.85800004,25.66129314086563
2016/7/3 19:45,10.91800022,4.822999954,7.106999874,2.381000042,3.806999922,1.91900003,25.362063989463252
2016/7/3 20:00,11.18599987,4.889999866,7.177999973,2.345000029,3.960000038,1.91900003,22.476518417971867
2016/7/3 20:15,10.85099983,4.822999954,6.928999901,2.381000042,3.898999929,1.949000001,21.947999950000003
2016/7/3 20:30,10.7840004,4.756000042,6.857999802,2.239000082,3.928999901,2.00999999,20.32999992
2016/7/3 20:45,10.64999962,4.756000042,6.751999855,2.309999943,3.838000059,1.980000019,20.61199951
2016/7/3 21:00,10.44900036,4.889999866,6.610000134,2.309999943,3.806999922,2.040999889,24.618480989732397
2016/7/3 21:15,10.64999962,5.357999802,6.573999882,2.630000114,3.503000021,2.040999889,21.38500023
2016/7/3 21:30,10.44900036,5.69299984,6.681000233,2.559000015,3.503000021,1.949000001,21.947984430766052
2016/7/3 21:45,9.645000458,4.956999779,6.324999809,2.559000015,3.289999962,1.888000011,21.896543374336368
2016/7/3 22:00,9.578000069,5.760000229,6.787000179,3.127000093,3.259000063,1.888000011,19.41600037
2016/7/3 22:15,10.18099976,5.760000229,6.502999783,2.486999989,3.259000063,1.888000011,18.43099976
2016/7/3 22:30,10.31499958,5.69299984,6.751999855,3.447000027,3.411000013,1.980000019,18.21999931
2016/7/3 22:45,10.18099976,5.760000229,6.71600008,3.127000093,3.381000042,1.980000019,19.106143373026505
2016/7/3 23:00,9.31000042,5.760000229,6.610000134,3.055999994,3.167999983,1.888000011,18.5720005
2016/7/3 23:15,9.979999542,5.022999763,6.467000008,3.092000008,3.229000092,1.949000001,18.7471279272354
2016/7/3 23:30,9.913000107,5.425000191,6.324999809,2.878000021,3.137000084,1.85800004,18.71199989
2016/7/3 23:45,9.913000107,5.69299984,6.218999863,3.019999981,3.046000004,1.85800004,19.34499931
2016/7/4 0:00,9.913000107,5.894000053,6.254000187,2.630000114,3.015000105,1.85800004,21.66699982
2016/7/4 0:15,9.779000282,5.492000103,6.751999855,2.984999895,3.015000105,1.888000011,26.47623941181044
2016/7/4 0:30,9.376999855,5.425000191,5.934000015,2.486999989,2.862999916,1.827999949,25.88800049
2016/7/4 0:45,9.376999855,5.492000103,6.289999962,2.842999935,2.924000025,1.827999949,25.95800018
2016/7/4 1:00,8.975000381,4.956999779,6.289999962,2.664999962,2.862999916,1.827999949,25.5359993
2016/7/4 1:15,9.578000069,5.425000191,6.681000233,3.482000113,2.924000025,1.797000051,27.71699905
2016/7/4 1:30,9.31000042,5.425000191,5.828000069,2.842999935,2.894000053,1.827999949,30.28898209904011
2016/7/4 1:45,8.640000343,4.68900013,5.828000069,2.486999989,2.862999916,1.797000051,29.567379872391708
2016/7/4 2:00,8.640000343,4.822999954,6.147999763,2.594000101,2.924000025,1.827999949,27.85700035
2016/7/4 2:15,9.243000031,5.625999928,6.644999981,3.163000107,2.862999916,1.827999949,28.06800079
2016/7/4 2:30,9.243000031,4.756000042,5.756999969,2.415999889,2.832999945,2.131999969,29.545547996809095
2016/7/4 2:45,9.175999641,5.425000191,5.721000195,2.664999962,2.862999916,1.85800004,31.835571758749246
2016/7/4 3:00,9.175999641,5.492000103,5.578999996,2.381000042,2.862999916,1.85800004,28.012653943081567
2016/7/4 3:15,8.505999565,4.68900013,5.650000095,2.415999889,2.862999916,1.85800004,28.06800079
2016/7/4 3:30,8.371999741,5.492000103,5.721000195,2.451999903,2.894000053,1.827999949,29.056070657520454
2016/7/4 3:45,9.109000206,5.357999802,5.756999969,3.019999981,2.772000074,1.827999949,24.742419914758482
2016/7/4 4:00,9.109000206,4.822999954,5.650000095,2.523000002,2.772000074,1.797000051,24.62100029
2016/7/4 4:15,9.31000042,5.492000103,6.43200016,2.842999935,2.862999916,1.85800004,24.83200073
2016/7/4 4:30,9.376999855,4.956999779,5.721000195,3.055999994,3.015000105,1.888000011,24.69199944
2016/7/4 4:45,9.578000069,5.625999928,5.899000168,2.451999903,3.075999975,1.888000011,24.34000015
2016/7/4 5:00,9.845999718,5.559000015,5.96999979,2.948999882,3.107000113,1.888000011,25.523772932846704
2016/7/4 5:15,10.18099976,4.956999779,6.395999908,2.594000101,3.229000092,1.888000011,24.19520161564927
2016/7/4 5:30,10.11400032,4.956999779,6.681000233,2.415999889,3.441999912,1.888000011,23.571404848703807
2016/7/4 5:45,11.11900043,5.022999763,7.0,2.700999975,3.686000109,2.00999999,25.242178552184825
2016/7/4 6:00,11.5880003,5.425000191,7.390999794,2.806999922,3.806999922,1.980000019,24.62507970027843
2016/7/4 6:15,10.7840004,5.157000065,7.214000225,2.523000002,3.71600008,1.888000011,23.66248983601429
2016/7/4 6:30,10.98499966,5.960999966,7.498000145,3.092000008,3.746000051,1.888000011,23.0739994
2016/7/4 6:45,10.91800022,4.956999779,7.071000099,2.806999922,3.898999929,2.040999889,23.33872764468289
2016/7/4 7:00,11.78800011,6.09499979,7.214000225,2.984999895,3.898999929,2.040999889,22.51099968
2016/7/4 7:15,11.65499973,5.625999928,7.320000172,3.411000013,3.806999922,2.101999998,21.70844424188133
2016/7/4 7:30,10.85099983,6.362999916,7.249000072,3.019999981,3.806999922,2.071000099,22.165966247082896
2016/7/4 7:45,11.5880003,5.69299984,7.214000225,2.878000021,3.77699995,2.071000099,22.436962656723225
2016/7/4 8:00,10.58300018,5.960999966,7.143000126,2.914000034,3.654999971,2.071000099,23.01876552744039
2016/7/4 8:15,10.64999962,5.559000015,7.106999874,2.806999922,3.686000109,1.980000019,22.51099968
2016/7/4 8:30,11.31999969,6.09499979,7.320000172,2.948999882,3.532999992,1.980000019,24.242204680734485
2016/7/4 8:45,10.51599979,6.162000179,7.106999874,3.197999954,3.77699995,2.163000107,24.4810009
2016/7/4 9:00,11.5880003,6.296000004,7.568999767,3.055999994,3.471999884,2.00999999,25.39500046
2016/7/4 9:15,11.72099972,6.296000004,7.994999886,3.588999987,3.594000101,2.131999969,23.84799957
2016/7/4 9:30,11.18599987,5.625999928,7.498000145,2.948999882,3.532999992,2.223999977,26.660108691916175
2016/7/4 9:45,11.38700008,5.492000103,7.639999866,2.948999882,3.686000109,2.071000099,24.5510006
2016/7/4 10:00,11.92199993,6.229000092,7.710999966,3.055999994,3.746000051,1.949000001,26.57792337319596
2016/7/4 10:15,13.12800026,5.559000015,8.56400013,3.019999981,4.111999989,2.071000099,27.64599991
2016/7/4 10:30,13.32900047,6.09499979,8.527999878,2.984999895,4.295000076,1.980000019,30.613124497155617
2016/7/4 10:45,13.19499969,6.362999916,8.954999924,3.482000113,4.386000156,1.980000019,28.35000038
2016/7/4 11:00,12.32400036,5.559000015,8.421999931,3.233999968,4.203000069,1.980000019,29.54599953
2016/7/4 11:15,12.25699997,6.362999916,7.782000065,3.197999954,4.020999908,1.980000019,31.487021124265492
2016/7/4 11:30,11.72099972,5.625999928,7.532999992,3.233999968,3.686000109,1.888000011,31.58600044
2016/7/4 11:45,10.44900036,5.960999966,7.320000172,3.233999968,3.471999884,1.888000011,30.60099983
2016/7/4 12:00,10.38199997,5.894000053,6.857999802,2.630000114,3.563999891,1.949000001,29.47500038
2016/7/4 12:15,10.7840004,6.027999878,7.0,3.447000027,3.381000042,2.00999999,27.85700035
2016/7/4 12:30,10.71700001,5.894000053,6.894000053,3.552999973,3.289999962,1.949000001,30.93945221995095
2016/7/4 12:45,10.64999962,5.960999966,6.610000134,3.233999968,3.563999891,2.071000099,29.61599922
2016/7/4 13:00,10.04699993,5.425000191,6.751999855,3.019999981,3.319999933,1.949000001,29.26399994
2016/7/4 13:15,10.58300018,6.09499979,6.787000179,2.984999895,3.229000092,1.980000019,28.77199936
2016/7/4 13:30,10.04699993,5.290999889,6.71600008,2.842999935,3.259000063,2.315000057,32.520016332578855
2016/7/4 13:45,10.64999962,5.559000015,6.681000233,3.197999954,3.349999905,2.071000099,30.31999969
2016/7/4 14:00,10.51599979,6.027999878,7.106999874,3.375999928,3.137000084,1.91900003,30.95299911
2016/7/4 14:15,10.64999962,5.960999966,6.787000179,3.588999987,3.259000063,2.071000099,30.74200058
2016/7/4 14:30,10.64999962,6.09499979,7.143000126,2.914000034,3.259000063,1.980000019,31.02300072
2016/7/4 14:45,9.845999718,5.492000103,6.644999981,3.127000093,3.319999933,2.071000099,31.939324472152315
2016/7/4 15:00,10.71700001,6.09499979,6.787000179,3.019999981,3.167999983,2.00999999,31.72599983
2016/7/4 15:15,10.04699993,5.223999977,6.573999882,2.842999935,3.381000042,2.101999998,31.375
2016/7/4 15:30,10.04699993,5.223999977,6.71600008,2.700999975,3.686000109,2.040999889,31.79700089
2016/7/4 15:45,9.979999542,5.022999763,6.610000134,2.736000061,3.319999933,1.980000019,34.40090222138909
2016/7/4 16:00,9.979999542,5.022999763,6.502999783,2.559000015,3.441999912,2.040999889,33.13299942
2016/7/4 16:15,10.51599979,5.090000153,6.751999855,2.451999903,3.71600008,2.131999969,34.1664713524104
2016/7/4 16:30,10.85099983,5.492000103,6.928999901,2.842999935,3.654999971,2.101999998,33.55136929976985
2016/7/4 16:45,10.7840004,5.022999763,7.071000099,2.594000101,3.654999971,2.00999999,31.02300072
2016/7/4 17:00,11.31999969,5.090000153,7.355999947,2.451999903,3.868000031,2.040999889,28.9829998
2016/7/4 17:15,11.92199993,5.157000065,7.81799984,2.381000042,4.051000118,2.28399992,28.77199936
2016/7/4 17:30,11.78800011,4.889999866,7.747000217,2.345000029,4.081999779,2.00999999,29.28722757566838
2016/7/4 17:45,11.52099991,4.956999779,7.390999794,2.664999962,4.111999989,2.040999889,29.911226376059645
2016/7/4 18:00,11.38700008,4.956999779,7.355999947,2.451999903,4.295000076,2.193000078,31.509376115510133
2016/7/4 18:15,9.645000458,3.951999903,7.143000126,2.309999943,2.650000095,1.279000044,30.721943790000893
2016/7/4 18:30,9.376999855,3.951999903,6.751999855,2.273999929,2.467000008,1.279000044,31.43026706487057
2016/7/4 18:45,9.376999855,3.750999928,6.965000153,2.239000082,2.405999899,1.187999964,33.081660468882006
2016/7/4 19:00,9.376999855,3.88499999,6.894000053,2.239000082,2.467000008,1.187999964,33.682013531687744
2016/7/4 19:15,9.645000458,3.88499999,7.071000099,2.239000082,2.528000116,1.248999953,31.44499969
2016/7/4 19:30,9.845999718,3.951999903,7.143000126,2.273999929,2.650000095,1.309999943,30.60099983
2016/7/4 19:45,9.779000282,4.487999916,7.0,2.273999929,2.710999966,1.371000051,31.294836423448363
2016/7/4 20:00,10.11400032,4.085999966,7.143000126,2.239000082,2.954999924,1.462000012,25.18400002
2016/7/4 20:15,10.51599979,4.554999828,7.106999874,2.273999929,3.77699995,1.76699996,26.45000076
2016/7/4 20:30,10.58300018,4.68900013,6.857999802,2.273999929,3.868000031,1.91900003,27.9279995
2016/7/4 20:45,10.51599979,4.822999954,6.928999901,2.381000042,3.594000101,1.980000019,29.47500038
2016/7/4 21:00,10.38199997,4.822999954,6.894000053,2.309999943,3.503000021,2.00999999,31.20843087581423
2016/7/4 21:15,10.7840004,5.357999802,7.177999973,2.345000029,3.471999884,1.980000019,29.54599953
2016/7/4 21:30,10.31499958,4.487999916,6.822999954,2.025000095,3.411000013,1.980000019,30.17900085
2016/7/4 21:45,10.11400032,4.554999828,6.681000233,2.096999884,3.381000042,2.071000099,29.26399994
2016/7/4 22:00,9.645000458,4.889999866,6.610000134,1.91900003,3.259000063,1.91900003,29.734105927223496
2016/7/4 22:15,10.71700001,4.622000217,7.284999847,2.167999983,3.503000021,1.91900003,23.84799957
2016/7/4 22:30,11.72099972,5.425000191,7.81799984,2.630000114,3.229000092,1.91900003,24.4504584152809
2016/7/4 22:45,11.78800011,6.027999878,8.102000237,2.984999895,3.259000063,2.040999889,25.24169733902935
2016/7/4 23:00,12.72599983,6.497000217,9.345999718,3.482000113,3.167999983,1.980000019,25.4659996
2016/7/4 23:15,12.52499962,5.960999966,9.204000473,3.411000013,3.137000084,1.980000019,28.576311440791134
2016/7/4 23:30,12.45800018,6.229000092,8.883999825,3.339999914,3.075999975,1.91900003,25.88800049
2016/7/4 23:45,11.11900043,5.827000141,8.670999527,3.482000113,3.015000105,1.949000001,26.30999947
2016/7/5 0:00,11.98900032,5.625999928,8.777000427,2.948999882,3.197999954,1.980000019,26.55078484062571
2016/7/5 0:15,10.51599979,5.425000191,7.214000225,2.842999935,3.015000105,1.91900003,27.444510069157452
2016/7/5 0:30,12.52499962,5.827000141,8.635000229,3.802000046,3.289999962,2.00999999,27.853402439116394
2016/7/5 0:45,11.45400047,6.027999878,8.137999535,3.092000008,3.075999975,2.00999999,27.71699905
2016/7/5 1:00,12.52499962,6.296000004,8.954999924,3.163000107,3.137000084,2.00999999,25.95800018
2016/7/5 1:15,9.31000042,5.223999977,6.395999908,2.167999983,3.015000105,1.888000011,25.04400063
2016/7/5 1:30,10.24800014,5.357999802,7.214000225,2.772000074,2.984999895,2.040999889,25.74749272495801
2016/7/5 1:45,11.38700008,5.559000015,8.56400013,3.019999981,3.075999975,2.071000099,27.111470327581195
2016/7/5 2:00,12.32400036,6.296000004,8.812999725,3.375999928,2.984999895,1.91900003,26.02799988
2016/7/5 2:15,9.779000282,5.223999977,6.183000088,2.381000042,2.924000025,1.91900003,27.4377561989112
2016/7/5 2:30,10.24800014,4.756000042,8.670999527,2.381000042,2.832999945,1.888000011,26.73200035
2016/7/5 2:45,12.25699997,6.09499979,8.954999924,3.838000059,2.832999945,1.85800004,27.9279995
2016/7/5 3:00,10.71700001,5.425000191,8.065999985,2.878000021,2.832999945,1.85800004,28.91300011
2016/7/5 3:15,10.31499958,4.956999779,7.143000126,2.451999903,2.862999916,1.91900003,29.19400024
2016/7/5 3:30,10.44900036,4.554999828,6.894000053,2.381000042,2.954999924,1.949000001,30.24900055
2016/7/5 3:45,11.78800011,5.69299984,8.847999573,3.055999994,3.046000004,1.949000001,32.76322089237448
2016/7/5 4:00,11.31999969,5.625999928,7.676000118,2.630000114,3.046000004,1.888000011,30.45999908
2016/7/5 4:15,10.31499958,5.357999802,7.320000172,2.630000114,3.046000004,2.253999949,31.230823040747758
2016/7/5 4:30,9.243000031,4.956999779,6.076000214,2.273999929,3.137000084,2.071000099,31.534907978674145
2016/7/5 4:45,10.7840004,5.425000191,7.461999893,2.239000082,3.319999933,2.131999969,31.72599983
2016/7/5 5:00,10.85099983,4.68900013,6.822999954,1.883000016,3.319999933,2.040999889,31.375
2016/7/5 5:15,12.12300014,5.090000153,8.137999535,2.273999929,3.319999933,1.949000001,32.465383239976646
2016/7/5 5:30,11.18599987,4.287000179,7.071000099,1.77699995,3.563999891,1.91900003,32.36393148180939
2016/7/5 5:45,12.32400036,5.69299984,8.670999527,2.878000021,3.77699995,1.980000019,32.21900177
2016/7/5 6:00,13.32900047,5.425000191,8.883999825,2.736000061,4.081999779,1.949000001,34.164197299705606
2016/7/5 6:15,12.6590004,5.625999928,8.812999725,2.842999935,3.928999901,1.949000001,32.21900177
2016/7/5 6:30,11.72099972,4.956999779,7.747000217,2.415999889,3.838000059,1.980000019,32.71099854
2016/7/5 6:45,11.45400047,5.760000229,7.923999786,2.948999882,3.806999922,1.949000001,33.89004017051259
2016/7/5 7:00,11.45400047,5.223999977,7.853000164,2.772000074,3.654999971,2.00999999,32.656061877892064
2016/7/5 7:15,12.85999966,5.69299984,8.741999626,2.948999882,3.563999891,1.91900003,31.51499939
2016/7/5 7:30,11.52099991,5.894000053,7.320000172,3.163000107,3.625,2.040999889,30.900943073110856
2016/7/5 7:45,11.5880003,5.827000141,7.568999767,3.197999954,3.563999891,2.315000057,31.30400085
2016/7/5 8:00,11.05200005,5.960999966,7.461999893,3.127000093,3.563999891,2.101999998,31.716801646970953
2016/7/5 8:15,11.5880003,5.625999928,7.710999966,3.019999981,3.532999992,2.071000099,29.33499908
2016/7/5 8:30,11.65499973,5.960999966,7.532999992,3.305000067,3.503000021,2.131999969,29.76602096246802
2016/7/5 8:45,10.91800022,4.889999866,7.532999992,2.948999882,3.471999884,2.040999889,29.68600082
2016/7/5 9:00,10.98499966,6.027999878,7.532999992,2.700999975,3.411000013,2.040999889,31.689482882555
2016/7/5 9:15,11.65499973,5.625999928,7.532999992,2.451999903,3.441999912,1.949000001,32.64099884
2016/7/5 9:30,11.11900043,6.027999878,7.81799984,2.772000074,3.563999891,2.101999998,33.15971185205261
2016/7/5 9:45,11.31999969,5.69299984,7.888999939,2.451999903,3.654999971,2.071000099,33.41500092
2016/7/5 10:00,12.79300022,5.960999966,8.56400013,3.447000027,3.838000059,2.163000107,32.92200089
2016/7/5 10:15,12.18999958,5.625999928,8.38599968,2.914000034,3.898999929,1.949000001,33.34590603769412
2016/7/5 10:30,14.13300037,6.027999878,9.131999969,3.163000107,4.203000069,2.071000099,35.008726918362136
2016/7/5 10:45,13.19499969,6.631000042,9.131999969,3.482000113,4.507999897,2.223999977,32.66566344735414
2016/7/5 11:00,13.39599991,6.429999828,8.741999626,3.482000113,4.598999977,2.253999949,31.09300041
2016/7/5 11:15,12.72599983,6.229000092,8.137999535,2.772000074,4.203000069,2.163000107,29.89699936
2016/7/5 11:30,11.85499954,6.09499979,7.676000118,3.019999981,3.898999929,2.071000099,28.27899933
2016/7/5 11:45,10.91800022,5.090000153,7.249000072,2.203000069,3.746000051,2.071000099,26.957935604136374
2016/7/5 12:00,11.25300026,5.425000191,7.676000118,2.736000061,3.594000101,2.00999999,27.18800426206934
2016/7/5 12:15,11.05200005,5.090000153,7.071000099,2.203000069,3.441999912,1.980000019,26.16900063
2016/7/5 12:30,10.85099983,5.357999802,7.143000126,3.019999981,3.441999912,2.040999889,26.226377841619204
2016/7/5 12:45,10.71700001,5.357999802,6.644999981,2.096999884,3.411000013,2.00999999,27.34818155504192
2016/7/5 13:00,9.913000107,4.554999828,6.681000233,2.309999943,3.319999933,1.91900003,28.315266498566864
2016/7/5 13:15,10.04699993,4.622000217,6.71600008,2.061000109,3.229000092,1.91900003,27.29500008
2016/7/5 13:30,10.91800022,4.889999866,6.787000179,2.415999889,3.411000013,2.00999999,26.682974712893834
2016/7/5 13:45,10.04699993,5.357999802,6.822999954,2.415999889,3.411000013,2.040999889,26.870891843415432
2016/7/5 14:00,10.18099976,5.357999802,7.320000172,2.486999989,3.319999933,2.071000099,29.718888035277402
2016/7/5 14:15,10.7840004,4.822999954,7.355999947,2.559000015,3.167999983,1.949000001,28.42000008
2016/7/5 14:30,10.04699993,5.290999889,6.928999901,2.203000069,3.167999983,1.91900003,29.957300759902285
2016/7/5 14:45,10.7840004,5.357999802,7.320000172,2.630000114,3.259000063,1.980000019,32.88363229914254
2016/7/5 15:00,10.85099983,5.223999977,7.249000072,2.415999889,3.319999933,1.949000001,30.60099983
2016/7/5 15:15,10.24800014,5.022999763,6.894000053,2.167999983,3.319999933,1.980000019,31.172142067740452
2016/7/5 15:30,10.44900036,5.425000191,7.0,2.700999975,3.411000013,2.163000107,31.880930565594
2016/7/5 15:45,10.31499958,5.492000103,7.106999874,2.878000021,3.289999962,2.131999969,31.72599983
2016/7/5 16:00,10.04699993,5.022999763,6.894000053,2.736000061,3.167999983,2.253999949,32.00799942
2016/7/5 16:15,10.64999962,5.894000053,7.177999973,2.878000021,3.289999962,2.071000099,31.72599983
2016/7/5 16:30,11.11900043,5.492000103,7.427000046,2.914000034,3.594000101,2.101999998,31.86700058
2016/7/5 16:45,11.45400047,5.559000015,7.568999767,2.806999922,4.051000118,2.101999998,32.85200119
2016/7/5 17:00,11.92199993,5.425000191,7.923999786,2.878000021,4.386000156,2.101999998,35.10679366682897
2016/7/5 17:15,11.92199993,5.357999802,7.81799984,2.948999882,4.081999779,2.040999889,34.835914111683856
2016/7/5 17:30,12.12300014,5.157000065,8.137999535,2.559000015,3.960000038,2.193000078,31.86700058
2016/7/5 17:45,11.65499973,5.223999977,7.81799984,2.664999962,3.960000038,2.101999998,32.21900177
2016/7/5 18:00,11.45400047,4.956999779,7.461999893,2.345000029,3.99000001,2.040999889,32.42033954851588
2016/7/5 18:15,10.91800022,5.022999763,7.106999874,2.486999989,3.928999901,2.071000099,33.64811073503485
2016/7/5 18:30,10.71700001,4.956999779,6.965000153,2.736000061,3.746000051,2.00999999,34.168136813154355
2016/7/5 18:45,10.7840004,4.956999779,7.0,2.415999889,3.77699995,2.040999889,34.21395306347113
2016/7/5 19:00,10.85099983,4.68900013,7.071000099,2.345000029,3.806999922,1.949000001,31.02300072
2016/7/5 19:15,10.91800022,4.756000042,7.071000099,2.273999929,3.838000059,1.949000001,32.2117515924135
2016/7/5 19:30,10.85099983,4.68900013,7.0,2.239000082,3.868000031,1.949000001,31.375
2016/7/5 19:45,11.11900043,4.822999954,7.106999874,2.239000082,4.020999908,2.00999999,31.375
2016/7/5 20:00,11.18599987,4.622000217,7.284999847,2.203000069,3.898999929,1.888000011,32.8522235508535
2016/7/5 20:15,11.25300026,4.756000042,7.284999847,2.167999983,3.928999901,1.980000019,31.817644248967362
2016/7/5 20:30,10.98499966,4.68900013,7.106999874,2.203000069,3.898999929,1.980000019,31.50854738048831
2016/7/5 20:45,10.98499966,4.68900013,6.965000153,2.239000082,3.746000051,2.071000099,31.76790762078056
2016/7/5 21:00,10.64999962,4.68900013,6.894000053,2.167999983,3.806999922,2.00999999,31.72599983
2016/7/5 21:15,10.31499958,4.152999878,6.751999855,1.63499999,3.563999891,2.040999889,30.88199997
2016/7/5 21:30,10.18099976,4.421000004,6.928999901,1.84800005,3.806999922,1.888000011,30.31999969
2016/7/5 21:45,10.64999962,5.223999977,6.965000153,2.273999929,3.471999884,2.131999969,32.23794337760448
2016/7/5 22:00,9.979999542,4.354000092,6.644999981,1.91900003,3.563999891,1.980000019,32.4370709864086
2016/7/5 22:15,11.92199993,5.625999928,8.31499958,3.092000008,3.441999912,1.949000001,32.26647798153285
2016/7/5 22:30,10.7840004,4.756000042,7.568999767,2.451999903,3.381000042,1.91900003,31.40240555507607
2016/7/5 22:45,11.18599987,5.827000141,7.676000118,2.736000061,3.289999962,1.980000019,32.679659727537874
2016/7/5 23:00,11.85499954,5.760000229,7.81799984,2.700999975,3.259000063,1.949000001,32.580907667680464
2016/7/5 23:15,10.91800022,5.625999928,7.747000217,3.019999981,3.229000092,1.949000001,30.944133535469646
2016/7/5 23:30,11.31999969,5.69299984,7.888999939,3.163000107,3.349999905,2.040999889,30.09448654968189
2016/7/5 23:45,11.11900043,6.027999878,8.421999931,3.482000113,3.075999975,1.949000001,31.583272754447346
2016/7/6 0:00,10.38199997,5.090000153,6.467000008,2.842999935,3.015000105,1.827999949,28.91300011
2016/7/6 0:15,11.11900043,5.223999977,8.173000336,3.092000008,2.954999924,1.888000011,30.570247974091913
2016/7/6 0:30,11.85499954,5.827000141,8.741999626,3.127000093,2.924000025,1.91900003,29.950673110899547
2016/7/6 0:45,10.18099976,5.357999802,6.71600008,2.131999969,2.924000025,1.85800004,31.21868293760604
2016/7/6 1:00,10.71700001,5.425000191,7.498000145,2.309999943,2.832999945,1.91900003,30.38999939
2016/7/6 1:15,9.845999718,5.157000065,6.218999863,2.594000101,2.862999916,1.91900003,31.420536473509504
2016/7/6 1:30,9.51099968,5.425000191,6.71600008,2.594000101,2.984999895,1.980000019,31.990166591740138
2016/7/6 1:45,10.44900036,5.625999928,7.676000118,2.594000101,2.924000025,1.949000001,33.66610394681128
2016/7/6 2:00,10.85099983,5.357999802,7.81799984,2.878000021,2.832999945,1.85800004,31.51499939
2016/7/6 2:15,10.11400032,5.357999802,7.071000099,2.594000101,2.832999945,1.827999949,31.967538353773705
2016/7/6 2:30,11.38700008,6.162000179,7.994999886,3.375999928,3.075999975,2.223999977,30.31999969
2016/7/6 2:45,10.38199997,4.68900013,6.538000107,2.167999983,3.259000063,1.91900003,32.090178245696855
2016/7/6 3:00,9.779000282,5.157000065,5.96999979,2.345000029,3.167999983,2.131999969,31.233999250000004
2016/7/6 3:15,9.711999893,4.487999916,6.467000008,2.096999884,3.197999954,2.00999999,30.60099983
2016/7/6 3:30,10.71700001,5.157000065,7.320000172,2.309999943,3.349999905,1.980000019,32.03855183057929
2016/7/6 3:45,9.645000458,4.889999866,6.71600008,2.239000082,2.924000025,1.980000019,32.00799942
2016/7/6 4:00,9.376999855,4.487999916,6.254000187,2.273999929,3.015000105,2.040999889,30.53100014
2016/7/6 4:15,9.109000206,4.622000217,5.862999916,2.167999983,3.349999905,2.101999998,30.31999969
2016/7/6 4:30,10.71700001,5.425000191,7.106999874,2.664999962,3.259000063,2.163000107,30.81200027
2016/7/6 4:45,10.7840004,4.889999866,7.710999966,2.239000082,3.259000063,2.040999889,30.67099953
2016/7/6 5:00,11.38700008,5.559000015,7.853000164,2.842999935,3.259000063,2.345000029,30.562795133162485
2016/7/6 5:15,11.92199993,5.559000015,8.208999634,2.878000021,3.563999891,2.071000099,32.62648589533451
2016/7/6 5:30,12.12300014,5.022999763,8.279999733,2.167999983,3.686000109,2.040999889,29.89699936
2016/7/6 5:45,11.18599987,4.822999954,7.214000225,2.061000109,3.868000031,1.980000019,32.11827379451561
2016/7/6 6:00,11.85499954,4.487999916,8.208999634,2.096999884,3.868000031,1.85800004,30.31999969
2016/7/6 6:15,11.78800011,4.487999916,7.960000038,2.273999929,3.71600008,1.888000011,32.098596620473344
2016/7/6 6:30,11.5880003,5.357999802,7.320000172,2.594000101,3.71600008,1.888000011,30.900022439030135
2016/7/6 6:45,11.92199993,4.822999954,7.994999886,2.736000061,3.532999992,1.85800004,29.82699966
2016/7/6 7:00,12.52499962,6.162000179,9.131999969,3.625,3.532999992,1.888000011,29.61599922
2016/7/6 7:15,12.59200001,5.894000053,9.23900032,2.914000034,3.503000021,1.980000019,29.61599922
2016/7/6 7:30,12.45800018,6.09499979,9.274999619,3.339999914,3.503000021,1.91900003,29.82699966
2016/7/6 7:45,13.59700012,6.631000042,9.737000465,3.696000099,3.471999884,1.949000001,32.438453378199576
2016/7/6 8:00,12.72599983,6.362999916,9.345999718,3.375999928,3.71600008,1.980000019,32.097137875421886
2016/7/6 8:15,11.5880003,5.022999763,7.853000164,2.523000002,3.594000101,1.949000001,30.886731431811906
2016/7/6 8:30,11.38700008,4.889999866,7.960000038,2.842999935,3.471999884,1.980000019,30.88199997
2016/7/6 8:45,11.45400047,5.492000103,7.427000046,2.948999882,3.471999884,1.85800004,31.79700089
2016/7/6 9:00,11.11900043,4.756000042,7.177999973,2.131999969,3.349999905,1.980000019,34.100855506512474
2016/7/6 9:15,10.85099983,4.822999954,7.532999992,2.096999884,3.471999884,1.980000019,32.74750174989994
2016/7/6 9:30,10.98499966,5.357999802,7.960000038,3.197999954,3.471999884,1.888000011,34.18331511272403
2016/7/6 9:45,11.25300026,5.625999928,8.244000435,2.984999895,3.746000051,1.888000011,34.170122412181435
2016/7/6 10:00,11.78800011,4.889999866,8.031000137,2.451999903,3.563999891,1.85800004,31.14321318708469
2016/7/6 10:15,11.98900032,4.956999779,8.706000328,2.486999989,3.77699995,1.888000011,31.415025045760352
2016/7/6 10:30,13.73099995,5.827000141,8.812999725,2.630000114,3.99000001,1.827999949,28.016581292505673
2016/7/6 10:45,13.59700012,5.090000153,8.847999573,2.559000015,4.172999859,1.76699996,29.33499908
2016/7/6 11:00,13.12800026,4.956999779,8.670999527,2.772000074,3.99000001,1.91900003,30.889853781620374
2016/7/6 11:15,11.5880003,5.559000015,8.493000031,3.163000107,3.77699995,1.827999949,31.30400085
2016/7/6 11:30,11.85499954,5.559000015,7.676000118,3.163000107,3.441999912,1.76699996,32.10629472640862
2016/7/6 11:45,10.24800014,4.956999779,7.106999874,2.559000015,3.137000084,1.674999952,30.7883360758627
2016/7/6 12:00,10.58300018,4.756000042,7.0,2.061000109,2.954999924,1.644999981,31.10671337931523
2016/7/6 12:15,10.38199997,5.492000103,7.81799984,2.878000021,2.894000053,1.674999952,31.070003217660776
2016/7/6 12:30,10.51599979,5.357999802,7.782000065,2.772000074,3.046000004,1.735999942,31.83816051331714
2016/7/6 12:45,11.11900043,4.756000042,8.031000137,2.523000002,3.137000084,1.70599997,31.02300072
2016/7/6 13:00,10.31499958,5.290999889,7.498000145,2.345000029,3.046000004,1.70599997,33.32176607440432
2016/7/6 13:15,11.05200005,5.357999802,7.853000164,2.984999895,2.772000074,1.613999963,33.627936500521315
2016/7/6 13:30,10.18099976,4.354000092,7.568999767,2.594000101,2.618999958,1.76699996,32.36000061
2016/7/6 13:45,10.24800014,5.357999802,7.676000118,2.806999922,2.618999958,1.70599997,34.20411112550362
2016/7/6 14:00,9.444000244,5.022999763,6.965000153,2.203000069,2.650000095,1.644999981,34.186123631166225
2016/7/6 14:15,11.18599987,5.357999802,7.888999939,3.305000067,2.650000095,1.674999952,32.71099854
2016/7/6 14:30,10.51599979,5.492000103,7.994999886,2.736000061,2.618999958,1.552999973,32.680810652445274
2016/7/6 14:45,10.51599979,5.223999977,7.532999992,2.700999975,2.680000067,1.583999991,31.15137540396041
2016/7/6 15:00,10.44900036,4.21999979,7.0,2.381000042,2.710999966,1.583999991,29.65016599722015
2016/7/6 15:15,9.779000282,4.21999979,7.143000126,2.309999943,2.680000067,1.523000002,28.06800079
2016/7/6 15:30,9.913000107,4.152999878,6.787000179,1.953999996,2.710999966,1.523000002,29.213026695010974
2016/7/6 15:45,9.578000069,4.085999966,7.035999775,1.99000001,2.680000067,1.552999973,27.36499977
2016/7/6 16:00,9.845999718,4.085999966,7.071000099,1.91900003,2.710999966,1.552999973,27.71699905
2016/7/6 16:15,10.11400032,4.085999966,7.177999973,2.309999943,2.862999916,1.644999981,29.40500069
2016/7/6 16:30,10.64999962,4.889999866,7.568999767,2.594000101,3.411000013,1.644999981,32.56589971312841
2016/7/6 16:45,10.85099983,4.889999866,7.604000092,2.630000114,3.167999983,1.70599997,30.38999939
2016/7/6 17:00,10.98499966,4.756000042,7.639999866,2.630000114,3.289999962,1.644999981,33.194417824114645
2016/7/6 17:15,11.18599987,4.756000042,7.604000092,2.415999889,3.654999971,1.76699996,29.932210022116795
2016/7/6 17:30,11.18599987,4.554999828,7.568999767,2.451999903,3.594000101,1.674999952,29.89699936
2016/7/6 17:45,11.25300026,4.421000004,7.604000092,2.239000082,3.503000021,1.644999981,28.77199936
2016/7/6 18:00,10.71700001,4.287000179,7.320000172,2.096999884,3.319999933,1.644999981,25.68598406390687
2016/7/6 18:15,9.913000107,3.88499999,6.751999855,1.91900003,3.137000084,1.523000002,26.983971317265144
2016/7/6 18:30,8.907999992,3.88499999,6.005000114,1.598999977,2.954999924,1.491999984,28.786208197965863
2016/7/6 18:45,9.243000031,3.549999952,6.147999763,1.491999984,3.046000004,1.523000002,29.33499908
2016/7/6 19:00,9.175999641,3.549999952,6.005000114,1.56400001,3.107000113,1.613999963,29.68600082
2016/7/6 19:15,9.31000042,3.617000103,6.183000088,1.56400001,3.107000113,1.797000051,31.736928990685318
2016/7/6 19:30,9.51099968,3.617000103,6.111999989,1.56400001,3.349999905,1.674999952,30.023957063088336
2016/7/6 19:45,9.779000282,3.88499999,6.254000187,1.56400001,3.381000042,1.70599997,30.10899925
2016/7/6 20:00,9.645000458,4.152999878,6.254000187,1.457000017,3.411000013,1.735999942,30.24900055
2016/7/6 20:15,10.11400032,3.684000015,6.43200016,1.386000037,3.625,2.040999889,30.249000550000005
2016/7/6 20:30,9.845999718,3.750999928,6.324999809,1.77699995,3.594000101,1.797000051,30.74200058
2016/7/6 20:45,9.444000244,3.818000078,5.862999916,1.172999978,3.686000109,1.76699996,31.678037712609243
2016/7/6 21:00,8.505999565,2.880000114,5.436999798,0.745999992,3.532999992,1.827999949,29.628389568389853
2016/7/6 21:15,10.38199997,3.013999939,7.461999893,0.816999972,3.075999975,1.613999963,30.777665630182586
2016/7/6 21:30,10.58300018,3.214999914,7.249000072,1.457000017,2.954999924,1.644999981,29.68600082
2016/7/6 21:45,10.51599979,3.415999889,6.822999954,0.603999972,3.167999983,1.613999963,32.4021894625383
2016/7/6 22:00,10.51599979,3.348999977,7.106999874,1.279000044,3.259000063,1.644999981,30.199839563111215
2016/7/6 22:15,12.45800018,4.822999954,8.883999825,2.559000015,3.046000004,1.644999981,31.234454080838574
2016/7/6 22:30,12.72599983,4.21999979,9.843000412,2.381000042,3.381000042,1.644999981,30.317734137057474
2016/7/6 22:45,13.26200008,5.223999977,9.522999763,2.309999943,3.046000004,1.613999963,28.91300011
2016/7/6 23:00,13.39599991,4.68900013,10.23400021,2.381000042,3.259000063,1.674999952,31.03382227930188
2016/7/6 23:15,13.86499977,5.69299984,10.97999954,3.055999994,3.046000004,1.70599997,28.35000038
2016/7/6 23:30,12.79300022,4.889999866,9.701000214,2.948999882,2.894000053,1.644999981,29.500980035968105
2016/7/6 23:45,13.73099995,4.622000217,10.3760004,2.559000015,2.954999924,1.523000002,29.63727144342254
2016/7/7 0:00,12.59200001,5.157000065,9.204000473,2.309999943,2.772000074,1.613999963,29.682612988017123
2016/7/7 0:15,14.53499985,5.894000053,11.79800034,3.838000059,2.710999966,1.613999963,28.63100052
2016/7/7 0:30,12.85999966,5.022999763,10.09200001,2.984999895,2.497999907,1.462000012,30.880181426300748
2016/7/7 0:45,13.12800026,5.827000141,10.12699986,3.233999968,2.467000008,1.491999984,29.877249918967454
2016/7/7 1:00,14.19999981,6.229000092,11.19400024,3.447000027,2.559000015,1.552999973,30.219784782896056
2016/7/7 1:15,12.92700005,5.357999802,10.3760004,3.375999928,2.528000116,1.523000002,30.21250506201269
2016/7/7 1:30,12.39099979,5.090000153,9.026000023,3.019999981,2.528000116,1.613999963,30.244839568221387
2016/7/7 1:45,13.9989996,6.027999878,11.30000019,3.838000059,2.772000074,1.644999981,29.936792566239692
2016/7/7 2:00,12.59200001,6.229000092,10.9090004,3.696000099,2.528000116,1.523000002,27.71699905
2016/7/7 2:15,12.39099979,5.425000191,9.984999657,3.127000093,2.497999907,1.523000002,28.20899963
2016/7/7 2:30,14.2670002,6.296000004,11.40699959,3.730999947,2.559000015,1.583999991,28.20899963
2016/7/7 2:45,14.19999981,6.429999828,11.08699989,3.411000013,2.832999945,1.674999952,30.569841056514964
2016/7/7 3:00,14.2670002,6.362999916,11.12199974,3.872999907,2.832999945,1.674999952,28.138999940000005
2016/7/7 3:15,12.6590004,5.69299984,10.12699986,3.197999954,2.710999966,1.70599997,30.26615158111434
2016/7/7 3:30,13.32900047,5.559000015,10.8739996,3.197999954,2.650000095,1.613999963,28.77304049371734
2016/7/7 3:45,13.9989996,6.362999916,11.15799999,3.552999973,2.588999987,1.76699996,27.64599991
2016/7/7 4:00,12.59200001,5.090000153,9.204000473,2.772000074,2.680000067,1.827999949,27.36499977
2016/7/7 4:15,13.39599991,6.027999878,9.913999557,2.806999922,2.710999966,1.76699996,28.498425331628503
2016/7/7 4:30,14.46800041,5.69299984,11.01599979,3.233999968,2.772000074,1.797000051,26.94300079
2016/7/7 4:45,14.19999981,6.362999916,11.30000019,3.233999968,3.167999983,1.797000051,27.22400093
2016/7/7 5:00,13.73099995,5.625999928,10.66100025,2.984999895,3.229000092,1.76699996,28.104685486624742
2016/7/7 5:15,15.60599995,6.631000042,12.04599953,3.625,3.229000092,1.980000019,27.45286542444369
2016/7/7 5:30,15.00399971,5.894000053,11.90400028,3.019999981,3.349999905,1.76699996,26.23900032
2016/7/7 5:45,16.27599907,6.56400013,12.72200012,3.696000099,3.137000084,1.613999963,27.29500008
2016/7/7 6:00,15.13700008,5.760000229,11.22900009,2.948999882,3.319999933,1.644999981,26.37999916
2016/7/7 6:15,15.06999969,6.229000092,12.01099968,3.375999928,3.289999962,1.644999981,25.04400063
2016/7/7 6:30,15.06999969,6.09499979,11.19400024,3.339999914,3.349999905,1.674999952,26.841967989506703
2016/7/7 6:45,14.06599998,5.223999977,10.6960001,3.163000107,3.289999962,1.735999942,25.5359993
2016/7/7 7:00,14.2670002,5.960999966,10.80300045,3.197999954,3.381000042,1.797000051,25.39500046
2016/7/7 7:15,13.9989996,6.362999916,10.8380003,3.305000067,3.411000013,1.797000051,25.74699974
2016/7/7 7:30,13.4630003,6.09499979,10.19900036,2.948999882,3.259000063,1.674999952,26.5909996
2016/7/7 7:45,12.85999966,5.223999977,9.23900032,2.736000061,3.381000042,1.76699996,27.64599991
2016/7/7 8:00,12.52499962,5.090000153,9.31000042,3.055999994,3.075999975,1.797000051,27.9279995
2016/7/7 8:15,12.59200001,5.827000141,9.559000015,3.269000053,3.259000063,1.85800004,30.023657644654712
2016/7/7 8:30,12.45800018,6.09499979,9.772000313,3.625,3.229000092,1.827999949,30.380861050129596
2016/7/7 8:45,12.6590004,4.889999866,8.812999725,2.630000114,3.107000113,1.85800004,28.27899933
2016/7/7 9:00,12.32400036,5.559000015,8.670999527,2.842999935,3.015000105,1.674999952,28.9829998
2016/7/7 9:15,12.18999958,4.68900013,9.06099987,2.630000114,3.441999912,1.888000011,28.91300011
2016/7/7 9:30,13.06099987,5.090000153,9.487999916,2.772000074,3.197999954,1.70599997,29.0529995
2016/7/7 9:45,12.72599983,5.022999763,9.593999863,2.772000074,3.381000042,1.797000051,30.455643605163626
2016/7/7 10:00,13.26200008,6.09499979,9.807999611,2.842999935,3.441999912,1.76699996,30.731097844602285
2016/7/7 10:15,14.53499985,6.09499979,10.23400021,3.411000013,3.71600008,1.797000051,30.17900085
2016/7/7 10:30,12.99400043,4.822999954,8.493000031,2.415999889,4.172999859,1.76699996,31.01859164337744
2016/7/7 10:45,12.79300022,5.223999977,8.208999634,2.061000109,4.020999908,1.76699996,32.75990491543869
2016/7/7 11:00,12.32400036,4.956999779,8.244000435,2.559000015,3.99000001,1.735999942,33.06282814296547
2016/7/7 11:15,11.5880003,4.822999954,8.208999634,2.273999929,3.838000059,1.70599997,32.24375766644816
2016/7/7 11:30,10.98499966,4.68900013,7.214000225,1.598999977,3.686000109,1.735999942,31.51499939
2016/7/7 11:45,10.51599979,3.750999928,6.751999855,1.350000024,3.259000063,1.644999981,32.07799911
2016/7/7 12:00,9.645000458,3.617000103,6.787000179,1.598999977,3.046000004,1.523000002,32.64099884
2016/7/7 12:15,10.91800022,4.68900013,7.355999947,1.84800005,2.924000025,1.552999973,32.7820015
2016/7/7 12:30,10.71700001,4.487999916,7.249000072,1.812000036,3.015000105,1.583999991,34.40000153
2016/7/7 12:45,9.779000282,4.287000179,6.787000179,1.77699995,2.740999937,1.552999973,35.10300064
2016/7/7 13:00,10.51599979,4.554999828,7.390999794,2.131999969,2.802000046,1.552999973,35.38499832
2016/7/7 13:15,10.38199997,4.487999916,6.965000153,2.025000095,2.802000046,1.523000002,37.12509351639248
2016/7/7 13:30,10.51599979,4.622000217,7.177999973,2.096999884,2.740999937,1.613999963,35.9469986
2016/7/7 13:45,10.64999962,4.019000053,7.249000072,1.99000001,2.618999958,1.523000002,37.00299835
2016/7/7 14:00,9.376999855,3.818000078,6.573999882,1.56400001,2.650000095,1.552999973,38.886763367602676
2016/7/7 14:15,9.845999718,3.750999928,7.532999992,2.167999983,3.046000004,1.674999952,37.91699982
2016/7/7 14:30,10.71700001,4.487999916,8.031000137,2.239000082,2.588999987,1.491999984,39.78951823103634
2016/7/7 14:45,9.109000206,4.287000179,6.751999855,1.421000004,2.559000015,1.613999963,38.97200011999999
2016/7/7 15:00,9.109000206,3.684000015,6.610000134,1.598999977,2.588999987,2.131999969,38.47999954000001
2016/7/7 15:15,9.845999718,3.88499999,6.894000053,1.421000004,2.618999958,1.523000002,38.05799866
2016/7/7 15:30,9.041999817,3.348999977,6.573999882,1.63499999,2.528000116,1.523000002,39.53094211564135
2016/7/7 15:45,9.243000031,3.415999889,6.681000233,1.457000017,2.618999958,1.491999984,39.11299896
2016/7/7 16:00,9.243000031,3.415999889,6.538000107,1.70599997,2.984999895,1.552999973,36.79100037
2016/7/7 16:15,9.51099968,4.019000053,6.928999901,2.167999983,2.832999945,1.613999963,38.241623251590966
2016/7/7 16:30,9.845999718,4.019000053,6.857999802,2.167999983,3.015000105,1.674999952,37.30352406677189
2016/7/7 16:45,10.18099976,4.085999966,7.106999874,2.239000082,3.107000113,1.674999952,34.47000122
2016/7/7 17:00,10.44900036,4.21999979,7.320000172,2.096999884,3.229000092,1.523000002,35.2623624319848
2016/7/7 17:15,10.91800022,4.085999966,7.532999992,2.096999884,3.411000013,1.76699996,34.11800003
2016/7/7 17:30,10.98499966,4.756000042,7.568999767,2.239000082,3.381000042,1.613999963,34.08214689691962
2016/7/7 17:45,11.31999969,4.354000092,7.639999866,2.203000069,3.563999891,1.644999981,33.76699828999999
2016/7/7 18:00,11.05200005,4.287000179,7.604000092,1.99000001,3.471999884,1.674999952,35.344217241152315
2016/7/7 18:15,10.58300018,4.085999966,7.214000225,2.025000095,3.411000013,1.70599997,34.57095960465338
2016/7/7 18:30,10.11400032,3.951999903,6.857999802,1.953999996,3.137000084,1.552999973,33.41500092
2016/7/7 18:45,10.11400032,4.085999966,6.894000053,1.99000001,3.229000092,1.613999963,35.44943451370221
2016/7/7 19:00,10.11400032,4.085999966,6.857999802,1.953999996,3.259000063,1.644999981,34.513250248468644
2016/7/7 19:15,10.24800014,4.085999966,6.894000053,1.953999996,3.319999933,1.644999981,32.99300003
2016/7/7 19:30,10.04699993,3.88499999,6.751999855,1.741000056,3.349999905,1.674999952,34.98590051921422
2016/7/7 19:45,10.44900036,4.019000053,6.894000053,2.061000109,3.503000021,1.644999981,33.59509105981718
2016/7/7 20:00,11.11900043,4.152999878,7.427000046,1.91900003,3.746000051,1.674999952,33.44809909079415
2016/7/7 20:15,11.05200005,3.88499999,7.249000072,1.77699995,3.746000051,1.613999963,34.2549375905731
2016/7/7 20:30,11.05200005,3.88499999,7.390999794,1.883000016,3.71600008,1.552999973,34.30053480644351
2016/7/7 20:45,10.91800022,3.750999928,7.355999947,1.741000056,3.625,1.613999963,33.55599976
2016/7/7 21:00,10.44900036,3.282000065,7.106999874,1.279000044,3.594000101,1.70599997,33.62599945
2016/7/7 21:15,10.44900036,4.019000053,6.928999901,1.63499999,3.563999891,1.644999981,34.007713692860655
2016/7/7 21:30,9.979999542,3.348999977,6.787000179,1.350000024,3.381000042,1.644999981,32.85200119
2016/7/7 21:45,9.779000282,3.750999928,6.538000107,1.421000004,3.229000092,1.674999952,32.7820015
2016/7/7 22:00,10.51599979,3.88499999,7.355999947,1.598999977,3.167999983,1.674999952,32.64099884
2016/7/7 22:15,10.51599979,3.617000103,7.284999847,2.025000095,3.167999983,1.70599997,34.526192399067895
2016/7/7 22:30,11.31999969,4.085999966,7.888999939,1.669999957,3.349999905,1.70599997,34.20698343564297
2016/7/7 22:45,11.18599987,4.68900013,8.065999985,1.70599997,3.441999912,1.76699996,33.118589634567535
2016/7/7 23:00,11.85499954,5.357999802,8.883999825,3.197999954,3.075999975,1.552999973,33.12934102046579
2016/7/7 23:15,12.6590004,5.357999802,9.31000042,2.664999962,2.984999895,1.523000002,31.51499939
2016/7/7 23:30,11.52099991,5.157000065,8.279999733,2.451999903,3.075999975,1.583999991,32.74948219939835
2016/7/7 23:45,12.59200001,5.090000153,9.416999817,3.055999994,2.772000074,1.583999991,30.67099953
2016/7/8 0:00,11.85499954,4.756000042,8.883999825,2.984999895,2.954999924,1.523000002,33.4119273471564
2016/7/8 0:15,10.85099983,4.622000217,8.38599968,2.486999989,2.984999895,1.523000002,30.60099983
2016/7/8 0:30,11.65499973,4.554999828,8.493000031,2.451999903,2.559000015,1.552999973,33.42291756904699
2016/7/8 0:45,11.31999969,4.554999828,8.741999626,2.594000101,2.588999987,1.309999943,30.74200058
2016/7/8 1:00,10.38199997,4.756000042,7.994999886,2.630000114,2.497999907,1.340000033,32.177640821173675
2016/7/8 1:15,10.18099976,4.287000179,7.782000065,2.772000074,2.467000008,1.340000033,31.053374021223988
2016/7/8 1:30,11.31999969,5.223999977,9.168000221,3.092000008,2.375999928,1.340000033,30.75622762430279
2016/7/8 1:45,11.85499954,4.622000217,9.131999969,2.984999895,2.345000029,1.340000033,29.861634730720862
2016/7/8 2:00,11.18599987,5.223999977,8.706000328,2.594000101,2.375999928,1.401000023,29.33499908
2016/7/8 2:15,10.04699993,5.022999763,7.782000065,2.309999943,2.345000029,1.401000023,29.82699966
2016/7/8 2:30,11.72099972,5.290999889,9.06099987,3.233999968,2.375999928,1.401000023,30.7845498151056
2016/7/8 2:45,9.845999718,4.554999828,7.143000126,2.772000074,2.405999899,1.401000023,29.0529995
2016/7/8 3:00,10.24800014,4.554999828,7.747000217,2.736000061,2.437000036,1.491999984,28.771999360000002
2016/7/8 3:15,11.65499973,5.425000191,8.56400013,2.948999882,2.467000008,1.523000002,28.783807531031638
2016/7/8 3:30,11.18599987,4.554999828,8.635000229,2.914000034,2.559000015,1.552999973,30.53408604638075
2016/7/8 3:45,9.578000069,4.756000042,7.390999794,2.736000061,2.375999928,1.491999984,31.284144412009816
2016/7/8 4:00,10.91800022,4.085999966,8.244000435,2.594000101,2.315000057,1.462000012,31.182610597183576
2016/7/8 4:15,11.52099991,5.223999977,8.883999825,2.772000074,2.772000074,1.523000002,30.2428762946326
2016/7/8 4:30,11.5880003,5.223999977,8.31499958,2.309999943,2.528000116,1.76699996,29.12400055
2016/7/8 4:45,10.31499958,4.019000053,7.355999947,2.239000082,2.680000067,1.523000002,29.54599953
2016/7/8 5:00,12.6590004,5.223999977,9.416999817,2.700999975,2.894000053,1.613999963,31.238484770380527
2016/7/8 5:15,11.98900032,3.951999903,8.635000229,2.096999884,3.594000101,1.674999952,29.61599922
2016/7/8 5:30,11.18599987,4.421000004,7.81799984,1.84800005,3.654999971,1.613999963,28.77199936
2016/7/8 5:45,13.06099987,4.354000092,9.026000023,2.273999929,3.441999912,1.644999981,28.91300011
2016/7/8 6:00,13.59700012,5.425000191,9.737000465,2.984999895,3.471999884,1.644999981,29.40500069
2016/7/8 6:15,12.45800018,5.157000065,8.706000328,2.239000082,3.381000042,1.644999981,29.12400055
2016/7/8 6:30,11.98900032,4.822999954,8.244000435,2.559000015,3.319999933,1.644999981,29.12400055
2016/7/8 6:45,13.12800026,5.827000141,9.274999619,2.772000074,3.259000063,1.735999942,28.9829998
2016/7/8 7:00,10.38199997,4.085999966,7.214000225,2.025000095,3.289999962,1.644999981,28.91300011
2016/7/8 7:15,9.645000458,4.085999966,6.395999908,1.63499999,3.229000092,1.735999942,29.47500038
2016/7/8 7:30,10.64999962,4.68900013,6.71600008,2.167999983,3.259000063,1.735999942,29.12400055
2016/7/8 7:45,9.913000107,3.951999903,6.681000233,1.63499999,3.319999933,1.76699996,29.96800041
2016/7/8 8:00,9.979999542,4.554999828,6.71600008,2.273999929,3.289999962,1.797000051,32.191730291133126
2016/7/8 8:15,9.711999893,4.68900013,6.751999855,1.883000016,3.137000084,1.76699996,30.53100014
2016/7/8 8:30,9.51099968,4.622000217,7.249000072,2.025000095,3.137000084,1.70599997,31.708756779892934
2016/7/8 8:45,9.645000458,4.354000092,6.965000153,2.239000082,3.015000105,1.644999981,30.67099953
2016/7/8 9:00,9.645000458,4.019000053,6.894000053,2.594000101,3.015000105,1.644999981,31.67875389264838
2016/7/8 9:15,10.64999962,4.019000053,7.427000046,2.239000082,2.984999895,1.644999981,30.53100014
2016/7/8 9:30,10.98499966,4.622000217,7.390999794,2.664999962,3.137000084,1.70599997,30.45999908
2016/7/8 9:45,10.38199997,4.152999878,7.249000072,1.77699995,3.319999933,1.76699996,31.123299200338362
2016/7/8 10:00,11.72099972,4.756000042,7.994999886,2.167999983,3.381000042,1.735999942,31.776533062357284
2016/7/8 10:15,11.92199993,4.085999966,7.888999939,2.025000095,3.563999891,1.674999952,31.803717487599016
2016/7/8 10:30,13.19499969,5.223999977,8.56400013,2.772000074,4.203000069,1.735999942,31.09300041
2016/7/8 10:45,12.18999958,5.090000153,8.421999931,1.91900003,3.99000001,1.674999952,30.17900085
2016/7/8 11:00,11.78800011,4.21999979,8.031000137,2.131999969,3.928999901,1.827999949,31.813720764281882
2016/7/8 11:15,12.25699997,4.152999878,8.102000237,2.273999929,3.838000059,1.70599997,33.54813215524781
2016/7/8 11:30,10.7840004,4.354000092,7.532999992,1.883000016,3.563999891,1.644999981,30.74200058
2016/7/8 11:45,10.85099983,4.354000092,6.928999901,1.56400001,3.259000063,1.674999952,31.65600014
2016/7/8 12:00,10.44900036,4.085999966,7.355999947,1.812000036,3.167999983,1.674999952,30.81015087342208
2016/7/8 12:15,10.31499958,3.617000103,6.502999783,1.84800005,3.075999975,1.613999963,33.29093362529768
2016/7/8 12:30,9.444000244,3.951999903,6.822999954,1.491999984,3.075999975,1.85800004,31.302321347473104
2016/7/8 12:45,10.31499958,3.415999889,6.751999855,1.315000057,3.107000113,1.674999952,33.35657747310822
2016/7/8 13:00,10.18099976,3.415999889,6.857999802,1.741000056,3.046000004,1.613999963,32.406519014407465
2016/7/8 13:15,9.444000244,4.354000092,6.467000008,1.598999977,2.984999895,1.583999991,32.86044671538295
2016/7/8 13:30,12.32400036,5.290999889,6.894000053,2.167999983,5.573999882,2.163000107,33.798298615107505
2016/7/8 13:45,13.06099987,5.157000065,7.249000072,1.953999996,5.544000149,2.437000036,32.28900146
2016/7/8 14:00,12.92700005,5.022999763,6.751999855,1.527999997,5.696000099,2.223999977,32.71099854
2016/7/8 14:15,10.64999962,4.487999916,7.284999847,2.131999969,3.137000084,1.735999942,33.13299942
2016/7/8 14:30,9.711999893,3.818000078,7.0,1.812000036,3.107000113,1.674999952,33.9070015
2016/7/8 14:45,9.645000458,3.88499999,6.751999855,1.598999977,3.319999933,1.674999952,35.788902710644514
2016/7/8 15:00,10.18099976,4.21999979,6.573999882,1.741000056,3.015000105,1.644999981,34.75099945
2016/7/8 15:15,10.31499958,3.818000078,6.787000179,1.63499999,3.229000092,1.70599997,36.473534498994944
2016/7/8 15:30,9.51099968,3.750999928,6.395999908,1.56400001,3.046000004,1.76699996,34.89199829
2016/7/8 15:45,9.845999718,3.617000103,6.502999783,1.243999958,3.259000063,2.040999889,34.61100006
2016/7/8 16:00,9.444000244,3.549999952,6.610000134,1.279000044,2.924000025,1.613999963,34.40000153
2016/7/8 16:15,9.913000107,3.617000103,6.502999783,1.457000017,3.075999975,1.674999952,38.14019729599001
2016/7/8 16:30,9.779000282,3.951999903,6.787000179,1.883000016,3.046000004,1.523000002,34.75099945
2016/7/8 16:45,10.11400032,4.019000053,7.0,1.883000016,3.411000013,1.735999942,33.62599945
2016/7/8 17:00,10.31499958,4.085999966,7.177999973,2.096999884,3.229000092,1.644999981,35.50419244836728
2016/7/8 17:15,10.71700001,3.951999903,7.106999874,1.91900003,3.503000021,1.674999952,33.48500061
2016/7/8 17:30,11.05200005,4.019000053,7.427000046,1.99000001,3.594000101,1.674999952,33.34400177
2016/7/8 17:45,10.91800022,3.951999903,7.355999947,1.598999977,3.532999992,1.70599997,33.88109292292705
2016/7/8 18:00,10.71700001,3.88499999,7.106999874,1.741000056,3.563999891,1.674999952,34.60124900285563
2016/7/8 18:15,10.38199997,3.684000015,6.324999809,1.56400001,3.563999891,1.70599997,35.58110038781557
2016/7/8 18:30,10.18099976,3.684000015,6.610000134,1.421000004,3.532999992,1.674999952,35.79351600137501
2016/7/8 18:45,10.11400032,3.617000103,6.610000134,1.457000017,3.532999992,1.735999942,34.04800034
2016/7/8 19:00,10.18099976,3.617000103,6.467000008,1.421000004,3.594000101,1.674999952,34.166534865992695
2016/7/8 19:15,10.04699993,3.818000078,6.644999981,1.741000056,3.441999912,1.613999963,33.8370018
2016/7/8 19:30,10.18099976,3.684000015,6.894000053,1.56400001,3.471999884,1.613999963,33.27399826
2016/7/8 19:45,11.5880003,4.487999916,7.143000126,1.63499999,4.447000027,1.827999949,32.14899826
2016/7/8 20:00,11.85499954,4.085999966,7.639999866,1.56400001,4.263999939,1.85800004,34.741217442693824
2016/7/8 20:15,12.39099979,4.152999878,7.960000038,1.669999957,4.386000156,1.888000011,33.27399826
2016/7/8 20:30,12.45800018,4.085999966,8.137999535,1.812000036,4.568999767,1.91900003,32.5
2016/7/8 20:45,12.59200001,4.152999878,8.137999535,1.63499999,4.355999947,1.888000011,31.86700058
2016/7/8 21:00,12.72599983,4.354000092,8.244000435,2.131999969,4.295000076,1.76699996,32.14899826
2016/7/8 21:15,13.93200016,6.362999916,10.05599976,4.014999866,3.838000059,1.613999963,33.93425327161127
2016/7/8 21:30,13.73099995,6.899000168,10.19900036,3.625,4.051000118,1.613999963,33.83932133386568
2016/7/8 21:45,14.40100002,5.492000103,9.984999657,2.559000015,3.928999901,1.827999949,32.25354738781631
2016/7/8 22:00,14.06599998,5.357999802,9.666000366,2.239000082,3.77699995,1.70599997,32.93373985161355
2016/7/8 22:15,15.13700008,5.894000053,11.01599979,3.233999968,3.71600008,1.644999981,31.23399925
2016/7/8 22:30,16.20899963,6.497000217,12.26000023,3.980000019,3.563999891,1.76699996,32.75458078694282
2016/7/8 22:45,16.20899963,7.099999905,12.57900047,4.014999866,3.77699995,1.70599997,31.30400085
2016/7/8 23:00,18.15200043,8.840999603,12.40200043,4.19299984,5.81799984,3.046000004,31.892202936096755
2016/7/8 23:15,14.53499985,6.56400013,11.08699989,3.552999973,3.532999992,1.76699996,30.67099953
2016/7/8 23:30,14.86999989,5.760000229,11.90400028,3.872999907,3.411000013,1.76699996,31.09300041
2016/7/8 23:45,14.46800041,5.69299984,11.08699989,3.197999954,3.563999891,1.70599997,30.53100014
2016/7/9 0:00,14.60200024,5.960999966,11.30000019,3.339999914,3.259000063,1.76699996,33.572879453409975
2016/7/9 0:15,13.59700012,6.09499979,10.5539999,3.482000113,3.167999983,1.613999963,32.58898064235697
2016/7/9 0:30,15.06999969,6.429999828,11.44200039,3.90899992,3.137000084,1.70599997,30.81200027
2016/7/9 0:45,14.19999981,6.296000004,10.8380003,3.625,3.107000113,1.735999942,30.31999969
2016/7/9 1:00,14.53499985,6.162000179,11.69099998,3.90899992,3.046000004,1.644999981,30.31999969
2016/7/9 1:15,14.53499985,6.56400013,11.69099998,3.90899992,3.046000004,1.644999981,31.96549415938694
2016/7/9 1:30,14.06599998,6.56400013,11.40699959,4.300000191,2.894000053,1.613999963,30.03800011
2016/7/9 1:45,14.40100002,5.69299984,11.37100029,3.872999907,2.772000074,1.76699996,31.11594627930527
2016/7/9 2:00,14.40100002,6.296000004,11.72700024,3.944000006,2.802000046,1.613999963,29.0869364723394
2016/7/9 2:15,14.46800041,6.296000004,11.01599979,3.944000006,2.710999966,1.523000002,29.33499908
2016/7/9 2:30,11.18599987,4.889999866,8.456999779,2.806999922,2.740999937,1.644999981,28.84199905
2016/7/9 2:45,12.52499962,5.960999966,9.87899971,3.197999954,2.924000025,1.735999942,28.91300011
2016/7/9 3:00,13.9989996,6.497000217,10.94499969,3.197999954,2.710999966,1.674999952,28.70199966
2016/7/9 3:15,13.39599991,5.894000053,10.4829998,3.305000067,2.710999966,1.674999952,29.40883065246406
2016/7/9 3:30,13.73099995,5.894000053,10.51799965,3.163000107,2.954999924,1.613999963,28.77199936
2016/7/9 3:45,13.19499969,6.09499979,10.3409996,3.802000046,2.680000067,1.674999952,28.91300011
2016/7/9 4:00,14.06599998,6.296000004,11.30000019,3.482000113,2.832999945,2.00999999,28.77199936
2016/7/9 4:15,14.06599998,6.429999828,11.22900009,3.482000113,2.954999924,1.827999949,30.41883089140444
2016/7/9 4:30,14.19999981,6.497000217,11.15799999,3.944000006,2.924000025,1.827999949,28.77199936
2016/7/9 4:45,12.12300014,5.290999889,9.131999969,2.523000002,3.319999933,1.735999942,28.77199936
2016/7/9 5:00,14.2670002,5.425000191,10.8380003,3.019999981,3.319999933,1.76699996,30.187476658118065
2016/7/9 5:15,15.47200012,5.69299984,11.51299953,3.482000113,3.441999912,1.583999991,30.380813472526935
2016/7/9 5:30,15.53899956,5.894000053,11.93999958,3.838000059,3.259000063,1.552999973,28.56100082
2016/7/9 5:45,14.80300045,5.760000229,11.76200008,3.375999928,3.381000042,1.70599997,28.278999330000005
2016/7/9 6:00,14.60200024,5.69299984,10.8739996,3.055999994,3.289999962,1.735999942,28.869033442450036
2016/7/9 6:15,13.19499969,4.68900013,9.522999763,2.167999983,3.411000013,1.735999942,31.018676942546932
2016/7/9 6:30,11.38700008,3.617000103,8.031000137,1.491999984,3.197999954,1.735999942,29.387135866679788
2016/7/9 6:45,11.18599987,3.282000065,7.853000164,1.136999965,2.618999958,1.248999953,30.142140080730105
2016/7/9 7:00,9.109000206,2.611999989,6.395999908,1.065999985,2.740999937,1.523000002,29.54794426791836
2016/7/9 7:15,10.85099983,3.415999889,7.249000072,1.350000024,3.046000004,1.644999981,27.85700035
2016/7/9 7:30,9.645000458,2.678999901,6.43200016,0.425999999,2.924000025,1.523000002,28.91300011
2016/7/9 7:45,11.05200005,3.549999952,7.461999893,1.031000018,2.954999924,1.674999952,29.29817308612386
2016/7/9 8:00,11.45400047,3.415999889,8.279999733,1.101999998,3.137000084,1.76699996,28.77199936
2016/7/9 8:15,9.913000107,3.951999903,7.071000099,1.741000056,3.075999975,1.735999942,31.077540929431294
2016/7/9 8:30,10.44900036,4.354000092,7.071000099,2.486999989,3.046000004,1.827999949,28.9829998
2016/7/9 8:45,9.845999718,4.287000179,6.254000187,1.669999957,3.075999975,1.827999949,29.40500069
2016/7/9 9:00,9.779000282,3.549999952,6.005000114,1.70599997,3.289999962,1.644999981,29.96800041
2016/7/9 9:15,9.645000458,3.88499999,5.934000015,1.457000017,3.107000113,1.76699996,31.4391313635092
2016/7/9 9:30,10.11400032,4.21999979,6.289999962,1.99000001,3.229000092,1.76699996,29.61599922
2016/7/9 9:45,9.979999542,3.951999903,6.395999908,1.207999945,3.563999891,1.85800004,29.82699966
2016/7/9 10:00,10.85099983,4.21999979,6.573999882,1.243999958,3.471999884,1.797000051,31.58088474545649
2016/7/9 10:15,10.64999962,3.951999903,6.681000233,1.669999957,3.686000109,1.827999949,30.60099983
2016/7/9 10:30,11.18599987,4.152999878,7.249000072,1.350000024,4.234000206,1.980000019,33.41396177119241
2016/7/9 10:45,10.58300018,4.085999966,6.787000179,1.172999978,3.898999929,1.76699996,31.077061974715022
2016/7/9 11:00,10.51599979,3.48300004,6.610000134,1.350000024,3.868000031,1.735999942,30.31999969
2016/7/9 11:15,10.51599979,4.019000053,7.249000072,1.421000004,3.71600008,1.644999981,32.41684046485361
2016/7/9 11:30,10.04699993,4.019000053,6.183000088,1.136999965,3.381000042,1.70599997,30.80843459904842
2016/7/9 11:45,9.645000458,3.282000065,5.791999817,0.958999991,3.289999962,1.76699996,31.02300072
2016/7/9 12:00,9.779000282,3.617000103,5.899000168,0.852999985,3.229000092,1.70599997,31.44499969
2016/7/9 12:15,9.645000458,3.214999914,6.395999908,1.279000044,3.259000063,1.674999952,32.632386039800565
2016/7/9 12:30,9.376999855,3.750999928,6.502999783,1.421000004,3.046000004,1.644999981,32.23941519648791
2016/7/9 12:45,10.11400032,2.947000027,6.43200016,1.101999998,3.167999983,1.644999981,31.02300072
2016/7/9 13:00,10.24800014,3.750999928,6.610000134,1.243999958,3.046000004,1.552999973,33.327530121975066
2016/7/9 13:15,10.18099976,3.415999889,6.573999882,1.207999945,3.015000105,1.583999991,31.375
2016/7/9 13:30,10.58300018,4.21999979,6.822999954,1.457000017,3.259000063,1.613999963,31.23399925
2016/7/9 13:45,10.38199997,3.148000002,7.214000225,1.56400001,3.107000113,1.552999973,33.81634747653136
2016/7/9 14:00,9.645000458,4.019000053,6.822999954,1.56400001,3.046000004,1.552999973,31.65600014
2016/7/9 14:15,10.31499958,4.019000053,6.787000179,1.243999958,3.015000105,1.583999991,32.27729189678125
2016/7/9 14:30,10.24800014,3.88499999,6.857999802,1.491999984,3.015000105,1.674999952,33.40644848519255
2016/7/9 14:45,9.51099968,3.08100009,6.538000107,1.101999998,2.954999924,1.552999973,31.93799973
2016/7/9 15:00,9.578000069,3.818000078,6.361000061,1.491999984,3.075999975,1.613999963,33.62982811518781
2016/7/9 15:15,9.913000107,3.148000002,6.43200016,1.065999985,3.289999962,1.552999973,33.44718186103177
2016/7/9 15:30,12.32400036,3.617000103,6.502999783,1.172999978,5.482999802,1.949000001,32.85200119
2016/7/9 15:45,11.98900032,3.88499999,6.395999908,1.421000004,5.513000011,2.131999969,33.37997746648683
2016/7/9 16:00,11.98900032,4.152999878,6.43200016,1.527999997,5.604000092,2.193000078,32.85200119
2016/7/9 16:15,12.12300014,4.287000179,6.467000008,1.421000004,5.664999962,2.131999969,34.04800034
2016/7/9 16:30,12.72599983,4.487999916,6.857999802,1.386000037,6.243999958,2.467000008,32.5
2016/7/9 16:45,12.79300022,4.554999828,6.681000233,1.243999958,6.0,2.375999928,32.5
2016/7/9 17:00,10.7840004,3.818000078,6.644999981,1.207999945,3.868000031,1.888000011,32.07799911
2016/7/9 17:15,10.7840004,3.818000078,6.71600008,1.207999945,3.960000038,1.85800004,31.375
2016/7/9 17:30,10.51599979,3.549999952,6.644999981,1.421000004,3.868000031,1.735999942,31.73325063715566
2016/7/9 17:45,10.64999962,3.48300004,6.822999954,1.172999978,3.746000051,1.70599997,32.48743719718899
2016/7/9 18:00,10.11400032,3.415999889,6.254000187,1.207999945,3.686000109,2.040999889,34.450631098216974
2016/7/9 18:15,10.11400032,3.617000103,6.361000061,1.386000037,3.686000109,1.797000051,32.382552945246324
2016/7/9 18:30,9.779000282,3.617000103,6.218999863,1.315000057,3.471999884,1.70599997,32.35386857765146
2016/7/9 18:45,9.31000042,3.282000065,5.96999979,1.279000044,3.411000013,1.70599997,31.23399925
2016/7/9 19:00,9.444000244,3.148000002,5.96999979,1.101999998,3.411000013,1.644999981,33.037842240886974
2016/7/9 19:15,9.779000282,3.282000065,6.289999962,1.457000017,3.471999884,1.674999952,31.44499969
2016/7/9 19:30,10.31499958,3.348999977,6.610000134,1.63499999,3.746000051,1.674999952,31.02300072
2016/7/9 19:45,10.91800022,3.549999952,7.035999775,1.207999945,3.838000059,1.644999981,31.939010076207698
2016/7/9 20:00,11.31999969,3.48300004,7.427000046,1.812000036,4.051000118,1.674999952,30.88199997
2016/7/9 20:15,12.18999958,3.750999928,7.994999886,1.527999997,4.234000206,1.491999984,31.30400085
2016/7/9 20:30,12.12300014,3.684000015,8.031000137,1.56400001,4.111999989,1.613999963,31.375
2016/7/9 20:45,12.12300014,3.549999952,8.137999535,1.63499999,3.99000001,1.552999973,30.53100014
2016/7/9 21:00,13.52999973,4.756000042,9.522999763,2.700999975,3.898999929,1.462000012,30.88199997
2016/7/9 21:15,13.32900047,5.760000229,9.345999718,3.233999968,4.111999989,1.735999942,30.81200027
2016/7/9 21:30,13.73099995,6.09499979,9.843000412,3.980000019,3.71600008,1.552999973,30.24900055
2016/7/9 21:45,13.52999973,6.09499979,9.416999817,3.696000099,3.654999971,1.552999973,29.96800041
2016/7/9 22:00,12.45800018,5.827000141,8.918999672,3.552999973,3.503000021,1.583999991,29.96800041
2016/7/9 22:15,12.99400043,4.152999878,8.847999573,2.025000095,3.319999933,1.552999973,29.82699966
2016/7/9 22:30,12.18999958,5.090000153,9.026000023,2.486999989,3.411000013,1.70599997,31.14669217078711
2016/7/9 22:45,12.92700005,4.756000042,9.416999817,2.559000015,3.563999891,1.613999963,29.96800041
2016/7/9 23:00,13.32900047,5.357999802,9.593999863,2.451999903,3.289999962,1.552999973,29.96800041
2016/7/9 23:15,13.93200016,5.69299984,10.7670002,3.127000093,3.259000063,1.552999973,32.22540731941397
2016/7/9 23:30,16.00799942,5.760000229,10.5539999,3.233999968,5.482999802,1.980000019,31.68426480379703
2016/7/9 23:45,15.13700008,5.69299984,10.16300011,3.339999914,5.452000141,2.375999928,30.310526004091354
2016/7/10 0:00,15.27099991,6.229000092,9.737000465,2.736000061,5.482999802,2.00999999,29.47500038
2016/7/10 0:15,14.80300045,6.429999828,10.12699986,2.984999895,5.361000061,1.980000019,29.89699936
2016/7/10 0:30,15.53899956,6.229000092,10.12699986,2.842999935,5.361000061,2.193000078,31.25395685734629
2016/7/10 0:45,13.9989996,5.425000191,8.918999672,2.594000101,5.238999844,1.980000019,29.82699966
2016/7/10 1:00,15.53899956,6.09499979,10.51799965,3.163000107,5.208000183,2.040999889,29.33499908
2016/7/10 1:15,15.47200012,6.429999828,10.3409996,3.163000107,5.117000103,1.980000019,29.40500069
2016/7/10 1:30,15.06999969,6.027999878,9.593999863,2.700999975,5.086999893,2.071000099,29.47500038
2016/7/10 1:45,13.59700012,5.290999889,8.989999771,2.486999989,5.056000233,1.91900003,31.902087511569547
2016/7/10 2:00,15.13700008,6.362999916,9.630000114,3.233999968,4.934000015,1.91900003,29.82699966
2016/7/10 2:15,14.46800041,6.296000004,9.31000042,2.736000061,4.934000015,1.980000019,29.82699966
2016/7/10 2:30,12.92700005,5.223999977,7.888999939,2.131999969,4.903999805,1.91900003,29.82699966
2016/7/10 2:45,12.99400043,5.425000191,7.923999786,2.167999983,4.903999805,1.980000019,31.95808670162357
2016/7/10 3:00,14.40100002,5.894000053,8.493000031,2.984999895,4.934000015,1.980000019,29.12400055
2016/7/10 3:15,14.06599998,5.760000229,9.06099987,2.772000074,5.026000023,1.980000019,28.70199966
2016/7/10 3:30,14.33399963,5.960999966,8.954999924,3.375999928,4.965000153,1.980000019,30.97976554738342
2016/7/10 3:45,14.33399963,5.760000229,9.345999718,3.339999914,4.994999886,1.91900003,30.008972882841164
2016/7/10 4:00,14.13300037,5.157000065,8.598999977,2.451999903,4.965000153,1.949000001,30.446202046315424
2016/7/10 4:15,14.2670002,6.027999878,8.989999771,2.842999935,5.026000023,2.00999999,29.326754270074776
2016/7/10 4:30,13.59700012,5.492000103,8.56400013,2.415999889,5.086999893,2.00999999,28.06800079
2016/7/10 4:45,14.33399963,4.756000042,8.598999977,2.025000095,5.208000183,2.040999889,28.990999246340067
2016/7/10 5:00,13.9989996,4.354000092,8.706000328,2.131999969,5.269000053,2.040999889,30.31053772154157
2016/7/10 5:15,15.00399971,5.090000153,9.168000221,2.381000042,5.544000149,2.040999889,28.56100082
2016/7/10 5:30,13.32900047,5.425000191,10.05599976,2.914000034,3.503000021,1.644999981,28.06800079
2016/7/10 5:45,12.45800018,4.287000179,8.244000435,1.669999957,3.349999905,1.644999981,29.235129431098635
2016/7/10 6:00,14.93700027,5.625999928,9.026000023,1.91900003,5.81799984,2.101999998,27.78700066
2016/7/10 6:15,15.00399971,5.290999889,9.097000122,2.451999903,5.696000099,2.163000107,27.78700066
2016/7/10 6:30,13.66399956,4.756000042,8.065999985,2.061000109,5.696000099,2.193000078,27.85700035
2016/7/10 6:45,13.86499977,5.022999763,8.31499958,2.096999884,5.635000229,2.253999949,28.472145691871603
2016/7/10 7:00,13.32900047,4.554999828,7.710999966,1.457000017,5.573999882,2.193000078,28.48110100227348
2016/7/10 7:15,12.45800018,4.68900013,7.106999874,1.91900003,5.664999962,2.223999977,29.27481427477158
2016/7/10 7:30,12.6590004,4.822999954,7.355999947,2.239000082,5.513000011,2.28399992,27.9279995
2016/7/10 7:45,11.72099972,4.756000042,6.395999908,1.669999957,5.513000011,2.131999969,30.224124839967846
2016/7/10 8:00,10.85099983,4.554999828,7.320000172,2.203000069,3.197999954,1.76699996,29.14102395603225
2016/7/10 8:15,9.243000031,3.818000078,6.183000088,1.63499999,3.075999975,1.797000051,29.037265064564462
2016/7/10 8:30,9.845999718,3.818000078,6.43200016,2.345000029,3.046000004,1.827999949,29.211748499638308
2016/7/10 8:45,9.913000107,4.354000092,6.147999763,2.025000095,3.197999954,1.797000051,31.185689993901086
2016/7/10 9:00,9.845999718,4.287000179,6.857999802,1.812000036,3.167999983,1.70599997,30.908071313850346
2016/7/10 9:15,9.31000042,4.487999916,6.644999981,1.812000036,3.075999975,1.70599997,29.12400055
2016/7/10 9:30,10.24800014,3.750999928,6.395999908,1.669999957,3.107000113,1.797000051,29.54599953
2016/7/10 9:45,10.31499958,4.421000004,6.538000107,1.812000036,3.349999905,1.85800004,29.54599953
2016/7/10 10:00,10.24800014,3.951999903,6.857999802,1.70599997,3.381000042,1.797000051,29.47500038
2016/7/10 10:15,10.71700001,4.354000092,7.143000126,1.669999957,3.471999884,1.76699996,29.586195524797777
2016/7/10 10:30,11.52099991,4.421000004,7.284999847,1.669999957,3.71600008,1.735999942,29.448544403920295
2016/7/10 10:45,11.18599987,4.21999979,7.284999847,1.91900003,4.142000198,1.735999942,28.91300011
2016/7/10 11:00,11.85499954,4.019000053,7.604000092,1.812000036,4.142000198,1.735999942,29.0529995
2016/7/10 11:15,10.38199997,4.421000004,6.857999802,2.096999884,3.898999929,1.70599997,29.26399994
2016/7/10 11:30,9.845999718,4.019000053,6.467000008,1.70599997,3.411000013,1.735999942,29.89699936
2016/7/10 11:45,8.706999779,2.678999901,5.899000168,0.782000005,3.259000063,1.70599997,31.086953800263352
2016/7/10 12:00,8.572999954,3.282000065,5.578999996,1.136999965,2.984999895,1.523000002,29.47500038
2016/7/10 12:15,8.505999565,2.545000076,5.650000095,0.852999985,3.075999975,1.613999963,30.941737253013855
2016/7/10 12:30,8.305999756,3.214999914,5.436999798,0.995000005,3.046000004,1.491999984,29.54599953
2016/7/10 12:45,8.774000168,3.148000002,5.366000175,1.172999978,2.772000074,1.432000041,29.68600082
2016/7/10 13:00,8.640000343,3.08100009,5.507999897,1.031000018,2.710999966,1.432000041,30.79455336575933
2016/7/10 13:15,8.038000107,3.48300004,5.401000023,1.279000044,2.588999987,1.371000051,29.82699966
2016/7/10 13:30,8.975000381,3.549999952,5.543000221,1.101999998,2.740999937,1.523000002,31.013254605638245
2016/7/10 13:45,8.305999756,3.549999952,5.756999969,1.56400001,2.924000025,1.462000012,30.74200058
2016/7/10 14:00,8.305999756,2.411000013,5.188000202,0.711000025,2.924000025,1.523000002,29.68600082
2016/7/10 14:15,8.171999931,2.678999901,5.650000095,0.995000005,2.618999958,1.309999943,32.76386758096438
2016/7/10 14:30,8.840999603,2.477999926,5.578999996,1.065999985,2.559000015,1.552999973,30.38999939
2016/7/10 14:45,8.706999779,3.415999889,5.899000168,0.995000005,2.497999907,1.462000012,32.65397868858067
2016/7/10 15:00,8.774000168,3.348999977,6.147999763,1.350000024,2.528000116,1.432000041,31.986764244906453
2016/7/10 15:15,7.836999893,2.545000076,5.436999798,1.172999978,2.467000008,1.401000023,31.72599983
2016/7/10 15:30,7.971000195,2.142999887,5.436999798,0.745999992,2.497999907,1.371000051,30.67099953
2016/7/10 15:45,7.971000195,2.27699995,5.472000122,0.745999992,2.437000036,1.279000044,33.060742257516026
2016/7/10 16:00,8.038000107,2.545000076,5.614999771,0.888000011,2.467000008,1.340000033,31.16399956
2016/7/10 16:15,8.23900032,2.477999926,5.756999969,0.816999972,2.467000008,1.340000033,32.00799942
2016/7/10 16:30,8.572999954,2.545000076,5.96999979,0.924000025,2.559000015,1.279000044,32.538612698869315
2016/7/10 16:45,8.975000381,2.678999901,6.076000214,0.888000011,3.137000084,1.340000033,30.67099953
2016/7/10 17:00,9.175999641,2.746000051,6.289999962,1.136999965,3.229000092,1.432000041,30.67099953
2016/7/10 17:15,9.578000069,3.214999914,6.395999908,1.136999965,3.137000084,1.462000012,30.677665421213437
2016/7/10 17:30,9.845999718,3.282000065,6.43200016,1.56400001,3.167999983,1.583999991,30.38999939
2016/7/10 17:45,9.779000282,3.08100009,6.573999882,1.315000057,3.319999933,1.462000012,31.534594087999157
2016/7/10 18:00,9.444000244,3.214999914,6.395999908,1.421000004,3.167999983,1.523000002,30.24738946423542
2016/7/10 18:15,8.975000381,2.880000114,6.147999763,1.315000057,2.894000053,1.309999943,30.603784895865452
2016/7/10 18:30,8.774000168,3.08100009,5.934000015,1.172999978,2.802000046,1.309999943,30.745012852612494
2016/7/10 18:45,8.371999741,2.678999901,5.68599987,1.136999965,2.740999937,1.309999943,30.03800011
2016/7/10 19:00,8.505999565,2.880000114,5.791999817,1.101999998,2.710999966,1.309999943,32.05176844267163
2016/7/10 19:15,8.505999565,2.746000051,5.899000168,1.457000017,2.710999966,1.309999943,29.82699966
2016/7/10 19:30,8.572999954,2.746000051,5.756999969,1.172999978,2.862999916,1.309999943,32.35474413505867
2016/7/10 19:45,9.31000042,3.013999939,6.361000061,1.457000017,3.015000105,1.340000033,30.871475472138115
2016/7/10 20:00,10.04699993,3.08100009,6.857999802,1.279000044,3.167999983,1.309999943,32.793731501143164
2016/7/10 20:15,10.18099976,3.08100009,6.965000153,1.207999945,3.197999954,1.432000041,29.54599953
2016/7/10 20:30,10.44900036,3.08100009,7.0,1.243999958,3.471999884,1.432000041,30.773079917000135
2016/7/10 20:45,10.18099976,2.880000114,6.857999802,1.065999985,3.349999905,1.340000033,28.77199936
2016/7/10 21:00,9.711999893,2.075999975,6.395999908,0.603999972,3.289999962,1.309999943,30.25448481057714
2016/7/10 21:15,10.58300018,3.415999889,7.568999767,1.172999978,3.107000113,1.309999943,29.47500038
2016/7/10 21:30,10.04699993,3.214999914,7.071000099,0.995000005,2.984999895,1.248999953,29.19400024
2016/7/10 21:45,10.11400032,3.48300004,6.928999901,1.031000018,2.924000025,1.248999953,28.77199936
2016/7/10 22:00,9.979999542,3.08100009,7.0,1.315000057,2.862999916,1.309999943,28.20899963
2016/7/10 22:15,10.85099983,2.880000114,7.81799984,1.598999977,2.894000053,1.340000033,30.75703381655202
2016/7/10 22:30,11.18599987,4.085999966,8.137999535,1.527999997,3.046000004,1.340000033,28.84199905
2016/7/10 22:45,9.979999542,3.013999939,7.782000065,1.883000016,2.924000025,1.552999973,29.8713590700405
2016/7/10 23:00,9.979999542,3.549999952,7.214000225,1.883000016,2.680000067,1.279000044,29.12400055
2016/7/10 23:15,14.53499985,5.090000153,8.954999924,2.061000109,5.026000023,1.735999942,31.37132535394995
2016/7/10 23:30,14.53499985,5.290999889,9.630000114,2.630000114,4.903999805,1.76699996,29.68938066275529
2016/7/10 23:45,13.9989996,5.357999802,9.416999817,2.700999975,4.873000145,1.70599997,28.63100052
2016/7/11 0:00,13.59700012,5.357999802,8.989999771,2.700999975,4.873000145,1.797000051,29.16956785336608
2016/7/11 0:15,13.19499969,4.889999866,8.527999878,2.239000082,4.813000202,1.735999942,29.898573975003114
2016/7/11 0:30,12.72599983,4.68900013,8.137999535,1.953999996,4.659999847,1.735999942,31.299387289971463
2016/7/11 0:45,13.79800034,5.022999763,8.954999924,2.559000015,4.568999767,1.674999952,31.58883879983007
2016/7/11 1:00,13.59700012,4.889999866,8.493000031,1.91900003,4.568999767,1.674999952,29.19400024
2016/7/11 1:15,13.06099987,4.287000179,8.56400013,2.131999969,4.507999897,1.70599997,31.122087946810293
2016/7/11 1:30,11.92199993,3.88499999,7.427000046,1.421000004,4.630000114,1.674999952,29.34529652127682
2016/7/11 1:45,13.26200008,4.287000179,8.635000229,2.203000069,4.507999897,1.70599997,29.0529995
2016/7/11 2:00,12.12300014,4.085999966,7.071000099,1.77699995,4.598999977,1.674999952,28.56100082
2016/7/11 2:15,12.79300022,4.68900013,7.710999966,2.273999929,4.568999767,1.644999981,29.0529995
2016/7/11 2:30,11.92199993,3.684000015,7.427000046,1.527999997,4.447000027,1.674999952,30.136089587605433
2016/7/11 2:45,12.12300014,3.282000065,7.177999973,1.207999945,4.507999897,1.70599997,29.968320070258248
2016/7/11 3:00,11.98900032,3.951999903,7.568999767,1.598999977,4.477000237,1.735999942,29.263999940000005
2016/7/11 3:15,12.12300014,4.287000179,7.710999966,1.99000001,4.477000237,1.70599997,29.54599953
2016/7/11 3:30,12.39099979,4.152999878,7.320000172,1.70599997,4.477000237,1.644999981,31.80210301426079
2016/7/11 3:45,11.05200005,4.019000053,6.751999855,1.63499999,4.447000027,1.735999942,29.19400024
2016/7/11 4:00,11.98900032,4.21999979,7.568999767,1.598999977,4.355999947,1.91900003,29.0529995
2016/7/11 4:15,11.11900043,4.019000053,6.894000053,1.812000036,4.386000156,1.674999952,30.838025389813954
2016/7/11 4:30,11.05200005,3.684000015,6.361000061,1.243999958,4.477000237,1.70599997,28.77199936
2016/7/11 4:45,12.45800018,4.21999979,7.498000145,1.84800005,4.538000107,1.674999952,30.267110169886887
2016/7/11 5:00,12.99400043,4.421000004,7.853000164,1.598999977,4.568999767,1.674999952,30.321654559821692
2016/7/11 5:15,13.79800034,4.68900013,8.208999634,1.741000056,4.813000202,1.797000051,31.166254850317745
2016/7/11 5:30,12.72599983,3.684000015,7.390999794,0.958999991,5.117000103,1.797000051,31.61245978809073
2016/7/11 5:45,13.86499977,4.21999979,7.994999886,1.386000037,5.329999924,1.735999942,30.740584879083286
2016/7/11 6:00,13.79800034,4.085999966,8.137999535,2.096999884,5.269000053,1.76699996,31.459802310247028
2016/7/11 6:15,12.32400036,4.487999916,7.320000172,1.207999945,5.208000183,1.735999942,29.656603033219195
2016/7/11 6:30,12.25699997,4.085999966,7.0,1.243999958,5.208000183,1.827999949,31.18555290416813
2016/7/11 6:45,13.86499977,4.554999828,8.456999779,1.883000016,5.269000053,1.76699996,30.252299028083783
2016/7/11 7:00,12.99400043,4.152999878,8.173000336,2.025000095,5.208000183,1.888000011,31.87256270500419
2016/7/11 7:15,12.52499962,4.287000179,7.568999767,1.883000016,5.269000053,1.888000011,31.287088476817605
2016/7/11 7:30,12.18999958,3.951999903,7.427000046,1.812000036,5.300000191,1.91900003,30.17900085
2016/7/11 7:45,12.92700005,4.756000042,7.214000225,1.598999977,5.177999973,1.91900003,29.99629539182432
2016/7/11 8:00,9.979999542,3.818000078,7.249000072,1.56400001,2.894000053,1.432000041,30.181706188307437
2016/7/11 8:15,10.38199997,4.085999966,7.0,1.63499999,2.832999945,1.371000051,29.68600082
2016/7/11 8:30,9.041999817,3.282000065,5.96999979,1.172999978,2.924000025,1.462000012,30.891139460105045
2016/7/11 8:45,8.706999779,2.746000051,5.791999817,1.207999945,3.015000105,1.401000023,33.13097006867262
2016/7/11 9:00,10.11400032,3.88499999,6.644999981,1.669999957,2.772000074,1.371000051,31.43353271915017
2016/7/11 9:15,9.578000069,3.415999889,6.644999981,1.315000057,3.107000113,1.70599997,34.34150365314692
2016/7/11 9:30,9.578000069,3.617000103,5.96999979,1.63499999,2.924000025,1.401000023,31.02300072
2016/7/11 9:45,9.979999542,3.818000078,6.644999981,1.207999945,3.075999975,1.340000033,33.20602506261379
2016/7/11 10:00,9.845999718,3.348999977,6.787000179,1.812000036,2.405999899,1.491999984,32.49773587072329
2016/7/11 10:15,9.109000206,3.282000065,6.71600008,1.172999978,2.405999899,1.218000054,32.64569161285894
2016/7/11 10:30,9.444000244,2.947000027,6.965000153,1.101999998,2.467000008,1.065999985,32.797924596687835
2016/7/11 10:45,10.91800022,3.549999952,7.071000099,1.598999977,3.319999933,1.279000044,33.46105591502956
2016/7/11 11:00,10.98499966,3.617000103,7.143000126,1.598999977,3.503000021,1.371000051,32.21900177
2016/7/11 11:15,9.51099968,3.013999939,6.467000008,1.172999978,3.532999992,1.401000023,35.342840260298736
2016/7/11 11:30,9.376999855,2.411000013,6.076000214,1.065999985,3.107000113,1.309999943,33.20399857
2016/7/11 11:45,8.23900032,2.210000038,5.578999996,0.603999972,2.862999916,1.248999953,33.13299942
2016/7/11 12:00,8.371999741,2.812999964,5.507999897,0.569000006,2.680000067,1.218000054,32.99300003
2016/7/11 12:15,8.371999741,2.210000038,5.899000168,1.031000018,2.832999945,1.248999953,32.99300003
2016/7/11 12:30,8.371999741,2.142999887,5.934000015,0.816999972,2.650000095,1.187999964,33.630699657567675
2016/7/11 12:45,8.171999931,1.875,5.543000221,0.782000005,2.650000095,1.156999946,33.76699829
2016/7/11 13:00,8.907999992,2.880000114,5.791999817,0.745999992,2.588999987,1.187999964,33.9070015
2016/7/11 13:15,9.041999817,2.678999901,5.899000168,1.421000004,2.618999958,1.126999974,35.97668843629111
2016/7/11 13:30,8.975000381,3.148000002,6.183000088,1.172999978,2.650000095,1.309999943,33.64754152334625
2016/7/11 13:45,8.907999992,2.545000076,6.147999763,1.136999965,2.680000067,1.340000033,36.96855427070742
2016/7/11 14:00,9.041999817,3.013999939,6.289999962,0.995000005,2.588999987,1.279000044,34.75099945
2016/7/11 14:15,8.23900032,2.27699995,5.791999817,1.065999985,2.832999945,1.309999943,36.12054999808622
2016/7/11 14:30,8.23900032,3.08100009,5.756999969,1.207999945,2.528000116,1.309999943,36.45199970706258
2016/7/11 14:45,9.376999855,3.549999952,6.822999954,1.63499999,2.497999907,1.309999943,35.80699921
2016/7/11 15:00,9.243000031,3.214999914,6.361000061,1.031000018,2.680000067,1.156999946,34.75099945
2016/7/11 15:15,8.43900013,2.411000013,5.934000015,0.852999985,2.559000015,1.218000054,34.899082740895636
2016/7/11 15:30,8.371999741,2.009000063,5.899000168,1.101999998,2.497999907,1.248999953,34.75099945
2016/7/11 15:45,8.23900032,2.812999964,5.756999969,1.350000024,2.467000008,1.218000054,36.219526139089815
2016/7/11 16:00,8.23900032,2.812999964,5.721000195,1.243999958,2.528000116,1.248999953,34.8219986
2016/7/11 16:15,8.572999954,3.013999939,5.899000168,1.315000057,2.740999937,1.218000054,35.084870083976355
2016/7/11 16:30,8.706999779,2.678999901,5.862999916,1.243999958,2.862999916,1.279000044,35.9487816573308
2016/7/11 16:45,8.840999603,2.746000051,5.791999817,1.031000018,2.984999895,1.340000033,34.64560239227141
2016/7/11 17:00,8.975000381,2.880000114,5.934000015,1.243999958,3.015000105,1.248999953,34.89199829
2016/7/11 17:15,8.907999992,2.678999901,6.005000114,1.101999998,2.954999924,1.126999974,34.18477738166621
2016/7/11 17:30,9.041999817,2.611999989,6.111999989,0.958999991,2.894000053,1.156999946,33.62599945
2016/7/11 17:45,8.975000381,2.477999926,5.934000015,0.888000011,2.984999895,1.248999953,34.582800735894175
2016/7/11 18:00,8.505999565,2.344000101,5.578999996,0.745999992,2.894000053,1.156999946,34.84097381555466
2016/7/11 18:15,8.038000107,2.075999975,5.258999825,0.569000006,2.650000095,1.156999946,32.85200119
2016/7/11 18:30,7.836999893,2.142999887,5.295000076,0.711000025,2.559000015,1.156999946,34.72044507414571
2016/7/11 18:45,8.038000107,2.142999887,5.401000023,0.711000025,2.650000095,1.187999964,32.14899826
2016/7/11 19:00,7.836999893,2.075999975,5.223999977,0.532999992,2.588999987,1.126999974,31.65600014
2016/7/11 19:15,7.903999805,1.942000031,5.329999924,0.569000006,2.497999907,1.036000013,31.58600044
2016/7/11 19:30,7.903999805,1.942000031,5.366000175,0.532999992,2.497999907,0.944000006,34.10795243743726
2016/7/11 19:45,8.43900013,1.942000031,5.650000095,0.639999986,2.650000095,0.975000024,33.1536445420828
2016/7/11 20:00,9.175999641,1.942000031,6.183000088,0.603999972,2.894000053,0.975000024,33.48500061
2016/7/11 20:15,9.444000244,2.009000063,6.43200016,0.603999972,2.984999895,0.944000006,33.62599945
2016/7/11 20:30,9.51099968,2.009000063,6.467000008,0.639999986,3.015000105,1.004999995,34.098183028410794
2016/7/11 20:45,9.51099968,2.009000063,6.467000008,0.639999986,3.046000004,0.944000006,32.92200089
2016/7/11 21:00,9.175999641,2.009000063,6.218999863,0.603999972,2.954999924,0.975000024,34.146721123999185
2016/7/11 21:15,9.645000458,2.746000051,6.395999908,1.457000017,2.832999945,0.944000006,32.55508560052355
2016/7/11 21:30,9.243000031,1.674000025,5.899000168,0.603999972,2.710999966,0.944000006,31.58600044
2016/7/11 21:45,8.975000381,1.807999969,5.828000069,0.319999993,2.588999987,0.913999975,32.405990007704496
2016/7/11 22:00,8.371999741,3.013999939,6.289999962,1.207999945,2.437000036,0.944000006,32.5
2016/7/11 22:15,10.64999962,3.348999977,7.427000046,1.136999965,2.345000029,0.913999975,34.46734201495538
2016/7/11 22:30,10.11400032,2.947000027,7.143000126,0.958999991,2.405999899,0.944000006,34.230024285435825
2016/7/11 22:45,10.04699993,2.545000076,7.853000164,1.99000001,2.315000057,0.944000006,34.40366590477773
2016/7/11 23:00,10.91800022,3.549999952,9.026000023,2.309999943,2.131999969,0.883000016,33.59816948432331
2016/7/11 23:15,11.52099991,4.019000053,8.847999573,2.131999969,2.131999969,0.760999978,32.57099915
2016/7/11 23:30,12.25699997,4.287000179,10.16300011,2.984999895,1.980000019,0.791999996,32.85200119
2016/7/11 23:45,11.18599987,3.148000002,8.706000328,1.91900003,1.949000001,0.791999996,33.23634035258537
2016/7/12 0:00,11.52099991,3.549999952,9.593999863,2.309999943,1.980000019,0.822000027,35.45554113472038
2016/7/12 0:15,10.04699993,3.148000002,8.244000435,1.99000001,1.91900003,0.822000027,34.035318992940844
2016/7/12 0:30,11.72099972,4.152999878,9.87899971,2.772000074,1.888000011,0.700999975,35.5769618002788
2016/7/12 0:45,10.64999962,3.88499999,8.918999672,2.415999889,1.827999949,0.670000017,32.92200089
2016/7/12 1:00,11.52099991,4.152999878,9.593999863,2.700999975,1.735999942,0.670000017,33.69599915
2016/7/12 1:15,11.52099991,4.354000092,9.451999664,2.664999962,1.888000011,0.760999978,32.92200089
2016/7/12 1:30,10.44900036,3.415999889,8.883999825,2.772000074,1.827999949,0.760999978,33.27399826
2016/7/12 1:45,10.38199997,3.88499999,8.777000427,3.127000093,1.76699996,0.791999996,36.18364383092212
2016/7/12 2:00,12.12300014,4.554999828,10.3409996,3.482000113,1.827999949,0.791999996,35.61673483551259
2016/7/12 2:15,12.39099979,4.21999979,10.58899975,3.269000053,1.85800004,0.760999978,33.48500061
2016/7/12 2:30,11.72099972,4.21999979,9.559000015,2.914000034,1.76699996,0.791999996,33.27399826
2016/7/12 2:45,11.11900043,3.549999952,8.706000328,2.486999989,1.76699996,0.791999996,33.97800064
2016/7/12 3:00,11.92199993,4.085999966,10.16300011,2.948999882,1.797000051,0.822000027,33.34400177
2016/7/12 3:15,11.31999969,4.622000217,9.913999557,2.984999895,1.827999949,0.852999985,33.605753537120556
2016/7/12 3:30,10.38199997,4.152999878,8.954999924,2.700999975,1.76699996,0.883000016,34.92974873536617
2016/7/12 3:45,10.98499966,4.487999916,9.31000042,2.948999882,1.735999942,0.791999996,33.8370018
2016/7/12 4:00,11.72099972,3.818000078,9.522999763,2.451999903,1.797000051,0.822000027,32.99300003
2016/7/12 4:15,9.51099968,3.549999952,7.81799984,1.91900003,1.797000051,0.852999985,33.7192836734733
2016/7/12 4:30,10.71700001,3.415999889,8.777000427,2.415999889,1.85800004,0.883000016,35.16203328745312
2016/7/12 4:45,10.51599979,3.48300004,8.279999733,2.167999983,1.949000001,0.852999985,33.06299973
2016/7/12 5:00,11.11900043,3.348999977,8.918999672,2.415999889,2.101999998,0.883000016,36.071098431858964
2016/7/12 5:15,12.72599983,4.287000179,10.05599976,2.523000002,2.253999949,0.913999975,32.85200119
2016/7/12 5:30,11.25300026,4.019000053,9.559000015,2.381000042,2.650000095,0.944000006,34.940640629756174
2016/7/12 5:45,9.444000244,2.210000038,6.857999802,0.782000005,2.650000095,0.975000024,34.21310490091042
2016/7/12 6:00,11.11900043,3.818000078,8.635000229,1.84800005,2.559000015,1.036000013,33.9070015
2016/7/12 6:15,10.85099983,3.617000103,8.279999733,1.56400001,2.528000116,1.036000013,34.2102152908117
2016/7/12 6:30,9.913000107,3.48300004,7.214000225,1.741000056,2.650000095,1.097000003,34.89199829
2016/7/12 6:45,9.041999817,2.142999887,6.324999809,0.995000005,2.040999889,0.791999996,35.51652795174378
2016/7/12 7:00,9.444000244,2.27699995,6.894000053,1.386000037,2.00999999,0.731000006,33.40025316093461
2016/7/12 7:15,9.913000107,3.617000103,7.888999939,2.061000109,2.00999999,0.760999978,33.55599976
2016/7/12 7:30,9.31000042,3.08100009,7.888999939,2.131999969,2.00999999,0.791999996,34.32899857
2016/7/12 7:45,9.779000282,3.348999977,7.320000172,1.669999957,2.528000116,1.156999946,34.472471914345505
2016/7/12 8:00,8.706999779,3.08100009,6.681000233,1.598999977,2.375999928,1.065999985,35.877410182729854
2016/7/12 8:15,9.041999817,3.415999889,6.681000233,1.386000037,2.375999928,1.065999985,35.66600037
2016/7/12 8:30,9.779000282,3.549999952,6.681000233,1.812000036,2.437000036,1.126999974,35.45500183
2016/7/12 8:45,9.175999641,3.617000103,6.644999981,1.598999977,2.497999907,1.065999985,36.99051389022128
2016/7/12 9:00,8.907999992,2.411000013,6.467000008,1.527999997,2.405999899,0.975000024,35.9469986
2016/7/12 9:15,9.376999855,3.148000002,6.751999855,1.315000057,2.528000116,1.156999946,36.22900009
2016/7/12 9:30,9.51099968,2.880000114,6.928999901,1.883000016,2.710999966,1.156999946,35.66600037
2016/7/12 9:45,10.44900036,3.013999939,7.320000172,1.421000004,2.650000095,1.065999985,35.66600037
2016/7/12 10:00,10.11400032,2.678999901,6.965000153,1.421000004,2.862999916,1.187999964,36.9523611218406
2016/7/12 10:15,10.91800022,3.684000015,7.106999874,2.061000109,3.167999983,1.187999964,35.969014652537695
2016/7/12 10:30,11.25300026,3.214999914,7.639999866,1.527999997,3.229000092,1.187999964,36.08800125
2016/7/12 10:45,11.18599987,3.08100009,7.604000092,1.883000016,3.532999992,1.126999974,37.647361954755
2016/7/12 11:00,10.85099983,3.013999939,7.320000172,1.77699995,3.349999905,1.126999974,36.08800125
2016/7/12 11:15,10.11400032,3.348999977,6.894000053,1.56400001,3.046000004,1.097000003,35.88614666188317
2016/7/12 11:30,9.913000107,3.214999914,6.361000061,1.243999958,3.015000105,1.097000003,36.08800125
2016/7/12 11:45,8.907999992,1.942000031,6.040999889,0.675000012,2.832999945,1.036000013,36.733048389900326
2016/7/12 12:00,9.376999855,1.875,6.005000114,0.958999991,2.894000053,1.156999946,36.08800125
2016/7/12 12:15,9.51099968,3.013999939,6.538000107,1.031000018,2.862999916,1.126999974,38.66214663003376
2016/7/12 12:30,9.645000458,2.812999964,6.573999882,1.065999985,2.924000025,1.126999974,36.15800095
2016/7/12 12:45,9.109000206,2.746000051,6.573999882,1.386000037,2.924000025,1.156999946,36.58000183
2016/7/12 13:00,9.779000282,2.344000101,6.254000187,0.497000009,2.862999916,1.097000003,37.34575176458231
2016/7/12 13:15,9.779000282,2.344000101,6.218999863,1.101999998,3.046000004,1.432000041,38.30704740560059
2016/7/12 13:30,9.779000282,2.611999989,6.787000179,0.995000005,2.862999916,1.309999943,37.205777831532416
2016/7/12 13:45,9.109000206,2.142999887,6.361000061,1.031000018,2.772000074,1.126999974,38.4090004
2016/7/12 14:00,9.51099968,2.009000063,6.467000008,0.958999991,2.862999916,1.218000054,38.4090004
2016/7/12 14:15,9.175999641,3.08100009,6.751999855,1.065999985,2.924000025,1.218000054,39.53499985
2016/7/12 14:30,9.376999855,1.942000031,6.218999863,0.888000011,2.772000074,1.097000003,40.8545087292843
2016/7/12 14:45,9.376999855,2.947000027,6.538000107,0.782000005,2.680000067,1.156999946,39.83291113778715
2016/7/12 15:00,9.243000031,2.812999964,6.822999954,0.888000011,2.618999958,1.309999943,40.18510831087117
2016/7/12 15:15,8.640000343,1.875,6.183000088,0.497000009,2.588999987,1.065999985,38.62099838
2016/7/12 15:30,8.640000343,2.009000063,6.040999889,0.569000006,2.559000015,1.065999985,39.32400131
2016/7/12 15:45,8.572999954,1.875,5.934000015,0.391000003,2.618999958,1.401000023,40.09799957
2016/7/12 16:00,8.774000168,1.942000031,6.111999989,0.462000012,2.710999966,1.126999974,40.09799957
2016/7/12 16:15,8.975000381,2.075999975,6.147999763,0.532999992,2.832999945,1.126999974,42.3048943462146
2016/7/12 16:30,9.109000206,2.545000076,6.610000134,1.421000004,2.954999924,1.187999964,41.910787409532844
2016/7/12 16:45,9.444000244,2.411000013,6.040999889,1.136999965,3.015000105,1.218000054,42.524961214063595
2016/7/12 17:00,9.645000458,2.678999901,6.395999908,1.136999965,3.075999975,1.156999946,42.203486392007164
2016/7/12 17:15,9.444000244,2.812999964,6.289999962,0.995000005,3.107000113,1.248999953,40.16799927
2016/7/12 17:30,9.175999641,2.27699995,5.934000015,0.852999985,3.137000084,1.248999953,37.583827436490715
2016/7/12 17:45,9.31000042,2.27699995,6.183000088,0.745999992,3.075999975,1.156999946,37.56499863
2016/7/12 18:00,9.109000206,2.142999887,5.96999979,0.603999972,3.107000113,1.097000003,40.101163109368045
2016/7/12 18:15,9.041999817,2.009000063,5.828000069,0.497000009,3.229000092,1.126999974,38.749149375047274
2016/7/12 18:30,8.572999954,1.807999969,5.614999771,0.425999999,2.924000025,1.036000013,37.56499863
2016/7/12 18:45,8.505999565,1.875,5.650000095,0.425999999,2.894000053,1.065999985,37.07300186
2016/7/12 19:00,8.572999954,1.875,5.507999897,0.462000012,3.075999975,1.065999985,38.54258508809581
2016/7/12 19:15,8.774000168,1.807999969,5.721000195,0.319999993,3.046000004,1.097000003,36.86199951
2016/7/12 19:30,9.31000042,1.875,6.076000214,0.391000003,3.259000063,1.065999985,36.50999832
2016/7/12 19:45,10.18099976,2.009000063,6.644999981,0.425999999,3.563999891,1.097000003,36.450730847361925
2016/7/12 20:00,10.85099983,2.142999887,7.143000126,0.532999992,3.746000051,1.097000003,37.2578161309402
2016/7/12 20:15,11.31999969,2.142999887,7.427000046,0.532999992,3.928999901,1.097000003,37.783113518767884
2016/7/12 20:30,11.31999969,2.142999887,7.532999992,0.603999972,3.838000059,1.036000013,36.29899979
2016/7/12 20:45,11.25300026,2.142999887,7.461999893,0.603999972,3.746000051,1.065999985,36.29899979
2016/7/12 21:00,10.98499966,2.142999887,7.284999847,0.603999972,3.746000051,1.065999985,38.01535634483424
2016/7/12 21:15,13.52999973,2.411000013,9.31000042,0.888000011,3.625,1.065999985,35.73600006
2016/7/12 21:30,13.9989996,3.88499999,9.913999557,1.172999978,3.625,1.065999985,35.03300095
2016/7/12 21:45,12.92700005,3.415999889,9.737000465,1.56400001,3.441999912,1.004999995,35.45500183
2016/7/12 22:00,12.79300022,2.746000051,9.807999611,1.70599997,3.259000063,0.913999975,36.01800156
2016/7/12 22:15,15.3380003,4.554999828,12.36600018,2.914000034,3.137000084,0.975000024,37.04913798809983
2016/7/12 22:30,14.80300045,4.554999828,11.54899979,2.523000002,3.075999975,1.036000013,36.50999832
2016/7/12 22:45,15.53899956,5.223999977,12.93500042,3.197999954,2.954999924,1.036000013,37.690193516211444
2016/7/12 23:00,16.00799942,5.69299984,13.11200047,3.482000113,2.832999945,1.004999995,37.60464680811152
2016/7/12 23:15,18.5529995,5.625999928,13.32600021,3.625,5.300000191,1.401000023,36.36899948
2016/7/12 23:30,18.35300064,6.09499979,13.04100037,3.019999981,5.117000103,1.432000041,38.88960014797354
2016/7/12 23:45,19.22299957,6.831999779,13.82299995,3.76699996,5.026000023,1.432000041,39.21363085136312
2016/7/13 0:00,19.15600014,6.229000092,13.71700001,4.014999866,5.026000023,1.523000002,36.50999832
2016/7/13 0:15,17.2140007,5.960999966,12.26000023,3.375999928,4.873000145,1.523000002,36.72100067
2016/7/13 0:30,19.625,7.166999817,14.49800014,4.051000118,4.813000202,1.523000002,38.5862147691125
2016/7/13 0:45,18.35300064,6.831999779,13.39700031,4.441999912,4.782000065,1.523000002,36.65100098
2016/7/13 1:00,16.81200027,5.894000053,12.18900013,3.411000013,4.873000145,1.462000012,36.72100067
2016/7/13 1:15,17.54899979,6.027999878,12.79300022,3.696000099,4.873000145,1.523000002,36.72100067
2016/7/13 1:30,18.62000084,6.497000217,13.64500046,3.980000019,4.721000195,1.491999984,37.69271689804278
2016/7/13 1:45,16.81200027,5.492000103,12.15299988,3.447000027,4.813000202,1.491999984,36.79100037
2016/7/13 2:00,17.61599922,5.960999966,12.72200012,3.588999987,4.721000195,1.491999984,36.58000183
2016/7/13 2:15,16.27599907,5.894000053,11.79800034,3.339999914,4.598999977,1.462000012,38.113961744720285
2016/7/13 2:30,18.15200043,7.166999817,13.75199986,4.300000191,4.598999977,1.462000012,36.65100098
2016/7/13 2:45,18.62000084,7.099999905,13.71700001,3.838000059,4.630000114,1.523000002,37.35400009
2016/7/13 3:00,16.34300041,5.760000229,11.37100029,2.948999882,4.477000237,1.491999984,39.416262686121556
2016/7/13 3:15,17.28100014,6.229000092,12.36600018,3.233999968,4.477000237,1.491999984,37.72925808931624
2016/7/13 3:30,16.94599915,6.899000168,12.15299988,4.300000191,4.568999767,1.552999973,38.323634010244504
2016/7/13 3:45,15.60599995,5.827000141,11.01599979,4.513000011,4.507999897,1.552999973,37.424999240000005
2016/7/13 4:00,18.01799965,7.099999905,13.46800041,3.90899992,4.477000237,1.523000002,38.84412866895486
2016/7/13 4:15,18.2859993,7.166999817,14.10700035,4.584000111,4.477000237,1.491999984,38.67671183234539
2016/7/13 4:30,17.2140007,5.492000103,12.43700027,3.411000013,4.507999897,1.491999984,37.77200489410751
2016/7/13 4:45,17.95100021,6.56400013,13.21899986,3.447000027,4.630000114,1.491999984,37.35400009
2016/7/13 5:00,18.15200043,7.032999992,13.39700031,4.086999893,4.659999847,1.523000002,37.63600159
2016/7/13 5:15,16.81200027,5.559000015,11.47799969,2.772000074,4.965000153,1.797000051,38.05799866
2016/7/13 5:30,17.88400078,6.027999878,12.64999962,3.269000053,5.300000191,1.491999984,36.94975578828904
2016/7/13 5:45,17.88400078,5.492000103,12.26000023,3.019999981,5.208000183,1.462000012,39.18043799642001
2016/7/13 6:00,16.20899963,4.822999954,10.51799965,2.700999975,5.056000233,1.552999973,37.00299835
2016/7/13 6:15,16.27599907,5.223999977,11.19400024,2.630000114,5.117000103,1.613999963,37.49499893
2016/7/13 6:30,17.28100014,6.229000092,11.58399963,3.375999928,5.147999763,1.674999952,37.91699982
2016/7/13 6:45,16.00799942,5.425000191,10.8380003,2.559000015,5.086999893,1.949000001,38.26900101
2016/7/13 7:00,13.4630003,4.085999966,8.065999985,1.457000017,5.238999844,1.827999949,40.08124918383109
2016/7/13 7:15,13.93200016,4.822999954,8.883999825,2.630000114,5.238999844,2.00999999,37.91699982
2016/7/13 7:30,12.85999966,4.622000217,7.782000065,1.491999984,5.300000191,1.91900003,37.91699982
2016/7/13 7:45,11.38700008,3.818000078,6.361000061,1.172999978,5.329999924,2.071000099,39.34442242113368
2016/7/13 8:00,10.31499958,3.415999889,6.928999901,1.315000057,2.802000046,1.462000012,38.24296280396735
2016/7/13 8:15,7.903999805,3.148000002,5.828000069,0.816999972,2.131999969,1.097000003,40.13988053871804
2016/7/13 8:30,8.104999542,3.148000002,5.401000023,0.995000005,2.101999998,1.187999964,37.49499893
2016/7/13 8:45,8.171999931,2.344000101,5.934000015,1.065999985,1.949000001,1.126999974,39.43484822807793
2016/7/13 9:00,8.840999603,3.148000002,6.751999855,1.457000017,2.040999889,1.126999974,37.99886439230904
2016/7/13 9:15,8.572999954,3.08100009,6.573999882,1.457000017,2.101999998,1.218000054,38.24784959910843
2016/7/13 9:30,8.371999741,2.27699995,5.899000168,1.065999985,2.131999969,1.218000054,38.05774812857017
2016/7/13 9:45,9.444000244,3.013999939,6.361000061,1.527999997,2.559000015,1.279000044,39.16195228014432
2016/7/13 10:00,10.24800014,3.282000065,6.610000134,1.172999978,3.107000113,1.309999943,37.73370883152051
2016/7/13 10:15,10.31499958,2.611999989,6.822999954,0.675000012,3.075999975,1.279000044,35.13804782012498
2016/7/13 10:30,11.11900043,3.08100009,7.604000092,1.101999998,3.229000092,1.126999974,30.45999908
2016/7/13 10:45,9.243000031,2.678999901,7.143000126,1.457000017,2.315000057,0.944000006,26.943000790000003
2016/7/13 11:00,8.572999954,2.009000063,6.502999783,0.852999985,2.163000107,1.065999985,32.23268414074536
2016/7/13 11:15,9.913000107,2.880000114,6.254000187,0.958999991,2.954999924,1.218000054,33.28169691926097
2016/7/13 11:30,9.376999855,2.678999901,5.934000015,0.924000025,2.954999924,1.248999953,32.57099915
2016/7/13 11:45,8.975000381,2.27699995,5.934000015,0.603999972,2.984999895,1.126999974,35.71413055934082
2016/7/13 12:00,8.774000168,2.142999887,5.721000195,0.425999999,2.650000095,1.004999995,33.06748558016727
2016/7/13 12:15,8.505999565,2.142999887,5.721000195,0.354999989,2.772000074,1.036000013,33.06299973
2016/7/13 12:30,9.243000031,2.411000013,5.862999916,0.711000025,2.802000046,1.036000013,34.61100006
2016/7/13 12:45,9.376999855,2.545000076,6.147999763,0.816999972,2.894000053,1.065999985,35.723489669868535
2016/7/13 13:00,9.51099968,1.60800004,6.040999889,0.425999999,2.862999916,1.097000003,36.15800095
2016/7/13 13:15,9.578000069,1.942000031,6.111999989,0.958999991,2.740999937,1.036000013,37.885584976912504
2016/7/13 13:30,9.645000458,2.344000101,6.147999763,0.924000025,2.710999966,1.065999985,36.86199951
2016/7/13 13:45,8.706999779,2.880000114,5.96999979,0.675000012,3.167999983,1.309999943,36.43999863
2016/7/13 14:00,8.774000168,2.075999975,6.040999889,0.816999972,2.375999928,1.004999995,35.80699921
2016/7/13 14:15,8.572999954,2.075999975,6.040999889,0.958999991,2.740999937,1.126999974,35.52500153
2016/7/13 14:30,9.175999641,2.411000013,6.43200016,1.136999965,2.680000067,1.156999946,36.50999832
2016/7/13 14:45,9.31000042,2.678999901,6.395999908,1.065999985,2.650000095,1.156999946,38.516632475548256
2016/7/13 15:00,9.31000042,2.142999887,6.218999863,0.995000005,2.924000025,1.126999974,37.84404544688886
2016/7/13 15:15,8.505999565,2.009000063,5.721000195,0.497000009,2.650000095,1.065999985,37.77200132854542
2016/7/13 15:30,8.572999954,2.009000063,5.96999979,0.497000009,2.650000095,1.126999974,38.55026775815574
2016/7/13 15:45,8.43900013,1.807999969,5.828000069,0.816999972,2.924000025,1.097000003,37.35400009
2016/7/13 16:00,8.305999756,2.27699995,5.721000195,0.924000025,2.618999958,1.097000003,39.53499985
2016/7/13 16:15,8.572999954,2.27699995,5.68599987,0.924000025,2.740999937,1.097000003,38.12799835
2016/7/13 16:30,8.43900013,2.142999887,5.578999996,0.782000005,2.740999937,1.065999985,39.41099677076781
2016/7/13 16:45,8.840999603,2.411000013,5.96999979,0.852999985,2.924000025,1.126999974,37.70600128
2016/7/13 17:00,8.975000381,2.27699995,5.96999979,0.782000005,3.015000105,1.279000044,40.20555613020123
2016/7/13 17:15,9.31000042,2.477999926,6.040999889,0.711000025,3.349999905,1.279000044,37.2140007
2016/7/13 17:30,9.041999817,2.27699995,5.934000015,0.711000025,3.229000092,1.126999974,38.420009410247225
2016/7/13 17:45,9.041999817,2.142999887,5.934000015,0.569000006,3.075999975,1.156999946,37.84577776377908
2016/7/13 18:00,8.840999603,2.142999887,5.721000195,0.603999972,3.107000113,1.126999974,34.75099945
2016/7/13 18:15,8.572999954,2.009000063,5.578999996,0.569000006,2.924000025,1.097000003,35.17399979
2016/7/13 18:30,8.505999565,2.075999975,5.507999897,0.569000006,2.862999916,1.065999985,35.56857263431356
2016/7/13 18:45,8.706999779,2.009000063,5.721000195,0.603999972,3.015000105,1.097000003,35.610104430126064
2016/7/13 19:00,9.041999817,2.344000101,5.862999916,0.603999972,3.441999912,1.126999974,34.763856115272254
2016/7/13 19:15,9.444000244,2.210000038,6.183000088,0.603999972,3.229000092,1.126999974,34.11800003
2016/7/13 19:30,9.979999542,2.344000101,6.43200016,0.711000025,3.532999992,1.248999953,34.12194220022742
2016/7/13 19:45,10.7840004,2.411000013,6.822999954,0.711000025,3.868000031,1.248999953,32.99300003
2016/7/13 20:00,11.25300026,2.611999989,7.177999973,0.852999985,4.111999989,1.187999964,32.85200119
2016/7/13 20:15,11.45400047,2.344000101,7.249000072,0.745999992,4.203000069,1.218000054,32.92200089
2016/7/13 20:30,11.18599987,2.27699995,7.071000099,0.711000025,4.111999989,1.156999946,33.69599915
2016/7/13 20:45,10.98499966,2.210000038,6.928999901,0.603999972,4.051000118,1.156999946,32.71099854
2016/7/13 21:00,11.98900032,3.415999889,8.598999977,2.167999983,3.928999901,1.187999964,33.13299942
2016/7/13 21:15,12.92700005,4.287000179,8.598999977,2.203000069,3.71600008,1.097000003,32.6232239590366
2016/7/13 21:30,13.52999973,3.684000015,9.701000214,1.741000056,3.594000101,1.097000003,33.86683234687487
2016/7/13 21:45,12.6590004,3.549999952,9.274999619,1.491999984,3.471999884,1.097000003,34.862869145815125
2016/7/13 22:00,12.52499962,3.818000078,9.630000114,1.598999977,3.259000063,0.975000024,36.38695767310772
2016/7/13 22:15,14.40100002,4.019000053,11.05099964,2.061000109,3.441999912,1.036000013,34.04800034
2016/7/13 22:30,14.06599998,4.622000217,10.05599976,2.451999903,3.319999933,1.156999946,35.10300064
2016/7/13 22:45,14.33399963,3.951999903,10.94499969,2.415999889,3.229000092,1.097000003,35.10300064
2016/7/13 23:00,13.59700012,4.622000217,10.97999954,2.842999935,3.107000113,1.065999985,35.38499832
2016/7/13 23:15,13.79800034,4.889999866,10.58899975,3.197999954,3.046000004,1.097000003,35.98701783033857
2016/7/13 23:30,12.79300022,4.287000179,9.737000465,2.594000101,2.924000025,1.097000003,34.800711786524595
2016/7/13 23:45,14.40100002,4.21999979,10.58899975,3.447000027,2.894000053,1.097000003,35.10300064
2016/7/14 0:00,14.60200024,5.357999802,11.19400024,2.878000021,2.862999916,1.036000013,35.814237539031375
2016/7/14 0:15,14.19999981,4.487999916,10.9090004,2.878000021,2.740999937,1.065999985,34.47000122
2016/7/14 0:30,12.52499962,4.019000053,9.984999657,2.309999943,2.588999987,0.944000006,35.24399948
2016/7/14 0:45,12.05599976,3.48300004,9.807999611,2.381000042,2.345000029,0.852999985,35.10300064
2016/7/14 1:00,13.4630003,4.554999828,10.8739996,2.984999895,2.467000008,0.883000016,32.71099854
2016/7/14 1:15,13.66399956,4.956999779,11.30000019,3.233999968,2.375999928,0.883000016,32.7820015
2016/7/14 1:30,12.12300014,3.750999928,9.807999611,2.203000069,2.315000057,0.883000016,33.132999420000004
2016/7/14 1:45,12.59200001,4.019000053,9.451999664,2.381000042,2.193000078,0.852999985,34.18899918
2016/7/14 2:00,12.25699997,3.88499999,9.522999763,2.131999969,2.467000008,0.944000006,35.221440819445
2016/7/14 2:15,13.39599991,4.756000042,10.3760004,3.305000067,2.345000029,0.883000016,33.832048265073226
2016/7/14 2:30,12.6590004,3.818000078,9.737000465,2.486999989,2.437000036,0.913999975,33.97800064
2016/7/14 2:45,12.72599983,3.617000103,10.4829998,2.664999962,2.28399992,0.944000006,34.18899918
2016/7/14 3:00,12.25699997,4.68900013,10.66100025,2.984999895,2.253999949,0.913999975,34.68099976
2016/7/14 3:15,12.18999958,4.019000053,10.02099991,2.381000042,2.345000029,0.975000024,35.07722543764805
2016/7/14 3:30,12.32400036,4.019000053,9.949999809,2.451999903,2.071000099,0.944000006,34.89199829
2016/7/14 3:45,11.45400047,4.21999979,9.559000015,2.203000069,1.980000019,0.852999985,36.66644031163655
2016/7/14 4:00,11.5880003,3.684000015,8.847999573,1.70599997,2.101999998,0.883000016,37.10668056776213
2016/7/14 4:15,11.92199993,3.013999939,9.416999817,2.096999884,2.163000107,0.944000006,36.49441107800772
2016/7/14 4:30,11.78800011,4.21999979,9.984999657,2.523000002,2.163000107,0.883000016,35.50617173210853
2016/7/14 4:45,10.91800022,3.148000002,8.847999573,2.025000095,2.040999889,0.883000016,34.54000092
2016/7/14 5:00,11.92199993,3.348999977,9.274999619,1.99000001,2.101999998,0.883000016,35.27630828642354
2016/7/14 5:15,10.7840004,2.545000076,8.421999931,1.63499999,2.315000057,0.913999975,35.31399918
2016/7/14 5:30,12.52499962,3.684000015,9.345999718,1.279000044,2.467000008,0.883000016,35.10300064
2016/7/14 5:45,11.85499954,3.282000065,9.31000042,1.812000036,2.588999987,0.913999975,34.61100006
2016/7/14 6:00,11.52099991,3.684000015,9.559000015,2.273999929,2.528000116,0.944000006,35.31399918
2016/7/14 6:15,11.45400047,3.148000002,9.630000114,1.953999996,2.437000036,0.883000016,37.20401479233829
2016/7/14 6:30,11.85499954,3.282000065,8.883999825,1.77699995,2.253999949,0.852999985,34.9620018
2016/7/14 6:45,9.979999542,3.415999889,7.923999786,1.812000036,2.375999928,1.004999995,35.379492426434076
2016/7/14 7:00,8.774000168,2.678999901,5.862999916,1.136999965,2.315000057,1.065999985,35.48871340192319
2016/7/14 7:15,9.175999641,2.880000114,6.610000134,0.888000011,2.375999928,1.126999974,37.021335013176525
2016/7/14 7:30,9.979999542,2.947000027,7.249000072,1.812000036,2.375999928,1.097000003,36.01800156
2016/7/14 7:45,10.18099976,3.48300004,7.853000164,1.56400001,2.405999899,1.097000003,37.44908584363278
2016/7/14 8:00,7.971000195,3.08100009,5.96999979,1.598999977,2.375999928,1.279000044,36.956186918770044
2016/7/14 8:15,8.43900013,2.545000076,5.366000175,0.888000011,2.497999907,1.371000051,37.31817254624341
2016/7/14 8:30,8.774000168,3.148000002,5.862999916,1.172999978,2.437000036,1.248999953,37.242369802386825
2016/7/14 8:45,7.836999893,2.344000101,5.472000122,1.136999965,2.559000015,1.340000033,35.8769989
2016/7/14 9:00,8.305999756,2.411000013,5.862999916,1.279000044,2.375999928,1.156999946,35.52500153
2016/7/14 9:15,8.23900032,2.477999926,5.828000069,0.782000005,2.467000008,1.218000054,35.59600067
2016/7/14 9:30,9.175999641,3.148000002,6.183000088,0.782000005,2.497999907,1.218000054,36.71844851444472
2016/7/14 9:45,9.376999855,2.746000051,6.111999989,1.101999998,2.497999907,1.156999946,38.90078649254404
2016/7/14 10:00,9.376999855,2.344000101,6.502999783,1.172999978,2.802000046,1.248999953,37.09590459816576
2016/7/14 10:15,10.7840004,2.210000038,6.751999855,0.782000005,2.924000025,1.248999953,36.088001250000005
2016/7/14 10:30,10.38199997,3.148000002,7.284999847,1.207999945,3.197999954,1.218000054,39.50833927179151
2016/7/14 10:45,10.24800014,2.411000013,7.390999794,1.031000018,3.197999954,1.097000003,39.06056595095012
2016/7/14 11:00,10.04699993,3.148000002,6.857999802,0.782000005,3.167999983,1.097000003,37.35400009
2016/7/14 11:15,10.11400032,3.214999914,6.502999783,1.136999965,3.015000105,1.097000003,36.29899979
2016/7/14 11:30,8.43900013,2.411000013,5.791999817,0.425999999,2.862999916,1.187999964,37.301957255913784
2016/7/14 11:45,8.640000343,2.210000038,5.188000202,0.532999992,2.618999958,1.036000013,37.08373196373117
2016/7/14 12:00,8.23900032,2.075999975,5.68599987,0.391000003,2.588999987,1.036000013,34.61100006
2016/7/14 12:15,8.505999565,2.210000038,5.543000221,0.639999986,2.618999958,1.036000013,32.92200089
2016/7/14 12:30,8.706999779,2.009000063,5.756999969,0.569000006,2.680000067,1.065999985,32.85200119
2016/7/14 12:45,8.840999603,2.27699995,6.183000088,0.745999992,2.710999966,1.036000013,34.50232553124202
2016/7/14 13:00,8.305999756,2.27699995,6.005000114,0.852999985,2.650000095,0.975000024,33.8370018
2016/7/14 13:15,8.975000381,2.344000101,6.361000061,0.745999992,2.832999945,1.279000044,33.48500061
2016/7/14 13:30,8.505999565,1.741000056,5.507999897,0.248999998,2.559000015,1.004999995,34.29340365230236
2016/7/14 13:45,8.43900013,2.344000101,5.436999798,0.569000006,2.559000015,1.036000013,34.44827746196599
2016/7/14 14:00,7.903999805,2.210000038,5.401000023,0.782000005,2.467000008,1.036000013,33.20399857
2016/7/14 14:15,8.305999756,2.27699995,5.366000175,1.101999998,2.467000008,1.065999985,32.85200119
2016/7/14 14:30,7.903999805,2.344000101,5.756999969,0.924000025,2.437000036,1.004999995,32.99300003
2016/7/14 14:45,8.23900032,2.344000101,5.614999771,0.639999986,2.467000008,1.248999953,36.28079737765483
2016/7/14 15:00,12.18999958,4.68900013,10.02099991,2.559000015,2.253999949,0.913999975,34.68099976
2016/7/14 15:15,8.038000107,1.942000031,5.258999825,0.319999993,2.375999928,1.036000013,33.33436166361758
2016/7/14 15:30,7.568999767,1.674000025,5.223999977,0.354999989,2.437000036,1.036000013,34.40000153
2016/7/14 15:45,7.568999767,1.473999977,5.295000076,0.178000003,2.345000029,1.004999995,37.1500529747153
2016/7/14 16:00,7.836999893,1.541000009,5.295000076,0.675000012,2.467000008,1.279000044,36.72100067
2016/7/14 16:15,7.836999893,2.075999975,5.366000175,0.675000012,2.497999907,1.036000013,36.22900009
2016/7/14 16:30,8.104999542,2.210000038,5.472000122,0.711000025,2.650000095,1.91900003,37.07300186
2016/7/14 16:45,8.371999741,2.075999975,5.436999798,0.711000025,2.894000053,1.126999974,38.30496511197985
2016/7/14 17:00,7.903999805,1.60800004,4.619999886,-0.107000001,3.167999983,1.126999974,34.75099945
2016/7/14 17:15,7.769999981,1.340000033,4.513000011,-0.035999998,3.289999962,1.097000003,35.655671511309585
2016/7/14 17:30,7.301000118,1.20599997,4.441999912,-0.035999998,2.497999907,1.004999995,25.75853202365579
2016/7/14 17:45,6.899000168,1.340000033,4.300000191,-0.035999998,2.588999987,1.097000003,22.83352683001374
2016/7/14 18:00,6.429999828,0.938000023,3.980000019,-0.284000009,2.467000008,1.126999974,24.902999879999996
2016/7/14 18:15,6.429999828,1.004999995,3.802000046,-0.284000009,2.559000015,1.004999995,26.09900093
2016/7/14 18:30,6.429999828,0.938000023,3.838000059,-0.248999998,2.559000015,1.004999995,29.19400024
2016/7/14 18:45,6.497000217,0.870999992,4.619999886,-0.319999993,2.588999987,1.036000013,31.02300072
2016/7/14 19:00,7.836999893,1.340000033,5.188000202,0.035999998,2.710999966,1.065999985,32.85200119
2016/7/14 19:15,8.23900032,1.406999946,5.258999825,0.0,2.984999895,1.097000003,33.89223722327961
2016/7/14 19:30,8.706999779,1.473999977,5.614999771,0.107000001,3.075999975,1.065999985,32.536454426605694
2016/7/14 19:45,9.175999641,1.406999946,5.791999817,0.0,3.319999933,1.036000013,34.989621212997484
2016/7/14 20:00,8.975000381,1.406999946,5.68599987,0.035999998,3.259000063,0.975000024,33.49846011479002
2016/7/14 20:15,9.175999641,1.340000033,5.862999916,0.0,3.319999933,0.944000006,32.5
2016/7/14 20:30,8.907999992,1.20599997,5.543000221,-0.035999998,3.319999933,1.004999995,32.7820015
2016/7/14 20:45,8.572999954,1.072000027,5.401000023,-0.142000005,3.167999983,1.004999995,30.952999110000004
2016/7/14 21:00,8.305999756,0.670000017,5.223999977,-0.425999999,3.107000113,0.975000024,31.96184010340498
2016/7/14 21:15,8.23900032,0.536000013,5.188000202,-0.284000009,3.046000004,0.944000006,30.24900055
2016/7/14 21:30,8.706999779,1.875,5.578999996,-0.071000002,2.832999945,0.913999975,30.403461581465812
2016/7/14 21:45,8.572999954,0.938000023,5.756999969,-0.248999998,2.680000067,0.883000016,32.385957584118024
2016/7/14 22:00,8.104999542,0.80400002,5.436999798,-0.319999993,2.650000095,0.883000016,32.43310332054841
2016/7/14 22:15,9.913000107,1.60800004,7.498000145,0.569000006,2.588999987,0.913999975,31.712012319504346
2016/7/14 22:30,10.71700001,3.148000002,8.031000137,1.56400001,2.772000074,0.944000006,30.67099953
2016/7/14 22:45,10.64999962,1.875,7.177999973,1.065999985,2.559000015,0.883000016,32.96571957861554
2016/7/14 23:00,10.11400032,2.545000076,7.639999866,1.136999965,2.588999987,0.913999975,33.53405580039021
2016/7/14 23:15,14.13300037,4.21999979,9.345999718,1.953999996,4.965000153,1.401000023,32.975123189603714
2016/7/14 23:30,13.9989996,4.21999979,8.989999771,1.883000016,4.903999805,1.371000051,31.83685352497915
2016/7/14 23:45,14.60200024,4.554999828,9.559000015,2.203000069,4.873000145,1.70599997,34.111044764603704
2016/7/15 0:00,13.19499969,4.019000053,8.421999931,2.096999884,4.782000065,1.462000012,31.9911906474313
2016/7/15 0:15,13.52999973,4.019000053,8.989999771,1.70599997,4.690999985,1.432000041,31.86700058
2016/7/15 0:30,13.32900047,3.549999952,8.493000031,1.669999957,4.598999977,1.401000023,31.374999999999996
2016/7/15 0:45,14.2670002,4.354000092,9.593999863,2.273999929,4.630000114,1.401000023,33.06299973
2016/7/15 1:00,13.32900047,4.287000179,8.279999733,1.953999996,4.447000027,1.309999943,32.64099884
2016/7/15 1:15,13.32900047,4.019000053,8.989999771,1.77699995,4.507999897,1.309999943,32.36000061
2016/7/15 1:30,12.6590004,3.08100009,8.527999878,1.457000017,4.324999809,1.279000044,32.43000031
2016/7/15 1:45,12.59200001,4.21999979,8.847999573,2.273999929,4.295000076,1.340000033,34.975596021222664
2016/7/15 2:00,13.86499977,4.354000092,8.989999771,1.812000036,4.263999939,1.309999943,33.34400177
2016/7/15 2:15,13.66399956,3.549999952,8.918999672,1.91900003,4.295000076,1.340000033,35.44874280152422
2016/7/15 2:30,12.92700005,3.750999928,7.888999939,1.491999984,4.263999939,1.371000051,34.745065097899925
2016/7/15 2:45,13.52999973,4.287000179,8.706000328,1.63499999,4.203000069,1.309999943,33.13299942
2016/7/15 3:00,11.98900032,3.214999914,7.710999966,1.421000004,4.142000198,1.340000033,33.34400177
2016/7/15 3:15,12.72599983,3.88499999,8.31499958,1.63499999,4.172999859,1.279000044,33.8954959576737
2016/7/15 3:30,11.11900043,2.880000114,6.573999882,0.782000005,4.203000069,1.340000033,34.80750869990157
2016/7/15 3:45,11.85499954,2.880000114,7.390999794,1.243999958,4.234000206,1.371000051,35.15878336704435
2016/7/15 4:00,11.85499954,3.415999889,7.106999874,0.782000005,4.234000206,1.432000041,36.00399076688512
2016/7/15 4:15,10.7840004,2.477999926,6.610000134,0.924000025,4.355999947,1.340000033,34.40000153
2016/7/15 4:30,11.72099972,2.947000027,7.071000099,0.958999991,4.324999809,1.340000033,36.664738881726734
2016/7/15 4:45,11.78800011,2.27699995,6.965000153,0.745999992,4.324999809,1.309999943,34.18899918
2016/7/15 5:00,11.85499954,2.678999901,7.498000145,0.958999991,4.386000156,1.340000033,33.9070015
2016/7/15 5:15,11.31999969,2.009000063,6.289999962,0.569000006,4.568999767,1.644999981,34.25899887
2016/7/15 5:30,12.92700005,3.214999914,7.994999886,1.279000044,4.782000065,1.371000051,34.49444457499743
2016/7/15 5:45,11.18599987,2.142999887,5.862999916,0.284000009,4.842999935,1.340000033,35.84873799177003
2016/7/15 6:00,11.11900043,2.009000063,6.361000061,0.603999972,4.873000145,1.462000012,35.909809828233705
2016/7/15 6:15,11.05200005,1.875,6.076000214,0.142000005,4.721000195,1.552999973,36.272627381813756
2016/7/15 6:30,10.64999962,2.477999926,5.756999969,0.035999998,4.965000153,1.674999952,34.75099945
2016/7/15 6:45,11.72099972,2.545000076,6.254000187,0.816999972,5.086999893,1.70599997,35.03300095
2016/7/15 7:00,11.98900032,2.947000027,6.005000114,0.782000005,4.994999886,1.674999952,36.764656283148916
2016/7/15 7:15,11.25300026,3.214999914,6.361000061,0.603999972,5.177999973,1.70599997,35.45500183
2016/7/15 7:30,11.45400047,2.880000114,6.324999809,0.711000025,5.300000191,1.70599997,35.48800168454996
2016/7/15 7:45,12.12300014,3.282000065,7.0,0.888000011,5.117000103,1.76699996,34.59621650099344
2016/7/15 8:00,8.975000381,2.344000101,6.183000088,0.888000011,2.559000015,1.279000044,35.56607335541043
2016/7/15 8:15,8.907999992,2.545000076,6.005000114,0.958999991,2.437000036,1.097000003,33.34400177
2016/7/15 8:30,9.041999817,2.477999926,6.787000179,1.421000004,2.467000008,1.126999974,32.99300003
2016/7/15 8:45,8.572999954,3.214999914,6.147999763,1.315000057,2.497999907,1.156999946,34.30382367538698
2016/7/15 9:00,9.51099968,3.013999939,7.035999775,1.953999996,2.375999928,1.097000003,32.80375444433504
2016/7/15 9:15,9.645000458,3.348999977,6.610000134,1.243999958,2.650000095,1.156999946,31.23399925
2016/7/15 9:30,9.779000282,3.282000065,7.071000099,1.350000024,2.680000067,1.187999964,31.44499969
2016/7/15 9:45,9.979999542,3.549999952,6.857999802,1.172999978,2.772000074,1.248999953,31.58600044
2016/7/15 10:00,10.11400032,3.549999952,6.965000153,1.56400001,2.954999924,1.432000041,31.375
2016/7/15 10:15,11.18599987,2.746000051,7.498000145,1.031000018,3.381000042,1.279000044,31.30400085
2016/7/15 10:30,11.5880003,3.013999939,7.782000065,1.741000056,3.532999992,1.218000054,31.67515924310249
2016/7/15 10:45,11.5880003,2.812999964,7.390999794,1.527999997,3.349999905,1.309999943,33.757609000583734
2016/7/15 11:00,10.31499958,3.617000103,7.320000172,1.101999998,3.289999962,1.097000003,31.44667228134947
2016/7/15 11:15,9.376999855,3.148000002,6.681000233,1.315000057,3.015000105,1.097000003,31.02300072
2016/7/15 11:30,8.572999954,2.27699995,6.218999863,0.924000025,2.710999966,1.065999985,31.482907514287287
2016/7/15 11:45,8.706999779,2.344000101,5.578999996,0.319999993,2.894000053,1.065999985,31.803616893595773
2016/7/15 12:00,8.640000343,2.27699995,5.721000195,0.391000003,2.588999987,0.975000024,31.58600044
2016/7/15 12:15,8.171999931,2.075999975,5.472000122,0.425999999,2.528000116,0.975000024,31.79700089
2016/7/15 12:30,8.23900032,2.27699995,5.68599987,0.532999992,2.710999966,1.065999985,33.765193035183934
2016/7/15 12:45,8.840999603,2.545000076,5.756999969,0.284000009,2.650000095,1.097000003,31.72599983
2016/7/15 13:00,8.907999992,2.477999926,6.111999989,0.816999972,2.618999958,1.126999974,33.13093373450931
2016/7/15 13:15,8.505999565,2.27699995,6.289999962,1.101999998,2.588999987,1.156999946,31.375
2016/7/15 13:30,9.444000244,2.880000114,6.751999855,1.491999984,2.559000015,1.097000003,31.93799973
2016/7/15 13:45,8.706999779,2.27699995,6.218999863,0.924000025,2.467000008,1.218000054,33.4593830511154
2016/7/15 14:00,9.31000042,2.545000076,6.361000061,0.816999972,2.528000116,1.156999946,31.02300072
2016/7/15 14:15,9.243000031,2.812999964,6.43200016,1.315000057,2.528000116,1.248999953,32.702630535397226
2016/7/15 14:30,8.171999931,2.880000114,6.076000214,0.888000011,2.28399992,1.036000013,29.31987386550931
2016/7/15 14:45,8.640000343,2.812999964,5.650000095,0.711000025,2.28399992,1.126999974,23.928403312417775
2016/7/15 15:00,8.171999931,2.27699995,5.791999817,1.065999985,2.223999977,1.097000003,27.298181488137843
2016/7/15 15:15,8.572999954,2.812999964,5.828000069,0.888000011,2.28399992,1.126999974,25.465999600000004
2016/7/15 15:30,8.038000107,1.875,5.401000023,0.782000005,2.405999899,1.248999953,19.62700081
2016/7/15 15:45,8.171999931,2.344000101,5.543000221,0.852999985,2.588999987,1.248999953,23.70700073
2016/7/15 16:00,7.836999893,2.210000038,5.507999897,0.782000005,2.680000067,1.156999946,26.418356743225175
2016/7/15 16:15,7.769999981,2.27699995,5.721000195,0.958999991,2.618999958,1.279000044,26.515500591484226
2016/7/15 16:30,8.104999542,2.344000101,5.329999924,0.639999986,2.740999937,1.187999964,23.155191437450334
2016/7/15 16:45,8.572999954,2.142999887,5.68599987,0.711000025,2.924000025,1.218000054,18.290000920000004
2016/7/15 17:00,8.505999565,2.210000038,5.578999996,0.497000009,3.229000092,1.401000023,18.08671253839453
2016/7/15 17:15,8.371999741,2.009000063,5.436999798,0.462000012,2.894000053,1.218000054,19.905921323005586
2016/7/15 17:30,8.371999741,2.27699995,5.366000175,0.391000003,2.984999895,1.218000054,21.94799995
2016/7/15 17:45,7.636000156,1.60800004,4.833000183,0.142000005,2.710999966,1.156999946,24.78177840175699
2016/7/15 18:00,7.234000206,1.340000033,4.619999886,0.0,2.588999987,1.097000003,22.44099998
2016/7/15 18:15,6.899000168,1.340000033,4.513000011,0.0,2.375999928,1.065999985,20.61199951
2016/7/15 18:30,6.497000217,1.20599997,4.263999939,-0.035999998,2.28399992,1.004999995,19.76799965
2016/7/15 18:45,6.631000042,1.072000027,4.19299984,-0.107000001,2.405999899,0.944000006,19.881383847016274
2016/7/15 19:00,6.96600008,1.139000058,4.441999912,-0.035999998,2.467000008,0.975000024,16.88299942
2016/7/15 19:15,6.96600008,1.072000027,4.513000011,-0.071000002,2.497999907,0.944000006,20.627221209887008
2016/7/15 19:30,6.96600008,1.139000058,4.547999859,0.0,2.405999899,0.944000006,21.188189110225593
2016/7/15 19:45,7.166999817,1.139000058,4.762000084,0.0,2.437000036,0.913999975,21.245000840000003
2016/7/15 20:00,7.166999817,1.139000058,4.762000084,0.0,2.437000036,0.852999985,23.46913998319793
2016/7/15 20:15,7.166999817,1.139000058,4.65500021,-0.035999998,2.497999907,0.913999975,24.083674621774755
2016/7/15 20:30,7.099999905,1.072000027,4.619999886,-0.107000001,2.437000036,0.975000024,24.45062643931255
2016/7/15 20:45,6.96600008,1.072000027,4.406000137,-0.107000001,2.559000015,1.004999995,26.230315019635672
2016/7/15 21:00,8.371999741,2.947000027,6.218999863,1.207999945,2.437000036,1.036000013,24.198999399999998
2016/7/15 21:15,8.640000343,1.273000002,6.218999863,0.284000009,2.467000008,1.036000013,24.27000046
2016/7/15 21:30,9.779000282,1.741000056,7.284999847,0.711000025,2.253999949,0.975000024,24.462458135676254
2016/7/15 21:45,9.711999893,2.477999926,7.461999893,0.852999985,2.101999998,0.913999975,26.60363019961548
2016/7/15 22:00,9.109000206,2.210000038,7.568999767,0.958999991,2.00999999,0.883000016,27.278492683218587
2016/7/15 22:15,9.845999718,2.812999964,7.284999847,0.675000012,2.101999998,0.883000016,28.34254007964076
2016/7/15 22:30,8.371999741,2.009000063,5.96999979,0.603999972,1.980000019,0.852999985,26.87299919
2016/7/15 22:45,9.31000042,1.942000031,6.928999901,0.603999972,2.040999889,0.883000016,26.87299919
2016/7/15 23:00,8.907999992,2.678999901,7.639999866,1.527999997,1.949000001,0.883000016,27.2236996501229
2016/7/15 23:15,10.11400032,3.08100009,7.994999886,1.172999978,1.91900003,0.883000016,28.76677946558383
2016/7/15 23:30,11.11900043,3.348999977,8.989999771,2.309999943,1.91900003,0.883000016,27.50600052
2016/7/15 23:45,9.913000107,2.27699995,8.279999733,1.84800005,1.797000051,0.852999985,26.94300079
2016/7/16 0:00,8.505999565,2.210000038,6.644999981,0.782000005,1.644999981,0.852999985,26.94300079
2016/7/16 0:15,8.706999779,1.674000025,6.681000233,0.924000025,1.70599997,0.852999985,26.52099991
2016/7/16 0:30,9.779000282,2.477999926,7.604000092,0.995000005,1.552999973,0.852999985,28.487823017700084
2016/7/16 0:45,9.711999893,2.545000076,7.710999966,1.243999958,1.797000051,0.852999985,27.36499977
2016/7/16 1:00,10.04699993,3.08100009,8.031000137,1.669999957,1.735999942,0.822000027,27.36499977
2016/7/16 1:15,9.175999641,2.880000114,7.284999847,1.741000056,1.70599997,0.822000027,27.15399933
2016/7/16 1:30,10.18099976,2.545000076,8.670999527,1.77699995,1.70599997,0.822000027,27.71699905
2016/7/16 1:45,10.64999962,2.611999989,8.527999878,1.598999977,1.552999973,0.760999978,28.49099922
2016/7/16 2:00,10.85099983,3.750999928,8.741999626,1.99000001,1.462000012,0.760999978,29.080954809499392
2016/7/16 2:15,9.109000206,2.075999975,7.604000092,1.527999997,1.491999984,0.760999978,27.7759721946041
2016/7/16 2:30,10.31499958,2.545000076,8.38599968,1.63499999,1.523000002,0.791999996,27.36499977
2016/7/16 2:45,9.979999542,3.549999952,8.954999924,1.883000016,1.491999984,0.760999978,27.64599991
2016/7/16 3:00,8.907999992,2.947000027,7.639999866,1.598999977,1.491999984,0.791999996,29.25439577382592
2016/7/16 3:15,8.23900032,2.27699995,6.681000233,0.995000005,1.432000041,0.731000006,29.10736659614215
2016/7/16 3:30,9.444000244,2.27699995,7.676000118,1.491999984,1.401000023,0.731000006,27.50600052
2016/7/16 3:45,9.243000031,2.746000051,7.960000038,1.812000036,1.432000041,0.670000017,27.22400093
2016/7/16 4:00,9.51099968,2.009000063,7.320000172,1.065999985,1.371000051,0.670000017,29.5732338076625
2016/7/16 4:15,9.175999641,2.210000038,7.143000126,0.639999986,1.432000041,0.670000017,28.63100052
2016/7/16 4:30,9.51099968,2.477999926,7.427000046,1.065999985,1.432000041,0.700999975,28.81446477046956
2016/7/16 4:45,9.041999817,1.807999969,7.355999947,1.172999978,1.552999973,0.670000017,28.42000008
2016/7/16 5:00,9.578000069,2.477999926,7.853000164,0.958999991,1.644999981,0.670000017,30.22507153414598
2016/7/16 5:15,10.91800022,1.674000025,8.421999931,0.782000005,1.797000051,0.639999986,28.84199905
2016/7/16 5:30,11.18599987,2.075999975,8.493000031,0.958999991,2.040999889,0.670000017,27.71699905
2016/7/16 5:45,11.38700008,2.678999901,8.598999977,1.279000044,2.00999999,0.700999975,28.06800079
2016/7/16 6:00,9.645000458,2.210000038,7.604000092,0.782000005,2.163000107,0.731000006,28.80896720534767
2016/7/16 6:15,9.779000282,2.545000076,7.390999794,0.569000006,2.193000078,0.822000027,27.36499977
2016/7/16 6:30,10.18099976,2.812999964,7.747000217,1.457000017,2.163000107,0.883000016,28.56100082
2016/7/16 6:45,7.032999992,1.406999946,5.046000004,0.0,2.253999949,0.944000006,31.148174965860118
2016/7/16 7:00,6.229000092,1.875,4.122000217,0.354999989,2.131999969,1.004999995,29.89699936
2016/7/16 7:15,6.764999866,1.674000025,4.833000183,0.603999972,1.827999949,0.700999975,29.82699966
2016/7/16 7:30,7.301000118,2.27699995,5.329999924,0.888000011,1.827999949,0.822000027,30.17900085
2016/7/16 7:45,6.831999779,1.60800004,4.762000084,0.711000025,2.101999998,1.036000013,32.237705114774606
2016/7/16 8:00,6.96600008,2.746000051,4.93900013,0.711000025,2.101999998,1.065999985,30.17900085
2016/7/16 8:15,7.368000031,1.875,4.833000183,0.425999999,2.223999977,1.156999946,31.09741815797973
2016/7/16 8:30,7.166999817,1.674000025,5.258999825,0.888000011,2.163000107,1.036000013,32.454279958255576
2016/7/16 8:45,7.636000156,2.411000013,5.295000076,0.816999972,2.131999969,1.036000013,33.13038861030558
2016/7/16 9:00,7.301000118,1.60800004,5.117000103,0.319999993,2.101999998,0.975000024,33.24854727439657
2016/7/16 9:15,7.971000195,2.075999975,5.258999825,0.782000005,2.163000107,1.156999946,33.386469296296845
2016/7/16 9:30,7.836999893,2.880000114,5.650000095,0.745999992,2.497999907,1.036000013,33.54268457086502
2016/7/16 9:45,8.305999756,2.27699995,6.324999809,1.598999977,2.253999949,1.036000013,32.99300003
2016/7/16 10:00,8.840999603,2.27699995,6.395999908,0.958999991,2.588999987,1.126999974,33.20399857
2016/7/16 10:15,9.979999542,2.210000038,6.681000233,1.243999958,2.772000074,1.065999985,34.03908201066906
2016/7/16 10:30,10.04699993,2.27699995,7.177999973,0.958999991,2.954999924,1.156999946,33.889727137456795
2016/7/16 10:45,9.779000282,2.27699995,7.106999874,1.172999978,3.075999975,1.065999985,32.21900177
2016/7/16 11:00,9.243000031,2.142999887,6.43200016,0.995000005,3.015000105,1.156999946,34.89004660500089
2016/7/16 11:15,9.243000031,2.545000076,6.183000088,0.924000025,2.984999895,1.279000044,33.20399857
2016/7/16 11:30,7.836999893,2.075999975,5.472000122,0.425999999,2.772000074,1.187999964,33.34400177
2016/7/16 11:45,7.166999817,1.875,5.046000004,0.071000002,2.345000029,1.004999995,34.8078138697572
2016/7/16 12:00,6.429999828,1.273000002,4.263999939,0.284000009,2.345000029,1.004999995,32.71099854
2016/7/16 12:15,6.09499979,0.938000023,4.086999893,0.213,2.163000107,0.975000024,33.95932107034129
2016/7/16 12:30,7.368000031,2.009000063,4.619999886,0.462000012,2.163000107,0.944000006,34.96252282243614
2016/7/16 12:45,6.96600008,2.344000101,4.93900013,0.569000006,2.253999949,0.975000024,34.08573338259244
2016/7/16 13:00,6.697999954,2.27699995,4.547999859,0.354999989,2.253999949,1.036000013,32.85200119
2016/7/16 13:15,6.631000042,1.473999977,4.477000237,0.248999998,2.193000078,0.944000006,33.88854425774222
2016/7/16 13:30,7.568999767,2.142999887,5.081999779,0.639999986,2.223999977,1.065999985,35.55093460339162
2016/7/16 13:45,6.831999779,2.210000038,5.046000004,1.172999978,2.071000099,1.004999995,33.87091462359081
2016/7/16 14:00,7.769999981,2.678999901,4.93900013,1.207999945,2.193000078,1.097000003,33.20399857
2016/7/16 14:15,7.636000156,2.812999964,5.614999771,1.207999945,2.040999889,1.065999985,34.47000122
2016/7/16 14:30,7.836999893,2.344000101,5.046000004,0.639999986,2.163000107,1.065999985,34.429583739249516
2016/7/16 14:45,7.368000031,2.009000063,5.188000202,0.711000025,2.040999889,1.004999995,35.06842263450339
2016/7/16 15:00,8.104999542,2.344000101,5.828000069,1.065999985,2.193000078,1.065999985,34.04800034
2016/7/16 15:15,7.568999767,2.210000038,4.868000031,0.958999991,2.193000078,1.065999985,35.89212742843685
2016/7/16 15:30,6.899000168,1.807999969,4.833000183,0.425999999,2.223999977,1.097000003,37.2140007
2016/7/16 15:45,7.301000118,2.411000013,4.65500021,1.031000018,2.28399992,1.065999985,38.117597409562556
2016/7/16 16:00,7.099999905,2.142999887,5.329999924,1.350000024,2.131999969,1.065999985,38.157456841857275
2016/7/16 16:15,7.301000118,2.545000076,5.046000004,1.172999978,2.193000078,1.126999974,35.45500183
2016/7/16 16:30,7.301000118,2.009000063,4.93900013,0.888000011,2.131999969,1.065999985,35.10300064
2016/7/16 16:45,7.903999805,2.27699995,5.650000095,1.207999945,2.405999899,1.036000013,35.82591497083912
2016/7/16 17:00,7.836999893,2.210000038,5.366000175,0.958999991,2.528000116,1.036000013,35.07232344938755
2016/7/16 17:15,8.171999931,2.27699995,5.507999897,0.816999972,2.528000116,1.036000013,37.44832001333128
2016/7/16 17:30,7.836999893,2.009000063,5.223999977,0.497000009,2.588999987,1.036000013,35.8769989
2016/7/16 17:45,7.501999855,1.807999969,4.868000031,0.497000009,2.618999958,1.097000003,35.45500183
2016/7/16 18:00,7.301000118,1.741000056,4.477000237,0.354999989,2.528000116,1.097000003,35.59600067
2016/7/16 18:15,6.899000168,1.406999946,4.547999859,0.142000005,2.405999899,1.004999995,37.548055243123976
2016/7/16 18:30,7.166999817,1.406999946,4.584000111,0.107000001,2.588999987,0.975000024,36.22900009
2016/7/16 18:45,6.96600008,1.340000033,4.406000137,0.035999998,2.497999907,1.036000013,35.589791088578245
2016/7/16 19:00,6.697999954,1.20599997,4.229000092,-0.035999998,2.405999899,1.004999995,35.722166698277384
2016/7/16 19:15,6.697999954,1.273000002,4.229000092,0.0,2.467000008,1.065999985,34.63712137997858
2016/7/16 19:30,6.899000168,1.20599997,4.335000038,-0.035999998,2.559000015,0.975000024,33.261524529690085
2016/7/16 19:45,7.501999855,1.273000002,4.65500021,0.035999998,2.802000046,1.004999995,32.00799942
2016/7/16 20:00,7.836999893,1.20599997,4.974999905,0.0,2.862999916,0.975000024,32.14899826
2016/7/16 20:15,8.104999542,1.340000033,5.152999878,0.071000002,2.924000025,1.004999995,32.59831619045226
2016/7/16 20:30,8.104999542,1.273000002,5.081999779,0.0,2.924000025,1.036000013,32.20473242579806
2016/7/16 20:45,7.769999981,1.406999946,4.93900013,0.071000002,2.772000074,1.004999995,31.304000850000005
2016/7/16 21:00,7.434999943,1.273000002,4.584000111,-0.354999989,2.650000095,0.975000024,32.00799942
2016/7/16 21:15,7.166999817,1.741000056,5.329999924,0.142000005,2.618999958,1.004999995,32.73092950181483
2016/7/16 21:30,8.038000107,2.075999975,5.507999897,0.425999999,2.437000036,1.004999995,34.73586284930465
2016/7/16 21:45,7.636000156,1.807999969,5.258999825,0.107000001,2.375999928,0.975000024,31.58600044
2016/7/16 22:00,8.104999542,2.009000063,6.005000114,0.958999991,2.253999949,0.852999985,33.40901921381501
2016/7/16 22:15,8.038000107,1.942000031,5.721000195,0.425999999,2.223999977,0.822000027,34.65653476116823
2016/7/16 22:30,8.104999542,2.009000063,5.436999798,0.425999999,2.253999949,0.913999975,32.00799942
2016/7/16 22:45,7.099999905,1.674000025,4.974999905,0.569000006,2.163000107,0.883000016,31.86700058
2016/7/16 23:00,7.836999893,1.807999969,5.366000175,0.782000005,2.071000099,0.883000016,30.88199997
2016/7/16 23:15,8.907999992,2.075999975,6.218999863,0.852999985,1.949000001,0.852999985,32.59316862798775
2016/7/16 23:30,9.578000069,2.344000101,7.676000118,1.350000024,1.980000019,0.852999985,33.259945373721095
2016/7/16 23:45,9.175999641,3.013999939,8.208999634,1.243999958,1.91900003,0.852999985,33.02103336430077
2016/7/17 0:00,10.18099976,2.746000051,8.598999977,1.669999957,1.91900003,0.852999985,31.30400085
2016/7/17 0:15,9.578000069,2.210000038,7.461999893,0.995000005,1.85800004,0.852999985,33.127816009313214
2016/7/17 0:30,10.04699993,2.880000114,8.598999977,1.63499999,1.85800004,0.883000016,30.881999969999995
2016/7/17 0:45,9.779000282,2.477999926,7.994999886,1.84800005,1.76699996,0.852999985,31.02300072
2016/7/17 1:00,10.04699993,2.947000027,8.173000336,1.598999977,1.827999949,0.883000016,32.62040628307482
2016/7/17 1:15,9.041999817,3.08100009,6.71600008,1.598999977,1.735999942,0.852999985,31.233999250000004
2016/7/17 1:30,9.31000042,2.880000114,7.320000172,1.56400001,1.797000051,0.822000027,31.54683287078304
2016/7/17 1:45,10.18099976,3.415999889,8.208999634,2.415999889,1.644999981,0.822000027,32.985892509836226
2016/7/17 2:00,9.779000282,3.08100009,7.747000217,2.131999969,1.735999942,0.822000027,31.902496896415055
2016/7/17 2:15,10.91800022,3.750999928,8.741999626,1.77699995,1.552999973,0.670000017,33.47136726681743
2016/7/17 2:30,7.836999893,2.075999975,6.324999809,0.958999991,1.491999984,0.670000017,33.73649590645174
2016/7/17 2:45,9.243000031,2.678999901,7.284999847,1.491999984,1.552999973,0.700999975,31.304000849999998
2016/7/17 3:00,8.43900013,2.27699995,6.787000179,1.207999945,1.583999991,0.760999978,32.47118811732103
2016/7/17 3:15,7.501999855,1.807999969,6.040999889,0.639999986,1.523000002,0.670000017,33.2667596091479
2016/7/17 3:30,8.305999756,2.812999964,6.857999802,1.315000057,1.583999991,0.731000006,33.58521487147919
2016/7/17 3:45,8.505999565,2.545000076,7.106999874,1.527999997,1.462000012,0.731000006,32.72177676973032
2016/7/17 4:00,9.041999817,1.942000031,7.604000092,1.491999984,1.552999973,0.700999975,31.867000579999996
2016/7/17 4:15,9.51099968,2.075999975,8.137999535,1.207999945,1.674999952,0.700999975,32.92146389812058
2016/7/17 4:30,6.56400013,2.075999975,5.721000195,0.675000012,1.76699996,0.700999975,33.25914012861531
2016/7/17 4:45,8.640000343,1.674000025,6.289999962,0.532999992,1.735999942,0.791999996,31.588057476697173
2016/7/17 5:00,9.31000042,2.210000038,7.568999767,1.243999958,1.85800004,0.975000024,32.21900177
2016/7/17 5:15,9.51099968,1.741000056,6.857999802,0.852999985,2.101999998,0.731000006,31.58600044
2016/7/17 5:30,10.11400032,2.477999926,7.355999947,0.995000005,2.345000029,0.883000016,31.44499969
2016/7/17 5:45,11.45400047,3.08100009,8.954999924,1.279000044,2.28399992,0.791999996,33.234871573101444
2016/7/17 6:00,11.45400047,3.214999914,8.883999825,1.421000004,2.437000036,0.791999996,31.72599983
2016/7/17 6:15,10.51599979,2.746000051,8.031000137,1.386000037,2.437000036,0.944000006,31.72599983
2016/7/17 6:30,9.175999641,2.545000076,6.751999855,1.101999998,2.375999928,1.036000013,31.72599983
2016/7/17 6:45,9.376999855,3.013999939,6.502999783,0.888000011,2.315000057,1.065999985,31.867000579999996
2016/7/17 7:00,7.703000069,2.009000063,5.68599987,0.711000025,2.375999928,1.065999985,32.28900146
2016/7/17 7:15,8.43900013,2.746000051,5.756999969,1.386000037,2.28399992,1.065999985,33.55599976
2016/7/17 7:30,7.568999767,1.807999969,5.117000103,0.782000005,2.315000057,1.036000013,34.00805687046929
2016/7/17 7:45,8.572999954,2.210000038,5.96999979,1.136999965,2.193000078,1.065999985,35.2143060933781
2016/7/17 8:00,7.836999893,2.210000038,5.650000095,0.745999992,2.345000029,1.036000013,35.91058541253738
2016/7/17 8:15,7.903999805,2.545000076,5.366000175,1.386000037,2.315000057,1.036000013,35.13476176315998
2016/7/17 8:30,7.636000156,2.075999975,5.366000175,0.958999991,2.253999949,1.126999974,35.47141688038962
2016/7/17 8:45,7.769999981,2.545000076,5.756999969,1.315000057,2.375999928,1.371000051,33.8370018
2016/7/17 9:00,7.769999981,2.142999887,5.366000175,1.101999998,2.650000095,1.248999953,33.97800064
2016/7/17 9:15,8.371999741,2.812999964,6.040999889,0.816999972,2.345000029,1.126999974,33.9070015
2016/7/17 9:30,8.975000381,2.344000101,6.147999763,0.852999985,2.437000036,1.279000044,34.54000092
2016/7/17 9:45,9.175999641,2.880000114,6.218999863,0.888000011,2.984999895,1.309999943,34.9620018
2016/7/17 10:00,9.175999641,3.08100009,6.43200016,1.172999978,2.894000053,1.218000054,34.47000122
2016/7/17 10:15,10.31499958,2.880000114,6.71600008,1.315000057,2.862999916,1.156999946,35.03300095
2016/7/17 10:30,10.18099976,2.009000063,6.573999882,0.782000005,3.107000113,1.340000033,34.9620018
2016/7/17 10:45,9.444000244,1.807999969,6.467000008,0.782000005,3.229000092,1.097000003,35.67283571433911
2016/7/17 11:00,9.645000458,2.477999926,6.610000134,1.350000024,3.107000113,1.004999995,35.24399948
2016/7/17 11:15,8.774000168,2.477999926,5.578999996,0.852999985,2.740999937,0.944000006,35.68260014975669
2016/7/17 11:30,8.104999542,2.545000076,5.899000168,0.782000005,2.528000116,1.004999995,36.04466242036928
2016/7/17 11:45,7.636000156,1.875,4.762000084,0.354999989,2.375999928,1.004999995,38.446290088307386
2016/7/17 12:00,7.636000156,1.807999969,5.188000202,0.248999998,2.405999899,0.975000024,36.29899979
2016/7/17 12:15,7.636000156,1.674000025,5.010000229,0.248999998,2.345000029,0.944000006,38.07546818377953
2016/7/17 12:30,6.96600008,1.807999969,4.868000031,0.213,2.315000057,0.975000024,36.43999863
2016/7/17 12:45,7.301000118,1.541000009,4.93900013,0.213,2.467000008,1.004999995,35.8769989
2016/7/17 13:00,8.038000107,1.541000009,5.010000229,0.497000009,2.437000036,1.036000013,37.31346006663298
2016/7/17 13:15,7.434999943,1.674000025,5.188000202,0.569000006,2.315000057,1.004999995,36.79100037
2016/7/17 13:30,7.501999855,2.27699995,5.329999924,0.532999992,2.223999977,0.944000006,37.83638039736135
2016/7/17 13:45,8.505999565,1.741000056,5.899000168,0.782000005,2.163000107,1.004999995,39.37237671279515
2016/7/17 14:00,8.371999741,2.411000013,6.147999763,1.031000018,2.193000078,0.975000024,38.3390007
2016/7/17 14:15,8.43900013,2.611999989,5.436999798,0.888000011,2.193000078,1.279000044,38.4090004
2016/7/17 14:30,7.769999981,2.477999926,5.650000095,0.675000012,2.253999949,1.004999995,38.4090004
2016/7/17 14:45,8.371999741,1.942000031,5.507999897,0.782000005,2.28399992,1.036000013,40.50396428336538
2016/7/17 15:00,8.371999741,2.344000101,5.899000168,0.852999985,2.345000029,1.065999985,40.02700043
2016/7/17 15:15,7.636000156,2.477999926,5.472000122,0.888000011,2.223999977,1.036000013,39.46500015
2016/7/17 15:30,8.104999542,2.477999926,5.472000122,0.888000011,2.253999949,0.975000024,36.50999832
2016/7/17 15:45,7.971000195,2.075999975,5.756999969,0.782000005,2.28399992,0.975000024,36.50999832
2016/7/17 16:00,7.703000069,2.142999887,5.472000122,1.065999985,2.223999977,0.975000024,37.98699951
2016/7/17 16:15,8.305999756,2.411000013,5.756999969,0.958999991,2.405999899,1.065999985,40.78232245042453
2016/7/17 16:30,8.171999931,2.27699995,5.650000095,0.958999991,2.467000008,1.036000013,39.11299896
2016/7/17 16:45,8.171999931,2.344000101,5.614999771,0.924000025,2.528000116,1.065999985,37.84700012
2016/7/17 17:00,8.505999565,2.545000076,5.791999817,1.172999978,2.710999966,1.126999974,39.11299896
2016/7/17 17:15,8.640000343,2.477999926,5.756999969,1.279000044,2.832999945,1.126999974,38.90200043
2016/7/17 17:30,8.572999954,1.942000031,5.543000221,0.675000012,2.832999945,1.126999974,38.54999924
2016/7/17 17:45,8.43900013,2.075999975,5.614999771,0.675000012,2.862999916,1.126999974,38.838266394579
2016/7/17 18:00,8.305999756,1.942000031,5.543000221,0.532999992,2.710999966,1.097000003,37.00299835
2016/7/17 18:15,8.104999542,1.674000025,5.366000175,0.284000009,2.740999937,1.097000003,38.48943513612349
2016/7/17 18:30,7.769999981,1.807999969,5.081999779,0.354999989,2.650000095,1.065999985,38.62054816653185
2016/7/17 18:45,7.769999981,2.075999975,5.081999779,0.462000012,2.618999958,1.036000013,36.37943685674945
2016/7/17 19:00,8.104999542,1.674000025,5.366000175,0.319999993,2.710999966,1.065999985,36.1738546077329
2016/7/17 19:15,8.171999931,1.674000025,5.329999924,0.284000009,2.740999937,1.065999985,35.10300064
2016/7/17 19:30,8.505999565,1.674000025,5.650000095,0.248999998,2.894000053,1.036000013,36.80167593572668
2016/7/17 19:45,9.041999817,1.674000025,5.899000168,0.284000009,3.075999975,0.975000024,37.45563215616949
2016/7/17 20:00,9.913000107,1.674000025,6.395999908,0.284000009,3.381000042,0.975000024,36.504920016390244
2016/7/17 20:15,9.979999542,1.674000025,6.538000107,0.284000009,3.411000013,1.065999985,33.62599945
2016/7/17 20:30,10.18099976,1.60800004,6.71600008,0.248999998,3.441999912,0.944000006,33.76699829
2016/7/17 20:45,9.913000107,1.60800004,6.573999882,0.248999998,3.319999933,0.944000006,33.62599945
2016/7/17 21:00,10.24800014,0.536000013,6.502999783,-0.745999992,3.289999962,0.913999975,35.05385038774205
2016/7/17 21:15,11.98900032,2.611999989,8.989999771,1.243999958,3.107000113,0.913999975,32.92200089
2016/7/17 21:30,12.25699997,2.611999989,9.097000122,0.995000005,2.954999924,0.975000024,34.362288571575945
2016/7/17 21:45,12.32400036,2.880000114,9.487999916,1.56400001,2.772000074,0.913999975,35.11384410711363
2016/7/17 22:00,12.45800018,3.684000015,9.807999611,2.131999969,2.528000116,0.822000027,33.48500061
2016/7/17 22:15,12.99400043,3.415999889,10.625,1.63499999,2.710999966,0.760999978,34.40107008509605
2016/7/17 22:30,12.79300022,3.348999977,11.08699989,1.91900003,2.650000095,0.883000016,33.99919779057571
2016/7/17 22:45,14.46800041,3.88499999,11.54899979,2.523000002,2.650000095,0.852999985,33.20399857
2016/7/17 23:00,14.2670002,4.287000179,11.65499973,2.878000021,2.467000008,0.760999978,34.17490854485206
2016/7/17 23:15,15.94099998,4.956999779,10.44699955,3.092000008,4.934000015,1.248999953,35.2594652405351
2016/7/17 23:30,16.81200027,5.559000015,11.58399963,3.375999928,4.721000195,1.279000044,33.55599976
2016/7/17 23:45,16.20899963,4.956999779,11.58399963,2.559000015,4.690999985,1.340000033,34.04800034
2016/7/18 0:00,14.53499985,3.951999903,10.16300011,2.061000109,4.568999767,1.340000033,35.94620978113261
2016/7/18 0:15,15.60599995,5.290999889,10.66100025,2.451999903,4.538000107,1.309999943,34.40000153
2016/7/18 0:30,15.3380003,4.822999954,10.9090004,2.451999903,4.507999897,1.340000033,34.54000092
2016/7/18 0:45,15.3380003,5.157000065,11.33600044,2.664999962,4.355999947,1.309999943,34.54000092
2016/7/18 1:00,15.8739996,5.157000065,11.37100029,2.772000074,4.355999947,1.309999943,33.9070015
2016/7/18 1:15,16.34300041,5.090000153,12.15299988,3.305000067,4.324999809,1.279000044,35.95017261626434
2016/7/18 1:30,14.60200024,4.956999779,10.27000046,2.806999922,4.721000195,1.462000012,34.68099976
2016/7/18 1:45,14.66899967,5.022999763,10.4829998,2.914000034,4.630000114,1.523000002,34.11800003
2016/7/18 2:00,15.13700008,4.152999878,10.09200001,2.167999983,4.447000027,1.401000023,33.55599976
2016/7/18 2:15,14.40100002,4.21999979,9.807999611,2.131999969,4.447000027,1.552999973,34.32899857
2016/7/18 2:30,13.12800026,3.88499999,9.097000122,1.457000017,4.355999947,1.340000033,35.454462386090434
2016/7/18 2:45,13.9989996,4.085999966,9.666000366,2.025000095,4.295000076,1.401000023,33.9070015
2016/7/18 3:00,14.46800041,4.21999979,9.593999863,2.131999969,4.324999809,1.462000012,34.85425470413548
2016/7/18 3:15,14.53499985,4.487999916,9.984999657,1.77699995,4.386000156,1.432000041,34.54000092
2016/7/18 3:30,13.9989996,4.287000179,9.522999763,2.025000095,4.386000156,1.462000012,33.966331193970355
2016/7/18 3:45,13.12800026,3.750999928,8.883999825,1.421000004,4.447000027,1.432000041,34.75099945
2016/7/18 4:00,12.18999958,3.282000065,7.923999786,0.888000011,4.172999859,1.340000033,34.9620018
2016/7/18 4:15,13.39599991,3.549999952,8.777000427,1.136999965,4.234000206,1.432000041,32.99300003
2016/7/18 4:30,14.06599998,3.684000015,9.168000221,1.77699995,4.386000156,1.340000033,33.53988211335618
2016/7/18 4:45,14.73600006,4.085999966,10.05599976,2.273999929,4.416999817,1.371000051,33.97800064
2016/7/18 5:00,12.79300022,2.746000051,8.244000435,0.958999991,4.416999817,1.371000051,34.8219986
2016/7/18 5:15,15.40499973,4.756000042,10.51799965,1.91900003,4.630000114,1.432000041,33.76699829
2016/7/18 5:30,15.73999977,4.68900013,10.9090004,2.630000114,4.903999805,1.371000051,35.202922143424715
2016/7/18 5:45,16.27599907,4.21999979,10.8739996,1.953999996,4.934000015,1.309999943,34.40000153
2016/7/18 6:00,13.19499969,2.947000027,8.635000229,1.031000018,4.751999855,1.401000023,34.50855666892
2016/7/18 6:15,13.9989996,3.549999952,9.949999809,1.741000056,4.903999805,1.491999984,34.40000153
2016/7/18 6:30,16.27599907,5.357999802,11.12199974,2.523000002,4.842999935,1.491999984,36.53527787511558
2016/7/18 6:45,16.27599907,5.290999889,11.01599979,2.594000101,4.873000145,1.674999952,36.166694340743994
2016/7/18 7:00,13.59700012,4.152999878,8.635000229,1.279000044,4.903999805,1.674999952,38.50345819282131
2016/7/18 7:15,15.3380003,4.554999828,9.843000412,2.309999943,4.842999935,1.674999952,36.43999863
2016/7/18 7:30,15.3380003,5.223999977,10.3409996,2.167999983,5.026000023,1.735999942,37.57776783051162
2016/7/18 7:45,13.73099995,3.549999952,8.173000336,1.101999998,5.026000023,1.76699996,35.24399948
2016/7/18 8:00,9.913000107,2.545000076,7.710999966,1.207999945,2.588999987,1.126999974,35.26046909499852
2016/7/18 8:15,10.64999962,2.947000027,8.173000336,1.350000024,2.467000008,1.218000054,35.641979270897565
2016/7/18 8:30,10.38199997,2.812999964,7.782000065,1.136999965,2.315000057,1.097000003,37.490000363780915
2016/7/18 8:45,10.85099983,2.947000027,7.568999767,1.315000057,2.375999928,1.187999964,37.231218520174316
2016/7/18 9:00,8.104999542,1.942000031,6.111999989,0.603999972,2.375999928,1.309999943,36.08800125
2016/7/18 9:15,8.171999931,2.477999926,5.650000095,0.958999991,2.772000074,1.279000044,34.89199829
2016/7/18 9:30,9.444000244,3.08100009,6.147999763,1.63499999,2.650000095,1.552999973,37.42974247675811
2016/7/18 9:45,9.444000244,3.214999914,6.183000088,0.852999985,2.772000074,1.371000051,36.22900009
2016/7/18 10:00,8.975000381,2.880000114,6.43200016,0.852999985,2.772000074,1.279000044,37.69131849985271
2016/7/18 10:15,10.31499958,2.880000114,6.71600008,0.995000005,3.289999962,1.279000044,37.82050510565327
2016/7/18 10:30,10.44900036,1.875,6.751999855,0.782000005,3.107000113,1.218000054,36.29899979
2016/7/18 10:45,9.913000107,2.411000013,6.573999882,1.172999978,3.289999962,1.309999943,35.9469986
2016/7/18 11:00,9.31000042,3.08100009,6.43200016,1.031000018,3.229000092,1.279000044,39.10689402639623
2016/7/18 11:15,8.305999756,2.27699995,5.899000168,1.065999985,2.984999895,1.097000003,36.65100098
2016/7/18 11:30,8.640000343,2.545000076,5.401000023,0.711000025,2.618999958,1.126999974,38.03974156178605
2016/7/18 11:45,7.301000118,1.473999977,4.725999832,0.142000005,2.375999928,1.126999974,36.79100037
2016/7/18 12:00,7.636000156,1.674000025,5.046000004,0.284000009,2.437000036,1.036000013,36.42282893564494
2016/7/18 12:15,7.301000118,1.807999969,4.974999905,-0.071000002,2.315000057,1.187999964,36.93199921
2016/7/18 12:30,8.038000107,1.942000031,5.366000175,0.319999993,2.345000029,0.944000006,35.59600067
2016/7/18 12:45,7.971000195,1.741000056,5.68599987,0.284000009,2.345000029,0.944000006,37.28372243390912
2016/7/18 13:00,8.23900032,2.075999975,5.68599987,0.639999986,2.345000029,0.913999975,37.35400009
2016/7/18 13:15,8.572999954,1.674000025,5.862999916,0.852999985,2.375999928,1.004999995,36.50999832
2016/7/18 13:30,8.371999741,2.344000101,5.899000168,0.745999992,2.437000036,1.036000013,38.69840143190311
2016/7/18 13:45,8.840999603,2.27699995,6.538000107,0.745999992,2.375999928,1.004999995,38.59828521312271
2016/7/18 14:00,8.706999779,2.009000063,6.43200016,0.745999992,2.437000036,1.004999995,38.54999924
2016/7/18 14:15,8.774000168,2.411000013,6.147999763,0.782000005,2.467000008,1.036000013,39.73467297168979
2016/7/18 14:30,7.836999893,2.545000076,5.614999771,0.711000025,2.772000074,1.097000003,38.54999924
2016/7/18 14:45,8.640000343,1.807999969,5.828000069,0.603999972,2.710999966,1.218000054,37.14300156
2016/7/18 15:00,7.903999805,2.27699995,5.436999798,0.675000012,2.832999945,1.126999974,38.05799866
2016/7/18 15:15,8.43900013,2.210000038,5.614999771,0.569000006,2.588999987,1.065999985,39.95655183807642
2016/7/18 15:30,8.171999931,1.741000056,5.401000023,0.284000009,2.894000053,1.097000003,38.3390007
2016/7/18 15:45,8.305999756,1.807999969,5.650000095,0.497000009,2.832999945,1.126999974,35.9469986
2016/7/18 16:00,8.43900013,1.741000056,5.578999996,0.462000012,2.802000046,1.156999946,36.612696123301184
2016/7/18 16:15,8.572999954,2.411000013,5.756999969,0.569000006,3.046000004,1.156999946,34.89199829
2016/7/18 16:30,8.774000168,2.27699995,5.721000195,0.711000025,2.984999895,1.309999943,36.97021588085005
2016/7/18 16:45,8.706999779,1.942000031,5.791999817,0.639999986,3.075999975,1.309999943,35.24399948
2016/7/18 17:00,8.505999565,2.075999975,5.472000122,0.497000009,3.015000105,1.309999943,35.66600037
2016/7/18 17:15,8.572999954,1.942000031,5.366000175,0.354999989,2.924000025,1.156999946,34.47000122
2016/7/18 17:30,8.43900013,1.60800004,5.366000175,0.248999998,2.984999895,1.065999985,35.10300064
2016/7/18 17:45,8.706999779,2.009000063,5.650000095,0.391000003,3.046000004,1.187999964,33.8370018
2016/7/18 18:00,8.371999741,1.942000031,5.543000221,0.391000003,3.289999962,1.340000033,34.762957024287275
2016/7/18 18:15,8.371999741,2.009000063,5.258999825,0.425999999,3.015000105,1.248999953,34.45568290566937
2016/7/18 18:30,8.23900032,1.807999969,5.258999825,0.284000009,2.954999924,1.218000054,35.01576120154343
2016/7/18 18:45,8.038000107,1.674000025,5.117000103,0.284000009,2.894000053,1.036000013,34.96784621695093
2016/7/18 19:00,8.171999931,1.741000056,5.329999924,0.319999993,2.832999945,1.036000013,33.62599945
2016/7/18 19:15,8.371999741,1.674000025,5.543000221,0.319999993,2.954999924,1.036000013,35.41664292326508
2016/7/18 19:30,8.975000381,1.807999969,5.828000069,0.391000003,3.167999983,1.097000003,34.04800034
2016/7/18 19:45,9.578000069,1.875,6.218999863,0.425999999,3.441999912,1.036000013,34.84603875129415
2016/7/18 20:00,10.51599979,2.075999975,6.822999954,0.497000009,3.686000109,1.126999974,36.949402775375624
2016/7/18 20:15,10.71700001,2.210000038,6.787000179,0.425999999,3.838000059,1.126999974,35.448176888485456
2016/7/18 20:30,10.44900036,2.142999887,6.822999954,0.425999999,3.746000051,1.126999974,34.04800034
2016/7/18 20:45,10.51599979,2.075999975,6.644999981,0.425999999,3.838000059,1.126999974,36.21549242064975
2016/7/18 21:00,11.45400047,1.674000025,8.065999985,0.178000003,3.563999891,1.156999946,35.16447981057713
2016/7/18 21:15,11.72099972,2.344000101,8.421999931,0.248999998,3.471999884,1.218000054,33.13299942
2016/7/18 21:30,11.85499954,2.947000027,9.204000473,1.56400001,3.319999933,1.097000003,34.04800034
2016/7/18 21:45,12.05599976,2.344000101,9.31000042,1.101999998,3.046000004,0.975000024,36.64308919431739
2016/7/18 22:00,12.45800018,3.415999889,9.949999809,1.77699995,2.862999916,0.883000016,33.9070015
2016/7/18 22:15,13.59700012,3.617000103,10.30500031,1.598999977,2.802000046,0.852999985,33.62599945
2016/7/18 22:30,12.72599983,3.415999889,9.807999611,1.812000036,2.710999966,0.913999975,33.76699829
2016/7/18 22:45,13.4630003,3.750999928,10.9090004,2.523000002,2.559000015,0.944000006,33.06299973
2016/7/18 23:00,12.05599976,3.348999977,10.05599976,1.77699995,2.437000036,0.883000016,35.140179128978104
2016/7/18 23:15,14.80300045,5.223999977,12.61499977,3.660000086,2.528000116,0.913999975,35.270284654691245
2016/7/18 23:30,14.60200024,4.622000217,12.33100033,2.984999895,2.497999907,0.913999975,34.99269123234197
2016/7/18 23:45,12.45800018,3.684000015,10.09200001,2.203000069,2.437000036,0.944000006,34.418190140361084
2016/7/19 0:00,13.59700012,4.085999966,11.37100029,2.486999989,2.315000057,0.852999985,33.76699829
2016/7/19 0:15,14.2670002,4.756000042,12.04599953,2.984999895,2.071000099,0.700999975,34.8581971169105
2016/7/19 0:30,13.19499969,4.487999916,11.12199974,3.019999981,1.91900003,0.639999986,34.9748300980207
2016/7/19 0:45,12.18999958,3.48300004,9.949999809,2.239000082,1.888000011,0.639999986,33.69599915
2016/7/19 1:00,13.79800034,4.085999966,11.30000019,3.163000107,1.827999949,0.670000017,35.50554058475261
2016/7/19 1:15,12.39099979,4.287000179,10.94499969,3.055999994,1.76699996,0.639999986,32.99300003
2016/7/19 1:30,11.52099991,3.282000065,9.559000015,2.486999989,1.76699996,0.639999986,33.06299973
2016/7/19 1:45,13.73099995,4.68900013,11.79800034,3.375999928,1.85800004,0.700999975,35.53814571033501
2016/7/19 2:00,12.72599983,4.354000092,10.8380003,2.486999989,1.827999949,0.670000017,34.76602677223179
2016/7/19 2:15,12.79300022,4.354000092,10.8380003,2.842999935,1.735999942,0.700999975,33.97800064
2016/7/19 2:30,13.06099987,4.019000053,11.22900009,2.948999882,1.76699996,0.670000017,34.328998569999996
2016/7/19 2:45,11.72099972,3.617000103,9.737000465,2.061000109,1.76699996,0.731000006,34.18899918
2016/7/19 3:00,11.38700008,3.214999914,9.593999863,2.381000042,1.70599997,0.731000006,33.13299942
2016/7/19 3:15,10.71700001,3.013999939,9.131999969,2.273999929,1.70599997,0.670000017,33.98587325096542
2016/7/19 3:30,11.45400047,3.282000065,9.274999619,1.91900003,1.70599997,0.700999975,32.64099884
2016/7/19 3:45,12.39099979,3.617000103,9.31000042,1.91900003,1.70599997,0.700999975,33.6988678290372
2016/7/19 4:00,12.52499962,4.152999878,10.5539999,2.203000069,1.70599997,1.004999995,33.68239528560834
2016/7/19 4:15,10.91800022,3.348999977,9.23900032,1.812000036,1.76699996,0.731000006,32.36000061
2016/7/19 4:30,11.31999969,3.617000103,9.701000214,2.273999929,1.76699996,0.731000006,31.93799973
2016/7/19 4:45,11.31999969,3.415999889,9.559000015,1.883000016,1.797000051,0.700999975,31.65600014
2016/7/19 5:00,12.05599976,3.08100009,10.23400021,1.812000036,1.888000011,0.731000006,32.58036394156153
2016/7/19 5:15,11.11900043,2.477999926,8.56400013,0.425999999,2.101999998,0.760999978,32.683166365831916
2016/7/19 5:30,11.38700008,2.075999975,9.522999763,0.995000005,2.375999928,0.822000027,32.71099854
2016/7/19 5:45,11.78800011,2.880000114,8.812999725,1.065999985,2.345000029,0.913999975,32.14899826
2016/7/19 6:00,10.7840004,2.545000076,8.777000427,1.065999985,2.253999949,0.913999975,35.60310861886414
2016/7/19 6:15,10.44900036,2.210000038,8.350999832,1.172999978,2.315000057,0.913999975,35.576159549382965
2016/7/19 6:30,11.5880003,3.48300004,8.635000229,1.207999945,2.315000057,1.004999995,34.11800003
2016/7/19 6:45,9.979999542,2.210000038,7.604000092,0.745999992,2.28399992,1.004999995,34.22476888764911
2016/7/19 7:00,8.572999954,2.075999975,6.147999763,0.284000009,2.315000057,1.065999985,32.829203427794546
2016/7/19 7:15,9.175999641,2.009000063,6.183000088,0.071000002,2.772000074,1.156999946,32.07799911
2016/7/19 7:30,9.175999641,2.344000101,6.040999889,0.816999972,2.650000095,1.097000003,31.72599983
2016/7/19 7:45,7.501999855,1.60800004,4.868000031,0.354999989,2.375999928,1.065999985,31.514999389999996
2016/7/19 8:00,8.706999779,2.545000076,5.578999996,1.56400001,2.618999958,1.126999974,32.960406172720575
2016/7/19 8:15,9.645000458,3.08100009,6.928999901,1.56400001,2.862999916,1.309999943,33.56764953165543
2016/7/19 8:30,9.109000206,3.348999977,6.787000179,1.70599997,3.107000113,1.309999943,33.55599976
2016/7/19 8:45,9.779000282,3.348999977,7.143000126,1.457000017,3.015000105,1.371000051,34.941939972904876
2016/7/19 9:00,9.645000458,2.678999901,6.894000053,0.888000011,2.559000015,1.309999943,33.978490065464385
2016/7/19 9:15,8.975000381,2.746000051,6.218999863,0.782000005,2.650000095,1.156999946,33.88004754156871
2016/7/19 9:30,9.175999641,2.210000038,6.076000214,0.852999985,2.588999987,1.218000054,32.85200119
2016/7/19 9:45,9.645000458,2.746000051,6.787000179,1.172999978,2.740999937,1.156999946,32.512386160205196
2016/7/19 10:00,9.645000458,2.477999926,6.751999855,0.782000005,3.107000113,1.036000013,33.3985215549594
2016/7/19 10:15,10.98499966,2.880000114,7.320000172,1.136999965,3.441999912,1.156999946,33.32695603324346
2016/7/19 10:30,10.18099976,2.746000051,7.214000225,1.136999965,3.167999983,0.944000006,32.87869603608668
2016/7/19 10:45,10.04699993,2.477999926,6.787000179,0.852999985,3.349999905,1.187999964,28.350000380000004
2016/7/19 11:00,9.51099968,2.545000076,6.183000088,0.782000005,3.259000063,1.126999974,27.50600052
2016/7/19 11:15,8.706999779,2.210000038,6.218999863,0.782000005,3.075999975,0.944000006,27.50600052
2016/7/19 11:30,8.23900032,1.674000025,5.366000175,0.497000009,2.559000015,1.126999974,28.429896129848995
2016/7/19 11:45,7.501999855,1.942000031,5.117000103,0.071000002,2.618999958,1.097000003,29.063679488352328
2016/7/19 12:00,7.703000069,1.807999969,4.903999805,0.354999989,2.253999949,0.852999985,29.26399994
2016/7/19 12:15,7.836999893,1.807999969,5.223999977,0.391000003,2.315000057,0.883000016,28.490999219999996
2016/7/19 12:30,7.836999893,1.875,4.903999805,0.425999999,2.345000029,1.218000054,28.9829998
2016/7/19 12:45,7.301000118,1.807999969,5.295000076,0.391000003,2.375999928,0.913999975,30.31999969
2016/7/19 13:00,7.903999805,1.741000056,5.223999977,0.425999999,2.223999977,0.852999985,32.356512706109896
2016/7/19 13:15,7.368000031,2.210000038,5.366000175,0.391000003,2.223999977,0.883000016,33.058972946968105
2016/7/19 13:30,7.903999805,1.60800004,5.046000004,0.391000003,1.980000019,0.852999985,31.867000579999996
2016/7/19 13:45,7.836999893,2.075999975,5.223999977,0.213,2.00999999,0.883000016,33.34686979229219
2016/7/19 14:00,7.501999855,1.473999977,5.791999817,0.711000025,2.040999889,0.852999985,31.51499939
2016/7/19 14:15,7.568999767,2.009000063,5.295000076,0.958999991,2.131999969,0.913999975,31.58600044
2016/7/19 14:30,8.706999779,1.942000031,6.751999855,0.958999991,2.071000099,0.852999985,34.4126641194642
2016/7/19 14:45,9.578000069,2.545000076,6.857999802,1.172999978,2.040999889,0.913999975,32.888541637939376
2016/7/19 15:00,9.578000069,2.746000051,6.894000053,0.995000005,1.980000019,0.913999975,32.69433772104708
2016/7/19 15:15,8.774000168,1.807999969,6.71600008,0.532999992,2.345000029,1.156999946,31.16399956
2016/7/19 15:30,8.907999992,2.880000114,6.502999783,1.136999965,2.28399992,1.097000003,31.65600014
2016/7/19 15:45,8.104999542,2.812999964,5.614999771,0.924000025,2.588999987,1.218000054,31.65600014
2016/7/19 16:00,7.903999805,2.075999975,5.507999897,0.852999985,2.740999937,1.279000044,33.964005448325125
2016/7/19 16:15,8.038000107,2.009000063,5.366000175,0.675000012,2.984999895,1.218000054,33.48500061
2016/7/19 16:30,8.43900013,2.411000013,5.650000095,0.745999992,2.832999945,1.218000054,36.41527719072373
2016/7/19 16:45,8.305999756,2.075999975,5.543000221,0.497000009,2.984999895,1.126999974,34.54000092
2016/7/19 17:00,8.371999741,1.875,5.472000122,0.391000003,2.924000025,1.218000054,34.3994564984734
2016/7/19 17:15,8.572999954,1.875,5.436999798,0.497000009,2.832999945,1.279000044,35.65913373320804
2016/7/19 17:30,8.774000168,1.807999969,5.721000195,0.462000012,2.954999924,1.279000044,35.36013714858979
2016/7/19 17:45,8.43900013,1.807999969,5.436999798,0.319999993,2.894000053,1.248999953,35.33506706296331
2016/7/19 18:00,7.836999893,1.674000025,4.974999905,0.178000003,2.710999966,1.065999985,35.80268365961092
2016/7/19 18:15,7.434999943,1.541000009,4.762000084,0.107000001,2.832999945,1.187999964,35.70843821287424
2016/7/19 18:30,7.368000031,1.406999946,4.690999985,0.071000002,2.772000074,1.248999953,33.62599945
2016/7/19 18:45,7.501999855,1.406999946,4.833000183,0.248999998,2.618999958,1.004999995,33.41500092
2016/7/19 19:00,7.636000156,1.541000009,5.081999779,0.213,2.618999958,1.065999985,33.69599915
2016/7/19 19:15,7.836999893,1.406999946,5.010000229,0.035999998,2.894000053,1.065999985,33.975247033297336
2016/7/19 19:30,8.706999779,1.541000009,5.507999897,0.107000001,3.167999983,1.156999946,33.62599945
2016/7/19 19:45,9.175999641,1.674000025,5.934000015,0.142000005,3.289999962,1.097000003,33.55599976
2016/7/19 20:00,9.645000458,1.541000009,6.361000061,0.462000012,3.319999933,1.065999985,33.71352616654319
2016/7/19 20:15,9.51099968,1.674000025,6.218999863,0.248999998,3.319999933,1.065999985,34.82097732758986
2016/7/19 20:30,9.51099968,1.674000025,6.289999962,0.284000009,3.229000092,1.036000013,33.13299942
2016/7/19 20:45,9.175999641,1.807999969,5.934000015,0.0,3.107000113,1.036000013,34.55129107850415
2016/7/19 21:00,9.578000069,1.875,6.183000088,0.284000009,3.015000105,1.036000013,33.158852021995735
2016/7/19 21:15,9.444000244,1.807999969,5.934000015,0.0,2.894000053,0.913999975,34.65613304381932
2016/7/19 21:30,8.43900013,1.473999977,5.862999916,0.603999972,2.740999937,0.883000016,34.53969542257366
2016/7/19 21:45,9.175999641,1.942000031,6.538000107,0.603999972,2.588999987,0.852999985,32.28900146
2016/7/19 22:00,8.43900013,1.807999969,5.934000015,0.745999992,2.345000029,0.731000006,32.64099884
2016/7/19 22:15,9.979999542,1.674000025,7.106999874,1.065999985,2.28399992,0.731000006,32.64099884
2016/7/19 22:30,9.51099968,2.344000101,6.610000134,0.675000012,2.253999949,0.731000006,32.711680126956196
2016/7/19 22:45,8.171999931,2.210000038,5.828000069,0.675000012,2.253999949,0.700999975,33.77070778867152
2016/7/19 23:00,10.64999962,2.411000013,8.065999985,1.279000044,2.163000107,0.700999975,32.43000031
2016/7/19 23:15,13.93200016,4.019000053,9.131999969,1.598999977,4.568999767,1.340000033,32.25230820380657
2016/7/19 23:30,13.73099995,3.415999889,8.635000229,1.91900003,4.477000237,1.401000023,33.71738384514077
2016/7/19 23:45,13.59700012,3.88499999,8.350999832,1.669999957,4.598999977,1.279000044,32.92966886062479
2016/7/20 0:00,13.52999973,4.019000053,8.208999634,1.56400001,4.568999767,1.401000023,33.98491007164845
2016/7/20 0:15,13.66399956,3.617000103,8.706000328,1.279000044,4.568999767,1.432000041,33.13261597772235
2016/7/20 0:30,12.6590004,3.282000065,7.853000164,1.101999998,4.477000237,1.309999943,31.797000889999996
2016/7/20 0:45,12.45800018,2.678999901,7.960000038,1.279000044,4.355999947,1.309999943,32.1001183784854
2016/7/20 1:00,13.32900047,3.48300004,8.847999573,1.63499999,4.295000076,1.371000051,31.656000140000003
2016/7/20 1:15,12.05599976,2.880000114,7.747000217,1.136999965,4.295000076,1.340000033,31.233999250000004
2016/7/20 1:30,12.32400036,3.348999977,8.137999535,1.172999978,4.172999859,1.279000044,31.514999390000003
2016/7/20 1:45,12.25699997,2.880000114,8.244000435,1.207999945,4.172999859,1.309999943,32.44171914536559
2016/7/20 2:00,12.25699997,2.947000027,7.960000038,1.598999977,4.234000206,1.279000044,32.682181040297955
2016/7/20 2:15,12.12300014,3.214999914,8.38599968,1.315000057,4.203000069,1.279000044,31.304000849999998
2016/7/20 2:30,12.59200001,3.684000015,8.137999535,1.031000018,4.172999859,1.309999943,32.359148606117316
2016/7/20 2:45,11.11900043,2.947000027,7.249000072,1.172999978,4.172999859,1.309999943,31.304000849999998
2016/7/20 3:00,11.18599987,3.214999914,7.214000225,1.243999958,4.142000198,1.279000044,33.8949807517096
2016/7/20 3:15,10.98499966,3.148000002,6.787000179,1.207999945,4.142000198,1.309999943,31.586000439999996
2016/7/20 3:30,10.11400032,2.075999975,6.254000187,0.639999986,4.203000069,1.279000044,31.867000580000003
2016/7/20 3:45,11.72099972,3.08100009,7.390999794,1.315000057,4.142000198,1.309999943,32.219001770000006
2016/7/20 4:00,11.78800011,1.942000031,7.0,0.816999972,4.203000069,1.309999943,34.326393218712695
2016/7/20 4:15,11.92199993,3.214999914,7.355999947,0.995000005,4.295000076,1.371000051,33.10932521895663
2016/7/20 4:30,11.05200005,2.678999901,6.502999783,0.532999992,4.324999809,1.340000033,31.444999689999996
2016/7/20 4:45,11.72099972,2.611999989,7.106999874,0.497000009,4.324999809,1.371000051,34.08116975951289
2016/7/20 5:00,12.25699997,2.411000013,7.177999973,0.816999972,4.447000027,1.371000051,31.797000889999996
2016/7/20 5:15,11.98900032,2.344000101,7.461999893,0.782000005,4.598999977,1.309999943,32.43000031
2016/7/20 5:30,11.45400047,2.812999964,6.857999802,0.107000001,4.782000065,1.401000023,32.64099884
2016/7/20 5:45,13.19499969,3.214999914,7.710999966,0.462000012,4.903999805,1.523000002,32.57099915
2016/7/20 6:00,13.12800026,3.415999889,8.031000137,1.065999985,4.903999805,1.491999984,33.842970772773164
2016/7/20 6:15,12.39099979,3.08100009,6.71600008,0.107000001,4.903999805,1.644999981,33.50687746384715
2016/7/20 6:30,11.5880003,2.477999926,6.183000088,0.178000003,4.873000145,1.674999952,32.92200089
2016/7/20 6:45,10.98499966,2.344000101,6.43200016,0.107000001,4.903999805,1.735999942,34.081332772136186
2016/7/20 7:00,11.11900043,2.880000114,6.218999863,0.248999998,5.026000023,1.644999981,36.57040375533135
2016/7/20 7:15,11.45400047,3.148000002,6.681000233,0.603999972,5.056000233,1.644999981,37.088039537065164
2016/7/20 7:30,11.65499973,2.746000051,6.71600008,0.924000025,4.994999886,1.674999952,36.06740327440081
2016/7/20 7:45,12.25699997,3.684000015,7.106999874,1.136999965,4.903999805,1.70599997,34.54000092
2016/7/20 8:00,8.038000107,2.142999887,5.791999817,0.995000005,2.618999958,1.097000003,36.400551431451966
2016/7/20 8:15,9.041999817,2.142999887,6.361000061,0.782000005,2.375999928,1.187999964,35.60670899947329
2016/7/20 8:30,8.104999542,2.210000038,5.756999969,0.745999992,2.680000067,1.156999946,35.66600037
2016/7/20 8:45,9.109000206,2.411000013,6.218999863,1.279000044,2.710999966,1.156999946,36.96499508339151
2016/7/20 9:00,8.706999779,3.08100009,6.254000187,1.279000044,2.802000046,1.248999953,36.93199921
2016/7/20 9:15,8.975000381,2.477999926,6.289999962,0.816999972,2.650000095,1.036000013,35.66600037
2016/7/20 9:30,8.774000168,3.08100009,6.395999908,1.421000004,2.832999945,1.309999943,35.10300064
2016/7/20 9:45,9.779000282,2.678999901,6.43200016,0.888000011,2.772000074,1.004999995,33.9070015
2016/7/20 10:00,10.38199997,2.812999964,7.071000099,1.243999958,2.710999966,1.156999946,33.48500061
2016/7/20 10:15,10.31499958,2.545000076,7.320000172,0.782000005,3.381000042,1.156999946,33.97800064
2016/7/20 10:30,10.24800014,3.013999939,7.249000072,0.745999992,3.503000021,1.156999946,34.82223359472592
2016/7/20 10:45,10.44900036,2.611999989,7.106999874,0.711000025,3.229000092,1.097000003,33.48500061
2016/7/20 11:00,10.18099976,2.880000114,6.894000053,1.136999965,3.503000021,1.097000003,34.712143849581544
2016/7/20 11:15,9.913000107,2.947000027,6.681000233,1.207999945,3.289999962,1.279000044,34.53356091511611
2016/7/20 11:30,8.774000168,1.875,5.899000168,0.816999972,2.924000025,1.065999985,32.85200119
2016/7/20 11:45,7.903999805,1.942000031,6.111999989,0.319999993,2.924000025,1.097000003,33.13299942
2016/7/20 12:00,8.038000107,1.942000031,5.650000095,0.391000003,2.528000116,0.944000006,34.060875058681994
2016/7/20 12:15,8.907999992,2.009000063,5.578999996,0.425999999,2.467000008,0.975000024,32.28900146
2016/7/20 12:30,8.43900013,1.541000009,5.650000095,0.319999993,2.618999958,1.036000013,35.843928698969556
2016/7/20 12:45,9.175999641,2.27699995,5.828000069,0.425999999,2.740999937,1.065999985,33.41500092
2016/7/20 13:00,8.706999779,2.210000038,5.96999979,0.213,2.802000046,1.065999985,33.27399826
2016/7/20 13:15,9.109000206,2.210000038,6.183000088,0.995000005,2.710999966,1.309999943,33.41500092
2016/7/20 13:30,9.645000458,1.60800004,6.218999863,0.745999992,2.740999937,1.097000003,34.71863183533663
2016/7/20 13:45,9.376999855,2.477999926,6.573999882,0.816999972,2.710999966,1.065999985,35.45500183
2016/7/20 14:00,9.376999855,2.210000038,6.71600008,1.065999985,2.680000067,1.187999964,36.8381998034816
2016/7/20 14:15,9.578000069,2.477999926,6.502999783,0.888000011,2.984999895,1.401000023,35.81476341552184
2016/7/20 14:30,8.706999779,2.009000063,6.076000214,0.497000009,2.802000046,1.248999953,35.05883600286493
2016/7/20 14:45,8.774000168,2.142999887,6.005000114,0.852999985,2.832999945,1.097000003,35.73600006
2016/7/20 15:00,9.376999855,2.545000076,6.395999908,0.711000025,2.710999966,1.279000044,36.42595791942172
2016/7/20 15:15,8.840999603,2.009000063,6.040999889,0.603999972,2.650000095,1.218000054,35.52500153
2016/7/20 15:30,8.706999779,1.807999969,6.005000114,0.213,2.710999966,1.279000044,35.31399918
2016/7/20 15:45,8.371999741,2.344000101,5.366000175,0.711000025,2.924000025,1.279000044,35.24399948
2016/7/20 16:00,8.505999565,2.075999975,5.791999817,0.675000012,2.650000095,1.279000044,36.764223712194116
2016/7/20 16:15,8.640000343,2.678999901,5.862999916,0.711000025,2.650000095,1.248999953,37.0432445962308
2016/7/20 16:30,8.371999741,2.075999975,5.721000195,0.675000012,2.710999966,1.218000054,34.8219986
2016/7/20 16:45,8.706999779,3.013999939,5.862999916,0.711000025,3.075999975,1.523000002,34.53051841067543
2016/7/20 17:00,8.975000381,2.142999887,5.899000168,0.639999986,2.984999895,1.126999974,33.69599915
2016/7/20 17:15,8.774000168,1.741000056,5.543000221,0.319999993,3.015000105,1.340000033,36.32502316671542
2016/7/20 17:30,8.774000168,1.875,5.828000069,0.354999989,2.984999895,1.218000054,34.40000153
2016/7/20 17:45,8.640000343,1.674000025,5.472000122,0.213,3.015000105,1.248999953,36.42671354724367
2016/7/20 18:00,9.041999817,1.807999969,5.721000195,0.284000009,2.862999916,1.156999946,34.40000153
2016/7/20 18:15,8.640000343,1.807999969,5.721000195,0.319999993,2.954999924,1.126999974,34.32899857
2016/7/20 18:30,8.23900032,2.142999887,5.436999798,0.425999999,2.894000053,1.126999974,36.002325981464494
2016/7/20 18:45,9.243000031,2.344000101,5.96999979,0.532999992,2.984999895,1.097000003,36.22900009
2016/7/20 19:00,8.505999565,2.210000038,5.578999996,0.497000009,3.046000004,1.065999985,39.52039507491901
2016/7/20 19:15,9.175999641,1.674000025,5.862999916,0.248999998,3.259000063,1.097000003,37.10476587895874
2016/7/20 19:30,9.779000282,1.807999969,5.96999979,0.462000012,3.563999891,1.126999974,37.055854633764945
2016/7/20 19:45,10.91800022,2.142999887,6.822999954,0.354999989,3.960000038,1.187999964,35.59600067
2016/7/20 20:00,11.98900032,2.27699995,7.498000145,0.354999989,4.507999897,1.248999953,37.36091462771752
2016/7/20 20:15,12.59200001,2.210000038,7.994999886,0.354999989,4.598999977,1.279000044,35.17399979
2016/7/20 20:30,12.18999958,2.009000063,7.994999886,0.391000003,4.355999947,1.126999974,35.9469986
2016/7/20 20:45,12.32400036,2.344000101,7.81799984,0.745999992,4.324999809,1.036000013,35.80699921
2016/7/20 21:00,11.98900032,1.875,7.923999786,-0.142000005,4.172999859,1.097000003,36.85494474979657
2016/7/20 21:15,13.59700012,3.282000065,10.05599976,1.315000057,4.020999908,1.065999985,36.82378411946712
2016/7/20 21:30,13.59700012,2.812999964,9.772000313,1.172999978,3.806999922,1.036000013,35.45500183
2016/7/20 21:45,13.73099995,2.947000027,10.27000046,1.207999945,3.594000101,1.097000003,36.858890650408
2016/7/20 22:00,15.27099991,4.085999966,11.19400024,2.203000069,3.625,1.036000013,35.582498152967275
2016/7/20 22:15,15.67300034,4.085999966,11.33600044,2.203000069,3.563999891,0.975000024,36.39951510501102
2016/7/20 22:30,14.93700027,4.421000004,11.40699959,2.523000002,3.411000013,1.004999995,36.08800125
2016/7/20 22:45,14.19999981,3.617000103,11.15799999,1.953999996,3.137000084,1.004999995,36.46240208039435
2016/7/20 23:00,14.93700027,4.085999966,10.9090004,2.345000029,3.046000004,1.156999946,36.88558488987679
2016/7/20 23:15,16.20899963,4.68900013,13.36100006,2.664999962,3.075999975,1.036000013,35.66600037
2016/7/20 23:30,15.3380003,5.357999802,13.04100037,3.730999947,2.924000025,1.218000054,35.56713298095409
2016/7/20 23:45,16.6779995,5.090000153,14.14299965,3.447000027,2.802000046,1.097000003,36.75512114902299
2016/7/21 0:00,15.20400047,4.622000217,12.04599953,2.700999975,2.802000046,0.975000024,34.89199829
2016/7/21 0:15,16.20899963,5.223999977,13.71700001,3.269000053,2.680000067,0.852999985,35.907379936474115
2016/7/21 0:30,15.67300034,4.822999954,13.18299961,3.233999968,2.680000067,0.975000024,34.75099945
2016/7/21 0:45,16.1420002,4.421000004,13.60999966,3.197999954,2.528000116,0.913999975,34.32899857
2016/7/21 1:00,16.94599915,5.357999802,14.67599964,4.122000217,2.588999987,0.913999975,35.891912149572406
2016/7/21 1:15,16.20899963,5.492000103,13.71700001,3.588999987,2.467000008,0.944000006,35.31399918
2016/7/21 1:30,16.47699928,5.69299984,14.14299965,4.014999866,2.437000036,0.913999975,36.4193174506961
2016/7/21 1:45,15.73999977,5.492000103,13.43200016,3.76699996,2.193000078,0.822000027,35.10300064
2016/7/21 2:00,15.20400047,4.889999866,12.79300022,3.163000107,2.163000107,0.883000016,35.31399918
2016/7/21 2:15,15.73999977,5.625999928,13.25500011,3.660000086,2.315000057,0.852999985,35.66600037
2016/7/21 2:30,15.3380003,5.492000103,13.32600021,3.588999987,2.315000057,0.883000016,35.10300064
2016/7/21 2:45,15.00399971,4.085999966,12.29500008,2.664999962,2.223999977,0.852999985,35.45500183
2016/7/21 3:00,13.93200016,5.090000153,11.90400028,3.197999954,2.131999969,0.883000016,37.311111112081164
2016/7/21 3:15,13.93200016,4.287000179,11.65499973,2.061000109,2.101999998,0.883000016,36.22900009
2016/7/21 3:30,14.19999981,4.554999828,12.18900013,2.842999935,2.071000099,0.822000027,37.13981152250658
2016/7/21 3:45,14.19999981,4.152999878,12.15299988,2.309999943,2.071000099,0.822000027,38.62791567580177
2016/7/21 4:00,13.73099995,4.085999966,11.05099964,2.273999929,2.040999889,0.822000027,35.764485528616774
2016/7/21 4:15,13.73099995,4.019000053,11.33600044,2.630000114,2.193000078,0.913999975,35.801431650752036
2016/7/21 4:30,13.79800034,4.019000053,11.76200008,2.273999929,2.223999977,0.883000016,35.59930305470376
2016/7/21 4:45,13.4630003,4.152999878,11.30000019,2.381000042,2.131999969,0.822000027,35.97734724312012
2016/7/21 5:00,13.52999973,3.148000002,11.37100029,1.669999957,2.193000078,0.822000027,34.47000122
2016/7/21 5:15,15.60599995,4.487999916,12.43700027,2.736000061,2.315000057,0.852999985,34.04800034
2016/7/21 5:30,14.66899967,3.88499999,12.43700027,2.025000095,2.467000008,0.852999985,36.7683989626853
2016/7/21 5:45,15.13700008,4.152999878,12.26000023,1.953999996,2.528000116,0.852999985,35.921816445013796
2016/7/21 6:00,14.19999981,3.88499999,11.76200008,1.91900003,2.437000036,0.883000016,36.437500648673364
2016/7/21 6:15,12.32400036,2.678999901,9.737000465,1.279000044,2.497999907,0.913999975,37.31077673434539
2016/7/21 6:30,13.66399956,4.152999878,11.15799999,1.84800005,2.559000015,0.975000024,36.79100037
2016/7/21 6:45,14.06599998,4.68900013,11.58399963,2.700999975,2.497999907,1.004999995,37.14127640752441
2016/7/21 7:00,13.79800034,4.21999979,11.37100029,1.883000016,2.559000015,1.097000003,39.34785237489177
2016/7/21 7:15,13.06099987,3.818000078,10.73200035,2.167999983,2.772000074,1.218000054,38.19800186
2016/7/21 7:30,13.4630003,4.152999878,10.73200035,2.486999989,2.618999958,1.340000033,38.90200043
2016/7/21 7:45,13.06099987,4.487999916,9.913999557,2.273999929,2.984999895,1.218000054,39.81600189
2016/7/21 8:00,13.93200016,4.554999828,10.97999954,2.984999895,2.954999924,1.248999953,40.94200134
2016/7/21 8:15,12.99400043,4.487999916,9.451999664,1.883000016,3.381000042,1.371000051,40.87200165
2016/7/21 8:30,12.05599976,3.549999952,9.131999969,2.025000095,3.137000084,1.462000012,42.661556334477446
2016/7/21 8:45,12.25699997,4.019000053,9.31000042,2.273999929,2.772000074,1.187999964,39.11299896
2016/7/21 9:00,12.92700005,4.554999828,9.593999863,2.167999983,2.772000074,1.279000044,38.76100159
2016/7/21 9:15,11.52099991,3.88499999,7.710999966,1.421000004,3.229000092,1.462000012,37.98410816365008
2016/7/21 9:30,10.44900036,2.611999989,7.106999874,0.958999991,3.289999962,1.401000023,36.15800095
2016/7/21 9:45,10.51599979,3.415999889,7.639999866,1.63499999,3.259000063,1.218000054,35.24399948
2016/7/21 10:00,10.91800022,3.617000103,7.427000046,1.812000036,3.349999905,1.340000033,37.97424017898289
2016/7/21 10:15,11.65499973,3.348999977,8.137999535,1.741000056,3.654999971,1.401000023,36.11146613064824
2016/7/21 10:30,11.78800011,3.08100009,7.994999886,0.958999991,3.71600008,1.156999946,34.9620018
2016/7/21 10:45,11.52099991,3.549999952,7.390999794,0.852999985,3.563999891,1.248999953,35.244506109525695
2016/7/21 11:00,11.52099991,3.348999977,8.031000137,1.491999984,3.319999933,1.248999953,33.06299973
2016/7/21 11:15,10.71700001,3.148000002,6.857999802,0.958999991,3.259000063,1.218000054,32.85200119
2016/7/21 11:30,9.243000031,1.942000031,6.71600008,0.816999972,3.075999975,1.126999974,32.99300003
2016/7/21 11:45,9.31000042,2.27699995,6.502999783,0.603999972,2.710999966,1.004999995,33.13299942
2016/7/21 12:00,9.376999855,2.477999926,5.899000168,0.142000005,2.862999916,1.004999995,32.28900146
2016/7/21 12:15,9.645000458,2.477999926,6.147999763,0.391000003,2.832999945,1.004999995,33.06299973
2016/7/21 12:30,9.175999641,2.210000038,6.218999863,0.569000006,3.015000105,1.065999985,33.27399826
2016/7/21 12:45,10.18099976,2.411000013,7.177999973,0.745999992,3.046000004,1.065999985,33.69599915
2016/7/21 13:00,10.04699993,2.411000013,7.106999874,0.639999986,3.015000105,1.036000013,33.20399857
2016/7/21 13:15,9.845999718,2.411000013,6.361000061,0.178000003,3.075999975,1.065999985,33.34400177
2016/7/21 13:30,9.913000107,1.60800004,6.467000008,0.532999992,2.924000025,0.975000024,33.06299973
2016/7/21 13:45,9.243000031,2.009000063,6.822999954,0.852999985,2.862999916,0.975000024,33.06299973
2016/7/21 14:00,9.913000107,2.411000013,7.035999775,0.782000005,2.832999945,0.975000024,33.55599976
2016/7/21 14:15,8.975000381,2.411000013,6.218999863,0.639999986,2.924000025,0.975000024,35.24399948
2016/7/21 14:30,9.376999855,2.27699995,6.005000114,0.462000012,2.772000074,1.156999946,34.8219986
2016/7/21 14:45,9.711999893,1.674000025,6.111999989,0.284000009,2.832999945,1.097000003,34.89199829
2016/7/21 15:00,8.23900032,1.340000033,5.96999979,0.569000006,2.071000099,0.760999978,35.31399918
2016/7/21 15:15,8.907999992,2.075999975,6.289999962,0.639999986,1.91900003,0.852999985,36.08800125
2016/7/21 15:30,8.171999931,2.009000063,6.147999763,0.532999992,1.980000019,0.883000016,36.01800156
2016/7/21 15:45,8.23900032,2.009000063,5.96999979,0.569000006,2.253999949,1.156999946,37.00299835
2016/7/21 16:00,8.23900032,2.075999975,6.111999989,0.675000012,2.131999969,0.944000006,36.72100067
2016/7/21 16:15,8.23900032,2.075999975,6.005000114,0.675000012,2.193000078,1.036000013,35.66600037
2016/7/21 16:30,8.23900032,1.875,5.828000069,0.958999991,3.046000004,1.248999953,34.54000092
2016/7/21 16:45,9.51099968,2.142999887,6.324999809,1.031000018,3.349999905,1.279000044,34.8219986
2016/7/21 17:00,9.376999855,2.210000038,6.218999863,0.603999972,3.349999905,1.401000023,36.86199951
2016/7/21 17:15,9.376999855,2.27699995,6.040999889,0.532999992,3.319999933,1.401000023,36.15800095
2016/7/21 17:30,9.444000244,2.27699995,6.040999889,0.497000009,3.441999912,1.371000051,35.9469986
2016/7/21 17:45,9.779000282,2.075999975,6.005000114,0.745999992,3.594000101,1.491999984,35.45500183
2016/7/21 18:00,9.444000244,2.880000114,5.934000015,0.391000003,3.441999912,1.371000051,34.9620018
2016/7/21 18:15,9.779000282,2.746000051,5.650000095,0.745999992,3.654999971,1.309999943,36.22900009
2016/7/21 18:30,8.706999779,2.210000038,5.68599987,0.639999986,3.503000021,1.340000033,37.07300186
2016/7/21 18:45,9.041999817,1.741000056,5.828000069,0.248999998,3.289999962,1.218000054,36.86199951
2016/7/21 19:00,8.907999992,1.60800004,5.68599987,0.178000003,3.167999983,1.097000003,37.35400009
2016/7/21 19:15,9.845999718,1.875,6.183000088,0.248999998,3.654999971,1.218000054,37.63600159
2016/7/21 19:30,10.51599979,1.875,6.538000107,0.213,3.928999901,1.156999946,36.72100067
2016/7/21 19:45,11.85499954,2.344000101,7.320000172,0.391000003,4.477000237,1.279000044,36.65100098
2016/7/21 20:00,12.59200001,2.142999887,7.853000164,0.391000003,4.598999977,1.156999946,36.58000183
2016/7/21 20:15,13.52999973,2.411000013,8.527999878,0.639999986,4.934000015,1.218000054,35.66600037
2016/7/21 20:30,13.52999973,2.411000013,8.493000031,0.603999972,4.994999886,1.126999974,35.17399979
2016/7/21 20:45,13.32900047,2.344000101,8.31499958,0.532999992,4.994999886,1.218000054,34.8219986
2016/7/21 21:00,14.53499985,3.88499999,10.44699955,1.84800005,4.842999935,1.248999953,35.03300095
2016/7/21 21:15,15.40499973,4.421000004,10.23400021,2.309999943,4.782000065,1.218000054,34.8219986
2016/7/21 21:30,14.33399963,4.487999916,10.16300011,2.131999969,4.630000114,1.156999946,35.59600067
2016/7/21 21:45,13.73099995,3.348999977,9.701000214,1.99000001,4.324999809,1.097000003,36.58000183
2016/7/21 22:00,14.19999981,3.951999903,10.44699955,2.451999903,4.142000198,1.065999985,36.72100067
2016/7/21 22:15,15.3380003,3.88499999,11.08699989,1.91900003,4.172999859,1.309999943,36.08800125
2016/7/21 22:30,15.8739996,4.21999979,11.30000019,3.411000013,3.960000038,1.097000003,37.00299835
2016/7/21 22:45,15.80700016,4.554999828,11.30000019,3.092000008,3.625,1.036000013,37.2840004
2016/7/21 23:00,15.06999969,5.022999763,11.12199974,3.092000008,3.806999922,1.097000003,36.86199951
2016/7/21 23:15,18.82099915,5.894000053,12.47299957,3.197999954,6.031000137,1.491999984,36.58000183
2016/7/21 23:30,19.15600014,6.96600008,13.32600021,3.696000099,5.84800005,1.613999963,36.72100067
2016/7/21 23:45,16.61100006,5.357999802,10.7670002,2.630000114,5.81799984,1.552999973,36.50999832
