date,HUFL,HULL,MUFL,MULL,LUFL,LULL,OT
2016/7/1 0:00,5.827000141,2.009000063,1.598999977,0.462000012,4.203000069,1.340000033,30.53100014
2016/7/1 0:15,5.760000229,2.075999975,1.491999984,0.425999999,4.263999939,1.401000023,30.45999908
2016/7/1 0:30,5.760000229,1.942000031,1.491999984,0.391000003,4.234000206,1.309999943,30.03800011
2016/7/1 0:45,5.760000229,1.942000031,1.491999984,0.425999999,4.234000206,1.309999943,27.01300049
2016/7/1 1:00,5.69299984,2.075999975,1.491999984,0.425999999,4.142000198,1.371000051,27.78700066
2016/7/1 1:15,5.492000103,1.942000031,1.457000017,0.391000003,4.111999989,1.279000044,27.71699905
2016/7/1 1:30,5.357999802,1.875,1.350000024,0.354999989,3.928999901,1.340000033,27.64599991
2016/7/1 1:45,5.157000065,1.807999969,1.350000024,0.319999993,3.806999922,1.279000044,27.08399963
2016/7/1 2:00,5.157000065,1.741000056,1.279000044,0.354999989,3.77699995,1.218000054,27.78700066
2016/7/1 2:15,5.157000065,1.807999969,1.350000024,0.425999999,3.77699995,1.187999964,27.50600052
2016/7/1 2:30,5.157000065,1.807999969,1.315000057,0.391000003,3.77699995,1.248999953,27.85700035
2016/7/1 2:45,5.157000065,1.942000031,1.350000024,0.425999999,3.806999922,1.279000044,27.01300049
2016/7/1 3:00,5.090000153,1.942000031,1.279000044,0.391000003,3.806999922,1.279000044,25.04400063
2016/7/1 3:15,5.223999977,2.009000063,1.457000017,0.532999992,3.806999922,1.248999953,24.5510006
2016/7/1 3:30,5.290999889,1.807999969,1.457000017,0.425999999,3.77699995,1.218000054,23.56599998
2016/7/1 3:45,5.357999802,1.942000031,1.491999984,0.462000012,3.806999922,1.309999943,21.52599907
2016/7/1 4:00,5.357999802,1.942000031,1.491999984,0.462000012,3.868000031,1.279000044,21.94799995
2016/7/1 4:15,5.492000103,2.009000063,1.491999984,0.462000012,3.928999901,1.340000033,21.45599937
2016/7/1 4:30,5.492000103,1.942000031,1.491999984,0.425999999,3.928999901,1.340000033,22.79199982
2016/7/1 4:45,5.492000103,2.075999975,1.491999984,0.497000009,3.99000001,1.309999943,21.0340004
2016/7/1 5:00,5.625999928,2.142999887,1.527999997,0.532999992,4.051000118,1.371000051,21.17399979
2016/7/1 5:15,5.960999966,2.344000101,1.669999957,0.603999972,4.234000206,1.491999984,20.82299995
2016/7/1 5:30,6.162000179,2.411000013,1.77699995,0.603999972,4.324999809,1.523000002,21.17399979
2016/7/1 5:45,6.631000042,2.477999926,1.99000001,0.745999992,4.659999847,1.674999952,21.17399979
2016/7/1 6:00,7.166999817,2.947000027,2.131999969,0.782000005,5.026000023,1.85800004,22.79199982
2016/7/1 6:15,7.501999855,3.214999914,2.239000082,0.888000011,5.329999924,1.980000019,23.84799957
2016/7/1 6:30,7.703000069,3.348999977,2.486999989,1.031000018,5.269000053,1.91900003,24.34000015
2016/7/1 6:45,7.434999943,3.148000002,2.309999943,0.958999991,5.056000233,1.888000011,23.1439991
2016/7/1 7:00,7.434999943,3.282000065,2.309999943,1.031000018,5.086999893,2.223999977,23.1439991
2016/7/1 7:15,7.636000156,3.282000065,2.273999929,1.065999985,5.329999924,2.071000099,23.77700043
2016/7/1 7:30,7.636000156,3.415999889,2.309999943,1.101999998,5.269000053,1.91900003,23.84799957
2016/7/1 7:45,7.568999767,3.282000065,2.309999943,1.065999985,5.238999844,1.91900003,23.98800087
2016/7/1 8:00,5.559000015,3.013999939,2.451999903,1.172999978,2.954999924,1.432000041,21.66699982
2016/7/1 8:15,5.223999977,2.880000114,2.381000042,1.172999978,2.802000046,1.401000023,22.0890007
2016/7/1 8:30,5.157000065,2.812999964,2.309999943,1.172999978,2.832999945,1.432000041,22.37000084
2016/7/1 8:45,5.090000153,2.411000013,1.812000036,0.888000011,2.740999937,1.462000012,16.39100075
2016/7/1 9:00,4.554999828,2.545000076,1.91900003,0.816999972,2.680000067,1.371000051,17.44599915
2016/7/1 9:15,4.554999828,2.344000101,1.77699995,0.782000005,2.710999966,1.401000023,17.72699928
2016/7/1 9:30,4.68900013,2.545000076,1.883000016,0.852999985,2.802000046,1.462000012,18.50099945
2016/7/1 9:45,4.68900013,2.411000013,1.91900003,0.888000011,2.802000046,1.371000051,19.27499962
2016/7/1 10:00,4.956999779,2.545000076,1.99000001,0.852999985,2.954999924,1.491999984,19.97900009
2016/7/1 10:15,5.425000191,2.678999901,2.203000069,0.888000011,3.137000084,1.552999973,18.50099945
2016/7/1 10:30,5.492000103,2.678999901,2.167999983,0.852999985,3.259000063,1.552999973,18.5720005
2016/7/1 10:45,5.894000053,2.746000051,2.381000042,0.958999991,3.411000013,1.552999973,19.41600037
2016/7/1 11:00,5.760000229,2.545000076,2.203000069,0.852999985,3.441999912,1.491999984,20.11899948
2016/7/1 11:15,5.625999928,2.746000051,2.167999983,0.852999985,3.349999905,1.613999963,19.76799965
2016/7/1 11:30,4.287000179,2.142999887,1.136999965,0.425999999,3.167999983,1.644999981,19.76799965
2016/7/1 11:45,4.287000179,2.411000013,1.56400001,0.425999999,3.107000113,1.583999991,20.32999992
2016/7/1 12:00,4.68900013,2.545000076,1.812000036,0.852999985,2.832999945,1.523000002,19.774885192973766
2016/7/1 12:15,4.68900013,2.611999989,1.91900003,0.888000011,2.740999937,1.552999973,17.91934830890496
2016/7/1 12:30,4.68900013,2.678999901,1.883000016,0.852999985,2.862999916,1.583999991,18.6420002
2016/7/1 12:45,4.68900013,2.678999901,1.883000016,0.852999985,2.894000053,1.644999981,18.50099945
2016/7/1 13:00,4.68900013,2.678999901,1.77699995,1.243999958,3.107000113,1.613999963,19.017370815371343
2016/7/1 13:15,5.090000153,2.947000027,2.131999969,1.172999978,2.984999895,1.644999981,20.24934309319297
2016/7/1 13:30,5.157000065,3.013999939,2.309999943,1.243999958,2.832999945,1.613999963,19.977807516058146
2016/7/1 13:45,5.157000065,3.08100009,2.381000042,1.279000044,2.710999966,1.523000002,19.898869881883027
2016/7/1 14:00,5.090000153,2.947000027,2.451999903,1.350000024,2.559000015,1.432000041,20.085329366791658
2016/7/1 14:15,5.223999977,3.08100009,2.630000114,1.457000017,2.528000116,1.432000041,19.41600037
2016/7/1 14:30,5.022999763,3.08100009,2.523000002,1.350000024,2.467000008,1.70599997,19.508361247733674
2016/7/1 14:45,5.157000065,3.013999939,2.486999989,1.315000057,2.650000095,1.523000002,17.02400017
2016/7/1 15:00,5.090000153,3.148000002,2.486999989,1.350000024,2.588999987,1.523000002,17.30500031
2016/7/1 15:15,4.085999966,2.477999926,1.63499999,1.031000018,2.559000015,1.523000002,18.799538533493088
2016/7/1 15:30,4.354000092,2.812999964,1.741000056,1.101999998,2.588999987,1.462000012,18.85300064
2016/7/1 15:45,4.287000179,2.611999989,1.669999957,0.852999985,2.528000116,1.491999984,19.20499992
2016/7/1 16:00,4.21999979,2.411000013,1.70599997,0.782000005,2.618999958,1.491999984,20.09856418920732
2016/7/1 16:15,4.421000004,2.411000013,1.77699995,0.816999972,2.680000067,1.491999984,20.340503907702452
2016/7/1 16:30,4.756000042,2.477999926,1.812000036,0.816999972,2.862999916,1.491999984,19.117802171167764
2016/7/1 16:45,4.756000042,2.477999926,1.77699995,0.816999972,2.924000025,1.462000012,19.76799965
2016/7/1 17:00,4.756000042,2.344000101,1.63499999,0.711000025,3.075999975,1.491999984,19.138772989604725
2016/7/1 17:15,4.822999954,2.27699995,1.669999957,0.639999986,3.167999983,1.462000012,20.75200081
2016/7/1 17:30,5.357999802,2.477999926,2.451999903,1.421000004,3.289999962,1.462000012,20.142124658888182
2016/7/1 17:45,5.760000229,2.880000114,2.559000015,1.243999958,3.107000113,1.491999984,20.75666273899296
2016/7/1 18:00,5.625999928,2.880000114,2.523000002,1.207999945,3.075999975,1.491999984,20.68199921
2016/7/1 18:15,5.760000229,3.08100009,2.523000002,1.243999958,3.015000105,1.491999984,19.83799934
2016/7/1 18:30,5.357999802,3.013999939,2.451999903,1.207999945,2.924000025,1.523000002,19.20499992
2016/7/1 18:45,5.357999802,2.947000027,2.451999903,1.207999945,2.924000025,1.523000002,19.6585907897395
2016/7/1 19:00,5.492000103,3.013999939,2.451999903,1.207999945,3.015000105,1.552999973,19.082247766172593
2016/7/1 19:15,5.425000191,2.947000027,2.451999903,1.136999965,2.984999895,1.523000002,18.25485411151749
2016/7/1 19:30,5.357999802,2.947000027,2.451999903,1.172999978,2.894000053,1.523000002,18.71850990806428
2016/7/1 19:45,5.357999802,2.947000027,2.451999903,1.207999945,2.862999916,1.552999973,18.50099945
2016/7/1 20:00,5.357999802,3.013999939,2.451999903,1.207999945,2.862999916,1.523000002,18.122734782689587
2016/7/1 20:15,5.223999977,3.013999939,2.415999889,1.207999945,2.802000046,1.523000002,18.21999931
2016/7/1 20:30,5.290999889,3.013999939,2.381000042,1.172999978,2.862999916,1.552999973,18.373768453999435
2016/7/1 20:45,5.223999977,2.947000027,2.345000029,1.136999965,2.832999945,1.552999973,17.69307105375141
2016/7/1 21:00,5.090000153,2.947000027,2.381000042,1.207999945,2.680000067,1.523000002,18.00900078
2016/7/1 21:15,4.889999866,2.947000027,2.309999943,1.207999945,2.618999958,1.491999984,18.60161136085759
2016/7/1 21:30,4.889999866,2.947000027,2.309999943,1.207999945,2.559000015,1.491999984,18.6420002
2016/7/1 21:45,4.889999866,2.947000027,2.203000069,1.136999965,2.680000067,1.552999973,18.00900078
2016/7/1 22:00,4.822999954,2.947000027,2.203000069,1.172999978,2.618999958,1.523000002,18.00900078
2016/7/1 22:15,4.822999954,2.947000027,2.203000069,1.172999978,2.588999987,1.552999973,18.026662712602786
2016/7/1 22:30,4.756000042,2.947000027,2.131999969,1.136999965,2.588999987,1.583999991,18.29000092
2016/7/1 22:45,4.822999954,2.947000027,2.131999969,1.172999978,2.618999958,1.552999973,19.41600037
2016/7/1 23:00,4.622000217,2.880000114,2.131999969,1.136999965,2.467000008,1.491999984,20.62364480648642
2016/7/1 23:15,4.822999954,2.947000027,2.096999884,1.136999965,2.618999958,1.552999973,20.75200081
2016/7/1 23:30,5.022999763,3.818000078,2.131999969,2.167999983,2.588999987,1.523000002,21.31500053
2016/7/1 23:45,5.357999802,2.947000027,2.345000029,1.457000017,2.618999958,1.583999991,21.87800026
2016/7/2 0:00,5.223999977,3.08100009,2.700999975,1.315000057,2.437000036,1.523000002,21.645935480953987
2016/7/2 0:15,5.425000191,3.08100009,2.984999895,1.457000017,2.375999928,1.491999984,21.10400009
2016/7/2 0:30,5.223999977,3.08100009,2.878000021,1.457000017,2.375999928,1.462000012,21.38500023
2016/7/2 0:45,4.354000092,3.148000002,2.415999889,1.491999984,2.28399992,1.432000041,21.17399979
2016/7/2 1:00,5.157000065,3.013999939,2.878000021,1.350000024,2.345000029,1.432000041,19.6970005
2016/7/2 1:15,5.223999977,3.148000002,2.914000034,1.457000017,2.315000057,1.462000012,20.54100037
2016/7/2 1:30,5.157000065,3.013999939,2.914000034,1.421000004,2.223999977,1.462000012,19.76799965
2016/7/2 1:45,4.889999866,3.013999939,2.772000074,1.315000057,2.28399992,1.432000041,19.83799934
2016/7/2 2:00,5.157000065,3.148000002,2.878000021,1.491999984,2.28399992,1.432000041,20.04899979
2016/7/2 2:15,4.487999916,3.08100009,2.451999903,0.958999991,2.253999949,1.432000041,21.0340004
2016/7/2 2:30,4.889999866,3.013999939,2.736000061,1.386000037,2.193000078,1.432000041,19.97900009
2016/7/2 2:45,5.090000153,3.148000002,2.948999882,1.491999984,2.163000107,1.401000023,20.48802849688507
2016/7/2 3:00,5.157000065,3.08100009,2.914000034,1.491999984,2.193000078,1.401000023,21.20369005366431
2016/7/2 3:15,4.354000092,3.013999939,2.523000002,1.457000017,2.193000078,1.401000023,20.47100067
2016/7/2 3:30,5.090000153,3.08100009,2.914000034,1.491999984,2.193000078,1.401000023,21.429456039913344
2016/7/2 3:45,5.090000153,3.08100009,2.878000021,1.421000004,2.193000078,1.401000023,20.82299995
2016/7/2 4:00,4.554999828,3.08100009,2.451999903,1.491999984,2.193000078,1.401000023,21.38500023
2016/7/2 4:15,5.290999889,3.148000002,3.019999981,1.491999984,2.193000078,1.401000023,21.030883076844503
2016/7/2 4:30,5.157000065,3.08100009,2.948999882,1.421000004,2.223999977,1.432000041,21.365987456105337
2016/7/2 4:45,4.354000092,3.013999939,2.559000015,1.457000017,2.223999977,1.401000023,20.75200081
2016/7/2 5:00,5.425000191,3.282000065,3.092000008,1.70599997,2.437000036,1.462000012,22.22999954
2016/7/2 5:15,5.760000229,3.415999889,3.092000008,1.669999957,2.710999966,1.583999991,21.413722625769083
2016/7/2 5:30,5.425000191,3.282000065,2.842999935,1.63499999,2.740999937,1.523000002,20.52358444953532
2016/7/2 5:45,6.162000179,3.348999977,3.197999954,1.56400001,2.954999924,1.491999984,20.26000023
2016/7/2 6:00,5.492000103,3.282000065,2.523000002,1.491999984,2.984999895,1.462000012,20.26000023
2016/7/2 6:15,5.492000103,3.013999939,2.309999943,1.243999958,3.107000113,1.523000002,19.13400078
2016/7/2 6:30,5.559000015,3.013999939,2.309999943,1.315000057,3.229000092,1.552999973,20.85196362949284
2016/7/2 6:45,5.69299984,3.013999939,2.451999903,1.491999984,3.075999975,1.491999984,20.89299965
2016/7/2 7:00,5.625999928,3.214999914,2.486999989,1.491999984,3.075999975,1.523000002,21.811388475906494
2016/7/2 7:15,5.760000229,3.214999914,2.486999989,1.421000004,3.137000084,1.613999963,19.27499962
2016/7/2 7:30,5.559000015,3.282000065,2.486999989,1.491999984,3.107000113,1.552999973,19.06399918
2016/7/2 7:45,5.559000015,3.214999914,2.594000101,1.63499999,2.924000025,1.523000002,20.26000023
2016/7/2 8:00,5.559000015,3.282000065,2.594000101,1.669999957,2.924000025,1.523000002,20.61199951
2016/7/2 8:15,5.492000103,3.348999977,2.700999975,1.63499999,2.832999945,1.491999984,18.85300064
2016/7/2 8:30,5.559000015,3.348999977,2.700999975,1.598999977,2.772000074,1.523000002,19.6970005
2016/7/2 8:45,5.223999977,3.282000065,2.523000002,1.56400001,2.680000067,1.462000012,18.559660144325747
2016/7/2 9:00,5.223999977,3.214999914,2.559000015,1.56400001,2.680000067,1.462000012,18.41980525044023
2016/7/2 9:15,5.157000065,3.282000065,2.486999989,1.598999977,2.680000067,1.432000041,19.72505353002644
2016/7/2 9:30,5.223999977,3.348999977,2.486999989,1.598999977,2.802000046,1.491999984,21.31500053
2016/7/2 9:45,7.903999805,4.68900013,4.725999832,2.451999903,2.894000053,1.523000002,21.5428970264582
2016/7/2 10:00,9.913000107,4.956999779,6.644999981,3.305000067,3.046000004,1.552999973,20.96299934
2016/7/2 10:15,11.25300026,5.827000141,7.604000092,3.588999987,3.289999962,1.735999942,19.06399918
2016/7/2 10:30,12.05599976,5.357999802,8.421999931,2.878000021,3.746000051,1.70599997,18.21999931
2016/7/2 10:45,11.98900032,5.357999802,8.173000336,2.345000029,3.868000031,1.76699996,19.27499962
2016/7/2 11:00,11.78800011,5.425000191,8.173000336,2.523000002,3.686000109,1.674999952,19.83741214337648
2016/7/2 11:15,11.72099972,5.559000015,7.81799984,2.486999989,3.532999992,1.735999942,20.69153338412721
2016/7/2 11:30,11.31999969,5.425000191,7.568999767,2.948999882,3.229000092,1.70599997,21.532917897296972
2016/7/2 11:45,10.51599979,5.357999802,7.427000046,2.415999889,3.229000092,1.735999942,21.0340004
2016/7/2 12:00,9.645000458,4.956999779,6.751999855,2.131999969,3.107000113,1.827999949,21.00282670970993
2016/7/2 12:15,10.64999962,4.554999828,7.0,2.594000101,2.894000053,1.76699996,20.706884037722965
2016/7/2 12:30,11.11900043,5.69299984,8.279999733,3.447000027,3.075999975,1.797000051,20.96299934
2016/7/2 12:45,10.58300018,5.559000015,7.676000118,3.197999954,3.046000004,1.827999949,21.52599907
2016/7/2 13:00,10.38199997,5.760000229,7.461999893,2.559000015,2.984999895,1.76699996,20.45792817724501
2016/7/2 13:15,10.31499958,4.756000042,6.644999981,2.309999943,2.984999895,1.797000051,18.36100006
2016/7/2 13:30,8.572999954,3.951999903,5.756999969,1.953999996,2.832999945,1.76699996,18.6420002
2016/7/2 13:45,8.907999992,4.889999866,6.218999863,2.664999962,2.832999945,1.949000001,20.47100067
2016/7/2 14:00,8.774000168,4.68900013,6.111999989,2.025000095,2.894000053,1.91900003,21.559186512981036
2016/7/2 14:15,9.243000031,4.554999828,6.610000134,1.84800005,2.740999937,1.85800004,21.66699982
2016/7/2 14:30,9.779000282,4.421000004,6.928999901,2.523000002,2.832999945,1.735999942,20.921663035530425
2016/7/2 14:45,10.44900036,5.223999977,6.894000053,2.381000042,2.650000095,1.735999942,22.36024608939716
2016/7/2 15:00,10.44900036,5.157000065,6.965000153,2.451999903,2.772000074,1.735999942,22.69517661763999
2016/7/2 15:15,9.913000107,4.554999828,6.928999901,2.594000101,2.894000053,1.85800004,21.80447008098796
2016/7/2 15:30,9.979999542,5.022999763,6.928999901,2.559000015,2.984999895,1.827999949,20.47100067
2016/7/2 15:45,9.711999893,5.090000153,6.965000153,2.736000061,2.862999916,1.76699996,20.865255804108997
2016/7/2 16:00,9.845999718,4.822999954,7.035999775,2.664999962,2.894000053,1.76699996,20.68199921
2016/7/2 16:15,9.51099968,4.822999954,6.681000233,2.203000069,2.894000053,1.70599997,22.791647288441094
2016/7/2 16:30,10.18099976,4.287000179,6.928999901,2.842999935,3.319999933,1.735999942,24.582824103814676
2016/7/2 16:45,10.58300018,4.822999954,7.427000046,2.630000114,3.107000113,1.735999942,24.97299957
2016/7/2 17:00,9.913000107,4.822999954,6.894000053,2.415999889,3.229000092,1.735999942,25.4659996
2016/7/2 17:15,10.91800022,4.822999954,7.532999992,2.523000002,3.381000042,1.797000051,25.81699944
2016/7/2 17:30,11.25300026,4.822999954,7.782000065,2.523000002,3.503000021,1.70599997,26.02799988
2016/7/2 17:45,10.7840004,4.756000042,7.249000072,2.309999943,3.471999884,1.797000051,26.02799988
2016/7/2 18:00,10.64999962,4.68900013,6.928999901,2.451999903,3.381000042,1.797000051,25.88800049
2016/7/2 18:15,10.38199997,4.487999916,7.143000126,2.239000082,3.167999983,1.797000051,26.30999947
2016/7/2 18:30,9.779000282,4.487999916,6.857999802,2.167999983,3.075999975,1.735999942,28.059830824498192
2016/7/2 18:45,9.979999542,4.354000092,6.822999954,2.203000069,3.107000113,1.735999942,27.704834520626683
2016/7/2 19:00,10.11400032,4.354000092,6.644999981,1.812000036,3.107000113,1.735999942,27.85700035
2016/7/2 19:15,10.11400032,4.287000179,6.894000053,2.096999884,3.197999954,1.70599997,27.71699905
2016/7/2 19:30,10.71700001,4.487999916,7.249000072,2.203000069,3.411000013,1.735999942,27.64599991
2016/7/2 19:45,10.04699993,4.354000092,6.610000134,1.953999996,3.349999905,1.735999942,28.03309738420009
2016/7/2 20:00,9.979999542,4.152999878,6.573999882,1.953999996,3.411000013,1.76699996,27.29500008
2016/7/2 20:15,9.779000282,4.019000053,6.395999908,1.883000016,3.411000013,1.91900003,26.9459211386648
2016/7/2 20:30,9.51099968,4.21999979,6.183000088,1.91900003,3.289999962,1.85800004,24.840858499782826
2016/7/2 20:45,9.376999855,4.085999966,6.040999889,1.883000016,3.381000042,1.827999949,22.93300056
2016/7/2 21:00,9.31000042,4.21999979,6.005000114,2.131999969,3.229000092,1.85800004,22.22999954
2016/7/2 21:15,9.041999817,3.818000078,6.289999962,1.421000004,3.137000084,1.85800004,22.0890007
2016/7/2 21:30,9.041999817,4.68900013,6.361000061,2.381000042,3.015000105,1.797000051,22.607819798702586
2016/7/2 21:45,9.578000069,4.622000217,6.183000088,1.741000056,2.894000053,1.827999949,21.17399979
2016/7/2 22:00,9.444000244,4.622000217,6.965000153,2.167999983,2.954999924,1.85800004,22.299060498605378
2016/7/2 22:15,10.71700001,4.889999866,7.106999874,1.99000001,2.772000074,1.797000051,24.106228380042428
2016/7/2 22:30,10.31499958,5.022999763,6.928999901,2.239000082,2.832999945,1.76699996,25.93762614886255
2016/7/2 22:45,9.645000458,4.822999954,7.106999874,1.953999996,3.075999975,1.797000051,26.87344044789978
2016/7/2 23:00,9.444000244,4.287000179,6.822999954,2.559000015,2.588999987,1.735999942,27.29500008
2016/7/2 23:15,10.38199997,4.956999779,7.604000092,2.594000101,2.528000116,1.735999942,28.13899994
2016/7/2 23:30,10.91800022,5.090000153,7.710999966,2.203000069,2.588999987,1.735999942,28.865547954093834
2016/7/2 23:45,11.05200005,5.492000103,8.38599968,2.842999935,2.680000067,1.76699996,29.5747397015379
2016/7/3 0:00,10.38199997,5.425000191,7.604000092,2.309999943,2.954999924,1.674999952,29.449878960764785
2016/7/3 0:15,9.979999542,5.290999889,7.888999939,2.948999882,2.862999916,2.071000099,28.77199936
2016/7/3 0:30,10.71700001,5.022999763,7.710999966,2.309999943,2.650000095,1.735999942,28.09447882240663
2016/7/3 0:45,10.7840004,5.157000065,7.994999886,2.878000021,2.588999987,1.85800004,25.897108705442413
2016/7/3 1:00,9.779000282,5.223999977,6.71600008,2.842999935,2.650000095,1.674999952,26.29818685778423
2016/7/3 1:15,10.91800022,5.425000191,7.639999866,2.664999962,2.588999987,1.70599997,25.95800018
2016/7/3 1:30,10.64999962,5.090000153,8.102000237,2.736000061,2.650000095,1.735999942,26.549508187560377
2016/7/3 1:45,9.979999542,4.756000042,7.390999794,2.914000034,2.588999987,1.76699996,25.95800018
2016/7/3 2:00,10.38199997,4.68900013,7.320000172,2.203000069,2.984999895,1.85800004,24.622607323128747
2016/7/3 2:15,10.64999962,5.223999977,7.676000118,2.878000021,2.802000046,1.797000051,22.72200012
2016/7/3 2:30,9.444000244,4.421000004,6.610000134,2.772000074,2.588999987,1.70599997,23.26307095830449
2016/7/3 2:45,9.645000458,5.157000065,6.538000107,2.700999975,2.588999987,1.70599997,24.83200073
2016/7/3 3:00,9.779000282,4.152999878,6.822999954,1.99000001,2.528000116,1.674999952,26.992194561375044
2016/7/3 3:15,10.31499958,5.090000153,7.604000092,2.772000074,2.528000116,1.70599997,27.625948843302076
2016/7/3 3:30,9.376999855,4.554999828,6.965000153,2.415999889,2.528000116,1.674999952,27.860134543020557
2016/7/3 3:45,9.578000069,4.354000092,6.502999783,2.239000082,2.528000116,1.980000019,26.45000076
2016/7/3 4:00,10.71700001,4.756000042,7.355999947,2.806999922,2.650000095,1.797000051,25.95800018
2016/7/3 4:15,9.109000206,4.756000042,6.644999981,2.203000069,2.862999916,1.827999949,25.18400002
2016/7/3 4:30,8.305999756,4.68900013,5.507999897,2.415999889,2.772000074,1.827999949,24.834445137219404
2016/7/3 4:45,9.913000107,5.022999763,7.532999992,2.806999922,2.894000053,1.949000001,24.648736513734566
2016/7/3 5:00,10.31499958,4.68900013,7.390999794,2.451999903,2.924000025,1.85800004,24.05900002
2016/7/3 5:15,11.5880003,4.68900013,8.102000237,2.523000002,3.046000004,1.827999949,24.40999985
2016/7/3 5:30,10.71700001,4.554999828,7.249000072,1.812000036,3.259000063,1.888000011,25.1791760252377
2016/7/3 5:45,11.92199993,5.357999802,7.853000164,2.203000069,3.503000021,1.888000011,25.75500073302765
2016/7/3 6:00,12.59200001,5.223999977,8.670999527,2.203000069,3.71600008,1.949000001,25.32500076
2016/7/3 6:15,12.25699997,5.157000065,8.493000031,2.559000015,3.77699995,1.91900003,26.07844157773257
2016/7/3 6:30,11.31999969,5.425000191,7.390999794,1.883000016,3.838000059,1.980000019,25.681947224328358
2016/7/3 6:45,11.92199993,4.019000053,8.527999878,2.451999903,3.77699995,2.040999889,24.861906355199146
2016/7/3 7:00,11.11900043,4.622000217,7.888999939,2.842999935,3.625,1.91900003,23.897246376943233
2016/7/3 7:15,12.45800018,5.492000103,8.741999626,2.948999882,3.532999992,1.91900003,22.72200012
2016/7/3 7:30,12.59200001,6.027999878,8.777000427,2.772000074,3.594000101,1.91900003,24.62100029
2016/7/3 7:45,11.05200005,4.622000217,7.320000172,2.664999962,3.625,1.91900003,26.743737648121076
2016/7/3 8:00,10.64999962,4.421000004,7.035999775,2.025000095,3.594000101,1.91900003,27.04152455178503
2016/7/3 8:15,10.44900036,4.622000217,7.320000172,2.061000109,3.471999884,1.949000001,26.30999947
2016/7/3 8:30,10.71700001,4.889999866,7.320000172,2.203000069,3.441999912,1.91900003,27.99799919
2016/7/3 8:45,10.31499958,4.68900013,6.857999802,2.167999983,3.411000013,1.949000001,29.208832550636814
2016/7/3 9:00,10.04699993,4.21999979,6.43200016,1.669999957,3.686000109,1.949000001,27.36499977
2016/7/3 9:15,10.04699993,5.157000065,7.106999874,2.451999903,3.229000092,1.980000019,26.552083973627834
2016/7/3 9:30,11.18599987,5.290999889,7.532999992,2.878000021,3.381000042,1.888000011,25.25499916
2016/7/3 9:45,11.45400047,5.223999977,7.427000046,2.273999929,3.259000063,1.85800004,27.39441706368198
2016/7/3 10:00,11.72099972,5.090000153,7.888999939,2.559000015,3.563999891,1.85800004,28.06800079
2016/7/3 10:15,11.92199993,5.492000103,8.31499958,2.878000021,4.142000198,1.949000001,29.90861580104337
2016/7/3 10:30,12.25699997,4.756000042,8.244000435,2.486999989,4.051000118,1.827999949,30.81200027
2016/7/3 10:45,12.12300014,5.69299984,8.065999985,2.486999989,4.234000206,1.949000001,30.17900085
2016/7/3 11:00,12.12300014,5.357999802,8.065999985,2.486999989,4.081999779,1.91900003,29.47500038
2016/7/3 11:15,11.25300026,5.022999763,7.320000172,2.203000069,3.77699995,1.76699996,27.85700035
2016/7/3 11:30,10.98499966,4.554999828,6.965000153,2.167999983,3.349999905,1.827999949,25.95800018
2016/7/3 11:45,10.24800014,5.022999763,6.395999908,2.096999884,3.319999933,1.797000051,25.6060009
2016/7/3 12:00,9.979999542,5.022999763,6.857999802,2.559000015,3.289999962,1.85800004,27.558968169265903
2016/7/3 12:15,9.444000244,4.956999779,6.538000107,2.523000002,3.229000092,1.888000011,27.658308324912266
2016/7/3 12:30,10.04699993,4.822999954,6.218999863,1.883000016,3.167999983,1.888000011,28.77199936
2016/7/3 12:45,9.444000244,4.421000004,6.395999908,2.203000069,3.167999983,1.888000011,29.767739395259202
2016/7/3 13:00,9.243000031,4.956999779,6.289999962,2.630000114,3.137000084,1.888000011,29.96800041
2016/7/3 13:15,10.24800014,5.157000065,6.610000134,2.381000042,3.046000004,2.101999998,30.421950615431207
2016/7/3 13:30,10.04699993,4.756000042,6.857999802,2.559000015,3.107000113,1.797000051,29.96800041
2016/7/3 13:45,10.11400032,5.090000153,6.395999908,2.273999929,2.984999895,1.888000011,30.551305367495054
2016/7/3 14:00,10.18099976,5.425000191,7.177999973,3.019999981,3.075999975,1.888000011,30.38999939
2016/7/3 14:15,10.24800014,5.022999763,6.538000107,2.664999962,3.107000113,1.888000011,31.189534231341796
2016/7/3 14:30,10.04699993,5.090000153,6.573999882,2.736000061,3.046000004,1.797000051,31.375
2016/7/3 14:45,9.578000069,4.421000004,6.502999783,2.630000114,2.924000025,2.040999889,32.24546957632986
2016/7/3 15:00,9.645000458,5.425000191,7.106999874,2.664999962,3.015000105,1.827999949,31.721208905121454
2016/7/3 15:15,10.44900036,5.157000065,6.857999802,2.239000082,2.984999895,1.888000011,30.525999288793912
2016/7/3 15:30,9.913000107,4.68900013,6.857999802,2.309999943,3.075999975,1.797000051,29.876543779361633
2016/7/3 15:45,9.779000282,5.090000153,6.644999981,2.736000061,2.954999924,1.797000051,29.47500038
2016/7/3 16:00,9.779000282,4.889999866,6.502999783,2.984999895,3.075999975,2.00999999,29.75699997
2016/7/3 16:15,9.845999718,4.889999866,6.644999981,3.019999981,3.289999962,1.91900003,30.03800011
2016/7/3 16:30,10.18099976,5.090000153,6.751999855,2.772000074,3.746000051,1.91900003,30.395550364207132
2016/7/3 16:45,10.71700001,4.956999779,7.106999874,2.523000002,3.868000031,1.91900003,31.3955644170646
2016/7/3 17:00,11.11900043,5.157000065,7.320000172,2.914000034,3.806999922,1.980000019,33.17769723134397
2016/7/3 17:15,11.72099972,5.157000065,7.747000217,3.305000067,3.898999929,1.888000011,32.07799911
2016/7/3 17:30,11.92199993,5.290999889,7.923999786,2.736000061,4.203000069,1.980000019,32.14303136578998
2016/7/3 17:45,11.52099991,5.090000153,7.853000164,2.700999975,3.806999922,1.949000001,32.99300003
2016/7/3 18:00,11.05200005,4.956999779,7.390999794,2.523000002,3.686000109,1.980000019,32.32189493167753
2016/7/3 18:15,10.91800022,4.889999866,7.320000172,2.630000114,3.503000021,1.797000051,32.54906093450005
2016/7/3 18:30,10.7840004,4.889999866,7.214000225,2.700999975,3.441999912,1.827999949,32.36000061
2016/7/3 18:45,10.91800022,4.889999866,7.284999847,2.486999989,3.594000101,1.85800004,32.18226863253603
2016/7/3 19:00,10.7840004,4.889999866,7.214000225,2.486999989,3.594000101,1.888000011,28.59154684404498
2016/7/3 19:15,10.71700001,4.889999866,7.143000126,2.878000021,3.654999971,1.888000011,24.951455405144067
2016/7/3 19:30,10.91800022,4.756000042,7.106999874,2.345000029,3.838000059,1.85800004,24.405524503843463
2016/7/3 19:45,10.91800022,4.822999954,7.106999874,2.381000042,3.806999922,1.91900003,24.21587532651583
2016/7/3 20:00,11.18599987,4.889999866,7.177999973,2.345000029,3.960000038,1.91900003,21.818250829510717
2016/7/3 20:15,10.85099983,4.822999954,6.928999901,2.381000042,3.898999929,1.949000001,21.947999950000003
2016/7/3 20:30,10.7840004,4.756000042,6.857999802,2.239000082,3.928999901,2.00999999,20.32999992
2016/7/3 20:45,10.64999962,4.756000042,6.751999855,2.309999943,3.838000059,1.980000019,20.61199951
2016/7/3 21:00,10.44900036,4.889999866,6.610000134,2.309999943,3.806999922,2.040999889,22.964374813614796
2016/7/3 21:15,10.64999962,5.357999802,6.573999882,2.630000114,3.503000021,2.040999889,21.38500023
2016/7/3 21:30,10.44900036,5.69299984,6.681000233,2.559000015,3.503000021,1.949000001,20.876643458076757
2016/7/3 21:45,9.645000458,4.956999779,6.324999809,2.559000015,3.289999962,1.888000011,20.56857819799012
2016/7/3 22:00,9.578000069,5.760000229,6.787000179,3.127000093,3.259000063,1.888000011,19.41600037
2016/7/3 22:15,10.18099976,5.760000229,6.502999783,2.486999989,3.259000063,1.888000011,18.43099976
2016/7/3 22:30,10.31499958,5.69299984,6.751999855,3.447000027,3.411000013,1.980000019,18.21999931
2016/7/3 22:45,10.18099976,5.760000229,6.71600008,3.127000093,3.381000042,1.980000019,18.63858302408655
2016/7/3 23:00,9.31000042,5.760000229,6.610000134,3.055999994,3.167999983,1.888000011,18.5720005
2016/7/3 23:15,9.979999542,5.022999763,6.467000008,3.092000008,3.229000092,1.949000001,18.23594929817846
2016/7/3 23:30,9.913000107,5.425000191,6.324999809,2.878000021,3.137000084,1.85800004,18.71199989
2016/7/3 23:45,9.913000107,5.69299984,6.218999863,3.019999981,3.046000004,1.85800004,19.34499931
2016/7/4 0:00,9.913000107,5.894000053,6.254000187,2.630000114,3.015000105,1.85800004,21.66699982
2016/7/4 0:15,9.779000282,5.492000103,6.751999855,2.984999895,3.015000105,1.888000011,25.09446759793133
2016/7/4 0:30,9.376999855,5.425000191,5.934000015,2.486999989,2.862999916,1.827999949,25.88800049
2016/7/4 0:45,9.376999855,5.492000103,6.289999962,2.842999935,2.924000025,1.827999949,25.95800018
2016/7/4 1:00,8.975000381,4.956999779,6.289999962,2.664999962,2.862999916,1.827999949,25.5359993
2016/7/4 1:15,9.578000069,5.425000191,6.681000233,3.482000113,2.924000025,1.797000051,27.71699905
2016/7/4 1:30,9.31000042,5.425000191,5.828000069,2.842999935,2.894000053,1.827999949,29.482192004209693
2016/7/4 1:45,8.640000343,4.68900013,5.828000069,2.486999989,2.862999916,1.797000051,28.968074085793507
2016/7/4 2:00,8.640000343,4.822999954,6.147999763,2.594000101,2.924000025,1.827999949,27.85700035
2016/7/4 2:15,9.243000031,5.625999928,6.644999981,3.163000107,2.862999916,1.827999949,28.06800079
2016/7/4 2:30,9.243000031,4.756000042,5.756999969,2.415999889,2.832999945,2.131999969,29.10748666441805
2016/7/4 2:45,9.175999641,5.425000191,5.721000195,2.664999962,2.862999916,1.85800004,29.860066822206548
2016/7/4 3:00,9.175999641,5.492000103,5.578999996,2.381000042,2.862999916,1.85800004,27.954027807570775
2016/7/4 3:15,8.505999565,4.68900013,5.650000095,2.415999889,2.862999916,1.85800004,28.06800079
2016/7/4 3:30,8.371999741,5.492000103,5.721000195,2.451999903,2.894000053,1.827999949,28.079547799242587
2016/7/4 3:45,9.109000206,5.357999802,5.756999969,3.019999981,2.772000074,1.827999949,24.902104316688753
2016/7/4 4:00,9.109000206,4.822999954,5.650000095,2.523000002,2.772000074,1.797000051,24.62100029
2016/7/4 4:15,9.31000042,5.492000103,6.43200016,2.842999935,2.862999916,1.85800004,24.83200073
2016/7/4 4:30,9.376999855,4.956999779,5.721000195,3.055999994,3.015000105,1.888000011,24.69199944
2016/7/4 4:45,9.578000069,5.625999928,5.899000168,2.451999903,3.075999975,1.888000011,24.34000015
2016/7/4 5:00,9.845999718,5.559000015,5.96999979,2.948999882,3.107000113,1.888000011,24.363241805603217
2016/7/4 5:15,10.18099976,4.956999779,6.395999908,2.594000101,3.229000092,1.888000011,23.662503255859228
2016/7/4 5:30,10.11400032,4.956999779,6.681000233,2.415999889,3.441999912,1.888000011,22.39866348654892
2016/7/4 5:45,11.11900043,5.022999763,7.0,2.700999975,3.686000109,2.00999999,23.98441238114166
2016/7/4 6:00,11.5880003,5.425000191,7.390999794,2.806999922,3.806999922,1.980000019,23.550902840067796
2016/7/4 6:15,10.7840004,5.157000065,7.214000225,2.523000002,3.71600008,1.888000011,22.378191745550673
2016/7/4 6:30,10.98499966,5.960999966,7.498000145,3.092000008,3.746000051,1.888000011,23.0739994
2016/7/4 6:45,10.91800022,4.956999779,7.071000099,2.806999922,3.898999929,2.040999889,22.375600520823294
2016/7/4 7:00,11.78800011,6.09499979,7.214000225,2.984999895,3.898999929,2.040999889,22.51099968
2016/7/4 7:15,11.65499973,5.625999928,7.320000172,3.411000013,3.806999922,2.101999998,21.484448054788853
2016/7/4 7:30,10.85099983,6.362999916,7.249000072,3.019999981,3.806999922,2.071000099,21.722766799063752
2016/7/4 7:45,11.5880003,5.69299984,7.214000225,2.878000021,3.77699995,2.071000099,21.562317103881213
2016/7/4 8:00,10.58300018,5.960999966,7.143000126,2.914000034,3.654999971,2.071000099,22.082620929963344
2016/7/4 8:15,10.64999962,5.559000015,7.106999874,2.806999922,3.686000109,1.980000019,22.51099968
2016/7/4 8:30,11.31999969,6.09499979,7.320000172,2.948999882,3.532999992,1.980000019,23.773909491785044
2016/7/4 8:45,10.51599979,6.162000179,7.106999874,3.197999954,3.77699995,2.163000107,24.4810009
2016/7/4 9:00,11.5880003,6.296000004,7.568999767,3.055999994,3.471999884,2.00999999,25.39500046
2016/7/4 9:15,11.72099972,6.296000004,7.994999886,3.588999987,3.594000101,2.131999969,23.84799957
2016/7/4 9:30,11.18599987,5.625999928,7.498000145,2.948999882,3.532999992,2.223999977,25.73550018126035
2016/7/4 9:45,11.38700008,5.492000103,7.639999866,2.948999882,3.686000109,2.071000099,24.5510006
2016/7/4 10:00,11.92199993,6.229000092,7.710999966,3.055999994,3.746000051,1.949000001,25.612583145071383
2016/7/4 10:15,13.12800026,5.559000015,8.56400013,3.019999981,4.111999989,2.071000099,27.64599991
2016/7/4 10:30,13.32900047,6.09499979,8.527999878,2.984999895,4.295000076,1.980000019,29.532683870916006
2016/7/4 10:45,13.19499969,6.362999916,8.954999924,3.482000113,4.386000156,1.980000019,28.35000038
2016/7/4 11:00,12.32400036,5.559000015,8.421999931,3.233999968,4.203000069,1.980000019,29.54599953
2016/7/4 11:15,12.25699997,6.362999916,7.782000065,3.197999954,4.020999908,1.980000019,30.727295556295477
2016/7/4 11:30,11.72099972,5.625999928,7.532999992,3.233999968,3.686000109,1.888000011,31.58600044
2016/7/4 11:45,10.44900036,5.960999966,7.320000172,3.233999968,3.471999884,1.888000011,30.60099983
2016/7/4 12:00,10.38199997,5.894000053,6.857999802,2.630000114,3.563999891,1.949000001,29.47500038
2016/7/4 12:15,10.7840004,6.027999878,7.0,3.447000027,3.381000042,2.00999999,27.85700035
2016/7/4 12:30,10.71700001,5.894000053,6.894000053,3.552999973,3.289999962,1.949000001,29.68218902452386
2016/7/4 12:45,10.64999962,5.960999966,6.610000134,3.233999968,3.563999891,2.071000099,29.61599922
2016/7/4 13:00,10.04699993,5.425000191,6.751999855,3.019999981,3.319999933,1.949000001,29.26399994
2016/7/4 13:15,10.58300018,6.09499979,6.787000179,2.984999895,3.229000092,1.980000019,28.77199936
2016/7/4 13:30,10.04699993,5.290999889,6.71600008,2.842999935,3.259000063,2.315000057,30.801134084842854
2016/7/4 13:45,10.64999962,5.559000015,6.681000233,3.197999954,3.349999905,2.071000099,30.31999969
2016/7/4 14:00,10.51599979,6.027999878,7.106999874,3.375999928,3.137000084,1.91900003,30.95299911
2016/7/4 14:15,10.64999962,5.960999966,6.787000179,3.588999987,3.259000063,2.071000099,30.74200058
2016/7/4 14:30,10.64999962,6.09499979,7.143000126,2.914000034,3.259000063,1.980000019,31.02300072
2016/7/4 14:45,9.845999718,5.492000103,6.644999981,3.127000093,3.319999933,2.071000099,31.40238510181194
2016/7/4 15:00,10.71700001,6.09499979,6.787000179,3.019999981,3.167999983,2.00999999,31.72599983
2016/7/4 15:15,10.04699993,5.223999977,6.573999882,2.842999935,3.381000042,2.101999998,31.375
2016/7/4 15:30,10.04699993,5.223999977,6.71600008,2.700999975,3.686000109,2.040999889,31.79700089
2016/7/4 15:45,9.979999542,5.022999763,6.610000134,2.736000061,3.319999933,1.980000019,33.13363092965668
2016/7/4 16:00,9.979999542,5.022999763,6.502999783,2.559000015,3.441999912,2.040999889,33.13299942
2016/7/4 16:15,10.51599979,5.090000153,6.751999855,2.451999903,3.71600008,2.131999969,33.499925596357535
2016/7/4 16:30,10.85099983,5.492000103,6.928999901,2.842999935,3.654999971,2.101999998,33.01855543619645
2016/7/4 16:45,10.7840004,5.022999763,7.071000099,2.594000101,3.654999971,2.00999999,31.02300072
2016/7/4 17:00,11.31999969,5.090000153,7.355999947,2.451999903,3.868000031,2.040999889,28.9829998
2016/7/4 17:15,11.92199993,5.157000065,7.81799984,2.381000042,4.051000118,2.28399992,28.77199936
2016/7/4 17:30,11.78800011,4.889999866,7.747000217,2.345000029,4.081999779,2.00999999,28.735811846289952
2016/7/4 17:45,11.52099991,4.956999779,7.390999794,2.664999962,4.111999989,2.040999889,28.780852582277017
2016/7/4 18:00,11.38700008,4.956999779,7.355999947,2.451999903,4.295000076,2.193000078,29.759772966132214
2016/7/4 18:15,9.645000458,3.951999903,7.143000126,2.309999943,2.650000095,1.279000044,29.956038849065653
2016/7/4 18:30,9.376999855,3.951999903,6.751999855,2.273999929,2.467000008,1.279000044,30.46607394998836
2016/7/4 18:45,9.376999855,3.750999928,6.965000153,2.239000082,2.405999899,1.187999964,32.04586406718789
2016/7/4 19:00,9.376999855,3.88499999,6.894000053,2.239000082,2.467000008,1.187999964,32.327406258143775
2016/7/4 19:15,9.645000458,3.88499999,7.071000099,2.239000082,2.528000116,1.248999953,31.44499969
2016/7/4 19:30,9.845999718,3.951999903,7.143000126,2.273999929,2.650000095,1.309999943,30.60099983
2016/7/4 19:45,9.779000282,4.487999916,7.0,2.273999929,2.710999966,1.371000051,30.326785815345428
2016/7/4 20:00,10.11400032,4.085999966,7.143000126,2.239000082,2.954999924,1.462000012,25.18400002
2016/7/4 20:15,10.51599979,4.554999828,7.106999874,2.273999929,3.77699995,1.76699996,26.45000076
2016/7/4 20:30,10.58300018,4.68900013,6.857999802,2.273999929,3.868000031,1.91900003,27.9279995
2016/7/4 20:45,10.51599979,4.822999954,6.928999901,2.381000042,3.594000101,1.980000019,29.47500038
2016/7/4 21:00,10.38199997,4.822999954,6.894000053,2.309999943,3.503000021,2.00999999,30.739286615084154
2016/7/4 21:15,10.7840004,5.357999802,7.177999973,2.345000029,3.471999884,1.980000019,29.54599953
2016/7/4 21:30,10.31499958,4.487999916,6.822999954,2.025000095,3.411000013,1.980000019,30.17900085
2016/7/4 21:45,10.11400032,4.554999828,6.681000233,2.096999884,3.381000042,2.071000099,29.26399994
2016/7/4 22:00,9.645000458,4.889999866,6.610000134,1.91900003,3.259000063,1.91900003,28.28802014754759
2016/7/4 22:15,10.71700001,4.622000217,7.284999847,2.167999983,3.503000021,1.91900003,23.84799957
2016/7/4 22:30,11.72099972,5.425000191,7.81799984,2.630000114,3.229000092,1.91900003,22.912713694747783
2016/7/4 22:45,11.78800011,6.027999878,8.102000237,2.984999895,3.259000063,2.040999889,24.373469087714852
2016/7/4 23:00,12.72599983,6.497000217,9.345999718,3.482000113,3.167999983,1.980000019,25.4659996
2016/7/4 23:15,12.52499962,5.960999966,9.204000473,3.411000013,3.137000084,1.980000019,27.055289073735874
2016/7/4 23:30,12.45800018,6.229000092,8.883999825,3.339999914,3.075999975,1.91900003,25.88800049
2016/7/4 23:45,11.11900043,5.827000141,8.670999527,3.482000113,3.015000105,1.949000001,26.30999947
2016/7/5 0:00,11.98900032,5.625999928,8.777000427,2.948999882,3.197999954,1.980000019,26.1402609203505
2016/7/5 0:15,10.51599979,5.425000191,7.214000225,2.842999935,3.015000105,1.91900003,26.658822163083293
2016/7/5 0:30,12.52499962,5.827000141,8.635000229,3.802000046,3.289999962,2.00999999,27.515166665291037
2016/7/5 0:45,11.45400047,6.027999878,8.137999535,3.092000008,3.075999975,2.00999999,27.71699905
2016/7/5 1:00,12.52499962,6.296000004,8.954999924,3.163000107,3.137000084,2.00999999,25.95800018
2016/7/5 1:15,9.31000042,5.223999977,6.395999908,2.167999983,3.015000105,1.888000011,25.04400063
2016/7/5 1:30,10.24800014,5.357999802,7.214000225,2.772000074,2.984999895,2.040999889,25.211129375299013
2016/7/5 1:45,11.38700008,5.559000015,8.56400013,3.019999981,3.075999975,2.071000099,26.16652716032246
2016/7/5 2:00,12.32400036,6.296000004,8.812999725,3.375999928,2.984999895,1.91900003,26.02799988
2016/7/5 2:15,9.779000282,5.223999977,6.183000088,2.381000042,2.924000025,1.91900003,26.900518604617044
2016/7/5 2:30,10.24800014,4.756000042,8.670999527,2.381000042,2.832999945,1.888000011,26.73200035
2016/7/5 2:45,12.25699997,6.09499979,8.954999924,3.838000059,2.832999945,1.85800004,27.9279995
2016/7/5 3:00,10.71700001,5.425000191,8.065999985,2.878000021,2.832999945,1.85800004,28.91300011
2016/7/5 3:15,10.31499958,4.956999779,7.143000126,2.451999903,2.862999916,1.91900003,29.19400024
2016/7/5 3:30,10.44900036,4.554999828,6.894000053,2.381000042,2.954999924,1.949000001,30.24900055
2016/7/5 3:45,11.78800011,5.69299984,8.847999573,3.055999994,3.046000004,1.949000001,31.314285093565346
2016/7/5 4:00,11.31999969,5.625999928,7.676000118,2.630000114,3.046000004,1.888000011,30.45999908
2016/7/5 4:15,10.31499958,5.357999802,7.320000172,2.630000114,3.046000004,2.253999949,30.600046306018335
2016/7/5 4:30,9.243000031,4.956999779,6.076000214,2.273999929,3.137000084,2.071000099,30.839667010237974
2016/7/5 4:45,10.7840004,5.425000191,7.461999893,2.239000082,3.319999933,2.131999969,31.72599983
2016/7/5 5:00,10.85099983,4.68900013,6.822999954,1.883000016,3.319999933,2.040999889,31.375
2016/7/5 5:15,12.12300014,5.090000153,8.137999535,2.273999929,3.319999933,1.949000001,31.90485739429064
2016/7/5 5:30,11.18599987,4.287000179,7.071000099,1.77699995,3.563999891,1.91900003,31.82518727636677
2016/7/5 5:45,12.32400036,5.69299984,8.670999527,2.878000021,3.77699995,1.980000019,32.21900177
2016/7/5 6:00,13.32900047,5.425000191,8.883999825,2.736000061,4.081999779,1.949000001,33.20697880878829
2016/7/5 6:15,12.6590004,5.625999928,8.812999725,2.842999935,3.928999901,1.949000001,32.21900177
2016/7/5 6:30,11.72099972,4.956999779,7.747000217,2.415999889,3.838000059,1.980000019,32.71099854
2016/7/5 6:45,11.45400047,5.760000229,7.923999786,2.948999882,3.806999922,1.949000001,33.073512982014165
2016/7/5 7:00,11.45400047,5.223999977,7.853000164,2.772000074,3.654999971,2.00999999,32.01196167867837
2016/7/5 7:15,12.85999966,5.69299984,8.741999626,2.948999882,3.563999891,1.91900003,31.51499939
2016/7/5 7:30,11.52099991,5.894000053,7.320000172,3.163000107,3.625,2.040999889,30.595574077086898
2016/7/5 7:45,11.5880003,5.827000141,7.568999767,3.197999954,3.563999891,2.315000057,31.30400085
2016/7/5 8:00,11.05200005,5.960999966,7.461999893,3.127000093,3.563999891,2.101999998,30.74946788597496
2016/7/5 8:15,11.5880003,5.625999928,7.710999966,3.019999981,3.532999992,2.071000099,29.33499908
2016/7/5 8:30,11.65499973,5.960999966,7.532999992,3.305000067,3.503000021,2.131999969,29.710604240732547
2016/7/5 8:45,10.91800022,4.889999866,7.532999992,2.948999882,3.471999884,2.040999889,29.68600082
2016/7/5 9:00,10.98499966,6.027999878,7.532999992,2.700999975,3.411000013,2.040999889,30.83802274185739
2016/7/5 9:15,11.65499973,5.625999928,7.532999992,2.451999903,3.441999912,1.949000001,32.64099884
2016/7/5 9:30,11.11900043,6.027999878,7.81799984,2.772000074,3.563999891,2.101999998,33.14121256714407
2016/7/5 9:45,11.31999969,5.69299984,7.888999939,2.451999903,3.654999971,2.071000099,33.41500092
2016/7/5 10:00,12.79300022,5.960999966,8.56400013,3.447000027,3.838000059,2.163000107,32.92200089
2016/7/5 10:15,12.18999958,5.625999928,8.38599968,2.914000034,3.898999929,1.949000001,32.95538260338188
2016/7/5 10:30,14.13300037,6.027999878,9.131999969,3.163000107,4.203000069,2.071000099,33.41747038919155
2016/7/5 10:45,13.19499969,6.631000042,9.131999969,3.482000113,4.507999897,2.223999977,32.550935769039484
2016/7/5 11:00,13.39599991,6.429999828,8.741999626,3.482000113,4.598999977,2.253999949,31.09300041
2016/7/5 11:15,12.72599983,6.229000092,8.137999535,2.772000074,4.203000069,2.163000107,29.89699936
2016/7/5 11:30,11.85499954,6.09499979,7.676000118,3.019999981,3.898999929,2.071000099,28.27899933
2016/7/5 11:45,10.91800022,5.090000153,7.249000072,2.203000069,3.746000051,2.071000099,26.363093576148373
2016/7/5 12:00,11.25300026,5.425000191,7.676000118,2.736000061,3.594000101,2.00999999,26.141581481769485
2016/7/5 12:15,11.05200005,5.090000153,7.071000099,2.203000069,3.441999912,1.980000019,26.16900063
2016/7/5 12:30,10.85099983,5.357999802,7.143000126,3.019999981,3.441999912,2.040999889,25.79674531055297
2016/7/5 12:45,10.71700001,5.357999802,6.644999981,2.096999884,3.411000013,2.00999999,26.872977505812273
2016/7/5 13:00,9.913000107,4.554999828,6.681000233,2.309999943,3.319999933,1.91900003,27.51104874093502
2016/7/5 13:15,10.04699993,4.622000217,6.71600008,2.061000109,3.229000092,1.91900003,27.29500008
2016/7/5 13:30,10.91800022,4.889999866,6.787000179,2.415999889,3.411000013,2.00999999,25.498757667714283
2016/7/5 13:45,10.04699993,5.357999802,6.822999954,2.415999889,3.411000013,2.040999889,27.164601494606348
2016/7/5 14:00,10.18099976,5.357999802,7.320000172,2.486999989,3.319999933,2.071000099,29.06313481347715
2016/7/5 14:15,10.7840004,4.822999954,7.355999947,2.559000015,3.167999983,1.949000001,28.42000008
2016/7/5 14:30,10.04699993,5.290999889,6.928999901,2.203000069,3.167999983,1.91900003,29.62329103283088
2016/7/5 14:45,10.7840004,5.357999802,7.320000172,2.630000114,3.259000063,1.980000019,31.643557662048057
2016/7/5 15:00,10.85099983,5.223999977,7.249000072,2.415999889,3.319999933,1.949000001,30.60099983
2016/7/5 15:15,10.24800014,5.022999763,6.894000053,2.167999983,3.319999933,1.980000019,31.16650309895379
2016/7/5 15:30,10.44900036,5.425000191,7.0,2.700999975,3.411000013,2.163000107,31.481386744202076
2016/7/5 15:45,10.31499958,5.492000103,7.106999874,2.878000021,3.289999962,2.131999969,31.72599983
2016/7/5 16:00,10.04699993,5.022999763,6.894000053,2.736000061,3.167999983,2.253999949,32.00799942
2016/7/5 16:15,10.64999962,5.894000053,7.177999973,2.878000021,3.289999962,2.071000099,31.72599983
2016/7/5 16:30,11.11900043,5.492000103,7.427000046,2.914000034,3.594000101,2.101999998,31.86700058
2016/7/5 16:45,11.45400047,5.559000015,7.568999767,2.806999922,4.051000118,2.101999998,32.85200119
2016/7/5 17:00,11.92199993,5.425000191,7.923999786,2.878000021,4.386000156,2.101999998,33.739872749594724
2016/7/5 17:15,11.92199993,5.357999802,7.81799984,2.948999882,4.081999779,2.040999889,33.60810946249994
2016/7/5 17:30,12.12300014,5.157000065,8.137999535,2.559000015,3.960000038,2.193000078,31.86700058
2016/7/5 17:45,11.65499973,5.223999977,7.81799984,2.664999962,3.960000038,2.101999998,32.21900177
2016/7/5 18:00,11.45400047,4.956999779,7.461999893,2.345000029,3.99000001,2.040999889,31.793360114425575
2016/7/5 18:15,10.91800022,5.022999763,7.106999874,2.486999989,3.928999901,2.071000099,32.36615301763776
2016/7/5 18:30,10.71700001,4.956999779,6.965000153,2.736000061,3.746000051,2.00999999,32.6236895982732
2016/7/5 18:45,10.7840004,4.956999779,7.0,2.415999889,3.77699995,2.040999889,32.93002674122209
2016/7/5 19:00,10.85099983,4.68900013,7.071000099,2.345000029,3.806999922,1.949000001,31.02300072
2016/7/5 19:15,10.91800022,4.756000042,7.071000099,2.273999929,3.838000059,1.949000001,31.63227211726728
2016/7/5 19:30,10.85099983,4.68900013,7.0,2.239000082,3.868000031,1.949000001,31.375
2016/7/5 19:45,11.11900043,4.822999954,7.106999874,2.239000082,4.020999908,2.00999999,31.375
2016/7/5 20:00,11.18599987,4.622000217,7.284999847,2.203000069,3.898999929,1.888000011,31.877672260250584
2016/7/5 20:15,11.25300026,4.756000042,7.284999847,2.167999983,3.928999901,1.980000019,31.413449861123055
2016/7/5 20:30,10.98499966,4.68900013,7.106999874,2.203000069,3.898999929,1.980000019,31.074641585894295
2016/7/5 20:45,10.98499966,4.68900013,6.965000153,2.239000082,3.746000051,2.071000099,31.690407812216577
2016/7/5 21:00,10.64999962,4.68900013,6.894000053,2.167999983,3.806999922,2.00999999,31.72599983
2016/7/5 21:15,10.31499958,4.152999878,6.751999855,1.63499999,3.563999891,2.040999889,30.88199997
2016/7/5 21:30,10.18099976,4.421000004,6.928999901,1.84800005,3.806999922,1.888000011,30.31999969
2016/7/5 21:45,10.64999962,5.223999977,6.965000153,2.273999929,3.471999884,2.131999969,31.055826031907664
2016/7/5 22:00,9.979999542,4.354000092,6.644999981,1.91900003,3.563999891,1.980000019,31.409299781886606
2016/7/5 22:15,11.92199993,5.625999928,8.31499958,3.092000008,3.441999912,1.949000001,31.69757579653859
2016/7/5 22:30,10.7840004,4.756000042,7.568999767,2.451999903,3.381000042,1.91900003,31.237301141590684
2016/7/5 22:45,11.18599987,5.827000141,7.676000118,2.736000061,3.289999962,1.980000019,31.337763618814794
2016/7/5 23:00,11.85499954,5.760000229,7.81799984,2.700999975,3.259000063,1.949000001,31.11210497119891
2016/7/5 23:15,10.91800022,5.625999928,7.747000217,3.019999981,3.229000092,1.949000001,30.60885364750845
2016/7/5 23:30,11.31999969,5.69299984,7.888999939,3.163000107,3.349999905,2.040999889,29.860765397746142
2016/7/5 23:45,11.11900043,6.027999878,8.421999931,3.482000113,3.075999975,1.949000001,29.880141527455205
2016/7/6 0:00,10.38199997,5.090000153,6.467000008,2.842999935,3.015000105,1.827999949,28.91300011
2016/7/6 0:15,11.11900043,5.223999977,8.173000336,3.092000008,2.954999924,1.888000011,29.617148724740684
2016/7/6 0:30,11.85499954,5.827000141,8.741999626,3.127000093,2.924000025,1.91900003,29.23204859749973
2016/7/6 0:45,10.18099976,5.357999802,6.71600008,2.131999969,2.924000025,1.85800004,30.352541945174504
2016/7/6 1:00,10.71700001,5.425000191,7.498000145,2.309999943,2.832999945,1.91900003,30.38999939
2016/7/6 1:15,9.845999718,5.157000065,6.218999863,2.594000101,2.862999916,1.91900003,30.901456165129346
2016/7/6 1:30,9.51099968,5.425000191,6.71600008,2.594000101,2.984999895,1.980000019,31.12576837375492
2016/7/6 1:45,10.44900036,5.625999928,7.676000118,2.594000101,2.924000025,1.949000001,31.98178716033974
2016/7/6 2:00,10.85099983,5.357999802,7.81799984,2.878000021,2.832999945,1.85800004,31.51499939
2016/7/6 2:15,10.11400032,5.357999802,7.071000099,2.594000101,2.832999945,1.827999949,30.87503795217477
2016/7/6 2:30,11.38700008,6.162000179,7.994999886,3.375999928,3.075999975,2.223999977,30.31999969
2016/7/6 2:45,10.38199997,4.68900013,6.538000107,2.167999983,3.259000063,1.91900003,31.302642285591748
2016/7/6 3:00,9.779000282,5.157000065,5.96999979,2.345000029,3.167999983,2.131999969,31.233999250000004
2016/7/6 3:15,9.711999893,4.487999916,6.467000008,2.096999884,3.197999954,2.00999999,30.60099983
2016/7/6 3:30,10.71700001,5.157000065,7.320000172,2.309999943,3.349999905,1.980000019,31.579019192694112
2016/7/6 3:45,9.645000458,4.889999866,6.71600008,2.239000082,2.924000025,1.980000019,32.00799942
2016/7/6 4:00,9.376999855,4.487999916,6.254000187,2.273999929,3.015000105,2.040999889,30.53100014
2016/7/6 4:15,9.109000206,4.622000217,5.862999916,2.167999983,3.349999905,2.101999998,30.31999969
2016/7/6 4:30,10.71700001,5.425000191,7.106999874,2.664999962,3.259000063,2.163000107,30.81200027
2016/7/6 4:45,10.7840004,4.889999866,7.710999966,2.239000082,3.259000063,2.040999889,30.67099953
2016/7/6 5:00,11.38700008,5.559000015,7.853000164,2.842999935,3.259000063,2.345000029,30.248525757899007
2016/7/6 5:15,11.92199993,5.559000015,8.208999634,2.878000021,3.563999891,2.071000099,31.126118696701393
2016/7/6 5:30,12.12300014,5.022999763,8.279999733,2.167999983,3.686000109,2.040999889,29.89699936
2016/7/6 5:45,11.18599987,4.822999954,7.214000225,2.061000109,3.868000031,1.980000019,30.87290665843637
2016/7/6 6:00,11.85499954,4.487999916,8.208999634,2.096999884,3.868000031,1.85800004,30.31999969
2016/7/6 6:15,11.78800011,4.487999916,7.960000038,2.273999929,3.71600008,1.888000011,30.866856609325517
2016/7/6 6:30,11.5880003,5.357999802,7.320000172,2.594000101,3.71600008,1.888000011,30.108439768092595
2016/7/6 6:45,11.92199993,4.822999954,7.994999886,2.736000061,3.532999992,1.85800004,29.82699966
2016/7/6 7:00,12.52499962,6.162000179,9.131999969,3.625,3.532999992,1.888000011,29.61599922
2016/7/6 7:15,12.59200001,5.894000053,9.23900032,2.914000034,3.503000021,1.980000019,29.61599922
2016/7/6 7:30,12.45800018,6.09499979,9.274999619,3.339999914,3.503000021,1.91900003,29.82699966
2016/7/6 7:45,13.59700012,6.631000042,9.737000465,3.696000099,3.471999884,1.949000001,30.971350784682414
2016/7/6 8:00,12.72599983,6.362999916,9.345999718,3.375999928,3.71600008,1.980000019,31.012533219563068
2016/7/6 8:15,11.5880003,5.022999763,7.853000164,2.523000002,3.594000101,1.949000001,30.932624095445604
2016/7/6 8:30,11.38700008,4.889999866,7.960000038,2.842999935,3.471999884,1.980000019,30.88199997
2016/7/6 8:45,11.45400047,5.492000103,7.427000046,2.948999882,3.471999884,1.85800004,31.79700089
2016/7/6 9:00,11.11900043,4.756000042,7.177999973,2.131999969,3.349999905,1.980000019,33.33362719659602
2016/7/6 9:15,10.85099983,4.822999954,7.532999992,2.096999884,3.471999884,1.980000019,32.62526758281942
2016/7/6 9:30,10.98499966,5.357999802,7.960000038,3.197999954,3.471999884,1.888000011,32.774480193512936
2016/7/6 9:45,11.25300026,5.625999928,8.244000435,2.984999895,3.746000051,1.888000011,32.42900561246919
2016/7/6 10:00,11.78800011,4.889999866,8.031000137,2.451999903,3.563999891,1.85800004,30.523939947206728
2016/7/6 10:15,11.98900032,4.956999779,8.706000328,2.486999989,3.77699995,1.888000011,30.3637396516022
2016/7/6 10:30,13.73099995,5.827000141,8.812999725,2.630000114,3.99000001,1.827999949,28.53973448305408
2016/7/6 10:45,13.59700012,5.090000153,8.847999573,2.559000015,4.172999859,1.76699996,29.33499908
2016/7/6 11:00,13.12800026,4.956999779,8.670999527,2.772000074,3.99000001,1.91900003,30.446040710128045
2016/7/6 11:15,11.5880003,5.559000015,8.493000031,3.163000107,3.77699995,1.827999949,31.30400085
2016/7/6 11:30,11.85499954,5.559000015,7.676000118,3.163000107,3.441999912,1.76699996,31.5506784137186
2016/7/6 11:45,10.24800014,4.956999779,7.106999874,2.559000015,3.137000084,1.674999952,30.414827533676167
2016/7/6 12:00,10.58300018,4.756000042,7.0,2.061000109,2.954999924,1.644999981,30.804966439118964
2016/7/6 12:15,10.38199997,5.492000103,7.81799984,2.878000021,2.894000053,1.674999952,30.79367933659093
2016/7/6 12:30,10.51599979,5.357999802,7.782000065,2.772000074,3.046000004,1.735999942,31.22515556649126
2016/7/6 12:45,11.11900043,4.756000042,8.031000137,2.523000002,3.137000084,1.70599997,31.02300072
2016/7/6 13:00,10.31499958,5.290999889,7.498000145,2.345000029,3.046000004,1.70599997,32.11968822009126
2016/7/6 13:15,11.05200005,5.357999802,7.853000164,2.984999895,2.772000074,1.613999963,32.8959707574076
2016/7/6 13:30,10.18099976,4.354000092,7.568999767,2.594000101,2.618999958,1.76699996,32.36000061
2016/7/6 13:45,10.24800014,5.357999802,7.676000118,2.806999922,2.618999958,1.70599997,32.48793317509141
2016/7/6 14:00,9.444000244,5.022999763,6.965000153,2.203000069,2.650000095,1.644999981,32.62921992148354
2016/7/6 14:15,11.18599987,5.357999802,7.888999939,3.305000067,2.650000095,1.674999952,32.71099854
2016/7/6 14:30,10.51599979,5.492000103,7.994999886,2.736000061,2.618999958,1.552999973,31.53271982327259
2016/7/6 14:45,10.51599979,5.223999977,7.532999992,2.700999975,2.680000067,1.583999991,29.113678213257078
2016/7/6 15:00,10.44900036,4.21999979,7.0,2.381000042,2.710999966,1.583999991,29.18813028518128
2016/7/6 15:15,9.779000282,4.21999979,7.143000126,2.309999943,2.680000067,1.523000002,28.06800079
2016/7/6 15:30,9.913000107,4.152999878,6.787000179,1.953999996,2.710999966,1.523000002,27.933204006568175
2016/7/6 15:45,9.578000069,4.085999966,7.035999775,1.99000001,2.680000067,1.552999973,27.36499977
2016/7/6 16:00,9.845999718,4.085999966,7.071000099,1.91900003,2.710999966,1.552999973,27.71699905
2016/7/6 16:15,10.11400032,4.085999966,7.177999973,2.309999943,2.862999916,1.644999981,29.40500069
2016/7/6 16:30,10.64999962,4.889999866,7.568999767,2.594000101,3.411000013,1.644999981,30.815241634285716
2016/7/6 16:45,10.85099983,4.889999866,7.604000092,2.630000114,3.167999983,1.70599997,30.38999939
2016/7/6 17:00,10.98499966,4.756000042,7.639999866,2.630000114,3.289999962,1.644999981,31.44686320706253
2016/7/6 17:15,11.18599987,4.756000042,7.604000092,2.415999889,3.654999971,1.76699996,29.956996106032115
2016/7/6 17:30,11.18599987,4.554999828,7.568999767,2.451999903,3.594000101,1.674999952,29.89699936
2016/7/6 17:45,11.25300026,4.421000004,7.604000092,2.239000082,3.503000021,1.644999981,28.77199936
2016/7/6 18:00,10.71700001,4.287000179,7.320000172,2.096999884,3.319999933,1.644999981,24.753843558818275
2016/7/6 18:15,9.913000107,3.88499999,6.751999855,1.91900003,3.137000084,1.523000002,25.786598181297073
2016/7/6 18:30,8.907999992,3.88499999,6.005000114,1.598999977,2.954999924,1.491999984,27.948097226869365
2016/7/6 18:45,9.243000031,3.549999952,6.147999763,1.491999984,3.046000004,1.523000002,29.33499908
2016/7/6 19:00,9.175999641,3.549999952,6.005000114,1.56400001,3.107000113,1.613999963,29.68600082
2016/7/6 19:15,9.31000042,3.617000103,6.183000088,1.56400001,3.107000113,1.797000051,30.80413356473013
2016/7/6 19:30,9.51099968,3.617000103,6.111999989,1.56400001,3.349999905,1.674999952,30.17980747659577
2016/7/6 19:45,9.779000282,3.88499999,6.254000187,1.56400001,3.381000042,1.70599997,30.10899925
2016/7/6 20:00,9.645000458,4.152999878,6.254000187,1.457000017,3.411000013,1.735999942,30.24900055
2016/7/6 20:15,10.11400032,3.684000015,6.43200016,1.386000037,3.625,2.040999889,30.249000550000005
2016/7/6 20:30,9.845999718,3.750999928,6.324999809,1.77699995,3.594000101,1.797000051,30.74200058
2016/7/6 20:45,9.444000244,3.818000078,5.862999916,1.172999978,3.686000109,1.76699996,30.63990273653576
2016/7/6 21:00,8.505999565,2.880000114,5.436999798,0.745999992,3.532999992,1.827999949,29.86358184532664
2016/7/6 21:15,10.38199997,3.013999939,7.461999893,0.816999972,3.075999975,1.613999963,30.216944406477168
2016/7/6 21:30,10.58300018,3.214999914,7.249000072,1.457000017,2.954999924,1.644999981,29.68600082
2016/7/6 21:45,10.51599979,3.415999889,6.822999954,0.603999972,3.167999983,1.613999963,30.521134698798576
2016/7/6 22:00,10.51599979,3.348999977,7.106999874,1.279000044,3.259000063,1.644999981,29.74703268153239
2016/7/6 22:15,12.45800018,4.822999954,8.883999825,2.559000015,3.046000004,1.644999981,30.259743119456
2016/7/6 22:30,12.72599983,4.21999979,9.843000412,2.381000042,3.381000042,1.644999981,29.880236922448123
2016/7/6 22:45,13.26200008,5.223999977,9.522999763,2.309999943,3.046000004,1.613999963,28.91300011
2016/7/6 23:00,13.39599991,4.68900013,10.23400021,2.381000042,3.259000063,1.674999952,29.27282918989072
2016/7/6 23:15,13.86499977,5.69299984,10.97999954,3.055999994,3.046000004,1.70599997,28.35000038
2016/7/6 23:30,12.79300022,4.889999866,9.701000214,2.948999882,2.894000053,1.644999981,28.801533320298486
2016/7/6 23:45,13.73099995,4.622000217,10.3760004,2.559000015,2.954999924,1.523000002,28.843438204948903
2016/7/7 0:00,12.59200001,5.157000065,9.204000473,2.309999943,2.772000074,1.613999963,28.90585769249928
2016/7/7 0:15,14.53499985,5.894000053,11.79800034,3.838000059,2.710999966,1.613999963,28.63100052
2016/7/7 0:30,12.85999966,5.022999763,10.09200001,2.984999895,2.497999907,1.462000012,29.614794621842567
2016/7/7 0:45,13.12800026,5.827000141,10.12699986,3.233999968,2.467000008,1.491999984,29.16030281586894
2016/7/7 1:00,14.19999981,6.229000092,11.19400024,3.447000027,2.559000015,1.552999973,29.21714320492872
2016/7/7 1:15,12.92700005,5.357999802,10.3760004,3.375999928,2.528000116,1.523000002,28.922656025123455
2016/7/7 1:30,12.39099979,5.090000153,9.026000023,3.019999981,2.528000116,1.613999963,28.494222407724376
2016/7/7 1:45,13.9989996,6.027999878,11.30000019,3.838000059,2.772000074,1.644999981,28.594110964834215
2016/7/7 2:00,12.59200001,6.229000092,10.9090004,3.696000099,2.528000116,1.523000002,27.71699905
2016/7/7 2:15,12.39099979,5.425000191,9.984999657,3.127000093,2.497999907,1.523000002,28.20899963
2016/7/7 2:30,14.2670002,6.296000004,11.40699959,3.730999947,2.559000015,1.583999991,28.20899963
2016/7/7 2:45,14.19999981,6.429999828,11.08699989,3.411000013,2.832999945,1.674999952,29.08100167812142
2016/7/7 3:00,14.2670002,6.362999916,11.12199974,3.872999907,2.832999945,1.674999952,28.138999940000005
2016/7/7 3:15,12.6590004,5.69299984,10.12699986,3.197999954,2.710999966,1.70599997,28.45160574822095
2016/7/7 3:30,13.32900047,5.559000015,10.8739996,3.197999954,2.650000095,1.613999963,28.187820320901256
2016/7/7 3:45,13.9989996,6.362999916,11.15799999,3.552999973,2.588999987,1.76699996,27.64599991
2016/7/7 4:00,12.59200001,5.090000153,9.204000473,2.772000074,2.680000067,1.827999949,27.36499977
2016/7/7 4:15,13.39599991,6.027999878,9.913999557,2.806999922,2.710999966,1.76699996,27.22663760572602
2016/7/7 4:30,14.46800041,5.69299984,11.01599979,3.233999968,2.772000074,1.797000051,26.94300079
2016/7/7 4:45,14.19999981,6.362999916,11.30000019,3.233999968,3.167999983,1.797000051,27.22400093
2016/7/7 5:00,13.73099995,5.625999928,10.66100025,2.984999895,3.229000092,1.76699996,27.154053459480377
2016/7/7 5:15,15.60599995,6.631000042,12.04599953,3.625,3.229000092,1.980000019,26.661391145281236
2016/7/7 5:30,15.00399971,5.894000053,11.90400028,3.019999981,3.349999905,1.76699996,26.23900032
2016/7/7 5:45,16.27599907,6.56400013,12.72200012,3.696000099,3.137000084,1.613999963,27.29500008
2016/7/7 6:00,15.13700008,5.760000229,11.22900009,2.948999882,3.319999933,1.644999981,26.37999916
2016/7/7 6:15,15.06999969,6.229000092,12.01099968,3.375999928,3.289999962,1.644999981,25.04400063
2016/7/7 6:30,15.06999969,6.09499979,11.19400024,3.339999914,3.349999905,1.674999952,25.742937079098226
2016/7/7 6:45,14.06599998,5.223999977,10.6960001,3.163000107,3.289999962,1.735999942,25.5359993
2016/7/7 7:00,14.2670002,5.960999966,10.80300045,3.197999954,3.381000042,1.797000051,25.39500046
2016/7/7 7:15,13.9989996,6.362999916,10.8380003,3.305000067,3.411000013,1.797000051,25.74699974
2016/7/7 7:30,13.4630003,6.09499979,10.19900036,2.948999882,3.259000063,1.674999952,26.5909996
2016/7/7 7:45,12.85999966,5.223999977,9.23900032,2.736000061,3.381000042,1.76699996,27.64599991
2016/7/7 8:00,12.52499962,5.090000153,9.31000042,3.055999994,3.075999975,1.797000051,27.9279995
2016/7/7 8:15,12.59200001,5.827000141,9.559000015,3.269000053,3.259000063,1.85800004,29.010717105605107
2016/7/7 8:30,12.45800018,6.09499979,9.772000313,3.625,3.229000092,1.827999949,29.218191356977954
2016/7/7 8:45,12.6590004,4.889999866,8.812999725,2.630000114,3.107000113,1.85800004,28.27899933
2016/7/7 9:00,12.32400036,5.559000015,8.670999527,2.842999935,3.015000105,1.674999952,28.9829998
2016/7/7 9:15,12.18999958,4.68900013,9.06099987,2.630000114,3.441999912,1.888000011,28.91300011
2016/7/7 9:30,13.06099987,5.090000153,9.487999916,2.772000074,3.197999954,1.70599997,29.0529995
2016/7/7 9:45,12.72599983,5.022999763,9.593999863,2.772000074,3.381000042,1.797000051,29.289661619152376
2016/7/7 10:00,13.26200008,6.09499979,9.807999611,2.842999935,3.441999912,1.76699996,30.056501309342114
2016/7/7 10:15,14.53499985,6.09499979,10.23400021,3.411000013,3.71600008,1.797000051,30.17900085
2016/7/7 10:30,12.99400043,4.822999954,8.493000031,2.415999889,4.172999859,1.76699996,30.437145923171954
2016/7/7 10:45,12.79300022,5.223999977,8.208999634,2.061000109,4.020999908,1.76699996,31.264788327501225
2016/7/7 11:00,12.32400036,4.956999779,8.244000435,2.559000015,3.99000001,1.735999942,31.35792672224328
2016/7/7 11:15,11.5880003,4.822999954,8.208999634,2.273999929,3.838000059,1.70599997,31.592943504039795
2016/7/7 11:30,10.98499966,4.68900013,7.214000225,1.598999977,3.686000109,1.735999942,31.51499939
2016/7/7 11:45,10.51599979,3.750999928,6.751999855,1.350000024,3.259000063,1.644999981,32.07799911
2016/7/7 12:00,9.645000458,3.617000103,6.787000179,1.598999977,3.046000004,1.523000002,32.64099884
2016/7/7 12:15,10.91800022,4.68900013,7.355999947,1.84800005,2.924000025,1.552999973,32.7820015
2016/7/7 12:30,10.71700001,4.487999916,7.249000072,1.812000036,3.015000105,1.583999991,34.40000153
2016/7/7 12:45,9.779000282,4.287000179,6.787000179,1.77699995,2.740999937,1.552999973,35.10300064
2016/7/7 13:00,10.51599979,4.554999828,7.390999794,2.131999969,2.802000046,1.552999973,35.38499832
2016/7/7 13:15,10.38199997,4.487999916,6.965000153,2.025000095,2.802000046,1.523000002,36.2607447421597
2016/7/7 13:30,10.51599979,4.622000217,7.177999973,2.096999884,2.740999937,1.613999963,35.9469986
2016/7/7 13:45,10.64999962,4.019000053,7.249000072,1.99000001,2.618999958,1.523000002,37.00299835
2016/7/7 14:00,9.376999855,3.818000078,6.573999882,1.56400001,2.650000095,1.552999973,37.77679446922115
2016/7/7 14:15,9.845999718,3.750999928,7.532999992,2.167999983,3.046000004,1.674999952,37.91699982
2016/7/7 14:30,10.71700001,4.487999916,8.031000137,2.239000082,2.588999987,1.491999984,39.12640417905894
2016/7/7 14:45,9.109000206,4.287000179,6.751999855,1.421000004,2.559000015,1.613999963,38.97200011999999
2016/7/7 15:00,9.109000206,3.684000015,6.610000134,1.598999977,2.588999987,2.131999969,38.47999954000001
2016/7/7 15:15,9.845999718,3.88499999,6.894000053,1.421000004,2.618999958,1.523000002,38.05799866
2016/7/7 15:30,9.041999817,3.348999977,6.573999882,1.63499999,2.528000116,1.523000002,38.75395859697334
2016/7/7 15:45,9.243000031,3.415999889,6.681000233,1.457000017,2.618999958,1.491999984,39.11299896
2016/7/7 16:00,9.243000031,3.415999889,6.538000107,1.70599997,2.984999895,1.552999973,36.79100037
2016/7/7 16:15,9.51099968,4.019000053,6.928999901,2.167999983,2.832999945,1.613999963,37.38383258302864
2016/7/7 16:30,9.845999718,4.019000053,6.857999802,2.167999983,3.015000105,1.674999952,36.70550277656716
2016/7/7 16:45,10.18099976,4.085999966,7.106999874,2.239000082,3.107000113,1.674999952,34.47000122
2016/7/7 17:00,10.44900036,4.21999979,7.320000172,2.096999884,3.229000092,1.523000002,34.46985181104114
2016/7/7 17:15,10.91800022,4.085999966,7.532999992,2.096999884,3.411000013,1.76699996,34.11800003
2016/7/7 17:30,10.98499966,4.756000042,7.568999767,2.239000082,3.381000042,1.613999963,34.0584992229131
2016/7/7 17:45,11.31999969,4.354000092,7.639999866,2.203000069,3.563999891,1.644999981,33.76699828999999
2016/7/7 18:00,11.05200005,4.287000179,7.604000092,1.99000001,3.471999884,1.674999952,34.30041831601133
2016/7/7 18:15,10.58300018,4.085999966,7.214000225,2.025000095,3.411000013,1.70599997,33.96501916828827
2016/7/7 18:30,10.11400032,3.951999903,6.857999802,1.953999996,3.137000084,1.552999973,33.41500092
2016/7/7 18:45,10.11400032,4.085999966,6.894000053,1.99000001,3.229000092,1.613999963,34.33276898104433
2016/7/7 19:00,10.11400032,4.085999966,6.857999802,1.953999996,3.259000063,1.644999981,33.655025300511994
2016/7/7 19:15,10.24800014,4.085999966,6.894000053,1.953999996,3.319999933,1.644999981,32.99300003
2016/7/7 19:30,10.04699993,3.88499999,6.751999855,1.741000056,3.349999905,1.674999952,33.7518716680538
2016/7/7 19:45,10.44900036,4.019000053,6.894000053,2.061000109,3.503000021,1.644999981,33.27507658558312
2016/7/7 20:00,11.11900043,4.152999878,7.427000046,1.91900003,3.746000051,1.674999952,33.083757854953504
2016/7/7 20:15,11.05200005,3.88499999,7.249000072,1.77699995,3.746000051,1.613999963,33.52712589881904
2016/7/7 20:30,11.05200005,3.88499999,7.390999794,1.883000016,3.71600008,1.552999973,33.49197609070869
2016/7/7 20:45,10.91800022,3.750999928,7.355999947,1.741000056,3.625,1.613999963,33.55599976
2016/7/7 21:00,10.44900036,3.282000065,7.106999874,1.279000044,3.594000101,1.70599997,33.62599945
2016/7/7 21:15,10.44900036,4.019000053,6.928999901,1.63499999,3.563999891,1.644999981,33.06121629412149
2016/7/7 21:30,9.979999542,3.348999977,6.787000179,1.350000024,3.381000042,1.644999981,32.85200119
2016/7/7 21:45,9.779000282,3.750999928,6.538000107,1.421000004,3.229000092,1.674999952,32.7820015
2016/7/7 22:00,10.51599979,3.88499999,7.355999947,1.598999977,3.167999983,1.674999952,32.64099884
2016/7/7 22:15,10.51599979,3.617000103,7.284999847,2.025000095,3.167999983,1.70599997,32.97686014451715
2016/7/7 22:30,11.31999969,4.085999966,7.888999939,1.669999957,3.349999905,1.70599997,32.73258801075987
2016/7/7 22:45,11.18599987,4.68900013,8.065999985,1.70599997,3.441999912,1.76699996,32.34946742377634
2016/7/7 23:00,11.85499954,5.357999802,8.883999825,3.197999954,3.075999975,1.552999973,32.0605241844433
2016/7/7 23:15,12.6590004,5.357999802,9.31000042,2.664999962,2.984999895,1.523000002,31.51499939
2016/7/7 23:30,11.52099991,5.157000065,8.279999733,2.451999903,3.075999975,1.583999991,31.846082855151842
2016/7/7 23:45,12.59200001,5.090000153,9.416999817,3.055999994,2.772000074,1.583999991,30.67099953
2016/7/8 0:00,11.85499954,4.756000042,8.883999825,2.984999895,2.954999924,1.523000002,31.805990081390476
2016/7/8 0:15,10.85099983,4.622000217,8.38599968,2.486999989,2.984999895,1.523000002,30.60099983
2016/7/8 0:30,11.65499973,4.554999828,8.493000031,2.451999903,2.559000015,1.552999973,31.80936919375867
2016/7/8 0:45,11.31999969,4.554999828,8.741999626,2.594000101,2.588999987,1.309999943,30.74200058
2016/7/8 1:00,10.38199997,4.756000042,7.994999886,2.630000114,2.497999907,1.340000033,31.183410202437074
2016/7/8 1:15,10.18099976,4.287000179,7.782000065,2.772000074,2.467000008,1.340000033,30.788566434966917
2016/7/8 1:30,11.31999969,5.223999977,9.168000221,3.092000008,2.375999928,1.340000033,30.454124662437163
2016/7/8 1:45,11.85499954,4.622000217,9.131999969,2.984999895,2.345000029,1.340000033,29.886125962048315
2016/7/8 2:00,11.18599987,5.223999977,8.706000328,2.594000101,2.375999928,1.401000023,29.33499908
2016/7/8 2:15,10.04699993,5.022999763,7.782000065,2.309999943,2.345000029,1.401000023,29.82699966
2016/7/8 2:30,11.72099972,5.290999889,9.06099987,3.233999968,2.375999928,1.401000023,30.023766566077
2016/7/8 2:45,9.845999718,4.554999828,7.143000126,2.772000074,2.405999899,1.401000023,29.0529995
2016/7/8 3:00,10.24800014,4.554999828,7.747000217,2.736000061,2.437000036,1.491999984,28.771999360000002
2016/7/8 3:15,11.65499973,5.425000191,8.56400013,2.948999882,2.467000008,1.523000002,28.87327786910107
2016/7/8 3:30,11.18599987,4.554999828,8.635000229,2.914000034,2.559000015,1.552999973,29.55755297400601
2016/7/8 3:45,9.578000069,4.756000042,7.390999794,2.736000061,2.375999928,1.491999984,30.080418846277766
2016/7/8 4:00,10.91800022,4.085999966,8.244000435,2.594000101,2.315000057,1.462000012,29.75695179893517
2016/7/8 4:15,11.52099991,5.223999977,8.883999825,2.772000074,2.772000074,1.523000002,29.564970496354505
2016/7/8 4:30,11.5880003,5.223999977,8.31499958,2.309999943,2.528000116,1.76699996,29.12400055
2016/7/8 4:45,10.31499958,4.019000053,7.355999947,2.239000082,2.680000067,1.523000002,29.54599953
2016/7/8 5:00,12.6590004,5.223999977,9.416999817,2.700999975,2.894000053,1.613999963,29.87108560010484
2016/7/8 5:15,11.98900032,3.951999903,8.635000229,2.096999884,3.594000101,1.674999952,29.61599922
2016/7/8 5:30,11.18599987,4.421000004,7.81799984,1.84800005,3.654999971,1.613999963,28.77199936
2016/7/8 5:45,13.06099987,4.354000092,9.026000023,2.273999929,3.441999912,1.644999981,28.91300011
2016/7/8 6:00,13.59700012,5.425000191,9.737000465,2.984999895,3.471999884,1.644999981,29.40500069
2016/7/8 6:15,12.45800018,5.157000065,8.706000328,2.239000082,3.381000042,1.644999981,29.12400055
2016/7/8 6:30,11.98900032,4.822999954,8.244000435,2.559000015,3.319999933,1.644999981,29.12400055
2016/7/8 6:45,13.12800026,5.827000141,9.274999619,2.772000074,3.259000063,1.735999942,28.9829998
2016/7/8 7:00,10.38199997,4.085999966,7.214000225,2.025000095,3.289999962,1.644999981,28.91300011
2016/7/8 7:15,9.645000458,4.085999966,6.395999908,1.63499999,3.229000092,1.735999942,29.47500038
2016/7/8 7:30,10.64999962,4.68900013,6.71600008,2.167999983,3.259000063,1.735999942,29.12400055
2016/7/8 7:45,9.913000107,3.951999903,6.681000233,1.63499999,3.319999933,1.76699996,29.96800041
2016/7/8 8:00,9.979999542,4.554999828,6.71600008,2.273999929,3.289999962,1.797000051,30.602549598044355
2016/7/8 8:15,9.711999893,4.68900013,6.751999855,1.883000016,3.137000084,1.76699996,30.53100014
2016/7/8 8:30,9.51099968,4.622000217,7.249000072,2.025000095,3.137000084,1.70599997,31.136199038008687
2016/7/8 8:45,9.645000458,4.354000092,6.965000153,2.239000082,3.015000105,1.644999981,30.67099953
2016/7/8 9:00,9.645000458,4.019000053,6.894000053,2.594000101,3.015000105,1.644999981,30.883894643843853
2016/7/8 9:15,10.64999962,4.019000053,7.427000046,2.239000082,2.984999895,1.644999981,30.53100014
2016/7/8 9:30,10.98499966,4.622000217,7.390999794,2.664999962,3.137000084,1.70599997,30.45999908
2016/7/8 9:45,10.38199997,4.152999878,7.249000072,1.77699995,3.319999933,1.76699996,30.274044063815122
2016/7/8 10:00,11.72099972,4.756000042,7.994999886,2.167999983,3.381000042,1.735999942,31.01091277923464
2016/7/8 10:15,11.92199993,4.085999966,7.888999939,2.025000095,3.563999891,1.674999952,31.01927104792758
2016/7/8 10:30,13.19499969,5.223999977,8.56400013,2.772000074,4.203000069,1.735999942,31.09300041
2016/7/8 10:45,12.18999958,5.090000153,8.421999931,1.91900003,3.99000001,1.674999952,30.17900085
2016/7/8 11:00,11.78800011,4.21999979,8.031000137,2.131999969,3.928999901,1.827999949,31.022346708846715
2016/7/8 11:15,12.25699997,4.152999878,8.102000237,2.273999929,3.838000059,1.70599997,31.653266004804074
2016/7/8 11:30,10.7840004,4.354000092,7.532999992,1.883000016,3.563999891,1.644999981,30.74200058
2016/7/8 11:45,10.85099983,4.354000092,6.928999901,1.56400001,3.259000063,1.674999952,31.65600014
2016/7/8 12:00,10.44900036,4.085999966,7.355999947,1.812000036,3.167999983,1.674999952,31.006033979576394
2016/7/8 12:15,10.31499958,3.617000103,6.502999783,1.84800005,3.075999975,1.613999963,32.01256040476333
2016/7/8 12:30,9.444000244,3.951999903,6.822999954,1.491999984,3.075999975,1.85800004,30.9627570093788
2016/7/8 12:45,10.31499958,3.415999889,6.751999855,1.315000057,3.107000113,1.674999952,32.08122083116595
2016/7/8 13:00,10.18099976,3.415999889,6.857999802,1.741000056,3.046000004,1.613999963,31.350736744360606
2016/7/8 13:15,9.444000244,4.354000092,6.467000008,1.598999977,2.984999895,1.583999991,32.02632572216031
2016/7/8 13:30,12.32400036,5.290999889,6.894000053,2.167999983,5.573999882,2.163000107,32.704580819766015
2016/7/8 13:45,13.06099987,5.157000065,7.249000072,1.953999996,5.544000149,2.437000036,32.28900146
2016/7/8 14:00,12.92700005,5.022999763,6.751999855,1.527999997,5.696000099,2.223999977,32.71099854
2016/7/8 14:15,10.64999962,4.487999916,7.284999847,2.131999969,3.137000084,1.735999942,33.13299942
2016/7/8 14:30,9.711999893,3.818000078,7.0,1.812000036,3.107000113,1.674999952,33.9070015
2016/7/8 14:45,9.645000458,3.88499999,6.751999855,1.598999977,3.319999933,1.674999952,35.26541454582735
2016/7/8 15:00,10.18099976,4.21999979,6.573999882,1.741000056,3.015000105,1.644999981,34.75099945
2016/7/8 15:15,10.31499958,3.818000078,6.787000179,1.63499999,3.229000092,1.70599997,35.18366485436428
2016/7/8 15:30,9.51099968,3.750999928,6.395999908,1.56400001,3.046000004,1.76699996,34.89199829
2016/7/8 15:45,9.845999718,3.617000103,6.502999783,1.243999958,3.259000063,2.040999889,34.61100006
2016/7/8 16:00,9.444000244,3.549999952,6.610000134,1.279000044,2.924000025,1.613999963,34.40000153
2016/7/8 16:15,9.913000107,3.617000103,6.502999783,1.457000017,3.075999975,1.674999952,35.89070691888488
2016/7/8 16:30,9.779000282,3.951999903,6.787000179,1.883000016,3.046000004,1.523000002,34.75099945
2016/7/8 16:45,10.11400032,4.019000053,7.0,1.883000016,3.411000013,1.735999942,33.62599945
2016/7/8 17:00,10.31499958,4.085999966,7.177999973,2.096999884,3.229000092,1.644999981,34.69032996157229
2016/7/8 17:15,10.71700001,3.951999903,7.106999874,1.91900003,3.503000021,1.674999952,33.48500061
2016/7/8 17:30,11.05200005,4.019000053,7.427000046,1.99000001,3.594000101,1.674999952,33.34400177
2016/7/8 17:45,10.91800022,3.951999903,7.355999947,1.598999977,3.532999992,1.70599997,33.60678526975322
2016/7/8 18:00,10.71700001,3.88499999,7.106999874,1.741000056,3.563999891,1.674999952,33.92585489049392
2016/7/8 18:15,10.38199997,3.684000015,6.324999809,1.56400001,3.563999891,1.70599997,34.763148498117175
2016/7/8 18:30,10.18099976,3.684000015,6.610000134,1.421000004,3.532999992,1.674999952,35.169183744395625
2016/7/8 18:45,10.11400032,3.617000103,6.610000134,1.457000017,3.532999992,1.735999942,34.04800034
2016/7/8 19:00,10.18099976,3.617000103,6.467000008,1.421000004,3.594000101,1.674999952,33.74371814716397
2016/7/8 19:15,10.04699993,3.818000078,6.644999981,1.741000056,3.441999912,1.613999963,33.8370018
2016/7/8 19:30,10.18099976,3.684000015,6.894000053,1.56400001,3.471999884,1.613999963,33.27399826
2016/7/8 19:45,11.5880003,4.487999916,7.143000126,1.63499999,4.447000027,1.827999949,32.14899826
2016/7/8 20:00,11.85499954,4.085999966,7.639999866,1.56400001,4.263999939,1.85800004,33.38439250628035
2016/7/8 20:15,12.39099979,4.152999878,7.960000038,1.669999957,4.386000156,1.888000011,33.27399826
2016/7/8 20:30,12.45800018,4.085999966,8.137999535,1.812000036,4.568999767,1.91900003,32.5
2016/7/8 20:45,12.59200001,4.152999878,8.137999535,1.63499999,4.355999947,1.888000011,31.86700058
2016/7/8 21:00,12.72599983,4.354000092,8.244000435,2.131999969,4.295000076,1.76699996,32.14899826
2016/7/8 21:15,13.93200016,6.362999916,10.05599976,4.014999866,3.838000059,1.613999963,32.5517785144195
2016/7/8 21:30,13.73099995,6.899000168,10.19900036,3.625,4.051000118,1.613999963,32.668714027525255
2016/7/8 21:45,14.40100002,5.492000103,9.984999657,2.559000015,3.928999901,1.827999949,31.791247992794787
2016/7/8 22:00,14.06599998,5.357999802,9.666000366,2.239000082,3.77699995,1.70599997,31.756610580945853
2016/7/8 22:15,15.13700008,5.894000053,11.01599979,3.233999968,3.71600008,1.644999981,31.23399925
2016/7/8 22:30,16.20899963,6.497000217,12.26000023,3.980000019,3.563999891,1.76699996,31.603878794291855
2016/7/8 22:45,16.20899963,7.099999905,12.57900047,4.014999866,3.77699995,1.70599997,31.30400085
2016/7/8 23:00,18.15200043,8.840999603,12.40200043,4.19299984,5.81799984,3.046000004,30.949522827685424
2016/7/8 23:15,14.53499985,6.56400013,11.08699989,3.552999973,3.532999992,1.76699996,30.67099953
2016/7/8 23:30,14.86999989,5.760000229,11.90400028,3.872999907,3.411000013,1.76699996,31.09300041
2016/7/8 23:45,14.46800041,5.69299984,11.08699989,3.197999954,3.563999891,1.70599997,30.53100014
2016/7/9 0:00,14.60200024,5.960999966,11.30000019,3.339999914,3.259000063,1.76699996,31.758521524354645
2016/7/9 0:15,13.59700012,6.09499979,10.5539999,3.482000113,3.167999983,1.613999963,31.212235036862996
2016/7/9 0:30,15.06999969,6.429999828,11.44200039,3.90899992,3.137000084,1.70599997,30.81200027
2016/7/9 0:45,14.19999981,6.296000004,10.8380003,3.625,3.107000113,1.735999942,30.31999969
2016/7/9 1:00,14.53499985,6.162000179,11.69099998,3.90899992,3.046000004,1.644999981,30.31999969
2016/7/9 1:15,14.53499985,6.56400013,11.69099998,3.90899992,3.046000004,1.644999981,30.338387492750527
2016/7/9 1:30,14.06599998,6.56400013,11.40699959,4.300000191,2.894000053,1.613999963,30.03800011
2016/7/9 1:45,14.40100002,5.69299984,11.37100029,3.872999907,2.772000074,1.76699996,30.223306077340283
2016/7/9 2:00,14.40100002,6.296000004,11.72700024,3.944000006,2.802000046,1.613999963,29.307206965498708
2016/7/9 2:15,14.46800041,6.296000004,11.01599979,3.944000006,2.710999966,1.523000002,29.33499908
2016/7/9 2:30,11.18599987,4.889999866,8.456999779,2.806999922,2.740999937,1.644999981,28.84199905
2016/7/9 2:45,12.52499962,5.960999966,9.87899971,3.197999954,2.924000025,1.735999942,28.91300011
2016/7/9 3:00,13.9989996,6.497000217,10.94499969,3.197999954,2.710999966,1.674999952,28.70199966
2016/7/9 3:15,13.39599991,5.894000053,10.4829998,3.305000067,2.710999966,1.674999952,28.91932569514604
2016/7/9 3:30,13.73099995,5.894000053,10.51799965,3.163000107,2.954999924,1.613999963,28.77199936
2016/7/9 3:45,13.19499969,6.09499979,10.3409996,3.802000046,2.680000067,1.674999952,28.91300011
2016/7/9 4:00,14.06599998,6.296000004,11.30000019,3.482000113,2.832999945,2.00999999,28.77199936
2016/7/9 4:15,14.06599998,6.429999828,11.22900009,3.482000113,2.954999924,1.827999949,29.229865767335404
2016/7/9 4:30,14.19999981,6.497000217,11.15799999,3.944000006,2.924000025,1.827999949,28.77199936
2016/7/9 4:45,12.12300014,5.290999889,9.131999969,2.523000002,3.319999933,1.735999942,28.77199936
2016/7/9 5:00,14.2670002,5.425000191,10.8380003,3.019999981,3.319999933,1.76699996,29.304857481906616
2016/7/9 5:15,15.47200012,5.69299984,11.51299953,3.482000113,3.441999912,1.583999991,29.510426969165508
2016/7/9 5:30,15.53899956,5.894000053,11.93999958,3.838000059,3.259000063,1.552999973,28.56100082
2016/7/9 5:45,14.80300045,5.760000229,11.76200008,3.375999928,3.381000042,1.70599997,28.278999330000005
2016/7/9 6:00,14.60200024,5.69299984,10.8739996,3.055999994,3.289999962,1.735999942,28.460414372105983
2016/7/9 6:15,13.19499969,4.68900013,9.522999763,2.167999983,3.411000013,1.735999942,29.1705259407195
2016/7/9 6:30,11.38700008,3.617000103,8.031000137,1.491999984,3.197999954,1.735999942,29.204905540995885
2016/7/9 6:45,11.18599987,3.282000065,7.853000164,1.136999965,2.618999958,1.248999953,29.339395266631936
2016/7/9 7:00,9.109000206,2.611999989,6.395999908,1.065999985,2.740999937,1.523000002,28.91292894604759
2016/7/9 7:15,10.85099983,3.415999889,7.249000072,1.350000024,3.046000004,1.644999981,27.85700035
2016/7/9 7:30,9.645000458,2.678999901,6.43200016,0.425999999,2.924000025,1.523000002,28.91300011
2016/7/9 7:45,11.05200005,3.549999952,7.461999893,1.031000018,2.954999924,1.674999952,29.128381881308844
2016/7/9 8:00,11.45400047,3.415999889,8.279999733,1.101999998,3.137000084,1.76699996,28.77199936
2016/7/9 8:15,9.913000107,3.951999903,7.071000099,1.741000056,3.075999975,1.735999942,29.675475829615067
2016/7/9 8:30,10.44900036,4.354000092,7.071000099,2.486999989,3.046000004,1.827999949,28.9829998
2016/7/9 8:45,9.845999718,4.287000179,6.254000187,1.669999957,3.075999975,1.827999949,29.40500069
2016/7/9 9:00,9.779000282,3.549999952,6.005000114,1.70599997,3.289999962,1.644999981,29.96800041
2016/7/9 9:15,9.645000458,3.88499999,5.934000015,1.457000017,3.107000113,1.76699996,30.128071962832987
2016/7/9 9:30,10.11400032,4.21999979,6.289999962,1.99000001,3.229000092,1.76699996,29.61599922
2016/7/9 9:45,9.979999542,3.951999903,6.395999908,1.207999945,3.563999891,1.85800004,29.82699966
2016/7/9 10:00,10.85099983,4.21999979,6.573999882,1.243999958,3.471999884,1.797000051,30.317781332219827
2016/7/9 10:15,10.64999962,3.951999903,6.681000233,1.669999957,3.686000109,1.827999949,30.60099983
2016/7/9 10:30,11.18599987,4.152999878,7.249000072,1.350000024,4.234000206,1.980000019,31.855784968110456
2016/7/9 10:45,10.58300018,4.085999966,6.787000179,1.172999978,3.898999929,1.76699996,30.795849659765796
2016/7/9 11:00,10.51599979,3.48300004,6.610000134,1.350000024,3.868000031,1.735999942,30.31999969
2016/7/9 11:15,10.51599979,4.019000053,7.249000072,1.421000004,3.71600008,1.644999981,31.207785115822606
2016/7/9 11:30,10.04699993,4.019000053,6.183000088,1.136999965,3.381000042,1.70599997,30.908550532726373
2016/7/9 11:45,9.645000458,3.282000065,5.791999817,0.958999991,3.289999962,1.76699996,31.02300072
2016/7/9 12:00,9.779000282,3.617000103,5.899000168,0.852999985,3.229000092,1.70599997,31.44499969
2016/7/9 12:15,9.645000458,3.214999914,6.395999908,1.279000044,3.259000063,1.674999952,31.810079844011227
2016/7/9 12:30,9.376999855,3.750999928,6.502999783,1.421000004,3.046000004,1.644999981,31.250880893217253
2016/7/9 12:45,10.11400032,2.947000027,6.43200016,1.101999998,3.167999983,1.644999981,31.02300072
2016/7/9 13:00,10.24800014,3.750999928,6.610000134,1.243999958,3.046000004,1.552999973,31.536961313331137
2016/7/9 13:15,10.18099976,3.415999889,6.573999882,1.207999945,3.015000105,1.583999991,31.375
2016/7/9 13:30,10.58300018,4.21999979,6.822999954,1.457000017,3.259000063,1.613999963,31.23399925
2016/7/9 13:45,10.38199997,3.148000002,7.214000225,1.56400001,3.107000113,1.552999973,32.17410695594294
2016/7/9 14:00,9.645000458,4.019000053,6.822999954,1.56400001,3.046000004,1.552999973,31.65600014
2016/7/9 14:15,10.31499958,4.019000053,6.787000179,1.243999958,3.015000105,1.583999991,31.65242348957886
2016/7/9 14:30,10.24800014,3.88499999,6.857999802,1.491999984,3.015000105,1.674999952,32.291850250551086
2016/7/9 14:45,9.51099968,3.08100009,6.538000107,1.101999998,2.954999924,1.552999973,31.93799973
2016/7/9 15:00,9.578000069,3.818000078,6.361000061,1.491999984,3.075999975,1.613999963,32.70125919048557
2016/7/9 15:15,9.913000107,3.148000002,6.43200016,1.065999985,3.289999962,1.552999973,32.64510179688907
2016/7/9 15:30,12.32400036,3.617000103,6.502999783,1.172999978,5.482999802,1.949000001,32.85200119
2016/7/9 15:45,11.98900032,3.88499999,6.395999908,1.421000004,5.513000011,2.131999969,32.96585838699949
2016/7/9 16:00,11.98900032,4.152999878,6.43200016,1.527999997,5.604000092,2.193000078,32.85200119
2016/7/9 16:15,12.12300014,4.287000179,6.467000008,1.421000004,5.664999962,2.131999969,34.04800034
2016/7/9 16:30,12.72599983,4.487999916,6.857999802,1.386000037,6.243999958,2.467000008,32.5
2016/7/9 16:45,12.79300022,4.554999828,6.681000233,1.243999958,6.0,2.375999928,32.5
2016/7/9 17:00,10.7840004,3.818000078,6.644999981,1.207999945,3.868000031,1.888000011,32.07799911
2016/7/9 17:15,10.7840004,3.818000078,6.71600008,1.207999945,3.960000038,1.85800004,31.375
2016/7/9 17:30,10.51599979,3.549999952,6.644999981,1.421000004,3.868000031,1.735999942,31.43598028401522
2016/7/9 17:45,10.64999962,3.48300004,6.822999954,1.172999978,3.746000051,1.70599997,31.76551309807106
2016/7/9 18:00,10.11400032,3.415999889,6.254000187,1.207999945,3.686000109,2.040999889,32.66137742933567
2016/7/9 18:15,10.11400032,3.617000103,6.361000061,1.386000037,3.686000109,1.797000051,31.441015914349002
2016/7/9 18:30,9.779000282,3.617000103,6.218999863,1.315000057,3.471999884,1.70599997,31.188423442781644
2016/7/9 18:45,9.31000042,3.282000065,5.96999979,1.279000044,3.411000013,1.70599997,31.23399925
2016/7/9 19:00,9.444000244,3.148000002,5.96999979,1.101999998,3.411000013,1.644999981,31.88626636372513
2016/7/9 19:15,9.779000282,3.282000065,6.289999962,1.457000017,3.471999884,1.674999952,31.44499969
2016/7/9 19:30,10.31499958,3.348999977,6.610000134,1.63499999,3.746000051,1.674999952,31.02300072
2016/7/9 19:45,10.91800022,3.549999952,7.035999775,1.207999945,3.838000059,1.644999981,31.256163312165814
2016/7/9 20:00,11.31999969,3.48300004,7.427000046,1.812000036,4.051000118,1.674999952,30.88199997
2016/7/9 20:15,12.18999958,3.750999928,7.994999886,1.527999997,4.234000206,1.491999984,31.30400085
2016/7/9 20:30,12.12300014,3.684000015,8.031000137,1.56400001,4.111999989,1.613999963,31.375
2016/7/9 20:45,12.12300014,3.549999952,8.137999535,1.63499999,3.99000001,1.552999973,30.53100014
2016/7/9 21:00,13.52999973,4.756000042,9.522999763,2.700999975,3.898999929,1.462000012,30.88199997
2016/7/9 21:15,13.32900047,5.760000229,9.345999718,3.233999968,4.111999989,1.735999942,30.81200027
2016/7/9 21:30,13.73099995,6.09499979,9.843000412,3.980000019,3.71600008,1.552999973,30.24900055
2016/7/9 21:45,13.52999973,6.09499979,9.416999817,3.696000099,3.654999971,1.552999973,29.96800041
2016/7/9 22:00,12.45800018,5.827000141,8.918999672,3.552999973,3.503000021,1.583999991,29.96800041
2016/7/9 22:15,12.99400043,4.152999878,8.847999573,2.025000095,3.319999933,1.552999973,29.82699966
2016/7/9 22:30,12.18999958,5.090000153,9.026000023,2.486999989,3.411000013,1.70599997,30.330407279198216
2016/7/9 22:45,12.92700005,4.756000042,9.416999817,2.559000015,3.563999891,1.613999963,29.96800041
2016/7/9 23:00,13.32900047,5.357999802,9.593999863,2.451999903,3.289999962,1.552999973,29.96800041
2016/7/9 23:15,13.93200016,5.69299984,10.7670002,3.127000093,3.259000063,1.552999973,30.662074804819582
2016/7/9 23:30,16.00799942,5.760000229,10.5539999,3.233999968,5.482999802,1.980000019,30.49569223441473
2016/7/9 23:45,15.13700008,5.69299984,10.16300011,3.339999914,5.452000141,2.375999928,30.073315160051372
2016/7/10 0:00,15.27099991,6.229000092,9.737000465,2.736000061,5.482999802,2.00999999,29.47500038
2016/7/10 0:15,14.80300045,6.429999828,10.12699986,2.984999895,5.361000061,1.980000019,29.89699936
2016/7/10 0:30,15.53899956,6.229000092,10.12699986,2.842999935,5.361000061,2.193000078,30.021967847528945
2016/7/10 0:45,13.9989996,5.425000191,8.918999672,2.594000101,5.238999844,1.980000019,29.82699966
2016/7/10 1:00,15.53899956,6.09499979,10.51799965,3.163000107,5.208000183,2.040999889,29.33499908
2016/7/10 1:15,15.47200012,6.429999828,10.3409996,3.163000107,5.117000103,1.980000019,29.40500069
2016/7/10 1:30,15.06999969,6.027999878,9.593999863,2.700999975,5.086999893,2.071000099,29.47500038
2016/7/10 1:45,13.59700012,5.290999889,8.989999771,2.486999989,5.056000233,1.91900003,30.367370679773384
2016/7/10 2:00,15.13700008,6.362999916,9.630000114,3.233999968,4.934000015,1.91900003,29.82699966
2016/7/10 2:15,14.46800041,6.296000004,9.31000042,2.736000061,4.934000015,1.980000019,29.82699966
2016/7/10 2:30,12.92700005,5.223999977,7.888999939,2.131999969,4.903999805,1.91900003,29.82699966
2016/7/10 2:45,12.99400043,5.425000191,7.923999786,2.167999983,4.903999805,1.980000019,30.38458849007823
2016/7/10 3:00,14.40100002,5.894000053,8.493000031,2.984999895,4.934000015,1.980000019,29.12400055
2016/7/10 3:15,14.06599998,5.760000229,9.06099987,2.772000074,5.026000023,1.980000019,28.70199966
2016/7/10 3:30,14.33399963,5.960999966,8.954999924,3.375999928,4.965000153,1.980000019,29.256208618147205
2016/7/10 3:45,14.33399963,5.760000229,9.345999718,3.339999914,4.994999886,1.91900003,29.103848633220505
2016/7/10 4:00,14.13300037,5.157000065,8.598999977,2.451999903,4.965000153,1.949000001,29.14063486595395
2016/7/10 4:15,14.2670002,6.027999878,8.989999771,2.842999935,5.026000023,2.00999999,28.552670446338595
2016/7/10 4:30,13.59700012,5.492000103,8.56400013,2.415999889,5.086999893,2.00999999,28.06800079
2016/7/10 4:45,14.33399963,4.756000042,8.598999977,2.025000095,5.208000183,2.040999889,28.351790829062985
2016/7/10 5:00,13.9989996,4.354000092,8.706000328,2.131999969,5.269000053,2.040999889,29.14740000556708
2016/7/10 5:15,15.00399971,5.090000153,9.168000221,2.381000042,5.544000149,2.040999889,28.56100082
2016/7/10 5:30,13.32900047,5.425000191,10.05599976,2.914000034,3.503000021,1.644999981,28.06800079
2016/7/10 5:45,12.45800018,4.287000179,8.244000435,1.669999957,3.349999905,1.644999981,28.08612494881391
2016/7/10 6:00,14.93700027,5.625999928,9.026000023,1.91900003,5.81799984,2.101999998,27.78700066
2016/7/10 6:15,15.00399971,5.290999889,9.097000122,2.451999903,5.696000099,2.163000107,27.78700066
2016/7/10 6:30,13.66399956,4.756000042,8.065999985,2.061000109,5.696000099,2.193000078,27.85700035
2016/7/10 6:45,13.86499977,5.022999763,8.31499958,2.096999884,5.635000229,2.253999949,27.94918047297311
2016/7/10 7:00,13.32900047,4.554999828,7.710999966,1.457000017,5.573999882,2.193000078,27.80581012645591
2016/7/10 7:15,12.45800018,4.68900013,7.106999874,1.91900003,5.664999962,2.223999977,27.952201546112715
2016/7/10 7:30,12.6590004,4.822999954,7.355999947,2.239000082,5.513000011,2.28399992,27.9279995
2016/7/10 7:45,11.72099972,4.756000042,6.395999908,1.669999957,5.513000011,2.131999969,29.07235382102752
2016/7/10 8:00,10.85099983,4.554999828,7.320000172,2.203000069,3.197999954,1.76699996,28.39791822822764
2016/7/10 8:15,9.243000031,3.818000078,6.183000088,1.63499999,3.075999975,1.797000051,28.65895703650864
2016/7/10 8:30,9.845999718,3.818000078,6.43200016,2.345000029,3.046000004,1.827999949,28.809560398074794
2016/7/10 8:45,9.913000107,4.354000092,6.147999763,2.025000095,3.197999954,1.797000051,29.90402240083207
2016/7/10 9:00,9.845999718,4.287000179,6.857999802,1.812000036,3.167999983,1.70599997,30.01326661245042
2016/7/10 9:15,9.31000042,4.487999916,6.644999981,1.812000036,3.075999975,1.70599997,29.12400055
2016/7/10 9:30,10.24800014,3.750999928,6.395999908,1.669999957,3.107000113,1.797000051,29.54599953
2016/7/10 9:45,10.31499958,4.421000004,6.538000107,1.812000036,3.349999905,1.85800004,29.54599953
2016/7/10 10:00,10.24800014,3.951999903,6.857999802,1.70599997,3.381000042,1.797000051,29.47500038
2016/7/10 10:15,10.71700001,4.354000092,7.143000126,1.669999957,3.471999884,1.76699996,29.1684615817908
2016/7/10 10:30,11.52099991,4.421000004,7.284999847,1.669999957,3.71600008,1.735999942,29.07766142123799
2016/7/10 10:45,11.18599987,4.21999979,7.284999847,1.91900003,4.142000198,1.735999942,28.91300011
2016/7/10 11:00,11.85499954,4.019000053,7.604000092,1.812000036,4.142000198,1.735999942,29.0529995
2016/7/10 11:15,10.38199997,4.421000004,6.857999802,2.096999884,3.898999929,1.70599997,29.26399994
2016/7/10 11:30,9.845999718,4.019000053,6.467000008,1.70599997,3.411000013,1.735999942,29.89699936
2016/7/10 11:45,8.706999779,2.678999901,5.899000168,0.782000005,3.259000063,1.70599997,30.360517018549867
2016/7/10 12:00,8.572999954,3.282000065,5.578999996,1.136999965,2.984999895,1.523000002,29.47500038
2016/7/10 12:15,8.505999565,2.545000076,5.650000095,0.852999985,3.075999975,1.613999963,29.97514051091389
2016/7/10 12:30,8.305999756,3.214999914,5.436999798,0.995000005,3.046000004,1.491999984,29.54599953
2016/7/10 12:45,8.774000168,3.148000002,5.366000175,1.172999978,2.772000074,1.432000041,29.68600082
2016/7/10 13:00,8.640000343,3.08100009,5.507999897,1.031000018,2.710999966,1.432000041,29.6376376482905
2016/7/10 13:15,8.038000107,3.48300004,5.401000023,1.279000044,2.588999987,1.371000051,29.82699966
2016/7/10 13:30,8.975000381,3.549999952,5.543000221,1.101999998,2.740999937,1.523000002,30.094085363463197
2016/7/10 13:45,8.305999756,3.549999952,5.756999969,1.56400001,2.924000025,1.462000012,30.74200058
2016/7/10 14:00,8.305999756,2.411000013,5.188000202,0.711000025,2.924000025,1.523000002,29.68600082
2016/7/10 14:15,8.171999931,2.678999901,5.650000095,0.995000005,2.618999958,1.309999943,30.827632675051767
2016/7/10 14:30,8.840999603,2.477999926,5.578999996,1.065999985,2.559000015,1.552999973,30.38999939
2016/7/10 14:45,8.706999779,3.415999889,5.899000168,0.995000005,2.497999907,1.462000012,31.280696901657745
2016/7/10 15:00,8.774000168,3.348999977,6.147999763,1.350000024,2.528000116,1.432000041,31.319324604944736
2016/7/10 15:15,7.836999893,2.545000076,5.436999798,1.172999978,2.467000008,1.401000023,31.72599983
2016/7/10 15:30,7.971000195,2.142999887,5.436999798,0.745999992,2.497999907,1.371000051,30.67099953
2016/7/10 15:45,7.971000195,2.27699995,5.472000122,0.745999992,2.437000036,1.279000044,31.893307325244688
2016/7/10 16:00,8.038000107,2.545000076,5.614999771,0.888000011,2.467000008,1.340000033,31.16399956
2016/7/10 16:15,8.23900032,2.477999926,5.756999969,0.816999972,2.467000008,1.340000033,32.00799942
2016/7/10 16:30,8.572999954,2.545000076,5.96999979,0.924000025,2.559000015,1.279000044,31.53747609152487
2016/7/10 16:45,8.975000381,2.678999901,6.076000214,0.888000011,3.137000084,1.340000033,30.67099953
2016/7/10 17:00,9.175999641,2.746000051,6.289999962,1.136999965,3.229000092,1.432000041,30.67099953
2016/7/10 17:15,9.578000069,3.214999914,6.395999908,1.136999965,3.137000084,1.462000012,30.42996950753906
2016/7/10 17:30,9.845999718,3.282000065,6.43200016,1.56400001,3.167999983,1.583999991,30.38999939
2016/7/10 17:45,9.779000282,3.08100009,6.573999882,1.315000057,3.319999933,1.462000012,30.839570499733213
2016/7/10 18:00,9.444000244,3.214999914,6.395999908,1.421000004,3.167999983,1.523000002,30.053902862025364
2016/7/10 18:15,8.975000381,2.880000114,6.147999763,1.315000057,2.894000053,1.309999943,29.968187617769985
2016/7/10 18:30,8.774000168,3.08100009,5.934000015,1.172999978,2.802000046,1.309999943,30.011610320253098
2016/7/10 18:45,8.371999741,2.678999901,5.68599987,1.136999965,2.740999937,1.309999943,30.03800011
2016/7/10 19:00,8.505999565,2.880000114,5.791999817,1.101999998,2.710999966,1.309999943,30.754811984492687
2016/7/10 19:15,8.505999565,2.746000051,5.899000168,1.457000017,2.710999966,1.309999943,29.82699966
2016/7/10 19:30,8.572999954,2.746000051,5.756999969,1.172999978,2.862999916,1.309999943,30.506546904803567
2016/7/10 19:45,9.31000042,3.013999939,6.361000061,1.457000017,3.015000105,1.340000033,29.80741232440913
2016/7/10 20:00,10.04699993,3.08100009,6.857999802,1.279000044,3.167999983,1.309999943,30.495395190023125
2016/7/10 20:15,10.18099976,3.08100009,6.965000153,1.207999945,3.197999954,1.432000041,29.54599953
2016/7/10 20:30,10.44900036,3.08100009,7.0,1.243999958,3.471999884,1.432000041,29.923284224863984
2016/7/10 20:45,10.18099976,2.880000114,6.857999802,1.065999985,3.349999905,1.340000033,28.77199936
2016/7/10 21:00,9.711999893,2.075999975,6.395999908,0.603999972,3.289999962,1.309999943,29.666187618435288
2016/7/10 21:15,10.58300018,3.415999889,7.568999767,1.172999978,3.107000113,1.309999943,29.47500038
2016/7/10 21:30,10.04699993,3.214999914,7.071000099,0.995000005,2.984999895,1.248999953,29.19400024
2016/7/10 21:45,10.11400032,3.48300004,6.928999901,1.031000018,2.924000025,1.248999953,28.77199936
2016/7/10 22:00,9.979999542,3.08100009,7.0,1.315000057,2.862999916,1.309999943,28.20899963
2016/7/10 22:15,10.85099983,2.880000114,7.81799984,1.598999977,2.894000053,1.340000033,29.382328664558138
2016/7/10 22:30,11.18599987,4.085999966,8.137999535,1.527999997,3.046000004,1.340000033,28.84199905
2016/7/10 22:45,9.979999542,3.013999939,7.782000065,1.883000016,2.924000025,1.552999973,29.25613948968749
2016/7/10 23:00,9.979999542,3.549999952,7.214000225,1.883000016,2.680000067,1.279000044,29.12400055
2016/7/10 23:15,14.53499985,5.090000153,8.954999924,2.061000109,5.026000023,1.735999942,29.52272480613045
2016/7/10 23:30,14.53499985,5.290999889,9.630000114,2.630000114,4.903999805,1.76699996,29.151710224714414
2016/7/10 23:45,13.9989996,5.357999802,9.416999817,2.700999975,4.873000145,1.70599997,28.63100052
2016/7/11 0:00,13.59700012,5.357999802,8.989999771,2.700999975,4.873000145,1.797000051,28.748114093034307
2016/7/11 0:15,13.19499969,4.889999866,8.527999878,2.239000082,4.813000202,1.735999942,29.02073542999859
2016/7/11 0:30,12.72599983,4.68900013,8.137999535,1.953999996,4.659999847,1.735999942,29.695208679384965
2016/7/11 0:45,13.79800034,5.022999763,8.954999924,2.559000015,4.568999767,1.674999952,30.3202269282941
2016/7/11 1:00,13.59700012,4.889999866,8.493000031,1.91900003,4.568999767,1.674999952,29.19400024
2016/7/11 1:15,13.06099987,4.287000179,8.56400013,2.131999969,4.507999897,1.70599997,29.786820392486753
2016/7/11 1:30,11.92199993,3.88499999,7.427000046,1.421000004,4.630000114,1.674999952,29.484290310126045
2016/7/11 1:45,13.26200008,4.287000179,8.635000229,2.203000069,4.507999897,1.70599997,29.0529995
2016/7/11 2:00,12.12300014,4.085999966,7.071000099,1.77699995,4.598999977,1.674999952,28.56100082
2016/7/11 2:15,12.79300022,4.68900013,7.710999966,2.273999929,4.568999767,1.644999981,29.0529995
2016/7/11 2:30,11.92199993,3.684000015,7.427000046,1.527999997,4.447000027,1.674999952,29.337534949674303
2016/7/11 2:45,12.12300014,3.282000065,7.177999973,1.207999945,4.507999897,1.70599997,29.091349302163472
2016/7/11 3:00,11.98900032,3.951999903,7.568999767,1.598999977,4.477000237,1.735999942,29.263999940000005
2016/7/11 3:15,12.12300014,4.287000179,7.710999966,1.99000001,4.477000237,1.70599997,29.54599953
2016/7/11 3:30,12.39099979,4.152999878,7.320000172,1.70599997,4.477000237,1.644999981,29.752128437408814
2016/7/11 3:45,11.05200005,4.019000053,6.751999855,1.63499999,4.447000027,1.735999942,29.19400024
2016/7/11 4:00,11.98900032,4.21999979,7.568999767,1.598999977,4.355999947,1.91900003,29.0529995
2016/7/11 4:15,11.11900043,4.019000053,6.894000053,1.812000036,4.386000156,1.674999952,29.455707977740445
2016/7/11 4:30,11.05200005,3.684000015,6.361000061,1.243999958,4.477000237,1.70599997,28.77199936
2016/7/11 4:45,12.45800018,4.21999979,7.498000145,1.84800005,4.538000107,1.674999952,29.08557032033266
2016/7/11 5:00,12.99400043,4.421000004,7.853000164,1.598999977,4.568999767,1.674999952,29.34611253678163
2016/7/11 5:15,13.79800034,4.68900013,8.208999634,1.741000056,4.813000202,1.797000051,29.75192297357791
2016/7/11 5:30,12.72599983,3.684000015,7.390999794,0.958999991,5.117000103,1.797000051,30.132195074910868
2016/7/11 5:45,13.86499977,4.21999979,7.994999886,1.386000037,5.329999924,1.735999942,29.523396303183095
2016/7/11 6:00,13.79800034,4.085999966,8.137999535,2.096999884,5.269000053,1.76699996,30.329029890617228
2016/7/11 6:15,12.32400036,4.487999916,7.320000172,1.207999945,5.208000183,1.735999942,29.384711785611014
2016/7/11 6:30,12.25699997,4.085999966,7.0,1.243999958,5.208000183,1.827999949,30.19623049114157
2016/7/11 6:45,13.86499977,4.554999828,8.456999779,1.883000016,5.269000053,1.76699996,29.7631621490429
2016/7/11 7:00,12.99400043,4.152999878,8.173000336,2.025000095,5.208000183,1.888000011,30.455939407905337
2016/7/11 7:15,12.52499962,4.287000179,7.568999767,1.883000016,5.269000053,1.888000011,30.27592637218881
2016/7/11 7:30,12.18999958,3.951999903,7.427000046,1.812000036,5.300000191,1.91900003,30.17900085
2016/7/11 7:45,12.92700005,4.756000042,7.214000225,1.598999977,5.177999973,1.91900003,29.830575019492926
2016/7/11 8:00,9.979999542,3.818000078,7.249000072,1.56400001,2.894000053,1.432000041,29.49768559042234
2016/7/11 8:15,10.38199997,4.085999966,7.0,1.63499999,2.832999945,1.371000051,29.68600082
2016/7/11 8:30,9.041999817,3.282000065,5.96999979,1.172999978,2.924000025,1.462000012,30.544082594683864
2016/7/11 8:45,8.706999779,2.746000051,5.791999817,1.207999945,3.015000105,1.401000023,32.15797948952863
2016/7/11 9:00,10.11400032,3.88499999,6.644999981,1.669999957,2.772000074,1.371000051,31.051577177145592
2016/7/11 9:15,9.578000069,3.415999889,6.644999981,1.315000057,3.107000113,1.70599997,32.189449164244
2016/7/11 9:30,9.578000069,3.617000103,5.96999979,1.63499999,2.924000025,1.401000023,31.02300072
2016/7/11 9:45,9.979999542,3.818000078,6.644999981,1.207999945,3.075999975,1.340000033,31.742682264381546
2016/7/11 10:00,9.845999718,3.348999977,6.787000179,1.812000036,2.405999899,1.491999984,31.622554466422
2016/7/11 10:15,9.109000206,3.282000065,6.71600008,1.172999978,2.405999899,1.218000054,31.862648064696295
2016/7/11 10:30,9.444000244,2.947000027,6.965000153,1.101999998,2.467000008,1.065999985,31.90945443163085
2016/7/11 10:45,10.91800022,3.549999952,7.071000099,1.598999977,3.319999933,1.279000044,32.259469448247756
2016/7/11 11:00,10.98499966,3.617000103,7.143000126,1.598999977,3.503000021,1.371000051,32.21900177
2016/7/11 11:15,9.51099968,3.013999939,6.467000008,1.172999978,3.532999992,1.401000023,33.910095479932515
2016/7/11 11:30,9.376999855,2.411000013,6.076000214,1.065999985,3.107000113,1.309999943,33.20399857
2016/7/11 11:45,8.23900032,2.210000038,5.578999996,0.603999972,2.862999916,1.248999953,33.13299942
2016/7/11 12:00,8.371999741,2.812999964,5.507999897,0.569000006,2.680000067,1.218000054,32.99300003
2016/7/11 12:15,8.371999741,2.210000038,5.899000168,1.031000018,2.832999945,1.248999953,32.99300003
2016/7/11 12:30,8.371999741,2.142999887,5.934000015,0.816999972,2.650000095,1.187999964,33.189070566169136
2016/7/11 12:45,8.171999931,1.875,5.543000221,0.782000005,2.650000095,1.156999946,33.76699829
2016/7/11 13:00,8.907999992,2.880000114,5.791999817,0.745999992,2.588999987,1.187999964,33.9070015
2016/7/11 13:15,9.041999817,2.678999901,5.899000168,1.421000004,2.618999958,1.126999974,34.689482302591074
2016/7/11 13:30,8.975000381,3.148000002,6.183000088,1.172999978,2.650000095,1.309999943,33.681100109089904
2016/7/11 13:45,8.907999992,2.545000076,6.147999763,1.136999965,2.680000067,1.340000033,35.96884397183817
2016/7/11 14:00,9.041999817,3.013999939,6.289999962,0.995000005,2.588999987,1.279000044,34.75099945
2016/7/11 14:15,8.23900032,2.27699995,5.791999817,1.065999985,2.832999945,1.309999943,35.465031176545345
2016/7/11 14:30,8.23900032,3.08100009,5.756999969,1.207999945,2.528000116,1.309999943,35.32316745317473
2016/7/11 14:45,9.376999855,3.549999952,6.822999954,1.63499999,2.497999907,1.309999943,35.80699921
2016/7/11 15:00,9.243000031,3.214999914,6.361000061,1.031000018,2.680000067,1.156999946,34.75099945
2016/7/11 15:15,8.43900013,2.411000013,5.934000015,0.852999985,2.559000015,1.218000054,34.40732526722188
2016/7/11 15:30,8.371999741,2.009000063,5.899000168,1.101999998,2.497999907,1.248999953,34.75099945
2016/7/11 15:45,8.23900032,2.812999964,5.756999969,1.350000024,2.467000008,1.218000054,36.079963384290394
2016/7/11 16:00,8.23900032,2.812999964,5.721000195,1.243999958,2.528000116,1.248999953,34.8219986
2016/7/11 16:15,8.572999954,3.013999939,5.899000168,1.315000057,2.740999937,1.218000054,34.123028831251574
2016/7/11 16:30,8.706999779,2.678999901,5.862999916,1.243999958,2.862999916,1.279000044,34.680901935162645
2016/7/11 16:45,8.840999603,2.746000051,5.791999817,1.031000018,2.984999895,1.340000033,34.08561846028888
2016/7/11 17:00,8.975000381,2.880000114,5.934000015,1.243999958,3.015000105,1.248999953,34.89199829
2016/7/11 17:15,8.907999992,2.678999901,6.005000114,1.101999998,2.954999924,1.126999974,33.79780429968944
2016/7/11 17:30,9.041999817,2.611999989,6.111999989,0.958999991,2.894000053,1.156999946,33.62599945
2016/7/11 17:45,8.975000381,2.477999926,5.934000015,0.888000011,2.984999895,1.248999953,33.33568485882754
2016/7/11 18:00,8.505999565,2.344000101,5.578999996,0.745999992,2.894000053,1.156999946,33.804268796847154
2016/7/11 18:15,8.038000107,2.075999975,5.258999825,0.569000006,2.650000095,1.156999946,32.85200119
2016/7/11 18:30,7.836999893,2.142999887,5.295000076,0.711000025,2.559000015,1.156999946,32.939629042556724
2016/7/11 18:45,8.038000107,2.142999887,5.401000023,0.711000025,2.650000095,1.187999964,32.14899826
2016/7/11 19:00,7.836999893,2.075999975,5.223999977,0.532999992,2.588999987,1.126999974,31.65600014
2016/7/11 19:15,7.903999805,1.942000031,5.329999924,0.569000006,2.497999907,1.036000013,31.58600044
2016/7/11 19:30,7.903999805,1.942000031,5.366000175,0.532999992,2.497999907,0.944000006,32.75130878253536
2016/7/11 19:45,8.43900013,1.942000031,5.650000095,0.639999986,2.650000095,0.975000024,32.40872280416426
2016/7/11 20:00,9.175999641,1.942000031,6.183000088,0.603999972,2.894000053,0.975000024,33.48500061
2016/7/11 20:15,9.444000244,2.009000063,6.43200016,0.603999972,2.984999895,0.944000006,33.62599945
2016/7/11 20:30,9.51099968,2.009000063,6.467000008,0.639999986,3.015000105,1.004999995,33.42975993140971
2016/7/11 20:45,9.51099968,2.009000063,6.467000008,0.639999986,3.046000004,0.944000006,32.92200089
2016/7/11 21:00,9.175999641,2.009000063,6.218999863,0.603999972,2.954999924,0.975000024,33.1039562619317
2016/7/11 21:15,9.645000458,2.746000051,6.395999908,1.457000017,2.832999945,0.944000006,31.9324377615478
2016/7/11 21:30,9.243000031,1.674000025,5.899000168,0.603999972,2.710999966,0.944000006,31.58600044
2016/7/11 21:45,8.975000381,1.807999969,5.828000069,0.319999993,2.588999987,0.913999975,32.178844944608386
2016/7/11 22:00,8.371999741,3.013999939,6.289999962,1.207999945,2.437000036,0.944000006,32.5
2016/7/11 22:15,10.64999962,3.348999977,7.427000046,1.136999965,2.345000029,0.913999975,34.0308095718293
2016/7/11 22:30,10.11400032,2.947000027,7.143000126,0.958999991,2.405999899,0.944000006,33.47029654902184
2016/7/11 22:45,10.04699993,2.545000076,7.853000164,1.99000001,2.315000057,0.944000006,33.523685329466176
2016/7/11 23:00,10.91800022,3.549999952,9.026000023,2.309999943,2.131999969,0.883000016,33.22754588329149
2016/7/11 23:15,11.52099991,4.019000053,8.847999573,2.131999969,2.131999969,0.760999978,32.57099915
2016/7/11 23:30,12.25699997,4.287000179,10.16300011,2.984999895,1.980000019,0.791999996,32.85200119
2016/7/11 23:45,11.18599987,3.148000002,8.706000328,1.91900003,1.949000001,0.791999996,32.58027533969719
2016/7/12 0:00,11.52099991,3.549999952,9.593999863,2.309999943,1.980000019,0.822000027,34.090873532803194
2016/7/12 0:15,10.04699993,3.148000002,8.244000435,1.99000001,1.91900003,0.822000027,33.361954207893525
2016/7/12 0:30,11.72099972,4.152999878,9.87899971,2.772000074,1.888000011,0.700999975,34.07972896851682
2016/7/12 0:45,10.64999962,3.88499999,8.918999672,2.415999889,1.827999949,0.670000017,32.92200089
2016/7/12 1:00,11.52099991,4.152999878,9.593999863,2.700999975,1.735999942,0.670000017,33.69599915
2016/7/12 1:15,11.52099991,4.354000092,9.451999664,2.664999962,1.888000011,0.760999978,32.92200089
2016/7/12 1:30,10.44900036,3.415999889,8.883999825,2.772000074,1.827999949,0.760999978,33.27399826
2016/7/12 1:45,10.38199997,3.88499999,8.777000427,3.127000093,1.76699996,0.791999996,34.65615948524099
2016/7/12 2:00,12.12300014,4.554999828,10.3409996,3.482000113,1.827999949,0.791999996,34.189604381504054
2016/7/12 2:15,12.39099979,4.21999979,10.58899975,3.269000053,1.85800004,0.760999978,33.48500061
2016/7/12 2:30,11.72099972,4.21999979,9.559000015,2.914000034,1.76699996,0.791999996,33.27399826
2016/7/12 2:45,11.11900043,3.549999952,8.706000328,2.486999989,1.76699996,0.791999996,33.97800064
2016/7/12 3:00,11.92199993,4.085999966,10.16300011,2.948999882,1.797000051,0.822000027,33.34400177
2016/7/12 3:15,11.31999969,4.622000217,9.913999557,2.984999895,1.827999949,0.852999985,33.13223113372673
2016/7/12 3:30,10.38199997,4.152999878,8.954999924,2.700999975,1.76699996,0.883000016,33.68543756861407
2016/7/12 3:45,10.98499966,4.487999916,9.31000042,2.948999882,1.735999942,0.791999996,33.8370018
2016/7/12 4:00,11.72099972,3.818000078,9.522999763,2.451999903,1.797000051,0.822000027,32.99300003
2016/7/12 4:15,9.51099968,3.549999952,7.81799984,1.91900003,1.797000051,0.852999985,32.9725340586241
2016/7/12 4:30,10.71700001,3.415999889,8.777000427,2.415999889,1.85800004,0.883000016,33.95215283005818
2016/7/12 4:45,10.51599979,3.48300004,8.279999733,2.167999983,1.949000001,0.852999985,33.06299973
2016/7/12 5:00,11.11900043,3.348999977,8.918999672,2.415999889,2.101999998,0.883000016,34.182489486725224
2016/7/12 5:15,12.72599983,4.287000179,10.05599976,2.523000002,2.253999949,0.913999975,32.85200119
2016/7/12 5:30,11.25300026,4.019000053,9.559000015,2.381000042,2.650000095,0.944000006,33.396536214957116
2016/7/12 5:45,9.444000244,2.210000038,6.857999802,0.782000005,2.650000095,0.975000024,33.12436697282009
2016/7/12 6:00,11.11900043,3.818000078,8.635000229,1.84800005,2.559000015,1.036000013,33.9070015
2016/7/12 6:15,10.85099983,3.617000103,8.279999733,1.56400001,2.528000116,1.036000013,34.195522398836026
2016/7/12 6:30,9.913000107,3.48300004,7.214000225,1.741000056,2.650000095,1.097000003,34.89199829
2016/7/12 6:45,9.041999817,2.142999887,6.324999809,0.995000005,2.040999889,0.791999996,34.49952168918446
2016/7/12 7:00,9.444000244,2.27699995,6.894000053,1.386000037,2.00999999,0.731000006,33.264340055562684
2016/7/12 7:15,9.913000107,3.617000103,7.888999939,2.061000109,2.00999999,0.760999978,33.55599976
2016/7/12 7:30,9.31000042,3.08100009,7.888999939,2.131999969,2.00999999,0.791999996,34.32899857
2016/7/12 7:45,9.779000282,3.348999977,7.320000172,1.669999957,2.528000116,1.156999946,34.17851063916377
2016/7/12 8:00,8.706999779,3.08100009,6.681000233,1.598999977,2.375999928,1.065999985,34.7081270519133
2016/7/12 8:15,9.041999817,3.415999889,6.681000233,1.386000037,2.375999928,1.065999985,35.66600037
2016/7/12 8:30,9.779000282,3.549999952,6.681000233,1.812000036,2.437000036,1.126999974,35.45500183
2016/7/12 8:45,9.175999641,3.617000103,6.644999981,1.598999977,2.497999907,1.065999985,35.82946935422971
2016/7/12 9:00,8.907999992,2.411000013,6.467000008,1.527999997,2.405999899,0.975000024,35.9469986
2016/7/12 9:15,9.376999855,3.148000002,6.751999855,1.315000057,2.528000116,1.156999946,36.22900009
2016/7/12 9:30,9.51099968,2.880000114,6.928999901,1.883000016,2.710999966,1.156999946,35.66600037
2016/7/12 9:45,10.44900036,3.013999939,7.320000172,1.421000004,2.650000095,1.065999985,35.66600037
2016/7/12 10:00,10.11400032,2.678999901,6.965000153,1.421000004,2.862999916,1.187999964,36.54836296862624
2016/7/12 10:15,10.91800022,3.684000015,7.106999874,2.061000109,3.167999983,1.187999964,35.61304295995515
2016/7/12 10:30,11.25300026,3.214999914,7.639999866,1.527999997,3.229000092,1.187999964,36.08800125
2016/7/12 10:45,11.18599987,3.08100009,7.604000092,1.883000016,3.532999992,1.126999974,36.957347451117364
2016/7/12 11:00,10.85099983,3.013999939,7.320000172,1.77699995,3.349999905,1.126999974,36.08800125
2016/7/12 11:15,10.11400032,3.348999977,6.894000053,1.56400001,3.046000004,1.097000003,35.68521050757329
2016/7/12 11:30,9.913000107,3.214999914,6.361000061,1.243999958,3.015000105,1.097000003,36.08800125
2016/7/12 11:45,8.907999992,1.942000031,6.040999889,0.675000012,2.832999945,1.036000013,36.53010127560927
2016/7/12 12:00,9.376999855,1.875,6.005000114,0.958999991,2.894000053,1.156999946,36.08800125
2016/7/12 12:15,9.51099968,3.013999939,6.538000107,1.031000018,2.862999916,1.126999974,37.80537918942756
2016/7/12 12:30,9.645000458,2.812999964,6.573999882,1.065999985,2.924000025,1.126999974,36.15800095
2016/7/12 12:45,9.109000206,2.746000051,6.573999882,1.386000037,2.924000025,1.156999946,36.58000183
2016/7/12 13:00,9.779000282,2.344000101,6.254000187,0.497000009,2.862999916,1.097000003,36.572362529207155
2016/7/12 13:15,9.779000282,2.344000101,6.218999863,1.101999998,3.046000004,1.432000041,37.30630166015363
2016/7/12 13:30,9.779000282,2.611999989,6.787000179,0.995000005,2.862999916,1.309999943,37.649846487681
2016/7/12 13:45,9.109000206,2.142999887,6.361000061,1.031000018,2.772000074,1.126999974,38.4090004
2016/7/12 14:00,9.51099968,2.009000063,6.467000008,0.958999991,2.862999916,1.218000054,38.4090004
2016/7/12 14:15,9.175999641,3.08100009,6.751999855,1.065999985,2.924000025,1.218000054,39.53499985
2016/7/12 14:30,9.376999855,1.942000031,6.218999863,0.888000011,2.772000074,1.097000003,40.18447612573792
2016/7/12 14:45,9.376999855,2.947000027,6.538000107,0.782000005,2.680000067,1.156999946,38.84680360662848
2016/7/12 15:00,9.243000031,2.812999964,6.822999954,0.888000011,2.618999958,1.309999943,39.78336288353051
2016/7/12 15:15,8.640000343,1.875,6.183000088,0.497000009,2.588999987,1.065999985,38.62099838
2016/7/12 15:30,8.640000343,2.009000063,6.040999889,0.569000006,2.559000015,1.065999985,39.32400131
2016/7/12 15:45,8.572999954,1.875,5.934000015,0.391000003,2.618999958,1.401000023,40.09799957
2016/7/12 16:00,8.774000168,1.942000031,6.111999989,0.462000012,2.710999966,1.126999974,40.09799957
2016/7/12 16:15,8.975000381,2.075999975,6.147999763,0.532999992,2.832999945,1.126999974,41.40952092679354
2016/7/12 16:30,9.109000206,2.545000076,6.610000134,1.421000004,2.954999924,1.187999964,41.19139227221712
2016/7/12 16:45,9.444000244,2.411000013,6.040999889,1.136999965,3.015000105,1.218000054,41.038809827525874
2016/7/12 17:00,9.645000458,2.678999901,6.395999908,1.136999965,3.075999975,1.156999946,41.03761404334306
2016/7/12 17:15,9.444000244,2.812999964,6.289999962,0.995000005,3.107000113,1.248999953,40.16799927
2016/7/12 17:30,9.175999641,2.27699995,5.934000015,0.852999985,3.137000084,1.248999953,37.76608363999898
2016/7/12 17:45,9.31000042,2.27699995,6.183000088,0.745999992,3.075999975,1.156999946,37.56499863
2016/7/12 18:00,9.109000206,2.142999887,5.96999979,0.603999972,3.107000113,1.097000003,38.540077121822634
2016/7/12 18:15,9.041999817,2.009000063,5.828000069,0.497000009,3.229000092,1.126999974,37.92908394767859
2016/7/12 18:30,8.572999954,1.807999969,5.614999771,0.425999999,2.924000025,1.036000013,37.56499863
2016/7/12 18:45,8.505999565,1.875,5.650000095,0.425999999,2.894000053,1.065999985,37.07300186
2016/7/12 19:00,8.572999954,1.875,5.507999897,0.462000012,3.075999975,1.065999985,37.719448786823186
2016/7/12 19:15,8.774000168,1.807999969,5.721000195,0.319999993,3.046000004,1.097000003,36.86199951
2016/7/12 19:30,9.31000042,1.875,6.076000214,0.391000003,3.259000063,1.065999985,36.50999832
2016/7/12 19:45,10.18099976,2.009000063,6.644999981,0.425999999,3.563999891,1.097000003,36.15105081974751
2016/7/12 20:00,10.85099983,2.142999887,7.143000126,0.532999992,3.746000051,1.097000003,36.39920157512586
2016/7/12 20:15,11.31999969,2.142999887,7.427000046,0.532999992,3.928999901,1.097000003,36.75531333003671
2016/7/12 20:30,11.31999969,2.142999887,7.532999992,0.603999972,3.838000059,1.036000013,36.29899979
2016/7/12 20:45,11.25300026,2.142999887,7.461999893,0.603999972,3.746000051,1.065999985,36.29899979
2016/7/12 21:00,10.98499966,2.142999887,7.284999847,0.603999972,3.746000051,1.065999985,36.729073367763235
2016/7/12 21:15,13.52999973,2.411000013,9.31000042,0.888000011,3.625,1.065999985,35.73600006
2016/7/12 21:30,13.9989996,3.88499999,9.913999557,1.172999978,3.625,1.065999985,35.03300095
2016/7/12 21:45,12.92700005,3.415999889,9.737000465,1.56400001,3.441999912,1.004999995,35.45500183
2016/7/12 22:00,12.79300022,2.746000051,9.807999611,1.70599997,3.259000063,0.913999975,36.01800156
2016/7/12 22:15,15.3380003,4.554999828,12.36600018,2.914000034,3.137000084,0.975000024,36.139744466451354
2016/7/12 22:30,14.80300045,4.554999828,11.54899979,2.523000002,3.075999975,1.036000013,36.50999832
2016/7/12 22:45,15.53899956,5.223999977,12.93500042,3.197999954,2.954999924,1.036000013,36.92134730011774
2016/7/12 23:00,16.00799942,5.69299984,13.11200047,3.482000113,2.832999945,1.004999995,36.651963783154756
2016/7/12 23:15,18.5529995,5.625999928,13.32600021,3.625,5.300000191,1.401000023,36.36899948
2016/7/12 23:30,18.35300064,6.09499979,13.04100037,3.019999981,5.117000103,1.432000041,37.339292646103836
2016/7/12 23:45,19.22299957,6.831999779,13.82299995,3.76699996,5.026000023,1.432000041,37.341271629740845
2016/7/13 0:00,19.15600014,6.229000092,13.71700001,4.014999866,5.026000023,1.523000002,36.50999832
2016/7/13 0:15,17.2140007,5.960999966,12.26000023,3.375999928,4.873000145,1.523000002,36.72100067
2016/7/13 0:30,19.625,7.166999817,14.49800014,4.051000118,4.813000202,1.523000002,37.002239133261305
2016/7/13 0:45,18.35300064,6.831999779,13.39700031,4.441999912,4.782000065,1.523000002,36.65100098
2016/7/13 1:00,16.81200027,5.894000053,12.18900013,3.411000013,4.873000145,1.462000012,36.72100067
2016/7/13 1:15,17.54899979,6.027999878,12.79300022,3.696000099,4.873000145,1.523000002,36.72100067
2016/7/13 1:30,18.62000084,6.497000217,13.64500046,3.980000019,4.721000195,1.491999984,37.165893536607655
2016/7/13 1:45,16.81200027,5.492000103,12.15299988,3.447000027,4.813000202,1.491999984,36.79100037
2016/7/13 2:00,17.61599922,5.960999966,12.72200012,3.588999987,4.721000195,1.491999984,36.58000183
2016/7/13 2:15,16.27599907,5.894000053,11.79800034,3.339999914,4.598999977,1.462000012,37.295411728834885
2016/7/13 2:30,18.15200043,7.166999817,13.75199986,4.300000191,4.598999977,1.462000012,36.65100098
2016/7/13 2:45,18.62000084,7.099999905,13.71700001,3.838000059,4.630000114,1.523000002,37.35400009
2016/7/13 3:00,16.34300041,5.760000229,11.37100029,2.948999882,4.477000237,1.491999984,38.23184739373644
2016/7/13 3:15,17.28100014,6.229000092,12.36600018,3.233999968,4.477000237,1.491999984,37.226298051505125
2016/7/13 3:30,16.94599915,6.899000168,12.15299988,4.300000191,4.568999767,1.552999973,37.26223210137137
2016/7/13 3:45,15.60599995,5.827000141,11.01599979,4.513000011,4.507999897,1.552999973,37.424999240000005
2016/7/13 4:00,18.01799965,7.099999905,13.46800041,3.90899992,4.477000237,1.523000002,38.05593601060713
2016/7/13 4:15,18.2859993,7.166999817,14.10700035,4.584000111,4.477000237,1.491999984,37.614564318432
2016/7/13 4:30,17.2140007,5.492000103,12.43700027,3.411000013,4.507999897,1.491999984,37.14179462962287
2016/7/13 4:45,17.95100021,6.56400013,13.21899986,3.447000027,4.630000114,1.491999984,37.35400009
2016/7/13 5:00,18.15200043,7.032999992,13.39700031,4.086999893,4.659999847,1.523000002,37.63600159
2016/7/13 5:15,16.81200027,5.559000015,11.47799969,2.772000074,4.965000153,1.797000051,38.05799866
2016/7/13 5:30,17.88400078,6.027999878,12.64999962,3.269000053,5.300000191,1.491999984,37.47348199878163
2016/7/13 5:45,17.88400078,5.492000103,12.26000023,3.019999981,5.208000183,1.462000012,38.159339474093976
2016/7/13 6:00,16.20899963,4.822999954,10.51799965,2.700999975,5.056000233,1.552999973,37.00299835
2016/7/13 6:15,16.27599907,5.223999977,11.19400024,2.630000114,5.117000103,1.613999963,37.49499893
2016/7/13 6:30,17.28100014,6.229000092,11.58399963,3.375999928,5.147999763,1.674999952,37.91699982
2016/7/13 6:45,16.00799942,5.425000191,10.8380003,2.559000015,5.086999893,1.949000001,38.26900101
2016/7/13 7:00,13.4630003,4.085999966,8.065999985,1.457000017,5.238999844,1.827999949,39.02080553267587
2016/7/13 7:15,13.93200016,4.822999954,8.883999825,2.630000114,5.238999844,2.00999999,37.91699982
2016/7/13 7:30,12.85999966,4.622000217,7.782000065,1.491999984,5.300000191,1.91900003,37.91699982
2016/7/13 7:45,11.38700008,3.818000078,6.361000061,1.172999978,5.329999924,2.071000099,38.355882802904866
2016/7/13 8:00,10.31499958,3.415999889,6.928999901,1.315000057,2.802000046,1.462000012,38.11486872438764
2016/7/13 8:15,7.903999805,3.148000002,5.828000069,0.816999972,2.131999969,1.097000003,38.210561784048174
2016/7/13 8:30,8.104999542,3.148000002,5.401000023,0.995000005,2.101999998,1.187999964,37.49499893
2016/7/13 8:45,8.171999931,2.344000101,5.934000015,1.065999985,1.949000001,1.126999974,37.89683435201421
2016/7/13 9:00,8.840999603,3.148000002,6.751999855,1.457000017,2.040999889,1.126999974,37.30919264654198
2016/7/13 9:15,8.572999954,3.08100009,6.573999882,1.457000017,2.101999998,1.218000054,37.53187340872218
2016/7/13 9:30,8.371999741,2.27699995,5.899000168,1.065999985,2.131999969,1.218000054,37.034357605912476
2016/7/13 9:45,9.444000244,3.013999939,6.361000061,1.527999997,2.559000015,1.279000044,38.397426140980585
2016/7/13 10:00,10.24800014,3.282000065,6.610000134,1.172999978,3.107000113,1.309999943,37.22766650049367
2016/7/13 10:15,10.31499958,2.611999989,6.822999954,0.675000012,3.075999975,1.279000044,35.40602667398947
2016/7/13 10:30,11.11900043,3.08100009,7.604000092,1.101999998,3.229000092,1.126999974,30.45999908
2016/7/13 10:45,9.243000031,2.678999901,7.143000126,1.457000017,2.315000057,0.944000006,26.943000790000003
2016/7/13 11:00,8.572999954,2.009000063,6.502999783,0.852999985,2.163000107,1.065999985,30.566664269484903
2016/7/13 11:15,9.913000107,2.880000114,6.254000187,0.958999991,2.954999924,1.218000054,32.448094472526094
2016/7/13 11:30,9.376999855,2.678999901,5.934000015,0.924000025,2.954999924,1.248999953,32.57099915
2016/7/13 11:45,8.975000381,2.27699995,5.934000015,0.603999972,2.984999895,1.126999974,33.78048400282463
2016/7/13 12:00,8.774000168,2.142999887,5.721000195,0.425999999,2.650000095,1.004999995,32.918255172423244
2016/7/13 12:15,8.505999565,2.142999887,5.721000195,0.354999989,2.772000074,1.036000013,33.06299973
2016/7/13 12:30,9.243000031,2.411000013,5.862999916,0.711000025,2.802000046,1.036000013,34.61100006
2016/7/13 12:45,9.376999855,2.545000076,6.147999763,0.816999972,2.894000053,1.065999985,35.342948885636574
2016/7/13 13:00,9.51099968,1.60800004,6.040999889,0.425999999,2.862999916,1.097000003,36.15800095
2016/7/13 13:15,9.578000069,1.942000031,6.111999989,0.958999991,2.740999937,1.036000013,37.27436315197502
2016/7/13 13:30,9.645000458,2.344000101,6.147999763,0.924000025,2.710999966,1.065999985,36.86199951
2016/7/13 13:45,8.706999779,2.880000114,5.96999979,0.675000012,3.167999983,1.309999943,36.43999863
2016/7/13 14:00,8.774000168,2.075999975,6.040999889,0.816999972,2.375999928,1.004999995,35.80699921
2016/7/13 14:15,8.572999954,2.075999975,6.040999889,0.958999991,2.740999937,1.126999974,35.52500153
2016/7/13 14:30,9.175999641,2.411000013,6.43200016,1.136999965,2.680000067,1.156999946,36.50999832
2016/7/13 14:45,9.31000042,2.678999901,6.395999908,1.065999985,2.650000095,1.156999946,36.98084498934584
2016/7/13 15:00,9.31000042,2.142999887,6.218999863,0.995000005,2.924000025,1.126999974,37.79692229550575
2016/7/13 15:15,8.505999565,2.009000063,5.721000195,0.497000009,2.650000095,1.065999985,36.70341949856259
2016/7/13 15:30,8.572999954,2.009000063,5.96999979,0.497000009,2.650000095,1.126999974,37.381083489828875
2016/7/13 15:45,8.43900013,1.807999969,5.828000069,0.816999972,2.924000025,1.097000003,37.35400009
2016/7/13 16:00,8.305999756,2.27699995,5.721000195,0.924000025,2.618999958,1.097000003,39.53499985
2016/7/13 16:15,8.572999954,2.27699995,5.68599987,0.924000025,2.740999937,1.097000003,38.12799835
2016/7/13 16:30,8.43900013,2.142999887,5.578999996,0.782000005,2.740999937,1.065999985,38.327874890230646
2016/7/13 16:45,8.840999603,2.411000013,5.96999979,0.852999985,2.924000025,1.126999974,37.70600128
2016/7/13 17:00,8.975000381,2.27699995,5.96999979,0.782000005,3.015000105,1.279000044,38.86442459866854
2016/7/13 17:15,9.31000042,2.477999926,6.040999889,0.711000025,3.349999905,1.279000044,37.2140007
2016/7/13 17:30,9.041999817,2.27699995,5.934000015,0.711000025,3.229000092,1.126999974,37.145740395961546
2016/7/13 17:45,9.041999817,2.142999887,5.934000015,0.569000006,3.075999975,1.156999946,36.823057624910504
2016/7/13 18:00,8.840999603,2.142999887,5.721000195,0.603999972,3.107000113,1.126999974,34.75099945
2016/7/13 18:15,8.572999954,2.009000063,5.578999996,0.569000006,2.924000025,1.097000003,35.17399979
2016/7/13 18:30,8.505999565,2.075999975,5.507999897,0.569000006,2.862999916,1.065999985,35.00237487139909
2016/7/13 18:45,8.706999779,2.009000063,5.721000195,0.603999972,3.015000105,1.097000003,34.13839638979129
2016/7/13 19:00,9.041999817,2.344000101,5.862999916,0.603999972,3.441999912,1.126999974,34.0734975254332
2016/7/13 19:15,9.444000244,2.210000038,6.183000088,0.603999972,3.229000092,1.126999974,34.11800003
2016/7/13 19:30,9.979999542,2.344000101,6.43200016,0.711000025,3.532999992,1.248999953,34.16838148256141
2016/7/13 19:45,10.7840004,2.411000013,6.822999954,0.711000025,3.868000031,1.248999953,32.99300003
2016/7/13 20:00,11.25300026,2.611999989,7.177999973,0.852999985,4.111999989,1.187999964,32.85200119
2016/7/13 20:15,11.45400047,2.344000101,7.249000072,0.745999992,4.203000069,1.218000054,32.92200089
2016/7/13 20:30,11.18599987,2.27699995,7.071000099,0.711000025,4.111999989,1.156999946,33.69599915
2016/7/13 20:45,10.98499966,2.210000038,6.928999901,0.603999972,4.051000118,1.156999946,32.71099854
2016/7/13 21:00,11.98900032,3.415999889,8.598999977,2.167999983,3.928999901,1.187999964,33.13299942
2016/7/13 21:15,12.92700005,4.287000179,8.598999977,2.203000069,3.71600008,1.097000003,32.44093266789486
2016/7/13 21:30,13.52999973,3.684000015,9.701000214,1.741000056,3.594000101,1.097000003,33.11554939089476
2016/7/13 21:45,12.6590004,3.549999952,9.274999619,1.491999984,3.471999884,1.097000003,33.567919983305245
2016/7/13 22:00,12.52499962,3.818000078,9.630000114,1.598999977,3.259000063,0.975000024,34.96174967619014
2016/7/13 22:15,14.40100002,4.019000053,11.05099964,2.061000109,3.441999912,1.036000013,34.04800034
2016/7/13 22:30,14.06599998,4.622000217,10.05599976,2.451999903,3.319999933,1.156999946,35.10300064
2016/7/13 22:45,14.33399963,3.951999903,10.94499969,2.415999889,3.229000092,1.097000003,35.10300064
2016/7/13 23:00,13.59700012,4.622000217,10.97999954,2.842999935,3.107000113,1.065999985,35.38499832
2016/7/13 23:15,13.79800034,4.889999866,10.58899975,3.197999954,3.046000004,1.097000003,35.47245187362937
2016/7/13 23:30,12.79300022,4.287000179,9.737000465,2.594000101,2.924000025,1.097000003,34.81545364254507
2016/7/13 23:45,14.40100002,4.21999979,10.58899975,3.447000027,2.894000053,1.097000003,35.10300064
2016/7/14 0:00,14.60200024,5.357999802,11.19400024,2.878000021,2.862999916,1.036000013,34.93178452202714
2016/7/14 0:15,14.19999981,4.487999916,10.9090004,2.878000021,2.740999937,1.065999985,34.47000122
2016/7/14 0:30,12.52499962,4.019000053,9.984999657,2.309999943,2.588999987,0.944000006,35.24399948
2016/7/14 0:45,12.05599976,3.48300004,9.807999611,2.381000042,2.345000029,0.852999985,35.10300064
2016/7/14 1:00,13.4630003,4.554999828,10.8739996,2.984999895,2.467000008,0.883000016,32.71099854
2016/7/14 1:15,13.66399956,4.956999779,11.30000019,3.233999968,2.375999928,0.883000016,32.7820015
2016/7/14 1:30,12.12300014,3.750999928,9.807999611,2.203000069,2.315000057,0.883000016,33.132999420000004
2016/7/14 1:45,12.59200001,4.019000053,9.451999664,2.381000042,2.193000078,0.852999985,34.18899918
2016/7/14 2:00,12.25699997,3.88499999,9.522999763,2.131999969,2.467000008,0.944000006,34.31114603919063
2016/7/14 2:15,13.39599991,4.756000042,10.3760004,3.305000067,2.345000029,0.883000016,33.835478759673435
2016/7/14 2:30,12.6590004,3.818000078,9.737000465,2.486999989,2.437000036,0.913999975,33.97800064
2016/7/14 2:45,12.72599983,3.617000103,10.4829998,2.664999962,2.28399992,0.944000006,34.18899918
2016/7/14 3:00,12.25699997,4.68900013,10.66100025,2.984999895,2.253999949,0.913999975,34.68099976
2016/7/14 3:15,12.18999958,4.019000053,10.02099991,2.381000042,2.345000029,0.975000024,34.8028254247832
2016/7/14 3:30,12.32400036,4.019000053,9.949999809,2.451999903,2.071000099,0.944000006,34.89199829
2016/7/14 3:45,11.45400047,4.21999979,9.559000015,2.203000069,1.980000019,0.852999985,35.29145392472351
2016/7/14 4:00,11.5880003,3.684000015,8.847999573,1.70599997,2.101999998,0.883000016,36.10895960442969
2016/7/14 4:15,11.92199993,3.013999939,9.416999817,2.096999884,2.163000107,0.944000006,35.92070795436359
2016/7/14 4:30,11.78800011,4.21999979,9.984999657,2.523000002,2.163000107,0.883000016,34.78858774426484
2016/7/14 4:45,10.91800022,3.148000002,8.847999573,2.025000095,2.040999889,0.883000016,34.54000092
2016/7/14 5:00,11.92199993,3.348999977,9.274999619,1.99000001,2.101999998,0.883000016,34.71791270057218
2016/7/14 5:15,10.7840004,2.545000076,8.421999931,1.63499999,2.315000057,0.913999975,35.31399918
2016/7/14 5:30,12.52499962,3.684000015,9.345999718,1.279000044,2.467000008,0.883000016,35.10300064
2016/7/14 5:45,11.85499954,3.282000065,9.31000042,1.812000036,2.588999987,0.913999975,34.61100006
2016/7/14 6:00,11.52099991,3.684000015,9.559000015,2.273999929,2.528000116,0.944000006,35.31399918
2016/7/14 6:15,11.45400047,3.148000002,9.630000114,1.953999996,2.437000036,0.883000016,35.40826222997058
2016/7/14 6:30,11.85499954,3.282000065,8.883999825,1.77699995,2.253999949,0.852999985,34.9620018
2016/7/14 6:45,9.979999542,3.415999889,7.923999786,1.812000036,2.375999928,1.004999995,34.65198902627333
2016/7/14 7:00,8.774000168,2.678999901,5.862999916,1.136999965,2.315000057,1.065999985,34.34484587797305
2016/7/14 7:15,9.175999641,2.880000114,6.610000134,0.888000011,2.375999928,1.126999974,35.936595002974435
2016/7/14 7:30,9.979999542,2.947000027,7.249000072,1.812000036,2.375999928,1.097000003,36.01800156
2016/7/14 7:45,10.18099976,3.48300004,7.853000164,1.56400001,2.405999899,1.097000003,36.798735189693225
2016/7/14 8:00,7.971000195,3.08100009,5.96999979,1.598999977,2.375999928,1.279000044,36.208811816803205
2016/7/14 8:15,8.43900013,2.545000076,5.366000175,0.888000011,2.497999907,1.371000051,36.173986058615434
2016/7/14 8:30,8.774000168,3.148000002,5.862999916,1.172999978,2.437000036,1.248999953,36.1506793418031
2016/7/14 8:45,7.836999893,2.344000101,5.472000122,1.136999965,2.559000015,1.340000033,35.8769989
2016/7/14 9:00,8.305999756,2.411000013,5.862999916,1.279000044,2.375999928,1.156999946,35.52500153
2016/7/14 9:15,8.23900032,2.477999926,5.828000069,0.782000005,2.467000008,1.218000054,35.59600067
2016/7/14 9:30,9.175999641,3.148000002,6.183000088,0.782000005,2.497999907,1.218000054,36.03806891325658
2016/7/14 9:45,9.376999855,2.746000051,6.111999989,1.101999998,2.497999907,1.156999946,37.001312453841976
2016/7/14 10:00,9.376999855,2.344000101,6.502999783,1.172999978,2.802000046,1.248999953,36.73862405274023
2016/7/14 10:15,10.7840004,2.210000038,6.751999855,0.782000005,2.924000025,1.248999953,36.088001250000005
2016/7/14 10:30,10.38199997,3.148000002,7.284999847,1.207999945,3.197999954,1.218000054,37.67565727856299
2016/7/14 10:45,10.24800014,2.411000013,7.390999794,1.031000018,3.197999954,1.097000003,37.34268933391421
2016/7/14 11:00,10.04699993,3.148000002,6.857999802,0.782000005,3.167999983,1.097000003,37.35400009
2016/7/14 11:15,10.11400032,3.214999914,6.502999783,1.136999965,3.015000105,1.097000003,36.29899979
2016/7/14 11:30,8.43900013,2.411000013,5.791999817,0.425999999,2.862999916,1.187999964,36.70502103652569
2016/7/14 11:45,8.640000343,2.210000038,5.188000202,0.532999992,2.618999958,1.036000013,35.95577990292056
2016/7/14 12:00,8.23900032,2.075999975,5.68599987,0.391000003,2.588999987,1.036000013,34.61100006
2016/7/14 12:15,8.505999565,2.210000038,5.543000221,0.639999986,2.618999958,1.036000013,32.92200089
2016/7/14 12:30,8.706999779,2.009000063,5.756999969,0.569000006,2.680000067,1.065999985,32.85200119
2016/7/14 12:45,8.840999603,2.27699995,6.183000088,0.745999992,2.710999966,1.036000013,34.090043008813815
2016/7/14 13:00,8.305999756,2.27699995,6.005000114,0.852999985,2.650000095,0.975000024,33.8370018
2016/7/14 13:15,8.975000381,2.344000101,6.361000061,0.745999992,2.832999945,1.279000044,33.48500061
2016/7/14 13:30,8.505999565,1.741000056,5.507999897,0.248999998,2.559000015,1.004999995,33.0029322620197
2016/7/14 13:45,8.43900013,2.344000101,5.436999798,0.569000006,2.559000015,1.036000013,33.92729866092834
2016/7/14 14:00,7.903999805,2.210000038,5.401000023,0.782000005,2.467000008,1.036000013,33.20399857
2016/7/14 14:15,8.305999756,2.27699995,5.366000175,1.101999998,2.467000008,1.065999985,32.85200119
2016/7/14 14:30,7.903999805,2.344000101,5.756999969,0.924000025,2.437000036,1.004999995,32.99300003
2016/7/14 14:45,8.23900032,2.344000101,5.614999771,0.639999986,2.467000008,1.248999953,34.00388377667701
2016/7/14 15:00,12.18999958,4.68900013,10.02099991,2.559000015,2.253999949,0.913999975,34.68099976
2016/7/14 15:15,8.038000107,1.942000031,5.258999825,0.319999993,2.375999928,1.036000013,33.68245737692023
2016/7/14 15:30,7.568999767,1.674000025,5.223999977,0.354999989,2.437000036,1.036000013,34.40000153
2016/7/14 15:45,7.568999767,1.473999977,5.295000076,0.178000003,2.345000029,1.004999995,35.9761713154615
2016/7/14 16:00,7.836999893,1.541000009,5.295000076,0.675000012,2.467000008,1.279000044,36.72100067
2016/7/14 16:15,7.836999893,2.075999975,5.366000175,0.675000012,2.497999907,1.036000013,36.22900009
2016/7/14 16:30,8.104999542,2.210000038,5.472000122,0.711000025,2.650000095,1.91900003,37.07300186
2016/7/14 16:45,8.371999741,2.075999975,5.436999798,0.711000025,2.894000053,1.126999974,37.45178786663088
2016/7/14 17:00,7.903999805,1.60800004,4.619999886,-0.107000001,3.167999983,1.126999974,34.75099945
2016/7/14 17:15,7.769999981,1.340000033,4.513000011,-0.035999998,3.289999962,1.097000003,34.63995009474519
2016/7/14 17:30,7.301000118,1.20599997,4.441999912,-0.035999998,2.497999907,1.004999995,25.019921249076255
2016/7/14 17:45,6.899000168,1.340000033,4.300000191,-0.035999998,2.588999987,1.097000003,22.317916683627786
2016/7/14 18:00,6.429999828,0.938000023,3.980000019,-0.284000009,2.467000008,1.126999974,24.902999879999996
2016/7/14 18:15,6.429999828,1.004999995,3.802000046,-0.284000009,2.559000015,1.004999995,26.09900093
2016/7/14 18:30,6.429999828,0.938000023,3.838000059,-0.248999998,2.559000015,1.004999995,29.19400024
2016/7/14 18:45,6.497000217,0.870999992,4.619999886,-0.319999993,2.588999987,1.036000013,31.02300072
2016/7/14 19:00,7.836999893,1.340000033,5.188000202,0.035999998,2.710999966,1.065999985,32.85200119
2016/7/14 19:15,8.23900032,1.406999946,5.258999825,0.0,2.984999895,1.097000003,33.36643873332798
2016/7/14 19:30,8.706999779,1.473999977,5.614999771,0.107000001,3.075999975,1.065999985,32.41425404364701
2016/7/14 19:45,9.175999641,1.406999946,5.791999817,0.0,3.319999933,1.036000013,33.070871233655126
2016/7/14 20:00,8.975000381,1.406999946,5.68599987,0.035999998,3.259000063,0.975000024,33.245365918706504
2016/7/14 20:15,9.175999641,1.340000033,5.862999916,0.0,3.319999933,0.944000006,32.5
2016/7/14 20:30,8.907999992,1.20599997,5.543000221,-0.035999998,3.319999933,1.004999995,32.7820015
2016/7/14 20:45,8.572999954,1.072000027,5.401000023,-0.142000005,3.167999983,1.004999995,30.952999110000004
2016/7/14 21:00,8.305999756,0.670000017,5.223999977,-0.425999999,3.107000113,0.975000024,30.581037019747328
2016/7/14 21:15,8.23900032,0.536000013,5.188000202,-0.284000009,3.046000004,0.944000006,30.24900055
2016/7/14 21:30,8.706999779,1.875,5.578999996,-0.071000002,2.832999945,0.913999975,30.248014746299866
2016/7/14 21:45,8.572999954,0.938000023,5.756999969,-0.248999998,2.680000067,0.883000016,31.10133527101833
2016/7/14 22:00,8.104999542,0.80400002,5.436999798,-0.319999993,2.650000095,0.883000016,31.018183045430128
2016/7/14 22:15,9.913000107,1.60800004,7.498000145,0.569000006,2.588999987,0.913999975,31.137200003619355
2016/7/14 22:30,10.71700001,3.148000002,8.031000137,1.56400001,2.772000074,0.944000006,30.67099953
2016/7/14 22:45,10.64999962,1.875,7.177999973,1.065999985,2.559000015,0.883000016,31.717966027604888
2016/7/14 23:00,10.11400032,2.545000076,7.639999866,1.136999965,2.588999987,0.913999975,32.03883483712583
2016/7/14 23:15,14.13300037,4.21999979,9.345999718,1.953999996,4.965000153,1.401000023,31.72085731210415
2016/7/14 23:30,13.9989996,4.21999979,8.989999771,1.883000016,4.903999805,1.371000051,31.37087883665912
2016/7/14 23:45,14.60200024,4.554999828,9.559000015,2.203000069,4.873000145,1.70599997,32.216238948225154
2016/7/15 0:00,13.19499969,4.019000053,8.421999931,2.096999884,4.782000065,1.462000012,31.515287898333764
2016/7/15 0:15,13.52999973,4.019000053,8.989999771,1.70599997,4.690999985,1.432000041,31.86700058
2016/7/15 0:30,13.32900047,3.549999952,8.493000031,1.669999957,4.598999977,1.401000023,31.374999999999996
2016/7/15 0:45,14.2670002,4.354000092,9.593999863,2.273999929,4.630000114,1.401000023,33.06299973
2016/7/15 1:00,13.32900047,4.287000179,8.279999733,1.953999996,4.447000027,1.309999943,32.64099884
2016/7/15 1:15,13.32900047,4.019000053,8.989999771,1.77699995,4.507999897,1.309999943,32.36000061
2016/7/15 1:30,12.6590004,3.08100009,8.527999878,1.457000017,4.324999809,1.279000044,32.43000031
2016/7/15 1:45,12.59200001,4.21999979,8.847999573,2.273999929,4.295000076,1.340000033,33.55341022606775
2016/7/15 2:00,13.86499977,4.354000092,8.989999771,1.812000036,4.263999939,1.309999943,33.34400177
2016/7/15 2:15,13.66399956,3.549999952,8.918999672,1.91900003,4.295000076,1.340000033,33.84501025835884
2016/7/15 2:30,12.92700005,3.750999928,7.888999939,1.491999984,4.263999939,1.371000051,33.67782312208597
2016/7/15 2:45,13.52999973,4.287000179,8.706000328,1.63499999,4.203000069,1.309999943,33.13299942
2016/7/15 3:00,11.98900032,3.214999914,7.710999966,1.421000004,4.142000198,1.340000033,33.34400177
2016/7/15 3:15,12.72599983,3.88499999,8.31499958,1.63499999,4.172999859,1.279000044,33.367440681223606
2016/7/15 3:30,11.11900043,2.880000114,6.573999882,0.782000005,4.203000069,1.340000033,34.037749817532244
2016/7/15 3:45,11.85499954,2.880000114,7.390999794,1.243999958,4.234000206,1.371000051,34.4380048380764
2016/7/15 4:00,11.85499954,3.415999889,7.106999874,0.782000005,4.234000206,1.432000041,35.039296428651404
2016/7/15 4:15,10.7840004,2.477999926,6.610000134,0.924000025,4.355999947,1.340000033,34.40000153
2016/7/15 4:30,11.72099972,2.947000027,7.071000099,0.958999991,4.324999809,1.340000033,35.388577376965465
2016/7/15 4:45,11.78800011,2.27699995,6.965000153,0.745999992,4.324999809,1.309999943,34.18899918
2016/7/15 5:00,11.85499954,2.678999901,7.498000145,0.958999991,4.386000156,1.340000033,33.9070015
2016/7/15 5:15,11.31999969,2.009000063,6.289999962,0.569000006,4.568999767,1.644999981,34.25899887
2016/7/15 5:30,12.92700005,3.214999914,7.994999886,1.279000044,4.782000065,1.371000051,34.52599392265451
2016/7/15 5:45,11.18599987,2.142999887,5.862999916,0.284000009,4.842999935,1.340000033,35.186162592738974
2016/7/15 6:00,11.11900043,2.009000063,6.361000061,0.603999972,4.873000145,1.462000012,34.961169688925054
2016/7/15 6:15,11.05200005,1.875,6.076000214,0.142000005,4.721000195,1.552999973,35.21884730742876
2016/7/15 6:30,10.64999962,2.477999926,5.756999969,0.035999998,4.965000153,1.674999952,34.75099945
2016/7/15 6:45,11.72099972,2.545000076,6.254000187,0.816999972,5.086999893,1.70599997,35.03300095
2016/7/15 7:00,11.98900032,2.947000027,6.005000114,0.782000005,4.994999886,1.674999952,35.80919533199515
2016/7/15 7:15,11.25300026,3.214999914,6.361000061,0.603999972,5.177999973,1.70599997,35.45500183
2016/7/15 7:30,11.45400047,2.880000114,6.324999809,0.711000025,5.300000191,1.70599997,35.02677146834255
2016/7/15 7:45,12.12300014,3.282000065,7.0,0.888000011,5.117000103,1.76699996,34.60645462792572
2016/7/15 8:00,8.975000381,2.344000101,6.183000088,0.888000011,2.559000015,1.279000044,34.709356196021986
2016/7/15 8:15,8.907999992,2.545000076,6.005000114,0.958999991,2.437000036,1.097000003,33.34400177
2016/7/15 8:30,9.041999817,2.477999926,6.787000179,1.421000004,2.467000008,1.126999974,32.99300003
2016/7/15 8:45,8.572999954,3.214999914,6.147999763,1.315000057,2.497999907,1.156999946,32.61623923438694
2016/7/15 9:00,9.51099968,3.013999939,7.035999775,1.953999996,2.375999928,1.097000003,31.960417595397733
2016/7/15 9:15,9.645000458,3.348999977,6.610000134,1.243999958,2.650000095,1.156999946,31.23399925
2016/7/15 9:30,9.779000282,3.282000065,7.071000099,1.350000024,2.680000067,1.187999964,31.44499969
2016/7/15 9:45,9.979999542,3.549999952,6.857999802,1.172999978,2.772000074,1.248999953,31.58600044
2016/7/15 10:00,10.11400032,3.549999952,6.965000153,1.56400001,2.954999924,1.432000041,31.375
2016/7/15 10:15,11.18599987,2.746000051,7.498000145,1.031000018,3.381000042,1.279000044,31.30400085
2016/7/15 10:30,11.5880003,3.013999939,7.782000065,1.741000056,3.532999992,1.218000054,31.369640659598907
2016/7/15 10:45,11.5880003,2.812999964,7.390999794,1.527999997,3.349999905,1.309999943,32.49746652263792
2016/7/15 11:00,10.31499958,3.617000103,7.320000172,1.101999998,3.289999962,1.097000003,30.958662707957952
2016/7/15 11:15,9.376999855,3.148000002,6.681000233,1.315000057,3.015000105,1.097000003,31.02300072
2016/7/15 11:30,8.572999954,2.27699995,6.218999863,0.924000025,2.710999966,1.065999985,30.969803786364146
2016/7/15 11:45,8.706999779,2.344000101,5.578999996,0.319999993,2.894000053,1.065999985,31.50678484117831
2016/7/15 12:00,8.640000343,2.27699995,5.721000195,0.391000003,2.588999987,0.975000024,31.58600044
2016/7/15 12:15,8.171999931,2.075999975,5.472000122,0.425999999,2.528000116,0.975000024,31.79700089
2016/7/15 12:30,8.23900032,2.27699995,5.68599987,0.532999992,2.710999966,1.065999985,32.30450386176038
2016/7/15 12:45,8.840999603,2.545000076,5.756999969,0.284000009,2.650000095,1.097000003,31.72599983
2016/7/15 13:00,8.907999992,2.477999926,6.111999989,0.816999972,2.618999958,1.126999974,31.914888771953496
2016/7/15 13:15,8.505999565,2.27699995,6.289999962,1.101999998,2.588999987,1.156999946,31.375
2016/7/15 13:30,9.444000244,2.880000114,6.751999855,1.491999984,2.559000015,1.097000003,31.93799973
2016/7/15 13:45,8.706999779,2.27699995,6.218999863,0.924000025,2.467000008,1.218000054,32.06435276563304
2016/7/15 14:00,9.31000042,2.545000076,6.361000061,0.816999972,2.528000116,1.156999946,31.02300072
2016/7/15 14:15,9.243000031,2.812999964,6.43200016,1.315000057,2.528000116,1.248999953,31.880154810173874
2016/7/15 14:30,8.171999931,2.880000114,6.076000214,0.888000011,2.28399992,1.036000013,28.014533026807303
2016/7/15 14:45,8.640000343,2.812999964,5.650000095,0.711000025,2.28399992,1.126999974,23.385176212002875
2016/7/15 15:00,8.171999931,2.27699995,5.791999817,1.065999985,2.223999977,1.097000003,26.272411589839564
2016/7/15 15:15,8.572999954,2.812999964,5.828000069,0.888000011,2.28399992,1.126999974,25.465999600000004
2016/7/15 15:30,8.038000107,1.875,5.401000023,0.782000005,2.405999899,1.248999953,19.62700081
2016/7/15 15:45,8.171999931,2.344000101,5.543000221,0.852999985,2.588999987,1.248999953,23.70700073
2016/7/15 16:00,7.836999893,2.210000038,5.507999897,0.782000005,2.680000067,1.156999946,25.368919601159956
2016/7/15 16:15,7.769999981,2.27699995,5.721000195,0.958999991,2.618999958,1.279000044,25.59339030293962
2016/7/15 16:30,8.104999542,2.344000101,5.329999924,0.639999986,2.740999937,1.187999964,22.270692286351547
2016/7/15 16:45,8.572999954,2.142999887,5.68599987,0.711000025,2.924000025,1.218000054,18.290000920000004
2016/7/15 17:00,8.505999565,2.210000038,5.578999996,0.497000009,3.229000092,1.401000023,18.032894452626373
2016/7/15 17:15,8.371999741,2.009000063,5.436999798,0.462000012,2.894000053,1.218000054,18.98213492640928
2016/7/15 17:30,8.371999741,2.27699995,5.366000175,0.391000003,2.984999895,1.218000054,21.94799995
2016/7/15 17:45,7.636000156,1.60800004,4.833000183,0.142000005,2.710999966,1.156999946,23.988979084049582
2016/7/15 18:00,7.234000206,1.340000033,4.619999886,0.0,2.588999987,1.097000003,22.44099998
2016/7/15 18:15,6.899000168,1.340000033,4.513000011,0.0,2.375999928,1.065999985,20.61199951
2016/7/15 18:30,6.497000217,1.20599997,4.263999939,-0.035999998,2.28399992,1.004999995,19.76799965
2016/7/15 18:45,6.631000042,1.072000027,4.19299984,-0.107000001,2.405999899,0.944000006,18.292443445527724
2016/7/15 19:00,6.96600008,1.139000058,4.441999912,-0.035999998,2.467000008,0.975000024,16.88299942
2016/7/15 19:15,6.96600008,1.072000027,4.513000011,-0.071000002,2.497999907,0.944000006,19.544635781154078
2016/7/15 19:30,6.96600008,1.139000058,4.547999859,0.0,2.405999899,0.944000006,20.789157844374785
2016/7/15 19:45,7.166999817,1.139000058,4.762000084,0.0,2.437000036,0.913999975,21.245000840000003
2016/7/15 20:00,7.166999817,1.139000058,4.762000084,0.0,2.437000036,0.852999985,22.5133457012302
2016/7/15 20:15,7.166999817,1.139000058,4.65500021,-0.035999998,2.497999907,0.913999975,23.628212570180587
2016/7/15 20:30,7.099999905,1.072000027,4.619999886,-0.107000001,2.437000036,0.975000024,24.22788878337639
2016/7/15 20:45,6.96600008,1.072000027,4.406000137,-0.107000001,2.559000015,1.004999995,25.06733158785146
2016/7/15 21:00,8.371999741,2.947000027,6.218999863,1.207999945,2.437000036,1.036000013,24.198999399999998
2016/7/15 21:15,8.640000343,1.273000002,6.218999863,0.284000009,2.467000008,1.036000013,24.27000046
2016/7/15 21:30,9.779000282,1.741000056,7.284999847,0.711000025,2.253999949,0.975000024,25.059798794201544
2016/7/15 21:45,9.711999893,2.477999926,7.461999893,0.852999985,2.101999998,0.913999975,26.010383920035128
2016/7/15 22:00,9.109000206,2.210000038,7.568999767,0.958999991,2.00999999,0.883000016,26.217880746566447
2016/7/15 22:15,9.845999718,2.812999964,7.284999847,0.675000012,2.101999998,0.883000016,26.642686352409665
2016/7/15 22:30,8.371999741,2.009000063,5.96999979,0.603999972,1.980000019,0.852999985,26.87299919
2016/7/15 22:45,9.31000042,1.942000031,6.928999901,0.603999972,2.040999889,0.883000016,26.87299919
2016/7/15 23:00,8.907999992,2.678999901,7.639999866,1.527999997,1.949000001,0.883000016,26.737055728218564
2016/7/15 23:15,10.11400032,3.08100009,7.994999886,1.172999978,1.91900003,0.883000016,27.795998448096235
2016/7/15 23:30,11.11900043,3.348999977,8.989999771,2.309999943,1.91900003,0.883000016,27.50600052
2016/7/15 23:45,9.913000107,2.27699995,8.279999733,1.84800005,1.797000051,0.852999985,26.94300079
2016/7/16 0:00,8.505999565,2.210000038,6.644999981,0.782000005,1.644999981,0.852999985,26.94300079
2016/7/16 0:15,8.706999779,1.674000025,6.681000233,0.924000025,1.70599997,0.852999985,26.52099991
2016/7/16 0:30,9.779000282,2.477999926,7.604000092,0.995000005,1.552999973,0.852999985,27.076560484064213
2016/7/16 0:45,9.711999893,2.545000076,7.710999966,1.243999958,1.797000051,0.852999985,27.36499977
2016/7/16 1:00,10.04699993,3.08100009,8.031000137,1.669999957,1.735999942,0.822000027,27.36499977
2016/7/16 1:15,9.175999641,2.880000114,7.284999847,1.741000056,1.70599997,0.822000027,27.15399933
2016/7/16 1:30,10.18099976,2.545000076,8.670999527,1.77699995,1.70599997,0.822000027,27.71699905
2016/7/16 1:45,10.64999962,2.611999989,8.527999878,1.598999977,1.552999973,0.760999978,28.49099922
2016/7/16 2:00,10.85099983,3.750999928,8.741999626,1.99000001,1.462000012,0.760999978,28.57474353604323
2016/7/16 2:15,9.109000206,2.075999975,7.604000092,1.527999997,1.491999984,0.760999978,27.34523443156455
2016/7/16 2:30,10.31499958,2.545000076,8.38599968,1.63499999,1.523000002,0.791999996,27.36499977
2016/7/16 2:45,9.979999542,3.549999952,8.954999924,1.883000016,1.491999984,0.760999978,27.64599991
2016/7/16 3:00,8.907999992,2.947000027,7.639999866,1.598999977,1.491999984,0.791999996,28.43277613332954
2016/7/16 3:15,8.23900032,2.27699995,6.681000233,0.995000005,1.432000041,0.731000006,28.144488887627865
2016/7/16 3:30,9.444000244,2.27699995,7.676000118,1.491999984,1.401000023,0.731000006,27.50600052
2016/7/16 3:45,9.243000031,2.746000051,7.960000038,1.812000036,1.432000041,0.670000017,27.22400093
2016/7/16 4:00,9.51099968,2.009000063,7.320000172,1.065999985,1.371000051,0.670000017,28.726102268182995
2016/7/16 4:15,9.175999641,2.210000038,7.143000126,0.639999986,1.432000041,0.670000017,28.63100052
2016/7/16 4:30,9.51099968,2.477999926,7.427000046,1.065999985,1.432000041,0.700999975,27.85913724489792
2016/7/16 4:45,9.041999817,1.807999969,7.355999947,1.172999978,1.552999973,0.670000017,28.42000008
2016/7/16 5:00,9.578000069,2.477999926,7.853000164,0.958999991,1.644999981,0.670000017,28.63426954609052
2016/7/16 5:15,10.91800022,1.674000025,8.421999931,0.782000005,1.797000051,0.639999986,28.84199905
2016/7/16 5:30,11.18599987,2.075999975,8.493000031,0.958999991,2.040999889,0.670000017,27.71699905
2016/7/16 5:45,11.38700008,2.678999901,8.598999977,1.279000044,2.00999999,0.700999975,28.06800079
2016/7/16 6:00,9.645000458,2.210000038,7.604000092,0.782000005,2.163000107,0.731000006,28.052741415908653
2016/7/16 6:15,9.779000282,2.545000076,7.390999794,0.569000006,2.193000078,0.822000027,27.36499977
2016/7/16 6:30,10.18099976,2.812999964,7.747000217,1.457000017,2.163000107,0.883000016,28.56100082
2016/7/16 6:45,7.032999992,1.406999946,5.046000004,0.0,2.253999949,0.944000006,30.038612953571075
2016/7/16 7:00,6.229000092,1.875,4.122000217,0.354999989,2.131999969,1.004999995,29.89699936
2016/7/16 7:15,6.764999866,1.674000025,4.833000183,0.603999972,1.827999949,0.700999975,29.82699966
2016/7/16 7:30,7.301000118,2.27699995,5.329999924,0.888000011,1.827999949,0.822000027,30.17900085
2016/7/16 7:45,6.831999779,1.60800004,4.762000084,0.711000025,2.101999998,1.036000013,31.201877891207527
2016/7/16 8:00,6.96600008,2.746000051,4.93900013,0.711000025,2.101999998,1.065999985,30.17900085
2016/7/16 8:15,7.368000031,1.875,4.833000183,0.425999999,2.223999977,1.156999946,30.655983356893213
2016/7/16 8:30,7.166999817,1.674000025,5.258999825,0.888000011,2.163000107,1.036000013,31.80379561422482
2016/7/16 8:45,7.636000156,2.411000013,5.295000076,0.816999972,2.131999969,1.036000013,32.10932350008574
2016/7/16 9:00,7.301000118,1.60800004,5.117000103,0.319999993,2.101999998,0.975000024,31.99952807074875
2016/7/16 9:15,7.971000195,2.075999975,5.258999825,0.782000005,2.163000107,1.156999946,32.28570734233904
2016/7/16 9:30,7.836999893,2.880000114,5.650000095,0.745999992,2.497999907,1.036000013,32.674465570542246
2016/7/16 9:45,8.305999756,2.27699995,6.324999809,1.598999977,2.253999949,1.036000013,32.99300003
2016/7/16 10:00,8.840999603,2.27699995,6.395999908,0.958999991,2.588999987,1.126999974,33.20399857
2016/7/16 10:15,9.979999542,2.210000038,6.681000233,1.243999958,2.772000074,1.065999985,32.38871523017377
2016/7/16 10:30,10.04699993,2.27699995,7.177999973,0.958999991,2.954999924,1.156999946,32.29431656444304
2016/7/16 10:45,9.779000282,2.27699995,7.106999874,1.172999978,3.075999975,1.065999985,32.21900177
2016/7/16 11:00,9.243000031,2.142999887,6.43200016,0.995000005,3.015000105,1.156999946,33.86852635082895
2016/7/16 11:15,9.243000031,2.545000076,6.183000088,0.924000025,2.984999895,1.279000044,33.20399857
2016/7/16 11:30,7.836999893,2.075999975,5.472000122,0.425999999,2.772000074,1.187999964,33.34400177
2016/7/16 11:45,7.166999817,1.875,5.046000004,0.071000002,2.345000029,1.004999995,33.647946823059065
2016/7/16 12:00,6.429999828,1.273000002,4.263999939,0.284000009,2.345000029,1.004999995,32.71099854
2016/7/16 12:15,6.09499979,0.938000023,4.086999893,0.213,2.163000107,0.975000024,32.55948599381121
2016/7/16 12:30,7.368000031,2.009000063,4.619999886,0.462000012,2.163000107,0.944000006,33.20866321869217
2016/7/16 12:45,6.96600008,2.344000101,4.93900013,0.569000006,2.253999949,0.975000024,32.93908085084087
2016/7/16 13:00,6.697999954,2.27699995,4.547999859,0.354999989,2.253999949,1.036000013,32.85200119
2016/7/16 13:15,6.631000042,1.473999977,4.477000237,0.248999998,2.193000078,0.944000006,33.365303274403956
2016/7/16 13:30,7.568999767,2.142999887,5.081999779,0.639999986,2.223999977,1.065999985,34.16937309041609
2016/7/16 13:45,6.831999779,2.210000038,5.046000004,1.172999978,2.071000099,1.004999995,33.45752935582922
2016/7/16 14:00,7.769999981,2.678999901,4.93900013,1.207999945,2.193000078,1.097000003,33.20399857
2016/7/16 14:15,7.636000156,2.812999964,5.614999771,1.207999945,2.040999889,1.065999985,34.47000122
2016/7/16 14:30,7.836999893,2.344000101,5.046000004,0.639999986,2.163000107,1.065999985,33.775427187971644
2016/7/16 14:45,7.368000031,2.009000063,5.188000202,0.711000025,2.040999889,1.004999995,34.11797181052055
2016/7/16 15:00,8.104999542,2.344000101,5.828000069,1.065999985,2.193000078,1.065999985,34.04800034
2016/7/16 15:15,7.568999767,2.210000038,4.868000031,0.958999991,2.193000078,1.065999985,35.833173187073974
2016/7/16 15:30,6.899000168,1.807999969,4.833000183,0.425999999,2.223999977,1.097000003,37.2140007
2016/7/16 15:45,7.301000118,2.411000013,4.65500021,1.031000018,2.28399992,1.065999985,37.004279329129325
2016/7/16 16:00,7.099999905,2.142999887,5.329999924,1.350000024,2.131999969,1.065999985,36.334390311370065
2016/7/16 16:15,7.301000118,2.545000076,5.046000004,1.172999978,2.193000078,1.126999974,35.45500183
2016/7/16 16:30,7.301000118,2.009000063,4.93900013,0.888000011,2.131999969,1.065999985,35.10300064
2016/7/16 16:45,7.903999805,2.27699995,5.650000095,1.207999945,2.405999899,1.036000013,35.227625161356016
2016/7/16 17:00,7.836999893,2.210000038,5.366000175,0.958999991,2.528000116,1.036000013,34.6551944322229
2016/7/16 17:15,8.171999931,2.27699995,5.507999897,0.816999972,2.528000116,1.036000013,36.165524676449074
2016/7/16 17:30,7.836999893,2.009000063,5.223999977,0.497000009,2.588999987,1.036000013,35.8769989
2016/7/16 17:45,7.501999855,1.807999969,4.868000031,0.497000009,2.618999958,1.097000003,35.45500183
2016/7/16 18:00,7.301000118,1.741000056,4.477000237,0.354999989,2.528000116,1.097000003,35.59600067
2016/7/16 18:15,6.899000168,1.406999946,4.547999859,0.142000005,2.405999899,1.004999995,36.63456383808645
2016/7/16 18:30,7.166999817,1.406999946,4.584000111,0.107000001,2.588999987,0.975000024,36.22900009
2016/7/16 18:45,6.96600008,1.340000033,4.406000137,0.035999998,2.497999907,1.036000013,35.30184120517794
2016/7/16 19:00,6.697999954,1.20599997,4.229000092,-0.035999998,2.405999899,1.004999995,34.270498236736884
2016/7/16 19:15,6.697999954,1.273000002,4.229000092,0.0,2.467000008,1.065999985,33.69311138073078
2016/7/16 19:30,6.899000168,1.20599997,4.335000038,-0.035999998,2.559000015,0.975000024,32.831788985429945
2016/7/16 19:45,7.501999855,1.273000002,4.65500021,0.035999998,2.802000046,1.004999995,32.00799942
2016/7/16 20:00,7.836999893,1.20599997,4.974999905,0.0,2.862999916,0.975000024,32.14899826
2016/7/16 20:15,8.104999542,1.340000033,5.152999878,0.071000002,2.924000025,1.004999995,31.70195796304141
2016/7/16 20:30,8.104999542,1.273000002,5.081999779,0.0,2.924000025,1.036000013,31.24021714315215
2016/7/16 20:45,7.769999981,1.406999946,4.93900013,0.071000002,2.772000074,1.004999995,31.304000850000005
2016/7/16 21:00,7.434999943,1.273000002,4.584000111,-0.354999989,2.650000095,0.975000024,32.00799942
2016/7/16 21:15,7.166999817,1.741000056,5.329999924,0.142000005,2.618999958,1.004999995,32.23027536721182
2016/7/16 21:30,8.038000107,2.075999975,5.507999897,0.425999999,2.437000036,1.004999995,32.89520010228796
2016/7/16 21:45,7.636000156,1.807999969,5.258999825,0.107000001,2.375999928,0.975000024,31.58600044
2016/7/16 22:00,8.104999542,2.009000063,6.005000114,0.958999991,2.253999949,0.852999985,32.243469965942076
2016/7/16 22:15,8.038000107,1.942000031,5.721000195,0.425999999,2.223999977,0.822000027,32.77385504198882
2016/7/16 22:30,8.104999542,2.009000063,5.436999798,0.425999999,2.253999949,0.913999975,32.00799942
2016/7/16 22:45,7.099999905,1.674000025,4.974999905,0.569000006,2.163000107,0.883000016,31.86700058
2016/7/16 23:00,7.836999893,1.807999969,5.366000175,0.782000005,2.071000099,0.883000016,30.88199997
2016/7/16 23:15,8.907999992,2.075999975,6.218999863,0.852999985,1.949000001,0.852999985,31.651896732084456
2016/7/16 23:30,9.578000069,2.344000101,7.676000118,1.350000024,1.980000019,0.852999985,31.9545553801477
2016/7/16 23:45,9.175999641,3.013999939,8.208999634,1.243999958,1.91900003,0.852999985,31.734973099818824
2016/7/17 0:00,10.18099976,2.746000051,8.598999977,1.669999957,1.91900003,0.852999985,31.30400085
2016/7/17 0:15,9.578000069,2.210000038,7.461999893,0.995000005,1.85800004,0.852999985,31.572510573942065
2016/7/17 0:30,10.04699993,2.880000114,8.598999977,1.63499999,1.85800004,0.883000016,30.881999969999995
2016/7/17 0:45,9.779000282,2.477999926,7.994999886,1.84800005,1.76699996,0.852999985,31.02300072
2016/7/17 1:00,10.04699993,2.947000027,8.173000336,1.598999977,1.827999949,0.883000016,31.66027136711017
2016/7/17 1:15,9.041999817,3.08100009,6.71600008,1.598999977,1.735999942,0.852999985,31.233999250000004
2016/7/17 1:30,9.31000042,2.880000114,7.320000172,1.56400001,1.797000051,0.822000027,31.037935829315973
2016/7/17 1:45,10.18099976,3.415999889,8.208999634,2.415999889,1.644999981,0.822000027,32.16254386238247
2016/7/17 2:00,9.779000282,3.08100009,7.747000217,2.131999969,1.735999942,0.822000027,31.780266561464583
2016/7/17 2:15,10.91800022,3.750999928,8.741999626,1.77699995,1.552999973,0.670000017,32.26263983158543
2016/7/17 2:30,7.836999893,2.075999975,6.324999809,0.958999991,1.491999984,0.670000017,32.344157700311754
2016/7/17 2:45,9.243000031,2.678999901,7.284999847,1.491999984,1.552999973,0.700999975,31.304000849999998
2016/7/17 3:00,8.43900013,2.27699995,6.787000179,1.207999945,1.583999991,0.760999978,31.614391952256014
2016/7/17 3:15,7.501999855,1.807999969,6.040999889,0.639999986,1.523000002,0.670000017,32.15125285632972
2016/7/17 3:30,8.305999756,2.812999964,6.857999802,1.315000057,1.583999991,0.731000006,32.2491668135157
2016/7/17 3:45,8.505999565,2.545000076,7.106999874,1.527999997,1.462000012,0.731000006,31.83756439565309
2016/7/17 4:00,9.041999817,1.942000031,7.604000092,1.491999984,1.552999973,0.700999975,31.867000579999996
2016/7/17 4:15,9.51099968,2.075999975,8.137999535,1.207999945,1.674999952,0.700999975,31.75283615066661
2016/7/17 4:30,6.56400013,2.075999975,5.721000195,0.675000012,1.76699996,0.700999975,32.05126222439917
2016/7/17 4:45,8.640000343,1.674000025,6.289999962,0.532999992,1.735999942,0.791999996,31.732758031286792
2016/7/17 5:00,9.31000042,2.210000038,7.568999767,1.243999958,1.85800004,0.975000024,32.21900177
2016/7/17 5:15,9.51099968,1.741000056,6.857999802,0.852999985,2.101999998,0.731000006,31.58600044
2016/7/17 5:30,10.11400032,2.477999926,7.355999947,0.995000005,2.345000029,0.883000016,31.44499969
2016/7/17 5:45,11.45400047,3.08100009,8.954999924,1.279000044,2.28399992,0.791999996,32.14144839031669
2016/7/17 6:00,11.45400047,3.214999914,8.883999825,1.421000004,2.437000036,0.791999996,31.72599983
2016/7/17 6:15,10.51599979,2.746000051,8.031000137,1.386000037,2.437000036,0.944000006,31.72599983
2016/7/17 6:30,9.175999641,2.545000076,6.751999855,1.101999998,2.375999928,1.036000013,31.72599983
2016/7/17 6:45,9.376999855,3.013999939,6.502999783,0.888000011,2.315000057,1.065999985,31.867000579999996
2016/7/17 7:00,7.703000069,2.009000063,5.68599987,0.711000025,2.375999928,1.065999985,32.28900146
2016/7/17 7:15,8.43900013,2.746000051,5.756999969,1.386000037,2.28399992,1.065999985,33.55599976
2016/7/17 7:30,7.568999767,1.807999969,5.117000103,0.782000005,2.315000057,1.036000013,33.743468866697846
2016/7/17 7:45,8.572999954,2.210000038,5.96999979,1.136999965,2.193000078,1.065999985,34.40659894115368
2016/7/17 8:00,7.836999893,2.210000038,5.650000095,0.745999992,2.345000029,1.036000013,34.76680449654581
2016/7/17 8:15,7.903999805,2.545000076,5.366000175,1.386000037,2.315000057,1.036000013,34.33366459812818
2016/7/17 8:30,7.636000156,2.075999975,5.366000175,0.958999991,2.253999949,1.126999974,34.68025261024759
2016/7/17 8:45,7.769999981,2.545000076,5.756999969,1.315000057,2.375999928,1.371000051,33.8370018
2016/7/17 9:00,7.769999981,2.142999887,5.366000175,1.101999998,2.650000095,1.248999953,33.97800064
2016/7/17 9:15,8.371999741,2.812999964,6.040999889,0.816999972,2.345000029,1.126999974,33.9070015
2016/7/17 9:30,8.975000381,2.344000101,6.147999763,0.852999985,2.437000036,1.279000044,34.54000092
2016/7/17 9:45,9.175999641,2.880000114,6.218999863,0.888000011,2.984999895,1.309999943,34.9620018
2016/7/17 10:00,9.175999641,3.08100009,6.43200016,1.172999978,2.894000053,1.218000054,34.47000122
2016/7/17 10:15,10.31499958,2.880000114,6.71600008,1.315000057,2.862999916,1.156999946,35.03300095
2016/7/17 10:30,10.18099976,2.009000063,6.573999882,0.782000005,3.107000113,1.340000033,34.9620018
2016/7/17 10:45,9.444000244,1.807999969,6.467000008,0.782000005,3.229000092,1.097000003,35.22972796673376
2016/7/17 11:00,9.645000458,2.477999926,6.610000134,1.350000024,3.107000113,1.004999995,35.24399948
2016/7/17 11:15,8.774000168,2.477999926,5.578999996,0.852999985,2.740999937,0.944000006,35.37885398636273
2016/7/17 11:30,8.104999542,2.545000076,5.899000168,0.782000005,2.528000116,1.004999995,35.63630202701045
2016/7/17 11:45,7.636000156,1.875,4.762000084,0.354999989,2.375999928,1.004999995,36.56932031933745
2016/7/17 12:00,7.636000156,1.807999969,5.188000202,0.248999998,2.405999899,0.975000024,36.29899979
2016/7/17 12:15,7.636000156,1.674000025,5.010000229,0.248999998,2.345000029,0.944000006,36.845202258056034
2016/7/17 12:30,6.96600008,1.807999969,4.868000031,0.213,2.315000057,0.975000024,36.43999863
2016/7/17 12:45,7.301000118,1.541000009,4.93900013,0.213,2.467000008,1.004999995,35.8769989
2016/7/17 13:00,8.038000107,1.541000009,5.010000229,0.497000009,2.437000036,1.036000013,36.90316140294467
2016/7/17 13:15,7.434999943,1.674000025,5.188000202,0.569000006,2.315000057,1.004999995,36.79100037
2016/7/17 13:30,7.501999855,2.27699995,5.329999924,0.532999992,2.223999977,0.944000006,37.25923444893442
2016/7/17 13:45,8.505999565,1.741000056,5.899000168,0.782000005,2.163000107,1.004999995,38.364477778842364
2016/7/17 14:00,8.371999741,2.411000013,6.147999763,1.031000018,2.193000078,0.975000024,38.3390007
2016/7/17 14:15,8.43900013,2.611999989,5.436999798,0.888000011,2.193000078,1.279000044,38.4090004
2016/7/17 14:30,7.769999981,2.477999926,5.650000095,0.675000012,2.253999949,1.004999995,38.4090004
2016/7/17 14:45,8.371999741,1.942000031,5.507999897,0.782000005,2.28399992,1.036000013,39.78444561598913
2016/7/17 15:00,8.371999741,2.344000101,5.899000168,0.852999985,2.345000029,1.065999985,40.02700043
2016/7/17 15:15,7.636000156,2.477999926,5.472000122,0.888000011,2.223999977,1.036000013,39.46500015
2016/7/17 15:30,8.104999542,2.477999926,5.472000122,0.888000011,2.253999949,0.975000024,36.50999832
2016/7/17 15:45,7.971000195,2.075999975,5.756999969,0.782000005,2.28399992,0.975000024,36.50999832
2016/7/17 16:00,7.703000069,2.142999887,5.472000122,1.065999985,2.223999977,0.975000024,37.98699951
2016/7/17 16:15,8.305999756,2.411000013,5.756999969,0.958999991,2.405999899,1.065999985,39.236361266649126
2016/7/17 16:30,8.171999931,2.27699995,5.650000095,0.958999991,2.467000008,1.036000013,39.11299896
2016/7/17 16:45,8.171999931,2.344000101,5.614999771,0.924000025,2.528000116,1.065999985,37.84700012
2016/7/17 17:00,8.505999565,2.545000076,5.791999817,1.172999978,2.710999966,1.126999974,39.11299896
2016/7/17 17:15,8.640000343,2.477999926,5.756999969,1.279000044,2.832999945,1.126999974,38.90200043
2016/7/17 17:30,8.572999954,1.942000031,5.543000221,0.675000012,2.832999945,1.126999974,38.54999924
2016/7/17 17:45,8.43900013,2.075999975,5.614999771,0.675000012,2.862999916,1.126999974,37.56727967299089
2016/7/17 18:00,8.305999756,1.942000031,5.543000221,0.532999992,2.710999966,1.097000003,37.00299835
2016/7/17 18:15,8.104999542,1.674000025,5.366000175,0.284000009,2.740999937,1.097000003,37.313210201786035
2016/7/17 18:30,7.769999981,1.807999969,5.081999779,0.354999989,2.650000095,1.065999985,37.256568485734086
2016/7/17 18:45,7.769999981,2.075999975,5.081999779,0.462000012,2.618999958,1.036000013,35.78771078275056
2016/7/17 19:00,8.104999542,1.674000025,5.366000175,0.319999993,2.710999966,1.065999985,35.52989770790019
2016/7/17 19:15,8.171999931,1.674000025,5.329999924,0.284000009,2.740999937,1.065999985,35.10300064
2016/7/17 19:30,8.505999565,1.674000025,5.650000095,0.248999998,2.894000053,1.036000013,35.771408227350804
2016/7/17 19:45,9.041999817,1.674000025,5.899000168,0.284000009,3.075999975,0.975000024,35.875522673245264
2016/7/17 20:00,9.913000107,1.674000025,6.395999908,0.284000009,3.381000042,0.975000024,34.90106457958049
2016/7/17 20:15,9.979999542,1.674000025,6.538000107,0.284000009,3.411000013,1.065999985,33.62599945
2016/7/17 20:30,10.18099976,1.60800004,6.71600008,0.248999998,3.441999912,0.944000006,33.76699829
2016/7/17 20:45,9.913000107,1.60800004,6.573999882,0.248999998,3.319999933,0.944000006,33.62599945
2016/7/17 21:00,10.24800014,0.536000013,6.502999783,-0.745999992,3.289999962,0.913999975,34.21114057117236
2016/7/17 21:15,11.98900032,2.611999989,8.989999771,1.243999958,3.107000113,0.913999975,32.92200089
2016/7/17 21:30,12.25699997,2.611999989,9.097000122,0.995000005,2.954999924,0.975000024,33.75473625600784
2016/7/17 21:45,12.32400036,2.880000114,9.487999916,1.56400001,2.772000074,0.913999975,34.18110670418533
2016/7/17 22:00,12.45800018,3.684000015,9.807999611,2.131999969,2.528000116,0.822000027,33.48500061
2016/7/17 22:15,12.99400043,3.415999889,10.625,1.63499999,2.710999966,0.760999978,33.62053378784811
2016/7/17 22:30,12.79300022,3.348999977,11.08699989,1.91900003,2.650000095,0.883000016,33.350848189936734
2016/7/17 22:45,14.46800041,3.88499999,11.54899979,2.523000002,2.650000095,0.852999985,33.20399857
2016/7/17 23:00,14.2670002,4.287000179,11.65499973,2.878000021,2.467000008,0.760999978,33.69712339139433
2016/7/17 23:15,15.94099998,4.956999779,10.44699955,3.092000008,4.934000015,1.248999953,33.93294040732162
2016/7/17 23:30,16.81200027,5.559000015,11.58399963,3.375999928,4.721000195,1.279000044,33.55599976
2016/7/17 23:45,16.20899963,4.956999779,11.58399963,2.559000015,4.690999985,1.340000033,34.04800034
2016/7/18 0:00,14.53499985,3.951999903,10.16300011,2.061000109,4.568999767,1.340000033,35.02153077791692
2016/7/18 0:15,15.60599995,5.290999889,10.66100025,2.451999903,4.538000107,1.309999943,34.40000153
2016/7/18 0:30,15.3380003,4.822999954,10.9090004,2.451999903,4.507999897,1.340000033,34.54000092
2016/7/18 0:45,15.3380003,5.157000065,11.33600044,2.664999962,4.355999947,1.309999943,34.54000092
2016/7/18 1:00,15.8739996,5.157000065,11.37100029,2.772000074,4.355999947,1.309999943,33.9070015
2016/7/18 1:15,16.34300041,5.090000153,12.15299988,3.305000067,4.324999809,1.279000044,34.82745340787867
2016/7/18 1:30,14.60200024,4.956999779,10.27000046,2.806999922,4.721000195,1.462000012,34.68099976
2016/7/18 1:45,14.66899967,5.022999763,10.4829998,2.914000034,4.630000114,1.523000002,34.11800003
2016/7/18 2:00,15.13700008,4.152999878,10.09200001,2.167999983,4.447000027,1.401000023,33.55599976
2016/7/18 2:15,14.40100002,4.21999979,9.807999611,2.131999969,4.447000027,1.552999973,34.32899857
2016/7/18 2:30,13.12800026,3.88499999,9.097000122,1.457000017,4.355999947,1.340000033,34.91881271338493
2016/7/18 2:45,13.9989996,4.085999966,9.666000366,2.025000095,4.295000076,1.401000023,33.9070015
2016/7/18 3:00,14.46800041,4.21999979,9.593999863,2.131999969,4.324999809,1.462000012,34.8803934453404
2016/7/18 3:15,14.53499985,4.487999916,9.984999657,1.77699995,4.386000156,1.432000041,34.54000092
2016/7/18 3:30,13.9989996,4.287000179,9.522999763,2.025000095,4.386000156,1.462000012,34.12053649079465
2016/7/18 3:45,13.12800026,3.750999928,8.883999825,1.421000004,4.447000027,1.432000041,34.75099945
2016/7/18 4:00,12.18999958,3.282000065,7.923999786,0.888000011,4.172999859,1.340000033,34.9620018
2016/7/18 4:15,13.39599991,3.549999952,8.777000427,1.136999965,4.234000206,1.432000041,32.99300003
2016/7/18 4:30,14.06599998,3.684000015,9.168000221,1.77699995,4.386000156,1.340000033,32.576646844203694
2016/7/18 4:45,14.73600006,4.085999966,10.05599976,2.273999929,4.416999817,1.371000051,33.97800064
2016/7/18 5:00,12.79300022,2.746000051,8.244000435,0.958999991,4.416999817,1.371000051,34.8219986
2016/7/18 5:15,15.40499973,4.756000042,10.51799965,1.91900003,4.630000114,1.432000041,33.76699829
2016/7/18 5:30,15.73999977,4.68900013,10.9090004,2.630000114,4.903999805,1.371000051,34.54922256517264
2016/7/18 5:45,16.27599907,4.21999979,10.8739996,1.953999996,4.934000015,1.309999943,34.40000153
2016/7/18 6:00,13.19499969,2.947000027,8.635000229,1.031000018,4.751999855,1.401000023,34.62797948546153
2016/7/18 6:15,13.9989996,3.549999952,9.949999809,1.741000056,4.903999805,1.491999984,34.40000153
2016/7/18 6:30,16.27599907,5.357999802,11.12199974,2.523000002,4.842999935,1.491999984,35.49489904347297
2016/7/18 6:45,16.27599907,5.290999889,11.01599979,2.594000101,4.873000145,1.674999952,35.283923151357286
2016/7/18 7:00,13.59700012,4.152999878,8.635000229,1.279000044,4.903999805,1.674999952,37.17139800470811
2016/7/18 7:15,15.3380003,4.554999828,9.843000412,2.309999943,4.842999935,1.674999952,36.43999863
2016/7/18 7:30,15.3380003,5.223999977,10.3409996,2.167999983,5.026000023,1.735999942,36.69217664709713
2016/7/18 7:45,13.73099995,3.549999952,8.173000336,1.101999998,5.026000023,1.76699996,35.24399948
2016/7/18 8:00,9.913000107,2.545000076,7.710999966,1.207999945,2.588999987,1.126999974,34.664565486966566
2016/7/18 8:15,10.64999962,2.947000027,8.173000336,1.350000024,2.467000008,1.218000054,34.87882107413963
2016/7/18 8:30,10.38199997,2.812999964,7.782000065,1.136999965,2.315000057,1.097000003,36.324463740838354
2016/7/18 8:45,10.85099983,2.947000027,7.568999767,1.315000057,2.375999928,1.187999964,36.39102373154835
2016/7/18 9:00,8.104999542,1.942000031,6.111999989,0.603999972,2.375999928,1.309999943,36.08800125
2016/7/18 9:15,8.171999931,2.477999926,5.650000095,0.958999991,2.772000074,1.279000044,34.89199829
2016/7/18 9:30,9.444000244,3.08100009,6.147999763,1.63499999,2.650000095,1.552999973,36.4520629684039
2016/7/18 9:45,9.444000244,3.214999914,6.183000088,0.852999985,2.772000074,1.371000051,36.22900009
2016/7/18 10:00,8.975000381,2.880000114,6.43200016,0.852999985,2.772000074,1.279000044,36.67861232478116
2016/7/18 10:15,10.31499958,2.880000114,6.71600008,0.995000005,3.289999962,1.279000044,36.572208935016064
2016/7/18 10:30,10.44900036,1.875,6.751999855,0.782000005,3.107000113,1.218000054,36.29899979
2016/7/18 10:45,9.913000107,2.411000013,6.573999882,1.172999978,3.289999962,1.309999943,35.9469986
2016/7/18 11:00,9.31000042,3.08100009,6.43200016,1.031000018,3.229000092,1.279000044,37.16232996087737
2016/7/18 11:15,8.305999756,2.27699995,5.899000168,1.065999985,2.984999895,1.097000003,36.65100098
2016/7/18 11:30,8.640000343,2.545000076,5.401000023,0.711000025,2.618999958,1.126999974,37.174945011686326
2016/7/18 11:45,7.301000118,1.473999977,4.725999832,0.142000005,2.375999928,1.126999974,36.79100037
2016/7/18 12:00,7.636000156,1.674000025,5.046000004,0.284000009,2.437000036,1.036000013,36.09329993843938
2016/7/18 12:15,7.301000118,1.807999969,4.974999905,-0.071000002,2.315000057,1.187999964,36.93199921
2016/7/18 12:30,8.038000107,1.942000031,5.366000175,0.319999993,2.345000029,0.944000006,35.59600067
2016/7/18 12:45,7.971000195,1.741000056,5.68599987,0.284000009,2.345000029,0.944000006,36.89401811143169
2016/7/18 13:00,8.23900032,2.075999975,5.68599987,0.639999986,2.345000029,0.913999975,37.35400009
2016/7/18 13:15,8.572999954,1.674000025,5.862999916,0.852999985,2.375999928,1.004999995,36.50999832
2016/7/18 13:30,8.371999741,2.344000101,5.899000168,0.745999992,2.437000036,1.036000013,37.670402483554774
2016/7/18 13:45,8.840999603,2.27699995,6.538000107,0.745999992,2.375999928,1.004999995,38.22411805160103
2016/7/18 14:00,8.706999779,2.009000063,6.43200016,0.745999992,2.437000036,1.004999995,38.54999924
2016/7/18 14:15,8.774000168,2.411000013,6.147999763,0.782000005,2.467000008,1.036000013,39.49874583232502
2016/7/18 14:30,7.836999893,2.545000076,5.614999771,0.711000025,2.772000074,1.097000003,38.54999924
2016/7/18 14:45,8.640000343,1.807999969,5.828000069,0.603999972,2.710999966,1.218000054,37.14300156
2016/7/18 15:00,7.903999805,2.27699995,5.436999798,0.675000012,2.832999945,1.126999974,38.05799866
2016/7/18 15:15,8.43900013,2.210000038,5.614999771,0.569000006,2.588999987,1.065999985,39.08011464174272
2016/7/18 15:30,8.171999931,1.741000056,5.401000023,0.284000009,2.894000053,1.097000003,38.3390007
2016/7/18 15:45,8.305999756,1.807999969,5.650000095,0.497000009,2.832999945,1.126999974,35.9469986
2016/7/18 16:00,8.43900013,1.741000056,5.578999996,0.462000012,2.802000046,1.156999946,35.8594299236785
2016/7/18 16:15,8.572999954,2.411000013,5.756999969,0.569000006,3.046000004,1.156999946,34.89199829
2016/7/18 16:30,8.774000168,2.27699995,5.721000195,0.711000025,2.984999895,1.309999943,35.433331596141876
2016/7/18 16:45,8.706999779,1.942000031,5.791999817,0.639999986,3.075999975,1.309999943,35.24399948
2016/7/18 17:00,8.505999565,2.075999975,5.472000122,0.497000009,3.015000105,1.309999943,35.66600037
2016/7/18 17:15,8.572999954,1.942000031,5.366000175,0.354999989,2.924000025,1.156999946,34.47000122
2016/7/18 17:30,8.43900013,1.60800004,5.366000175,0.248999998,2.984999895,1.065999985,35.10300064
2016/7/18 17:45,8.706999779,2.009000063,5.650000095,0.391000003,3.046000004,1.187999964,33.8370018
2016/7/18 18:00,8.371999741,1.942000031,5.543000221,0.391000003,3.289999962,1.340000033,33.6341548975789
2016/7/18 18:15,8.371999741,2.009000063,5.258999825,0.425999999,3.015000105,1.248999953,33.978744943139446
2016/7/18 18:30,8.23900032,1.807999969,5.258999825,0.284000009,2.954999924,1.218000054,33.955656443805786
2016/7/18 18:45,8.038000107,1.674000025,5.117000103,0.284000009,2.894000053,1.036000013,34.18469726910534
2016/7/18 19:00,8.171999931,1.741000056,5.329999924,0.319999993,2.832999945,1.036000013,33.62599945
2016/7/18 19:15,8.371999741,1.674000025,5.543000221,0.319999993,2.954999924,1.036000013,34.225037481834946
2016/7/18 19:30,8.975000381,1.807999969,5.828000069,0.391000003,3.167999983,1.097000003,34.04800034
2016/7/18 19:45,9.578000069,1.875,6.218999863,0.425999999,3.441999912,1.036000013,34.39101607864451
2016/7/18 20:00,10.51599979,2.075999975,6.822999954,0.497000009,3.686000109,1.126999974,35.76835189303857
2016/7/18 20:15,10.71700001,2.210000038,6.787000179,0.425999999,3.838000059,1.126999974,34.916880140693614
2016/7/18 20:30,10.44900036,2.142999887,6.822999954,0.425999999,3.746000051,1.126999974,34.04800034
2016/7/18 20:45,10.51599979,2.075999975,6.644999981,0.425999999,3.838000059,1.126999974,34.762906252093934
2016/7/18 21:00,11.45400047,1.674000025,8.065999985,0.178000003,3.563999891,1.156999946,34.050551634111834
2016/7/18 21:15,11.72099972,2.344000101,8.421999931,0.248999998,3.471999884,1.218000054,33.13299942
2016/7/18 21:30,11.85499954,2.947000027,9.204000473,1.56400001,3.319999933,1.097000003,34.04800034
2016/7/18 21:45,12.05599976,2.344000101,9.31000042,1.101999998,3.046000004,0.975000024,35.13815046432725
2016/7/18 22:00,12.45800018,3.415999889,9.949999809,1.77699995,2.862999916,0.883000016,33.9070015
2016/7/18 22:15,13.59700012,3.617000103,10.30500031,1.598999977,2.802000046,0.852999985,33.62599945
2016/7/18 22:30,12.72599983,3.415999889,9.807999611,1.812000036,2.710999966,0.913999975,33.76699829
2016/7/18 22:45,13.4630003,3.750999928,10.9090004,2.523000002,2.559000015,0.944000006,33.06299973
2016/7/18 23:00,12.05599976,3.348999977,10.05599976,1.77699995,2.437000036,0.883000016,34.14003444586963
2016/7/18 23:15,14.80300045,5.223999977,12.61499977,3.660000086,2.528000116,0.913999975,34.22920675116063
2016/7/18 23:30,14.60200024,4.622000217,12.33100033,2.984999895,2.497999907,0.913999975,34.04620981073649
2016/7/18 23:45,12.45800018,3.684000015,10.09200001,2.203000069,2.437000036,0.944000006,33.918047852202804
2016/7/19 0:00,13.59700012,4.085999966,11.37100029,2.486999989,2.315000057,0.852999985,33.76699829
2016/7/19 0:15,14.2670002,4.756000042,12.04599953,2.984999895,2.071000099,0.700999975,34.49170878394263
2016/7/19 0:30,13.19499969,4.487999916,11.12199974,3.019999981,1.91900003,0.639999986,34.72286518825992
2016/7/19 0:45,12.18999958,3.48300004,9.949999809,2.239000082,1.888000011,0.639999986,33.69599915
2016/7/19 1:00,13.79800034,4.085999966,11.30000019,3.163000107,1.827999949,0.670000017,34.203893213947325
2016/7/19 1:15,12.39099979,4.287000179,10.94499969,3.055999994,1.76699996,0.639999986,32.99300003
2016/7/19 1:30,11.52099991,3.282000065,9.559000015,2.486999989,1.76699996,0.639999986,33.06299973
2016/7/19 1:45,13.73099995,4.68900013,11.79800034,3.375999928,1.85800004,0.700999975,34.01862499418887
2016/7/19 2:00,12.72599983,4.354000092,10.8380003,2.486999989,1.827999949,0.670000017,33.87887176127148
2016/7/19 2:15,12.79300022,4.354000092,10.8380003,2.842999935,1.735999942,0.700999975,33.97800064
2016/7/19 2:30,13.06099987,4.019000053,11.22900009,2.948999882,1.76699996,0.670000017,34.328998569999996
2016/7/19 2:45,11.72099972,3.617000103,9.737000465,2.061000109,1.76699996,0.731000006,34.18899918
2016/7/19 3:00,11.38700008,3.214999914,9.593999863,2.381000042,1.70599997,0.731000006,33.13299942
2016/7/19 3:15,10.71700001,3.013999939,9.131999969,2.273999929,1.70599997,0.670000017,33.54135500651449
2016/7/19 3:30,11.45400047,3.282000065,9.274999619,1.91900003,1.70599997,0.700999975,32.64099884
2016/7/19 3:45,12.39099979,3.617000103,9.31000042,1.91900003,1.70599997,0.700999975,32.57636007033736
2016/7/19 4:00,12.52499962,4.152999878,10.5539999,2.203000069,1.70599997,1.004999995,33.15579581538768
2016/7/19 4:15,10.91800022,3.348999977,9.23900032,1.812000036,1.76699996,0.731000006,32.36000061
2016/7/19 4:30,11.31999969,3.617000103,9.701000214,2.273999929,1.76699996,0.731000006,31.93799973
2016/7/19 4:45,11.31999969,3.415999889,9.559000015,1.883000016,1.797000051,0.700999975,31.65600014
2016/7/19 5:00,12.05599976,3.08100009,10.23400021,1.812000036,1.888000011,0.731000006,31.940209975402915
2016/7/19 5:15,11.11900043,2.477999926,8.56400013,0.425999999,2.101999998,0.760999978,32.215589858115614
2016/7/19 5:30,11.38700008,2.075999975,9.522999763,0.995000005,2.375999928,0.822000027,32.71099854
2016/7/19 5:45,11.78800011,2.880000114,8.812999725,1.065999985,2.345000029,0.913999975,32.14899826
2016/7/19 6:00,10.7840004,2.545000076,8.777000427,1.065999985,2.253999949,0.913999975,33.69787138549269
2016/7/19 6:15,10.44900036,2.210000038,8.350999832,1.172999978,2.315000057,0.913999975,34.37173253789437
2016/7/19 6:30,11.5880003,3.48300004,8.635000229,1.207999945,2.315000057,1.004999995,34.11800003
2016/7/19 6:45,9.979999542,2.210000038,7.604000092,0.745999992,2.28399992,1.004999995,33.27407968413424
2016/7/19 7:00,8.572999954,2.075999975,6.147999763,0.284000009,2.315000057,1.065999985,32.4066176333986
2016/7/19 7:15,9.175999641,2.009000063,6.183000088,0.071000002,2.772000074,1.156999946,32.07799911
2016/7/19 7:30,9.175999641,2.344000101,6.040999889,0.816999972,2.650000095,1.097000003,31.72599983
2016/7/19 7:45,7.501999855,1.60800004,4.868000031,0.354999989,2.375999928,1.065999985,31.514999389999996
2016/7/19 8:00,8.706999779,2.545000076,5.578999996,1.56400001,2.618999958,1.126999974,32.10553700236901
2016/7/19 8:15,9.645000458,3.08100009,6.928999901,1.56400001,2.862999916,1.309999943,33.02356104331423
2016/7/19 8:30,9.109000206,3.348999977,6.787000179,1.70599997,3.107000113,1.309999943,33.55599976
2016/7/19 8:45,9.779000282,3.348999977,7.143000126,1.457000017,3.015000105,1.371000051,33.8353123912775
2016/7/19 9:00,9.645000458,2.678999901,6.894000053,0.888000011,2.559000015,1.309999943,33.052231041434034
2016/7/19 9:15,8.975000381,2.746000051,6.218999863,0.782000005,2.650000095,1.156999946,32.87583958271319
2016/7/19 9:30,9.175999641,2.210000038,6.076000214,0.852999985,2.588999987,1.218000054,32.85200119
2016/7/19 9:45,9.645000458,2.746000051,6.787000179,1.172999978,2.740999937,1.156999946,32.3576845139768
2016/7/19 10:00,9.645000458,2.477999926,6.751999855,0.782000005,3.107000113,1.036000013,32.53318337130856
2016/7/19 10:15,10.98499966,2.880000114,7.320000172,1.136999965,3.441999912,1.156999946,32.462010081633366
2016/7/19 10:30,10.18099976,2.746000051,7.214000225,1.136999965,3.167999983,0.944000006,32.42183489529548
2016/7/19 10:45,10.04699993,2.477999926,6.787000179,0.852999985,3.349999905,1.187999964,28.350000380000004
2016/7/19 11:00,9.51099968,2.545000076,6.183000088,0.782000005,3.259000063,1.126999974,27.50600052
2016/7/19 11:15,8.706999779,2.210000038,6.218999863,0.782000005,3.075999975,0.944000006,27.50600052
2016/7/19 11:30,8.23900032,1.674000025,5.366000175,0.497000009,2.559000015,1.126999974,27.79006640267637
2016/7/19 11:45,7.501999855,1.942000031,5.117000103,0.071000002,2.618999958,1.097000003,28.081887251041415
2016/7/19 12:00,7.703000069,1.807999969,4.903999805,0.354999989,2.253999949,0.852999985,29.26399994
2016/7/19 12:15,7.836999893,1.807999969,5.223999977,0.391000003,2.315000057,0.883000016,28.490999219999996
2016/7/19 12:30,7.836999893,1.875,4.903999805,0.425999999,2.345000029,1.218000054,28.9829998
2016/7/19 12:45,7.301000118,1.807999969,5.295000076,0.391000003,2.375999928,0.913999975,30.31999969
2016/7/19 13:00,7.903999805,1.741000056,5.223999977,0.425999999,2.223999977,0.852999985,31.725258354217033
2016/7/19 13:15,7.368000031,2.210000038,5.366000175,0.391000003,2.223999977,0.883000016,31.89276332356618
2016/7/19 13:30,7.903999805,1.60800004,5.046000004,0.391000003,1.980000019,0.852999985,31.867000579999996
2016/7/19 13:45,7.836999893,2.075999975,5.223999977,0.213,2.00999999,0.883000016,32.322009078312995
2016/7/19 14:00,7.501999855,1.473999977,5.791999817,0.711000025,2.040999889,0.852999985,31.51499939
2016/7/19 14:15,7.568999767,2.009000063,5.295000076,0.958999991,2.131999969,0.913999975,31.58600044
2016/7/19 14:30,8.706999779,1.942000031,6.751999855,0.958999991,2.071000099,0.852999985,32.84499706505781
2016/7/19 14:45,9.578000069,2.545000076,6.857999802,1.172999978,2.040999889,0.913999975,32.278735637064216
2016/7/19 15:00,9.578000069,2.746000051,6.894000053,0.995000005,1.980000019,0.913999975,32.2675018738493
2016/7/19 15:15,8.774000168,1.807999969,6.71600008,0.532999992,2.345000029,1.156999946,31.16399956
2016/7/19 15:30,8.907999992,2.880000114,6.502999783,1.136999965,2.28399992,1.097000003,31.65600014
2016/7/19 15:45,8.104999542,2.812999964,5.614999771,0.924000025,2.588999987,1.218000054,31.65600014
2016/7/19 16:00,7.903999805,2.075999975,5.507999897,0.852999985,2.740999937,1.279000044,32.65788069999599
2016/7/19 16:15,8.038000107,2.009000063,5.366000175,0.675000012,2.984999895,1.218000054,33.48500061
2016/7/19 16:30,8.43900013,2.411000013,5.650000095,0.745999992,2.832999945,1.218000054,35.60412678573563
2016/7/19 16:45,8.305999756,2.075999975,5.543000221,0.497000009,2.984999895,1.126999974,34.54000092
2016/7/19 17:00,8.371999741,1.875,5.472000122,0.391000003,2.924000025,1.218000054,34.00993712806529
2016/7/19 17:15,8.572999954,1.875,5.436999798,0.497000009,2.832999945,1.279000044,34.397244223972706
2016/7/19 17:30,8.774000168,1.807999969,5.721000195,0.462000012,2.954999924,1.279000044,34.45143693689555
2016/7/19 17:45,8.43900013,1.807999969,5.436999798,0.319999993,2.894000053,1.248999953,34.541375337339055
2016/7/19 18:00,7.836999893,1.674000025,4.974999905,0.178000003,2.710999966,1.065999985,34.587504652705036
2016/7/19 18:15,7.434999943,1.541000009,4.762000084,0.107000001,2.832999945,1.187999964,33.97402696950613
2016/7/19 18:30,7.368000031,1.406999946,4.690999985,0.071000002,2.772000074,1.248999953,33.62599945
2016/7/19 18:45,7.501999855,1.406999946,4.833000183,0.248999998,2.618999958,1.004999995,33.41500092
2016/7/19 19:00,7.636000156,1.541000009,5.081999779,0.213,2.618999958,1.065999985,33.69599915
2016/7/19 19:15,7.836999893,1.406999946,5.010000229,0.035999998,2.894000053,1.065999985,33.781858196854145
2016/7/19 19:30,8.706999779,1.541000009,5.507999897,0.107000001,3.167999983,1.156999946,33.62599945
2016/7/19 19:45,9.175999641,1.674000025,5.934000015,0.142000005,3.289999962,1.097000003,33.55599976
2016/7/19 20:00,9.645000458,1.541000009,6.361000061,0.462000012,3.319999933,1.065999985,33.55526429914575
2016/7/19 20:15,9.51099968,1.674000025,6.218999863,0.248999998,3.319999933,1.065999985,34.04189095379475
2016/7/19 20:30,9.51099968,1.674000025,6.289999962,0.284000009,3.229000092,1.036000013,33.13299942
2016/7/19 20:45,9.175999641,1.807999969,5.934000015,0.0,3.107000113,1.036000013,33.52059774333132
2016/7/19 21:00,9.578000069,1.875,6.183000088,0.284000009,3.015000105,1.036000013,32.84869796547253
2016/7/19 21:15,9.444000244,1.807999969,5.934000015,0.0,2.894000053,0.913999975,33.30905999181489
2016/7/19 21:30,8.43900013,1.473999977,5.862999916,0.603999972,2.740999937,0.883000016,33.07865844620351
2016/7/19 21:45,9.175999641,1.942000031,6.538000107,0.603999972,2.588999987,0.852999985,32.28900146
2016/7/19 22:00,8.43900013,1.807999969,5.934000015,0.745999992,2.345000029,0.731000006,32.64099884
2016/7/19 22:15,9.979999542,1.674000025,7.106999874,1.065999985,2.28399992,0.731000006,32.64099884
2016/7/19 22:30,9.51099968,2.344000101,6.610000134,0.675000012,2.253999949,0.731000006,32.418960502274274
2016/7/19 22:45,8.171999931,2.210000038,5.828000069,0.675000012,2.253999949,0.700999975,32.79374417976619
2016/7/19 23:00,10.64999962,2.411000013,8.065999985,1.279000044,2.163000107,0.700999975,32.43000031
2016/7/19 23:15,13.93200016,4.019000053,9.131999969,1.598999977,4.568999767,1.340000033,32.03463869342047
2016/7/19 23:30,13.73099995,3.415999889,8.635000229,1.91900003,4.477000237,1.401000023,32.48509868133108
2016/7/19 23:45,13.59700012,3.88499999,8.350999832,1.669999957,4.598999977,1.279000044,32.04760913294748
2016/7/20 0:00,13.52999973,4.019000053,8.208999634,1.56400001,4.568999767,1.401000023,32.615830936078545
2016/7/20 0:15,13.66399956,3.617000103,8.706000328,1.279000044,4.568999767,1.432000041,32.25613345524071
2016/7/20 0:30,12.6590004,3.282000065,7.853000164,1.101999998,4.477000237,1.309999943,31.797000889999996
2016/7/20 0:45,12.45800018,2.678999901,7.960000038,1.279000044,4.355999947,1.309999943,31.54877940077187
2016/7/20 1:00,13.32900047,3.48300004,8.847999573,1.63499999,4.295000076,1.371000051,31.656000140000003
2016/7/20 1:15,12.05599976,2.880000114,7.747000217,1.136999965,4.295000076,1.340000033,31.233999250000004
2016/7/20 1:30,12.32400036,3.348999977,8.137999535,1.172999978,4.172999859,1.279000044,31.514999390000003
2016/7/20 1:45,12.25699997,2.880000114,8.244000435,1.207999945,4.172999859,1.309999943,31.653809798505446
2016/7/20 2:00,12.25699997,2.947000027,7.960000038,1.598999977,4.234000206,1.279000044,31.776912869886612
2016/7/20 2:15,12.12300014,3.214999914,8.38599968,1.315000057,4.203000069,1.279000044,31.304000849999998
2016/7/20 2:30,12.59200001,3.684000015,8.137999535,1.031000018,4.172999859,1.309999943,31.53146647411449
2016/7/20 2:45,11.11900043,2.947000027,7.249000072,1.172999978,4.172999859,1.309999943,31.304000849999998
2016/7/20 3:00,11.18599987,3.214999914,7.214000225,1.243999958,4.142000198,1.279000044,32.2959318687632
2016/7/20 3:15,10.98499966,3.148000002,6.787000179,1.207999945,4.142000198,1.309999943,31.586000439999996
2016/7/20 3:30,10.11400032,2.075999975,6.254000187,0.639999986,4.203000069,1.279000044,31.867000580000003
2016/7/20 3:45,11.72099972,3.08100009,7.390999794,1.315000057,4.142000198,1.309999943,32.219001770000006
2016/7/20 4:00,11.78800011,1.942000031,7.0,0.816999972,4.203000069,1.309999943,33.01307541044638
2016/7/20 4:15,11.92199993,3.214999914,7.355999947,0.995000005,4.295000076,1.371000051,32.39509614817711
2016/7/20 4:30,11.05200005,2.678999901,6.502999783,0.532999992,4.324999809,1.340000033,31.444999689999996
2016/7/20 4:45,11.72099972,2.611999989,7.106999874,0.497000009,4.324999809,1.371000051,32.54778087126682
2016/7/20 5:00,12.25699997,2.411000013,7.177999973,0.816999972,4.447000027,1.371000051,31.797000889999996
2016/7/20 5:15,11.98900032,2.344000101,7.461999893,0.782000005,4.598999977,1.309999943,32.43000031
2016/7/20 5:30,11.45400047,2.812999964,6.857999802,0.107000001,4.782000065,1.401000023,32.64099884
2016/7/20 5:45,13.19499969,3.214999914,7.710999966,0.462000012,4.903999805,1.523000002,32.57099915
2016/7/20 6:00,13.12800026,3.415999889,8.031000137,1.065999985,4.903999805,1.491999984,33.400460378944075
2016/7/20 6:15,12.39099979,3.08100009,6.71600008,0.107000001,4.903999805,1.644999981,32.90722651004374
2016/7/20 6:30,11.5880003,2.477999926,6.183000088,0.178000003,4.873000145,1.674999952,32.92200089
2016/7/20 6:45,10.98499966,2.344000101,6.43200016,0.107000001,4.903999805,1.735999942,33.376101850401035
2016/7/20 7:00,11.11900043,2.880000114,6.218999863,0.248999998,5.026000023,1.644999981,35.261926011780524
2016/7/20 7:15,11.45400047,3.148000002,6.681000233,0.603999972,5.056000233,1.644999981,35.85945511090932
2016/7/20 7:30,11.65499973,2.746000051,6.71600008,0.924000025,4.994999886,1.674999952,35.39952102896608
2016/7/20 7:45,12.25699997,3.684000015,7.106999874,1.136999965,4.903999805,1.70599997,34.54000092
2016/7/20 8:00,8.038000107,2.142999887,5.791999817,0.995000005,2.618999958,1.097000003,35.01510129618133
2016/7/20 8:15,9.041999817,2.142999887,6.361000061,0.782000005,2.375999928,1.187999964,34.57572644730679
2016/7/20 8:30,8.104999542,2.210000038,5.756999969,0.745999992,2.680000067,1.156999946,35.66600037
2016/7/20 8:45,9.109000206,2.411000013,6.218999863,1.279000044,2.710999966,1.156999946,36.60141684580795
2016/7/20 9:00,8.706999779,3.08100009,6.254000187,1.279000044,2.802000046,1.248999953,36.93199921
2016/7/20 9:15,8.975000381,2.477999926,6.289999962,0.816999972,2.650000095,1.036000013,35.66600037
2016/7/20 9:30,8.774000168,3.08100009,6.395999908,1.421000004,2.832999945,1.309999943,35.10300064
2016/7/20 9:45,9.779000282,2.678999901,6.43200016,0.888000011,2.772000074,1.004999995,33.9070015
2016/7/20 10:00,10.38199997,2.812999964,7.071000099,1.243999958,2.710999966,1.156999946,33.48500061
2016/7/20 10:15,10.31499958,2.545000076,7.320000172,0.782000005,3.381000042,1.156999946,33.97800064
2016/7/20 10:30,10.24800014,3.013999939,7.249000072,0.745999992,3.503000021,1.156999946,34.042277212403484
2016/7/20 10:45,10.44900036,2.611999989,7.106999874,0.711000025,3.229000092,1.097000003,33.48500061
2016/7/20 11:00,10.18099976,2.880000114,6.894000053,1.136999965,3.503000021,1.097000003,33.95995121283125
2016/7/20 11:15,9.913000107,2.947000027,6.681000233,1.207999945,3.289999962,1.279000044,34.19729338987795
2016/7/20 11:30,8.774000168,1.875,5.899000168,0.816999972,2.924000025,1.065999985,32.85200119
2016/7/20 11:45,7.903999805,1.942000031,6.111999989,0.319999993,2.924000025,1.097000003,33.13299942
2016/7/20 12:00,8.038000107,1.942000031,5.650000095,0.391000003,2.528000116,0.944000006,33.46745839544701
2016/7/20 12:15,8.907999992,2.009000063,5.578999996,0.425999999,2.467000008,0.975000024,32.28900146
2016/7/20 12:30,8.43900013,1.541000009,5.650000095,0.319999993,2.618999958,1.036000013,34.60018607297214
2016/7/20 12:45,9.175999641,2.27699995,5.828000069,0.425999999,2.740999937,1.065999985,33.41500092
2016/7/20 13:00,8.706999779,2.210000038,5.96999979,0.213,2.802000046,1.065999985,33.27399826
2016/7/20 13:15,9.109000206,2.210000038,6.183000088,0.995000005,2.710999966,1.309999943,33.41500092
2016/7/20 13:30,9.645000458,1.60800004,6.218999863,0.745999992,2.740999937,1.097000003,34.0104232616822
2016/7/20 13:45,9.376999855,2.477999926,6.573999882,0.816999972,2.710999966,1.065999985,35.45500183
2016/7/20 14:00,9.376999855,2.210000038,6.71600008,1.065999985,2.680000067,1.187999964,35.928764490564994
2016/7/20 14:15,9.578000069,2.477999926,6.502999783,0.888000011,2.984999895,1.401000023,35.3218430275267
2016/7/20 14:30,8.706999779,2.009000063,6.076000214,0.497000009,2.802000046,1.248999953,34.8948178938449
2016/7/20 14:45,8.774000168,2.142999887,6.005000114,0.852999985,2.832999945,1.097000003,35.73600006
2016/7/20 15:00,9.376999855,2.545000076,6.395999908,0.711000025,2.710999966,1.279000044,35.461286945550576
2016/7/20 15:15,8.840999603,2.009000063,6.040999889,0.603999972,2.650000095,1.218000054,35.52500153
2016/7/20 15:30,8.706999779,1.807999969,6.005000114,0.213,2.710999966,1.279000044,35.31399918
2016/7/20 15:45,8.371999741,2.344000101,5.366000175,0.711000025,2.924000025,1.279000044,35.24399948
2016/7/20 16:00,8.505999565,2.075999975,5.791999817,0.675000012,2.650000095,1.279000044,36.00366598909213
2016/7/20 16:15,8.640000343,2.678999901,5.862999916,0.711000025,2.650000095,1.248999953,36.187101824516844
2016/7/20 16:30,8.371999741,2.075999975,5.721000195,0.675000012,2.710999966,1.218000054,34.8219986
2016/7/20 16:45,8.706999779,3.013999939,5.862999916,0.711000025,3.075999975,1.523000002,34.29400450817623
2016/7/20 17:00,8.975000381,2.142999887,5.899000168,0.639999986,2.984999895,1.126999974,33.69599915
2016/7/20 17:15,8.774000168,1.741000056,5.543000221,0.319999993,3.015000105,1.340000033,35.28412656735561
2016/7/20 17:30,8.774000168,1.875,5.828000069,0.354999989,2.984999895,1.218000054,34.40000153
2016/7/20 17:45,8.640000343,1.674000025,5.472000122,0.213,3.015000105,1.248999953,35.36387004646074
2016/7/20 18:00,9.041999817,1.807999969,5.721000195,0.284000009,2.862999916,1.156999946,34.40000153
2016/7/20 18:15,8.640000343,1.807999969,5.721000195,0.319999993,2.954999924,1.126999974,34.32899857
2016/7/20 18:30,8.23900032,2.142999887,5.436999798,0.425999999,2.894000053,1.126999974,35.62328503920506
2016/7/20 18:45,9.243000031,2.344000101,5.96999979,0.532999992,2.984999895,1.097000003,36.22900009
2016/7/20 19:00,8.505999565,2.210000038,5.578999996,0.497000009,3.046000004,1.065999985,37.630194655328125
2016/7/20 19:15,9.175999641,1.674000025,5.862999916,0.248999998,3.259000063,1.097000003,36.400621137701904
2016/7/20 19:30,9.779000282,1.807999969,5.96999979,0.462000012,3.563999891,1.126999974,36.09333239108454
2016/7/20 19:45,10.91800022,2.142999887,6.822999954,0.354999989,3.960000038,1.187999964,35.59600067
2016/7/20 20:00,11.98900032,2.27699995,7.498000145,0.354999989,4.507999897,1.248999953,36.38172877964604
2016/7/20 20:15,12.59200001,2.210000038,7.994999886,0.354999989,4.598999977,1.279000044,35.17399979
2016/7/20 20:30,12.18999958,2.009000063,7.994999886,0.391000003,4.355999947,1.126999974,35.9469986
2016/7/20 20:45,12.32400036,2.344000101,7.81799984,0.745999992,4.324999809,1.036000013,35.80699921
2016/7/20 21:00,11.98900032,1.875,7.923999786,-0.142000005,4.172999859,1.097000003,35.836955906566935
2016/7/20 21:15,13.59700012,3.282000065,10.05599976,1.315000057,4.020999908,1.065999985,36.21657976247137
2016/7/20 21:30,13.59700012,2.812999964,9.772000313,1.172999978,3.806999922,1.036000013,35.45500183
2016/7/20 21:45,13.73099995,2.947000027,10.27000046,1.207999945,3.594000101,1.097000003,35.740522551284215
2016/7/20 22:00,15.27099991,4.085999966,11.19400024,2.203000069,3.625,1.036000013,34.7144062520738
2016/7/20 22:15,15.67300034,4.085999966,11.33600044,2.203000069,3.563999891,0.975000024,35.59928049060978
2016/7/20 22:30,14.93700027,4.421000004,11.40699959,2.523000002,3.411000013,1.004999995,36.08800125
2016/7/20 22:45,14.19999981,3.617000103,11.15799999,1.953999996,3.137000084,1.004999995,36.008512879837255
2016/7/20 23:00,14.93700027,4.085999966,10.9090004,2.345000029,3.046000004,1.156999946,36.089457556636106
2016/7/20 23:15,16.20899963,4.68900013,13.36100006,2.664999962,3.075999975,1.036000013,35.66600037
2016/7/20 23:30,15.3380003,5.357999802,13.04100037,3.730999947,2.924000025,1.218000054,34.95345501673655
2016/7/20 23:45,16.6779995,5.090000153,14.14299965,3.447000027,2.802000046,1.097000003,35.17259640796217
2016/7/21 0:00,15.20400047,4.622000217,12.04599953,2.700999975,2.802000046,0.975000024,34.89199829
2016/7/21 0:15,16.20899963,5.223999977,13.71700001,3.269000053,2.680000067,0.852999985,34.76581892374126
2016/7/21 0:30,15.67300034,4.822999954,13.18299961,3.233999968,2.680000067,0.975000024,34.75099945
2016/7/21 0:45,16.1420002,4.421000004,13.60999966,3.197999954,2.528000116,0.913999975,34.32899857
2016/7/21 1:00,16.94599915,5.357999802,14.67599964,4.122000217,2.588999987,0.913999975,35.491687390726035
2016/7/21 1:15,16.20899963,5.492000103,13.71700001,3.588999987,2.467000008,0.944000006,35.31399918
2016/7/21 1:30,16.47699928,5.69299984,14.14299965,4.014999866,2.437000036,0.913999975,35.507722442686386
2016/7/21 1:45,15.73999977,5.492000103,13.43200016,3.76699996,2.193000078,0.822000027,35.10300064
2016/7/21 2:00,15.20400047,4.889999866,12.79300022,3.163000107,2.163000107,0.883000016,35.31399918
2016/7/21 2:15,15.73999977,5.625999928,13.25500011,3.660000086,2.315000057,0.852999985,35.66600037
2016/7/21 2:30,15.3380003,5.492000103,13.32600021,3.588999987,2.315000057,0.883000016,35.10300064
2016/7/21 2:45,15.00399971,4.085999966,12.29500008,2.664999962,2.223999977,0.852999985,35.45500183
2016/7/21 3:00,13.93200016,5.090000153,11.90400028,3.197999954,2.131999969,0.883000016,36.31793870644456
2016/7/21 3:15,13.93200016,4.287000179,11.65499973,2.061000109,2.101999998,0.883000016,36.22900009
2016/7/21 3:30,14.19999981,4.554999828,12.18900013,2.842999935,2.071000099,0.822000027,36.02149964189272
2016/7/21 3:45,14.19999981,4.152999878,12.15299988,2.309999943,2.071000099,0.822000027,36.62516389330642
2016/7/21 4:00,13.73099995,4.085999966,11.05099964,2.273999929,2.040999889,0.822000027,35.59863456032153
2016/7/21 4:15,13.73099995,4.019000053,11.33600044,2.630000114,2.193000078,0.913999975,35.31774397186868
2016/7/21 4:30,13.79800034,4.019000053,11.76200008,2.273999929,2.223999977,0.883000016,35.304765805126934
2016/7/21 4:45,13.4630003,4.152999878,11.30000019,2.381000042,2.131999969,0.822000027,34.981935103511795
2016/7/21 5:00,13.52999973,3.148000002,11.37100029,1.669999957,2.193000078,0.822000027,34.47000122
2016/7/21 5:15,15.60599995,4.487999916,12.43700027,2.736000061,2.315000057,0.852999985,34.04800034
2016/7/21 5:30,14.66899967,3.88499999,12.43700027,2.025000095,2.467000008,0.852999985,35.517406327321176
2016/7/21 5:45,15.13700008,4.152999878,12.26000023,1.953999996,2.528000116,0.852999985,34.72178043867862
2016/7/21 6:00,14.19999981,3.88499999,11.76200008,1.91900003,2.437000036,0.883000016,34.92881267155279
2016/7/21 6:15,12.32400036,2.678999901,9.737000465,1.279000044,2.497999907,0.913999975,36.123234884686006
2016/7/21 6:30,13.66399956,4.152999878,11.15799999,1.84800005,2.559000015,0.975000024,36.79100037
2016/7/21 6:45,14.06599998,4.68900013,11.58399963,2.700999975,2.497999907,1.004999995,36.11959662624714
2016/7/21 7:00,13.79800034,4.21999979,11.37100029,1.883000016,2.559000015,1.097000003,37.870086141977204
2016/7/21 7:15,13.06099987,3.818000078,10.73200035,2.167999983,2.772000074,1.218000054,38.19800186
2016/7/21 7:30,13.4630003,4.152999878,10.73200035,2.486999989,2.618999958,1.340000033,38.90200043
2016/7/21 7:45,13.06099987,4.487999916,9.913999557,2.273999929,2.984999895,1.218000054,39.81600189
2016/7/21 8:00,13.93200016,4.554999828,10.97999954,2.984999895,2.954999924,1.248999953,40.94200134
2016/7/21 8:15,12.99400043,4.487999916,9.451999664,1.883000016,3.381000042,1.371000051,40.87200165
2016/7/21 8:30,12.05599976,3.549999952,9.131999969,2.025000095,3.137000084,1.462000012,41.519182128159734
2016/7/21 8:45,12.25699997,4.019000053,9.31000042,2.273999929,2.772000074,1.187999964,39.11299896
2016/7/21 9:00,12.92700005,4.554999828,9.593999863,2.167999983,2.772000074,1.279000044,38.76100159
2016/7/21 9:15,11.52099991,3.88499999,7.710999966,1.421000004,3.229000092,1.462000012,37.207009034625834
2016/7/21 9:30,10.44900036,2.611999989,7.106999874,0.958999991,3.289999962,1.401000023,36.15800095
2016/7/21 9:45,10.51599979,3.415999889,7.639999866,1.63499999,3.259000063,1.218000054,35.24399948
2016/7/21 10:00,10.91800022,3.617000103,7.427000046,1.812000036,3.349999905,1.340000033,36.08345387918508
2016/7/21 10:15,11.65499973,3.348999977,8.137999535,1.741000056,3.654999971,1.401000023,35.41306883027582
2016/7/21 10:30,11.78800011,3.08100009,7.994999886,0.958999991,3.71600008,1.156999946,34.9620018
2016/7/21 10:45,11.52099991,3.549999952,7.390999794,0.852999985,3.563999891,1.248999953,34.17211137696475
2016/7/21 11:00,11.52099991,3.348999977,8.031000137,1.491999984,3.319999933,1.248999953,33.06299973
2016/7/21 11:15,10.71700001,3.148000002,6.857999802,0.958999991,3.259000063,1.218000054,32.85200119
2016/7/21 11:30,9.243000031,1.942000031,6.71600008,0.816999972,3.075999975,1.126999974,32.99300003
2016/7/21 11:45,9.31000042,2.27699995,6.502999783,0.603999972,2.710999966,1.004999995,33.13299942
2016/7/21 12:00,9.376999855,2.477999926,5.899000168,0.142000005,2.862999916,1.004999995,32.28900146
2016/7/21 12:15,9.645000458,2.477999926,6.147999763,0.391000003,2.832999945,1.004999995,33.06299973
2016/7/21 12:30,9.175999641,2.210000038,6.218999863,0.569000006,3.015000105,1.065999985,33.27399826
2016/7/21 12:45,10.18099976,2.411000013,7.177999973,0.745999992,3.046000004,1.065999985,33.69599915
2016/7/21 13:00,10.04699993,2.411000013,7.106999874,0.639999986,3.015000105,1.036000013,33.20399857
2016/7/21 13:15,9.845999718,2.411000013,6.361000061,0.178000003,3.075999975,1.065999985,33.34400177
2016/7/21 13:30,9.913000107,1.60800004,6.467000008,0.532999992,2.924000025,0.975000024,33.06299973
2016/7/21 13:45,9.243000031,2.009000063,6.822999954,0.852999985,2.862999916,0.975000024,33.06299973
2016/7/21 14:00,9.913000107,2.411000013,7.035999775,0.782000005,2.832999945,0.975000024,33.55599976
2016/7/21 14:15,8.975000381,2.411000013,6.218999863,0.639999986,2.924000025,0.975000024,35.24399948
2016/7/21 14:30,9.376999855,2.27699995,6.005000114,0.462000012,2.772000074,1.156999946,34.8219986
2016/7/21 14:45,9.711999893,1.674000025,6.111999989,0.284000009,2.832999945,1.097000003,34.89199829
2016/7/21 15:00,8.23900032,1.340000033,5.96999979,0.569000006,2.071000099,0.760999978,35.31399918
2016/7/21 15:15,8.907999992,2.075999975,6.289999962,0.639999986,1.91900003,0.852999985,36.08800125
2016/7/21 15:30,8.171999931,2.009000063,6.147999763,0.532999992,1.980000019,0.883000016,36.01800156
2016/7/21 15:45,8.23900032,2.009000063,5.96999979,0.569000006,2.253999949,1.156999946,37.00299835
2016/7/21 16:00,8.23900032,2.075999975,6.111999989,0.675000012,2.131999969,0.944000006,36.72100067
2016/7/21 16:15,8.23900032,2.075999975,6.005000114,0.675000012,2.193000078,1.036000013,35.66600037
2016/7/21 16:30,8.23900032,1.875,5.828000069,0.958999991,3.046000004,1.248999953,34.54000092
2016/7/21 16:45,9.51099968,2.142999887,6.324999809,1.031000018,3.349999905,1.279000044,34.8219986
2016/7/21 17:00,9.376999855,2.210000038,6.218999863,0.603999972,3.349999905,1.401000023,36.86199951
2016/7/21 17:15,9.376999855,2.27699995,6.040999889,0.532999992,3.319999933,1.401000023,36.15800095
2016/7/21 17:30,9.444000244,2.27699995,6.040999889,0.497000009,3.441999912,1.371000051,35.9469986
2016/7/21 17:45,9.779000282,2.075999975,6.005000114,0.745999992,3.594000101,1.491999984,35.45500183
2016/7/21 18:00,9.444000244,2.880000114,5.934000015,0.391000003,3.441999912,1.371000051,34.9620018
2016/7/21 18:15,9.779000282,2.746000051,5.650000095,0.745999992,3.654999971,1.309999943,36.22900009
2016/7/21 18:30,8.706999779,2.210000038,5.68599987,0.639999986,3.503000021,1.340000033,37.07300186
2016/7/21 18:45,9.041999817,1.741000056,5.828000069,0.248999998,3.289999962,1.218000054,36.86199951
2016/7/21 19:00,8.907999992,1.60800004,5.68599987,0.178000003,3.167999983,1.097000003,37.35400009
2016/7/21 19:15,9.845999718,1.875,6.183000088,0.248999998,3.654999971,1.218000054,37.63600159
2016/7/21 19:30,10.51599979,1.875,6.538000107,0.213,3.928999901,1.156999946,36.72100067
2016/7/21 19:45,11.85499954,2.344000101,7.320000172,0.391000003,4.477000237,1.279000044,36.65100098
2016/7/21 20:00,12.59200001,2.142999887,7.853000164,0.391000003,4.598999977,1.156999946,36.58000183
2016/7/21 20:15,13.52999973,2.411000013,8.527999878,0.639999986,4.934000015,1.218000054,35.66600037
2016/7/21 20:30,13.52999973,2.411000013,8.493000031,0.603999972,4.994999886,1.126999974,35.17399979
2016/7/21 20:45,13.32900047,2.344000101,8.31499958,0.532999992,4.994999886,1.218000054,34.8219986
2016/7/21 21:00,14.53499985,3.88499999,10.44699955,1.84800005,4.842999935,1.248999953,35.03300095
2016/7/21 21:15,15.40499973,4.421000004,10.23400021,2.309999943,4.782000065,1.218000054,34.8219986
2016/7/21 21:30,14.33399963,4.487999916,10.16300011,2.131999969,4.630000114,1.156999946,35.59600067
2016/7/21 21:45,13.73099995,3.348999977,9.701000214,1.99000001,4.324999809,1.097000003,36.58000183
2016/7/21 22:00,14.19999981,3.951999903,10.44699955,2.451999903,4.142000198,1.065999985,36.72100067
2016/7/21 22:15,15.3380003,3.88499999,11.08699989,1.91900003,4.172999859,1.309999943,36.08800125
2016/7/21 22:30,15.8739996,4.21999979,11.30000019,3.411000013,3.960000038,1.097000003,37.00299835
2016/7/21 22:45,15.80700016,4.554999828,11.30000019,3.092000008,3.625,1.036000013,37.2840004
2016/7/21 23:00,15.06999969,5.022999763,11.12199974,3.092000008,3.806999922,1.097000003,36.86199951
2016/7/21 23:15,18.82099915,5.894000053,12.47299957,3.197999954,6.031000137,1.491999984,36.58000183
2016/7/21 23:30,19.15600014,6.96600008,13.32600021,3.696000099,5.84800005,1.613999963,36.72100067
2016/7/21 23:45,16.61100006,5.357999802,10.7670002,2.630000114,5.81799984,1.552999973,36.50999832
