date,HUFL,HULL,MUFL,MULL,LUFL,LULL,OT
2016/7/1 0:00,5.827000141,2.009000063,1.598999977,0.462000012,4.203000069,1.340000033,30.480766893524926
2016/7/1 0:15,5.760000229,2.075999975,1.491999984,0.425999999,4.263999939,1.401000023,30.463620434271522
2016/7/1 0:30,5.760000229,1.942000031,1.491999984,0.391000003,4.234000206,1.309999943,30.48677657375485
2016/7/1 0:45,5.760000229,1.942000031,1.491999984,0.425999999,4.234000206,1.309999943,30.483253979191282
2016/7/1 1:00,5.69299984,2.075999975,1.491999984,0.425999999,4.142000198,1.371000051,30.462860055532882
2016/7/1 1:15,5.492000103,1.942000031,1.457000017,0.391000003,4.111999989,1.279000044,30.47481797635776
2016/7/1 1:30,5.357999802,1.875,1.350000024,0.354999989,3.928999901,1.340000033,27.64599991
2016/7/1 1:45,5.157000065,1.807999969,1.350000024,0.319999993,3.806999922,1.279000044,30.467145894635294
2016/7/1 2:00,5.157000065,1.741000056,1.279000044,0.354999989,3.77699995,1.218000054,27.78700066
2016/7/1 2:15,5.157000065,1.807999969,1.350000024,0.425999999,3.77699995,1.187999964,30.466418283785394
2016/7/1 2:30,5.157000065,1.807999969,1.315000057,0.391000003,3.77699995,1.248999953,30.460953850508215
2016/7/1 2:45,5.157000065,1.942000031,1.350000024,0.425999999,3.806999922,1.279000044,30.446784732425936
2016/7/1 3:00,5.090000153,1.942000031,1.279000044,0.391000003,3.806999922,1.279000044,30.442897434503188
2016/7/1 3:15,5.223999977,2.009000063,1.457000017,0.532999992,3.806999922,1.248999953,24.5510006
2016/7/1 3:30,5.290999889,1.807999969,1.457000017,0.425999999,3.77699995,1.218000054,23.56599998
2016/7/1 3:45,5.357999802,1.942000031,1.491999984,0.462000012,3.806999922,1.309999943,30.4575596626383
2016/7/1 4:00,5.357999802,1.942000031,1.491999984,0.462000012,3.868000031,1.279000044,21.94799995
2016/7/1 4:15,5.492000103,2.009000063,1.491999984,0.462000012,3.928999901,1.340000033,21.45599937
2016/7/1 4:30,5.492000103,1.942000031,1.491999984,0.425999999,3.928999901,1.340000033,30.46499769782881
2016/7/1 4:45,5.492000103,2.075999975,1.491999984,0.497000009,3.99000001,1.309999943,30.452057994038295
2016/7/1 5:00,5.625999928,2.142999887,1.527999997,0.532999992,4.051000118,1.371000051,21.17399979
2016/7/1 5:15,5.960999966,2.344000101,1.669999957,0.603999972,4.234000206,1.491999984,20.82299995
2016/7/1 5:30,6.162000179,2.411000013,1.77699995,0.603999972,4.324999809,1.523000002,30.444138483989363
2016/7/1 5:45,6.631000042,2.477999926,1.99000001,0.745999992,4.659999847,1.674999952,21.17399979
2016/7/1 6:00,7.166999817,2.947000027,2.131999969,0.782000005,5.026000023,1.85800004,30.423629915023252
2016/7/1 6:15,7.501999855,3.214999914,2.239000082,0.888000011,5.329999924,1.980000019,30.404397988333564
2016/7/1 6:30,7.703000069,3.348999977,2.486999989,1.031000018,5.269000053,1.91900003,30.410994743183497
2016/7/1 6:45,7.434999943,3.148000002,2.309999943,0.958999991,5.056000233,1.888000011,30.411312791219864
2016/7/1 7:00,7.434999943,3.282000065,2.309999943,1.031000018,5.086999893,2.223999977,30.356969526950877
2016/7/1 7:15,7.636000156,3.282000065,2.273999929,1.065999985,5.329999924,2.071000099,30.37968873290615
2016/7/1 7:30,7.636000156,3.415999889,2.309999943,1.101999998,5.269000053,1.91900003,30.385090126519284
2016/7/1 7:45,7.568999767,3.282000065,2.309999943,1.065999985,5.238999844,1.91900003,30.39508855514549
2016/7/1 8:00,5.559000015,3.013999939,2.451999903,1.172999978,2.954999924,1.432000041,30.355361627691593
2016/7/1 8:15,5.223999977,2.880000114,2.381000042,1.172999978,2.802000046,1.401000023,30.347561087993867
2016/7/1 8:30,5.157000065,2.812999964,2.309999943,1.172999978,2.832999945,1.432000041,30.341793356514685
2016/7/1 8:45,5.090000153,2.411000013,1.812000036,0.888000011,2.740999937,1.462000012,16.39100075
2016/7/1 9:00,4.554999828,2.545000076,1.91900003,0.816999972,2.680000067,1.371000051,30.351076867015543
2016/7/1 9:15,4.554999828,2.344000101,1.77699995,0.782000005,2.710999966,1.401000023,17.72699928
2016/7/1 9:30,4.68900013,2.545000076,1.883000016,0.852999985,2.802000046,1.462000012,18.50099945
2016/7/1 9:45,4.68900013,2.411000013,1.91900003,0.888000011,2.802000046,1.371000051,30.36080248167088
2016/7/1 10:00,4.956999779,2.545000076,1.99000001,0.852999985,2.954999924,1.491999984,30.358979412899547
2016/7/1 10:15,5.425000191,2.678999901,2.203000069,0.888000011,3.137000084,1.552999973,18.50099945
2016/7/1 10:30,5.492000103,2.678999901,2.167999983,0.852999985,3.259000063,1.552999973,18.5720005
2016/7/1 10:45,5.894000053,2.746000051,2.381000042,0.958999991,3.411000013,1.552999973,19.41600037
2016/7/1 11:00,5.760000229,2.545000076,2.203000069,0.852999985,3.441999912,1.491999984,30.41292403926029
2016/7/1 11:15,5.625999928,2.746000051,2.167999983,0.852999985,3.349999905,1.613999963,30.375642302381298
2016/7/1 11:30,4.287000179,2.142999887,1.136999965,0.425999999,3.167999983,1.644999981,30.33287388580864
2016/7/1 11:45,4.287000179,2.411000013,1.56400001,0.425999999,3.107000113,1.583999991,30.34598762310505
2016/7/1 12:00,4.68900013,2.545000076,1.812000036,0.852999985,2.832999945,1.523000002,30.33129646759533
2016/7/1 12:15,4.68900013,2.611999989,1.91900003,0.888000011,2.740999937,1.552999973,30.325320698701827
2016/7/1 12:30,4.68900013,2.678999901,1.883000016,0.852999985,2.862999916,1.583999991,30.319382329699497
2016/7/1 12:45,4.68900013,2.678999901,1.883000016,0.852999985,2.894000053,1.644999981,30.31281420966655
2016/7/1 13:00,4.68900013,2.678999901,1.77699995,1.243999958,3.107000113,1.613999963,18.5720005
2016/7/1 13:15,5.090000153,2.947000027,2.131999969,1.172999978,2.984999895,1.644999981,19.6970005
2016/7/1 13:30,5.157000065,3.013999939,2.309999943,1.243999958,2.832999945,1.613999963,19.55599976
2016/7/1 13:45,5.157000065,3.08100009,2.381000042,1.279000044,2.710999966,1.523000002,19.83799934
2016/7/1 14:00,5.090000153,2.947000027,2.451999903,1.350000024,2.559000015,1.432000041,30.317540085698344
2016/7/1 14:15,5.223999977,3.08100009,2.630000114,1.457000017,2.528000116,1.432000041,19.41600037
2016/7/1 14:30,5.022999763,3.08100009,2.523000002,1.350000024,2.467000008,1.70599997,19.13400078
2016/7/1 14:45,5.157000065,3.013999939,2.486999989,1.315000057,2.650000095,1.523000002,30.312011932030583
2016/7/1 15:00,5.090000153,3.148000002,2.486999989,1.350000024,2.588999987,1.523000002,30.29520725759627
2016/7/1 15:15,4.085999966,2.477999926,1.63499999,1.031000018,2.559000015,1.523000002,30.277477274425152
2016/7/1 15:30,4.354000092,2.812999964,1.741000056,1.101999998,2.588999987,1.462000012,30.27192292590393
2016/7/1 15:45,4.287000179,2.611999989,1.669999957,0.852999985,2.528000116,1.491999984,19.20499992
2016/7/1 16:00,4.21999979,2.411000013,1.70599997,0.782000005,2.618999958,1.491999984,30.321850905224192
2016/7/1 16:15,4.421000004,2.411000013,1.77699995,0.816999972,2.680000067,1.491999984,30.332382005196774
2016/7/1 16:30,4.756000042,2.477999926,1.812000036,0.816999972,2.862999916,1.491999984,18.43099976
2016/7/1 16:45,4.756000042,2.477999926,1.77699995,0.816999972,2.924000025,1.462000012,30.348311414120573
2016/7/1 17:00,4.756000042,2.344000101,1.63499999,0.711000025,3.075999975,1.491999984,19.13400078
2016/7/1 17:15,4.822999954,2.27699995,1.669999957,0.639999986,3.167999983,1.462000012,30.379295018013092
2016/7/1 17:30,5.357999802,2.477999926,2.451999903,1.421000004,3.289999962,1.462000012,19.76799965
2016/7/1 17:45,5.760000229,2.880000114,2.559000015,1.243999958,3.107000113,1.491999984,30.368240785207092
2016/7/1 18:00,5.625999928,2.880000114,2.523000002,1.207999945,3.075999975,1.491999984,30.36327489843483
2016/7/1 18:15,5.760000229,3.08100009,2.523000002,1.243999958,3.015000105,1.491999984,30.35068651785267
2016/7/1 18:30,5.357999802,3.013999939,2.451999903,1.207999945,2.924000025,1.523000002,30.332200006418823
2016/7/1 18:45,5.357999802,2.947000027,2.451999903,1.207999945,2.924000025,1.523000002,19.41600037
2016/7/1 19:00,5.492000103,3.013999939,2.451999903,1.207999945,3.015000105,1.552999973,18.71199989
2016/7/1 19:15,5.425000191,2.947000027,2.451999903,1.136999965,2.984999895,1.523000002,17.86800003
2016/7/1 19:30,5.357999802,2.947000027,2.451999903,1.172999978,2.894000053,1.523000002,18.21999931
2016/7/1 19:45,5.357999802,2.947000027,2.451999903,1.207999945,2.862999916,1.552999973,30.3331475214031
2016/7/1 20:00,5.357999802,3.013999939,2.451999903,1.207999945,2.862999916,1.523000002,30.33166508058075
2016/7/1 20:15,5.223999977,3.013999939,2.415999889,1.207999945,2.802000046,1.523000002,18.21999931
2016/7/1 20:30,5.290999889,3.013999939,2.381000042,1.172999978,2.862999916,1.552999973,17.86800003
2016/7/1 20:45,5.223999977,2.947000027,2.345000029,1.136999965,2.832999945,1.552999973,17.86800003
2016/7/1 21:00,5.090000153,2.947000027,2.381000042,1.207999945,2.680000067,1.523000002,18.00900078
2016/7/1 21:15,4.889999866,2.947000027,2.309999943,1.207999945,2.618999958,1.491999984,30.307801440048507
2016/7/1 21:30,4.889999866,2.947000027,2.309999943,1.207999945,2.559000015,1.491999984,18.6420002
2016/7/1 21:45,4.889999866,2.947000027,2.203000069,1.136999965,2.680000067,1.552999973,30.302078364659263
2016/7/1 22:00,4.822999954,2.947000027,2.203000069,1.172999978,2.618999958,1.523000002,18.00900078
2016/7/1 22:15,4.822999954,2.947000027,2.203000069,1.172999978,2.588999987,1.552999973,30.2946026936689
2016/7/1 22:30,4.756000042,2.947000027,2.131999969,1.136999965,2.588999987,1.583999991,18.29000092
2016/7/1 22:45,4.822999954,2.947000027,2.131999969,1.172999978,2.618999958,1.552999973,30.290510297129003
2016/7/1 23:00,4.622000217,2.880000114,2.131999969,1.136999965,2.467000008,1.491999984,30.295323659765327
2016/7/1 23:15,4.822999954,2.947000027,2.096999884,1.136999965,2.618999958,1.552999973,20.75200081
2016/7/1 23:30,5.022999763,3.818000078,2.131999969,2.167999983,2.588999987,1.523000002,30.139583757750685
2016/7/1 23:45,5.357999802,2.947000027,2.345000029,1.457000017,2.618999958,1.583999991,21.87800026
2016/7/2 0:00,5.223999977,3.08100009,2.700999975,1.315000057,2.437000036,1.523000002,30.321479878204432
2016/7/2 0:15,5.425000191,3.08100009,2.984999895,1.457000017,2.375999928,1.491999984,30.336714503435893
2016/7/2 0:30,5.223999977,3.08100009,2.878000021,1.457000017,2.375999928,1.462000012,30.324351254119303
2016/7/2 0:45,4.354000092,3.148000002,2.415999889,1.491999984,2.28399992,1.432000041,21.17399979
2016/7/2 1:00,5.157000065,3.013999939,2.878000021,1.350000024,2.345000029,1.432000041,30.340004347904195
2016/7/2 1:15,5.223999977,3.148000002,2.914000034,1.457000017,2.315000057,1.462000012,30.32117838049556
2016/7/2 1:30,5.157000065,3.013999939,2.914000034,1.421000004,2.223999977,1.462000012,30.330641924404283
2016/7/2 1:45,4.889999866,3.013999939,2.772000074,1.315000057,2.28399992,1.432000041,19.83799934
2016/7/2 2:00,5.157000065,3.148000002,2.878000021,1.491999984,2.28399992,1.432000041,20.04899979
2016/7/2 2:15,4.487999916,3.08100009,2.451999903,0.958999991,2.253999949,1.432000041,21.0340004
2016/7/2 2:30,4.889999866,3.013999939,2.736000061,1.386000037,2.193000078,1.432000041,19.97900009
2016/7/2 2:45,5.090000153,3.148000002,2.948999882,1.491999984,2.163000107,1.401000023,20.32999992
2016/7/2 3:00,5.157000065,3.08100009,2.914000034,1.491999984,2.193000078,1.401000023,30.3252178386741
2016/7/2 3:15,4.354000092,3.013999939,2.523000002,1.457000017,2.193000078,1.401000023,30.27299348908596
2016/7/2 3:30,5.090000153,3.08100009,2.914000034,1.491999984,2.193000078,1.401000023,30.32216341292318
2016/7/2 3:45,5.090000153,3.08100009,2.878000021,1.421000004,2.193000078,1.401000023,20.82299995
2016/7/2 4:00,4.554999828,3.08100009,2.451999903,1.491999984,2.193000078,1.401000023,21.38500023
2016/7/2 4:15,5.290999889,3.148000002,3.019999981,1.491999984,2.193000078,1.401000023,30.332982859597283
2016/7/2 4:30,5.157000065,3.08100009,2.948999882,1.421000004,2.223999977,1.432000041,30.331306518641213
2016/7/2 4:45,4.354000092,3.013999939,2.559000015,1.457000017,2.223999977,1.401000023,20.75200081
2016/7/2 5:00,5.425000191,3.282000065,3.092000008,1.70599997,2.437000036,1.462000012,22.22999954
2016/7/2 5:15,5.760000229,3.415999889,3.092000008,1.669999957,2.710999966,1.583999991,21.17399979
2016/7/2 5:30,5.425000191,3.282000065,2.842999935,1.63499999,2.740999937,1.523000002,20.40099907
2016/7/2 5:45,6.162000179,3.348999977,3.197999954,1.56400001,2.954999924,1.491999984,30.35830251903413
2016/7/2 6:00,5.492000103,3.282000065,2.523000002,1.491999984,2.984999895,1.462000012,30.30207043739568
2016/7/2 6:15,5.492000103,3.013999939,2.309999943,1.243999958,3.107000113,1.523000002,30.32757947976954
2016/7/2 6:30,5.559000015,3.013999939,2.309999943,1.315000057,3.229000092,1.552999973,30.32119399349591
2016/7/2 6:45,5.69299984,3.013999939,2.451999903,1.491999984,3.075999975,1.491999984,30.323697790221882
2016/7/2 7:00,5.625999928,3.214999914,2.486999989,1.491999984,3.075999975,1.523000002,30.304775291192648
2016/7/2 7:15,5.760000229,3.214999914,2.486999989,1.421000004,3.137000084,1.613999963,19.27499962
2016/7/2 7:30,5.559000015,3.282000065,2.486999989,1.491999984,3.107000113,1.552999973,30.293782423290452
2016/7/2 7:45,5.559000015,3.214999914,2.594000101,1.63499999,2.924000025,1.523000002,20.26000023
2016/7/2 8:00,5.559000015,3.282000065,2.594000101,1.669999957,2.924000025,1.523000002,20.61199951
2016/7/2 8:15,5.492000103,3.348999977,2.700999975,1.63499999,2.832999945,1.491999984,30.28905426042667
2016/7/2 8:30,5.559000015,3.348999977,2.700999975,1.598999977,2.772000074,1.523000002,19.6970005
2016/7/2 8:45,5.223999977,3.282000065,2.523000002,1.56400001,2.680000067,1.462000012,18.21999931
2016/7/2 9:00,5.223999977,3.214999914,2.559000015,1.56400001,2.680000067,1.462000012,30.2869863873452
2016/7/2 9:15,5.157000065,3.282000065,2.486999989,1.598999977,2.680000067,1.432000041,19.27499962
2016/7/2 9:30,5.223999977,3.348999977,2.486999989,1.598999977,2.802000046,1.491999984,30.267060183644425
2016/7/2 9:45,7.903999805,4.68900013,4.725999832,2.451999903,2.894000053,1.523000002,30.3411407372493
2016/7/2 10:00,9.913000107,4.956999779,6.644999981,3.305000067,3.046000004,1.552999973,20.96299934
2016/7/2 10:15,11.25300026,5.827000141,7.604000092,3.588999987,3.289999962,1.735999942,30.453205427322963
2016/7/2 10:30,12.05599976,5.357999802,8.421999931,2.878000021,3.746000051,1.70599997,18.21999931
2016/7/2 10:45,11.98900032,5.357999802,8.173000336,2.345000029,3.868000031,1.76699996,19.27499962
2016/7/2 11:00,11.78800011,5.425000191,8.173000336,2.523000002,3.686000109,1.674999952,30.659179323001872
2016/7/2 11:15,11.72099972,5.559000015,7.81799984,2.486999989,3.532999992,1.735999942,30.620096366978196
2016/7/2 11:30,11.31999969,5.425000191,7.568999767,2.948999882,3.229000092,1.70599997,21.17399979
2016/7/2 11:45,10.51599979,5.357999802,7.427000046,2.415999889,3.229000092,1.735999942,21.0340004
2016/7/2 12:00,9.645000458,4.956999779,6.751999855,2.131999969,3.107000113,1.827999949,30.525283712001386
2016/7/2 12:15,10.64999962,4.554999828,7.0,2.594000101,2.894000053,1.76699996,30.573865619478223
2016/7/2 12:30,11.11900043,5.69299984,8.279999733,3.447000027,3.075999975,1.797000051,20.96299934
2016/7/2 12:45,10.58300018,5.559000015,7.676000118,3.197999954,3.046000004,1.827999949,21.52599907
2016/7/2 13:00,10.38199997,5.760000229,7.461999893,2.559000015,2.984999895,1.76699996,30.507147493714374
2016/7/2 13:15,10.31499958,4.756000042,6.644999981,2.309999943,2.984999895,1.797000051,30.548294452032113
2016/7/2 13:30,8.572999954,3.951999903,5.756999969,1.953999996,2.832999945,1.76699996,18.6420002
2016/7/2 13:45,8.907999992,4.889999866,6.218999863,2.664999962,2.832999945,1.949000001,30.39421995766672
2016/7/2 14:00,8.774000168,4.68900013,6.111999989,2.025000095,2.894000053,1.91900003,30.46439830419798
2016/7/2 14:15,9.243000031,4.554999828,6.610000134,1.84800005,2.740999937,1.85800004,21.66699982
2016/7/2 14:30,9.779000282,4.421000004,6.928999901,2.523000002,2.832999945,1.735999942,20.54100037
2016/7/2 14:45,10.44900036,5.223999977,6.894000053,2.381000042,2.650000095,1.735999942,30.53258239262391
2016/7/2 15:00,10.44900036,5.157000065,6.965000153,2.451999903,2.772000074,1.735999942,22.0189991
2016/7/2 15:15,9.913000107,4.554999828,6.928999901,2.594000101,2.894000053,1.85800004,30.52570754246736
2016/7/2 15:30,9.979999542,5.022999763,6.928999901,2.559000015,2.984999895,1.827999949,30.502594276194788
2016/7/2 15:45,9.711999893,5.090000153,6.965000153,2.736000061,2.862999916,1.76699996,20.11899948
2016/7/2 16:00,9.845999718,4.822999954,7.035999775,2.664999962,2.894000053,1.76699996,30.51288957535003
2016/7/2 16:15,9.51099968,4.822999954,6.681000233,2.203000069,2.894000053,1.70599997,30.52917832417695
2016/7/2 16:30,10.18099976,4.287000179,6.928999901,2.842999935,3.319999933,1.735999942,30.54966559698386
2016/7/2 16:45,10.58300018,4.822999954,7.427000046,2.630000114,3.107000113,1.735999942,30.57934057123334
2016/7/2 17:00,9.913000107,4.822999954,6.894000053,2.415999889,3.229000092,1.735999942,25.4659996
2016/7/2 17:15,10.91800022,4.822999954,7.532999992,2.523000002,3.381000042,1.797000051,30.607447130570225
2016/7/2 17:30,11.25300026,4.822999954,7.782000065,2.523000002,3.503000021,1.70599997,26.02799988
2016/7/2 17:45,10.7840004,4.756000042,7.249000072,2.309999943,3.471999884,1.797000051,26.02799988
2016/7/2 18:00,10.64999962,4.68900013,6.928999901,2.451999903,3.381000042,1.797000051,25.88800049
2016/7/2 18:15,10.38199997,4.487999916,7.143000126,2.239000082,3.167999983,1.797000051,30.61003458817282
2016/7/2 18:30,9.779000282,4.487999916,6.857999802,2.167999983,3.075999975,1.735999942,30.578240553280988
2016/7/2 18:45,9.979999542,4.354000092,6.822999954,2.203000069,3.107000113,1.735999942,30.591698715068215
2016/7/2 19:00,10.11400032,4.354000092,6.644999981,1.812000036,3.107000113,1.735999942,27.85700035
2016/7/2 19:15,10.11400032,4.287000179,6.894000053,2.096999884,3.197999954,1.70599997,30.62183980776703
2016/7/2 19:30,10.71700001,4.487999916,7.249000072,2.203000069,3.411000013,1.735999942,30.644403419156223
2016/7/2 19:45,10.04699993,4.354000092,6.610000134,1.953999996,3.349999905,1.735999942,27.71699905
2016/7/2 20:00,9.979999542,4.152999878,6.573999882,1.953999996,3.411000013,1.76699996,30.615213562542166
2016/7/2 20:15,9.779000282,4.019000053,6.395999908,1.883000016,3.411000013,1.91900003,30.594925647760004
2016/7/2 20:30,9.51099968,4.21999979,6.183000088,1.91900003,3.289999962,1.85800004,30.5572580828748
2016/7/2 20:45,9.376999855,4.085999966,6.040999889,1.883000016,3.381000042,1.827999949,22.93300056
2016/7/2 21:00,9.31000042,4.21999979,6.005000114,2.131999969,3.229000092,1.85800004,30.515203062592526
2016/7/2 21:15,9.041999817,3.818000078,6.289999962,1.421000004,3.137000084,1.85800004,22.0890007
2016/7/2 21:30,9.041999817,4.68900013,6.361000061,2.381000042,3.015000105,1.797000051,30.470802021551904
2016/7/2 21:45,9.578000069,4.622000217,6.183000088,1.741000056,2.894000053,1.827999949,30.549040531739834
2016/7/2 22:00,9.444000244,4.622000217,6.965000153,2.167999983,2.954999924,1.85800004,30.545098519300865
2016/7/2 22:15,10.71700001,4.889999866,7.106999874,1.99000001,2.772000074,1.797000051,23.63699913
2016/7/2 22:30,10.31499958,5.022999763,6.928999901,2.239000082,2.832999945,1.76699996,30.55558004359986
2016/7/2 22:45,9.645000458,4.822999954,7.106999874,1.953999996,3.075999975,1.797000051,30.57787286611285
2016/7/2 23:00,9.444000244,4.287000179,6.822999954,2.559000015,2.588999987,1.735999942,30.53173737038208
2016/7/2 23:15,10.38199997,4.956999779,7.604000092,2.594000101,2.528000116,1.735999942,30.56988839891529
2016/7/2 23:30,10.91800022,5.090000153,7.710999966,2.203000069,2.588999987,1.735999942,30.63115464003273
2016/7/2 23:45,11.05200005,5.492000103,8.38599968,2.842999935,2.680000067,1.76699996,29.0529995
2016/7/3 0:00,10.38199997,5.425000191,7.604000092,2.309999943,2.954999924,1.674999952,29.33499908
2016/7/3 0:15,9.979999542,5.290999889,7.888999939,2.948999882,2.862999916,2.071000099,28.77199936
2016/7/3 0:30,10.71700001,5.022999763,7.710999966,2.309999943,2.650000095,1.735999942,30.616603595179356
2016/7/3 0:45,10.7840004,5.157000065,7.994999886,2.878000021,2.588999987,1.85800004,30.55600559362365
2016/7/3 1:00,9.779000282,5.223999977,6.71600008,2.842999935,2.650000095,1.674999952,26.02799988
2016/7/3 1:15,10.91800022,5.425000191,7.639999866,2.664999962,2.588999987,1.70599997,30.559433020025438
2016/7/3 1:30,10.64999962,5.090000153,8.102000237,2.736000061,2.650000095,1.735999942,26.09900093
2016/7/3 1:45,9.979999542,4.756000042,7.390999794,2.914000034,2.588999987,1.76699996,25.95800018
2016/7/3 2:00,10.38199997,4.68900013,7.320000172,2.203000069,2.984999895,1.85800004,30.601531981365024
2016/7/3 2:15,10.64999962,5.223999977,7.676000118,2.878000021,2.802000046,1.797000051,22.72200012
2016/7/3 2:30,9.444000244,4.421000004,6.610000134,2.772000074,2.588999987,1.70599997,22.93300056
2016/7/3 2:45,9.645000458,5.157000065,6.538000107,2.700999975,2.588999987,1.70599997,24.83200073
2016/7/3 3:00,9.779000282,4.152999878,6.822999954,1.99000001,2.528000116,1.674999952,30.62027464400013
2016/7/3 3:15,10.31499958,5.090000153,7.604000092,2.772000074,2.528000116,1.70599997,30.542662538875682
2016/7/3 3:30,9.376999855,4.554999828,6.965000153,2.415999889,2.528000116,1.674999952,27.36499977
2016/7/3 3:45,9.578000069,4.354000092,6.502999783,2.239000082,2.528000116,1.980000019,26.45000076
2016/7/3 4:00,10.71700001,4.756000042,7.355999947,2.806999922,2.650000095,1.797000051,30.557278525494215
2016/7/3 4:15,9.109000206,4.756000042,6.644999981,2.203000069,2.862999916,1.827999949,25.18400002
2016/7/3 4:30,8.305999756,4.68900013,5.507999897,2.415999889,2.772000074,1.827999949,24.62100029
2016/7/3 4:45,9.913000107,5.022999763,7.532999992,2.806999922,2.894000053,1.949000001,30.497266120300065
2016/7/3 5:00,10.31499958,4.68900013,7.390999794,2.451999903,2.924000025,1.85800004,30.57723732451807
2016/7/3 5:15,11.5880003,4.68900013,8.102000237,2.523000002,3.046000004,1.827999949,24.40999985
2016/7/3 5:30,10.71700001,4.554999828,7.249000072,1.812000036,3.259000063,1.888000011,30.660532690446814
2016/7/3 5:45,11.92199993,5.357999802,7.853000164,2.203000069,3.503000021,1.888000011,30.657222243192745
2016/7/3 6:00,12.59200001,5.223999977,8.670999527,2.203000069,3.71600008,1.949000001,25.32500076
2016/7/3 6:15,12.25699997,5.157000065,8.493000031,2.559000015,3.77699995,1.91900003,25.39500046
2016/7/3 6:30,11.31999969,5.425000191,7.390999794,1.883000016,3.838000059,1.980000019,25.39500046
2016/7/3 6:45,11.92199993,4.019000053,8.527999878,2.451999903,3.77699995,2.040999889,30.755670829355527
2016/7/3 7:00,11.11900043,4.622000217,7.888999939,2.842999935,3.625,1.91900003,23.63699913
2016/7/3 7:15,12.45800018,5.492000103,8.741999626,2.948999882,3.532999992,1.91900003,30.64820572636764
2016/7/3 7:30,12.59200001,6.027999878,8.777000427,2.772000074,3.594000101,1.91900003,30.636039971101408
2016/7/3 7:45,11.05200005,4.622000217,7.320000172,2.664999962,3.625,1.91900003,30.58919675613884
2016/7/3 8:00,10.64999962,4.421000004,7.035999775,2.025000095,3.594000101,1.91900003,26.37999916
2016/7/3 8:15,10.44900036,4.622000217,7.320000172,2.061000109,3.471999884,1.949000001,26.30999947
2016/7/3 8:30,10.71700001,4.889999866,7.320000172,2.203000069,3.441999912,1.91900003,30.59943264494923
2016/7/3 8:45,10.31499958,4.68900013,6.857999802,2.167999983,3.411000013,1.949000001,30.56719072218956
2016/7/3 9:00,10.04699993,4.21999979,6.43200016,1.669999957,3.686000109,1.949000001,30.615297845306767
2016/7/3 9:15,10.04699993,5.157000065,7.106999874,2.451999903,3.229000092,1.980000019,26.02799988
2016/7/3 9:30,11.18599987,5.290999889,7.532999992,2.878000021,3.381000042,1.888000011,30.53987956510788
2016/7/3 9:45,11.45400047,5.223999977,7.427000046,2.273999929,3.259000063,1.85800004,27.15399933
2016/7/3 10:00,11.72099972,5.090000153,7.888999939,2.559000015,3.563999891,1.85800004,30.63772178696828
2016/7/3 10:15,11.92199993,5.492000103,8.31499958,2.878000021,4.142000198,1.949000001,29.47500038
2016/7/3 10:30,12.25699997,4.756000042,8.244000435,2.486999989,4.051000118,1.827999949,30.72297514265511
2016/7/3 10:45,12.12300014,5.69299984,8.065999985,2.486999989,4.234000206,1.949000001,30.17900085
2016/7/3 11:00,12.12300014,5.357999802,8.065999985,2.486999989,4.081999779,1.91900003,30.652469948463583
2016/7/3 11:15,11.25300026,5.022999763,7.320000172,2.203000069,3.77699995,1.76699996,30.634229277675317
2016/7/3 11:30,10.98499966,4.554999828,6.965000153,2.167999983,3.349999905,1.827999949,25.95800018
2016/7/3 11:45,10.24800014,5.022999763,6.395999908,2.096999884,3.319999933,1.797000051,30.535027348801584
2016/7/3 12:00,9.979999542,5.022999763,6.857999802,2.559000015,3.289999962,1.85800004,26.80200005
2016/7/3 12:15,9.444000244,4.956999779,6.538000107,2.523000002,3.229000092,1.888000011,30.457982262388857
2016/7/3 12:30,10.04699993,4.822999954,6.218999863,1.883000016,3.167999983,1.888000011,30.539474119289274
2016/7/3 12:45,9.444000244,4.421000004,6.395999908,2.203000069,3.167999983,1.888000011,29.40500069
2016/7/3 13:00,9.243000031,4.956999779,6.289999962,2.630000114,3.137000084,1.888000011,29.96800041
2016/7/3 13:15,10.24800014,5.157000065,6.610000134,2.381000042,3.046000004,2.101999998,30.03800011
2016/7/3 13:30,10.04699993,4.756000042,6.857999802,2.559000015,3.107000113,1.797000051,29.96800041
2016/7/3 13:45,10.11400032,5.090000153,6.395999908,2.273999929,2.984999895,1.888000011,29.96800041
2016/7/3 14:00,10.18099976,5.425000191,7.177999973,3.019999981,3.075999975,1.888000011,30.44562673220224
2016/7/3 14:15,10.24800014,5.022999763,6.538000107,2.664999962,3.107000113,1.888000011,30.474499869852895
2016/7/3 14:30,10.04699993,5.090000153,6.573999882,2.736000061,3.046000004,1.797000051,31.375
2016/7/3 14:45,9.578000069,4.421000004,6.502999783,2.630000114,2.924000025,2.040999889,31.375
2016/7/3 15:00,9.645000458,5.425000191,7.106999874,2.664999962,3.015000105,1.827999949,30.458757953300896
2016/7/3 15:15,10.44900036,5.157000065,6.857999802,2.239000082,2.984999895,1.888000011,30.31999969
2016/7/3 15:30,9.913000107,4.68900013,6.857999802,2.309999943,3.075999975,1.797000051,30.548678650742133
2016/7/3 15:45,9.779000282,5.090000153,6.644999981,2.736000061,2.954999924,1.797000051,29.47500038
2016/7/3 16:00,9.779000282,4.889999866,6.502999783,2.984999895,3.075999975,2.00999999,29.75699997
2016/7/3 16:15,9.845999718,4.889999866,6.644999981,3.019999981,3.289999962,1.91900003,30.434757065714017
2016/7/3 16:30,10.18099976,5.090000153,6.751999855,2.772000074,3.746000051,1.91900003,30.471085181627405
2016/7/3 16:45,10.71700001,4.956999779,7.106999874,2.523000002,3.868000031,1.91900003,30.553048995905204
2016/7/3 17:00,11.11900043,5.157000065,7.320000172,2.914000034,3.806999922,1.980000019,32.28900146
2016/7/3 17:15,11.72099972,5.157000065,7.747000217,3.305000067,3.898999929,1.888000011,30.54865669676016
2016/7/3 17:30,11.92199993,5.290999889,7.923999786,2.736000061,4.203000069,1.980000019,31.58600044
2016/7/3 17:45,11.52099991,5.090000153,7.853000164,2.700999975,3.806999922,1.949000001,32.99300003
2016/7/3 18:00,11.05200005,4.956999779,7.390999794,2.523000002,3.686000109,1.980000019,31.93799973
2016/7/3 18:15,10.91800022,4.889999866,7.320000172,2.630000114,3.503000021,1.797000051,30.579835143034423
2016/7/3 18:30,10.7840004,4.889999866,7.214000225,2.700999975,3.441999912,1.827999949,32.36000061
2016/7/3 18:45,10.91800022,4.889999866,7.284999847,2.486999989,3.594000101,1.85800004,30.586038425783023
2016/7/3 19:00,10.7840004,4.889999866,7.214000225,2.486999989,3.594000101,1.888000011,28.56100082
2016/7/3 19:15,10.71700001,4.889999866,7.143000126,2.878000021,3.654999971,1.888000011,30.525982794447213
2016/7/3 19:30,10.91800022,4.756000042,7.106999874,2.345000029,3.838000059,1.85800004,30.60124316528578
2016/7/3 19:45,10.91800022,4.822999954,7.106999874,2.381000042,3.806999922,1.91900003,30.585661749901778
2016/7/3 20:00,11.18599987,4.889999866,7.177999973,2.345000029,3.960000038,1.91900003,30.60235350976861
2016/7/3 20:15,10.85099983,4.822999954,6.928999901,2.381000042,3.898999929,1.949000001,21.94799995
2016/7/3 20:30,10.7840004,4.756000042,6.857999802,2.239000082,3.928999901,2.00999999,20.32999992
2016/7/3 20:45,10.64999962,4.756000042,6.751999855,2.309999943,3.838000059,1.980000019,30.55709074502841
2016/7/3 21:00,10.44900036,4.889999866,6.610000134,2.309999943,3.806999922,2.040999889,30.5224120536225
2016/7/3 21:15,10.64999962,5.357999802,6.573999882,2.630000114,3.503000021,2.040999889,21.38500023
2016/7/3 21:30,10.44900036,5.69299984,6.681000233,2.559000015,3.503000021,1.949000001,30.451272901736907
2016/7/3 21:45,9.645000458,4.956999779,6.324999809,2.559000015,3.289999962,1.888000011,30.450990821163437
2016/7/3 22:00,9.578000069,5.760000229,6.787000179,3.127000093,3.259000063,1.888000011,19.41600037
2016/7/3 22:15,10.18099976,5.760000229,6.502999783,2.486999989,3.259000063,1.888000011,30.4352361468839
2016/7/3 22:30,10.31499958,5.69299984,6.751999855,3.447000027,3.411000013,1.980000019,30.355863359575107
2016/7/3 22:45,10.18099976,5.760000229,6.71600008,3.127000093,3.381000042,1.980000019,30.374643222650132
2016/7/3 23:00,9.31000042,5.760000229,6.610000134,3.055999994,3.167999983,1.888000011,30.34402715235468
2016/7/3 23:15,9.979999542,5.022999763,6.467000008,3.092000008,3.229000092,1.949000001,30.409180867565354
2016/7/3 23:30,9.913000107,5.425000191,6.324999809,2.878000021,3.137000084,1.85800004,30.39927256770179
2016/7/3 23:45,9.913000107,5.69299984,6.218999863,3.019999981,3.046000004,1.85800004,19.34499931
2016/7/4 0:00,9.913000107,5.894000053,6.254000187,2.630000114,3.015000105,1.85800004,30.38488283215913
2016/7/4 0:15,9.779000282,5.492000103,6.751999855,2.984999895,3.015000105,1.888000011,30.39930868533069
2016/7/4 0:30,9.376999855,5.425000191,5.934000015,2.486999989,2.862999916,1.827999949,25.88800049
2016/7/4 0:45,9.376999855,5.492000103,6.289999962,2.842999935,2.924000025,1.827999949,30.372862389106132
2016/7/4 1:00,8.975000381,4.956999779,6.289999962,2.664999962,2.862999916,1.827999949,25.5359993
2016/7/4 1:15,9.578000069,5.425000191,6.681000233,3.482000113,2.924000025,1.797000051,27.71699905
2016/7/4 1:30,9.31000042,5.425000191,5.828000069,2.842999935,2.894000053,1.827999949,30.346050056997345
2016/7/4 1:45,8.640000343,4.68900013,5.828000069,2.486999989,2.862999916,1.797000051,28.70199966
2016/7/4 2:00,8.640000343,4.822999954,6.147999763,2.594000101,2.924000025,1.827999949,30.404004776427556
2016/7/4 2:15,9.243000031,5.625999928,6.644999981,3.163000107,2.862999916,1.827999949,28.06800079
2016/7/4 2:30,9.243000031,4.756000042,5.756999969,2.415999889,2.832999945,2.131999969,30.395384464317434
2016/7/4 2:45,9.175999641,5.425000191,5.721000195,2.664999962,2.862999916,1.85800004,28.9829998
2016/7/4 3:00,9.175999641,5.492000103,5.578999996,2.381000042,2.862999916,1.85800004,27.9279995
2016/7/4 3:15,8.505999565,4.68900013,5.650000095,2.415999889,2.862999916,1.85800004,30.391055072814634
2016/7/4 3:30,8.371999741,5.492000103,5.721000195,2.451999903,2.894000053,1.827999949,27.64599991
2016/7/4 3:45,9.109000206,5.357999802,5.756999969,3.019999981,2.772000074,1.827999949,24.97299957
2016/7/4 4:00,9.109000206,4.822999954,5.650000095,2.523000002,2.772000074,1.797000051,24.62100029
2016/7/4 4:15,9.31000042,5.492000103,6.43200016,2.842999935,2.862999916,1.85800004,24.83200073
2016/7/4 4:30,9.376999855,4.956999779,5.721000195,3.055999994,3.015000105,1.888000011,24.69199944
2016/7/4 4:45,9.578000069,5.625999928,5.899000168,2.451999903,3.075999975,1.888000011,30.38230474336523
2016/7/4 5:00,9.845999718,5.559000015,5.96999979,2.948999882,3.107000113,1.888000011,23.84799957
2016/7/4 5:15,10.18099976,4.956999779,6.395999908,2.594000101,3.229000092,1.888000011,30.47572417411568
2016/7/4 5:30,10.11400032,4.956999779,6.681000233,2.415999889,3.441999912,1.888000011,30.509935790044036
2016/7/4 5:45,11.11900043,5.022999763,7.0,2.700999975,3.686000109,2.00999999,30.530322900859368
2016/7/4 6:00,11.5880003,5.425000191,7.390999794,2.806999922,3.806999922,1.980000019,23.0739994
2016/7/4 6:15,10.7840004,5.157000065,7.214000225,2.523000002,3.71600008,1.888000011,21.80800056
2016/7/4 6:30,10.98499966,5.960999966,7.498000145,3.092000008,3.746000051,1.888000011,30.461768204471078
2016/7/4 6:45,10.91800022,4.956999779,7.071000099,2.806999922,3.898999929,2.040999889,30.518012491454318
2016/7/4 7:00,11.78800011,6.09499979,7.214000225,2.984999895,3.898999929,2.040999889,22.51099968
2016/7/4 7:15,11.65499973,5.625999928,7.320000172,3.411000013,3.806999922,2.101999998,30.450058013523183
2016/7/4 7:30,10.85099983,6.362999916,7.249000072,3.019999981,3.806999922,2.071000099,21.52599907
2016/7/4 7:45,11.5880003,5.69299984,7.214000225,2.878000021,3.77699995,2.071000099,21.17399979
2016/7/4 8:00,10.58300018,5.960999966,7.143000126,2.914000034,3.654999971,2.071000099,21.66699982
2016/7/4 8:15,10.64999962,5.559000015,7.106999874,2.806999922,3.686000109,1.980000019,30.469430288283462
2016/7/4 8:30,11.31999969,6.09499979,7.320000172,2.948999882,3.532999992,1.980000019,23.56599998
2016/7/4 8:45,10.51599979,6.162000179,7.106999874,3.197999954,3.77699995,2.163000107,24.4810009
2016/7/4 9:00,11.5880003,6.296000004,7.568999767,3.055999994,3.471999884,2.00999999,25.39500046
2016/7/4 9:15,11.72099972,6.296000004,7.994999886,3.588999987,3.594000101,2.131999969,23.84799957
2016/7/4 9:30,11.18599987,5.625999928,7.498000145,2.948999882,3.532999992,2.223999977,30.470011905635282
2016/7/4 9:45,11.38700008,5.492000103,7.639999866,2.948999882,3.686000109,2.071000099,30.51607651037226
2016/7/4 10:00,11.92199993,6.229000092,7.710999966,3.055999994,3.746000051,1.949000001,30.494948849079965
2016/7/4 10:15,13.12800026,5.559000015,8.56400013,3.019999981,4.111999989,2.071000099,30.643872049660725
2016/7/4 10:30,13.32900047,6.09499979,8.527999878,2.984999895,4.295000076,1.980000019,29.0529995
2016/7/4 10:45,13.19499969,6.362999916,8.954999924,3.482000113,4.386000156,1.980000019,30.57886424390412
2016/7/4 11:00,12.32400036,5.559000015,8.421999931,3.233999968,4.203000069,1.980000019,29.54599953
2016/7/4 11:15,12.25699997,6.362999916,7.782000065,3.197999954,4.020999908,1.980000019,30.489527586142586
2016/7/4 11:30,11.72099972,5.625999928,7.532999992,3.233999968,3.686000109,1.888000011,31.58600044
2016/7/4 11:45,10.44900036,5.960999966,7.320000172,3.233999968,3.471999884,1.888000011,30.60099983
2016/7/4 12:00,10.38199997,5.894000053,6.857999802,2.630000114,3.563999891,1.949000001,30.43792639824082
2016/7/4 12:15,10.7840004,6.027999878,7.0,3.447000027,3.381000042,2.00999999,30.36459906667404
2016/7/4 12:30,10.71700001,5.894000053,6.894000053,3.552999973,3.289999962,1.949000001,29.12400055
2016/7/4 12:45,10.64999962,5.960999966,6.610000134,3.233999968,3.563999891,2.071000099,29.61599922
2016/7/4 13:00,10.04699993,5.425000191,6.751999855,3.019999981,3.319999933,1.949000001,30.408684796270766
2016/7/4 13:15,10.58300018,6.09499979,6.787000179,2.984999895,3.229000092,1.980000019,28.77199936
2016/7/4 13:30,10.04699993,5.290999889,6.71600008,2.842999935,3.259000063,2.315000057,30.03800011
2016/7/4 13:45,10.64999962,5.559000015,6.681000233,3.197999954,3.349999905,2.071000099,30.390794710205977
2016/7/4 14:00,10.51599979,6.027999878,7.106999874,3.375999928,3.137000084,1.91900003,30.3741552169753
2016/7/4 14:15,10.64999962,5.960999966,6.787000179,3.588999987,3.259000063,2.071000099,30.32806863743666
2016/7/4 14:30,10.64999962,6.09499979,7.143000126,2.914000034,3.259000063,1.980000019,31.02300072
2016/7/4 14:45,9.845999718,5.492000103,6.644999981,3.127000093,3.319999933,2.071000099,30.363662236680028
2016/7/4 15:00,10.71700001,6.09499979,6.787000179,3.019999981,3.167999983,2.00999999,31.72599983
2016/7/4 15:15,10.04699993,5.223999977,6.573999882,2.842999935,3.381000042,2.101999998,31.375
2016/7/4 15:30,10.04699993,5.223999977,6.71600008,2.700999975,3.686000109,2.040999889,31.79700089
2016/7/4 15:45,9.979999542,5.022999763,6.610000134,2.736000061,3.319999933,1.980000019,30.451104922829916
2016/7/4 16:00,9.979999542,5.022999763,6.502999783,2.559000015,3.441999912,2.040999889,30.456585192375965
2016/7/4 16:15,10.51599979,5.090000153,6.751999855,2.451999903,3.71600008,2.131999969,30.494417033176966
2016/7/4 16:30,10.85099983,5.492000103,6.928999901,2.842999935,3.654999971,2.101999998,30.45494557692215
2016/7/4 16:45,10.7840004,5.022999763,7.071000099,2.594000101,3.654999971,2.00999999,30.529903439789404
2016/7/4 17:00,11.31999969,5.090000153,7.355999947,2.451999903,3.868000031,2.040999889,30.5796591663345
2016/7/4 17:15,11.92199993,5.157000065,7.81799984,2.381000042,4.051000118,2.28399992,28.77199936
2016/7/4 17:30,11.78800011,4.889999866,7.747000217,2.345000029,4.081999779,2.00999999,30.655568866514994
2016/7/4 17:45,11.52099991,4.956999779,7.390999794,2.664999962,4.111999989,2.040999889,30.581292124577445
2016/7/4 18:00,11.38700008,4.956999779,7.355999947,2.451999903,4.295000076,2.193000078,28.9829998
2016/7/4 18:15,9.645000458,3.951999903,7.143000126,2.309999943,2.650000095,1.279000044,29.61599922
2016/7/4 18:30,9.376999855,3.951999903,6.751999855,2.273999929,2.467000008,1.279000044,30.62741712604241
2016/7/4 18:45,9.376999855,3.750999928,6.965000153,2.239000082,2.405999899,1.187999964,30.668214187896464
2016/7/4 19:00,9.376999855,3.88499999,6.894000053,2.239000082,2.467000008,1.187999964,30.654700908500832
2016/7/4 19:15,9.645000458,3.88499999,7.071000099,2.239000082,2.528000116,1.248999953,30.671471613094642
2016/7/4 19:30,9.845999718,3.951999903,7.143000126,2.273999929,2.650000095,1.309999943,30.67091262755899
2016/7/4 19:45,9.779000282,4.487999916,7.0,2.273999929,2.710999966,1.371000051,29.89699936
2016/7/4 20:00,10.11400032,4.085999966,7.143000126,2.239000082,2.954999924,1.462000012,25.18400002
2016/7/4 20:15,10.51599979,4.554999828,7.106999874,2.273999929,3.77699995,1.76699996,30.614270490081285
2016/7/4 20:30,10.58300018,4.68900013,6.857999802,2.273999929,3.868000031,1.91900003,30.57611151184272
2016/7/4 20:45,10.51599979,4.822999954,6.928999901,2.381000042,3.594000101,1.980000019,29.47500038
2016/7/4 21:00,10.38199997,4.822999954,6.894000053,2.309999943,3.503000021,2.00999999,30.53100014
2016/7/4 21:15,10.7840004,5.357999802,7.177999973,2.345000029,3.471999884,1.980000019,30.539055381879386
2016/7/4 21:30,10.31499958,4.487999916,6.822999954,2.025000095,3.411000013,1.980000019,30.59049902854855
2016/7/4 21:45,10.11400032,4.554999828,6.681000233,2.096999884,3.381000042,2.071000099,30.550065062045228
2016/7/4 22:00,9.645000458,4.889999866,6.610000134,1.91900003,3.259000063,1.91900003,27.64599991
2016/7/4 22:15,10.71700001,4.622000217,7.284999847,2.167999983,3.503000021,1.91900003,30.620728520716145
2016/7/4 22:30,11.72099972,5.425000191,7.81799984,2.630000114,3.229000092,1.91900003,30.59221097932196
2016/7/4 22:45,11.78800011,6.027999878,8.102000237,2.984999895,3.259000063,2.040999889,30.51992407481319
2016/7/4 23:00,12.72599983,6.497000217,9.345999718,3.482000113,3.167999983,1.980000019,30.561095266346094
2016/7/4 23:15,12.52499962,5.960999966,9.204000473,3.411000013,3.137000084,1.980000019,26.37999916
2016/7/4 23:30,12.45800018,6.229000092,8.883999825,3.339999914,3.075999975,1.91900003,30.560246705301978
2016/7/4 23:45,11.11900043,5.827000141,8.670999527,3.482000113,3.015000105,1.949000001,26.30999947
2016/7/5 0:00,11.98900032,5.625999928,8.777000427,2.948999882,3.197999954,1.980000019,25.95800018
2016/7/5 0:15,10.51599979,5.425000191,7.214000225,2.842999935,3.015000105,1.91900003,26.30999947
2016/7/5 0:30,12.52499962,5.827000141,8.635000229,3.802000046,3.289999962,2.00999999,27.36499977
2016/7/5 0:45,11.45400047,6.027999878,8.137999535,3.092000008,3.075999975,2.00999999,30.49800807002363
2016/7/5 1:00,12.52499962,6.296000004,8.954999924,3.163000107,3.137000084,2.00999999,25.95800018
2016/7/5 1:15,9.31000042,5.223999977,6.395999908,2.167999983,3.015000105,1.888000011,25.04400063
2016/7/5 1:30,10.24800014,5.357999802,7.214000225,2.772000074,2.984999895,2.040999889,24.97299957
2016/7/5 1:45,11.38700008,5.559000015,8.56400013,3.019999981,3.075999975,2.071000099,25.74699974
2016/7/5 2:00,12.32400036,6.296000004,8.812999725,3.375999928,2.984999895,1.91900003,30.540514777585035
2016/7/5 2:15,9.779000282,5.223999977,6.183000088,2.381000042,2.924000025,1.91900003,30.440304927926014
2016/7/5 2:30,10.24800014,4.756000042,8.670999527,2.381000042,2.832999945,1.888000011,26.73200035
2016/7/5 2:45,12.25699997,6.09499979,8.954999924,3.838000059,2.832999945,1.85800004,27.9279995
2016/7/5 3:00,10.71700001,5.425000191,8.065999985,2.878000021,2.832999945,1.85800004,30.540060856858144
2016/7/5 3:15,10.31499958,4.956999779,7.143000126,2.451999903,2.862999916,1.91900003,29.19400024
2016/7/5 3:30,10.44900036,4.554999828,6.894000053,2.381000042,2.954999924,1.949000001,30.559764491507703
2016/7/5 3:45,11.78800011,5.69299984,8.847999573,3.055999994,3.046000004,1.949000001,30.591221247835144
2016/7/5 4:00,11.31999969,5.625999928,7.676000118,2.630000114,3.046000004,1.888000011,30.45999908
2016/7/5 4:15,10.31499958,5.357999802,7.320000172,2.630000114,3.046000004,2.253999949,30.46324179504314
2016/7/5 4:30,9.243000031,4.956999779,6.076000214,2.273999929,3.137000084,2.071000099,30.424211820110038
2016/7/5 4:45,10.7840004,5.425000191,7.461999893,2.239000082,3.319999933,2.131999969,30.54392250270673
2016/7/5 5:00,10.85099983,4.68900013,6.822999954,1.883000016,3.319999933,2.040999889,31.375
2016/7/5 5:15,12.12300014,5.090000153,8.137999535,2.273999929,3.319999933,1.949000001,31.65600014
2016/7/5 5:30,11.18599987,4.287000179,7.071000099,1.77699995,3.563999891,1.91900003,30.693100954117707
2016/7/5 5:45,12.32400036,5.69299984,8.670999527,2.878000021,3.77699995,1.980000019,32.21900177
2016/7/5 6:00,13.32900047,5.425000191,8.883999825,2.736000061,4.081999779,1.949000001,30.724358526020875
2016/7/5 6:15,12.6590004,5.625999928,8.812999725,2.842999935,3.928999901,1.949000001,32.21900177
2016/7/5 6:30,11.72099972,4.956999779,7.747000217,2.415999889,3.838000059,1.980000019,32.71099854
2016/7/5 6:45,11.45400047,5.760000229,7.923999786,2.948999882,3.806999922,1.949000001,32.71099854
2016/7/5 7:00,11.45400047,5.223999977,7.853000164,2.772000074,3.654999971,2.00999999,31.72599983
2016/7/5 7:15,12.85999966,5.69299984,8.741999626,2.948999882,3.563999891,1.91900003,31.51499939
2016/7/5 7:30,11.52099991,5.894000053,7.320000172,3.163000107,3.625,2.040999889,30.45476776881632
2016/7/5 7:45,11.5880003,5.827000141,7.568999767,3.197999954,3.563999891,2.315000057,31.30400085
2016/7/5 8:00,11.05200005,5.960999966,7.461999893,3.127000093,3.563999891,2.101999998,30.31999969
2016/7/5 8:15,11.5880003,5.625999928,7.710999966,3.019999981,3.532999992,2.071000099,30.511415026464267
2016/7/5 8:30,11.65499973,5.960999966,7.532999992,3.305000067,3.503000021,2.131999969,29.68600082
2016/7/5 8:45,10.91800022,4.889999866,7.532999992,2.948999882,3.471999884,2.040999889,29.68600082
2016/7/5 9:00,10.98499966,6.027999878,7.532999992,2.700999975,3.411000013,2.040999889,30.45999908
2016/7/5 9:15,11.65499973,5.625999928,7.532999992,2.451999903,3.441999912,1.949000001,30.573598727939046
2016/7/5 9:30,11.11900043,6.027999878,7.81799984,2.772000074,3.563999891,2.101999998,30.489275613821583
2016/7/5 9:45,11.31999969,5.69299984,7.888999939,2.451999903,3.654999971,2.071000099,33.41500092
2016/7/5 10:00,12.79300022,5.960999966,8.56400013,3.447000027,3.838000059,2.163000107,30.543827262309744
2016/7/5 10:15,12.18999958,5.625999928,8.38599968,2.914000034,3.898999929,1.949000001,32.7820015
2016/7/5 10:30,14.13300037,6.027999878,9.131999969,3.163000107,4.203000069,2.071000099,32.71099854
2016/7/5 10:45,13.19499969,6.631000042,9.131999969,3.482000113,4.507999897,2.223999977,30.544046756336034
2016/7/5 11:00,13.39599991,6.429999828,8.741999626,3.482000113,4.598999977,2.253999949,31.09300041
2016/7/5 11:15,12.72599983,6.229000092,8.137999535,2.772000074,4.203000069,2.163000107,29.89699936
2016/7/5 11:30,11.85499954,6.09499979,7.676000118,3.019999981,3.898999929,2.071000099,30.49072508545595
2016/7/5 11:45,10.91800022,5.090000153,7.249000072,2.203000069,3.746000051,2.071000099,26.09900093
2016/7/5 12:00,11.25300026,5.425000191,7.676000118,2.736000061,3.594000101,2.00999999,30.544493135880227
2016/7/5 12:15,11.05200005,5.090000153,7.071000099,2.203000069,3.441999912,1.980000019,26.16900063
2016/7/5 12:30,10.85099983,5.357999802,7.143000126,3.019999981,3.441999912,2.040999889,30.464923945728838
2016/7/5 12:45,10.71700001,5.357999802,6.644999981,2.096999884,3.411000013,2.00999999,26.66200066
2016/7/5 13:00,9.913000107,4.554999828,6.681000233,2.309999943,3.319999933,1.91900003,30.535973190744766
2016/7/5 13:15,10.04699993,4.622000217,6.71600008,2.061000109,3.229000092,1.91900003,27.29500008
2016/7/5 13:30,10.91800022,4.889999866,6.787000179,2.415999889,3.411000013,2.00999999,30.5439860433068
2016/7/5 13:45,10.04699993,5.357999802,6.822999954,2.415999889,3.411000013,2.040999889,27.29500008
2016/7/5 14:00,10.18099976,5.357999802,7.320000172,2.486999989,3.319999933,2.071000099,28.77199936
2016/7/5 14:15,10.7840004,4.822999954,7.355999947,2.559000015,3.167999983,1.949000001,28.42000008
2016/7/5 14:30,10.04699993,5.290999889,6.928999901,2.203000069,3.167999983,1.91900003,29.47500038
2016/7/5 14:45,10.7840004,5.357999802,7.320000172,2.630000114,3.259000063,1.980000019,31.09300041
2016/7/5 15:00,10.85099983,5.223999977,7.249000072,2.415999889,3.319999933,1.949000001,30.60099983
2016/7/5 15:15,10.24800014,5.022999763,6.894000053,2.167999983,3.319999933,1.980000019,30.53791122789117
2016/7/5 15:30,10.44900036,5.425000191,7.0,2.700999975,3.411000013,2.163000107,31.30400085
2016/7/5 15:45,10.31499958,5.492000103,7.106999874,2.878000021,3.289999962,2.131999969,31.72599983
2016/7/5 16:00,10.04699993,5.022999763,6.894000053,2.736000061,3.167999983,2.253999949,30.439524520774413
2016/7/5 16:15,10.64999962,5.894000053,7.177999973,2.878000021,3.289999962,2.071000099,30.428731571291518
2016/7/5 16:30,11.11900043,5.492000103,7.427000046,2.914000034,3.594000101,2.101999998,30.490032183366075
2016/7/5 16:45,11.45400047,5.559000015,7.568999767,2.806999922,4.051000118,2.101999998,32.85200119
2016/7/5 17:00,11.92199993,5.425000191,7.923999786,2.878000021,4.386000156,2.101999998,30.5725428425013
2016/7/5 17:15,11.92199993,5.357999802,7.81799984,2.948999882,4.081999779,2.040999889,30.567915009324345
2016/7/5 17:30,12.12300014,5.157000065,8.137999535,2.559000015,3.960000038,2.193000078,30.632385670731534
2016/7/5 17:45,11.65499973,5.223999977,7.81799984,2.664999962,3.960000038,2.101999998,32.21900177
2016/7/5 18:00,11.45400047,4.956999779,7.461999893,2.345000029,3.99000001,2.040999889,31.51499939
2016/7/5 18:15,10.91800022,5.022999763,7.106999874,2.486999989,3.928999901,2.071000099,31.79700089
2016/7/5 18:30,10.71700001,4.956999779,6.965000153,2.736000061,3.746000051,2.00999999,31.93799973
2016/7/5 18:45,10.7840004,4.956999779,7.0,2.415999889,3.77699995,2.040999889,32.36000061
2016/7/5 19:00,10.85099983,4.68900013,7.071000099,2.345000029,3.806999922,1.949000001,30.590350949499523
2016/7/5 19:15,10.91800022,4.756000042,7.071000099,2.273999929,3.838000059,1.949000001,31.375
2016/7/5 19:30,10.85099983,4.68900013,7.0,2.239000082,3.868000031,1.949000001,31.375
2016/7/5 19:45,11.11900043,4.822999954,7.106999874,2.239000082,4.020999908,2.00999999,30.60078945300547
2016/7/5 20:00,11.18599987,4.622000217,7.284999847,2.203000069,3.898999929,1.888000011,30.645535597515643
2016/7/5 20:15,11.25300026,4.756000042,7.284999847,2.167999983,3.928999901,1.980000019,30.63236699189001
2016/7/5 20:30,10.98499966,4.68900013,7.106999874,2.203000069,3.898999929,1.980000019,30.610290580701715
2016/7/5 20:45,10.98499966,4.68900013,6.965000153,2.239000082,3.746000051,2.071000099,31.65600014
2016/7/5 21:00,10.64999962,4.68900013,6.894000053,2.167999983,3.806999922,2.00999999,30.58130395262733
2016/7/5 21:15,10.31499958,4.152999878,6.751999855,1.63499999,3.563999891,2.040999889,30.644128897854728
2016/7/5 21:30,10.18099976,4.421000004,6.928999901,1.84800005,3.806999922,1.888000011,30.62734197773874
2016/7/5 21:45,10.64999962,5.223999977,6.965000153,2.273999929,3.471999884,2.131999969,30.51967480087417
2016/7/5 22:00,9.979999542,4.354000092,6.644999981,1.91900003,3.563999891,1.980000019,30.95299911
2016/7/5 22:15,11.92199993,5.625999928,8.31499958,3.092000008,3.441999912,1.949000001,31.44499969
2016/7/5 22:30,10.7840004,4.756000042,7.568999767,2.451999903,3.381000042,1.91900003,30.601858937666847
2016/7/5 22:45,11.18599987,5.827000141,7.676000118,2.736000061,3.289999962,1.980000019,30.74200058
2016/7/5 23:00,11.85499954,5.760000229,7.81799984,2.700999975,3.259000063,1.949000001,30.563841351166975
2016/7/5 23:15,10.91800022,5.625999928,7.747000217,3.019999981,3.229000092,1.949000001,30.45999908
2016/7/5 23:30,11.31999969,5.69299984,7.888999939,3.163000107,3.349999905,2.040999889,30.49263710147373
2016/7/5 23:45,11.11900043,6.027999878,8.421999931,3.482000113,3.075999975,1.949000001,30.467746000675287
2016/7/6 0:00,10.38199997,5.090000153,6.467000008,2.842999935,3.015000105,1.827999949,28.91300011
2016/7/6 0:15,11.11900043,5.223999977,8.173000336,3.092000008,2.954999924,1.888000011,30.555658238496832
2016/7/6 0:30,11.85499954,5.827000141,8.741999626,3.127000093,2.924000025,1.91900003,30.573228597897195
2016/7/6 0:45,10.18099976,5.357999802,6.71600008,2.131999969,2.924000025,1.85800004,29.96800041
2016/7/6 1:00,10.71700001,5.425000191,7.498000145,2.309999943,2.832999945,1.91900003,30.555543846540463
2016/7/6 1:15,9.845999718,5.157000065,6.218999863,2.594000101,2.862999916,1.91900003,30.67099953
2016/7/6 1:30,9.51099968,5.425000191,6.71600008,2.594000101,2.984999895,1.980000019,30.74200058
2016/7/6 1:45,10.44900036,5.625999928,7.676000118,2.594000101,2.924000025,1.949000001,30.50855714239387
2016/7/6 2:00,10.85099983,5.357999802,7.81799984,2.878000021,2.832999945,1.85800004,31.51499939
2016/7/6 2:15,10.11400032,5.357999802,7.071000099,2.594000101,2.832999945,1.827999949,30.38999939
2016/7/6 2:30,11.38700008,6.162000179,7.994999886,3.375999928,3.075999975,2.223999977,30.31999969
2016/7/6 2:45,10.38199997,4.68900013,6.538000107,2.167999983,3.259000063,1.91900003,30.95299911
2016/7/6 3:00,9.779000282,5.157000065,5.96999979,2.345000029,3.167999983,2.131999969,30.413963982894145
2016/7/6 3:15,9.711999893,4.487999916,6.467000008,2.096999884,3.197999954,2.00999999,30.52869226488664
2016/7/6 3:30,10.71700001,5.157000065,7.320000172,2.309999943,3.349999905,1.980000019,31.375
2016/7/6 3:45,9.645000458,4.889999866,6.71600008,2.239000082,2.924000025,1.980000019,30.498503947623135
2016/7/6 4:00,9.376999855,4.487999916,6.254000187,2.273999929,3.015000105,2.040999889,30.477458638901716
2016/7/6 4:15,9.109000206,4.622000217,5.862999916,2.167999983,3.349999905,2.101999998,30.43832856855465
2016/7/6 4:30,10.71700001,5.425000191,7.106999874,2.664999962,3.259000063,2.163000107,30.81200027
2016/7/6 4:45,10.7840004,4.889999866,7.710999966,2.239000082,3.259000063,2.040999889,30.607564887744612
2016/7/6 5:00,11.38700008,5.559000015,7.853000164,2.842999935,3.259000063,2.345000029,30.10899925
2016/7/6 5:15,11.92199993,5.559000015,8.208999634,2.878000021,3.563999891,2.071000099,30.45999908
2016/7/6 5:30,12.12300014,5.022999763,8.279999733,2.167999983,3.686000109,2.040999889,29.89699936
2016/7/6 5:45,11.18599987,4.822999954,7.214000225,2.061000109,3.868000031,1.980000019,30.31999969
2016/7/6 6:00,11.85499954,4.487999916,8.208999634,2.096999884,3.868000031,1.85800004,30.756169974128287
2016/7/6 6:15,11.78800011,4.487999916,7.960000038,2.273999929,3.71600008,1.888000011,30.71532967117359
2016/7/6 6:30,11.5880003,5.357999802,7.320000172,2.594000101,3.71600008,1.888000011,29.75699997
2016/7/6 6:45,11.92199993,4.822999954,7.994999886,2.736000061,3.532999992,1.85800004,29.82699966
2016/7/6 7:00,12.52499962,6.162000179,9.131999969,3.625,3.532999992,1.888000011,29.61599922
2016/7/6 7:15,12.59200001,5.894000053,9.23900032,2.914000034,3.503000021,1.980000019,30.652144254027455
2016/7/6 7:30,12.45800018,6.09499979,9.274999619,3.339999914,3.503000021,1.91900003,29.82699966
2016/7/6 7:45,13.59700012,6.631000042,9.737000465,3.696000099,3.471999884,1.949000001,30.31999969
2016/7/6 8:00,12.72599983,6.362999916,9.345999718,3.375999928,3.71600008,1.980000019,30.586262019388922
2016/7/6 8:15,11.5880003,5.022999763,7.853000164,2.523000002,3.594000101,1.949000001,30.95299911
2016/7/6 8:30,11.38700008,4.889999866,7.960000038,2.842999935,3.471999884,1.980000019,30.598247451591455
2016/7/6 8:45,11.45400047,5.492000103,7.427000046,2.948999882,3.471999884,1.85800004,31.79700089
2016/7/6 9:00,11.11900043,4.756000042,7.177999973,2.131999969,3.349999905,1.980000019,32.99300003
2016/7/6 9:15,10.85099983,4.822999954,7.532999992,2.096999884,3.471999884,1.980000019,30.627545804533312
2016/7/6 9:30,10.98499966,5.357999802,7.960000038,3.197999954,3.471999884,1.888000011,30.52065548993137
2016/7/6 9:45,11.25300026,5.625999928,8.244000435,2.984999895,3.746000051,1.888000011,30.55474996136764
2016/7/6 10:00,11.78800011,4.889999866,8.031000137,2.451999903,3.563999891,1.85800004,30.674723046849437
2016/7/6 10:15,11.98900032,4.956999779,8.706000328,2.486999989,3.77699995,1.888000011,30.71542895155876
2016/7/6 10:30,13.73099995,5.827000141,8.812999725,2.630000114,3.99000001,1.827999949,30.732680899698376
2016/7/6 10:45,13.59700012,5.090000153,8.847999573,2.559000015,4.172999859,1.76699996,30.797619682973
2016/7/6 11:00,13.12800026,4.956999779,8.670999527,2.772000074,3.99000001,1.91900003,30.734914948662492
2016/7/6 11:15,11.5880003,5.559000015,8.493000031,3.163000107,3.77699995,1.827999949,30.579228013471695
2016/7/6 11:30,11.85499954,5.559000015,7.676000118,3.163000107,3.441999912,1.76699996,30.545183826473338
2016/7/6 11:45,10.24800014,4.956999779,7.106999874,2.559000015,3.137000084,1.674999952,30.24900055
2016/7/6 12:00,10.58300018,4.756000042,7.0,2.061000109,2.954999924,1.644999981,30.62413105828485
2016/7/6 12:15,10.38199997,5.492000103,7.81799984,2.878000021,2.894000053,1.674999952,30.67099953
2016/7/6 12:30,10.51599979,5.357999802,7.782000065,2.772000074,3.046000004,1.735999942,30.95299911
2016/7/6 12:45,11.11900043,4.756000042,8.031000137,2.523000002,3.137000084,1.70599997,31.02300072
2016/7/6 13:00,10.31499958,5.290999889,7.498000145,2.345000029,3.046000004,1.70599997,30.569139080611013
2016/7/6 13:15,11.05200005,5.357999802,7.853000164,2.984999895,2.772000074,1.613999963,32.57099915
2016/7/6 13:30,10.18099976,4.354000092,7.568999767,2.594000101,2.618999958,1.76699996,30.5995172149935
2016/7/6 13:45,10.24800014,5.357999802,7.676000118,2.806999922,2.618999958,1.70599997,30.521914942542733
2016/7/6 14:00,9.444000244,5.022999763,6.965000153,2.203000069,2.650000095,1.644999981,30.53377931371782
2016/7/6 14:15,11.18599987,5.357999802,7.888999939,3.305000067,2.650000095,1.674999952,32.71099854
2016/7/6 14:30,10.51599979,5.492000103,7.994999886,2.736000061,2.618999958,1.552999973,30.568310626567058
2016/7/6 14:45,10.51599979,5.223999977,7.532999992,2.700999975,2.680000067,1.583999991,28.20899963
2016/7/6 15:00,10.44900036,4.21999979,7.0,2.381000042,2.710999966,1.583999991,28.9829998
2016/7/6 15:15,9.779000282,4.21999979,7.143000126,2.309999943,2.680000067,1.523000002,30.62122877971005
2016/7/6 15:30,9.913000107,4.152999878,6.787000179,1.953999996,2.710999966,1.523000002,30.64644697097377
2016/7/6 15:45,9.578000069,4.085999966,7.035999775,1.99000001,2.680000067,1.552999973,27.36499977
2016/7/6 16:00,9.845999718,4.085999966,7.071000099,1.91900003,2.710999966,1.552999973,27.71699905
2016/7/6 16:15,10.11400032,4.085999966,7.177999973,2.309999943,2.862999916,1.644999981,30.636265533286622
2016/7/6 16:30,10.64999962,4.889999866,7.568999767,2.594000101,3.411000013,1.644999981,30.602752517877253
2016/7/6 16:45,10.85099983,4.889999866,7.604000092,2.630000114,3.167999983,1.70599997,30.38999939
2016/7/6 17:00,10.98499966,4.756000042,7.639999866,2.630000114,3.289999962,1.644999981,30.62738853367507
2016/7/6 17:15,11.18599987,4.756000042,7.604000092,2.415999889,3.654999971,1.76699996,30.645402458445457
2016/7/6 17:30,11.18599987,4.554999828,7.568999767,2.451999903,3.594000101,1.674999952,30.66395233696815
2016/7/6 17:45,11.25300026,4.421000004,7.604000092,2.239000082,3.503000021,1.644999981,28.77199936
2016/7/6 18:00,10.71700001,4.287000179,7.320000172,2.096999884,3.319999933,1.644999981,24.34000015
2016/7/6 18:15,9.913000107,3.88499999,6.751999855,1.91900003,3.137000084,1.523000002,25.25499916
2016/7/6 18:30,8.907999992,3.88499999,6.005000114,1.598999977,2.954999924,1.491999984,27.57600021
2016/7/6 18:45,9.243000031,3.549999952,6.147999763,1.491999984,3.046000004,1.523000002,30.669756654601322
2016/7/6 19:00,9.175999641,3.549999952,6.005000114,1.56400001,3.107000113,1.613999963,29.68600082
2016/7/6 19:15,9.31000042,3.617000103,6.183000088,1.56400001,3.107000113,1.797000051,30.38999939
2016/7/6 19:30,9.51099968,3.617000103,6.111999989,1.56400001,3.349999905,1.674999952,30.24900055
2016/7/6 19:45,9.779000282,3.88499999,6.254000187,1.56400001,3.381000042,1.70599997,30.65163415458221
2016/7/6 20:00,9.645000458,4.152999878,6.254000187,1.457000017,3.411000013,1.735999942,30.24900055
2016/7/6 20:15,10.11400032,3.684000015,6.43200016,1.386000037,3.625,2.040999889,30.674855584398586
2016/7/6 20:30,9.845999718,3.750999928,6.324999809,1.77699995,3.594000101,1.797000051,30.74200058
2016/7/6 20:45,9.444000244,3.818000078,5.862999916,1.172999978,3.686000109,1.76699996,30.652409676233823
2016/7/6 21:00,8.505999565,2.880000114,5.436999798,0.745999992,3.532999992,1.827999949,29.96800041
2016/7/6 21:15,10.38199997,3.013999939,7.461999893,0.816999972,3.075999975,1.613999963,30.899054657296713
2016/7/6 21:30,10.58300018,3.214999914,7.249000072,1.457000017,2.954999924,1.644999981,30.81166217245544
2016/7/6 21:45,10.51599979,3.415999889,6.822999954,0.603999972,3.167999983,1.613999963,29.68600082
2016/7/6 22:00,10.51599979,3.348999977,7.106999874,1.279000044,3.259000063,1.644999981,29.54599953
2016/7/6 22:15,12.45800018,4.822999954,8.883999825,2.559000015,3.046000004,1.644999981,29.82699966
2016/7/6 22:30,12.72599983,4.21999979,9.843000412,2.381000042,3.381000042,1.644999981,30.906530038830027
2016/7/6 22:45,13.26200008,5.223999977,9.522999763,2.309999943,3.046000004,1.613999963,30.84639623570421
2016/7/6 23:00,13.39599991,4.68900013,10.23400021,2.381000042,3.259000063,1.674999952,28.49099922
2016/7/6 23:15,13.86499977,5.69299984,10.97999954,3.055999994,3.046000004,1.70599997,30.84394303159156
2016/7/6 23:30,12.79300022,4.889999866,9.701000214,2.948999882,2.894000053,1.644999981,30.790972601925645
2016/7/6 23:45,13.73099995,4.622000217,10.3760004,2.559000015,2.954999924,1.523000002,30.947994282911456
2016/7/7 0:00,12.59200001,5.157000065,9.204000473,2.309999943,2.772000074,1.613999963,28.56100082
2016/7/7 0:15,14.53499985,5.894000053,11.79800034,3.838000059,2.710999966,1.613999963,30.838801650102706
2016/7/7 0:30,12.85999966,5.022999763,10.09200001,2.984999895,2.497999907,1.462000012,29.0529995
2016/7/7 0:45,13.12800026,5.827000141,10.12699986,3.233999968,2.467000008,1.491999984,30.74932828368942
2016/7/7 1:00,14.19999981,6.229000092,11.19400024,3.447000027,2.559000015,1.552999973,28.77199936
2016/7/7 1:15,12.92700005,5.357999802,10.3760004,3.375999928,2.528000116,1.523000002,28.35000038
2016/7/7 1:30,12.39099979,5.090000153,9.026000023,3.019999981,2.528000116,1.613999963,27.71699905
2016/7/7 1:45,13.9989996,6.027999878,11.30000019,3.838000059,2.772000074,1.644999981,27.99799919
2016/7/7 2:00,12.59200001,6.229000092,10.9090004,3.696000099,2.528000116,1.523000002,30.69434679014467
2016/7/7 2:15,12.39099979,5.425000191,9.984999657,3.127000093,2.497999907,1.523000002,28.20899963
2016/7/7 2:30,14.2670002,6.296000004,11.40699959,3.730999947,2.559000015,1.583999991,30.78632005490153
2016/7/7 2:45,14.19999981,6.429999828,11.08699989,3.411000013,2.832999945,1.674999952,28.42000008
2016/7/7 3:00,14.2670002,6.362999916,11.12199974,3.872999907,2.832999945,1.674999952,28.13899994
2016/7/7 3:15,12.6590004,5.69299984,10.12699986,3.197999954,2.710999966,1.70599997,27.64599991
2016/7/7 3:30,13.32900047,5.559000015,10.8739996,3.197999954,2.650000095,1.613999963,27.9279995
2016/7/7 3:45,13.9989996,6.362999916,11.15799999,3.552999973,2.588999987,1.76699996,30.75163924758283
2016/7/7 4:00,12.59200001,5.090000153,9.204000473,2.772000074,2.680000067,1.827999949,30.73227198661925
2016/7/7 4:15,13.39599991,6.027999878,9.913999557,2.806999922,2.710999966,1.76699996,26.66200066
2016/7/7 4:30,14.46800041,5.69299984,11.01599979,3.233999968,2.772000074,1.797000051,26.94300079
2016/7/7 4:45,14.19999981,6.362999916,11.30000019,3.233999968,3.167999983,1.797000051,30.803332904237692
2016/7/7 5:00,13.73099995,5.625999928,10.66100025,2.984999895,3.229000092,1.76699996,26.73200035
2016/7/7 5:15,15.60599995,6.631000042,12.04599953,3.625,3.229000092,1.980000019,26.30999947
2016/7/7 5:30,15.00399971,5.894000053,11.90400028,3.019999981,3.349999905,1.76699996,26.23900032
2016/7/7 5:45,16.27599907,6.56400013,12.72200012,3.696000099,3.137000084,1.613999963,27.29500008
2016/7/7 6:00,15.13700008,5.760000229,11.22900009,2.948999882,3.319999933,1.644999981,30.93237190738516
2016/7/7 6:15,15.06999969,6.229000092,12.01099968,3.375999928,3.289999962,1.644999981,30.900125652748535
2016/7/7 6:30,15.06999969,6.09499979,11.19400024,3.339999914,3.349999905,1.674999952,30.860485362654515
2016/7/7 6:45,14.06599998,5.223999977,10.6960001,3.163000107,3.289999962,1.735999942,25.5359993
2016/7/7 7:00,14.2670002,5.960999966,10.80300045,3.197999954,3.381000042,1.797000051,30.810468363256266
2016/7/7 7:15,13.9989996,6.362999916,10.8380003,3.305000067,3.411000013,1.797000051,30.760813483126277
2016/7/7 7:30,13.4630003,6.09499979,10.19900036,2.948999882,3.259000063,1.674999952,26.5909996
2016/7/7 7:45,12.85999966,5.223999977,9.23900032,2.736000061,3.381000042,1.76699996,30.75355448941232
2016/7/7 8:00,12.52499962,5.090000153,9.31000042,3.055999994,3.075999975,1.797000051,27.9279995
2016/7/7 8:15,12.59200001,5.827000141,9.559000015,3.269000053,3.259000063,1.85800004,30.65243192833159
2016/7/7 8:30,12.45800018,6.09499979,9.772000313,3.625,3.229000092,1.827999949,30.607275105096804
2016/7/7 8:45,12.6590004,4.889999866,8.812999725,2.630000114,3.107000113,1.85800004,30.740479631095898
2016/7/7 9:00,12.32400036,5.559000015,8.670999527,2.842999935,3.015000105,1.674999952,30.666380879762567
2016/7/7 9:15,12.18999958,4.68900013,9.06099987,2.630000114,3.441999912,1.888000011,30.74842491503049
2016/7/7 9:30,13.06099987,5.090000153,9.487999916,2.772000074,3.197999954,1.70599997,29.0529995
2016/7/7 9:45,12.72599983,5.022999763,9.593999863,2.772000074,3.381000042,1.797000051,28.77199936
2016/7/7 10:00,13.26200008,6.09499979,9.807999611,2.842999935,3.441999912,1.76699996,30.73354928262797
2016/7/7 10:15,14.53499985,6.09499979,10.23400021,3.411000013,3.71600008,1.797000051,30.17900085
2016/7/7 10:30,12.99400043,4.822999954,8.493000031,2.415999889,4.172999859,1.76699996,30.17900085
2016/7/7 10:45,12.79300022,5.223999977,8.208999634,2.061000109,4.020999908,1.76699996,30.760863166022048
2016/7/7 11:00,12.32400036,4.956999779,8.244000435,2.559000015,3.99000001,1.735999942,30.60099983
2016/7/7 11:15,11.5880003,4.822999954,8.208999634,2.273999929,3.838000059,1.70599997,30.71873257687706
2016/7/7 11:30,10.98499966,4.68900013,7.214000225,1.598999977,3.686000109,1.735999942,31.51499939
2016/7/7 11:45,10.51599979,3.750999928,6.751999855,1.350000024,3.259000063,1.644999981,32.07799911
2016/7/7 12:00,9.645000458,3.617000103,6.787000179,1.598999977,3.046000004,1.523000002,32.64099884
2016/7/7 12:15,10.91800022,4.68900013,7.355999947,1.84800005,2.924000025,1.552999973,30.697569933681137
2016/7/7 12:30,10.71700001,4.487999916,7.249000072,1.812000036,3.015000105,1.583999991,30.69732706697816
2016/7/7 12:45,9.779000282,4.287000179,6.787000179,1.77699995,2.740999937,1.552999973,35.10300064
2016/7/7 13:00,10.51599979,4.554999828,7.390999794,2.131999969,2.802000046,1.552999973,30.661429952847502
2016/7/7 13:15,10.38199997,4.487999916,6.965000153,2.025000095,2.802000046,1.523000002,35.8769989
2016/7/7 13:30,10.51599979,4.622000217,7.177999973,2.096999884,2.740999937,1.613999963,35.9469986
2016/7/7 13:45,10.64999962,4.019000053,7.249000072,1.99000001,2.618999958,1.523000002,30.7136495836858
2016/7/7 14:00,9.376999855,3.818000078,6.573999882,1.56400001,2.650000095,1.552999973,30.668529832622145
2016/7/7 14:15,9.845999718,3.750999928,7.532999992,2.167999983,3.046000004,1.674999952,30.682589473406004
2016/7/7 14:30,10.71700001,4.487999916,8.031000137,2.239000082,2.588999987,1.491999984,30.708903214251627
2016/7/7 14:45,9.109000206,4.287000179,6.751999855,1.421000004,2.559000015,1.613999963,38.97200012
2016/7/7 15:00,9.109000206,3.684000015,6.610000134,1.598999977,2.588999987,2.131999969,30.599232121273662
2016/7/7 15:15,9.845999718,3.88499999,6.894000053,1.421000004,2.618999958,1.523000002,38.05799866
2016/7/7 15:30,9.041999817,3.348999977,6.573999882,1.63499999,2.528000116,1.523000002,30.682330465734523
2016/7/7 15:45,9.243000031,3.415999889,6.681000233,1.457000017,2.618999958,1.491999984,30.715400265788595
2016/7/7 16:00,9.243000031,3.415999889,6.538000107,1.70599997,2.984999895,1.552999973,36.79100037
2016/7/7 16:15,9.51099968,4.019000053,6.928999901,2.167999983,2.832999945,1.613999963,30.615851820162685
2016/7/7 16:30,9.845999718,4.019000053,6.857999802,2.167999983,3.015000105,1.674999952,30.62152453526915
2016/7/7 16:45,10.18099976,4.085999966,7.106999874,2.239000082,3.107000113,1.674999952,30.640886070115087
2016/7/7 17:00,10.44900036,4.21999979,7.320000172,2.096999884,3.229000092,1.523000002,30.688882917914547
2016/7/7 17:15,10.91800022,4.085999966,7.532999992,2.096999884,3.411000013,1.76699996,30.70725915833204
2016/7/7 17:30,10.98499966,4.756000042,7.568999767,2.239000082,3.381000042,1.613999963,34.04800034
2016/7/7 17:45,11.31999969,4.354000092,7.639999866,2.203000069,3.563999891,1.644999981,30.717117300027763
2016/7/7 18:00,11.05200005,4.287000179,7.604000092,1.99000001,3.471999884,1.674999952,30.724804386287122
2016/7/7 18:15,10.58300018,4.085999966,7.214000225,2.025000095,3.411000013,1.70599997,33.69599915
2016/7/7 18:30,10.11400032,3.951999903,6.857999802,1.953999996,3.137000084,1.552999973,33.41500092
2016/7/7 18:45,10.11400032,4.085999966,6.894000053,1.99000001,3.229000092,1.613999963,30.657735845040236
2016/7/7 19:00,10.11400032,4.085999966,6.857999802,1.953999996,3.259000063,1.644999981,33.27399826
2016/7/7 19:15,10.24800014,4.085999966,6.894000053,1.953999996,3.319999933,1.644999981,30.664789887548956
2016/7/7 19:30,10.04699993,3.88499999,6.751999855,1.741000056,3.349999905,1.674999952,33.20399857
2016/7/7 19:45,10.44900036,4.019000053,6.894000053,2.061000109,3.503000021,1.644999981,33.13299942
2016/7/7 20:00,11.11900043,4.152999878,7.427000046,1.91900003,3.746000051,1.674999952,30.736242193674677
2016/7/7 20:15,11.05200005,3.88499999,7.249000072,1.77699995,3.746000051,1.613999963,33.20399857
2016/7/7 20:30,11.05200005,3.88499999,7.390999794,1.883000016,3.71600008,1.552999973,33.13299942
2016/7/7 20:45,10.91800022,3.750999928,7.355999947,1.741000056,3.625,1.613999963,30.775495393285183
2016/7/7 21:00,10.44900036,3.282000065,7.106999874,1.279000044,3.594000101,1.70599997,33.62599945
2016/7/7 21:15,10.44900036,4.019000053,6.928999901,1.63499999,3.563999891,1.644999981,32.64099884
2016/7/7 21:30,9.979999542,3.348999977,6.787000179,1.350000024,3.381000042,1.644999981,32.85200119
2016/7/7 21:45,9.779000282,3.750999928,6.538000107,1.421000004,3.229000092,1.674999952,30.695284194757207
2016/7/7 22:00,10.51599979,3.88499999,7.355999947,1.598999977,3.167999983,1.674999952,30.750920222595568
2016/7/7 22:15,10.51599979,3.617000103,7.284999847,2.025000095,3.167999983,1.70599997,30.719599116684925
2016/7/7 22:30,11.31999969,4.085999966,7.888999939,1.669999957,3.349999905,1.70599997,32.07799911
2016/7/7 22:45,11.18599987,4.68900013,8.065999985,1.70599997,3.441999912,1.76699996,32.00799942
2016/7/7 23:00,11.85499954,5.357999802,8.883999825,3.197999954,3.075999975,1.552999973,31.58600044
2016/7/7 23:15,12.6590004,5.357999802,9.31000042,2.664999962,2.984999895,1.523000002,30.770087084033516
2016/7/7 23:30,11.52099991,5.157000065,8.279999733,2.451999903,3.075999975,1.583999991,30.684956962931498
2016/7/7 23:45,12.59200001,5.090000153,9.416999817,3.055999994,2.772000074,1.583999991,30.744921661318728
2016/7/8 0:00,11.85499954,4.756000042,8.883999825,2.984999895,2.954999924,1.523000002,30.718376308838586
2016/7/8 0:15,10.85099983,4.622000217,8.38599968,2.486999989,2.984999895,1.523000002,30.70213311105131
2016/7/8 0:30,11.65499973,4.554999828,8.493000031,2.451999903,2.559000015,1.552999973,30.746619534513616
2016/7/8 0:45,11.31999969,4.554999828,8.741999626,2.594000101,2.588999987,1.309999943,30.74200058
2016/7/8 1:00,10.38199997,4.756000042,7.994999886,2.630000114,2.497999907,1.340000033,30.74200058
2016/7/8 1:15,10.18099976,4.287000179,7.782000065,2.772000074,2.467000008,1.340000033,30.646061936036066
2016/7/8 1:30,11.31999969,5.223999977,9.168000221,3.092000008,2.375999928,1.340000033,30.68222957309626
2016/7/8 1:45,11.85499954,4.622000217,9.131999969,2.984999895,2.345000029,1.340000033,29.89699936
2016/7/8 2:00,11.18599987,5.223999977,8.706000328,2.594000101,2.375999928,1.401000023,30.691061030699107
2016/7/8 2:15,10.04699993,5.022999763,7.782000065,2.309999943,2.345000029,1.401000023,29.82699966
2016/7/8 2:30,11.72099972,5.290999889,9.06099987,3.233999968,2.375999928,1.401000023,30.66796867650612
2016/7/8 2:45,9.845999718,4.554999828,7.143000126,2.772000074,2.405999899,1.401000023,29.0529995
2016/7/8 3:00,10.24800014,4.554999828,7.747000217,2.736000061,2.437000036,1.491999984,30.613900214389147
2016/7/8 3:15,11.65499973,5.425000191,8.56400013,2.948999882,2.467000008,1.523000002,28.91300011
2016/7/8 3:30,11.18599987,4.554999828,8.635000229,2.914000034,2.559000015,1.552999973,29.12400055
2016/7/8 3:45,9.578000069,4.756000042,7.390999794,2.736000061,2.375999928,1.491999984,30.546443171859817
2016/7/8 4:00,10.91800022,4.085999966,8.244000435,2.594000101,2.315000057,1.462000012,29.12400055
2016/7/8 4:15,11.52099991,5.223999977,8.883999825,2.772000074,2.772000074,1.523000002,30.6891302757561
2016/7/8 4:30,11.5880003,5.223999977,8.31499958,2.309999943,2.528000116,1.76699996,30.674278314529598
2016/7/8 4:45,10.31499958,4.019000053,7.355999947,2.239000082,2.680000067,1.523000002,29.54599953
2016/7/8 5:00,12.6590004,5.223999977,9.416999817,2.700999975,2.894000053,1.613999963,29.26399994
2016/7/8 5:15,11.98900032,3.951999903,8.635000229,2.096999884,3.594000101,1.674999952,30.84529976245776
2016/7/8 5:30,11.18599987,4.421000004,7.81799984,1.84800005,3.654999971,1.613999963,28.77199936
2016/7/8 5:45,13.06099987,4.354000092,9.026000023,2.273999929,3.441999912,1.644999981,28.91300011
2016/7/8 6:00,13.59700012,5.425000191,9.737000465,2.984999895,3.471999884,1.644999981,30.792580969033395
2016/7/8 6:15,12.45800018,5.157000065,8.706000328,2.239000082,3.381000042,1.644999981,29.12400055
2016/7/8 6:30,11.98900032,4.822999954,8.244000435,2.559000015,3.319999933,1.644999981,29.12400055
2016/7/8 6:45,13.12800026,5.827000141,9.274999619,2.772000074,3.259000063,1.735999942,28.9829998
2016/7/8 7:00,10.38199997,4.085999966,7.214000225,2.025000095,3.289999962,1.644999981,30.683120104991517
2016/7/8 7:15,9.645000458,4.085999966,6.395999908,1.63499999,3.229000092,1.735999942,29.47500038
2016/7/8 7:30,10.64999962,4.68900013,6.71600008,2.167999983,3.259000063,1.735999942,30.596302861106228
2016/7/8 7:45,9.913000107,3.951999903,6.681000233,1.63499999,3.319999933,1.76699996,29.96800041
2016/7/8 8:00,9.979999542,4.554999828,6.71600008,2.273999929,3.289999962,1.797000051,29.89699936
2016/7/8 8:15,9.711999893,4.68900013,6.751999855,1.883000016,3.137000084,1.76699996,30.57988733198567
2016/7/8 8:30,9.51099968,4.622000217,7.249000072,2.025000095,3.137000084,1.70599997,30.598606968416526
2016/7/8 8:45,9.645000458,4.354000092,6.965000153,2.239000082,3.015000105,1.644999981,30.59091142672123
2016/7/8 9:00,9.645000458,4.019000053,6.894000053,2.594000101,3.015000105,1.644999981,30.57505859265284
2016/7/8 9:15,10.64999962,4.019000053,7.427000046,2.239000082,2.984999895,1.644999981,30.689037782257227
2016/7/8 9:30,10.98499966,4.622000217,7.390999794,2.664999962,3.137000084,1.70599997,30.61010218944835
2016/7/8 9:45,10.38199997,4.152999878,7.249000072,1.77699995,3.319999933,1.76699996,29.89699936
2016/7/8 10:00,11.72099972,4.756000042,7.994999886,2.167999983,3.381000042,1.735999942,30.67099953
2016/7/8 10:15,11.92199993,4.085999966,7.888999939,2.025000095,3.563999891,1.674999952,30.67099953
2016/7/8 10:30,13.19499969,5.223999977,8.56400013,2.772000074,4.203000069,1.735999942,31.09300041
2016/7/8 10:45,12.18999958,5.090000153,8.421999931,1.91900003,3.99000001,1.674999952,30.780468258147994
2016/7/8 11:00,11.78800011,4.21999979,8.031000137,2.131999969,3.928999901,1.827999949,30.761957971227254
2016/7/8 11:15,12.25699997,4.152999878,8.102000237,2.273999929,3.838000059,1.70599997,30.791131072453723
2016/7/8 11:30,10.7840004,4.354000092,7.532999992,1.883000016,3.563999891,1.644999981,30.74200058
2016/7/8 11:45,10.85099983,4.354000092,6.928999901,1.56400001,3.259000063,1.674999952,30.710394262396793
2016/7/8 12:00,10.44900036,4.085999966,7.355999947,1.812000036,3.167999983,1.674999952,30.71188921813043
2016/7/8 12:15,10.31499958,3.617000103,6.502999783,1.84800005,3.075999975,1.613999963,30.689787840420035
2016/7/8 12:30,9.444000244,3.951999903,6.822999954,1.491999984,3.075999975,1.85800004,30.81200027
2016/7/8 12:45,10.31499958,3.415999889,6.751999855,1.315000057,3.107000113,1.674999952,31.51499939
2016/7/8 13:00,10.18099976,3.415999889,6.857999802,1.741000056,3.046000004,1.613999963,30.730501433412858
2016/7/8 13:15,9.444000244,4.354000092,6.467000008,1.598999977,2.984999895,1.583999991,30.62218856274138
2016/7/8 13:30,12.32400036,5.290999889,6.894000053,2.167999983,5.573999882,2.163000107,32.21900177
2016/7/8 13:45,13.06099987,5.157000065,7.249000072,1.953999996,5.544000149,2.437000036,32.28900146
2016/7/8 14:00,12.92700005,5.022999763,6.751999855,1.527999997,5.696000099,2.223999977,32.71099854
2016/7/8 14:15,10.64999962,4.487999916,7.284999847,2.131999969,3.137000084,1.735999942,33.13299942
2016/7/8 14:30,9.711999893,3.818000078,7.0,1.812000036,3.107000113,1.674999952,33.9070015
2016/7/8 14:45,9.645000458,3.88499999,6.751999855,1.598999977,3.319999933,1.674999952,35.03300095
2016/7/8 15:00,10.18099976,4.21999979,6.573999882,1.741000056,3.015000105,1.644999981,34.75099945
2016/7/8 15:15,10.31499958,3.818000078,6.787000179,1.63499999,3.229000092,1.70599997,30.70513383854937
2016/7/8 15:30,9.51099968,3.750999928,6.395999908,1.56400001,3.046000004,1.76699996,30.64804238717247
2016/7/8 15:45,9.845999718,3.617000103,6.502999783,1.243999958,3.259000063,2.040999889,34.61100006
2016/7/8 16:00,9.444000244,3.549999952,6.610000134,1.279000044,2.924000025,1.613999963,30.717424956865486
2016/7/8 16:15,9.913000107,3.617000103,6.502999783,1.457000017,3.075999975,1.674999952,30.703973739045065
2016/7/8 16:30,9.779000282,3.951999903,6.787000179,1.883000016,3.046000004,1.523000002,30.66496074364142
2016/7/8 16:45,10.11400032,4.019000053,7.0,1.883000016,3.411000013,1.735999942,30.667769872084907
2016/7/8 17:00,10.31499958,4.085999966,7.177999973,2.096999884,3.229000092,1.644999981,30.67007585212103
2016/7/8 17:15,10.71700001,3.951999903,7.106999874,1.91900003,3.503000021,1.674999952,30.710693464900082
2016/7/8 17:30,11.05200005,4.019000053,7.427000046,1.99000001,3.594000101,1.674999952,30.734401699956095
2016/7/8 17:45,10.91800022,3.951999903,7.355999947,1.598999977,3.532999992,1.70599997,30.764125191798378
2016/7/8 18:00,10.71700001,3.88499999,7.106999874,1.741000056,3.563999891,1.674999952,33.62599945
2016/7/8 18:15,10.38199997,3.684000015,6.324999809,1.56400001,3.563999891,1.70599997,30.699623314489433
2016/7/8 18:30,10.18099976,3.684000015,6.610000134,1.421000004,3.532999992,1.674999952,34.89199829
2016/7/8 18:45,10.11400032,3.617000103,6.610000134,1.457000017,3.532999992,1.735999942,34.04800034
2016/7/8 19:00,10.18099976,3.617000103,6.467000008,1.421000004,3.594000101,1.674999952,33.55599976
2016/7/8 19:15,10.04699993,3.818000078,6.644999981,1.741000056,3.441999912,1.613999963,33.8370018
2016/7/8 19:30,10.18099976,3.684000015,6.894000053,1.56400001,3.471999884,1.613999963,30.73487436714512
2016/7/8 19:45,11.5880003,4.487999916,7.143000126,1.63499999,4.447000027,1.827999949,30.733544118552356
2016/7/8 20:00,11.85499954,4.085999966,7.639999866,1.56400001,4.263999939,1.85800004,30.807459779054405
2016/7/8 20:15,12.39099979,4.152999878,7.960000038,1.669999957,4.386000156,1.888000011,33.27399826
2016/7/8 20:30,12.45800018,4.085999966,8.137999535,1.812000036,4.568999767,1.91900003,30.836373826651013
2016/7/8 20:45,12.59200001,4.152999878,8.137999535,1.63499999,4.355999947,1.888000011,31.86700058
2016/7/8 21:00,12.72599983,4.354000092,8.244000435,2.131999969,4.295000076,1.76699996,30.81814316783108
2016/7/8 21:15,13.93200016,6.362999916,10.05599976,4.014999866,3.838000059,1.613999963,30.662593611498576
2016/7/8 21:30,13.73099995,6.899000168,10.19900036,3.625,4.051000118,1.613999963,32.14899826
2016/7/8 21:45,14.40100002,5.492000103,9.984999657,2.559000015,3.928999901,1.827999949,30.865963829036637
2016/7/8 22:00,14.06599998,5.357999802,9.666000366,2.239000082,3.77699995,1.70599997,30.88536912195439
2016/7/8 22:15,15.13700008,5.894000053,11.01599979,3.233999968,3.71600008,1.644999981,30.884401403331697
2016/7/8 22:30,16.20899963,6.497000217,12.26000023,3.980000019,3.563999891,1.76699996,30.875873244052485
2016/7/8 22:45,16.20899963,7.099999905,12.57900047,4.014999866,3.77699995,1.70599997,30.857010186640213
2016/7/8 23:00,18.15200043,8.840999603,12.40200043,4.19299984,5.81799984,3.046000004,30.658525675924736
2016/7/8 23:15,14.53499985,6.56400013,11.08699989,3.552999973,3.532999992,1.76699996,30.67099953
2016/7/8 23:30,14.86999989,5.760000229,11.90400028,3.872999907,3.411000013,1.76699996,31.09300041
2016/7/8 23:45,14.46800041,5.69299984,11.08699989,3.197999954,3.563999891,1.70599997,30.53100014
2016/7/9 0:00,14.60200024,5.960999966,11.30000019,3.339999914,3.259000063,1.76699996,30.84423118671305
2016/7/9 0:15,13.59700012,6.09499979,10.5539999,3.482000113,3.167999983,1.613999963,30.74502521130552
2016/7/9 0:30,15.06999969,6.429999828,11.44200039,3.90899992,3.137000084,1.70599997,30.788855784897805
2016/7/9 0:45,14.19999981,6.296000004,10.8380003,3.625,3.107000113,1.735999942,30.746790690521618
2016/7/9 1:00,14.53499985,6.162000179,11.69099998,3.90899992,3.046000004,1.644999981,30.805168120334518
2016/7/9 1:15,14.53499985,6.56400013,11.69099998,3.90899992,3.046000004,1.644999981,30.77608994392142
2016/7/9 1:30,14.06599998,6.56400013,11.40699959,4.300000191,2.894000053,1.613999963,30.03800011
2016/7/9 1:45,14.40100002,5.69299984,11.37100029,3.872999907,2.772000074,1.76699996,29.82699966
2016/7/9 2:00,14.40100002,6.296000004,11.72700024,3.944000006,2.802000046,1.613999963,30.78938872607833
2016/7/9 2:15,14.46800041,6.296000004,11.01599979,3.944000006,2.710999966,1.523000002,30.75823300282522
2016/7/9 2:30,11.18599987,4.889999866,8.456999779,2.806999922,2.740999937,1.644999981,30.65434909634536
2016/7/9 2:45,12.52499962,5.960999966,9.87899971,3.197999954,2.924000025,1.735999942,28.91300011
2016/7/9 3:00,13.9989996,6.497000217,10.94499969,3.197999954,2.710999966,1.674999952,30.775995126233322
2016/7/9 3:15,13.39599991,5.894000053,10.4829998,3.305000067,2.710999966,1.674999952,30.753012259573705
2016/7/9 3:30,13.73099995,5.894000053,10.51799965,3.163000107,2.954999924,1.613999963,28.77199936
2016/7/9 3:45,13.19499969,6.09499979,10.3409996,3.802000046,2.680000067,1.674999952,30.67030624851958
2016/7/9 4:00,14.06599998,6.296000004,11.30000019,3.482000113,2.832999945,2.00999999,28.77199936
2016/7/9 4:15,14.06599998,6.429999828,11.22900009,3.482000113,2.954999924,1.827999949,30.757718213764054
2016/7/9 4:30,14.19999981,6.497000217,11.15799999,3.944000006,2.924000025,1.827999949,28.77199936
2016/7/9 4:45,12.12300014,5.290999889,9.131999969,2.523000002,3.319999933,1.735999942,28.77199936
2016/7/9 5:00,14.2670002,5.425000191,10.8380003,3.019999981,3.319999933,1.76699996,30.872130218640677
2016/7/9 5:15,15.47200012,5.69299984,11.51299953,3.482000113,3.441999912,1.583999991,29.12400055
2016/7/9 5:30,15.53899956,5.894000053,11.93999958,3.838000059,3.259000063,1.552999973,30.90492890795644
2016/7/9 5:45,14.80300045,5.760000229,11.76200008,3.375999928,3.381000042,1.70599997,30.90056133978513
2016/7/9 6:00,14.60200024,5.69299984,10.8739996,3.055999994,3.289999962,1.735999942,30.869815037364823
2016/7/9 6:15,13.19499969,4.68900013,9.522999763,2.167999983,3.411000013,1.735999942,28.35000038
2016/7/9 6:30,11.38700008,3.617000103,8.031000137,1.491999984,3.197999954,1.735999942,30.855613082052255
2016/7/9 6:45,11.18599987,3.282000065,7.853000164,1.136999965,2.618999958,1.248999953,30.94502166325623
2016/7/9 7:00,9.109000206,2.611999989,6.395999908,1.065999985,2.740999937,1.523000002,30.78691074931248
2016/7/9 7:15,10.85099983,3.415999889,7.249000072,1.350000024,3.046000004,1.644999981,30.82090786610877
2016/7/9 7:30,9.645000458,2.678999901,6.43200016,0.425999999,2.924000025,1.523000002,30.874726202791926
2016/7/9 7:45,11.05200005,3.549999952,7.461999893,1.031000018,2.954999924,1.674999952,30.861388845168385
2016/7/9 8:00,11.45400047,3.415999889,8.279999733,1.101999998,3.137000084,1.76699996,28.77199936
2016/7/9 8:15,9.913000107,3.951999903,7.071000099,1.741000056,3.075999975,1.735999942,29.0529995
2016/7/9 8:30,10.44900036,4.354000092,7.071000099,2.486999989,3.046000004,1.827999949,30.58885895510663
2016/7/9 8:45,9.845999718,4.287000179,6.254000187,1.669999957,3.075999975,1.827999949,30.598587378372603
2016/7/9 9:00,9.779000282,3.549999952,6.005000114,1.70599997,3.289999962,1.644999981,30.652341457127097
2016/7/9 9:15,9.645000458,3.88499999,5.934000015,1.457000017,3.107000113,1.76699996,30.627421344701766
2016/7/9 9:30,10.11400032,4.21999979,6.289999962,1.99000001,3.229000092,1.76699996,29.61599922
2016/7/9 9:45,9.979999542,3.951999903,6.395999908,1.207999945,3.563999891,1.85800004,29.82699966
2016/7/9 10:00,10.85099983,4.21999979,6.573999882,1.243999958,3.471999884,1.797000051,30.71870415863072
2016/7/9 10:15,10.64999962,3.951999903,6.681000233,1.669999957,3.686000109,1.827999949,30.60099983
2016/7/9 10:30,11.18599987,4.152999878,7.249000072,1.350000024,4.234000206,1.980000019,31.16399956
2016/7/9 10:45,10.58300018,4.085999966,6.787000179,1.172999978,3.898999929,1.76699996,30.743499829216912
2016/7/9 11:00,10.51599979,3.48300004,6.610000134,1.350000024,3.868000031,1.735999942,30.75859458117992
2016/7/9 11:15,10.51599979,4.019000053,7.249000072,1.421000004,3.71600008,1.644999981,30.76074800529382
2016/7/9 11:30,10.04699993,4.019000053,6.183000088,1.136999965,3.381000042,1.70599997,30.95299911
2016/7/9 11:45,9.645000458,3.282000065,5.791999817,0.958999991,3.289999962,1.76699996,30.71405393116882
2016/7/9 12:00,9.779000282,3.617000103,5.899000168,0.852999985,3.229000092,1.70599997,30.71946833471101
2016/7/9 12:15,9.645000458,3.214999914,6.395999908,1.279000044,3.259000063,1.674999952,30.733790047281833
2016/7/9 12:30,9.376999855,3.750999928,6.502999783,1.421000004,3.046000004,1.644999981,30.81200027
2016/7/9 12:45,10.11400032,2.947000027,6.43200016,1.101999998,3.167999983,1.644999981,31.02300072
2016/7/9 13:00,10.24800014,3.750999928,6.610000134,1.243999958,3.046000004,1.552999973,30.74200058
2016/7/9 13:15,10.18099976,3.415999889,6.573999882,1.207999945,3.015000105,1.583999991,30.769815736761878
2016/7/9 13:30,10.58300018,4.21999979,6.822999954,1.457000017,3.259000063,1.613999963,31.23399925
2016/7/9 13:45,10.38199997,3.148000002,7.214000225,1.56400001,3.107000113,1.552999973,31.44499969
2016/7/9 14:00,9.645000458,4.019000053,6.822999954,1.56400001,3.046000004,1.552999973,30.684955931892166
2016/7/9 14:15,10.31499958,4.019000053,6.787000179,1.243999958,3.015000105,1.583999991,30.741750486543125
2016/7/9 14:30,10.24800014,3.88499999,6.857999802,1.491999984,3.015000105,1.674999952,31.79700089
2016/7/9 14:45,9.51099968,3.08100009,6.538000107,1.101999998,2.954999924,1.552999973,30.774913165071947
2016/7/9 15:00,9.578000069,3.818000078,6.361000061,1.491999984,3.075999975,1.613999963,30.66876895800743
2016/7/9 15:15,9.913000107,3.148000002,6.43200016,1.065999985,3.289999962,1.552999973,30.788451824171293
2016/7/9 15:30,12.32400036,3.617000103,6.502999783,1.172999978,5.482999802,1.949000001,30.83285478505328
2016/7/9 15:45,11.98900032,3.88499999,6.395999908,1.421000004,5.513000011,2.131999969,30.746416393561645
2016/7/9 16:00,11.98900032,4.152999878,6.43200016,1.527999997,5.604000092,2.193000078,32.85200119
2016/7/9 16:15,12.12300014,4.287000179,6.467000008,1.421000004,5.664999962,2.131999969,34.04800034
2016/7/9 16:30,12.72599983,4.487999916,6.857999802,1.386000037,6.243999958,2.467000008,32.5
2016/7/9 16:45,12.79300022,4.554999828,6.681000233,1.243999958,6.0,2.375999928,32.5
2016/7/9 17:00,10.7840004,3.818000078,6.644999981,1.207999945,3.868000031,1.888000011,30.745975373919986
2016/7/9 17:15,10.7840004,3.818000078,6.71600008,1.207999945,3.960000038,1.85800004,31.375
2016/7/9 17:30,10.51599979,3.549999952,6.644999981,1.421000004,3.868000031,1.735999942,31.30400085
2016/7/9 17:45,10.64999962,3.48300004,6.822999954,1.172999978,3.746000051,1.70599997,30.79787816306137
2016/7/9 18:00,10.11400032,3.415999889,6.254000187,1.207999945,3.686000109,2.040999889,30.701771552897785
2016/7/9 18:15,10.11400032,3.617000103,6.361000061,1.386000037,3.686000109,1.797000051,30.703241252704977
2016/7/9 18:30,9.779000282,3.617000103,6.218999863,1.315000057,3.471999884,1.70599997,30.67099953
2016/7/9 18:45,9.31000042,3.282000065,5.96999979,1.279000044,3.411000013,1.70599997,31.23399925
2016/7/9 19:00,9.444000244,3.148000002,5.96999979,1.101999998,3.411000013,1.644999981,30.725851404063487
2016/7/9 19:15,9.779000282,3.282000065,6.289999962,1.457000017,3.471999884,1.674999952,31.44499969
2016/7/9 19:30,10.31499958,3.348999977,6.610000134,1.63499999,3.746000051,1.674999952,30.73621014808642
2016/7/9 19:45,10.91800022,3.549999952,7.035999775,1.207999945,3.838000059,1.644999981,30.95299911
2016/7/9 20:00,11.31999969,3.48300004,7.427000046,1.812000036,4.051000118,1.674999952,30.88199997
2016/7/9 20:15,12.18999958,3.750999928,7.994999886,1.527999997,4.234000206,1.491999984,30.913141079324724
2016/7/9 20:30,12.12300014,3.684000015,8.031000137,1.56400001,4.111999989,1.613999963,31.375
2016/7/9 20:45,12.12300014,3.549999952,8.137999535,1.63499999,3.99000001,1.552999973,30.53100014
2016/7/9 21:00,13.52999973,4.756000042,9.522999763,2.700999975,3.898999929,1.462000012,30.88199997
2016/7/9 21:15,13.32900047,5.760000229,9.345999718,3.233999968,4.111999989,1.735999942,30.81200027
2016/7/9 21:30,13.73099995,6.09499979,9.843000412,3.980000019,3.71600008,1.552999973,30.66904210945903
2016/7/9 21:45,13.52999973,6.09499979,9.416999817,3.696000099,3.654999971,1.552999973,29.96800041
2016/7/9 22:00,12.45800018,5.827000141,8.918999672,3.552999973,3.503000021,1.583999991,29.96800041
2016/7/9 22:15,12.99400043,4.152999878,8.847999573,2.025000095,3.319999933,1.552999973,30.908167106909325
2016/7/9 22:30,12.18999958,5.090000153,9.026000023,2.486999989,3.411000013,1.70599997,29.96800041
2016/7/9 22:45,12.92700005,4.756000042,9.416999817,2.559000015,3.563999891,1.613999963,30.83795548559091
2016/7/9 23:00,13.32900047,5.357999802,9.593999863,2.451999903,3.289999962,1.552999973,29.96800041
2016/7/9 23:15,13.93200016,5.69299984,10.7670002,3.127000093,3.259000063,1.552999973,30.845809111797866
2016/7/9 23:30,16.00799942,5.760000229,10.5539999,3.233999968,5.482999802,1.980000019,30.883391976604447
2016/7/9 23:45,15.13700008,5.69299984,10.16300011,3.339999914,5.452000141,2.375999928,29.96800041
2016/7/10 0:00,15.27099991,6.229000092,9.737000465,2.736000061,5.482999802,2.00999999,30.812507787554203
2016/7/10 0:15,14.80300045,6.429999828,10.12699986,2.984999895,5.361000061,1.980000019,30.7777910241317
2016/7/10 0:30,15.53899956,6.229000092,10.12699986,2.842999935,5.361000061,2.193000078,29.47500038
2016/7/10 0:45,13.9989996,5.425000191,8.918999672,2.594000101,5.238999844,1.980000019,30.77801148600664
2016/7/10 1:00,15.53899956,6.09499979,10.51799965,3.163000107,5.208000183,2.040999889,29.33499908
2016/7/10 1:15,15.47200012,6.429999828,10.3409996,3.163000107,5.117000103,1.980000019,29.40500069
2016/7/10 1:30,15.06999969,6.027999878,9.593999863,2.700999975,5.086999893,2.071000099,30.802321271888186
2016/7/10 1:45,13.59700012,5.290999889,8.989999771,2.486999989,5.056000233,1.91900003,30.789737437938182
2016/7/10 2:00,15.13700008,6.362999916,9.630000114,3.233999968,4.934000015,1.91900003,29.82699966
2016/7/10 2:15,14.46800041,6.296000004,9.31000042,2.736000061,4.934000015,1.980000019,29.82699966
2016/7/10 2:30,12.92700005,5.223999977,7.888999939,2.131999969,4.903999805,1.91900003,29.82699966
2016/7/10 2:45,12.99400043,5.425000191,7.923999786,2.167999983,4.903999805,1.980000019,30.711094510636496
2016/7/10 3:00,14.40100002,5.894000053,8.493000031,2.984999895,4.934000015,1.980000019,30.69425374445198
2016/7/10 3:15,14.06599998,5.760000229,9.06099987,2.772000074,5.026000023,1.980000019,28.70199966
2016/7/10 3:30,14.33399963,5.960999966,8.954999924,3.375999928,4.965000153,1.980000019,30.675613574287542
2016/7/10 3:45,14.33399963,5.760000229,9.345999718,3.339999914,4.994999886,1.91900003,30.724864664314875
2016/7/10 4:00,14.13300037,5.157000065,8.598999977,2.451999903,4.965000153,1.949000001,30.799240551982965
2016/7/10 4:15,14.2670002,6.027999878,8.989999771,2.842999935,5.026000023,2.00999999,30.720674961787267
2016/7/10 4:30,13.59700012,5.492000103,8.56400013,2.415999889,5.086999893,2.00999999,28.06800079
2016/7/10 4:45,14.33399963,4.756000042,8.598999977,2.025000095,5.208000183,2.040999889,30.872200218262954
2016/7/10 5:00,13.9989996,4.354000092,8.706000328,2.131999969,5.269000053,2.040999889,28.63100052
2016/7/10 5:15,15.00399971,5.090000153,9.168000221,2.381000042,5.544000149,2.040999889,28.56100082
2016/7/10 5:30,13.32900047,5.425000191,10.05599976,2.914000034,3.503000021,1.644999981,30.80734982599562
2016/7/10 5:45,12.45800018,4.287000179,8.244000435,1.669999957,3.349999905,1.644999981,30.862663060483396
2016/7/10 6:00,14.93700027,5.625999928,9.026000023,1.91900003,5.81799984,2.101999998,30.872131590478425
2016/7/10 6:15,15.00399971,5.290999889,9.097000122,2.451999903,5.696000099,2.163000107,27.78700066
2016/7/10 6:30,13.66399956,4.756000042,8.065999985,2.061000109,5.696000099,2.193000078,30.792571512849346
2016/7/10 6:45,13.86499977,5.022999763,8.31499958,2.096999884,5.635000229,2.253999949,30.786698401104903
2016/7/10 7:00,13.32900047,4.554999828,7.710999966,1.457000017,5.573999882,2.193000078,30.829781252151115
2016/7/10 7:15,12.45800018,4.68900013,7.106999874,1.91900003,5.664999962,2.223999977,27.36499977
2016/7/10 7:30,12.6590004,4.822999954,7.355999947,2.239000082,5.513000011,2.28399992,27.9279995
2016/7/10 7:45,11.72099972,4.756000042,6.395999908,1.669999957,5.513000011,2.131999969,28.56100082
2016/7/10 8:00,10.85099983,4.554999828,7.320000172,2.203000069,3.197999954,1.76699996,30.644677482581393
2016/7/10 8:15,9.243000031,3.818000078,6.183000088,1.63499999,3.075999975,1.797000051,30.607665231575794
2016/7/10 8:30,9.845999718,3.818000078,6.43200016,2.345000029,3.046000004,1.827999949,28.63100052
2016/7/10 8:45,9.913000107,4.354000092,6.147999763,2.025000095,3.197999954,1.797000051,30.559109609971074
2016/7/10 9:00,9.845999718,4.287000179,6.857999802,1.812000036,3.167999983,1.70599997,29.61599922
2016/7/10 9:15,9.31000042,4.487999916,6.644999981,1.812000036,3.075999975,1.70599997,29.12400055
2016/7/10 9:30,10.24800014,3.750999928,6.395999908,1.669999957,3.107000113,1.797000051,30.668143706642518
2016/7/10 9:45,10.31499958,4.421000004,6.538000107,1.812000036,3.349999905,1.85800004,29.54599953
2016/7/10 10:00,10.24800014,3.951999903,6.857999802,1.70599997,3.381000042,1.797000051,29.47500038
2016/7/10 10:15,10.71700001,4.354000092,7.143000126,1.669999957,3.471999884,1.76699996,28.9829998
2016/7/10 10:30,11.52099991,4.421000004,7.284999847,1.669999957,3.71600008,1.735999942,28.91300011
2016/7/10 10:45,11.18599987,4.21999979,7.284999847,1.91900003,4.142000198,1.735999942,30.72237195290286
2016/7/10 11:00,11.85499954,4.019000053,7.604000092,1.812000036,4.142000198,1.735999942,29.0529995
2016/7/10 11:15,10.38199997,4.421000004,6.857999802,2.096999884,3.898999929,1.70599997,30.628303626475617
2016/7/10 11:30,9.845999718,4.019000053,6.467000008,1.70599997,3.411000013,1.735999942,29.89699936
2016/7/10 11:45,8.706999779,2.678999901,5.899000168,0.782000005,3.259000063,1.70599997,30.745855447801816
2016/7/10 12:00,8.572999954,3.282000065,5.578999996,1.136999965,2.984999895,1.523000002,30.658886978159067
2016/7/10 12:15,8.505999565,2.545000076,5.650000095,0.852999985,3.075999975,1.613999963,30.73267545943766
2016/7/10 12:30,8.305999756,3.214999914,5.436999798,0.995000005,3.046000004,1.491999984,29.54599953
2016/7/10 12:45,8.774000168,3.148000002,5.366000175,1.172999978,2.772000074,1.432000041,30.669389407218617
2016/7/10 13:00,8.640000343,3.08100009,5.507999897,1.031000018,2.710999966,1.432000041,30.69059457265201
2016/7/10 13:15,8.038000107,3.48300004,5.401000023,1.279000044,2.588999987,1.371000051,30.60831825430437
2016/7/10 13:30,8.975000381,3.549999952,5.543000221,1.101999998,2.740999937,1.523000002,30.657002631066295
2016/7/10 13:45,8.305999756,3.549999952,5.756999969,1.56400001,2.924000025,1.462000012,30.60157811546262
2016/7/10 14:00,8.305999756,2.411000013,5.188000202,0.711000025,2.924000025,1.523000002,30.728071915357553
2016/7/10 14:15,8.171999931,2.678999901,5.650000095,0.995000005,2.618999958,1.309999943,30.72354469539736
2016/7/10 14:30,8.840999603,2.477999926,5.578999996,1.065999985,2.559000015,1.552999973,30.729307264665685
2016/7/10 14:45,8.706999779,3.415999889,5.899000168,0.995000005,2.497999907,1.462000012,30.6917944100673
2016/7/10 15:00,8.774000168,3.348999977,6.147999763,1.350000024,2.528000116,1.432000041,31.02300072
2016/7/10 15:15,7.836999893,2.545000076,5.436999798,1.172999978,2.467000008,1.401000023,30.67544710299182
2016/7/10 15:30,7.971000195,2.142999887,5.436999798,0.745999992,2.497999907,1.371000051,30.7572455895253
2016/7/10 15:45,7.971000195,2.27699995,5.472000122,0.745999992,2.437000036,1.279000044,31.375
2016/7/10 16:00,8.038000107,2.545000076,5.614999771,0.888000011,2.467000008,1.340000033,30.731053695158504
2016/7/10 16:15,8.23900032,2.477999926,5.756999969,0.816999972,2.467000008,1.340000033,32.00799942
2016/7/10 16:30,8.572999954,2.545000076,5.96999979,0.924000025,2.559000015,1.279000044,30.78124437701982
2016/7/10 16:45,8.975000381,2.678999901,6.076000214,0.888000011,3.137000084,1.340000033,30.67099953
2016/7/10 17:00,9.175999641,2.746000051,6.289999962,1.136999965,3.229000092,1.432000041,30.67099953
2016/7/10 17:15,9.578000069,3.214999914,6.395999908,1.136999965,3.137000084,1.462000012,30.31999969
2016/7/10 17:30,9.845999718,3.282000065,6.43200016,1.56400001,3.167999983,1.583999991,30.721037247226754
2016/7/10 17:45,9.779000282,3.08100009,6.573999882,1.315000057,3.319999933,1.462000012,30.78130645616586
2016/7/10 18:00,9.444000244,3.214999914,6.395999908,1.421000004,3.167999983,1.523000002,30.726580930501918
2016/7/10 18:15,8.975000381,2.880000114,6.147999763,1.315000057,2.894000053,1.309999943,29.68600082
2016/7/10 18:30,8.774000168,3.08100009,5.934000015,1.172999978,2.802000046,1.309999943,29.68600082
2016/7/10 18:45,8.371999741,2.678999901,5.68599987,1.136999965,2.740999937,1.309999943,30.03800011
2016/7/10 19:00,8.505999565,2.880000114,5.791999817,1.101999998,2.710999966,1.309999943,30.72298074919538
2016/7/10 19:15,8.505999565,2.746000051,5.899000168,1.457000017,2.710999966,1.309999943,30.70350819676543
2016/7/10 19:30,8.572999954,2.746000051,5.756999969,1.172999978,2.862999916,1.309999943,29.68600082
2016/7/10 19:45,9.31000042,3.013999939,6.361000061,1.457000017,3.015000105,1.340000033,30.74841908207892
2016/7/10 20:00,10.04699993,3.08100009,6.857999802,1.279000044,3.167999983,1.309999943,30.830280206799245
2016/7/10 20:15,10.18099976,3.08100009,6.965000153,1.207999945,3.197999954,1.432000041,29.54599953
2016/7/10 20:30,10.44900036,3.08100009,7.0,1.243999958,3.471999884,1.432000041,30.849826261110085
2016/7/10 20:45,10.18099976,2.880000114,6.857999802,1.065999985,3.349999905,1.340000033,30.870597734482672
2016/7/10 21:00,9.711999893,2.075999975,6.395999908,0.603999972,3.289999962,1.309999943,29.40500069
2016/7/10 21:15,10.58300018,3.415999889,7.568999767,1.172999978,3.107000113,1.309999943,30.884233389667163
2016/7/10 21:30,10.04699993,3.214999914,7.071000099,0.995000005,2.984999895,1.248999953,29.19400024
2016/7/10 21:45,10.11400032,3.48300004,6.928999901,1.031000018,2.924000025,1.248999953,28.77199936
2016/7/10 22:00,9.979999542,3.08100009,7.0,1.315000057,2.862999916,1.309999943,30.82963884057517
2016/7/10 22:15,10.85099983,2.880000114,7.81799984,1.598999977,2.894000053,1.340000033,30.90239000237241
2016/7/10 22:30,11.18599987,4.085999966,8.137999535,1.527999997,3.046000004,1.340000033,28.84199905
2016/7/10 22:45,9.979999542,3.013999939,7.782000065,1.883000016,2.924000025,1.552999973,28.9829998
2016/7/10 23:00,9.979999542,3.549999952,7.214000225,1.883000016,2.680000067,1.279000044,30.753546655077958
2016/7/10 23:15,14.53499985,5.090000153,8.954999924,2.061000109,5.026000023,1.735999942,28.70199966
2016/7/10 23:30,14.53499985,5.290999889,9.630000114,2.630000114,4.903999805,1.76699996,28.91300011
2016/7/10 23:45,13.9989996,5.357999802,9.416999817,2.700999975,4.873000145,1.70599997,30.830152699300612
2016/7/11 0:00,13.59700012,5.357999802,8.989999771,2.700999975,4.873000145,1.797000051,28.56100082
2016/7/11 0:15,13.19499969,4.889999866,8.527999878,2.239000082,4.813000202,1.735999942,30.815424559821096
2016/7/11 0:30,12.72599983,4.68900013,8.137999535,1.953999996,4.659999847,1.735999942,30.812000502510983
2016/7/11 0:45,13.79800034,5.022999763,8.954999924,2.559000015,4.568999767,1.674999952,29.75699997
2016/7/11 1:00,13.59700012,4.889999866,8.493000031,1.91900003,4.568999767,1.674999952,29.19400024
2016/7/11 1:15,13.06099987,4.287000179,8.56400013,2.131999969,4.507999897,1.70599997,29.19400024
2016/7/11 1:30,11.92199993,3.88499999,7.427000046,1.421000004,4.630000114,1.674999952,29.54599953
2016/7/11 1:45,13.26200008,4.287000179,8.635000229,2.203000069,4.507999897,1.70599997,30.8729726814534
2016/7/11 2:00,12.12300014,4.085999966,7.071000099,1.77699995,4.598999977,1.674999952,28.56100082
2016/7/11 2:15,12.79300022,4.68900013,7.710999966,2.273999929,4.568999767,1.644999981,29.0529995
2016/7/11 2:30,11.92199993,3.684000015,7.427000046,1.527999997,4.447000027,1.674999952,30.852273945577043
2016/7/11 2:45,12.12300014,3.282000065,7.177999973,1.207999945,4.507999897,1.70599997,30.904506065591168
2016/7/11 3:00,11.98900032,3.951999903,7.568999767,1.598999977,4.477000237,1.735999942,30.830931144581992
2016/7/11 3:15,12.12300014,4.287000179,7.710999966,1.99000001,4.477000237,1.70599997,30.785530602318907
2016/7/11 3:30,12.39099979,4.152999878,7.320000172,1.70599997,4.477000237,1.644999981,28.84199905
2016/7/11 3:45,11.05200005,4.019000053,6.751999855,1.63499999,4.447000027,1.735999942,29.19400024
2016/7/11 4:00,11.98900032,4.21999979,7.568999767,1.598999977,4.355999947,1.91900003,29.0529995
2016/7/11 4:15,11.11900043,4.019000053,6.894000053,1.812000036,4.386000156,1.674999952,30.729619629061855
2016/7/11 4:30,11.05200005,3.684000015,6.361000061,1.243999958,4.477000237,1.70599997,30.772588963038892
2016/7/11 4:45,12.45800018,4.21999979,7.498000145,1.84800005,4.538000107,1.674999952,30.810885394290626
2016/7/11 5:00,12.99400043,4.421000004,7.853000164,1.598999977,4.568999767,1.674999952,30.867891677787263
2016/7/11 5:15,13.79800034,4.68900013,8.208999634,1.741000056,4.813000202,1.797000051,30.881166094767305
2016/7/11 5:30,12.72599983,3.684000015,7.390999794,0.958999991,5.117000103,1.797000051,29.47500038
2016/7/11 5:45,13.86499977,4.21999979,7.994999886,1.386000037,5.329999924,1.735999942,28.9829998
2016/7/11 6:00,13.79800034,4.085999966,8.137999535,2.096999884,5.269000053,1.76699996,30.891960807773398
2016/7/11 6:15,12.32400036,4.487999916,7.320000172,1.207999945,5.208000183,1.735999942,30.837920352458024
2016/7/11 6:30,12.25699997,4.085999966,7.0,1.243999958,5.208000183,1.827999949,30.83037453047313
2016/7/11 6:45,13.86499977,4.554999828,8.456999779,1.883000016,5.269000053,1.76699996,29.54599953
2016/7/11 7:00,12.99400043,4.152999878,8.173000336,2.025000095,5.208000183,1.888000011,30.845752130739893
2016/7/11 7:15,12.52499962,4.287000179,7.568999767,1.883000016,5.269000053,1.888000011,30.79245275485521
2016/7/11 7:30,12.18999958,3.951999903,7.427000046,1.812000036,5.300000191,1.91900003,30.796643151608333
2016/7/11 7:45,12.92700005,4.756000042,7.214000225,1.598999977,5.177999973,1.91900003,30.779386798318832
2016/7/11 8:00,9.979999542,3.818000078,7.249000072,1.56400001,2.894000053,1.432000041,29.19400024
2016/7/11 8:15,10.38199997,4.085999966,7.0,1.63499999,2.832999945,1.371000051,30.73596036284268
2016/7/11 8:30,9.041999817,3.282000065,5.96999979,1.172999978,2.924000025,1.462000012,30.7069355164348
2016/7/11 8:45,8.706999779,2.746000051,5.791999817,1.207999945,3.015000105,1.401000023,30.723630312896702
2016/7/11 9:00,10.11400032,3.88499999,6.644999981,1.669999957,2.772000074,1.371000051,30.712446891619166
2016/7/11 9:15,9.578000069,3.415999889,6.644999981,1.315000057,3.107000113,1.70599997,30.72303910523311
2016/7/11 9:30,9.578000069,3.617000103,5.96999979,1.63499999,2.924000025,1.401000023,31.02300072
2016/7/11 9:45,9.979999542,3.818000078,6.644999981,1.207999945,3.075999975,1.340000033,30.763824514682664
2016/7/11 10:00,9.845999718,3.348999977,6.787000179,1.812000036,2.405999899,1.491999984,31.23399925
2016/7/11 10:15,9.109000206,3.282000065,6.71600008,1.172999978,2.405999899,1.218000054,31.51499939
2016/7/11 10:30,9.444000244,2.947000027,6.965000153,1.101999998,2.467000008,1.065999985,30.858073872546658
2016/7/11 10:45,10.91800022,3.549999952,7.071000099,1.598999977,3.319999933,1.279000044,30.821732085784486
2016/7/11 11:00,10.98499966,3.617000103,7.143000126,1.598999977,3.503000021,1.371000051,32.21900177
2016/7/11 11:15,9.51099968,3.013999939,6.467000008,1.172999978,3.532999992,1.401000023,33.27399826
2016/7/11 11:30,9.376999855,2.411000013,6.076000214,1.065999985,3.107000113,1.309999943,30.821130666360503
2016/7/11 11:45,8.23900032,2.210000038,5.578999996,0.603999972,2.862999916,1.248999953,33.13299942
2016/7/11 12:00,8.371999741,2.812999964,5.507999897,0.569000006,2.680000067,1.218000054,32.99300003
2016/7/11 12:15,8.371999741,2.210000038,5.899000168,1.031000018,2.832999945,1.248999953,32.99300003
2016/7/11 12:30,8.371999741,2.142999887,5.934000015,0.816999972,2.650000095,1.187999964,30.820721861717228
2016/7/11 12:45,8.171999931,1.875,5.543000221,0.782000005,2.650000095,1.156999946,33.76699829
2016/7/11 13:00,8.907999992,2.880000114,5.791999817,0.745999992,2.588999987,1.187999964,30.789747257842848
2016/7/11 13:15,9.041999817,2.678999901,5.899000168,1.421000004,2.618999958,1.126999974,34.11800003
2016/7/11 13:30,8.975000381,3.148000002,6.183000088,1.172999978,2.650000095,1.309999943,33.69599915
2016/7/11 13:45,8.907999992,2.545000076,6.147999763,1.136999965,2.680000067,1.340000033,35.52500153
2016/7/11 14:00,9.041999817,3.013999939,6.289999962,0.995000005,2.588999987,1.279000044,34.75099945
2016/7/11 14:15,8.23900032,2.27699995,5.791999817,1.065999985,2.832999945,1.309999943,30.759119026291838
2016/7/11 14:30,8.23900032,3.08100009,5.756999969,1.207999945,2.528000116,1.309999943,30.68184931401275
2016/7/11 14:45,9.376999855,3.549999952,6.822999954,1.63499999,2.497999907,1.309999943,35.80699921
2016/7/11 15:00,9.243000031,3.214999914,6.361000061,1.031000018,2.680000067,1.156999946,34.75099945
2016/7/11 15:15,8.43900013,2.411000013,5.934000015,0.852999985,2.559000015,1.218000054,30.796605672073273
2016/7/11 15:30,8.371999741,2.009000063,5.899000168,1.101999998,2.497999907,1.248999953,34.75099945
2016/7/11 15:45,8.23900032,2.812999964,5.756999969,1.350000024,2.467000008,1.218000054,30.69672417866385
2016/7/11 16:00,8.23900032,2.812999964,5.721000195,1.243999958,2.528000116,1.248999953,34.8219986
2016/7/11 16:15,8.572999954,3.013999939,5.899000168,1.315000057,2.740999937,1.218000054,33.69599915
2016/7/11 16:30,8.706999779,2.678999901,5.862999916,1.243999958,2.862999916,1.279000044,30.7415559265298
2016/7/11 16:45,8.840999603,2.746000051,5.791999817,1.031000018,2.984999895,1.340000033,33.8370018
2016/7/11 17:00,8.975000381,2.880000114,5.934000015,1.243999958,3.015000105,1.248999953,30.748286900501114
2016/7/11 17:15,8.907999992,2.678999901,6.005000114,1.101999998,2.954999924,1.126999974,33.62599945
2016/7/11 17:30,9.041999817,2.611999989,6.111999989,0.958999991,2.894000053,1.156999946,30.819585031065408
2016/7/11 17:45,8.975000381,2.477999926,5.934000015,0.888000011,2.984999895,1.248999953,30.812931832152906
2016/7/11 18:00,8.505999565,2.344000101,5.578999996,0.745999992,2.894000053,1.156999946,30.803275851490028
2016/7/11 18:15,8.038000107,2.075999975,5.258999825,0.569000006,2.650000095,1.156999946,32.85200119
2016/7/11 18:30,7.836999893,2.142999887,5.295000076,0.711000025,2.559000015,1.156999946,30.770479284927035
2016/7/11 18:45,8.038000107,2.142999887,5.401000023,0.711000025,2.650000095,1.187999964,30.783467061692946
2016/7/11 19:00,7.836999893,2.075999975,5.223999977,0.532999992,2.588999987,1.126999974,31.65600014
2016/7/11 19:15,7.903999805,1.942000031,5.329999924,0.569000006,2.497999907,1.036000013,30.81754439037015
2016/7/11 19:30,7.903999805,1.942000031,5.366000175,0.532999992,2.497999907,0.944000006,30.833692074252223
2016/7/11 19:45,8.43900013,1.942000031,5.650000095,0.639999986,2.650000095,0.975000024,30.862591607340804
2016/7/11 20:00,9.175999641,1.942000031,6.183000088,0.603999972,2.894000053,0.975000024,30.934649935139173
2016/7/11 20:15,9.444000244,2.009000063,6.43200016,0.603999972,2.984999895,0.944000006,30.96157018399505
2016/7/11 20:30,9.51099968,2.009000063,6.467000008,0.639999986,3.015000105,1.004999995,33.13299942
2016/7/11 20:45,9.51099968,2.009000063,6.467000008,0.639999986,3.046000004,0.944000006,32.92200089
2016/7/11 21:00,9.175999641,2.009000063,6.218999863,0.603999972,2.954999924,0.975000024,32.64099884
2016/7/11 21:15,9.645000458,2.746000051,6.395999908,1.457000017,2.832999945,0.944000006,30.828031462304192
2016/7/11 21:30,9.243000031,1.674000025,5.899000168,0.603999972,2.710999966,0.944000006,31.58600044
2016/7/11 21:45,8.975000381,1.807999969,5.828000069,0.319999993,2.588999987,0.913999975,32.07799911
2016/7/11 22:00,8.371999741,3.013999939,6.289999962,1.207999945,2.437000036,0.944000006,30.76569742058547
2016/7/11 22:15,10.64999962,3.348999977,7.427000046,1.136999965,2.345000029,0.913999975,30.924768029126778
2016/7/11 22:30,10.11400032,2.947000027,7.143000126,0.958999991,2.405999899,0.944000006,30.927074842137515
2016/7/11 22:45,10.04699993,2.545000076,7.853000164,1.99000001,2.315000057,0.944000006,30.89208966660022
2016/7/11 23:00,10.91800022,3.549999952,9.026000023,2.309999943,2.131999969,0.883000016,30.904087672549387
2016/7/11 23:15,11.52099991,4.019000053,8.847999573,2.131999969,2.131999969,0.760999978,30.91832845791117
2016/7/11 23:30,12.25699997,4.287000179,10.16300011,2.984999895,1.980000019,0.791999996,30.922504700939005
2016/7/11 23:45,11.18599987,3.148000002,8.706000328,1.91900003,1.949000001,0.791999996,32.28900146
2016/7/12 0:00,11.52099991,3.549999952,9.593999863,2.309999943,1.980000019,0.822000027,30.971928301219084
2016/7/12 0:15,10.04699993,3.148000002,8.244000435,1.99000001,1.91900003,0.822000027,30.88266547390022
2016/7/12 0:30,11.72099972,4.152999878,9.87899971,2.772000074,1.888000011,0.700999975,30.921174711119114
2016/7/12 0:45,10.64999962,3.88499999,8.918999672,2.415999889,1.827999949,0.670000017,32.92200089
2016/7/12 1:00,11.52099991,4.152999878,9.593999863,2.700999975,1.735999942,0.670000017,33.69599915
2016/7/12 1:15,11.52099991,4.354000092,9.451999664,2.664999962,1.888000011,0.760999978,30.875365006519413
2016/7/12 1:30,10.44900036,3.415999889,8.883999825,2.772000074,1.827999949,0.760999978,33.27399826
2016/7/12 1:45,10.38199997,3.88499999,8.777000427,3.127000093,1.76699996,0.791999996,33.97800064
2016/7/12 2:00,12.12300014,4.554999828,10.3409996,3.482000113,1.827999949,0.791999996,33.55599976
2016/7/12 2:15,12.39099979,4.21999979,10.58899975,3.269000053,1.85800004,0.760999978,30.93341557397409
2016/7/12 2:30,11.72099972,4.21999979,9.559000015,2.914000034,1.76699996,0.791999996,33.27399826
2016/7/12 2:45,11.11900043,3.549999952,8.706000328,2.486999989,1.76699996,0.791999996,30.882809552329984
2016/7/12 3:00,11.92199993,4.085999966,10.16300011,2.948999882,1.797000051,0.822000027,30.920426200300277
2016/7/12 3:15,11.31999969,4.622000217,9.913999557,2.984999895,1.827999949,0.852999985,30.832108700137578
2016/7/12 3:30,10.38199997,4.152999878,8.954999924,2.700999975,1.76699996,0.883000016,30.78912628305139
2016/7/12 3:45,10.98499966,4.487999916,9.31000042,2.948999882,1.735999942,0.791999996,33.8370018
2016/7/12 4:00,11.72099972,3.818000078,9.522999763,2.451999903,1.797000051,0.822000027,30.941408615480977
2016/7/12 4:15,9.51099968,3.549999952,7.81799984,1.91900003,1.797000051,0.852999985,30.805618942370486
2016/7/12 4:30,10.71700001,3.415999889,8.777000427,2.415999889,1.85800004,0.883000016,33.41500092
2016/7/12 4:45,10.51599979,3.48300004,8.279999733,2.167999983,1.949000001,0.852999985,33.06299973
2016/7/12 5:00,11.11900043,3.348999977,8.918999672,2.415999889,2.101999998,0.883000016,33.34400177
2016/7/12 5:15,12.72599983,4.287000179,10.05599976,2.523000002,2.253999949,0.913999975,32.85200119
2016/7/12 5:30,11.25300026,4.019000053,9.559000015,2.381000042,2.650000095,0.944000006,32.71099854
2016/7/12 5:45,9.444000244,2.210000038,6.857999802,0.782000005,2.650000095,0.975000024,32.64099884
2016/7/12 6:00,11.11900043,3.818000078,8.635000229,1.84800005,2.559000015,1.036000013,30.90296650433436
2016/7/12 6:15,10.85099983,3.617000103,8.279999733,1.56400001,2.528000116,1.036000013,30.911821975713373
2016/7/12 6:30,9.913000107,3.48300004,7.214000225,1.741000056,2.650000095,1.097000003,30.78977497967903
2016/7/12 6:45,9.041999817,2.142999887,6.324999809,0.995000005,2.040999889,0.791999996,30.896400232405906
2016/7/12 7:00,9.444000244,2.27699995,6.894000053,1.386000037,2.00999999,0.731000006,33.20399857
2016/7/12 7:15,9.913000107,3.617000103,7.888999939,2.061000109,2.00999999,0.760999978,30.82134683341485
2016/7/12 7:30,9.31000042,3.08100009,7.888999939,2.131999969,2.00999999,0.791999996,30.822006013903103
2016/7/12 7:45,9.779000282,3.348999977,7.320000172,1.669999957,2.528000116,1.156999946,34.04800034
2016/7/12 8:00,8.706999779,3.08100009,6.681000233,1.598999977,2.375999928,1.065999985,30.746541676010587
2016/7/12 8:15,9.041999817,3.415999889,6.681000233,1.386000037,2.375999928,1.065999985,35.66600037
2016/7/12 8:30,9.779000282,3.549999952,6.681000233,1.812000036,2.437000036,1.126999974,30.73374548703362
2016/7/12 8:45,9.175999641,3.617000103,6.644999981,1.598999977,2.497999907,1.065999985,35.31399918
2016/7/12 9:00,8.907999992,2.411000013,6.467000008,1.527999997,2.405999899,0.975000024,30.808653647023466
2016/7/12 9:15,9.376999855,3.148000002,6.751999855,1.315000057,2.528000116,1.156999946,36.22900009
2016/7/12 9:30,9.51099968,2.880000114,6.928999901,1.883000016,2.710999966,1.156999946,30.777097834259923
2016/7/12 9:45,10.44900036,3.013999939,7.320000172,1.421000004,2.650000095,1.065999985,30.89032014612049
2016/7/12 10:00,10.11400032,2.678999901,6.965000153,1.421000004,2.862999916,1.187999964,36.36899948
2016/7/12 10:15,10.91800022,3.684000015,7.106999874,2.061000109,3.167999983,1.187999964,35.45500183
2016/7/12 10:30,11.25300026,3.214999914,7.639999866,1.527999997,3.229000092,1.187999964,36.08800125
2016/7/12 10:45,11.18599987,3.08100009,7.604000092,1.883000016,3.532999992,1.126999974,30.89089937691012
2016/7/12 11:00,10.85099983,3.013999939,7.320000172,1.77699995,3.349999905,1.126999974,30.872115395282503
2016/7/12 11:15,10.11400032,3.348999977,6.894000053,1.56400001,3.046000004,1.097000003,30.810287618103395
2016/7/12 11:30,9.913000107,3.214999914,6.361000061,1.243999958,3.015000105,1.097000003,30.810055110374105
2016/7/12 11:45,8.907999992,1.942000031,6.040999889,0.675000012,2.832999945,1.036000013,30.899200550407294
2016/7/12 12:00,9.376999855,1.875,6.005000114,0.958999991,2.894000053,1.156999946,30.881603310819603
2016/7/12 12:15,9.51099968,3.013999939,6.538000107,1.031000018,2.862999916,1.126999974,30.83386625601656
2016/7/12 12:30,9.645000458,2.812999964,6.573999882,1.065999985,2.924000025,1.126999974,30.85373496586165
2016/7/12 12:45,9.109000206,2.746000051,6.573999882,1.386000037,2.924000025,1.156999946,36.58000183
2016/7/12 13:00,9.779000282,2.344000101,6.254000187,0.497000009,2.862999916,1.097000003,36.22900009
2016/7/12 13:15,9.779000282,2.344000101,6.218999863,1.101999998,3.046000004,1.432000041,30.835237762849555
2016/7/12 13:30,9.779000282,2.611999989,6.787000179,0.995000005,2.862999916,1.309999943,30.873540330485955
2016/7/12 13:45,9.109000206,2.142999887,6.361000061,1.031000018,2.772000074,1.126999974,30.866886426697477
2016/7/12 14:00,9.51099968,2.009000063,6.467000008,0.958999991,2.862999916,1.218000054,38.4090004
2016/7/12 14:15,9.175999641,3.08100009,6.751999855,1.065999985,2.924000025,1.218000054,39.53499985
2016/7/12 14:30,9.376999855,1.942000031,6.218999863,0.888000011,2.772000074,1.097000003,39.88700104
2016/7/12 14:45,9.376999855,2.947000027,6.538000107,0.782000005,2.680000067,1.156999946,38.4090004
2016/7/12 15:00,9.243000031,2.812999964,6.822999954,0.888000011,2.618999958,1.309999943,30.845403561533804
2016/7/12 15:15,8.640000343,1.875,6.183000088,0.497000009,2.588999987,1.065999985,38.62099838
2016/7/12 15:30,8.640000343,2.009000063,6.040999889,0.569000006,2.559000015,1.065999985,39.32400131
2016/7/12 15:45,8.572999954,1.875,5.934000015,0.391000003,2.618999958,1.401000023,40.09799957
2016/7/12 16:00,8.774000168,1.942000031,6.111999989,0.462000012,2.710999966,1.126999974,40.09799957
2016/7/12 16:15,8.975000381,2.075999975,6.147999763,0.532999992,2.832999945,1.126999974,30.903213930398863
2016/7/12 16:30,9.109000206,2.545000076,6.610000134,1.421000004,2.954999924,1.187999964,30.808596081680733
2016/7/12 16:45,9.444000244,2.411000013,6.040999889,1.136999965,3.015000105,1.218000054,40.37900162
2016/7/12 17:00,9.645000458,2.678999901,6.395999908,1.136999965,3.075999975,1.156999946,30.843331533848186
2016/7/12 17:15,9.444000244,2.812999964,6.289999962,0.995000005,3.107000113,1.248999953,30.822220472285633
2016/7/12 17:30,9.175999641,2.27699995,5.934000015,0.852999985,3.137000084,1.248999953,37.84700012
2016/7/12 17:45,9.31000042,2.27699995,6.183000088,0.745999992,3.075999975,1.156999946,30.883423582202134
2016/7/12 18:00,9.109000206,2.142999887,5.96999979,0.603999972,3.107000113,1.097000003,37.84700012
2016/7/12 18:15,9.041999817,2.009000063,5.828000069,0.497000009,3.229000092,1.126999974,30.898580299261823
2016/7/12 18:30,8.572999954,1.807999969,5.614999771,0.425999999,2.924000025,1.036000013,30.893347067734243
2016/7/12 18:45,8.505999565,1.875,5.650000095,0.425999999,2.894000053,1.065999985,30.883966342400107
2016/7/12 19:00,8.572999954,1.875,5.507999897,0.462000012,3.075999975,1.065999985,30.876282604683844
2016/7/12 19:15,8.774000168,1.807999969,5.721000195,0.319999993,3.046000004,1.097000003,30.913911234768666
2016/7/12 19:30,9.31000042,1.875,6.076000214,0.391000003,3.259000063,1.065999985,30.95347572828685
2016/7/12 19:45,10.18099976,2.009000063,6.644999981,0.425999999,3.563999891,1.097000003,36.01800156
2016/7/12 20:00,10.85099983,2.142999887,7.143000126,0.532999992,3.746000051,1.097000003,31.056299751810545
2016/7/12 20:15,11.31999969,2.142999887,7.427000046,0.532999992,3.928999901,1.097000003,31.096707394038887
2016/7/12 20:30,11.31999969,2.142999887,7.532999992,0.603999972,3.838000059,1.036000013,36.29899979
2016/7/12 20:45,11.25300026,2.142999887,7.461999893,0.603999972,3.746000051,1.065999985,36.29899979
2016/7/12 21:00,10.98499966,2.142999887,7.284999847,0.603999972,3.746000051,1.065999985,31.06744974096039
2016/7/12 21:15,13.52999973,2.411000013,9.31000042,0.888000011,3.625,1.065999985,31.258665486322705
2016/7/12 21:30,13.9989996,3.88499999,9.913999557,1.172999978,3.625,1.065999985,31.181794610009423
2016/7/12 21:45,12.92700005,3.415999889,9.737000465,1.56400001,3.441999912,1.004999995,31.121873134634438
2016/7/12 22:00,12.79300022,2.746000051,9.807999611,1.70599997,3.259000063,0.913999975,31.162890770735647
2016/7/12 22:15,15.3380003,4.554999828,12.36600018,2.914000034,3.137000084,0.975000024,35.73600006
2016/7/12 22:30,14.80300045,4.554999828,11.54899979,2.523000002,3.075999975,1.036000013,31.132960720587196
2016/7/12 22:45,15.53899956,5.223999977,12.93500042,3.197999954,2.954999924,1.036000013,36.58000183
2016/7/12 23:00,16.00799942,5.69299984,13.11200047,3.482000113,2.832999945,1.004999995,36.22900009
2016/7/12 23:15,18.5529995,5.625999928,13.32600021,3.625,5.300000191,1.401000023,31.2031212258293
2016/7/12 23:30,18.35300064,6.09499979,13.04100037,3.019999981,5.117000103,1.432000041,31.198405581626893
2016/7/12 23:45,19.22299957,6.831999779,13.82299995,3.76699996,5.026000023,1.432000041,31.15674875949068
2016/7/13 0:00,19.15600014,6.229000092,13.71700001,4.014999866,5.026000023,1.523000002,31.155645100599788
2016/7/13 0:15,17.2140007,5.960999966,12.26000023,3.375999928,4.873000145,1.523000002,36.72100067
2016/7/13 0:30,19.625,7.166999817,14.49800014,4.051000118,4.813000202,1.523000002,36.29899979
2016/7/13 0:45,18.35300064,6.831999779,13.39700031,4.441999912,4.782000065,1.523000002,36.65100098
2016/7/13 1:00,16.81200027,5.894000053,12.18900013,3.411000013,4.873000145,1.462000012,31.045571084336895
2016/7/13 1:15,17.54899979,6.027999878,12.79300022,3.696000099,4.873000145,1.523000002,36.72100067
2016/7/13 1:30,18.62000084,6.497000217,13.64500046,3.980000019,4.721000195,1.491999984,31.11173145580682
2016/7/13 1:45,16.81200027,5.492000103,12.15299988,3.447000027,4.813000202,1.491999984,36.79100037
2016/7/13 2:00,17.61599922,5.960999966,12.72200012,3.588999987,4.721000195,1.491999984,31.087462765687743
2016/7/13 2:15,16.27599907,5.894000053,11.79800034,3.339999914,4.598999977,1.462000012,31.001892924963947
2016/7/13 2:30,18.15200043,7.166999817,13.75199986,4.300000191,4.598999977,1.462000012,31.018583715115238
2016/7/13 2:45,18.62000084,7.099999905,13.71700001,3.838000059,4.630000114,1.523000002,31.082548604935408
2016/7/13 3:00,16.34300041,5.760000229,11.37100029,2.948999882,4.477000237,1.491999984,37.70600128
2016/7/13 3:15,17.28100014,6.229000092,12.36600018,3.233999968,4.477000237,1.491999984,37.00299835
2016/7/13 3:30,16.94599915,6.899000168,12.15299988,4.300000191,4.568999767,1.552999973,30.87443234000463
2016/7/13 3:45,15.60599995,5.827000141,11.01599979,4.513000011,4.507999897,1.552999973,37.42499924
2016/7/13 4:00,18.01799965,7.099999905,13.46800041,3.90899992,4.477000237,1.523000002,37.70600128
2016/7/13 4:15,18.2859993,7.166999817,14.10700035,4.584000111,4.477000237,1.491999984,31.01345279530188
2016/7/13 4:30,17.2140007,5.492000103,12.43700027,3.411000013,4.507999897,1.491999984,31.101624634544393
2016/7/13 4:45,17.95100021,6.56400013,13.21899986,3.447000027,4.630000114,1.491999984,31.103099601195122
2016/7/13 5:00,18.15200043,7.032999992,13.39700031,4.086999893,4.659999847,1.523000002,31.021631608840153
2016/7/13 5:15,16.81200027,5.559000015,11.47799969,2.772000074,4.965000153,1.797000051,38.05799866
2016/7/13 5:30,17.88400078,6.027999878,12.64999962,3.269000053,5.300000191,1.491999984,37.70600128
2016/7/13 5:45,17.88400078,5.492000103,12.26000023,3.019999981,5.208000183,1.462000012,31.170165758051425
2016/7/13 6:00,16.20899963,4.822999954,10.51799965,2.700999975,5.056000233,1.552999973,31.055903035616662
2016/7/13 6:15,16.27599907,5.223999977,11.19400024,2.630000114,5.117000103,1.613999963,37.49499893
2016/7/13 6:30,17.28100014,6.229000092,11.58399963,3.375999928,5.147999763,1.674999952,37.91699982
2016/7/13 6:45,16.00799942,5.425000191,10.8380003,2.559000015,5.086999893,1.949000001,38.26900101
2016/7/13 7:00,13.4630003,4.085999966,8.065999985,1.457000017,5.238999844,1.827999949,38.54999924
2016/7/13 7:15,13.93200016,4.822999954,8.883999825,2.630000114,5.238999844,2.00999999,37.91699982
2016/7/13 7:30,12.85999966,4.622000217,7.782000065,1.491999984,5.300000191,1.91900003,30.83270772566237
2016/7/13 7:45,11.38700008,3.818000078,6.361000061,1.172999978,5.329999924,2.071000099,30.75186669146552
2016/7/13 8:00,10.31499958,3.415999889,6.928999901,1.315000057,2.802000046,1.462000012,30.798744925270277
2016/7/13 8:15,7.903999805,3.148000002,5.828000069,0.816999972,2.131999969,1.097000003,30.72584986673772
2016/7/13 8:30,8.104999542,3.148000002,5.401000023,0.995000005,2.101999998,1.187999964,30.680437111959456
2016/7/13 8:45,8.171999931,2.344000101,5.934000015,1.065999985,1.949000001,1.126999974,37.2140007
2016/7/13 9:00,8.840999603,3.148000002,6.751999855,1.457000017,2.040999889,1.126999974,30.756673611546752
2016/7/13 9:15,8.572999954,3.08100009,6.573999882,1.457000017,2.101999998,1.218000054,37.2140007
2016/7/13 9:30,8.371999741,2.27699995,5.899000168,1.065999985,2.131999969,1.218000054,30.775914922414508
2016/7/13 9:45,9.444000244,3.013999939,6.361000061,1.527999997,2.559000015,1.279000044,30.75022328476952
2016/7/13 10:00,10.24800014,3.282000065,6.610000134,1.172999978,3.107000113,1.309999943,37.00299835
2016/7/13 10:15,10.31499958,2.611999989,6.822999954,0.675000012,3.075999975,1.279000044,35.52500153
2016/7/13 10:30,11.11900043,3.08100009,7.604000092,1.101999998,3.229000092,1.126999974,30.45999908
2016/7/13 10:45,9.243000031,2.678999901,7.143000126,1.457000017,2.315000057,0.944000006,26.94300079
2016/7/13 11:00,8.572999954,2.009000063,6.502999783,0.852999985,2.163000107,1.065999985,29.82699966
2016/7/13 11:15,9.913000107,2.880000114,6.254000187,0.958999991,2.954999924,1.218000054,32.07799911
2016/7/13 11:30,9.376999855,2.678999901,5.934000015,0.924000025,2.954999924,1.248999953,32.57099915
2016/7/13 11:45,8.975000381,2.27699995,5.934000015,0.603999972,2.984999895,1.126999974,32.92200089
2016/7/13 12:00,8.774000168,2.142999887,5.721000195,0.425999999,2.650000095,1.004999995,30.885854387051104
2016/7/13 12:15,8.505999565,2.142999887,5.721000195,0.354999989,2.772000074,1.036000013,33.06299973
2016/7/13 12:30,9.243000031,2.411000013,5.862999916,0.711000025,2.802000046,1.036000013,34.61100006
2016/7/13 12:45,9.376999855,2.545000076,6.147999763,0.816999972,2.894000053,1.065999985,30.86640748843231
2016/7/13 13:00,9.51099968,1.60800004,6.040999889,0.425999999,2.862999916,1.097000003,30.969333743849944
2016/7/13 13:15,9.578000069,1.942000031,6.111999989,0.958999991,2.740999937,1.036000013,30.90471021372147
2016/7/13 13:30,9.645000458,2.344000101,6.147999763,0.924000025,2.710999966,1.065999985,36.86199951
2016/7/13 13:45,8.706999779,2.880000114,5.96999979,0.675000012,3.167999983,1.309999943,30.790046598108884
2016/7/13 14:00,8.774000168,2.075999975,6.040999889,0.816999972,2.375999928,1.004999995,35.80699921
2016/7/13 14:15,8.572999954,2.075999975,6.040999889,0.958999991,2.740999937,1.126999974,30.834641680895988
2016/7/13 14:30,9.175999641,2.411000013,6.43200016,1.136999965,2.680000067,1.156999946,36.50999832
2016/7/13 14:45,9.31000042,2.678999901,6.395999908,1.065999985,2.650000095,1.156999946,30.831469512929033
2016/7/13 15:00,9.31000042,2.142999887,6.218999863,0.995000005,2.924000025,1.126999974,30.872294946661594
2016/7/13 15:15,8.505999565,2.009000063,5.721000195,0.497000009,2.650000095,1.065999985,30.869343549617756
2016/7/13 15:30,8.572999954,2.009000063,5.96999979,0.497000009,2.650000095,1.126999974,30.880832814253075
2016/7/13 15:45,8.43900013,1.807999969,5.828000069,0.816999972,2.924000025,1.097000003,37.35400009
2016/7/13 16:00,8.305999756,2.27699995,5.721000195,0.924000025,2.618999958,1.097000003,30.79411685188712
2016/7/13 16:15,8.572999954,2.27699995,5.68599987,0.924000025,2.740999937,1.097000003,30.805211759432307
2016/7/13 16:30,8.43900013,2.142999887,5.578999996,0.782000005,2.740999937,1.065999985,30.81999949768941
2016/7/13 16:45,8.840999603,2.411000013,5.96999979,0.852999985,2.924000025,1.126999974,30.83054529702064
2016/7/13 17:00,8.975000381,2.27699995,5.96999979,0.782000005,3.015000105,1.279000044,30.837246894014164
2016/7/13 17:15,9.31000042,2.477999926,6.040999889,0.711000025,3.349999905,1.279000044,37.2140007
2016/7/13 17:30,9.041999817,2.27699995,5.934000015,0.711000025,3.229000092,1.126999974,30.86415922676358
2016/7/13 17:45,9.041999817,2.142999887,5.934000015,0.569000006,3.075999975,1.156999946,30.883438016777717
2016/7/13 18:00,8.840999603,2.142999887,5.721000195,0.603999972,3.107000113,1.126999974,34.75099945
2016/7/13 18:15,8.572999954,2.009000063,5.578999996,0.569000006,2.924000025,1.097000003,30.85536729288272
2016/7/13 18:30,8.505999565,2.075999975,5.507999897,0.569000006,2.862999916,1.065999985,30.846052140607004
2016/7/13 18:45,8.706999779,2.009000063,5.721000195,0.603999972,3.015000105,1.097000003,30.867462504412465
2016/7/13 19:00,9.041999817,2.344000101,5.862999916,0.603999972,3.441999912,1.126999974,30.867594310731832
2016/7/13 19:15,9.444000244,2.210000038,6.183000088,0.603999972,3.229000092,1.126999974,34.11800003
2016/7/13 19:30,9.979999542,2.344000101,6.43200016,0.711000025,3.532999992,1.248999953,34.18899918
2016/7/13 19:45,10.7840004,2.411000013,6.822999954,0.711000025,3.868000031,1.248999953,30.980340679013096
2016/7/13 20:00,11.25300026,2.611999989,7.177999973,0.852999985,4.111999989,1.187999964,32.85200119
2016/7/13 20:15,11.45400047,2.344000101,7.249000072,0.745999992,4.203000069,1.218000054,31.04475530142505
2016/7/13 20:30,11.18599987,2.27699995,7.071000099,0.711000025,4.111999989,1.156999946,31.036029158498444
2016/7/13 20:45,10.98499966,2.210000038,6.928999901,0.603999972,4.051000118,1.156999946,31.033235426149357
2016/7/13 21:00,11.98900032,3.415999889,8.598999977,2.167999983,3.928999901,1.187999964,30.93226172675641
2016/7/13 21:15,12.92700005,4.287000179,8.598999977,2.203000069,3.71600008,1.097000003,32.36000061
2016/7/13 21:30,13.52999973,3.684000015,9.701000214,1.741000056,3.594000101,1.097000003,32.7820015
2016/7/13 21:45,12.6590004,3.549999952,9.274999619,1.491999984,3.471999884,1.097000003,31.068814975263997
2016/7/13 22:00,12.52499962,3.818000078,9.630000114,1.598999977,3.259000063,0.975000024,31.06614099821348
2016/7/13 22:15,14.40100002,4.019000053,11.05099964,2.061000109,3.441999912,1.036000013,31.172563174709865
2016/7/13 22:30,14.06599998,4.622000217,10.05599976,2.451999903,3.319999933,1.156999946,30.99864580595705
2016/7/13 22:45,14.33399963,3.951999903,10.94499969,2.415999889,3.229000092,1.097000003,31.123415600223158
2016/7/13 23:00,13.59700012,4.622000217,10.97999954,2.842999935,3.107000113,1.065999985,35.38499832
2016/7/13 23:15,13.79800034,4.889999866,10.58899975,3.197999954,3.046000004,1.097000003,30.92898281179294
2016/7/13 23:30,12.79300022,4.287000179,9.737000465,2.594000101,2.924000025,1.097000003,30.934238095674612
2016/7/13 23:45,14.40100002,4.21999979,10.58899975,3.447000027,2.894000053,1.097000003,35.10300064
2016/7/14 0:00,14.60200024,5.357999802,11.19400024,2.878000021,2.862999916,1.036000013,34.54000092
2016/7/14 0:15,14.19999981,4.487999916,10.9090004,2.878000021,2.740999937,1.065999985,34.47000122
2016/7/14 0:30,12.52499962,4.019000053,9.984999657,2.309999943,2.588999987,0.944000006,35.24399948
2016/7/14 0:45,12.05599976,3.48300004,9.807999611,2.381000042,2.345000029,0.852999985,35.10300064
2016/7/14 1:00,13.4630003,4.554999828,10.8739996,2.984999895,2.467000008,0.883000016,32.71099854
2016/7/14 1:15,13.66399956,4.956999779,11.30000019,3.233999968,2.375999928,0.883000016,32.7820015
2016/7/14 1:30,12.12300014,3.750999928,9.807999611,2.203000069,2.315000057,0.883000016,31.004828033587657
2016/7/14 1:45,12.59200001,4.019000053,9.451999664,2.381000042,2.193000078,0.852999985,30.969364056937476
2016/7/14 2:00,12.25699997,3.88499999,9.522999763,2.131999969,2.467000008,0.944000006,30.985399751489727
2016/7/14 2:15,13.39599991,4.756000042,10.3760004,3.305000067,2.345000029,0.883000016,30.91436218167541
2016/7/14 2:30,12.6590004,3.818000078,9.737000465,2.486999989,2.437000036,0.913999975,30.989072163975287
2016/7/14 2:45,12.72599983,3.617000103,10.4829998,2.664999962,2.28399992,0.944000006,31.029808171496885
2016/7/14 3:00,12.25699997,4.68900013,10.66100025,2.984999895,2.253999949,0.913999975,30.9126989936945
2016/7/14 3:15,12.18999958,4.019000053,10.02099991,2.381000042,2.345000029,0.975000024,34.68099976
2016/7/14 3:30,12.32400036,4.019000053,9.949999809,2.451999903,2.071000099,0.944000006,30.969276420826333
2016/7/14 3:45,11.45400047,4.21999979,9.559000015,2.203000069,1.980000019,0.852999985,30.925556241124852
2016/7/14 4:00,11.5880003,3.684000015,8.847999573,1.70599997,2.101999998,0.883000016,30.97454671707535
2016/7/14 4:15,11.92199993,3.013999939,9.416999817,2.096999884,2.163000107,0.944000006,31.027484550700304
2016/7/14 4:30,11.78800011,4.21999979,9.984999657,2.523000002,2.163000107,0.883000016,30.9329498475828
2016/7/14 4:45,10.91800022,3.148000002,8.847999573,2.025000095,2.040999889,0.883000016,30.950132447957454
2016/7/14 5:00,11.92199993,3.348999977,9.274999619,1.99000001,2.101999998,0.883000016,31.011615889075085
2016/7/14 5:15,10.7840004,2.545000076,8.421999931,1.63499999,2.315000057,0.913999975,35.31399918
2016/7/14 5:30,12.52499962,3.684000015,9.345999718,1.279000044,2.467000008,0.883000016,35.10300064
2016/7/14 5:45,11.85499954,3.282000065,9.31000042,1.812000036,2.588999987,0.913999975,31.034264402488144
2016/7/14 6:00,11.52099991,3.684000015,9.559000015,2.273999929,2.528000116,0.944000006,35.31399918
2016/7/14 6:15,11.45400047,3.148000002,9.630000114,1.953999996,2.437000036,0.883000016,31.03315789670484
2016/7/14 6:30,11.85499954,3.282000065,8.883999825,1.77699995,2.253999949,0.852999985,31.015556427587683
2016/7/14 6:45,9.979999542,3.415999889,7.923999786,1.812000036,2.375999928,1.004999995,30.84199781869006
2016/7/14 7:00,8.774000168,2.678999901,5.862999916,1.136999965,2.315000057,1.065999985,33.8370018
2016/7/14 7:15,9.175999641,2.880000114,6.610000134,0.888000011,2.375999928,1.126999974,30.842825321244398
2016/7/14 7:30,9.979999542,2.947000027,7.249000072,1.812000036,2.375999928,1.097000003,30.824198731226502
2016/7/14 7:45,10.18099976,3.48300004,7.853000164,1.56400001,2.405999899,1.097000003,36.50999832
2016/7/14 8:00,7.971000195,3.08100009,5.96999979,1.598999977,2.375999928,1.279000044,35.8769989
2016/7/14 8:15,8.43900013,2.545000076,5.366000175,0.888000011,2.497999907,1.371000051,30.730855695016295
2016/7/14 8:30,8.774000168,3.148000002,5.862999916,1.172999978,2.437000036,1.248999953,35.66600037
2016/7/14 8:45,7.836999893,2.344000101,5.472000122,1.136999965,2.559000015,1.340000033,30.703403254874598
2016/7/14 9:00,8.305999756,2.411000013,5.862999916,1.279000044,2.375999928,1.156999946,30.748547097141774
2016/7/14 9:15,8.23900032,2.477999926,5.828000069,0.782000005,2.467000008,1.218000054,35.59600067
2016/7/14 9:30,9.175999641,3.148000002,6.183000088,0.782000005,2.497999907,1.218000054,30.7987801036922
2016/7/14 9:45,9.376999855,2.746000051,6.111999989,1.101999998,2.497999907,1.156999946,36.15800095
2016/7/14 10:00,9.376999855,2.344000101,6.502999783,1.172999978,2.802000046,1.248999953,36.58000183
2016/7/14 10:15,10.7840004,2.210000038,6.751999855,0.782000005,2.924000025,1.248999953,36.08800125
2016/7/14 10:30,10.38199997,3.148000002,7.284999847,1.207999945,3.197999954,1.218000054,36.86199951
2016/7/14 10:45,10.24800014,2.411000013,7.390999794,1.031000018,3.197999954,1.097000003,30.96971082861699
2016/7/14 11:00,10.04699993,3.148000002,6.857999802,0.782000005,3.167999983,1.097000003,30.89933852322341
2016/7/14 11:15,10.11400032,3.214999914,6.502999783,1.136999965,3.015000105,1.097000003,30.838698403577073
2016/7/14 11:30,8.43900013,2.411000013,5.791999817,0.425999999,2.862999916,1.187999964,36.43999863
2016/7/14 11:45,8.640000343,2.210000038,5.188000202,0.532999992,2.618999958,1.036000013,30.82768550399756
2016/7/14 12:00,8.23900032,2.075999975,5.68599987,0.391000003,2.588999987,1.036000013,34.61100006
2016/7/14 12:15,8.505999565,2.210000038,5.543000221,0.639999986,2.618999958,1.036000013,30.832584874545237
2016/7/14 12:30,8.706999779,2.009000063,5.756999969,0.569000006,2.680000067,1.065999985,32.85200119
2016/7/14 12:45,8.840999603,2.27699995,6.183000088,0.745999992,2.710999966,1.036000013,30.872409557200484
2016/7/14 13:00,8.305999756,2.27699995,6.005000114,0.852999985,2.650000095,0.975000024,30.83263634306644
2016/7/14 13:15,8.975000381,2.344000101,6.361000061,0.745999992,2.832999945,1.279000044,30.858413517546257
2016/7/14 13:30,8.505999565,1.741000056,5.507999897,0.248999998,2.559000015,1.004999995,32.43000031
2016/7/14 13:45,8.43900013,2.344000101,5.436999798,0.569000006,2.559000015,1.036000013,30.819954862115743
2016/7/14 14:00,7.903999805,2.210000038,5.401000023,0.782000005,2.467000008,1.036000013,30.780805058001985
2016/7/14 14:15,8.305999756,2.27699995,5.366000175,1.101999998,2.467000008,1.065999985,32.85200119
2016/7/14 14:30,7.903999805,2.344000101,5.756999969,0.924000025,2.437000036,1.004999995,30.781872309381296
2016/7/14 14:45,8.23900032,2.344000101,5.614999771,0.639999986,2.467000008,1.248999953,30.78992008410419
2016/7/14 15:00,12.18999958,4.68900013,10.02099991,2.559000015,2.253999949,0.913999975,34.68099976
2016/7/14 15:15,8.038000107,1.942000031,5.258999825,0.319999993,2.375999928,1.036000013,30.84328868839972
2016/7/14 15:30,7.568999767,1.674000025,5.223999977,0.354999989,2.437000036,1.036000013,34.40000153
2016/7/14 15:45,7.568999767,1.473999977,5.295000076,0.178000003,2.345000029,1.004999995,35.45500183
2016/7/14 16:00,7.836999893,1.541000009,5.295000076,0.675000012,2.467000008,1.279000044,30.803160732244713
2016/7/14 16:15,7.836999893,2.075999975,5.366000175,0.675000012,2.497999907,1.036000013,30.79633723263338
2016/7/14 16:30,8.104999542,2.210000038,5.472000122,0.711000025,2.650000095,1.91900003,30.704063055607
2016/7/14 16:45,8.371999741,2.075999975,5.436999798,0.711000025,2.894000053,1.126999974,37.07300186
2016/7/14 17:00,7.903999805,1.60800004,4.619999886,-0.107000001,3.167999983,1.126999974,34.75099945
2016/7/14 17:15,7.769999981,1.340000033,4.513000011,-0.035999998,3.289999962,1.097000003,34.18899918
2016/7/14 17:30,7.301000118,1.20599997,4.441999912,-0.035999998,2.497999907,1.004999995,30.853184804007125
2016/7/14 17:45,6.899000168,1.340000033,4.300000191,-0.035999998,2.588999987,1.097000003,22.0890007
2016/7/14 18:00,6.429999828,0.938000023,3.980000019,-0.284000009,2.467000008,1.126999974,24.90299988
2016/7/14 18:15,6.429999828,1.004999995,3.802000046,-0.284000009,2.559000015,1.004999995,30.814250772393823
2016/7/14 18:30,6.429999828,0.938000023,3.838000059,-0.248999998,2.559000015,1.004999995,30.81778294470976
2016/7/14 18:45,6.497000217,0.870999992,4.619999886,-0.319999993,2.588999987,1.036000013,30.877588099873638
2016/7/14 19:00,7.836999893,1.340000033,5.188000202,0.035999998,2.710999966,1.065999985,30.901472008341887
2016/7/14 19:15,8.23900032,1.406999946,5.258999825,0.0,2.984999895,1.097000003,30.921857659183498
2016/7/14 19:30,8.706999779,1.473999977,5.614999771,0.107000001,3.075999975,1.065999985,30.953690349213524
2016/7/14 19:45,9.175999641,1.406999946,5.791999817,0.0,3.319999933,1.036000013,32.21900177
2016/7/14 20:00,8.975000381,1.406999946,5.68599987,0.035999998,3.259000063,0.975000024,30.994064430979137
2016/7/14 20:15,9.175999641,1.340000033,5.862999916,0.0,3.319999933,0.944000006,31.026566260114592
2016/7/14 20:30,8.907999992,1.20599997,5.543000221,-0.035999998,3.319999933,1.004999995,31.00119430098782
2016/7/14 20:45,8.572999954,1.072000027,5.401000023,-0.142000005,3.167999983,1.004999995,30.996239428937088
2016/7/14 21:00,8.305999756,0.670000017,5.223999977,-0.425999999,3.107000113,0.975000024,31.033699803428995
2016/7/14 21:15,8.23900032,0.536000013,5.188000202,-0.284000009,3.046000004,0.944000006,31.026779190050625
2016/7/14 21:30,8.706999779,1.875,5.578999996,-0.071000002,2.832999945,0.913999975,30.17900085
2016/7/14 21:45,8.572999954,0.938000023,5.756999969,-0.248999998,2.680000067,0.883000016,31.047940450508065
2016/7/14 22:00,8.104999542,0.80400002,5.436999798,-0.319999993,2.650000095,0.883000016,31.02355020756518
2016/7/14 22:15,9.913000107,1.60800004,7.498000145,0.569000006,2.588999987,0.913999975,31.080764285171185
2016/7/14 22:30,10.71700001,3.148000002,8.031000137,1.56400001,2.772000074,0.944000006,30.67099953
2016/7/14 22:45,10.64999962,1.875,7.177999973,1.065999985,2.559000015,0.883000016,31.16399956
2016/7/14 23:00,10.11400032,2.545000076,7.639999866,1.136999965,2.588999987,0.913999975,30.973695067695694
2016/7/14 23:15,14.13300037,4.21999979,9.345999718,1.953999996,4.965000153,1.401000023,31.024410815759516
2016/7/14 23:30,13.9989996,4.21999979,8.989999771,1.883000016,4.903999805,1.371000051,31.006438061758992
2016/7/14 23:45,14.60200024,4.554999828,9.559000015,2.203000069,4.873000145,1.70599997,30.97455905329138
2016/7/15 0:00,13.19499969,4.019000053,8.421999931,2.096999884,4.782000065,1.462000012,30.916668375062407
2016/7/15 0:15,13.52999973,4.019000053,8.989999771,1.70599997,4.690999985,1.432000041,31.86700058
2016/7/15 0:30,13.32900047,3.549999952,8.493000031,1.669999957,4.598999977,1.401000023,31.375
2016/7/15 0:45,14.2670002,4.354000092,9.593999863,2.273999929,4.630000114,1.401000023,31.00089611512356
2016/7/15 1:00,13.32900047,4.287000179,8.279999733,1.953999996,4.447000027,1.309999943,32.64099884
2016/7/15 1:15,13.32900047,4.019000053,8.989999771,1.77699995,4.507999897,1.309999943,31.004468667099605
2016/7/15 1:30,12.6590004,3.08100009,8.527999878,1.457000017,4.324999809,1.279000044,31.047510081769214
2016/7/15 1:45,12.59200001,4.21999979,8.847999573,2.273999929,4.295000076,1.340000033,30.892367272941115
2016/7/15 2:00,13.86499977,4.354000092,8.989999771,1.812000036,4.263999939,1.309999943,30.99900995105494
2016/7/15 2:15,13.66399956,3.549999952,8.918999672,1.91900003,4.295000076,1.340000033,31.029786391555447
2016/7/15 2:30,12.92700005,3.750999928,7.888999939,1.491999984,4.263999939,1.371000051,33.20399857
2016/7/15 2:45,13.52999973,4.287000179,8.706000328,1.63499999,4.203000069,1.309999943,30.988441666630056
2016/7/15 3:00,11.98900032,3.214999914,7.710999966,1.421000004,4.142000198,1.340000033,30.952333020514505
2016/7/15 3:15,12.72599983,3.88499999,8.31499958,1.63499999,4.172999859,1.279000044,33.13299942
2016/7/15 3:30,11.11900043,2.880000114,6.573999882,0.782000005,4.203000069,1.340000033,33.69599915
2016/7/15 3:45,11.85499954,2.880000114,7.390999794,1.243999958,4.234000206,1.371000051,30.965970629473453
2016/7/15 4:00,11.85499954,3.415999889,7.106999874,0.782000005,4.234000206,1.432000041,30.94943615271259
2016/7/15 4:15,10.7840004,2.477999926,6.610000134,0.924000025,4.355999947,1.340000033,30.935065923162032
2016/7/15 4:30,11.72099972,2.947000027,7.071000099,0.958999991,4.324999809,1.340000033,30.96834319721744
2016/7/15 4:45,11.78800011,2.27699995,6.965000153,0.745999992,4.324999809,1.309999943,34.18899918
2016/7/15 5:00,11.85499954,2.678999901,7.498000145,0.958999991,4.386000156,1.340000033,31.020566594094404
2016/7/15 5:15,11.31999969,2.009000063,6.289999962,0.569000006,4.568999767,1.644999981,30.977192762578802
2016/7/15 5:30,12.92700005,3.214999914,7.994999886,1.279000044,4.782000065,1.371000051,34.54000092
2016/7/15 5:45,11.18599987,2.142999887,5.862999916,0.284000009,4.842999935,1.340000033,31.000483649519186
2016/7/15 6:00,11.11900043,2.009000063,6.361000061,0.603999972,4.873000145,1.462000012,30.99204815278761
2016/7/15 6:15,11.05200005,1.875,6.076000214,0.142000005,4.721000195,1.552999973,31.016164668477398
2016/7/15 6:30,10.64999962,2.477999926,5.756999969,0.035999998,4.965000153,1.674999952,30.93378005099988
2016/7/15 6:45,11.72099972,2.545000076,6.254000187,0.816999972,5.086999893,1.70599997,30.927236865709236
2016/7/15 7:00,11.98900032,2.947000027,6.005000114,0.782000005,4.994999886,1.674999952,30.901293492729817
2016/7/15 7:15,11.25300026,3.214999914,6.361000061,0.603999972,5.177999973,1.70599997,35.45500183
2016/7/15 7:30,11.45400047,2.880000114,6.324999809,0.711000025,5.300000191,1.70599997,30.90772467495256
2016/7/15 7:45,12.12300014,3.282000065,7.0,0.888000011,5.117000103,1.76699996,30.924293813998577
2016/7/15 8:00,8.975000381,2.344000101,6.183000088,0.888000011,2.559000015,1.279000044,30.83079972734493
2016/7/15 8:15,8.907999992,2.545000076,6.005000114,0.958999991,2.437000036,1.097000003,30.814478950220312
2016/7/15 8:30,9.041999817,2.477999926,6.787000179,1.421000004,2.467000008,1.126999974,32.99300003
2016/7/15 8:45,8.572999954,3.214999914,6.147999763,1.315000057,2.497999907,1.156999946,30.71749269877843
2016/7/15 9:00,9.51099968,3.013999939,7.035999775,1.953999996,2.375999928,1.097000003,31.58600044
2016/7/15 9:15,9.645000458,3.348999977,6.610000134,1.243999958,2.650000095,1.156999946,30.793490878260595
2016/7/15 9:30,9.779000282,3.282000065,7.071000099,1.350000024,2.680000067,1.187999964,30.818844542419416
2016/7/15 9:45,9.979999542,3.549999952,6.857999802,1.172999978,2.772000074,1.248999953,30.80733700515698
2016/7/15 10:00,10.11400032,3.549999952,6.965000153,1.56400001,2.954999924,1.432000041,30.76174222984886
2016/7/15 10:15,11.18599987,2.746000051,7.498000145,1.031000018,3.381000042,1.279000044,30.976001902576982
2016/7/15 10:30,11.5880003,3.013999939,7.782000065,1.741000056,3.532999992,1.218000054,30.929079459087568
2016/7/15 10:45,11.5880003,2.812999964,7.390999794,1.527999997,3.349999905,1.309999943,30.92914951455121
2016/7/15 11:00,10.31499958,3.617000103,7.320000172,1.101999998,3.289999962,1.097000003,30.74200058
2016/7/15 11:15,9.376999855,3.148000002,6.681000233,1.315000057,3.015000105,1.097000003,30.802950460968983
2016/7/15 11:30,8.572999954,2.27699995,6.218999863,0.924000025,2.710999966,1.065999985,30.74200058
2016/7/15 11:45,8.706999779,2.344000101,5.578999996,0.319999993,2.894000053,1.065999985,30.865518047891726
2016/7/15 12:00,8.640000343,2.27699995,5.721000195,0.391000003,2.588999987,0.975000024,31.58600044
2016/7/15 12:15,8.171999931,2.075999975,5.472000122,0.425999999,2.528000116,0.975000024,31.79700089
2016/7/15 12:30,8.23900032,2.27699995,5.68599987,0.532999992,2.710999966,1.065999985,30.83255061167609
2016/7/15 12:45,8.840999603,2.545000076,5.756999969,0.284000009,2.650000095,1.097000003,30.86601463949214
2016/7/15 13:00,8.907999992,2.477999926,6.111999989,0.816999972,2.618999958,1.126999974,30.838412952461955
2016/7/15 13:15,8.505999565,2.27699995,6.289999962,1.101999998,2.588999987,1.156999946,30.813233799216707
2016/7/15 13:30,9.444000244,2.880000114,6.751999855,1.491999984,2.559000015,1.097000003,30.807932756304155
2016/7/15 13:45,8.706999779,2.27699995,6.218999863,0.924000025,2.467000008,1.218000054,31.44499969
2016/7/15 14:00,9.31000042,2.545000076,6.361000061,0.816999972,2.528000116,1.156999946,30.86300607340903
2016/7/15 14:15,9.243000031,2.812999964,6.43200016,1.315000057,2.528000116,1.248999953,31.51499939
2016/7/15 14:30,8.171999931,2.880000114,6.076000214,0.888000011,2.28399992,1.036000013,27.43499947
2016/7/15 14:45,8.640000343,2.812999964,5.650000095,0.711000025,2.28399992,1.126999974,30.781352945051367
2016/7/15 15:00,8.171999931,2.27699995,5.791999817,1.065999985,2.223999977,1.097000003,30.77460792045741
2016/7/15 15:15,8.572999954,2.812999964,5.828000069,0.888000011,2.28399992,1.126999974,30.771403573612865
2016/7/15 15:30,8.038000107,1.875,5.401000023,0.782000005,2.405999899,1.248999953,19.62700081
2016/7/15 15:45,8.171999931,2.344000101,5.543000221,0.852999985,2.588999987,1.248999953,30.76208119480523
2016/7/15 16:00,7.836999893,2.210000038,5.507999897,0.782000005,2.680000067,1.156999946,24.90299988
2016/7/15 16:15,7.769999981,2.27699995,5.721000195,0.958999991,2.618999958,1.279000044,30.74575105026715
2016/7/15 16:30,8.104999542,2.344000101,5.329999924,0.639999986,2.740999937,1.187999964,30.775570726939936
2016/7/15 16:45,8.572999954,2.142999887,5.68599987,0.711000025,2.924000025,1.218000054,18.29000092
2016/7/15 17:00,8.505999565,2.210000038,5.578999996,0.497000009,3.229000092,1.401000023,18.00900078
2016/7/15 17:15,8.371999741,2.009000063,5.436999798,0.462000012,2.894000053,1.218000054,18.5720005
2016/7/15 17:30,8.371999741,2.27699995,5.366000175,0.391000003,2.984999895,1.218000054,30.81863417750664
2016/7/15 17:45,7.636000156,1.60800004,4.833000183,0.142000005,2.710999966,1.156999946,23.63699913
2016/7/15 18:00,7.234000206,1.340000033,4.619999886,0.0,2.588999987,1.097000003,30.838215730365395
2016/7/15 18:15,6.899000168,1.340000033,4.513000011,0.0,2.375999928,1.065999985,30.817987912315054
2016/7/15 18:30,6.497000217,1.20599997,4.263999939,-0.035999998,2.28399992,1.004999995,19.76799965
2016/7/15 18:45,6.631000042,1.072000027,4.19299984,-0.107000001,2.405999899,0.944000006,17.58699989
2016/7/15 19:00,6.96600008,1.139000058,4.441999912,-0.035999998,2.467000008,0.975000024,16.88299942
2016/7/15 19:15,6.96600008,1.072000027,4.513000011,-0.071000002,2.497999907,0.944000006,30.862323413587994
2016/7/15 19:30,6.96600008,1.139000058,4.547999859,0.0,2.405999899,0.944000006,30.851671492639138
2016/7/15 19:45,7.166999817,1.139000058,4.762000084,0.0,2.437000036,0.913999975,21.24500084
2016/7/15 20:00,7.166999817,1.139000058,4.762000084,0.0,2.437000036,0.852999985,30.884438271690005
2016/7/15 20:15,7.166999817,1.139000058,4.65500021,-0.035999998,2.497999907,0.913999975,23.4260006
2016/7/15 20:30,7.099999905,1.072000027,4.619999886,-0.107000001,2.437000036,0.975000024,30.874608396349775
2016/7/15 20:45,6.96600008,1.072000027,4.406000137,-0.107000001,2.559000015,1.004999995,30.853077745136286
2016/7/15 21:00,8.371999741,2.947000027,6.218999863,1.207999945,2.437000036,1.036000013,24.1989994
2016/7/15 21:15,8.640000343,1.273000002,6.218999863,0.284000009,2.467000008,1.036000013,30.982436359166357
2016/7/15 21:30,9.779000282,1.741000056,7.284999847,0.711000025,2.253999949,0.975000024,25.32500076
2016/7/15 21:45,9.711999893,2.477999926,7.461999893,0.852999985,2.101999998,0.913999975,25.74699974
2016/7/15 22:00,9.109000206,2.210000038,7.568999767,0.958999991,2.00999999,0.883000016,25.74699974
2016/7/15 22:15,9.845999718,2.812999964,7.284999847,0.675000012,2.101999998,0.883000016,30.966018199579953
2016/7/15 22:30,8.371999741,2.009000063,5.96999979,0.603999972,1.980000019,0.852999985,30.88574883369403
2016/7/15 22:45,9.31000042,1.942000031,6.928999901,0.603999972,2.040999889,0.883000016,26.87299919
2016/7/15 23:00,8.907999992,2.678999901,7.639999866,1.527999997,1.949000001,0.883000016,26.52099991
2016/7/15 23:15,10.11400032,3.08100009,7.994999886,1.172999978,1.91900003,0.883000016,30.950678900637875
2016/7/15 23:30,11.11900043,3.348999977,8.989999771,2.309999943,1.91900003,0.883000016,27.50600052
2016/7/15 23:45,9.913000107,2.27699995,8.279999733,1.84800005,1.797000051,0.852999985,30.951513484744662
2016/7/16 0:00,8.505999565,2.210000038,6.644999981,0.782000005,1.644999981,0.852999985,30.89787360927373
2016/7/16 0:15,8.706999779,1.674000025,6.681000233,0.924000025,1.70599997,0.852999985,30.93425948938558
2016/7/16 0:30,9.779000282,2.477999926,7.604000092,0.995000005,1.552999973,0.852999985,30.973107580324044
2016/7/16 0:45,9.711999893,2.545000076,7.710999966,1.243999958,1.797000051,0.852999985,27.36499977
2016/7/16 1:00,10.04699993,3.08100009,8.031000137,1.669999957,1.735999942,0.822000027,27.36499977
2016/7/16 1:15,9.175999641,2.880000114,7.284999847,1.741000056,1.70599997,0.822000027,27.15399933
2016/7/16 1:30,10.18099976,2.545000076,8.670999527,1.77699995,1.70599997,0.822000027,27.71699905
2016/7/16 1:45,10.64999962,2.611999989,8.527999878,1.598999977,1.552999973,0.760999978,28.49099922
2016/7/16 2:00,10.85099983,3.750999928,8.741999626,1.99000001,1.462000012,0.760999978,30.909083355413056
2016/7/16 2:15,9.109000206,2.075999975,7.604000092,1.527999997,1.491999984,0.760999978,27.15399933
2016/7/16 2:30,10.31499958,2.545000076,8.38599968,1.63499999,1.523000002,0.791999996,27.36499977
2016/7/16 2:45,9.979999542,3.549999952,8.954999924,1.883000016,1.491999984,0.760999978,27.64599991
2016/7/16 3:00,8.907999992,2.947000027,7.639999866,1.598999977,1.491999984,0.791999996,30.847198943696252
2016/7/16 3:15,8.23900032,2.27699995,6.681000233,0.995000005,1.432000041,0.731000006,27.71699905
2016/7/16 3:30,9.444000244,2.27699995,7.676000118,1.491999984,1.401000023,0.731000006,27.50600052
2016/7/16 3:45,9.243000031,2.746000051,7.960000038,1.812000036,1.432000041,0.670000017,30.888356740152453
2016/7/16 4:00,9.51099968,2.009000063,7.320000172,1.065999985,1.371000051,0.670000017,30.98917056676326
2016/7/16 4:15,9.175999641,2.210000038,7.143000126,0.639999986,1.432000041,0.670000017,30.991911265292153
2016/7/16 4:30,9.51099968,2.477999926,7.427000046,1.065999985,1.432000041,0.700999975,30.95886877937989
2016/7/16 4:45,9.041999817,1.807999969,7.355999947,1.172999978,1.552999973,0.670000017,28.42000008
2016/7/16 5:00,9.578000069,2.477999926,7.853000164,0.958999991,1.644999981,0.670000017,31.00416901458098
2016/7/16 5:15,10.91800022,1.674000025,8.421999931,0.782000005,1.797000051,0.639999986,28.84199905
2016/7/16 5:30,11.18599987,2.075999975,8.493000031,0.958999991,2.040999889,0.670000017,31.14928667064275
2016/7/16 5:45,11.38700008,2.678999901,8.598999977,1.279000044,2.00999999,0.700999975,31.08538075184898
2016/7/16 6:00,9.645000458,2.210000038,7.604000092,0.782000005,2.163000107,0.731000006,31.026850867029243
2016/7/16 6:15,9.779000282,2.545000076,7.390999794,0.569000006,2.193000078,0.822000027,27.36499977
2016/7/16 6:30,10.18099976,2.812999964,7.747000217,1.457000017,2.163000107,0.883000016,30.931461676306935
2016/7/16 6:45,7.032999992,1.406999946,5.046000004,0.0,2.253999949,0.944000006,29.54599953
2016/7/16 7:00,6.229000092,1.875,4.122000217,0.354999989,2.131999969,1.004999995,30.693730400049226
2016/7/16 7:15,6.764999866,1.674000025,4.833000183,0.603999972,1.827999949,0.700999975,29.82699966
2016/7/16 7:30,7.301000118,2.27699995,5.329999924,0.888000011,1.827999949,0.822000027,30.751837341196364
2016/7/16 7:45,6.831999779,1.60800004,4.762000084,0.711000025,2.101999998,1.036000013,30.740224962076557
2016/7/16 8:00,6.96600008,2.746000051,4.93900013,0.711000025,2.101999998,1.065999985,30.67151207593006
2016/7/16 8:15,7.368000031,1.875,4.833000183,0.425999999,2.223999977,1.156999946,30.45999908
2016/7/16 8:30,7.166999817,1.674000025,5.258999825,0.888000011,2.163000107,1.036000013,31.51499939
2016/7/16 8:45,7.636000156,2.411000013,5.295000076,0.816999972,2.131999969,1.036000013,31.65600014
2016/7/16 9:00,7.301000118,1.60800004,5.117000103,0.319999993,2.101999998,0.975000024,31.44499969
2016/7/16 9:15,7.971000195,2.075999975,5.258999825,0.782000005,2.163000107,1.156999946,31.79700089
2016/7/16 9:30,7.836999893,2.880000114,5.650000095,0.745999992,2.497999907,1.036000013,30.748456896115304
2016/7/16 9:45,8.305999756,2.27699995,6.324999809,1.598999977,2.253999949,1.036000013,30.76687241116228
2016/7/16 10:00,8.840999603,2.27699995,6.395999908,0.958999991,2.588999987,1.126999974,33.20399857
2016/7/16 10:15,9.979999542,2.210000038,6.681000233,1.243999958,2.772000074,1.065999985,31.65600014
2016/7/16 10:30,10.04699993,2.27699995,7.177999973,0.958999991,2.954999924,1.156999946,31.58600044
2016/7/16 10:45,9.779000282,2.27699995,7.106999874,1.172999978,3.075999975,1.065999985,32.21900177
2016/7/16 11:00,9.243000031,2.142999887,6.43200016,0.995000005,3.015000105,1.156999946,33.41500092
2016/7/16 11:15,9.243000031,2.545000076,6.183000088,0.924000025,2.984999895,1.279000044,33.20399857
2016/7/16 11:30,7.836999893,2.075999975,5.472000122,0.425999999,2.772000074,1.187999964,30.81325943342194
2016/7/16 11:45,7.166999817,1.875,5.046000004,0.071000002,2.345000029,1.004999995,30.823626012934298
2016/7/16 12:00,6.429999828,1.273000002,4.263999939,0.284000009,2.345000029,1.004999995,30.76416321865591
2016/7/16 12:15,6.09499979,0.938000023,4.086999893,0.213,2.163000107,0.975000024,30.771178630649327
2016/7/16 12:30,7.368000031,2.009000063,4.619999886,0.462000012,2.163000107,0.944000006,30.762855310194368
2016/7/16 12:45,6.96600008,2.344000101,4.93900013,0.569000006,2.253999949,0.975000024,30.726418736777617
2016/7/16 13:00,6.697999954,2.27699995,4.547999859,0.354999989,2.253999949,1.036000013,30.709759809101072
2016/7/16 13:15,6.631000042,1.473999977,4.477000237,0.248999998,2.193000078,0.944000006,33.13299942
2016/7/16 13:30,7.568999767,2.142999887,5.081999779,0.639999986,2.223999977,1.065999985,30.7596071593431
2016/7/16 13:45,6.831999779,2.210000038,5.046000004,1.172999978,2.071000099,1.004999995,30.67080785005584
2016/7/16 14:00,7.769999981,2.678999901,4.93900013,1.207999945,2.193000078,1.097000003,30.660312713620144
2016/7/16 14:15,7.636000156,2.812999964,5.614999771,1.207999945,2.040999889,1.065999985,30.68812319423108
2016/7/16 14:30,7.836999893,2.344000101,5.046000004,0.639999986,2.163000107,1.065999985,30.754542462449574
2016/7/16 14:45,7.368000031,2.009000063,5.188000202,0.711000025,2.040999889,1.004999995,33.69599915
2016/7/16 15:00,8.104999542,2.344000101,5.828000069,1.065999985,2.193000078,1.065999985,34.04800034
2016/7/16 15:15,7.568999767,2.210000038,4.868000031,0.958999991,2.193000078,1.065999985,35.80699921
2016/7/16 15:30,6.899000168,1.807999969,4.833000183,0.425999999,2.223999977,1.097000003,30.75608200401763
2016/7/16 15:45,7.301000118,2.411000013,4.65500021,1.031000018,2.28399992,1.065999985,36.50999832
2016/7/16 16:00,7.099999905,2.142999887,5.329999924,1.350000024,2.131999969,1.065999985,35.52500153
2016/7/16 16:15,7.301000118,2.545000076,5.046000004,1.172999978,2.193000078,1.126999974,30.6553469675504
2016/7/16 16:30,7.301000118,2.009000063,4.93900013,0.888000011,2.131999969,1.065999985,30.722543035191478
2016/7/16 16:45,7.903999805,2.27699995,5.650000095,1.207999945,2.405999899,1.036000013,30.747823582821198
2016/7/16 17:00,7.836999893,2.210000038,5.366000175,0.958999991,2.528000116,1.036000013,30.75832424117167
2016/7/16 17:15,8.171999931,2.27699995,5.507999897,0.816999972,2.528000116,1.036000013,30.79175262654391
2016/7/16 17:30,7.836999893,2.009000063,5.223999977,0.497000009,2.588999987,1.036000013,35.8769989
2016/7/16 17:45,7.501999855,1.807999969,4.868000031,0.497000009,2.618999958,1.097000003,35.45500183
2016/7/16 18:00,7.301000118,1.741000056,4.477000237,0.354999989,2.528000116,1.097000003,35.59600067
2016/7/16 18:15,6.899000168,1.406999946,4.547999859,0.142000005,2.405999899,1.004999995,30.808099981983197
2016/7/16 18:30,7.166999817,1.406999946,4.584000111,0.107000001,2.588999987,0.975000024,36.22900009
2016/7/16 18:45,6.96600008,1.340000033,4.406000137,0.035999998,2.497999907,1.036000013,30.815288997038493
2016/7/16 19:00,6.697999954,1.20599997,4.229000092,-0.035999998,2.405999899,1.004999995,30.811821763798626
2016/7/16 19:15,6.697999954,1.273000002,4.229000092,0.0,2.467000008,1.065999985,33.27399826
2016/7/16 19:30,6.899000168,1.20599997,4.335000038,-0.035999998,2.559000015,0.975000024,32.64099884
2016/7/16 19:45,7.501999855,1.273000002,4.65500021,0.035999998,2.802000046,1.004999995,30.86598751353073
2016/7/16 20:00,7.836999893,1.20599997,4.974999905,0.0,2.862999916,0.975000024,30.913258369362026
2016/7/16 20:15,8.104999542,1.340000033,5.152999878,0.071000002,2.924000025,1.004999995,31.30400085
2016/7/16 20:30,8.104999542,1.273000002,5.081999779,0.0,2.924000025,1.036000013,30.81200027
2016/7/16 20:45,7.769999981,1.406999946,4.93900013,0.071000002,2.772000074,1.004999995,31.30400085
2016/7/16 21:00,7.434999943,1.273000002,4.584000111,-0.354999989,2.650000095,0.975000024,32.00799942
2016/7/16 21:15,7.166999817,1.741000056,5.329999924,0.142000005,2.618999958,1.004999995,32.00799942
2016/7/16 21:30,8.038000107,2.075999975,5.507999897,0.425999999,2.437000036,1.004999995,32.07799911
2016/7/16 21:45,7.636000156,1.807999969,5.258999825,0.107000001,2.375999928,0.975000024,31.58600044
2016/7/16 22:00,8.104999542,2.009000063,6.005000114,0.958999991,2.253999949,0.852999985,31.72599983
2016/7/16 22:15,8.038000107,1.942000031,5.721000195,0.425999999,2.223999977,0.822000027,31.93799973
2016/7/16 22:30,8.104999542,2.009000063,5.436999798,0.425999999,2.253999949,0.913999975,30.85435772978481
2016/7/16 22:45,7.099999905,1.674000025,4.974999905,0.569000006,2.163000107,0.883000016,30.792717638625906
2016/7/16 23:00,7.836999893,1.807999969,5.366000175,0.782000005,2.071000099,0.883000016,30.88199997
2016/7/16 23:15,8.907999992,2.075999975,6.218999863,0.852999985,1.949000001,0.852999985,31.23399925
2016/7/16 23:30,9.578000069,2.344000101,7.676000118,1.350000024,1.980000019,0.852999985,31.375
2016/7/16 23:45,9.175999641,3.013999939,8.208999634,1.243999958,1.91900003,0.852999985,31.16399956
2016/7/17 0:00,10.18099976,2.746000051,8.598999977,1.669999957,1.91900003,0.852999985,31.30400085
2016/7/17 0:15,9.578000069,2.210000038,7.461999893,0.995000005,1.85800004,0.852999985,30.88199997
2016/7/17 0:30,10.04699993,2.880000114,8.598999977,1.63499999,1.85800004,0.883000016,30.952182517354952
2016/7/17 0:45,9.779000282,2.477999926,7.994999886,1.84800005,1.76699996,0.852999985,30.913119259263965
2016/7/17 1:00,10.04699993,2.947000027,8.173000336,1.598999977,1.827999949,0.883000016,30.92456353780801
2016/7/17 1:15,9.041999817,3.08100009,6.71600008,1.598999977,1.735999942,0.852999985,30.782232380003002
2016/7/17 1:30,9.31000042,2.880000114,7.320000172,1.56400001,1.797000051,0.822000027,30.81200027
2016/7/17 1:45,10.18099976,3.415999889,8.208999634,2.415999889,1.644999981,0.822000027,31.79700089
2016/7/17 2:00,9.779000282,3.08100009,7.747000217,2.131999969,1.735999942,0.822000027,31.72599983
2016/7/17 2:15,10.91800022,3.750999928,8.741999626,1.77699995,1.552999973,0.670000017,31.72599983
2016/7/17 2:30,7.836999893,2.075999975,6.324999809,0.958999991,1.491999984,0.670000017,31.72599983
2016/7/17 2:45,9.243000031,2.678999901,7.284999847,1.491999984,1.552999973,0.700999975,30.881587107022852
2016/7/17 3:00,8.43900013,2.27699995,6.787000179,1.207999945,1.583999991,0.760999978,30.86558988485655
2016/7/17 3:15,7.501999855,1.807999969,6.040999889,0.639999986,1.523000002,0.670000017,31.65600014
2016/7/17 3:30,8.305999756,2.812999964,6.857999802,1.315000057,1.583999991,0.731000006,30.81770596293709
2016/7/17 3:45,8.505999565,2.545000076,7.106999874,1.527999997,1.462000012,0.731000006,31.44499969
2016/7/17 4:00,9.041999817,1.942000031,7.604000092,1.491999984,1.552999973,0.700999975,30.945302743713192
2016/7/17 4:15,9.51099968,2.075999975,8.137999535,1.207999945,1.674999952,0.700999975,31.23399925
2016/7/17 4:30,6.56400013,2.075999975,5.721000195,0.675000012,1.76699996,0.700999975,31.51499939
2016/7/17 4:45,8.640000343,1.674000025,6.289999962,0.532999992,1.735999942,0.791999996,30.953674789737953
2016/7/17 5:00,9.31000042,2.210000038,7.568999767,1.243999958,1.85800004,0.975000024,32.21900177
2016/7/17 5:15,9.51099968,1.741000056,6.857999802,0.852999985,2.101999998,0.731000006,31.001222650989067
2016/7/17 5:30,10.11400032,2.477999926,7.355999947,0.995000005,2.345000029,0.883000016,31.44499969
2016/7/17 5:45,11.45400047,3.08100009,8.954999924,1.279000044,2.28399992,0.791999996,31.65600014
2016/7/17 6:00,11.45400047,3.214999914,8.883999825,1.421000004,2.437000036,0.791999996,31.046396415411895
2016/7/17 6:15,10.51599979,2.746000051,8.031000137,1.386000037,2.437000036,0.944000006,31.72599983
2016/7/17 6:30,9.175999641,2.545000076,6.751999855,1.101999998,2.375999928,1.036000013,31.72599983
2016/7/17 6:45,9.376999855,3.013999939,6.502999783,0.888000011,2.315000057,1.065999985,31.86700058
2016/7/17 7:00,7.703000069,2.009000063,5.68599987,0.711000025,2.375999928,1.065999985,30.80664798984546
2016/7/17 7:15,8.43900013,2.746000051,5.756999969,1.386000037,2.28399992,1.065999985,33.55599976
2016/7/17 7:30,7.568999767,1.807999969,5.117000103,0.782000005,2.315000057,1.036000013,33.62599945
2016/7/17 7:45,8.572999954,2.210000038,5.96999979,1.136999965,2.193000078,1.065999985,30.804712981477405
2016/7/17 8:00,7.836999893,2.210000038,5.650000095,0.745999992,2.345000029,1.036000013,30.795578839109208
2016/7/17 8:15,7.903999805,2.545000076,5.366000175,1.386000037,2.315000057,1.036000013,33.97800064
2016/7/17 8:30,7.636000156,2.075999975,5.366000175,0.958999991,2.253999949,1.126999974,34.32899857
2016/7/17 8:45,7.769999981,2.545000076,5.756999969,1.315000057,2.375999928,1.371000051,30.680297199769917
2016/7/17 9:00,7.769999981,2.142999887,5.366000175,1.101999998,2.650000095,1.248999953,30.722909901026664
2016/7/17 9:15,8.371999741,2.812999964,6.040999889,0.816999972,2.345000029,1.126999974,30.782987432724177
2016/7/17 9:30,8.975000381,2.344000101,6.147999763,0.852999985,2.437000036,1.279000044,30.831105393738973
2016/7/17 9:45,9.175999641,2.880000114,6.218999863,0.888000011,2.984999895,1.309999943,34.9620018
2016/7/17 10:00,9.175999641,3.08100009,6.43200016,1.172999978,2.894000053,1.218000054,30.783021488300353
2016/7/17 10:15,10.31499958,2.880000114,6.71600008,1.315000057,2.862999916,1.156999946,30.859184200977193
2016/7/17 10:30,10.18099976,2.009000063,6.573999882,0.782000005,3.107000113,1.340000033,34.9620018
2016/7/17 10:45,9.444000244,1.807999969,6.467000008,0.782000005,3.229000092,1.097000003,30.94532513095999
2016/7/17 11:00,9.645000458,2.477999926,6.610000134,1.350000024,3.107000113,1.004999995,35.24399948
2016/7/17 11:15,8.774000168,2.477999926,5.578999996,0.852999985,2.740999937,0.944000006,35.24399948
2016/7/17 11:30,8.104999542,2.545000076,5.899000168,0.782000005,2.528000116,1.004999995,35.45500183
2016/7/17 11:45,7.636000156,1.875,4.762000084,0.354999989,2.375999928,1.004999995,30.79927367527151
2016/7/17 12:00,7.636000156,1.807999969,5.188000202,0.248999998,2.405999899,0.975000024,30.84454827910874
2016/7/17 12:15,7.636000156,1.674000025,5.010000229,0.248999998,2.345000029,0.944000006,36.29899979
2016/7/17 12:30,6.96600008,1.807999969,4.868000031,0.213,2.315000057,0.975000024,30.797198928415867
2016/7/17 12:45,7.301000118,1.541000009,4.93900013,0.213,2.467000008,1.004999995,35.8769989
2016/7/17 13:00,8.038000107,1.541000009,5.010000229,0.497000009,2.437000036,1.036000013,30.839740409022244
2016/7/17 13:15,7.434999943,1.674000025,5.188000202,0.569000006,2.315000057,1.004999995,30.808709201914954
2016/7/17 13:30,7.501999855,2.27699995,5.329999924,0.532999992,2.223999977,0.944000006,30.78652248876931
2016/7/17 13:45,8.505999565,1.741000056,5.899000168,0.782000005,2.163000107,1.004999995,37.91699982
2016/7/17 14:00,8.371999741,2.411000013,6.147999763,1.031000018,2.193000078,0.975000024,30.812802244445297
2016/7/17 14:15,8.43900013,2.611999989,5.436999798,0.888000011,2.193000078,1.279000044,38.4090004
2016/7/17 14:30,7.769999981,2.477999926,5.650000095,0.675000012,2.253999949,1.004999995,38.4090004
2016/7/17 14:45,8.371999741,1.942000031,5.507999897,0.782000005,2.28399992,1.036000013,30.826485019835456
2016/7/17 15:00,8.371999741,2.344000101,5.899000168,0.852999985,2.345000029,1.065999985,30.81141777363789
2016/7/17 15:15,7.636000156,2.477999926,5.472000122,0.888000011,2.223999977,1.036000013,39.46500015
2016/7/17 15:30,8.104999542,2.477999926,5.472000122,0.888000011,2.253999949,0.975000024,36.50999832
2016/7/17 15:45,7.971000195,2.075999975,5.756999969,0.782000005,2.28399992,0.975000024,30.820626110645737
2016/7/17 16:00,7.703000069,2.142999887,5.472000122,1.065999985,2.223999977,0.975000024,30.756969326689735
2016/7/17 16:15,8.305999756,2.411000013,5.756999969,0.958999991,2.405999899,1.065999985,30.7847181206404
2016/7/17 16:30,8.171999931,2.27699995,5.650000095,0.958999991,2.467000008,1.036000013,30.785636975867973
2016/7/17 16:45,8.171999931,2.344000101,5.614999771,0.924000025,2.528000116,1.065999985,37.84700012
2016/7/17 17:00,8.505999565,2.545000076,5.791999817,1.172999978,2.710999966,1.126999974,30.760586639890608
2016/7/17 17:15,8.640000343,2.477999926,5.756999969,1.279000044,2.832999945,1.126999974,30.75979626918243
2016/7/17 17:30,8.572999954,1.942000031,5.543000221,0.675000012,2.832999945,1.126999974,38.54999924
2016/7/17 17:45,8.43900013,2.075999975,5.614999771,0.675000012,2.862999916,1.126999974,30.832053203859363
2016/7/17 18:00,8.305999756,1.942000031,5.543000221,0.532999992,2.710999966,1.097000003,30.847588515432708
2016/7/17 18:15,8.104999542,1.674000025,5.366000175,0.284000009,2.740999937,1.097000003,30.872276492599415
2016/7/17 18:30,7.769999981,1.807999969,5.081999779,0.354999989,2.650000095,1.065999985,36.65100098
2016/7/17 18:45,7.769999981,2.075999975,5.081999779,0.462000012,2.618999958,1.036000013,30.79835949820018
2016/7/17 19:00,8.104999542,1.674000025,5.366000175,0.319999993,2.710999966,1.065999985,35.24399948
2016/7/17 19:15,8.171999931,1.674000025,5.329999924,0.284000009,2.740999937,1.065999985,30.876598570462907
2016/7/17 19:30,8.505999565,1.674000025,5.650000095,0.248999998,2.894000053,1.036000013,30.91968361289244
2016/7/17 19:45,9.041999817,1.674000025,5.899000168,0.284000009,3.075999975,0.975000024,35.17399979
2016/7/17 20:00,9.913000107,1.674000025,6.395999908,0.284000009,3.381000042,0.975000024,31.037177738878935
2016/7/17 20:15,9.979999542,1.674000025,6.538000107,0.284000009,3.411000013,1.065999985,33.62599945
2016/7/17 20:30,10.18099976,1.60800004,6.71600008,0.248999998,3.441999912,0.944000006,31.081333331131095
2016/7/17 20:45,9.913000107,1.60800004,6.573999882,0.248999998,3.319999933,0.944000006,33.62599945
2016/7/17 21:00,10.24800014,0.536000013,6.502999783,-0.745999992,3.289999962,0.913999975,33.8370018
2016/7/17 21:15,11.98900032,2.611999989,8.989999771,1.243999958,3.107000113,0.913999975,32.92200089
2016/7/17 21:30,12.25699997,2.611999989,9.097000122,0.995000005,2.954999924,0.975000024,31.166585225262143
2016/7/17 21:45,12.32400036,2.880000114,9.487999916,1.56400001,2.772000074,0.913999975,31.122207815419053
2016/7/17 22:00,12.45800018,3.684000015,9.807999611,2.131999969,2.528000116,0.822000027,33.48500061
2016/7/17 22:15,12.99400043,3.415999889,10.625,1.63499999,2.710999966,0.760999978,31.193205292302714
2016/7/17 22:30,12.79300022,3.348999977,11.08699989,1.91900003,2.650000095,0.883000016,33.06299973
2016/7/17 22:45,14.46800041,3.88499999,11.54899979,2.523000002,2.650000095,0.852999985,31.182936399052206
2016/7/17 23:00,14.2670002,4.287000179,11.65499973,2.878000021,2.467000008,0.760999978,31.124179497929727
2016/7/17 23:15,15.94099998,4.956999779,10.44699955,3.092000008,4.934000015,1.248999953,31.023302590116664
2016/7/17 23:30,16.81200027,5.559000015,11.58399963,3.375999928,4.721000195,1.279000044,31.055398959514864
2016/7/17 23:45,16.20899963,4.956999779,11.58399963,2.559000015,4.690999985,1.340000033,31.146578390160258
2016/7/18 0:00,14.53499985,3.951999903,10.16300011,2.061000109,4.568999767,1.340000033,31.104839644085967
2016/7/18 0:15,15.60599995,5.290999889,10.66100025,2.451999903,4.538000107,1.309999943,31.05109932163169
2016/7/18 0:30,15.3380003,4.822999954,10.9090004,2.451999903,4.507999897,1.340000033,31.08432028896263
2016/7/18 0:45,15.3380003,5.157000065,11.33600044,2.664999962,4.355999947,1.309999943,34.54000092
2016/7/18 1:00,15.8739996,5.157000065,11.37100029,2.772000074,4.355999947,1.309999943,31.08276181417693
2016/7/18 1:15,16.34300041,5.090000153,12.15299988,3.305000067,4.324999809,1.279000044,31.10652078553533
2016/7/18 1:30,14.60200024,4.956999779,10.27000046,2.806999922,4.721000195,1.462000012,34.68099976
2016/7/18 1:45,14.66899967,5.022999763,10.4829998,2.914000034,4.630000114,1.523000002,34.11800003
2016/7/18 2:00,15.13700008,4.152999878,10.09200001,2.167999983,4.447000027,1.401000023,31.094710492517226
2016/7/18 2:15,14.40100002,4.21999979,9.807999611,2.131999969,4.447000027,1.552999973,31.025468486918466
2016/7/18 2:30,13.12800026,3.88499999,9.097000122,1.457000017,4.355999947,1.340000033,31.039071714415755
2016/7/18 2:45,13.9989996,4.085999966,9.666000366,2.025000095,4.295000076,1.401000023,31.034603702357416
2016/7/18 3:00,14.46800041,4.21999979,9.593999863,2.131999969,4.324999809,1.462000012,31.0245292341822
2016/7/18 3:15,14.53499985,4.487999916,9.984999657,1.77699995,4.386000156,1.432000041,31.071811932947945
2016/7/18 3:30,13.9989996,4.287000179,9.522999763,2.025000095,4.386000156,1.462000012,31.005250314638673
2016/7/18 3:45,13.12800026,3.750999928,8.883999825,1.421000004,4.447000027,1.432000041,34.75099945
2016/7/18 4:00,12.18999958,3.282000065,7.923999786,0.888000011,4.172999859,1.340000033,34.9620018
2016/7/18 4:15,13.39599991,3.549999952,8.777000427,1.136999965,4.234000206,1.432000041,31.076711697387342
2016/7/18 4:30,14.06599998,3.684000015,9.168000221,1.77699995,4.386000156,1.340000033,32.14899826
2016/7/18 4:45,14.73600006,4.085999966,10.05599976,2.273999929,4.416999817,1.371000051,31.071499848432065
2016/7/18 5:00,12.79300022,2.746000051,8.244000435,0.958999991,4.416999817,1.371000051,31.101041163340547
2016/7/18 5:15,15.40499973,4.756000042,10.51799965,1.91900003,4.630000114,1.432000041,31.112633165169118
2016/7/18 5:30,15.73999977,4.68900013,10.9090004,2.630000114,4.903999805,1.371000051,31.094421198763676
2016/7/18 5:45,16.27599907,4.21999979,10.8739996,1.953999996,4.934000015,1.309999943,31.225773540777148
2016/7/18 6:00,13.19499969,2.947000027,8.635000229,1.031000018,4.751999855,1.401000023,34.68099976
2016/7/18 6:15,13.9989996,3.549999952,9.949999809,1.741000056,4.903999805,1.491999984,34.40000153
2016/7/18 6:30,16.27599907,5.357999802,11.12199974,2.523000002,4.842999935,1.491999984,31.080198055470092
2016/7/18 6:45,16.27599907,5.290999889,11.01599979,2.594000101,4.873000145,1.674999952,31.051139215430553
2016/7/18 7:00,13.59700012,4.152999878,8.635000229,1.279000044,4.903999805,1.674999952,36.58000183
2016/7/18 7:15,15.3380003,4.554999828,9.843000412,2.309999943,4.842999935,1.674999952,36.43999863
2016/7/18 7:30,15.3380003,5.223999977,10.3409996,2.167999983,5.026000023,1.735999942,31.009192734533627
2016/7/18 7:45,13.73099995,3.549999952,8.173000336,1.101999998,5.026000023,1.76699996,31.027835779260702
2016/7/18 8:00,9.913000107,2.545000076,7.710999966,1.207999945,2.588999987,1.126999974,30.937857581745316
2016/7/18 8:15,10.64999962,2.947000027,8.173000336,1.350000024,2.467000008,1.218000054,30.94515392095698
2016/7/18 8:30,10.38199997,2.812999964,7.782000065,1.136999965,2.315000057,1.097000003,30.952315585572162
2016/7/18 8:45,10.85099983,2.947000027,7.568999767,1.315000057,2.375999928,1.187999964,30.923353552658533
2016/7/18 9:00,8.104999542,1.942000031,6.111999989,0.603999972,2.375999928,1.309999943,36.08800125
2016/7/18 9:15,8.171999931,2.477999926,5.650000095,0.958999991,2.772000074,1.279000044,30.746524762077577
2016/7/18 9:30,9.444000244,3.08100009,6.147999763,1.63499999,2.650000095,1.552999973,30.691615627277628
2016/7/18 9:45,9.444000244,3.214999914,6.183000088,0.852999985,2.772000074,1.371000051,36.22900009
2016/7/18 10:00,8.975000381,2.880000114,6.43200016,0.852999985,2.772000074,1.279000044,36.22900009
2016/7/18 10:15,10.31499958,2.880000114,6.71600008,0.995000005,3.289999962,1.279000044,36.01800156
2016/7/18 10:30,10.44900036,1.875,6.751999855,0.782000005,3.107000113,1.218000054,36.29899979
2016/7/18 10:45,9.913000107,2.411000013,6.573999882,1.172999978,3.289999962,1.309999943,35.9469986
2016/7/18 11:00,9.31000042,3.08100009,6.43200016,1.031000018,3.229000092,1.279000044,36.29899979
2016/7/18 11:15,8.305999756,2.27699995,5.899000168,1.065999985,2.984999895,1.097000003,30.793954074207427
2016/7/18 11:30,8.640000343,2.545000076,5.401000023,0.711000025,2.618999958,1.126999974,36.79100037
2016/7/18 11:45,7.301000118,1.473999977,4.725999832,0.142000005,2.375999928,1.126999974,30.818556519213978
2016/7/18 12:00,7.636000156,1.674000025,5.046000004,0.284000009,2.437000036,1.036000013,35.9469986
2016/7/18 12:15,7.301000118,1.807999969,4.974999905,-0.071000002,2.315000057,1.187999964,36.93199921
2016/7/18 12:30,8.038000107,1.942000031,5.366000175,0.319999993,2.345000029,0.944000006,30.85989675818593
2016/7/18 12:45,7.971000195,1.741000056,5.68599987,0.284000009,2.345000029,0.944000006,36.72100067
2016/7/18 13:00,8.23900032,2.075999975,5.68599987,0.639999986,2.345000029,0.913999975,30.850154935036283
2016/7/18 13:15,8.572999954,1.674000025,5.862999916,0.852999985,2.375999928,1.004999995,36.50999832
2016/7/18 13:30,8.371999741,2.344000101,5.899000168,0.745999992,2.437000036,1.036000013,37.2140007
2016/7/18 13:45,8.840999603,2.27699995,6.538000107,0.745999992,2.375999928,1.004999995,38.05799866
2016/7/18 14:00,8.706999779,2.009000063,6.43200016,0.745999992,2.437000036,1.004999995,38.54999924
2016/7/18 14:15,8.774000168,2.411000013,6.147999763,0.782000005,2.467000008,1.036000013,30.85175239937202
2016/7/18 14:30,7.836999893,2.545000076,5.614999771,0.711000025,2.772000074,1.097000003,38.54999924
2016/7/18 14:45,8.640000343,1.807999969,5.828000069,0.603999972,2.710999966,1.218000054,30.869277393367213
2016/7/18 15:00,7.903999805,2.27699995,5.436999798,0.675000012,2.832999945,1.126999974,38.05799866
2016/7/18 15:15,8.43900013,2.210000038,5.614999771,0.569000006,2.588999987,1.065999985,38.69100189
2016/7/18 15:30,8.171999931,1.741000056,5.401000023,0.284000009,2.894000053,1.097000003,38.3390007
2016/7/18 15:45,8.305999756,1.807999969,5.650000095,0.497000009,2.832999945,1.126999974,35.9469986
2016/7/18 16:00,8.43900013,1.741000056,5.578999996,0.462000012,2.802000046,1.156999946,30.871615288657694
2016/7/18 16:15,8.572999954,2.411000013,5.756999969,0.569000006,3.046000004,1.156999946,30.831550474291493
2016/7/18 16:30,8.774000168,2.27699995,5.721000195,0.711000025,2.984999895,1.309999943,30.81621552480907
2016/7/18 16:45,8.706999779,1.942000031,5.791999817,0.639999986,3.075999975,1.309999943,35.24399948
2016/7/18 17:00,8.505999565,2.075999975,5.472000122,0.497000009,3.015000105,1.309999943,30.825063285124237
2016/7/18 17:15,8.572999954,1.942000031,5.366000175,0.354999989,2.924000025,1.156999946,30.86195758701754
2016/7/18 17:30,8.43900013,1.60800004,5.366000175,0.248999998,2.984999895,1.065999985,30.90141545546381
2016/7/18 17:45,8.706999779,2.009000063,5.650000095,0.391000003,3.046000004,1.187999964,30.874612495444463
2016/7/18 18:00,8.371999741,1.942000031,5.543000221,0.391000003,3.289999962,1.340000033,30.842718677195638
2016/7/18 18:15,8.371999741,2.009000063,5.258999825,0.425999999,3.015000105,1.248999953,30.824720173292253
2016/7/18 18:30,8.23900032,1.807999969,5.258999825,0.284000009,2.954999924,1.218000054,30.850437576945264
2016/7/18 18:45,8.038000107,1.674000025,5.117000103,0.284000009,2.894000053,1.036000013,33.8370018
2016/7/18 19:00,8.171999931,1.741000056,5.329999924,0.319999993,2.832999945,1.036000013,33.62599945
2016/7/18 19:15,8.371999741,1.674000025,5.543000221,0.319999993,2.954999924,1.036000013,30.900399983619238
2016/7/18 19:30,8.975000381,1.807999969,5.828000069,0.391000003,3.167999983,1.097000003,34.04800034
2016/7/18 19:45,9.578000069,1.875,6.218999863,0.425999999,3.441999912,1.036000013,30.975911785357127
2016/7/18 20:00,10.51599979,2.075999975,6.822999954,0.497000009,3.686000109,1.126999974,31.025976837017993
2016/7/18 20:15,10.71700001,2.210000038,6.787000179,0.425999999,3.838000059,1.126999974,34.68099976
2016/7/18 20:30,10.44900036,2.142999887,6.822999954,0.425999999,3.746000051,1.126999974,31.02574806790197
2016/7/18 20:45,10.51599979,2.075999975,6.644999981,0.425999999,3.838000059,1.126999974,31.02353626010528
2016/7/18 21:00,11.45400047,1.674000025,8.065999985,0.178000003,3.563999891,1.156999946,33.55599976
2016/7/18 21:15,11.72099972,2.344000101,8.421999931,0.248999998,3.471999884,1.218000054,31.17249514439779
2016/7/18 21:30,11.85499954,2.947000027,9.204000473,1.56400001,3.319999933,1.097000003,31.062844217007754
2016/7/18 21:45,12.05599976,2.344000101,9.31000042,1.101999998,3.046000004,0.975000024,34.47000122
2016/7/18 22:00,12.45800018,3.415999889,9.949999809,1.77699995,2.862999916,0.883000016,31.100723530181266
2016/7/18 22:15,13.59700012,3.617000103,10.30500031,1.598999977,2.802000046,0.852999985,31.18063100644532
2016/7/18 22:30,12.72599983,3.415999889,9.807999611,1.812000036,2.710999966,0.913999975,31.09589870900807
2016/7/18 22:45,13.4630003,3.750999928,10.9090004,2.523000002,2.559000015,0.944000006,33.06299973
2016/7/18 23:00,12.05599976,3.348999977,10.05599976,1.77699995,2.437000036,0.883000016,33.69599915
2016/7/18 23:15,14.80300045,5.223999977,12.61499977,3.660000086,2.528000116,0.913999975,31.04440314076039
2016/7/18 23:30,14.60200024,4.622000217,12.33100033,2.984999895,2.497999907,0.913999975,33.62599945
2016/7/18 23:45,12.45800018,3.684000015,10.09200001,2.203000069,2.437000036,0.944000006,33.69599915
2016/7/19 0:00,13.59700012,4.085999966,11.37100029,2.486999989,2.315000057,0.852999985,31.118455938421057
2016/7/19 0:15,14.2670002,4.756000042,12.04599953,2.984999895,2.071000099,0.700999975,31.106726847841117
2016/7/19 0:30,13.19499969,4.487999916,11.12199974,3.019999981,1.91900003,0.639999986,31.02254343195507
2016/7/19 0:45,12.18999958,3.48300004,9.949999809,2.239000082,1.888000011,0.639999986,33.69599915
2016/7/19 1:00,13.79800034,4.085999966,11.30000019,3.163000107,1.827999949,0.670000017,33.62599945
2016/7/19 1:15,12.39099979,4.287000179,10.94499969,3.055999994,1.76699996,0.639999986,30.984615179619798
2016/7/19 1:30,11.52099991,3.282000065,9.559000015,2.486999989,1.76699996,0.639999986,30.9898923526598
2016/7/19 1:45,13.73099995,4.68900013,11.79800034,3.375999928,1.85800004,0.700999975,33.34400177
2016/7/19 2:00,12.72599983,4.354000092,10.8380003,2.486999989,1.827999949,0.670000017,33.48500061
2016/7/19 2:15,12.79300022,4.354000092,10.8380003,2.842999935,1.735999942,0.700999975,33.97800064
2016/7/19 2:30,13.06099987,4.019000053,11.22900009,2.948999882,1.76699996,0.670000017,31.05937200414359
2016/7/19 2:45,11.72099972,3.617000103,9.737000465,2.061000109,1.76699996,0.731000006,31.018368705098943
2016/7/19 3:00,11.38700008,3.214999914,9.593999863,2.381000042,1.70599997,0.731000006,30.990706536759905
2016/7/19 3:15,10.71700001,3.013999939,9.131999969,2.273999929,1.70599997,0.670000017,30.963969172157018
2016/7/19 3:30,11.45400047,3.282000065,9.274999619,1.91900003,1.70599997,0.700999975,32.64099884
2016/7/19 3:45,12.39099979,3.617000103,9.31000042,1.91900003,1.70599997,0.700999975,31.039839527792584
2016/7/19 4:00,12.52499962,4.152999878,10.5539999,2.203000069,1.70599997,1.004999995,31.020819098932954
2016/7/19 4:15,10.91800022,3.348999977,9.23900032,1.812000036,1.76699996,0.731000006,30.99565774680595
2016/7/19 4:30,11.31999969,3.617000103,9.701000214,2.273999929,1.76699996,0.731000006,30.976441803580027
2016/7/19 4:45,11.31999969,3.415999889,9.559000015,1.883000016,1.797000051,0.700999975,31.65600014
2016/7/19 5:00,12.05599976,3.08100009,10.23400021,1.812000036,1.888000011,0.731000006,31.65600014
2016/7/19 5:15,11.11900043,2.477999926,8.56400013,0.425999999,2.101999998,0.760999978,31.165484693673406
2016/7/19 5:30,11.38700008,2.075999975,9.522999763,0.995000005,2.375999928,0.822000027,31.203905512076425
2016/7/19 5:45,11.78800011,2.880000114,8.812999725,1.065999985,2.345000029,0.913999975,32.14899826
2016/7/19 6:00,10.7840004,2.545000076,8.777000427,1.065999985,2.253999949,0.913999975,31.078196366330317
2016/7/19 6:15,10.44900036,2.210000038,8.350999832,1.172999978,2.315000057,0.913999975,31.05078904129584
2016/7/19 6:30,11.5880003,3.48300004,8.635000229,1.207999945,2.315000057,1.004999995,34.11800003
2016/7/19 6:45,9.979999542,2.210000038,7.604000092,0.745999992,2.28399992,1.004999995,31.01608349892796
2016/7/19 7:00,8.572999954,2.075999975,6.147999763,0.284000009,2.315000057,1.065999985,32.21900177
2016/7/19 7:15,9.175999641,2.009000063,6.183000088,0.071000002,2.772000074,1.156999946,30.96197003706327
2016/7/19 7:30,9.175999641,2.344000101,6.040999889,0.816999972,2.650000095,1.097000003,31.72599983
2016/7/19 7:45,7.501999855,1.60800004,4.868000031,0.354999989,2.375999928,1.065999985,30.8121404767312
2016/7/19 8:00,8.706999779,2.545000076,5.578999996,1.56400001,2.618999958,1.126999974,31.72599983
2016/7/19 8:15,9.645000458,3.08100009,6.928999901,1.56400001,2.862999916,1.309999943,32.7820015
2016/7/19 8:30,9.109000206,3.348999977,6.787000179,1.70599997,3.107000113,1.309999943,33.55599976
2016/7/19 8:45,9.779000282,3.348999977,7.143000126,1.457000017,3.015000105,1.371000051,33.34400177
2016/7/19 9:00,9.645000458,2.678999901,6.894000053,0.888000011,2.559000015,1.309999943,30.87725220969891
2016/7/19 9:15,8.975000381,2.746000051,6.218999863,0.782000005,2.650000095,1.156999946,30.82907632780182
2016/7/19 9:30,9.175999641,2.210000038,6.076000214,0.852999985,2.588999987,1.218000054,30.853717491037536
2016/7/19 9:45,9.645000458,2.746000051,6.787000179,1.172999978,2.740999937,1.156999946,32.28900146
2016/7/19 10:00,9.645000458,2.477999926,6.751999855,0.782000005,3.107000113,1.036000013,30.929278125658996
2016/7/19 10:15,10.98499966,2.880000114,7.320000172,1.136999965,3.441999912,1.156999946,32.07799911
2016/7/19 10:30,10.18099976,2.746000051,7.214000225,1.136999965,3.167999983,0.944000006,30.93779107685823
2016/7/19 10:45,10.04699993,2.477999926,6.787000179,0.852999985,3.349999905,1.187999964,30.92769300391671
2016/7/19 11:00,9.51099968,2.545000076,6.183000088,0.782000005,3.259000063,1.126999974,27.50600052
2016/7/19 11:15,8.706999779,2.210000038,6.218999863,0.782000005,3.075999975,0.944000006,27.50600052
2016/7/19 11:30,8.23900032,1.674000025,5.366000175,0.497000009,2.559000015,1.126999974,30.85198796024478
2016/7/19 11:45,7.501999855,1.942000031,5.117000103,0.071000002,2.618999958,1.097000003,30.830494028303203
2016/7/19 12:00,7.703000069,1.807999969,4.903999805,0.354999989,2.253999949,0.852999985,29.26399994
2016/7/19 12:15,7.836999893,1.807999969,5.223999977,0.391000003,2.315000057,0.883000016,30.85114629644019
2016/7/19 12:30,7.836999893,1.875,4.903999805,0.425999999,2.345000029,1.218000054,28.9829998
2016/7/19 12:45,7.301000118,1.807999969,5.295000076,0.391000003,2.375999928,0.913999975,30.31999969
2016/7/19 13:00,7.903999805,1.741000056,5.223999977,0.425999999,2.223999977,0.852999985,31.44499969
2016/7/19 13:15,7.368000031,2.210000038,5.366000175,0.391000003,2.223999977,0.883000016,30.808600054119772
2016/7/19 13:30,7.903999805,1.60800004,5.046000004,0.391000003,1.980000019,0.852999985,30.85817435300585
2016/7/19 13:45,7.836999893,2.075999975,5.223999977,0.213,2.00999999,0.883000016,31.86700058
2016/7/19 14:00,7.501999855,1.473999977,5.791999817,0.711000025,2.040999889,0.852999985,31.51499939
2016/7/19 14:15,7.568999767,2.009000063,5.295000076,0.958999991,2.131999969,0.913999975,30.76649744523357
2016/7/19 14:30,8.706999779,1.942000031,6.751999855,0.958999991,2.071000099,0.852999985,30.91890767004051
2016/7/19 14:45,9.578000069,2.545000076,6.857999802,1.172999978,2.040999889,0.913999975,32.00799942
2016/7/19 15:00,9.578000069,2.746000051,6.894000053,0.995000005,1.980000019,0.913999975,30.89790864323916
2016/7/19 15:15,8.774000168,1.807999969,6.71600008,0.532999992,2.345000029,1.156999946,30.940636533710382
2016/7/19 15:30,8.907999992,2.880000114,6.502999783,1.136999965,2.28399992,1.097000003,30.801540124111625
2016/7/19 15:45,8.104999542,2.812999964,5.614999771,0.924000025,2.588999987,1.218000054,30.725849198094075
2016/7/19 16:00,7.903999805,2.075999975,5.507999897,0.852999985,2.740999937,1.279000044,30.76507084842493
2016/7/19 16:15,8.038000107,2.009000063,5.366000175,0.675000012,2.984999895,1.218000054,30.794209736098484
2016/7/19 16:30,8.43900013,2.411000013,5.650000095,0.745999992,2.832999945,1.218000054,30.792355657192793
2016/7/19 16:45,8.305999756,2.075999975,5.543000221,0.497000009,2.984999895,1.126999974,34.54000092
2016/7/19 17:00,8.371999741,1.875,5.472000122,0.391000003,2.924000025,1.218000054,30.853679956487422
2016/7/19 17:15,8.572999954,1.875,5.436999798,0.497000009,2.832999945,1.279000044,30.84238977116623
2016/7/19 17:30,8.774000168,1.807999969,5.721000195,0.462000012,2.954999924,1.279000044,30.878413776225152
2016/7/19 17:45,8.43900013,1.807999969,5.436999798,0.319999993,2.894000053,1.248999953,30.862840408237513
2016/7/19 18:00,7.836999893,1.674000025,4.974999905,0.178000003,2.710999966,1.065999985,30.849954432456865
2016/7/19 18:15,7.434999943,1.541000009,4.762000084,0.107000001,2.832999945,1.187999964,30.822717606068277
2016/7/19 18:30,7.368000031,1.406999946,4.690999985,0.071000002,2.772000074,1.248999953,33.62599945
2016/7/19 18:45,7.501999855,1.406999946,4.833000183,0.248999998,2.618999958,1.004999995,30.84417184956194
2016/7/19 19:00,7.636000156,1.541000009,5.081999779,0.213,2.618999958,1.065999985,30.852646049022987
2016/7/19 19:15,7.836999893,1.406999946,5.010000229,0.035999998,2.894000053,1.065999985,30.8873110861598
2016/7/19 19:30,8.706999779,1.541000009,5.507999897,0.107000001,3.167999983,1.156999946,33.62599945
2016/7/19 19:45,9.175999641,1.674000025,5.934000015,0.142000005,3.289999962,1.097000003,30.975051514259516
2016/7/19 20:00,9.645000458,1.541000009,6.361000061,0.462000012,3.319999933,1.065999985,33.48500061
2016/7/19 20:15,9.51099968,1.674000025,6.218999863,0.248999998,3.319999933,1.065999985,33.69599915
2016/7/19 20:30,9.51099968,1.674000025,6.289999962,0.284000009,3.229000092,1.036000013,31.00417571918524
2016/7/19 20:45,9.175999641,1.807999969,5.934000015,0.0,3.107000113,1.036000013,30.984885658148855
2016/7/19 21:00,9.578000069,1.875,6.183000088,0.284000009,3.015000105,1.036000013,30.984250590384313
2016/7/19 21:15,9.444000244,1.807999969,5.934000015,0.0,2.894000053,0.913999975,31.008915494820627
2016/7/19 21:30,8.43900013,1.473999977,5.862999916,0.603999972,2.740999937,0.883000016,32.43000031
2016/7/19 21:45,9.175999641,1.942000031,6.538000107,0.603999972,2.588999987,0.852999985,30.967432594352157
2016/7/19 22:00,8.43900013,1.807999969,5.934000015,0.745999992,2.345000029,0.731000006,32.64099884
2016/7/19 22:15,9.979999542,1.674000025,7.106999874,1.065999985,2.28399992,0.731000006,31.022883331394045
2016/7/19 22:30,9.51099968,2.344000101,6.610000134,0.675000012,2.253999949,0.731000006,30.961639768576063
2016/7/19 22:45,8.171999931,2.210000038,5.828000069,0.675000012,2.253999949,0.700999975,32.36000061
2016/7/19 23:00,10.64999962,2.411000013,8.065999985,1.279000044,2.163000107,0.700999975,31.039812465019743
2016/7/19 23:15,13.93200016,4.019000053,9.131999969,1.598999977,4.568999767,1.340000033,31.055755371985576
2016/7/19 23:30,13.73099995,3.415999889,8.635000229,1.91900003,4.477000237,1.401000023,31.93799973
2016/7/19 23:45,13.59700012,3.88499999,8.350999832,1.669999957,4.598999977,1.279000044,31.65600014
2016/7/20 0:00,13.52999973,4.019000053,8.208999634,1.56400001,4.568999767,1.401000023,32.00799942
2016/7/20 0:15,13.66399956,3.617000103,8.706000328,1.279000044,4.568999767,1.432000041,31.86700058
2016/7/20 0:30,12.6590004,3.282000065,7.853000164,1.101999998,4.477000237,1.309999943,31.79700089
2016/7/20 0:45,12.45800018,2.678999901,7.960000038,1.279000044,4.355999947,1.309999943,31.0472919605926
2016/7/20 1:00,13.32900047,3.48300004,8.847999573,1.63499999,4.295000076,1.371000051,31.65600014
2016/7/20 1:15,12.05599976,2.880000114,7.747000217,1.136999965,4.295000076,1.340000033,31.23399925
2016/7/20 1:30,12.32400036,3.348999977,8.137999535,1.172999978,4.172999859,1.279000044,31.51499939
2016/7/20 1:45,12.25699997,2.880000114,8.244000435,1.207999945,4.172999859,1.309999943,31.30400085
2016/7/20 2:00,12.25699997,2.947000027,7.960000038,1.598999977,4.234000206,1.279000044,30.98894281472759
2016/7/20 2:15,12.12300014,3.214999914,8.38599968,1.315000057,4.203000069,1.279000044,31.01789278931709
2016/7/20 2:30,12.59200001,3.684000015,8.137999535,1.031000018,4.172999859,1.309999943,31.014979994258173
2016/7/20 2:45,11.11900043,2.947000027,7.249000072,1.172999978,4.172999859,1.309999943,30.932311142359417
2016/7/20 3:00,11.18599987,3.214999914,7.214000225,1.243999958,4.142000198,1.279000044,30.909891410299103
2016/7/20 3:15,10.98499966,3.148000002,6.787000179,1.207999945,4.142000198,1.309999943,30.8795275163183
2016/7/20 3:30,10.11400032,2.075999975,6.254000187,0.639999986,4.203000069,1.279000044,31.86700058
2016/7/20 3:45,11.72099972,3.08100009,7.390999794,1.315000057,4.142000198,1.309999943,30.944210053958418
2016/7/20 4:00,11.78800011,1.942000031,7.0,0.816999972,4.203000069,1.309999943,32.43000031
2016/7/20 4:15,11.92199993,3.214999914,7.355999947,0.995000005,4.295000076,1.371000051,30.968241888620888
2016/7/20 4:30,11.05200005,2.678999901,6.502999783,0.532999992,4.324999809,1.340000033,31.44499969
2016/7/20 4:45,11.72099972,2.611999989,7.106999874,0.497000009,4.324999809,1.371000051,31.037805608769375
2016/7/20 5:00,12.25699997,2.411000013,7.177999973,0.816999972,4.447000027,1.371000051,31.049998893400033
2016/7/20 5:15,11.98900032,2.344000101,7.461999893,0.782000005,4.598999977,1.309999943,32.43000031
2016/7/20 5:30,11.45400047,2.812999964,6.857999802,0.107000001,4.782000065,1.401000023,32.64099884
2016/7/20 5:45,13.19499969,3.214999914,7.710999966,0.462000012,4.903999805,1.523000002,31.089994096930493
2016/7/20 6:00,13.12800026,3.415999889,8.031000137,1.065999985,4.903999805,1.491999984,31.034717023828723
2016/7/20 6:15,12.39099979,3.08100009,6.71600008,0.107000001,4.903999805,1.644999981,31.024045011283885
2016/7/20 6:30,11.5880003,2.477999926,6.183000088,0.178000003,4.873000145,1.674999952,30.98757647021843
2016/7/20 6:45,10.98499966,2.344000101,6.43200016,0.107000001,4.903999805,1.735999942,33.06299973
2016/7/20 7:00,11.11900043,2.880000114,6.218999863,0.248999998,5.026000023,1.644999981,30.936885443643227
2016/7/20 7:15,11.45400047,3.148000002,6.681000233,0.603999972,5.056000233,1.644999981,30.92564729059452
2016/7/20 7:30,11.65499973,2.746000051,6.71600008,0.924000025,4.994999886,1.674999952,30.929930342902164
2016/7/20 7:45,12.25699997,3.684000015,7.106999874,1.136999965,4.903999805,1.70599997,34.54000092
2016/7/20 8:00,8.038000107,2.142999887,5.791999817,0.995000005,2.618999958,1.097000003,34.40000153
2016/7/20 8:15,9.041999817,2.142999887,6.361000061,0.782000005,2.375999928,1.187999964,30.878580130862634
2016/7/20 8:30,8.104999542,2.210000038,5.756999969,0.745999992,2.680000067,1.156999946,35.66600037
2016/7/20 8:45,9.109000206,2.411000013,6.218999863,1.279000044,2.710999966,1.156999946,36.43999863
2016/7/20 9:00,8.706999779,3.08100009,6.254000187,1.279000044,2.802000046,1.248999953,36.93199921
2016/7/20 9:15,8.975000381,2.477999926,6.289999962,0.816999972,2.650000095,1.036000013,35.66600037
2016/7/20 9:30,8.774000168,3.08100009,6.395999908,1.421000004,2.832999945,1.309999943,30.72667547506368
2016/7/20 9:45,9.779000282,2.678999901,6.43200016,0.888000011,2.772000074,1.004999995,30.891087547980522
2016/7/20 10:00,10.38199997,2.812999964,7.071000099,1.243999958,2.710999966,1.156999946,30.89467528200092
2016/7/20 10:15,10.31499958,2.545000076,7.320000172,0.782000005,3.381000042,1.156999946,33.97800064
2016/7/20 10:30,10.24800014,3.013999939,7.249000072,0.745999992,3.503000021,1.156999946,33.69599915
2016/7/20 10:45,10.44900036,2.611999989,7.106999874,0.711000025,3.229000092,1.097000003,30.979391602873992
2016/7/20 11:00,10.18099976,2.880000114,6.894000053,1.136999965,3.503000021,1.097000003,33.62599945
2016/7/20 11:15,9.913000107,2.947000027,6.681000233,1.207999945,3.289999962,1.279000044,34.04800034
2016/7/20 11:30,8.774000168,1.875,5.899000168,0.816999972,2.924000025,1.065999985,32.85200119
2016/7/20 11:45,7.903999805,1.942000031,6.111999989,0.319999993,2.924000025,1.097000003,33.13299942
2016/7/20 12:00,8.038000107,1.942000031,5.650000095,0.391000003,2.528000116,0.944000006,30.87177756402731
2016/7/20 12:15,8.907999992,2.009000063,5.578999996,0.425999999,2.467000008,0.975000024,30.894704145071923
2016/7/20 12:30,8.43900013,1.541000009,5.650000095,0.319999993,2.618999958,1.036000013,34.04800034
2016/7/20 12:45,9.175999641,2.27699995,5.828000069,0.425999999,2.740999937,1.065999985,30.895010109917788
2016/7/20 13:00,8.706999779,2.210000038,5.96999979,0.213,2.802000046,1.065999985,33.27399826
2016/7/20 13:15,9.109000206,2.210000038,6.183000088,0.995000005,2.710999966,1.309999943,33.41500092
2016/7/20 13:30,9.645000458,1.60800004,6.218999863,0.745999992,2.740999937,1.097000003,33.69599915
2016/7/20 13:45,9.376999855,2.477999926,6.573999882,0.816999972,2.710999966,1.065999985,35.45500183
2016/7/20 14:00,9.376999855,2.210000038,6.71600008,1.065999985,2.680000067,1.187999964,35.52500153
2016/7/20 14:15,9.578000069,2.477999926,6.502999783,0.888000011,2.984999895,1.401000023,30.858282893783823
2016/7/20 14:30,8.706999779,2.009000063,6.076000214,0.497000009,2.802000046,1.248999953,34.8219986
2016/7/20 14:45,8.774000168,2.142999887,6.005000114,0.852999985,2.832999945,1.097000003,35.73600006
2016/7/20 15:00,9.376999855,2.545000076,6.395999908,0.711000025,2.710999966,1.279000044,30.866800778322574
2016/7/20 15:15,8.840999603,2.009000063,6.040999889,0.603999972,2.650000095,1.218000054,30.876433021234845
2016/7/20 15:30,8.706999779,1.807999969,6.005000114,0.213,2.710999966,1.279000044,35.31399918
2016/7/20 15:45,8.371999741,2.344000101,5.366000175,0.711000025,2.924000025,1.279000044,30.774206326450084
2016/7/20 16:00,8.505999565,2.075999975,5.791999817,0.675000012,2.650000095,1.279000044,35.66600037
2016/7/20 16:15,8.640000343,2.678999901,5.862999916,0.711000025,2.650000095,1.248999953,30.793641683495075
2016/7/20 16:30,8.371999741,2.075999975,5.721000195,0.675000012,2.710999966,1.218000054,34.8219986
2016/7/20 16:45,8.706999779,3.013999939,5.862999916,0.711000025,3.075999975,1.523000002,34.18899918
2016/7/20 17:00,8.975000381,2.142999887,5.899000168,0.639999986,2.984999895,1.126999974,33.69599915
2016/7/20 17:15,8.774000168,1.741000056,5.543000221,0.319999993,3.015000105,1.340000033,34.8219986
2016/7/20 17:30,8.774000168,1.875,5.828000069,0.354999989,2.984999895,1.218000054,30.8980034013957
2016/7/20 17:45,8.640000343,1.674000025,5.472000122,0.213,3.015000105,1.248999953,30.89567366767914
2016/7/20 18:00,9.041999817,1.807999969,5.721000195,0.284000009,2.862999916,1.156999946,34.40000153
2016/7/20 18:15,8.640000343,1.807999969,5.721000195,0.319999993,2.954999924,1.126999974,30.90364046368809
2016/7/20 18:30,8.23900032,2.142999887,5.436999798,0.425999999,2.894000053,1.126999974,30.832502410842316
2016/7/20 18:45,9.243000031,2.344000101,5.96999979,0.532999992,2.984999895,1.097000003,30.889823673791597
2016/7/20 19:00,8.505999565,2.210000038,5.578999996,0.497000009,3.046000004,1.065999985,36.79100037
2016/7/20 19:15,9.175999641,1.674000025,5.862999916,0.248999998,3.259000063,1.097000003,36.08800125
2016/7/20 19:30,9.779000282,1.807999969,5.96999979,0.462000012,3.563999891,1.126999974,30.961889358560487
2016/7/20 19:45,10.91800022,2.142999887,6.822999954,0.354999989,3.960000038,1.187999964,31.049311559665465
2016/7/20 20:00,11.98900032,2.27699995,7.498000145,0.354999989,4.507999897,1.248999953,31.1278173356294
2016/7/20 20:15,12.59200001,2.210000038,7.994999886,0.354999989,4.598999977,1.279000044,31.18807587996863
2016/7/20 20:30,12.18999958,2.009000063,7.994999886,0.391000003,4.355999947,1.126999974,35.9469986
2016/7/20 20:45,12.32400036,2.344000101,7.81799984,0.745999992,4.324999809,1.036000013,31.140799998621304
2016/7/20 21:00,11.98900032,1.875,7.923999786,-0.142000005,4.172999859,1.097000003,35.38499832
2016/7/20 21:15,13.59700012,3.282000065,10.05599976,1.315000057,4.020999908,1.065999985,35.9469986
2016/7/20 21:30,13.59700012,2.812999964,9.772000313,1.172999978,3.806999922,1.036000013,31.237258901645163
2016/7/20 21:45,13.73099995,2.947000027,10.27000046,1.207999945,3.594000101,1.097000003,35.24399948
2016/7/20 22:00,15.27099991,4.085999966,11.19400024,2.203000069,3.625,1.036000013,34.32899857
2016/7/20 22:15,15.67300034,4.085999966,11.33600044,2.203000069,3.563999891,0.975000024,31.236806825590136
2016/7/20 22:30,14.93700027,4.421000004,11.40699959,2.523000002,3.411000013,1.004999995,36.08800125
2016/7/20 22:45,14.19999981,3.617000103,11.15799999,1.953999996,3.137000084,1.004999995,31.21061246447622
2016/7/20 23:00,14.93700027,4.085999966,10.9090004,2.345000029,3.046000004,1.156999946,35.73600006
2016/7/20 23:15,16.20899963,4.68900013,13.36100006,2.664999962,3.075999975,1.036000013,31.28423017076516
2016/7/20 23:30,15.3380003,5.357999802,13.04100037,3.730999947,2.924000025,1.218000054,31.04747219355155
2016/7/20 23:45,16.6779995,5.090000153,14.14299965,3.447000027,2.802000046,1.097000003,31.236629204726636
2016/7/21 0:00,15.20400047,4.622000217,12.04599953,2.700999975,2.802000046,0.975000024,31.163405862544497
2016/7/21 0:15,16.20899963,5.223999977,13.71700001,3.269000053,2.680000067,0.852999985,34.25899887
2016/7/21 0:30,15.67300034,4.822999954,13.18299961,3.233999968,2.680000067,0.975000024,34.75099945
2016/7/21 0:45,16.1420002,4.421000004,13.60999966,3.197999954,2.528000116,0.913999975,31.271066316469867
2016/7/21 1:00,16.94599915,5.357999802,14.67599964,4.122000217,2.588999987,0.913999975,31.212874440582397
2016/7/21 1:15,16.20899963,5.492000103,13.71700001,3.588999987,2.467000008,0.944000006,31.159963859305325
2016/7/21 1:30,16.47699928,5.69299984,14.14299965,4.014999866,2.437000036,0.913999975,35.10300064
2016/7/21 1:45,15.73999977,5.492000103,13.43200016,3.76699996,2.193000078,0.822000027,35.10300064
2016/7/21 2:00,15.20400047,4.889999866,12.79300022,3.163000107,2.163000107,0.883000016,31.14805910417392
2016/7/21 2:15,15.73999977,5.625999928,13.25500011,3.660000086,2.315000057,0.852999985,31.10227405398641
2016/7/21 2:30,15.3380003,5.492000103,13.32600021,3.588999987,2.315000057,0.883000016,35.10300064
2016/7/21 2:45,15.00399971,4.085999966,12.29500008,2.664999962,2.223999977,0.852999985,31.220568447771385
2016/7/21 3:00,13.93200016,5.090000153,11.90400028,3.197999954,2.131999969,0.883000016,31.017273945474358
2016/7/21 3:15,13.93200016,4.287000179,11.65499973,2.061000109,2.101999998,0.883000016,36.22900009
2016/7/21 3:30,14.19999981,4.554999828,12.18900013,2.842999935,2.071000099,0.822000027,35.52500153
2016/7/21 3:45,14.19999981,4.152999878,12.15299988,2.309999943,2.071000099,0.822000027,31.208221519009488
2016/7/21 4:00,13.73099995,4.085999966,11.05099964,2.273999929,2.040999889,0.822000027,35.52500153
2016/7/21 4:15,13.73099995,4.019000053,11.33600044,2.630000114,2.193000078,0.913999975,35.10300064
2016/7/21 4:30,13.79800034,4.019000053,11.76200008,2.273999929,2.223999977,0.883000016,31.173726914275118
2016/7/21 4:45,13.4630003,4.152999878,11.30000019,2.381000042,2.131999969,0.822000027,34.54000092
2016/7/21 5:00,13.52999973,3.148000002,11.37100029,1.669999957,2.193000078,0.822000027,34.47000122
2016/7/21 5:15,15.60599995,4.487999916,12.43700027,2.736000061,2.315000057,0.852999985,31.221297667240165
2016/7/21 5:30,14.66899967,3.88499999,12.43700027,2.025000095,2.467000008,0.852999985,31.295090415202917
2016/7/21 5:45,15.13700008,4.152999878,12.26000023,1.953999996,2.528000116,0.852999985,34.18899918
2016/7/21 6:00,14.19999981,3.88499999,11.76200008,1.91900003,2.437000036,0.883000016,31.239343220220412
2016/7/21 6:15,12.32400036,2.678999901,9.737000465,1.279000044,2.497999907,0.913999975,31.17830297001358
2016/7/21 6:30,13.66399956,4.152999878,11.15799999,1.84800005,2.559000015,0.975000024,31.156369832719207
2016/7/21 6:45,14.06599998,4.68900013,11.58399963,2.700999975,2.497999907,1.004999995,35.66600037
2016/7/21 7:00,13.79800034,4.21999979,11.37100029,1.883000016,2.559000015,1.097000003,31.153496265089153
2016/7/21 7:15,13.06099987,3.818000078,10.73200035,2.167999983,2.772000074,1.218000054,31.069392522210592
2016/7/21 7:30,13.4630003,4.152999878,10.73200035,2.486999989,2.618999958,1.340000033,31.016359746293958
2016/7/21 7:45,13.06099987,4.487999916,9.913999557,2.273999929,2.984999895,1.218000054,39.81600189
2016/7/21 8:00,13.93200016,4.554999828,10.97999954,2.984999895,2.954999924,1.248999953,40.94200134
2016/7/21 8:15,12.99400043,4.487999916,9.451999664,1.883000016,3.381000042,1.371000051,30.956221816780953
2016/7/21 8:30,12.05599976,3.549999952,9.131999969,2.025000095,3.137000084,1.462000012,41.01200104
2016/7/21 8:45,12.25699997,4.019000053,9.31000042,2.273999929,2.772000074,1.187999964,39.11299896
2016/7/21 9:00,12.92700005,4.554999828,9.593999863,2.167999983,2.772000074,1.279000044,30.933323517574244
2016/7/21 9:15,11.52099991,3.88499999,7.710999966,1.421000004,3.229000092,1.462000012,30.860847671087424
2016/7/21 9:30,10.44900036,2.611999989,7.106999874,0.958999991,3.289999962,1.401000023,36.15800095
2016/7/21 9:45,10.51599979,3.415999889,7.639999866,1.63499999,3.259000063,1.218000054,35.24399948
2016/7/21 10:00,10.91800022,3.617000103,7.427000046,1.812000036,3.349999905,1.340000033,35.24399948
2016/7/21 10:15,11.65499973,3.348999977,8.137999535,1.741000056,3.654999971,1.401000023,30.910290640177212
2016/7/21 10:30,11.78800011,3.08100009,7.994999886,0.958999991,3.71600008,1.156999946,34.9620018
2016/7/21 10:45,11.52099991,3.549999952,7.390999794,0.852999985,3.563999891,1.248999953,30.94943742245459
2016/7/21 11:00,11.52099991,3.348999977,8.031000137,1.491999984,3.319999933,1.248999953,33.06299973
2016/7/21 11:15,10.71700001,3.148000002,6.857999802,0.958999991,3.259000063,1.218000054,30.899298749404206
2016/7/21 11:30,9.243000031,1.942000031,6.71600008,0.816999972,3.075999975,1.126999974,32.99300003
2016/7/21 11:45,9.31000042,2.27699995,6.502999783,0.603999972,2.710999966,1.004999995,30.93118858728649
2016/7/21 12:00,9.376999855,2.477999926,5.899000168,0.142000005,2.862999916,1.004999995,30.930482954045754
2016/7/21 12:15,9.645000458,2.477999926,6.147999763,0.391000003,2.832999945,1.004999995,33.06299973
2016/7/21 12:30,9.175999641,2.210000038,6.218999863,0.569000006,3.015000105,1.065999985,33.27399826
2016/7/21 12:45,10.18099976,2.411000013,7.177999973,0.745999992,3.046000004,1.065999985,33.69599915
2016/7/21 13:00,10.04699993,2.411000013,7.106999874,0.639999986,3.015000105,1.036000013,33.20399857
2016/7/21 13:15,9.845999718,2.411000013,6.361000061,0.178000003,3.075999975,1.065999985,30.97645616500541
2016/7/21 13:30,9.913000107,1.60800004,6.467000008,0.532999992,2.924000025,0.975000024,31.0172389439677
2016/7/21 13:45,9.243000031,2.009000063,6.822999954,0.852999985,2.862999916,0.975000024,33.06299973
2016/7/21 14:00,9.913000107,2.411000013,7.035999775,0.782000005,2.832999945,0.975000024,30.96820124206256
2016/7/21 14:15,8.975000381,2.411000013,6.218999863,0.639999986,2.924000025,0.975000024,30.89041036571292
2016/7/21 14:30,9.376999855,2.27699995,6.005000114,0.462000012,2.772000074,1.156999946,30.901476131301575
2016/7/21 14:45,9.711999893,1.674000025,6.111999989,0.284000009,2.832999945,1.097000003,34.89199829
2016/7/21 15:00,8.23900032,1.340000033,5.96999979,0.569000006,2.071000099,0.760999978,35.31399918
2016/7/21 15:15,8.907999992,2.075999975,6.289999962,0.639999986,1.91900003,0.852999985,36.08800125
2016/7/21 15:30,8.171999931,2.009000063,6.147999763,0.532999992,1.980000019,0.883000016,36.01800156
2016/7/21 15:45,8.23900032,2.009000063,5.96999979,0.569000006,2.253999949,1.156999946,30.85152324522292
2016/7/21 16:00,8.23900032,2.075999975,6.111999989,0.675000012,2.131999969,0.944000006,30.867533376675812
2016/7/21 16:15,8.23900032,2.075999975,6.005000114,0.675000012,2.193000078,1.036000013,35.66600037
2016/7/21 16:30,8.23900032,1.875,5.828000069,0.958999991,3.046000004,1.248999953,34.54000092
2016/7/21 16:45,9.51099968,2.142999887,6.324999809,1.031000018,3.349999905,1.279000044,30.87102932445971
2016/7/21 17:00,9.376999855,2.210000038,6.218999863,0.603999972,3.349999905,1.401000023,30.882867299057974
2016/7/21 17:15,9.376999855,2.27699995,6.040999889,0.532999992,3.319999933,1.401000023,30.873984357401383
2016/7/21 17:30,9.444000244,2.27699995,6.040999889,0.497000009,3.441999912,1.371000051,30.88509580955437
2016/7/21 17:45,9.779000282,2.075999975,6.005000114,0.745999992,3.594000101,1.491999984,35.45500183
2016/7/21 18:00,9.444000244,2.880000114,5.934000015,0.391000003,3.441999912,1.371000051,30.845583092304402
2016/7/21 18:15,9.779000282,2.746000051,5.650000095,0.745999992,3.654999971,1.309999943,36.22900009
2016/7/21 18:30,8.706999779,2.210000038,5.68599987,0.639999986,3.503000021,1.340000033,30.82418474058388
2016/7/21 18:45,9.041999817,1.741000056,5.828000069,0.248999998,3.289999962,1.218000054,30.933256881607765
2016/7/21 19:00,8.907999992,1.60800004,5.68599987,0.178000003,3.167999983,1.097000003,37.35400009
2016/7/21 19:15,9.845999718,1.875,6.183000088,0.248999998,3.654999971,1.218000054,30.985195432732635
2016/7/21 19:30,10.51599979,1.875,6.538000107,0.213,3.928999901,1.156999946,31.05038307321582
2016/7/21 19:45,11.85499954,2.344000101,7.320000172,0.391000003,4.477000237,1.279000044,36.65100098
2016/7/21 20:00,12.59200001,2.142999887,7.853000164,0.391000003,4.598999977,1.156999946,36.58000183
2016/7/21 20:15,13.52999973,2.411000013,8.527999878,0.639999986,4.934000015,1.218000054,31.23008916082824
2016/7/21 20:30,13.52999973,2.411000013,8.493000031,0.603999972,4.994999886,1.126999974,35.17399979
2016/7/21 20:45,13.32900047,2.344000101,8.31499958,0.532999992,4.994999886,1.218000054,31.22400983925556
2016/7/21 21:00,14.53499985,3.88499999,10.44699955,1.84800005,4.842999935,1.248999953,31.161152027660307
2016/7/21 21:15,15.40499973,4.421000004,10.23400021,2.309999943,4.782000065,1.218000054,31.105419621767137
2016/7/21 21:30,14.33399963,4.487999916,10.16300011,2.131999969,4.630000114,1.156999946,31.070814461767522
2016/7/21 21:45,13.73099995,3.348999977,9.701000214,1.99000001,4.324999809,1.097000003,36.58000183
2016/7/21 22:00,14.19999981,3.951999903,10.44699955,2.451999903,4.142000198,1.065999985,31.09461626571342
2016/7/21 22:15,15.3380003,3.88499999,11.08699989,1.91900003,4.172999859,1.309999943,36.08800125
2016/7/21 22:30,15.8739996,4.21999979,11.30000019,3.411000013,3.960000038,1.097000003,31.102281794013788
2016/7/21 22:45,15.80700016,4.554999828,11.30000019,3.092000008,3.625,1.036000013,37.2840004
2016/7/21 23:00,15.06999969,5.022999763,11.12199974,3.092000008,3.806999922,1.097000003,31.027389486589502
2016/7/21 23:15,18.82099915,5.894000053,12.47299957,3.197999954,6.031000137,1.491999984,31.182808574775763
2016/7/21 23:30,19.15600014,6.96600008,13.32600021,3.696000099,5.84800005,1.613999963,36.72100067
2016/7/21 23:45,16.61100006,5.357999802,10.7670002,2.630000114,5.81799984,1.552999973,36.50999832
