date,HUFL,HULL,MUFL,MULL,LUFL,LULL,OT
2016/7/1 0:00,5.827000141,2.009000063,1.598999977,0.462000012,4.203000069,1.340000033,30.53100014
2016/7/1 1:00,5.69299984,2.075999975,1.491999984,0.425999999,4.142000198,1.371000051,27.78700066
2016/7/1 2:00,5.157000065,1.741000056,1.279000044,0.354999989,3.77699995,1.218000054,27.78700066
2016/7/1 3:00,5.090000153,1.942000031,1.279000044,0.391000003,3.806999922,1.279000044,25.04400063
2016/7/1 4:00,5.357999802,1.942000031,1.491999984,0.462000012,3.868000031,1.279000044,21.94799995
2016/7/1 5:00,5.625999928,2.142999887,1.527999997,0.532999992,4.051000118,1.371000051,21.17399979
2016/7/1 6:00,7.166999817,2.947000027,2.131999969,0.782000005,5.026000023,1.85800004,22.79199982
2016/7/1 7:00,7.434999943,3.282000065,2.309999943,1.031000018,5.086999893,2.223999977,23.1439991
2016/7/1 8:00,5.559000015,3.013999939,2.451999903,1.172999978,2.954999924,1.432000041,21.66699982
2016/7/1 9:00,4.554999828,2.545000076,1.91900003,0.816999972,2.680000067,1.371000051,17.44599915
2016/7/1 10:00,4.956999779,2.545000076,1.99000001,0.852999985,2.954999924,1.491999984,19.97900009
2016/7/1 11:00,5.760000229,2.545000076,2.203000069,0.852999985,3.441999912,1.491999984,20.11899948
2016/7/1 12:00,4.68900013,2.545000076,1.812000036,0.852999985,2.832999945,1.523000002,19.20499992
2016/7/1 13:00,4.68900013,2.678999901,1.77699995,1.243999958,3.107000113,1.613999963,20.705616689385117
2016/7/1 14:00,5.090000153,2.947000027,2.451999903,1.350000024,2.559000015,1.432000041,16.79365734105031
2016/7/1 15:00,5.090000153,3.148000002,2.486999989,1.350000024,2.588999987,1.523000002,27.186669895835124
2016/7/1 16:00,4.21999979,2.411000013,1.70599997,0.782000005,2.618999958,1.491999984,32.30671468165711
2016/7/1 17:00,4.756000042,2.344000101,1.63499999,0.711000025,3.075999975,1.491999984,32.59417675931632
2016/7/1 18:00,5.625999928,2.880000114,2.523000002,1.207999945,3.075999975,1.491999984,27.74160681481906
2016/7/1 19:00,5.492000103,3.013999939,2.451999903,1.207999945,3.015000105,1.552999973,43.692349332165826
2016/7/1 20:00,5.357999802,3.013999939,2.451999903,1.207999945,2.862999916,1.523000002,17.86800003
2016/7/1 21:00,5.090000153,2.947000027,2.381000042,1.207999945,2.680000067,1.523000002,18.00900078
2016/7/1 22:00,4.822999954,2.947000027,2.203000069,1.172999978,2.618999958,1.523000002,39.72115798791306
2016/7/1 23:00,4.622000217,2.880000114,2.131999969,1.136999965,2.467000008,1.491999984,19.76799965
2016/7/2 0:00,5.223999977,3.08100009,2.700999975,1.315000057,2.437000036,1.523000002,21.10400009
2016/7/2 1:00,5.157000065,3.013999939,2.878000021,1.350000024,2.345000029,1.432000041,19.6970005
2016/7/2 2:00,5.157000065,3.148000002,2.878000021,1.491999984,2.28399992,1.432000041,20.04899979
2016/7/2 3:00,5.157000065,3.08100009,2.914000034,1.491999984,2.193000078,1.401000023,40.55141361892982
2016/7/2 4:00,4.554999828,3.08100009,2.451999903,1.491999984,2.193000078,1.401000023,21.385000229999996
2016/7/2 5:00,5.425000191,3.282000065,3.092000008,1.70599997,2.437000036,1.462000012,-4.016147603096723
2016/7/2 6:00,5.492000103,3.282000065,2.523000002,1.491999984,2.984999895,1.462000012,33.95992646946187
2016/7/2 7:00,5.625999928,3.214999914,2.486999989,1.491999984,3.075999975,1.523000002,8.413414159468603
2016/7/2 8:00,5.559000015,3.282000065,2.594000101,1.669999957,2.924000025,1.523000002,20.61199951
2016/7/2 9:00,5.223999977,3.214999914,2.559000015,1.56400001,2.680000067,1.462000012,18.36100006
2016/7/2 10:00,9.913000107,4.956999779,6.644999981,3.305000067,3.046000004,1.552999973,33.88582293676377
2016/7/2 11:00,11.78800011,5.425000191,8.173000336,2.523000002,3.686000109,1.674999952,32.28915933868881
2016/7/2 12:00,9.645000458,4.956999779,6.751999855,2.131999969,3.107000113,1.827999949,20.82299995
2016/7/2 13:00,10.38199997,5.760000229,7.461999893,2.559000015,2.984999895,1.76699996,7.073540421654343
2016/7/2 14:00,8.774000168,4.68900013,6.111999989,2.025000095,2.894000053,1.91900003,21.31500053
2016/7/2 15:00,10.44900036,5.157000065,6.965000153,2.451999903,2.772000074,1.735999942,9.330287125093825
2016/7/2 16:00,9.845999718,4.822999954,7.035999775,2.664999962,2.894000053,1.76699996,24.640520426465116
2016/7/2 17:00,9.913000107,4.822999954,6.894000053,2.415999889,3.229000092,1.735999942,25.4659996
2016/7/2 18:00,10.64999962,4.68900013,6.928999901,2.451999903,3.381000042,1.797000051,-1.155139280620256
2016/7/2 19:00,10.11400032,4.354000092,6.644999981,1.812000036,3.107000113,1.735999942,27.85700035
2016/7/2 20:00,9.979999542,4.152999878,6.573999882,1.953999996,3.411000013,1.76699996,44.46958003280496
2016/7/2 21:00,9.31000042,4.21999979,6.005000114,2.131999969,3.229000092,1.85800004,25.429161226560854
2016/7/2 22:00,9.444000244,4.622000217,6.965000153,2.167999983,2.954999924,1.85800004,21.94799995
2016/7/2 23:00,9.444000244,4.287000179,6.822999954,2.559000015,2.588999987,1.735999942,42.773833581325164
2016/7/3 0:00,10.38199997,5.425000191,7.604000092,2.309999943,2.954999924,1.674999952,4.170979148466781
2016/7/3 1:00,9.779000282,5.223999977,6.71600008,2.842999935,2.650000095,1.674999952,27.788090382869257
2016/7/3 2:00,10.38199997,4.68900013,7.320000172,2.203000069,2.984999895,1.85800004,24.34000015
2016/7/3 3:00,9.779000282,4.152999878,6.822999954,1.99000001,2.528000116,1.674999952,26.45000076
2016/7/3 4:00,10.71700001,4.756000042,7.355999947,2.806999922,2.650000095,1.797000051,20.059296364286304
2016/7/3 5:00,10.31499958,4.68900013,7.390999794,2.451999903,2.924000025,1.85800004,21.96867796683767
2016/7/3 6:00,12.59200001,5.223999977,8.670999527,2.203000069,3.71600008,1.949000001,34.24003741166083
2016/7/3 7:00,11.11900043,4.622000217,7.888999939,2.842999935,3.625,1.91900003,26.479042029251957
2016/7/3 8:00,10.64999962,4.421000004,7.035999775,2.025000095,3.594000101,1.91900003,44.07670047640269
2016/7/3 9:00,10.04699993,4.21999979,6.43200016,1.669999957,3.686000109,1.949000001,27.36499977
2016/7/3 10:00,11.72099972,5.090000153,7.888999939,2.559000015,3.563999891,1.85800004,57.17784331777292
2016/7/3 11:00,12.12300014,5.357999802,8.065999985,2.486999989,4.081999779,1.91900003,29.47500038
2016/7/3 12:00,9.979999542,5.022999763,6.857999802,2.559000015,3.289999962,1.85800004,26.80200005
2016/7/3 13:00,9.243000031,4.956999779,6.289999962,2.630000114,3.137000084,1.888000011,33.976304956630536
2016/7/3 14:00,10.18099976,5.425000191,7.177999973,3.019999981,3.075999975,1.888000011,30.38999939
2016/7/3 15:00,9.645000458,5.425000191,7.106999874,2.664999962,3.015000105,1.827999949,31.16399956
2016/7/3 16:00,9.779000282,4.889999866,6.502999783,2.984999895,3.075999975,2.00999999,25.947638527053847
2016/7/3 17:00,11.11900043,5.157000065,7.320000172,2.914000034,3.806999922,1.980000019,19.707040251672666
2016/7/3 18:00,11.05200005,4.956999779,7.390999794,2.523000002,3.686000109,1.980000019,42.13356361486228
2016/7/3 19:00,10.7840004,4.889999866,7.214000225,2.486999989,3.594000101,1.888000011,28.56100082
2016/7/3 20:00,11.18599987,4.889999866,7.177999973,2.345000029,3.960000038,1.91900003,30.192457318117526
2016/7/3 21:00,10.44900036,4.889999866,6.610000134,2.309999943,3.806999922,2.040999889,22.22999954
2016/7/3 22:00,9.578000069,5.760000229,6.787000179,3.127000093,3.259000063,1.888000011,8.521461319011184
2016/7/3 23:00,9.31000042,5.760000229,6.610000134,3.055999994,3.167999983,1.888000011,32.23624433526511
2016/7/4 0:00,9.913000107,5.894000053,6.254000187,2.630000114,3.015000105,1.85800004,21.66699982
2016/7/4 1:00,8.975000381,4.956999779,6.289999962,2.664999962,2.862999916,1.827999949,25.5359993
2016/7/4 2:00,8.640000343,4.822999954,6.147999763,2.594000101,2.924000025,1.827999949,27.85700035
2016/7/4 3:00,9.175999641,5.492000103,5.578999996,2.381000042,2.862999916,1.85800004,18.900480928887657
2016/7/4 4:00,9.109000206,4.822999954,5.650000095,2.523000002,2.772000074,1.797000051,27.52698751739164
2016/7/4 5:00,9.845999718,5.559000015,5.96999979,2.948999882,3.107000113,1.888000011,28.6171880995922
2016/7/4 6:00,11.5880003,5.425000191,7.390999794,2.806999922,3.806999922,1.980000019,30.53113424805489
2016/7/4 7:00,11.78800011,6.09499979,7.214000225,2.984999895,3.898999929,2.040999889,22.51099968
2016/7/4 8:00,10.58300018,5.960999966,7.143000126,2.914000034,3.654999971,2.071000099,16.860460032509025
2016/7/4 9:00,11.5880003,6.296000004,7.568999767,3.055999994,3.471999884,2.00999999,25.39500046
2016/7/4 10:00,11.92199993,6.229000092,7.710999966,3.055999994,3.746000051,1.949000001,46.79625869964161
2016/7/4 11:00,12.32400036,5.559000015,8.421999931,3.233999968,4.203000069,1.980000019,51.207530081531196
2016/7/4 12:00,10.38199997,5.894000053,6.857999802,2.630000114,3.563999891,1.949000001,29.47500038
2016/7/4 13:00,10.04699993,5.425000191,6.751999855,3.019999981,3.319999933,1.949000001,40.567585427530474
2016/7/4 14:00,10.51599979,6.027999878,7.106999874,3.375999928,3.137000084,1.91900003,30.95299911
2016/7/4 15:00,10.71700001,6.09499979,6.787000179,3.019999981,3.167999983,2.00999999,31.72599983
2016/7/4 16:00,9.979999542,5.022999763,6.502999783,2.559000015,3.441999912,2.040999889,33.13299942
2016/7/4 17:00,11.31999969,5.090000153,7.355999947,2.451999903,3.868000031,2.040999889,26.972236729924575
2016/7/4 18:00,11.38700008,4.956999779,7.355999947,2.451999903,4.295000076,2.193000078,28.9829998
2016/7/4 19:00,9.376999855,3.88499999,6.894000053,2.239000082,2.467000008,1.187999964,31.72599983
2016/7/4 20:00,10.11400032,4.085999966,7.143000126,2.239000082,2.954999924,1.462000012,23.8583151370114
2016/7/4 21:00,10.38199997,4.822999954,6.894000053,2.309999943,3.503000021,2.00999999,30.53100014
2016/7/4 22:00,9.645000458,4.889999866,6.610000134,1.91900003,3.259000063,1.91900003,27.64599991
2016/7/4 23:00,12.72599983,6.497000217,9.345999718,3.482000113,3.167999983,1.980000019,25.4659996
2016/7/5 0:00,11.98900032,5.625999928,8.777000427,2.948999882,3.197999954,1.980000019,30.108854230222285
2016/7/5 1:00,12.52499962,6.296000004,8.954999924,3.163000107,3.137000084,2.00999999,25.95800018
2016/7/5 2:00,12.32400036,6.296000004,8.812999725,3.375999928,2.984999895,1.91900003,26.02799988
2016/7/5 3:00,10.71700001,5.425000191,8.065999985,2.878000021,2.832999945,1.85800004,28.91300011
2016/7/5 4:00,11.31999969,5.625999928,7.676000118,2.630000114,3.046000004,1.888000011,30.459999079999996
2016/7/5 5:00,10.85099983,4.68900013,6.822999954,1.883000016,3.319999933,2.040999889,31.375
2016/7/5 6:00,13.32900047,5.425000191,8.883999825,2.736000061,4.081999779,1.949000001,32.7820015
2016/7/5 7:00,11.45400047,5.223999977,7.853000164,2.772000074,3.654999971,2.00999999,31.72599983
2016/7/5 8:00,11.05200005,5.960999966,7.461999893,3.127000093,3.563999891,2.101999998,30.31999969
2016/7/5 9:00,10.98499966,6.027999878,7.532999992,2.700999975,3.411000013,2.040999889,30.45999908
2016/7/5 10:00,12.79300022,5.960999966,8.56400013,3.447000027,3.838000059,2.163000107,32.92200089
2016/7/5 11:00,13.39599991,6.429999828,8.741999626,3.482000113,4.598999977,2.253999949,27.28241588834239
2016/7/5 12:00,11.25300026,5.425000191,7.676000118,2.736000061,3.594000101,2.00999999,39.76473224499593
2016/7/5 13:00,9.913000107,4.554999828,6.681000233,2.309999943,3.319999933,1.91900003,27.15399933
2016/7/5 14:00,10.18099976,5.357999802,7.320000172,2.486999989,3.319999933,2.071000099,42.07234094713526
2016/7/5 15:00,10.85099983,5.223999977,7.249000072,2.415999889,3.319999933,1.949000001,30.600999829999996
2016/7/5 16:00,10.04699993,5.022999763,6.894000053,2.736000061,3.167999983,2.253999949,32.00799942
2016/7/5 17:00,11.92199993,5.425000191,7.923999786,2.878000021,4.386000156,2.101999998,42.47160688178618
2016/7/5 18:00,11.45400047,4.956999779,7.461999893,2.345000029,3.99000001,2.040999889,30.488278364007858
2016/7/5 19:00,10.85099983,4.68900013,7.071000099,2.345000029,3.806999922,1.949000001,31.02300072
2016/7/5 20:00,11.18599987,4.622000217,7.284999847,2.203000069,3.898999929,1.888000011,31.44499969
2016/7/5 21:00,10.64999962,4.68900013,6.894000053,2.167999983,3.806999922,2.00999999,33.46897385859193
2016/7/5 22:00,9.979999542,4.354000092,6.644999981,1.91900003,3.563999891,1.980000019,27.837760475197967
2016/7/5 23:00,11.85499954,5.760000229,7.81799984,2.700999975,3.259000063,1.949000001,30.45999908
2016/7/6 0:00,10.38199997,5.090000153,6.467000008,2.842999935,3.015000105,1.827999949,28.91300011
2016/7/6 1:00,10.71700001,5.425000191,7.498000145,2.309999943,2.832999945,1.91900003,30.38999939
2016/7/6 2:00,10.85099983,5.357999802,7.81799984,2.878000021,2.832999945,1.85800004,17.40647302539333
2016/7/6 3:00,9.779000282,5.157000065,5.96999979,2.345000029,3.167999983,2.131999969,31.23399925
2016/7/6 4:00,9.376999855,4.487999916,6.254000187,2.273999929,3.015000105,2.040999889,19.37580146249998
2016/7/6 5:00,11.38700008,5.559000015,7.853000164,2.842999935,3.259000063,2.345000029,30.10899925
2016/7/6 6:00,11.85499954,4.487999916,8.208999634,2.096999884,3.868000031,1.85800004,30.31999969
2016/7/6 7:00,12.52499962,6.162000179,9.131999969,3.625,3.532999992,1.888000011,29.61599922
2016/7/6 8:00,12.72599983,6.362999916,9.345999718,3.375999928,3.71600008,1.980000019,30.53100014
2016/7/6 9:00,11.11900043,4.756000042,7.177999973,2.131999969,3.349999905,1.980000019,32.99300003
2016/7/6 10:00,11.78800011,4.889999866,8.031000137,2.451999903,3.563999891,1.85800004,30.24900055
2016/7/6 11:00,13.12800026,4.956999779,8.670999527,2.772000074,3.99000001,1.91900003,57.97091249730764
2016/7/6 12:00,10.58300018,4.756000042,7.0,2.061000109,2.954999924,1.644999981,61.03631525905349
2016/7/6 13:00,10.31499958,5.290999889,7.498000145,2.345000029,3.046000004,1.70599997,11.20327155602715
2016/7/6 14:00,9.444000244,5.022999763,6.965000153,2.203000069,2.650000095,1.644999981,31.93799973
2016/7/6 15:00,10.44900036,4.21999979,7.0,2.381000042,2.710999966,1.583999991,35.2918906047326
2016/7/6 16:00,9.845999718,4.085999966,7.071000099,1.91900003,2.710999966,1.552999973,27.71699905
2016/7/6 17:00,10.98499966,4.756000042,7.639999866,2.630000114,3.289999962,1.644999981,30.67099953
2016/7/6 18:00,10.71700001,4.287000179,7.320000172,2.096999884,3.319999933,1.644999981,24.34000015
2016/7/6 19:00,9.175999641,3.549999952,6.005000114,1.56400001,3.107000113,1.613999963,29.68600082
2016/7/6 20:00,9.645000458,4.152999878,6.254000187,1.457000017,3.411000013,1.735999942,22.187981134343765
2016/7/6 21:00,8.505999565,2.880000114,5.436999798,0.745999992,3.532999992,1.827999949,28.359509274623917
2016/7/6 22:00,10.51599979,3.348999977,7.106999874,1.279000044,3.259000063,1.644999981,29.56715086207587
2016/7/6 23:00,13.39599991,4.68900013,10.23400021,2.381000042,3.259000063,1.674999952,28.49099922
2016/7/7 0:00,12.59200001,5.157000065,9.204000473,2.309999943,2.772000074,1.613999963,-9.738755615881756
2016/7/7 1:00,14.19999981,6.229000092,11.19400024,3.447000027,2.559000015,1.552999973,44.9837778660253
2016/7/7 2:00,12.59200001,6.229000092,10.9090004,3.696000099,2.528000116,1.523000002,27.71699905
2016/7/7 3:00,14.2670002,6.362999916,11.12199974,3.872999907,2.832999945,1.674999952,28.13899994
2016/7/7 4:00,12.59200001,5.090000153,9.204000473,2.772000074,2.680000067,1.827999949,27.136961877422344
2016/7/7 5:00,13.73099995,5.625999928,10.66100025,2.984999895,3.229000092,1.76699996,26.73200035
2016/7/7 6:00,15.13700008,5.760000229,11.22900009,2.948999882,3.319999933,1.644999981,26.37999916
2016/7/7 7:00,14.2670002,5.960999966,10.80300045,3.197999954,3.381000042,1.797000051,25.39500046
2016/7/7 8:00,12.52499962,5.090000153,9.31000042,3.055999994,3.075999975,1.797000051,38.66294452139856
2016/7/7 9:00,12.32400036,5.559000015,8.670999527,2.842999935,3.015000105,1.674999952,28.9829998
2016/7/7 10:00,13.26200008,6.09499979,9.807999611,2.842999935,3.441999912,1.76699996,8.157646794344107
2016/7/7 11:00,12.32400036,4.956999779,8.244000435,2.559000015,3.99000001,1.735999942,22.195354081056152
2016/7/7 12:00,9.645000458,3.617000103,6.787000179,1.598999977,3.046000004,1.523000002,49.154682119834575
2016/7/7 13:00,10.51599979,4.554999828,7.390999794,2.131999969,2.802000046,1.552999973,29.97557739378384
2016/7/7 14:00,9.376999855,3.818000078,6.573999882,1.56400001,2.650000095,1.552999973,37.2840004
2016/7/7 15:00,9.109000206,3.684000015,6.610000134,1.598999977,2.588999987,2.131999969,16.323504434224354
2016/7/7 16:00,9.243000031,3.415999889,6.538000107,1.70599997,2.984999895,1.552999973,36.79100037
2016/7/7 17:00,10.44900036,4.21999979,7.320000172,2.096999884,3.229000092,1.523000002,63.79876270948363
2016/7/7 18:00,11.05200005,4.287000179,7.604000092,1.99000001,3.471999884,1.674999952,33.25050093907546
2016/7/7 19:00,10.11400032,4.085999966,6.857999802,1.953999996,3.259000063,1.644999981,33.27399826
2016/7/7 20:00,11.11900043,4.152999878,7.427000046,1.91900003,3.746000051,1.674999952,32.92200089
2016/7/7 21:00,10.44900036,3.282000065,7.106999874,1.279000044,3.594000101,1.70599997,33.62599945
2016/7/7 22:00,10.51599979,3.88499999,7.355999947,1.598999977,3.167999983,1.674999952,32.64099884
2016/7/7 23:00,11.85499954,5.357999802,8.883999825,3.197999954,3.075999975,1.552999973,31.58600044
2016/7/8 0:00,11.85499954,4.756000042,8.883999825,2.984999895,2.954999924,1.523000002,31.09300041
2016/7/8 1:00,10.38199997,4.756000042,7.994999886,2.630000114,2.497999907,1.340000033,30.74200058
2016/7/8 2:00,11.18599987,5.223999977,8.706000328,2.594000101,2.375999928,1.401000023,28.798507204515186
2016/7/8 3:00,10.24800014,4.554999828,7.747000217,2.736000061,2.437000036,1.491999984,22.34104987993902
2016/7/8 4:00,10.91800022,4.085999966,8.244000435,2.594000101,2.315000057,1.462000012,29.124000550000005
2016/7/8 5:00,12.6590004,5.223999977,9.416999817,2.700999975,2.894000053,1.613999963,29.26399994
2016/7/8 6:00,13.59700012,5.425000191,9.737000465,2.984999895,3.471999884,1.644999981,29.40500069
2016/7/8 7:00,10.38199997,4.085999966,7.214000225,2.025000095,3.289999962,1.644999981,32.918532990209734
2016/7/8 8:00,9.979999542,4.554999828,6.71600008,2.273999929,3.289999962,1.797000051,29.89699936
2016/7/8 9:00,9.645000458,4.019000053,6.894000053,2.594000101,3.015000105,1.644999981,56.340153255738144
2016/7/8 10:00,11.72099972,4.756000042,7.994999886,2.167999983,3.381000042,1.735999942,30.452594531848774
2016/7/8 11:00,11.78800011,4.21999979,8.031000137,2.131999969,3.928999901,1.827999949,30.67099953
2016/7/8 12:00,10.44900036,4.085999966,7.355999947,1.812000036,3.167999983,1.674999952,31.09300041
2016/7/8 13:00,10.18099976,3.415999889,6.857999802,1.741000056,3.046000004,1.613999963,30.88199997
2016/7/8 14:00,12.92700005,5.022999763,6.751999855,1.527999997,5.696000099,2.223999977,16.176105453093655
2016/7/8 15:00,10.18099976,4.21999979,6.573999882,1.741000056,3.015000105,1.644999981,34.75099945
2016/7/8 16:00,9.444000244,3.549999952,6.610000134,1.279000044,2.924000025,1.613999963,14.661992352994991
2016/7/8 17:00,10.31499958,4.085999966,7.177999973,2.096999884,3.229000092,1.644999981,46.29865790562543
2016/7/8 18:00,10.71700001,3.88499999,7.106999874,1.741000056,3.563999891,1.674999952,44.15117592480492
2016/7/8 19:00,10.18099976,3.617000103,6.467000008,1.421000004,3.594000101,1.674999952,42.601535947321146
2016/7/8 20:00,11.85499954,4.085999966,7.639999866,1.56400001,4.263999939,1.85800004,32.7820015
2016/7/8 21:00,12.72599983,4.354000092,8.244000435,2.131999969,4.295000076,1.76699996,32.14899826
2016/7/8 22:00,14.06599998,5.357999802,9.666000366,2.239000082,3.77699995,1.70599997,52.14678025161411
2016/7/8 23:00,18.15200043,8.840999603,12.40200043,4.19299984,5.81799984,3.046000004,10.26758516217452
2016/7/9 0:00,14.60200024,5.960999966,11.30000019,3.339999914,3.259000063,1.76699996,39.135917295157725
2016/7/9 1:00,14.53499985,6.162000179,11.69099998,3.90899992,3.046000004,1.644999981,30.31999969
2016/7/9 2:00,14.40100002,6.296000004,11.72700024,3.944000006,2.802000046,1.613999963,29.412800494036144
2016/7/9 3:00,13.9989996,6.497000217,10.94499969,3.197999954,2.710999966,1.674999952,22.222333373197163
2016/7/9 4:00,14.06599998,6.296000004,11.30000019,3.482000113,2.832999945,2.00999999,18.89630172773613
2016/7/9 5:00,14.2670002,5.425000191,10.8380003,3.019999981,3.319999933,1.76699996,28.91300011
2016/7/9 6:00,14.60200024,5.69299984,10.8739996,3.055999994,3.289999962,1.735999942,50.84110310873635
2016/7/9 7:00,9.109000206,2.611999989,6.395999908,1.065999985,2.740999937,1.523000002,28.63100052
2016/7/9 8:00,11.45400047,3.415999889,8.279999733,1.101999998,3.137000084,1.76699996,42.63394885444789
2016/7/9 9:00,9.779000282,3.549999952,6.005000114,1.70599997,3.289999962,1.644999981,29.96800041
2016/7/9 10:00,10.85099983,4.21999979,6.573999882,1.243999958,3.471999884,1.797000051,23.54937634194791
2016/7/9 11:00,10.51599979,3.48300004,6.610000134,1.350000024,3.868000031,1.735999942,30.31999969
2016/7/9 12:00,9.779000282,3.617000103,5.899000168,0.852999985,3.229000092,1.70599997,34.3106036877961
2016/7/9 13:00,10.24800014,3.750999928,6.610000134,1.243999958,3.046000004,1.552999973,31.967562925363524
2016/7/9 14:00,9.645000458,4.019000053,6.822999954,1.56400001,3.046000004,1.552999973,34.157818246554136
2016/7/9 15:00,9.578000069,3.818000078,6.361000061,1.491999984,3.075999975,1.613999963,32.28900146
2016/7/9 16:00,11.98900032,4.152999878,6.43200016,1.527999997,5.604000092,2.193000078,32.85200119
2016/7/9 17:00,10.7840004,3.818000078,6.644999981,1.207999945,3.868000031,1.888000011,32.07799911
2016/7/9 18:00,10.11400032,3.415999889,6.254000187,1.207999945,3.686000109,2.040999889,25.71228735660625
2016/7/9 19:00,9.444000244,3.148000002,5.96999979,1.101999998,3.411000013,1.644999981,35.81191662693082
2016/7/9 20:00,11.31999969,3.48300004,7.427000046,1.812000036,4.051000118,1.674999952,30.88199997
2016/7/9 21:00,13.52999973,4.756000042,9.522999763,2.700999975,3.898999929,1.462000012,30.88199997
2016/7/9 22:00,12.45800018,5.827000141,8.918999672,3.552999973,3.503000021,1.583999991,37.42619691690232
2016/7/9 23:00,13.32900047,5.357999802,9.593999863,2.451999903,3.289999962,1.552999973,57.526142887686106
2016/7/10 0:00,15.27099991,6.229000092,9.737000465,2.736000061,5.482999802,2.00999999,29.47500038
2016/7/10 1:00,15.53899956,6.09499979,10.51799965,3.163000107,5.208000183,2.040999889,30.831956824848852
2016/7/10 2:00,15.13700008,6.362999916,9.630000114,3.233999968,4.934000015,1.91900003,12.917359924059069
2016/7/10 3:00,14.40100002,5.894000053,8.493000031,2.984999895,4.934000015,1.980000019,26.199071593244504
2016/7/10 4:00,14.13300037,5.157000065,8.598999977,2.451999903,4.965000153,1.949000001,30.222056170530255
2016/7/10 5:00,13.9989996,4.354000092,8.706000328,2.131999969,5.269000053,2.040999889,28.63100052
2016/7/10 6:00,14.93700027,5.625999928,9.026000023,1.91900003,5.81799984,2.101999998,27.78700066
2016/7/10 7:00,13.32900047,4.554999828,7.710999966,1.457000017,5.573999882,2.193000078,10.560515320625415
2016/7/10 8:00,10.85099983,4.554999828,7.320000172,2.203000069,3.197999954,1.76699996,33.302904702125176
2016/7/10 9:00,9.845999718,4.287000179,6.857999802,1.812000036,3.167999983,1.70599997,29.61599922
2016/7/10 10:00,10.24800014,3.951999903,6.857999802,1.70599997,3.381000042,1.797000051,29.47500038
2016/7/10 11:00,11.85499954,4.019000053,7.604000092,1.812000036,4.142000198,1.735999942,17.01780896075043
2016/7/10 12:00,8.572999954,3.282000065,5.578999996,1.136999965,2.984999895,1.523000002,29.47500038
2016/7/10 13:00,8.640000343,3.08100009,5.507999897,1.031000018,2.710999966,1.432000041,39.44259681568335
2016/7/10 14:00,8.305999756,2.411000013,5.188000202,0.711000025,2.924000025,1.523000002,29.68600082
2016/7/10 15:00,8.774000168,3.348999977,6.147999763,1.350000024,2.528000116,1.432000041,50.06407074611841
2016/7/10 16:00,8.038000107,2.545000076,5.614999771,0.888000011,2.467000008,1.340000033,31.16399956
2016/7/10 17:00,9.175999641,2.746000051,6.289999962,1.136999965,3.229000092,1.432000041,76.2302284399648
2016/7/10 18:00,9.444000244,3.214999914,6.395999908,1.421000004,3.167999983,1.523000002,29.96800041
2016/7/10 19:00,8.505999565,2.880000114,5.791999817,1.101999998,2.710999966,1.309999943,30.17900085
2016/7/10 20:00,10.04699993,3.08100009,6.857999802,1.279000044,3.167999983,1.309999943,29.47500038
2016/7/10 21:00,9.711999893,2.075999975,6.395999908,0.603999972,3.289999962,1.309999943,29.40500069
2016/7/10 22:00,9.979999542,3.08100009,7.0,1.315000057,2.862999916,1.309999943,28.20899963
2016/7/10 23:00,9.979999542,3.549999952,7.214000225,1.883000016,2.680000067,1.279000044,29.12400055
2016/7/11 0:00,13.59700012,5.357999802,8.989999771,2.700999975,4.873000145,1.797000051,17.371824231766762
2016/7/11 1:00,13.59700012,4.889999866,8.493000031,1.91900003,4.568999767,1.674999952,37.92604313111068
2016/7/11 2:00,12.12300014,4.085999966,7.071000099,1.77699995,4.598999977,1.674999952,28.56100082
2016/7/11 3:00,11.98900032,3.951999903,7.568999767,1.598999977,4.477000237,1.735999942,28.079868219621087
2016/7/11 4:00,11.98900032,4.21999979,7.568999767,1.598999977,4.355999947,1.91900003,29.0529995
2016/7/11 5:00,12.99400043,4.421000004,7.853000164,1.598999977,4.568999767,1.674999952,19.351520396683604
2016/7/11 6:00,13.79800034,4.085999966,8.137999535,2.096999884,5.269000053,1.76699996,29.82699966
2016/7/11 7:00,12.99400043,4.152999878,8.173000336,2.025000095,5.208000183,1.888000011,40.872322719913434
2016/7/11 8:00,9.979999542,3.818000078,7.249000072,1.56400001,2.894000053,1.432000041,29.19400024
2016/7/11 9:00,10.11400032,3.88499999,6.644999981,1.669999957,2.772000074,1.371000051,11.366922082060197
2016/7/11 10:00,9.845999718,3.348999977,6.787000179,1.812000036,2.405999899,1.491999984,31.23399925
2016/7/11 11:00,10.98499966,3.617000103,7.143000126,1.598999977,3.503000021,1.371000051,21.871188327008223
2016/7/11 12:00,8.371999741,2.812999964,5.507999897,0.569000006,2.680000067,1.218000054,27.27263294249965
2016/7/11 13:00,8.907999992,2.880000114,5.791999817,0.745999992,2.588999987,1.187999964,56.196045623693124
2016/7/11 14:00,9.041999817,3.013999939,6.289999962,0.995000005,2.588999987,1.279000044,37.47357875202053
2016/7/11 15:00,9.243000031,3.214999914,6.361000061,1.031000018,2.680000067,1.156999946,34.75099945
2016/7/11 16:00,8.23900032,2.812999964,5.721000195,1.243999958,2.528000116,1.248999953,34.8219986
2016/7/11 17:00,8.975000381,2.880000114,5.934000015,1.243999958,3.015000105,1.248999953,34.89199829
2016/7/11 18:00,8.505999565,2.344000101,5.578999996,0.745999992,2.894000053,1.156999946,-8.577183148111903
2016/7/11 19:00,7.836999893,2.075999975,5.223999977,0.532999992,2.588999987,1.126999974,20.004008046454835
2016/7/11 20:00,9.175999641,1.942000031,6.183000088,0.603999972,2.894000053,0.975000024,15.684494060068152
2016/7/11 21:00,9.175999641,2.009000063,6.218999863,0.603999972,2.954999924,0.975000024,32.64099884
2016/7/11 22:00,8.371999741,3.013999939,6.289999962,1.207999945,2.437000036,0.944000006,24.751329070555098
2016/7/11 23:00,10.91800022,3.549999952,9.026000023,2.309999943,2.131999969,0.883000016,33.06299973
2016/7/12 0:00,11.52099991,3.549999952,9.593999863,2.309999943,1.980000019,0.822000027,27.500762453584912
2016/7/12 1:00,11.52099991,4.152999878,9.593999863,2.700999975,1.735999942,0.670000017,24.595507989895374
2016/7/12 2:00,12.12300014,4.554999828,10.3409996,3.482000113,1.827999949,0.791999996,33.55599976
2016/7/12 3:00,11.92199993,4.085999966,10.16300011,2.948999882,1.797000051,0.822000027,60.59838854115287
2016/7/12 4:00,11.72099972,3.818000078,9.522999763,2.451999903,1.797000051,0.822000027,33.989886326217764
2016/7/12 5:00,11.11900043,3.348999977,8.918999672,2.415999889,2.101999998,0.883000016,34.154866914054885
2016/7/12 6:00,11.11900043,3.818000078,8.635000229,1.84800005,2.559000015,1.036000013,43.201693677943
2016/7/12 7:00,9.444000244,2.27699995,6.894000053,1.386000037,2.00999999,0.731000006,28.347588499884033
2016/7/12 8:00,8.706999779,3.08100009,6.681000233,1.598999977,2.375999928,1.065999985,34.66978056404478
2016/7/12 9:00,8.907999992,2.411000013,6.467000008,1.527999997,2.405999899,0.975000024,35.9469986
2016/7/12 10:00,10.11400032,2.678999901,6.965000153,1.421000004,2.862999916,1.187999964,36.36899948
2016/7/12 11:00,10.85099983,3.013999939,7.320000172,1.77699995,3.349999905,1.126999974,36.08800125
2016/7/12 12:00,9.376999855,1.875,6.005000114,0.958999991,2.894000053,1.156999946,29.555692482681508
2016/7/12 13:00,9.779000282,2.344000101,6.254000187,0.497000009,2.862999916,1.097000003,36.22900009
2016/7/12 14:00,9.51099968,2.009000063,6.467000008,0.958999991,2.862999916,1.218000054,37.93824204455039
2016/7/12 15:00,9.243000031,2.812999964,6.822999954,0.888000011,2.618999958,1.309999943,41.916815347692165
2016/7/12 16:00,8.774000168,1.942000031,6.111999989,0.462000012,2.710999966,1.126999974,40.09799957
2016/7/12 17:00,9.645000458,2.678999901,6.395999908,1.136999965,3.075999975,1.156999946,40.52000046
2016/7/12 18:00,9.109000206,2.142999887,5.96999979,0.603999972,3.107000113,1.097000003,37.84700012
2016/7/12 19:00,8.572999954,1.875,5.507999897,0.462000012,3.075999975,1.065999985,32.26083157911055
2016/7/12 20:00,10.85099983,2.142999887,7.143000126,0.532999992,3.746000051,1.097000003,36.01800156
2016/7/12 21:00,10.98499966,2.142999887,7.284999847,0.603999972,3.746000051,1.065999985,2.7502584257829605
2016/7/12 22:00,12.79300022,2.746000051,9.807999611,1.70599997,3.259000063,0.913999975,36.01800156
2016/7/12 23:00,16.00799942,5.69299984,13.11200047,3.482000113,2.832999945,1.004999995,36.22900009
2016/7/13 0:00,19.15600014,6.229000092,13.71700001,4.014999866,5.026000023,1.523000002,36.50999832
2016/7/13 1:00,16.81200027,5.894000053,12.18900013,3.411000013,4.873000145,1.462000012,35.083165726434494
2016/7/13 2:00,17.61599922,5.960999966,12.72200012,3.588999987,4.721000195,1.491999984,36.58000183
2016/7/13 3:00,16.34300041,5.760000229,11.37100029,2.948999882,4.477000237,1.491999984,37.70600128
2016/7/13 4:00,18.01799965,7.099999905,13.46800041,3.90899992,4.477000237,1.523000002,37.70600128
2016/7/13 5:00,18.15200043,7.032999992,13.39700031,4.086999893,4.659999847,1.523000002,37.63600159
2016/7/13 6:00,16.20899963,4.822999954,10.51799965,2.700999975,5.056000233,1.552999973,52.501699253226164
2016/7/13 7:00,13.4630003,4.085999966,8.065999985,1.457000017,5.238999844,1.827999949,40.28593013665536
2016/7/13 8:00,10.31499958,3.415999889,6.928999901,1.315000057,2.802000046,1.462000012,38.05799866000001
2016/7/13 9:00,8.840999603,3.148000002,6.751999855,1.457000017,2.040999889,1.126999974,37.00299835
2016/7/13 10:00,10.24800014,3.282000065,6.610000134,1.172999978,3.107000113,1.309999943,50.27436658749689
2016/7/13 11:00,8.572999954,2.009000063,6.502999783,0.852999985,2.163000107,1.065999985,25.837075018086253
2016/7/13 12:00,8.774000168,2.142999887,5.721000195,0.425999999,2.650000095,1.004999995,53.00971907383843
2016/7/13 13:00,9.51099968,1.60800004,6.040999889,0.425999999,2.862999916,1.097000003,36.15800095
2016/7/13 14:00,8.774000168,2.075999975,6.040999889,0.816999972,2.375999928,1.004999995,23.749683690940152
2016/7/13 15:00,9.31000042,2.142999887,6.218999863,0.995000005,2.924000025,1.126999974,50.94115124461438
2016/7/13 16:00,8.305999756,2.27699995,5.721000195,0.924000025,2.618999958,1.097000003,39.53499985
2016/7/13 17:00,8.975000381,2.27699995,5.96999979,0.782000005,3.015000105,1.279000044,38.26900101
2016/7/13 18:00,8.840999603,2.142999887,5.721000195,0.603999972,3.107000113,1.126999974,34.75099945
2016/7/13 19:00,9.041999817,2.344000101,5.862999916,0.603999972,3.441999912,1.126999974,33.76699829
2016/7/13 20:00,11.25300026,2.611999989,7.177999973,0.852999985,4.111999989,1.187999964,23.729666540498226
2016/7/13 21:00,11.98900032,3.415999889,8.598999977,2.167999983,3.928999901,1.187999964,32.84686523806889
2016/7/13 22:00,12.52499962,3.818000078,9.630000114,1.598999977,3.259000063,0.975000024,35.12708706069521
2016/7/13 23:00,13.59700012,4.622000217,10.97999954,2.842999935,3.107000113,1.065999985,20.84599820174882
2016/7/14 0:00,14.60200024,5.357999802,11.19400024,2.878000021,2.862999916,1.036000013,45.21269798723903
2016/7/14 1:00,13.4630003,4.554999828,10.8739996,2.984999895,2.467000008,0.883000016,37.50900062267548
2016/7/14 2:00,12.25699997,3.88499999,9.522999763,2.131999969,2.467000008,0.944000006,33.9070015
2016/7/14 3:00,12.25699997,4.68900013,10.66100025,2.984999895,2.253999949,0.913999975,39.05793606992664
2016/7/14 4:00,11.5880003,3.684000015,8.847999573,1.70599997,2.101999998,0.883000016,35.66600037
2016/7/14 5:00,11.92199993,3.348999977,9.274999619,1.99000001,2.101999998,0.883000016,57.72194917425787
2016/7/14 6:00,11.52099991,3.684000015,9.559000015,2.273999929,2.528000116,0.944000006,22.750196463873188
2016/7/14 7:00,8.774000168,2.678999901,5.862999916,1.136999965,2.315000057,1.065999985,49.99117178062948
2016/7/14 8:00,7.971000195,3.08100009,5.96999979,1.598999977,2.375999928,1.279000044,44.4405696802391
2016/7/14 9:00,8.305999756,2.411000013,5.862999916,1.279000044,2.375999928,1.156999946,35.52500153
2016/7/14 10:00,9.376999855,2.344000101,6.502999783,1.172999978,2.802000046,1.248999953,13.045050785954192
2016/7/14 11:00,10.04699993,3.148000002,6.857999802,0.782000005,3.167999983,1.097000003,37.35400009
2016/7/14 12:00,8.23900032,2.075999975,5.68599987,0.391000003,2.588999987,1.036000013,34.61100006
2016/7/14 13:00,8.305999756,2.27699995,6.005000114,0.852999985,2.650000095,0.975000024,33.8370018
2016/7/14 14:00,7.903999805,2.210000038,5.401000023,0.782000005,2.467000008,1.036000013,38.48292110042859
2016/7/14 15:00,12.18999958,4.68900013,10.02099991,2.559000015,2.253999949,0.913999975,34.68099976
2016/7/14 16:00,7.836999893,1.541000009,5.295000076,0.675000012,2.467000008,1.279000044,6.803795341832064
2016/7/14 17:00,7.903999805,1.60800004,4.619999886,-0.107000001,3.167999983,1.126999974,34.75099945
2016/7/14 18:00,6.429999828,0.938000023,3.980000019,-0.284000009,2.467000008,1.126999974,41.64053769827668
2016/7/14 19:00,7.836999893,1.340000033,5.188000202,0.035999998,2.710999966,1.065999985,32.85200119
2016/7/14 20:00,8.975000381,1.406999946,5.68599987,0.035999998,3.259000063,0.975000024,33.13299942
2016/7/14 21:00,8.305999756,0.670000017,5.223999977,-0.425999999,3.107000113,0.975000024,19.63173347554054
2016/7/14 22:00,8.104999542,0.80400002,5.436999798,-0.319999993,2.650000095,0.883000016,30.38999939
2016/7/14 23:00,10.11400032,2.545000076,7.639999866,1.136999965,2.588999987,0.913999975,31.374999999999996
2016/7/15 0:00,13.19499969,4.019000053,8.421999931,2.096999884,4.782000065,1.462000012,31.30400085
2016/7/15 1:00,13.32900047,4.287000179,8.279999733,1.953999996,4.447000027,1.309999943,32.64099884
2016/7/15 2:00,13.86499977,4.354000092,8.989999771,1.812000036,4.263999939,1.309999943,37.89193339804961
2016/7/15 3:00,11.98900032,3.214999914,7.710999966,1.421000004,4.142000198,1.340000033,33.34400177
2016/7/15 4:00,11.85499954,3.415999889,7.106999874,0.782000005,4.234000206,1.432000041,34.61100006
2016/7/15 5:00,11.85499954,2.678999901,7.498000145,0.958999991,4.386000156,1.340000033,33.9070015
2016/7/15 6:00,11.11900043,2.009000063,6.361000061,0.603999972,4.873000145,1.462000012,22.923898437129964
2016/7/15 7:00,11.98900032,2.947000027,6.005000114,0.782000005,4.994999886,1.674999952,35.38499832
2016/7/15 8:00,8.975000381,2.344000101,6.183000088,0.888000011,2.559000015,1.279000044,34.32899857
2016/7/15 9:00,9.51099968,3.013999939,7.035999775,1.953999996,2.375999928,1.097000003,31.58600044
2016/7/15 10:00,10.11400032,3.549999952,6.965000153,1.56400001,2.954999924,1.432000041,31.375
2016/7/15 11:00,10.31499958,3.617000103,7.320000172,1.101999998,3.289999962,1.097000003,29.38620262595465
2016/7/15 12:00,8.640000343,2.27699995,5.721000195,0.391000003,2.588999987,0.975000024,31.58600044
2016/7/15 13:00,8.907999992,2.477999926,6.111999989,0.816999972,2.618999958,1.126999974,31.375
2016/7/15 14:00,9.31000042,2.545000076,6.361000061,0.816999972,2.528000116,1.156999946,31.02300072
2016/7/15 15:00,8.171999931,2.27699995,5.791999817,1.065999985,2.223999977,1.097000003,47.61337118881248
2016/7/15 16:00,7.836999893,2.210000038,5.507999897,0.782000005,2.680000067,1.156999946,24.90299988
2016/7/15 17:00,8.505999565,2.210000038,5.578999996,0.497000009,3.229000092,1.401000023,10.610957298434911
2016/7/15 18:00,7.234000206,1.340000033,4.619999886,0.0,2.588999987,1.097000003,6.24932226722272
2016/7/15 19:00,6.96600008,1.139000058,4.441999912,-0.035999998,2.467000008,0.975000024,16.88299942
2016/7/15 20:00,7.166999817,1.139000058,4.762000084,0.0,2.437000036,0.852999985,22.0890007
2016/7/15 21:00,8.371999741,2.947000027,6.218999863,1.207999945,2.437000036,1.036000013,24.1989994
2016/7/15 22:00,9.109000206,2.210000038,7.568999767,0.958999991,2.00999999,0.883000016,35.638600965165516
2016/7/15 23:00,8.907999992,2.678999901,7.639999866,1.527999997,1.949000001,0.883000016,31.320484741520414
2016/7/16 0:00,8.505999565,2.210000038,6.644999981,0.782000005,1.644999981,0.852999985,16.512853013667627
2016/7/16 1:00,10.04699993,3.08100009,8.031000137,1.669999957,1.735999942,0.822000027,35.75494530957955
2016/7/16 2:00,10.85099983,3.750999928,8.741999626,1.99000001,1.462000012,0.760999978,12.80782188424119
2016/7/16 3:00,8.907999992,2.947000027,7.639999866,1.598999977,1.491999984,0.791999996,47.435179694250905
2016/7/16 4:00,9.51099968,2.009000063,7.320000172,1.065999985,1.371000051,0.670000017,30.050753213020688
2016/7/16 5:00,9.578000069,2.477999926,7.853000164,0.958999991,1.644999981,0.670000017,27.9279995
2016/7/16 6:00,9.645000458,2.210000038,7.604000092,0.782000005,2.163000107,0.731000006,27.71699905
2016/7/16 7:00,6.229000092,1.875,4.122000217,0.354999989,2.131999969,1.004999995,55.96171320804292
2016/7/16 8:00,6.96600008,2.746000051,4.93900013,0.711000025,2.101999998,1.065999985,30.17900085
2016/7/16 9:00,7.301000118,1.60800004,5.117000103,0.319999993,2.101999998,0.975000024,31.44499969
2016/7/16 10:00,8.840999603,2.27699995,6.395999908,0.958999991,2.588999987,1.126999974,33.20399857
2016/7/16 11:00,9.243000031,2.142999887,6.43200016,0.995000005,3.015000105,1.156999946,33.41500092
2016/7/16 12:00,6.429999828,1.273000002,4.263999939,0.284000009,2.345000029,1.004999995,37.274397473478345
2016/7/16 13:00,6.697999954,2.27699995,4.547999859,0.354999989,2.253999949,1.036000013,32.85200119
2016/7/16 14:00,7.769999981,2.678999901,4.93900013,1.207999945,2.193000078,1.097000003,33.20399857
2016/7/16 15:00,8.104999542,2.344000101,5.828000069,1.065999985,2.193000078,1.065999985,34.04800034
2016/7/16 16:00,7.099999905,2.142999887,5.329999924,1.350000024,2.131999969,1.065999985,22.96188053127799
2016/7/16 17:00,7.836999893,2.210000038,5.366000175,0.958999991,2.528000116,1.036000013,34.47000122
2016/7/16 18:00,7.301000118,1.741000056,4.477000237,0.354999989,2.528000116,1.097000003,30.60172642395308
2016/7/16 19:00,6.697999954,1.20599997,4.229000092,-0.035999998,2.405999899,1.004999995,62.385604652221026
2016/7/16 20:00,7.836999893,1.20599997,4.974999905,0.0,2.862999916,0.975000024,32.14899826
2016/7/16 21:00,7.434999943,1.273000002,4.584000111,-0.354999989,2.650000095,0.975000024,21.88762083126391
2016/7/16 22:00,8.104999542,2.009000063,6.005000114,0.958999991,2.253999949,0.852999985,31.72599983
2016/7/16 23:00,7.836999893,1.807999969,5.366000175,0.782000005,2.071000099,0.883000016,30.88199997
2016/7/17 0:00,10.18099976,2.746000051,8.598999977,1.669999957,1.91900003,0.852999985,47.68634753987023
2016/7/17 1:00,10.04699993,2.947000027,8.173000336,1.598999977,1.827999949,0.883000016,27.104021997609518
2016/7/17 2:00,9.779000282,3.08100009,7.747000217,2.131999969,1.735999942,0.822000027,34.702168921936554
2016/7/17 3:00,8.43900013,2.27699995,6.787000179,1.207999945,1.583999991,0.760999978,31.233999250000004
2016/7/17 4:00,9.041999817,1.942000031,7.604000092,1.491999984,1.552999973,0.700999975,31.867000579999996
2016/7/17 5:00,9.31000042,2.210000038,7.568999767,1.243999958,1.85800004,0.975000024,32.21900177
2016/7/17 6:00,11.45400047,3.214999914,8.883999825,1.421000004,2.437000036,0.791999996,20.861929778297117
2016/7/17 7:00,7.703000069,2.009000063,5.68599987,0.711000025,2.375999928,1.065999985,24.371574658249866
2016/7/17 8:00,7.836999893,2.210000038,5.650000095,0.745999992,2.345000029,1.036000013,34.25899887
2016/7/17 9:00,7.769999981,2.142999887,5.366000175,1.101999998,2.650000095,1.248999953,-8.346474436553835
2016/7/17 10:00,9.175999641,3.08100009,6.43200016,1.172999978,2.894000053,1.218000054,34.47000122
2016/7/17 11:00,9.645000458,2.477999926,6.610000134,1.350000024,3.107000113,1.004999995,35.24399948
2016/7/17 12:00,7.636000156,1.807999969,5.188000202,0.248999998,2.405999899,0.975000024,36.29899979
2016/7/17 13:00,8.038000107,1.541000009,5.010000229,0.497000009,2.437000036,1.036000013,36.72100067
2016/7/17 14:00,8.371999741,2.411000013,6.147999763,1.031000018,2.193000078,0.975000024,38.3390007
2016/7/17 15:00,8.371999741,2.344000101,5.899000168,0.852999985,2.345000029,1.065999985,64.85112285716542
2016/7/17 16:00,7.703000069,2.142999887,5.472000122,1.065999985,2.223999977,0.975000024,37.98699951
2016/7/17 17:00,8.505999565,2.545000076,5.791999817,1.172999978,2.710999966,1.126999974,59.07947746117668
2016/7/17 18:00,8.305999756,1.942000031,5.543000221,0.532999992,2.710999966,1.097000003,52.10728057680013
2016/7/17 19:00,8.104999542,1.674000025,5.366000175,0.319999993,2.710999966,1.065999985,35.24399948
2016/7/17 20:00,9.913000107,1.674000025,6.395999908,0.284000009,3.381000042,0.975000024,34.18899918
2016/7/17 21:00,10.24800014,0.536000013,6.502999783,-0.745999992,3.289999962,0.913999975,28.62985317362046
2016/7/17 22:00,12.45800018,3.684000015,9.807999611,2.131999969,2.528000116,0.822000027,43.01850952276134
2016/7/17 23:00,14.2670002,4.287000179,11.65499973,2.878000021,2.467000008,0.760999978,33.48500061
2016/7/18 0:00,14.53499985,3.951999903,10.16300011,2.061000109,4.568999767,1.340000033,34.0676377197909
2016/7/18 1:00,15.8739996,5.157000065,11.37100029,2.772000074,4.355999947,1.309999943,33.9070015
2016/7/18 2:00,15.13700008,4.152999878,10.09200001,2.167999983,4.447000027,1.401000023,33.55599976
2016/7/18 3:00,14.46800041,4.21999979,9.593999863,2.131999969,4.324999809,1.462000012,44.41799983180029
2016/7/18 4:00,12.18999958,3.282000065,7.923999786,0.888000011,4.172999859,1.340000033,20.297437165352825
2016/7/18 5:00,12.79300022,2.746000051,8.244000435,0.958999991,4.416999817,1.371000051,34.8219986
2016/7/18 6:00,13.19499969,2.947000027,8.635000229,1.031000018,4.751999855,1.401000023,33.62899385322795
2016/7/18 7:00,13.59700012,4.152999878,8.635000229,1.279000044,4.903999805,1.674999952,36.58000183
2016/7/18 8:00,9.913000107,2.545000076,7.710999966,1.207999945,2.588999987,1.126999974,44.37905115323147
2016/7/18 9:00,8.104999542,1.942000031,6.111999989,0.603999972,2.375999928,1.309999943,36.08800125
2016/7/18 10:00,8.975000381,2.880000114,6.43200016,0.852999985,2.772000074,1.279000044,27.166819364773232
2016/7/18 11:00,9.31000042,3.08100009,6.43200016,1.031000018,3.229000092,1.279000044,36.29899979
2016/7/18 12:00,7.636000156,1.674000025,5.046000004,0.284000009,2.437000036,1.036000013,18.905076922033743
2016/7/18 13:00,8.23900032,2.075999975,5.68599987,0.639999986,2.345000029,0.913999975,37.35400009
2016/7/18 14:00,8.706999779,2.009000063,6.43200016,0.745999992,2.437000036,1.004999995,58.32455653519791
2016/7/18 15:00,7.903999805,2.27699995,5.436999798,0.675000012,2.832999945,1.126999974,38.05799866
2016/7/18 16:00,8.43900013,1.741000056,5.578999996,0.462000012,2.802000046,1.156999946,35.52500153
2016/7/18 17:00,8.505999565,2.075999975,5.472000122,0.497000009,3.015000105,1.309999943,21.724035788054533
2016/7/18 18:00,8.371999741,1.942000031,5.543000221,0.391000003,3.289999962,1.340000033,14.403144246381071
2016/7/18 19:00,8.171999931,1.741000056,5.329999924,0.319999993,2.832999945,1.036000013,45.66998795958781
2016/7/18 20:00,10.51599979,2.075999975,6.822999954,0.497000009,3.686000109,1.126999974,35.24399948
2016/7/18 21:00,11.45400047,1.674000025,8.065999985,0.178000003,3.563999891,1.156999946,33.55599976
2016/7/18 22:00,12.45800018,3.415999889,9.949999809,1.77699995,2.862999916,0.883000016,33.9070015
2016/7/18 23:00,12.05599976,3.348999977,10.05599976,1.77699995,2.437000036,0.883000016,33.871112263547445
2016/7/19 0:00,13.59700012,4.085999966,11.37100029,2.486999989,2.315000057,0.852999985,33.63686779097106
2016/7/19 1:00,13.79800034,4.085999966,11.30000019,3.163000107,1.827999949,0.670000017,33.62599945
2016/7/19 2:00,12.72599983,4.354000092,10.8380003,2.486999989,1.827999949,0.670000017,37.159295259937196
2016/7/19 3:00,11.38700008,3.214999914,9.593999863,2.381000042,1.70599997,0.731000006,55.66884745851689
2016/7/19 4:00,12.52499962,4.152999878,10.5539999,2.203000069,1.70599997,1.004999995,25.084461996382768
2016/7/19 5:00,12.05599976,3.08100009,10.23400021,1.812000036,1.888000011,0.731000006,31.65600014
2016/7/19 6:00,10.7840004,2.545000076,8.777000427,1.065999985,2.253999949,0.913999975,19.58529269463795
2016/7/19 7:00,8.572999954,2.075999975,6.147999763,0.284000009,2.315000057,1.065999985,31.25831716063912
2016/7/19 8:00,8.706999779,2.545000076,5.578999996,1.56400001,2.618999958,1.126999974,9.148304191553208
2016/7/19 9:00,9.645000458,2.678999901,6.894000053,0.888000011,2.559000015,1.309999943,32.64099884
2016/7/19 10:00,9.645000458,2.477999926,6.751999855,0.782000005,3.107000113,1.036000013,49.120394792402685
2016/7/19 11:00,9.51099968,2.545000076,6.183000088,0.782000005,3.259000063,1.126999974,24.632656462737096
2016/7/19 12:00,7.703000069,1.807999969,4.903999805,0.354999989,2.253999949,0.852999985,29.26399994
2016/7/19 13:00,7.903999805,1.741000056,5.223999977,0.425999999,2.223999977,0.852999985,48.51804998231422
2016/7/19 14:00,7.501999855,1.473999977,5.791999817,0.711000025,2.040999889,0.852999985,35.604420473693395
2016/7/19 15:00,9.578000069,2.746000051,6.894000053,0.995000005,1.980000019,0.913999975,32.07799911
2016/7/19 16:00,7.903999805,2.075999975,5.507999897,0.852999985,2.740999937,1.279000044,32.07799911
2016/7/19 17:00,8.371999741,1.875,5.472000122,0.391000003,2.924000025,1.218000054,33.8370018
2016/7/19 18:00,7.836999893,1.674000025,4.974999905,0.178000003,2.710999966,1.065999985,34.04800034
2016/7/19 19:00,7.636000156,1.541000009,5.081999779,0.213,2.618999958,1.065999985,33.69599915
2016/7/19 20:00,9.645000458,1.541000009,6.361000061,0.462000012,3.319999933,1.065999985,57.30959049253492
2016/7/19 21:00,9.578000069,1.875,6.183000088,0.284000009,3.015000105,1.036000013,27.088574926457174
2016/7/19 22:00,8.43900013,1.807999969,5.934000015,0.745999992,2.345000029,0.731000006,32.64099884
2016/7/19 23:00,10.64999962,2.411000013,8.065999985,1.279000044,2.163000107,0.700999975,32.43000031
2016/7/20 0:00,13.52999973,4.019000053,8.208999634,1.56400001,4.568999767,1.401000023,16.199846229240162
2016/7/20 1:00,13.32900047,3.48300004,8.847999573,1.63499999,4.295000076,1.371000051,51.26430128784992
2016/7/20 2:00,12.25699997,2.947000027,7.960000038,1.598999977,4.234000206,1.279000044,43.72533367280788
2016/7/20 3:00,11.18599987,3.214999914,7.214000225,1.243999958,4.142000198,1.279000044,17.032444464058354
2016/7/20 4:00,11.78800011,1.942000031,7.0,0.816999972,4.203000069,1.309999943,32.43000031
2016/7/20 5:00,12.25699997,2.411000013,7.177999973,0.816999972,4.447000027,1.371000051,51.312197920891386
2016/7/20 6:00,13.12800026,3.415999889,8.031000137,1.065999985,4.903999805,1.491999984,33.20399857
2016/7/20 7:00,11.11900043,2.880000114,6.218999863,0.248999998,5.026000023,1.644999981,34.68099976
2016/7/20 8:00,8.038000107,2.142999887,5.791999817,0.995000005,2.618999958,1.097000003,58.42985717254582
2016/7/20 9:00,8.706999779,3.08100009,6.254000187,1.279000044,2.802000046,1.248999953,76.55216512934835
2016/7/20 10:00,10.38199997,2.812999964,7.071000099,1.243999958,2.710999966,1.156999946,19.096365294352648
2016/7/20 11:00,10.18099976,2.880000114,6.894000053,1.136999965,3.503000021,1.097000003,38.19102513892065
2016/7/20 12:00,8.038000107,1.942000031,5.650000095,0.391000003,2.528000116,0.944000006,33.20399857
2016/7/20 13:00,8.706999779,2.210000038,5.96999979,0.213,2.802000046,1.065999985,33.27399826
2016/7/20 14:00,9.376999855,2.210000038,6.71600008,1.065999985,2.680000067,1.187999964,35.52500153
2016/7/20 15:00,9.376999855,2.545000076,6.395999908,0.711000025,2.710999966,1.279000044,26.84120701721287
2016/7/20 16:00,8.505999565,2.075999975,5.791999817,0.675000012,2.650000095,1.279000044,25.40392704724339
2016/7/20 17:00,8.975000381,2.142999887,5.899000168,0.639999986,2.984999895,1.126999974,21.620410088741725
2016/7/20 18:00,9.041999817,1.807999969,5.721000195,0.284000009,2.862999916,1.156999946,45.028380318299284
2016/7/20 19:00,8.505999565,2.210000038,5.578999996,0.497000009,3.046000004,1.065999985,53.616892437215874
2016/7/20 20:00,11.98900032,2.27699995,7.498000145,0.354999989,4.507999897,1.248999953,56.936893650958694
2016/7/20 21:00,11.98900032,1.875,7.923999786,-0.142000005,4.172999859,1.097000003,38.629175861980166
2016/7/20 22:00,15.27099991,4.085999966,11.19400024,2.203000069,3.625,1.036000013,40.80695942132047
2016/7/20 23:00,14.93700027,4.085999966,10.9090004,2.345000029,3.046000004,1.156999946,36.703854959770126
2016/7/21 0:00,15.20400047,4.622000217,12.04599953,2.700999975,2.802000046,0.975000024,34.89199829
2016/7/21 1:00,16.94599915,5.357999802,14.67599964,4.122000217,2.588999987,0.913999975,29.934963504615634
2016/7/21 2:00,15.20400047,4.889999866,12.79300022,3.163000107,2.163000107,0.883000016,33.4111074363693
2016/7/21 3:00,13.93200016,5.090000153,11.90400028,3.197999954,2.131999969,0.883000016,32.99826007289259
2016/7/21 4:00,13.73099995,4.085999966,11.05099964,2.273999929,2.040999889,0.822000027,35.52500153
2016/7/21 5:00,13.52999973,3.148000002,11.37100029,1.669999957,2.193000078,0.822000027,23.303700669299698
2016/7/21 6:00,14.19999981,3.88499999,11.76200008,1.91900003,2.437000036,0.883000016,44.6028139999869
2016/7/21 7:00,13.79800034,4.21999979,11.37100029,1.883000016,2.559000015,1.097000003,27.308589950950818
2016/7/21 8:00,13.93200016,4.554999828,10.97999954,2.984999895,2.954999924,1.248999953,40.942001340000004
2016/7/21 9:00,12.92700005,4.554999828,9.593999863,2.167999983,2.772000074,1.279000044,29.06917660473218
2016/7/21 10:00,10.91800022,3.617000103,7.427000046,1.812000036,3.349999905,1.340000033,35.24399948
2016/7/21 11:00,11.52099991,3.348999977,8.031000137,1.491999984,3.319999933,1.248999953,21.05445061282056
2016/7/21 12:00,9.376999855,2.477999926,5.899000168,0.142000005,2.862999916,1.004999995,32.28900146
2016/7/21 13:00,10.04699993,2.411000013,7.106999874,0.639999986,3.015000105,1.036000013,33.20399857
2016/7/21 14:00,9.913000107,2.411000013,7.035999775,0.782000005,2.832999945,0.975000024,23.30979061249745
2016/7/21 15:00,8.23900032,1.340000033,5.96999979,0.569000006,2.071000099,0.760999978,35.31399918
2016/7/21 16:00,8.23900032,2.075999975,6.111999989,0.675000012,2.131999969,0.944000006,36.72100067
2016/7/21 17:00,9.376999855,2.210000038,6.218999863,0.603999972,3.349999905,1.401000023,36.86199951
2016/7/21 18:00,9.444000244,2.880000114,5.934000015,0.391000003,3.441999912,1.371000051,34.9620018
2016/7/21 19:00,8.907999992,1.60800004,5.68599987,0.178000003,3.167999983,1.097000003,37.35400009
2016/7/21 20:00,12.59200001,2.142999887,7.853000164,0.391000003,4.598999977,1.156999946,-3.7336126040033024
2016/7/21 21:00,14.53499985,3.88499999,10.44699955,1.84800005,4.842999935,1.248999953,32.235955775232924
2016/7/21 22:00,14.19999981,3.951999903,10.44699955,2.451999903,4.142000198,1.065999985,36.72100067
2016/7/21 23:00,15.06999969,5.022999763,11.12199974,3.092000008,3.806999922,1.097000003,17.291832404998342
2016/7/22 0:00,17.81699944,6.162000179,11.97500038,3.588999987,5.81799984,1.583999991,36.65100098
2016/7/22 1:00,18.15200043,6.296000004,13.07699966,3.696000099,5.269000053,1.491999984,20.277415133926656
2016/7/22 2:00,16.27599907,6.09499979,11.19400024,4.19299984,4.965000153,1.462000012,56.70121264152008
2016/7/22 3:00,15.27099991,5.290999889,9.772000313,2.451999903,4.813000202,1.401000023,35.66600037
2016/7/22 4:00,12.52499962,3.684000015,7.782000065,1.99000001,4.630000114,1.371000051,35.52500153
2016/7/22 5:00,13.32900047,4.421000004,8.31499958,2.025000095,4.873000145,1.401000023,36.86199951
2016/7/22 6:00,12.85999966,4.487999916,8.102000237,2.096999884,4.903999805,1.491999984,35.03300095
2016/7/22 7:00,12.32400036,4.019000053,7.427000046,2.486999989,4.903999805,1.76699996,21.390595155128274
2016/7/22 8:00,10.51599979,3.818000078,7.888999939,2.239000082,2.832999945,1.156999946,38.7384989562455
2016/7/22 9:00,11.92199993,4.889999866,8.847999573,2.948999882,2.832999945,1.218000054,37.34929470917967
2016/7/22 10:00,11.5880003,3.214999914,7.568999767,1.527999997,3.289999962,1.401000023,37.35400009
2016/7/22 11:00,11.5880003,3.08100009,7.676000118,1.136999965,3.77699995,1.279000044,37.63600159
2016/7/22 12:00,10.51599979,2.611999989,7.355999947,0.888000011,3.259000063,1.065999985,29.85798366871052
2016/7/22 13:00,11.5880003,2.142999887,7.249000072,0.782000005,3.746000051,1.248999953,45.29684963643595
2016/7/22 14:00,11.38700008,2.812999964,8.031000137,0.958999991,3.471999884,1.156999946,41.24417430305286
2016/7/22 15:00,11.11900043,2.142999887,7.320000172,0.852999985,3.137000084,1.218000054,49.98675295269041
2016/7/22 16:00,10.11400032,3.282000065,6.71600008,0.711000025,3.349999905,1.401000023,48.611396227442356
2016/7/22 17:00,10.51599979,2.812999964,7.106999874,1.065999985,3.806999922,1.401000023,57.12283320948141
2016/7/22 18:00,9.845999718,2.344000101,6.610000134,0.995000005,3.71600008,1.248999953,36.249318695552354
2016/7/22 19:00,9.845999718,2.009000063,6.361000061,0.391000003,3.563999891,1.218000054,39.04299927
2016/7/22 20:00,14.2670002,2.746000051,8.741999626,0.639999986,5.421999931,1.309999943,46.3986830346997
2016/7/22 21:00,14.66899967,1.942000031,8.847999573,0.497000009,5.513000011,1.279000044,37.2840004
2016/7/22 22:00,16.47699928,4.152999878,11.54899979,2.273999929,4.568999767,1.004999995,55.09870781915056
2016/7/22 23:00,14.80300045,2.947000027,9.949999809,1.172999978,4.203000069,1.126999974,16.873045673463025
2016/7/23 0:00,14.53499985,3.282000065,10.9090004,3.872999907,3.563999891,0.944000006,24.413682359229423
2016/7/23 1:00,13.66399956,4.354000092,10.5539999,2.096999884,3.259000063,0.913999975,52.59973293621272
2016/7/23 2:00,12.85999966,3.951999903,9.843000412,2.309999943,2.924000025,0.944000006,23.42816175474334
2016/7/23 3:00,13.32900047,4.152999878,10.73200035,2.061000109,2.680000067,0.883000016,36.79100037
2016/7/23 4:00,12.6590004,4.019000053,9.522999763,1.70599997,2.650000095,1.004999995,59.561027711562495
2016/7/23 5:00,11.72099972,3.282000065,8.954999924,1.883000016,2.650000095,0.975000024,52.31137347846904
2016/7/23 6:00,11.31999969,3.282000065,8.777000427,1.031000018,2.772000074,1.065999985,36.72100067000001
2016/7/23 7:00,11.92199993,4.019000053,9.31000042,2.381000042,2.680000067,1.126999974,32.84246585891015
2016/7/23 8:00,10.11400032,3.214999914,7.071000099,1.136999965,3.015000105,1.248999953,14.401346849947801
2016/7/23 9:00,11.11900043,3.549999952,7.960000038,1.491999984,3.046000004,1.523000002,40.73099899
2016/7/23 10:00,11.18599987,2.678999901,7.81799984,1.101999998,3.806999922,1.371000051,57.77061277786564
2016/7/23 11:00,11.78800011,2.880000114,7.782000065,0.995000005,4.111999989,1.279000044,34.224466969286205
2016/7/23 12:00,11.85499954,3.013999939,7.284999847,0.425999999,3.868000031,1.218000054,34.1633817869647
2016/7/23 13:00,12.72599983,3.013999939,7.923999786,0.888000011,4.142000198,1.097000003,38.83200073
2016/7/23 14:00,12.45800018,2.411000013,7.853000164,0.958999991,4.234000206,1.218000054,40.24347050852599
2016/7/23 15:00,12.12300014,2.210000038,7.81799984,0.782000005,3.77699995,1.126999974,41.01200104
2016/7/23 16:00,11.11900043,2.746000051,7.355999947,0.958999991,3.71600008,1.248999953,41.22299957
2016/7/23 17:00,11.31999969,3.214999914,7.710999966,1.065999985,3.898999929,1.279000044,40.37900162
2016/7/23 18:00,11.25300026,2.880000114,7.214000225,0.924000025,3.928999901,1.309999943,27.67546940014029
2016/7/23 19:00,11.25300026,2.344000101,7.355999947,0.816999972,3.928999901,1.065999985,39.11299896
2016/7/23 20:00,13.59700012,2.477999926,9.913999557,0.816999972,3.746000051,0.731000006,25.17264704749883
2016/7/23 21:00,16.07500076,3.48300004,10.02099991,0.675000012,5.96999979,1.340000033,24.387613992694156
2016/7/23 22:00,16.40999985,3.88499999,11.22900009,1.207999945,5.026000023,1.156999946,38.26900101
2016/7/23 23:00,16.20899963,3.951999903,11.44200039,1.63499999,4.690999985,1.126999974,38.19800186
2016/7/24 0:00,17.07999992,5.559000015,10.23400021,2.451999903,6.671000004,1.674999952,19.86399174221116
2016/7/24 1:00,18.21899986,4.889999866,12.04599953,2.131999969,6.427000046,1.674999952,28.800332473885856
2016/7/24 2:00,18.62000084,5.357999802,11.93999958,2.167999983,5.81799984,1.491999984,61.276715241739254
2016/7/24 3:00,17.75,5.357999802,11.37100029,2.700999975,5.604000092,1.613999963,37.84700012
2016/7/24 4:00,15.06999969,4.956999779,10.23400021,2.345000029,5.513000011,1.613999963,37.63600159
2016/7/24 5:00,16.1420002,4.756000042,10.66100025,1.812000036,5.482999802,1.70599997,25.113093249065802
2016/7/24 6:00,15.13700008,4.354000092,9.701000214,1.669999957,5.361000061,1.613999963,40.20089522331838
2016/7/24 7:00,15.53899956,4.956999779,9.807999611,2.273999929,5.329999924,1.735999942,40.73099899
2016/7/24 8:00,11.11900043,3.750999928,8.031000137,1.527999997,3.167999983,1.279000044,42.418998720000005
2016/7/24 9:00,11.72099972,4.085999966,8.208999634,1.598999977,3.107000113,1.309999943,42.63000107
2016/7/24 10:00,12.25699997,3.415999889,8.670999527,2.203000069,3.868000031,1.309999943,40.52000046
2016/7/24 11:00,12.92700005,3.415999889,8.741999626,1.491999984,4.507999897,1.340000033,48.56450115836586
2016/7/24 12:00,12.79300022,2.477999926,8.670999527,1.031000018,4.203000069,1.126999974,6.346116373186563
2016/7/24 13:00,14.19999981,3.750999928,9.416999817,1.491999984,4.813000202,1.279000044,34.92017985755622
2016/7/24 14:00,13.19499969,2.678999901,8.706000328,1.065999985,4.659999847,1.340000033,41.57500076
2016/7/24 15:00,12.52499962,3.617000103,8.527999878,0.995000005,4.172999859,1.248999953,30.23632359381719
2016/7/24 16:00,12.25699997,3.282000065,8.279999733,1.315000057,4.051000118,1.218000054,38.59565132613195
2016/7/24 17:00,12.18999958,3.214999914,8.031000137,1.243999958,4.234000206,1.340000033,46.94328484153171
2016/7/24 18:00,11.78800011,2.812999964,7.604000092,0.958999991,4.172999859,1.309999943,34.923767085488066
2016/7/24 19:00,13.19499969,3.415999889,8.598999977,1.491999984,4.630000114,1.401000023,41.99700165
2016/7/24 20:00,16.94599915,3.88499999,10.73200035,1.77699995,6.275000095,1.491999984,28.52814379268273
2016/7/24 21:00,17.2140007,3.348999977,10.625,0.745999992,6.610000134,1.583999991,40.37900162
2016/7/24 22:00,18.21899986,5.157000065,12.79300022,2.309999943,5.482999802,1.279000044,28.1016015740166
2016/7/24 23:00,17.95100021,5.022999763,12.89900017,2.736000061,5.086999893,1.309999943,40.01941322203113
2016/7/25 0:00,16.74500084,4.554999828,12.11699963,2.559000015,4.751999855,1.279000044,65.40515092418849
2016/7/25 1:00,16.27599907,4.152999878,11.79800034,2.415999889,4.111999989,1.187999964,40.73099899
2016/7/25 2:00,16.1420002,5.090000153,11.72700024,2.486999989,3.898999929,1.156999946,50.22996811133161
2016/7/25 3:00,15.13700008,4.085999966,11.12199974,2.381000042,3.471999884,1.248999953,15.224608214359742
2016/7/25 4:00,13.19499969,2.947000027,9.737000465,1.243999958,2.984999895,1.036000013,29.29387554724217
2016/7/25 5:00,12.6590004,3.282000065,9.204000473,1.527999997,2.862999916,1.004999995,24.97047502777691
2016/7/25 6:00,12.59200001,3.08100009,8.635000229,0.816999972,3.075999975,1.218000054,39.7804143421353
2016/7/25 7:00,5.022999763,1.741000056,1.457000017,0.319999993,3.137000084,1.340000033,15.860053443104142
2016/7/25 8:00,3.214999914,1.340000033,0.107000001,-0.071000002,3.046000004,1.309999943,43.26300049000001
2016/7/25 9:00,3.549999952,1.473999977,0.107000001,0.0,3.441999912,1.371000051,42.8409996
2016/7/25 10:00,4.019000053,1.273000002,0.142000005,0.0,3.838000059,1.218000054,42.13800049
2016/7/25 11:00,5.960999966,-0.40200001,2.559000015,-2.025000095,4.324999809,1.126999974,11.681499431557896
2016/7/25 12:00,13.93200016,1.674000025,8.918999672,0.319999993,4.386000156,1.156999946,40.87200165
2016/7/25 13:00,14.73600006,0.736999989,9.593999863,-1.527999997,4.965000153,1.248999953,39.47579708936601
2016/7/25 14:00,13.66399956,0.067000002,9.097000122,-1.741000056,4.659999847,1.218000054,36.41995446259743
2016/7/25 15:00,13.86499977,0.134000003,9.06099987,-1.953999996,4.416999817,1.097000003,43.89699936
2016/7/25 16:00,12.85999966,0.268000007,8.598999977,-1.527999997,4.234000206,1.248999953,43.61500168
2016/7/25 17:00,12.45800018,0.134000003,8.493000031,-1.63499999,4.051000118,1.187999964,47.552310442989395
2016/7/25 18:00,12.12300014,0.0,8.137999535,-1.812000036,4.111999989,1.248999953,43.68500137
2016/7/25 19:00,13.26200008,0.335000008,8.635000229,-1.63499999,4.659999847,1.401000023,41.36399841
2016/7/25 20:00,17.61599922,1.139000058,11.15799999,-1.243999958,6.548999786,1.523000002,56.25497591379387
2016/7/25 21:00,17.75,0.80400002,11.22900009,-1.527999997,6.487999916,1.613999963,33.85802512511621
2016/7/25 22:00,17.34799957,1.473999977,11.79800034,-0.711000025,5.635000229,1.371000051,39.25400162
2016/7/25 23:00,16.07500076,1.541000009,11.40699959,-0.816999972,4.782000065,1.156999946,40.30899811
2016/7/26 0:00,17.88400078,2.27699995,11.01599979,-0.354999989,6.730999947,1.674999952,39.53499985
2016/7/26 1:00,18.41900063,2.611999989,11.76200008,-0.248999998,6.487999916,1.644999981,39.04299927
2016/7/26 2:00,15.8739996,1.741000056,9.87899971,-0.532999992,6.183000088,1.70599997,45.88323200752997
2016/7/26 3:00,16.00799942,1.807999969,10.27000046,-1.207999945,5.787000179,1.644999981,38.4090004
2016/7/26 4:00,12.92700005,0.80400002,7.427000046,-2.167999983,5.452000141,1.491999984,39.11299896
2016/7/26 5:00,12.92700005,0.938000023,7.639999866,-2.167999983,5.269000053,1.432000041,37.2840004
2016/7/26 6:00,12.99400043,1.273000002,8.065999985,-0.995000005,5.117000103,1.644999981,38.26900101
2016/7/26 7:00,13.79800034,1.60800004,8.065999985,-1.243999958,5.117000103,1.735999942,40.52000046
2016/7/26 8:00,11.05200005,0.602999985,8.456999779,-1.350000024,2.862999916,1.248999953,40.942001340000004
2016/7/26 9:00,11.65499973,0.670000017,8.421999931,-0.782000005,2.862999916,1.126999974,44.648122476243486
2016/7/26 10:00,13.32900047,0.870999992,9.522999763,-0.995000005,3.503000021,1.126999974,52.33405411281955
2016/7/26 11:00,14.33399963,0.938000023,9.559000015,-1.491999984,4.081999779,1.065999985,38.90200043
2016/7/26 12:00,14.93700027,0.670000017,9.737000465,-0.391000003,4.538000107,1.097000003,39.32400131
2016/7/26 13:00,15.73999977,0.736999989,9.87899971,-1.741000056,5.208000183,1.309999943,40.02700043
2016/7/26 14:00,15.40499973,0.536000013,9.701000214,-1.953999996,5.026000023,1.248999953,40.73099899
2016/7/26 15:00,13.59700012,0.670000017,9.23900032,-1.598999977,4.477000237,1.097000003,44.27170785083076
2016/7/26 16:00,13.32900047,0.602999985,8.989999771,-0.888000011,4.295000076,1.248999953,28.35973220203254
2016/7/26 17:00,13.12800026,1.473999977,8.670999527,-0.675000012,4.447000027,1.309999943,45.02199936
2016/7/26 18:00,12.79300022,1.072000027,8.350999832,-0.745999992,4.386000156,1.371000051,27.686208636870543
2016/7/26 19:00,13.93200016,1.273000002,8.918999672,-0.711000025,5.026000023,1.401000023,61.6395922399227
2016/7/26 20:00,18.75399971,2.611999989,11.86900043,0.035999998,6.883999825,1.491999984,52.89019731332889
2016/7/26 21:00,16.81200027,1.473999977,10.80300045,-0.852999985,6.883999825,1.523000002,49.330162902082726
2016/7/26 22:00,17.48200035,3.08100009,11.69099998,0.639999986,5.725999832,1.371000051,40.87200165
2016/7/26 23:00,17.41500092,3.282000065,11.65499973,0.639999986,5.300000191,1.279000044,40.52000046
2016/7/27 0:00,16.6779995,2.545000076,11.65499973,0.639999986,4.842999935,1.187999964,39.67599869
2016/7/27 1:00,14.40100002,2.678999901,10.23400021,0.532999992,4.386000156,1.126999974,38.4090004
2016/7/27 2:00,14.46800041,1.807999969,10.23400021,0.569000006,4.051000118,1.065999985,38.62099838
2016/7/27 3:00,14.2670002,2.210000038,10.12699986,0.354999989,3.746000051,1.097000003,37.91699982
2016/7/27 4:00,14.06599998,2.075999975,10.23400021,0.391000003,3.349999905,1.004999995,40.30899811
2016/7/27 5:00,12.6590004,2.27699995,9.522999763,0.319999993,3.229000092,0.975000024,31.595821162743214
2016/7/27 6:00,13.19499969,1.807999969,9.559000015,-0.284000009,3.137000084,1.097000003,37.70600128000001
2016/7/27 7:00,11.65499973,1.473999977,7.853000164,-0.178000003,3.349999905,1.371000051,40.09799957
2016/7/27 8:00,12.12300014,1.741000056,8.031000137,-0.603999972,3.411000013,1.340000033,57.229305559937664
2016/7/27 9:00,12.6590004,1.807999969,8.31499958,-0.354999989,3.654999971,1.340000033,40.02700043
2016/7/27 10:00,14.93700027,2.075999975,9.807999611,0.0,4.355999947,1.432000041,67.25014412789808
2016/7/27 11:00,15.47200012,1.541000009,10.30500031,-0.035999998,4.994999886,1.309999943,38.691001889999995
2016/7/27 12:00,16.27599907,2.009000063,10.3409996,-0.711000025,5.208000183,1.309999943,38.19800186
2016/7/27 13:00,16.61100006,1.942000031,10.3760004,-0.603999972,5.635000229,1.340000033,38.76100159
2016/7/27 14:00,16.07500076,1.942000031,10.3760004,-0.354999989,5.208000183,1.340000033,27.394477798259892
2016/7/27 15:00,15.13700008,1.875,10.51799965,-0.213,4.751999855,1.279000044,41.36399841
2016/7/27 16:00,12.99400043,1.406999946,8.954999924,-0.284000009,4.111999989,1.279000044,42.98199844
2016/7/27 17:00,12.85999966,1.139000058,8.706000328,-0.603999972,4.172999859,1.126999974,36.08031484684963
2016/7/27 18:00,12.72599983,0.938000023,8.350999832,-0.888000011,4.295000076,1.279000044,4.770641088552143
2016/7/27 19:00,14.13300037,1.20599997,9.131999969,-0.816999972,5.147999763,1.371000051,39.81600189
2016/7/27 20:00,19.15600014,2.344000101,12.08199978,-0.178000003,7.097000122,1.583999991,1.1016981321211516
2016/7/27 21:00,18.2859993,1.60800004,11.61999989,-0.782000005,6.671000004,1.552999973,39.74599838
2016/7/27 22:00,19.42399979,2.27699995,13.32600021,0.354999989,5.725999832,1.279000044,28.386402846044312
2016/7/27 23:00,19.29000092,3.684000015,14.71100044,1.065999985,5.147999763,1.218000054,39.60499954
2016/7/28 0:00,21.43400002,3.818000078,14.17800045,0.497000009,7.126999855,1.70599997,53.12018777916105
2016/7/28 1:00,19.55800056,3.951999903,13.07699966,0.569000006,6.730999947,1.735999942,27.886764036417773
2016/7/28 2:00,18.95499992,3.684000015,12.47299957,1.031000018,6.366000175,1.613999963,40.73099899
2016/7/28 3:00,16.81200027,2.477999926,10.8739996,-0.035999998,5.940000057,1.674999952,14.416320304948547
2016/7/28 4:00,17.28100014,2.812999964,11.58399963,0.354999989,5.696000099,1.523000002,14.078807612782457
2016/7/28 5:00,17.07999992,3.415999889,11.72700024,0.603999972,5.604000092,1.644999981,38.62099838
2016/7/28 6:00,14.66899967,1.674000025,8.954999924,-1.065999985,5.90899992,1.85800004,17.925381115836306
2016/7/28 7:00,14.93700027,2.545000076,8.847999573,0.0,5.604000092,1.85800004,28.288099985599388
2016/7/28 8:00,11.11900043,1.541000009,7.888999939,-0.639999986,3.289999962,1.309999943,8.257694018785807
2016/7/28 9:00,12.39099979,1.60800004,8.706000328,-0.142000005,3.625,1.309999943,44.910527334070515
2016/7/28 10:00,14.2670002,2.27699995,9.593999863,-0.142000005,4.172999859,1.371000051,53.56741761751481
2016/7/28 11:00,14.2670002,1.875,9.593999863,-0.284000009,4.751999855,1.371000051,38.3390007
2016/7/28 12:00,15.60599995,0.80400002,9.772000313,-1.101999998,5.117000103,1.279000044,38.76100159
2016/7/28 13:00,16.20899963,2.075999975,11.26500034,-0.391000003,5.725999832,1.371000051,46.87960140055539
2016/7/28 14:00,16.07500076,1.807999969,10.23400021,-0.639999986,5.452000141,1.401000023,39.95700073
2016/7/28 15:00,15.40499973,1.674000025,10.16300011,-0.569000006,5.086999893,1.340000033,43.1230011
2016/7/28 16:00,13.9989996,1.473999977,9.416999817,-0.391000003,4.630000114,1.279000044,44.59999847
2016/7/28 17:00,13.52999973,1.406999946,8.706000328,-0.745999992,4.782000065,1.401000023,46.984057586500995
2016/7/28 18:00,12.99400043,1.340000033,8.527999878,-0.603999972,4.507999897,1.462000012,32.34942173528043
2016/7/28 19:00,13.86499977,2.746000051,9.593999863,0.532999992,4.994999886,1.462000012,33.884359295191636
2016/7/28 20:00,18.95499992,3.415999889,11.76200008,0.603999972,7.097000122,1.552999973,-4.7395397993175274
2016/7/28 21:00,18.41900063,2.611999989,11.65499973,0.248999998,6.791999817,1.432000041,39.95700073
2016/7/28 22:00,17.48200035,3.818000078,11.54899979,0.888000011,6.031000137,1.432000041,30.549383607852118
2016/7/28 23:00,17.41500092,3.415999889,12.43700027,1.56400001,5.421999931,1.309999943,38.83200073
2016/7/29 0:00,17.2140007,4.152999878,12.57900047,1.812000036,5.056000233,1.309999943,49.348968166343525
2016/7/29 1:00,15.00399971,3.148000002,10.66100025,0.852999985,4.538000107,1.187999964,38.4090004
2016/7/29 2:00,15.3380003,3.617000103,10.9090004,1.99000001,4.081999779,1.126999974,52.084680335017346
2016/7/29 3:00,13.59700012,3.08100009,9.416999817,1.457000017,3.960000038,1.248999953,38.62099838
2016/7/29 4:00,12.92700005,2.947000027,9.416999817,1.136999965,3.471999884,1.156999946,51.34741643269618
2016/7/29 5:00,13.79800034,2.344000101,9.949999809,0.319999993,3.349999905,1.097000003,36.924318135098474
2016/7/29 6:00,11.31999969,2.611999989,7.923999786,0.497000009,3.411000013,1.371000051,56.8778075479985
2016/7/29 7:00,12.79300022,3.214999914,9.380999565,1.457000017,3.381000042,1.340000033,38.33792328328909
2016/7/29 8:00,11.31999969,2.812999964,7.747000217,0.675000012,3.471999884,1.432000041,42.77099991
2016/7/29 9:00,13.12800026,3.415999889,9.416999817,1.243999958,3.77699995,1.340000033,41.08300018
2016/7/29 10:00,14.53499985,2.947000027,9.487999916,0.888000011,4.386000156,1.432000041,35.7455260603731
2016/7/29 11:00,13.52999973,2.947000027,9.949999809,1.136999965,3.868000031,0.975000024,41.08300018
2016/7/29 12:00,15.80700016,2.880000114,10.19900036,0.532999992,5.300000191,1.371000051,40.02700043
2016/7/29 13:00,16.87899971,2.477999926,10.4119997,0.852999985,5.84800005,1.523000002,79.40373216663207
2016/7/29 14:00,15.60599995,2.545000076,10.30500031,0.639999986,5.604000092,1.401000023,34.56113858729449
2016/7/29 15:00,15.20400047,2.477999926,9.807999611,0.675000012,5.208000183,1.371000051,35.06279816971938
2016/7/29 16:00,14.60200024,3.148000002,9.522999763,0.852999985,5.117000103,1.552999973,37.6137920747013
2016/7/29 17:00,13.9989996,3.08100009,9.168000221,0.816999972,4.873000145,1.491999984,75.79935616804221
2016/7/29 18:00,13.06099987,2.210000038,8.493000031,0.319999993,4.568999767,1.371000051,40.16799927
2016/7/29 19:00,13.9989996,2.411000013,9.026000023,0.213,5.056000233,1.340000033,37.84700012
2016/7/29 20:00,19.15600014,1.674000025,11.83300018,-1.101999998,7.34100008,1.644999981,57.025632173569356
2016/7/29 21:00,19.0890007,1.139000058,11.93999958,-1.527999997,7.218999863,1.644999981,39.32400131
2016/7/29 22:00,20.29500008,2.947000027,14.49800014,0.178000003,6.610000134,1.552999973,39.88700104
2016/7/29 23:00,19.35700035,2.812999964,13.75199986,-0.071000002,5.96999979,1.491999984,40.45000076
2016/7/30 0:00,21.56800079,3.684000015,13.75199986,0.213,7.888999939,1.980000019,40.87200165
2016/7/30 1:00,21.03199959,3.684000015,13.75199986,0.425999999,7.40199995,1.797000051,41.01200104
2016/7/30 2:00,19.55800056,2.545000076,12.82800007,-0.035999998,6.974999905,1.888000011,40.52000046
2016/7/30 3:00,19.02199936,2.075999975,11.90400028,0.142000005,6.395999908,1.70599997,40.59000015
2016/7/30 4:00,17.61599922,3.013999939,11.40699959,-0.319999993,6.214000225,1.76699996,39.18299866
2016/7/30 5:00,17.01300049,2.545000076,11.12199974,-0.391000003,6.06099987,1.827999949,39.60499954
2016/7/30 6:00,16.40999985,2.344000101,10.4119997,-0.248999998,5.940000057,1.827999949,39.18299866000001
2016/7/30 7:00,16.47699928,4.421000004,10.4829998,1.101999998,5.879000187,1.980000019,41.36399841
2016/7/30 8:00,14.60200024,4.085999966,10.27000046,0.888000011,3.806999922,1.552999973,48.06126319529417
2016/7/30 9:00,13.26200008,2.746000051,9.168000221,0.425999999,4.295000076,1.552999973,44.38899994
2016/7/30 10:00,15.3380003,3.617000103,10.625,1.279000044,4.568999767,1.432000041,54.05386607577867
2016/7/30 11:00,16.34300041,3.549999952,10.66100025,0.782000005,5.300000191,1.583999991,45.233001709999996
2016/7/30 12:00,17.28100014,3.282000065,10.94499969,0.816999972,5.664999962,1.401000023,31.378951020321423
2016/7/30 13:00,17.75,2.746000051,11.30000019,0.782000005,6.152999878,1.491999984,43.68500137
2016/7/30 14:00,17.2140007,3.549999952,11.37100029,0.639999986,5.940000057,1.491999984,44.52999878
2016/7/30 15:00,16.47699928,2.678999901,10.27000046,0.391000003,5.482999802,1.462000012,54.339968329342874
2016/7/30 16:00,15.00399971,2.880000114,9.984999657,0.745999992,5.026000023,1.401000023,35.8164862083203
2016/7/30 17:00,14.40100002,2.344000101,9.23900032,0.425999999,4.994999886,1.432000041,34.43757251703625
2016/7/30 18:00,13.86499977,2.210000038,8.954999924,0.284000009,4.994999886,1.371000051,40.80099869
2016/7/30 19:00,11.11900043,2.009000063,9.131999969,0.425999999,1.888000011,0.731000006,37.91699982
2016/7/30 20:00,17.34799957,1.072000027,12.89900017,-0.675000012,4.234000206,0.975000024,35.34522026386634
2016/7/30 21:00,17.54899979,0.201000005,12.97000027,-1.812000036,4.538000107,1.065999985,37.691077181168346
2016/7/30 22:00,19.29000092,3.282000065,15.70600033,0.603999972,3.960000038,0.944000006,38.19800186
2016/7/30 23:00,20.96500015,3.684000015,16.41699982,1.243999958,5.300000191,1.309999943,37.91699982
2016/7/31 0:00,21.36700058,3.617000103,16.34600067,0.532999992,4.659999847,1.248999953,27.666504916397923
2016/7/31 1:00,21.36700058,3.617000103,16.34600067,0.532999992,4.659999847,1.248999953,53.48992951925047
2016/7/31 2:00,21.36700058,3.617000103,16.34600067,0.532999992,4.659999847,1.248999953,44.34624374332552
2016/7/31 3:00,21.36700058,3.617000103,16.34600067,0.532999992,4.659999847,1.248999953,46.56929062860679
2016/7/31 4:00,21.36700058,3.617000103,16.34600067,0.532999992,4.659999847,1.248999953,59.028999151337956
2016/7/31 5:00,21.36700058,3.617000103,16.34600067,0.532999992,4.659999847,1.248999953,56.309470929674774
2016/7/31 6:00,21.36700058,3.617000103,16.34600067,0.532999992,4.659999847,1.248999953,22.72780307737147
2016/7/31 7:00,21.36700058,3.617000103,16.34600067,0.532999992,4.659999847,1.248999953,38.26900101
2016/7/31 8:00,21.36700058,3.617000103,16.34600067,0.532999992,4.659999847,1.248999953,38.26900101
2016/7/31 9:00,21.36700058,3.617000103,16.34600067,0.532999992,4.659999847,1.248999953,38.26900101
2016/7/31 10:00,21.36700058,3.617000103,16.34600067,0.532999992,4.659999847,1.248999953,38.26900101
2016/7/31 11:00,21.36700058,3.617000103,16.34600067,0.532999992,4.659999847,1.248999953,54.979123458543256
2016/7/31 12:00,21.36700058,3.617000103,16.34600067,0.532999992,4.659999847,1.248999953,38.26900101
2016/7/31 13:00,21.36700058,3.617000103,16.34600067,0.532999992,4.659999847,1.248999953,24.31375514637604
2016/7/31 14:00,21.36700058,3.617000103,16.34600067,0.532999992,4.659999847,1.248999953,38.26900101
2016/7/31 15:00,21.36700058,3.617000103,16.34600067,0.532999992,4.659999847,1.248999953,38.26900101
2016/7/31 16:00,21.36700058,3.617000103,16.34600067,0.532999992,4.659999847,1.248999953,38.26900101
2016/7/31 17:00,21.36700058,3.617000103,16.34600067,0.532999992,4.659999847,1.248999953,40.59328136533696
2016/7/31 18:00,21.36700058,3.617000103,16.34600067,0.532999992,4.659999847,1.248999953,38.26900101
2016/7/31 19:00,21.36700058,3.617000103,16.34600067,0.532999992,4.659999847,1.248999953,38.26900101
2016/7/31 20:00,21.36700058,3.617000103,16.34600067,0.532999992,4.659999847,1.248999953,34.55918175317869
2016/7/31 21:00,21.36700058,3.617000103,16.34600067,0.532999992,4.659999847,1.248999953,38.26900101
2016/7/31 22:00,21.36700058,3.617000103,16.34600067,0.532999992,4.659999847,1.248999953,38.26900101
2016/7/31 23:00,21.36700058,3.617000103,16.34600067,0.532999992,4.659999847,1.248999953,34.50473813254395
2016/8/1 0:00,20.49600029,3.818000078,15.92000008,1.279000044,4.659999847,1.156999946,25.499916491643354
2016/8/1 1:00,19.69199944,3.951999903,15.45800018,1.457000017,4.263999939,1.065999985,17.971610500374368
2016/8/1 2:00,18.08499908,2.545000076,13.68099976,0.284000009,3.898999929,1.065999985,45.62767299546085
2016/8/1 3:00,18.21899986,2.812999964,14.71100044,0.745999992,3.77699995,1.218000054,35.66600037
2016/8/1 4:00,15.80700016,1.541000009,12.54399967,0.284000009,3.197999954,1.065999985,48.8555021038977
2016/8/1 5:00,16.07500076,2.477999926,13.71700001,0.425999999,3.075999975,0.975000024,33.8370018
2016/8/1 6:00,18.01799965,3.214999914,14.17800045,0.816999972,3.259000063,1.248999953,33.837001799999996
2016/8/1 7:00,15.94099998,5.157000065,12.72200012,2.664999962,3.107000113,1.248999953,34.75099945
2016/8/1 8:00,14.53499985,3.750999928,10.66100025,1.172999978,3.471999884,1.401000023,42.61887294022913
2016/8/1 9:00,11.98900032,2.142999887,8.102000237,0.497000009,3.197999954,1.218000054,34.61100006
2016/8/1 10:00,13.12800026,2.812999964,8.598999977,0.711000025,3.746000051,1.309999943,34.75099945
2016/8/1 11:00,13.39599991,2.746000051,8.847999573,0.319999993,4.386000156,1.248999953,35.173999789999996
2016/8/1 12:00,14.73600006,2.344000101,9.274999619,0.462000012,4.630000114,1.309999943,34.8219986
2016/8/1 13:00,15.60599995,2.812999964,10.05599976,0.603999972,5.208000183,1.279000044,38.10669635594575
2016/8/1 14:00,15.06999969,3.214999914,9.593999863,0.569000006,4.782000065,1.248999953,44.357586048503826
2016/8/1 15:00,13.73099995,2.142999887,9.487999916,0.248999998,4.386000156,1.248999953,31.620335155713818
2016/8/1 16:00,12.72599983,2.27699995,8.493000031,0.391000003,4.234000206,1.248999953,44.20989218182556
2016/8/1 17:00,12.6590004,2.411000013,8.598999977,0.603999972,4.051000118,1.309999943,39.11299896
2016/8/1 18:00,10.71700001,1.473999977,6.610000134,-0.178000003,4.051000118,1.279000044,43.61770404044419
2016/8/1 19:00,11.98900032,1.674000025,7.853000164,0.0,4.172999859,1.279000044,37.56499863
2016/8/1 20:00,18.01799965,1.273000002,11.72700024,-1.243999958,6.395999908,1.462000012,46.95205584162764
2016/8/1 21:00,19.29000092,1.541000009,13.46800041,-1.031000018,6.456999779,1.462000012,35.31399918
2016/8/1 22:00,18.5529995,1.674000025,13.11200047,-0.425999999,5.544000149,1.371000051,35.52500153
2016/8/1 23:00,19.95999908,3.88499999,14.99600029,1.101999998,5.361000061,1.432000041,36.15800095
2016/8/2 0:00,22.30400085,3.214999914,15.13799953,0.354999989,7.218999863,1.980000019,51.40587991140698
2016/8/2 1:00,20.83099937,3.684000015,14.35599995,0.711000025,6.671000004,1.70599997,42.50267569180695
2016/8/2 2:00,21.29999924,3.88499999,14.56900024,0.816999972,6.395999908,1.644999981,35.9469986
2016/8/2 3:00,19.29000092,4.956999779,13.36100006,1.99000001,6.214000225,1.76699996,36.08800125
2016/8/2 4:00,19.0890007,5.022999763,13.46800041,2.381000042,5.725999832,1.613999963,35.59600067
2016/8/2 5:00,18.41900063,5.157000065,12.97000027,2.131999969,5.664999962,1.735999942,52.33248757515114
2016/8/2 6:00,16.61100006,4.354000092,11.05099964,1.279000044,5.725999832,1.76699996,34.18899918000001
2016/8/2 7:00,16.07500076,4.554999828,11.22900009,2.273999929,4.903999805,1.70599997,49.44668295995643
2016/8/2 8:00,13.26200008,4.21999979,10.19900036,2.203000069,3.289999962,1.552999973,47.50398947165233
2016/8/2 9:00,12.6590004,2.411000013,9.168000221,0.425999999,3.441999912,1.371000051,36.50999832
2016/8/2 10:00,13.4630003,3.214999914,9.380999565,0.958999991,4.386000156,1.523000002,37.2140007
2016/8/2 11:00,14.2670002,2.411000013,9.487999916,0.319999993,4.782000065,1.432000041,38.97200011999999
2016/8/2 12:00,14.80300045,2.411000013,9.843000412,0.532999992,4.873000145,1.309999943,38.90200043
2016/8/2 13:00,14.46800041,2.210000038,9.843000412,0.603999972,4.751999855,1.309999943,54.17102401648251
2016/8/2 14:00,12.05599976,1.473999977,7.994999886,-0.213,4.172999859,1.340000033,38.97200012
2016/8/2 15:00,11.18599987,2.545000076,7.390999794,0.284000009,3.71600008,1.371000051,36.65100098
2016/8/2 16:00,10.44900036,1.875,6.894000053,0.178000003,3.806999922,1.309999943,36.43999863
2016/8/2 17:00,10.98499966,2.210000038,6.894000053,0.354999989,3.563999891,1.248999953,28.47244218073261
2016/8/2 18:00,8.640000343,1.541000009,5.68599987,0.035999998,2.984999895,1.156999946,33.55599976
2016/8/2 19:00,9.51099968,0.80400002,6.361000061,-0.319999993,3.167999983,0.883000016,34.8219986
2016/8/2 20:00,12.99400043,1.541000009,8.56400013,0.0,4.568999767,1.036000013,22.436303373808364
2016/8/2 21:00,11.5880003,0.736999989,7.355999947,-0.782000005,4.142000198,1.126999974,39.727588484259506
2016/8/2 22:00,12.6590004,2.009000063,8.635000229,0.462000012,3.625,1.036000013,34.75099945
2016/8/2 23:00,15.00399971,3.013999939,11.58399963,1.172999978,3.319999933,1.004999995,33.34400177
2016/8/3 0:00,14.66899967,3.549999952,11.97500038,1.598999977,2.924000025,0.944000006,47.50644263239705
2016/8/3 1:00,13.79800034,3.148000002,10.6960001,1.421000004,2.740999937,0.975000024,63.74521854093676
2016/8/3 2:00,9.578000069,1.20599997,7.284999847,0.354999989,2.315000057,0.975000024,47.090025247476916
2016/8/3 3:00,9.376999855,0.938000023,7.177999973,0.0,2.131999969,0.731000006,12.925484240970244
2016/8/3 4:00,9.578000069,1.340000033,7.568999767,0.142000005,2.131999969,0.822000027,31.61663853034776
2016/8/3 5:00,8.371999741,0.268000007,6.289999962,-0.958999991,2.223999977,0.760999978,32.5
2016/8/3 6:00,9.913000107,0.670000017,7.143000126,-0.569000006,2.650000095,0.822000027,32.64099884
2016/8/3 7:00,9.779000282,1.807999969,7.427000046,0.248999998,2.315000057,0.822000027,35.24056995212558
2016/8/3 8:00,6.631000042,0.536000013,4.051000118,-1.136999965,2.437000036,1.036000013,30.38999939
2016/8/3 9:00,6.96600008,1.20599997,4.65500021,-0.142000005,2.772000074,1.097000003,3.480579387175539
2016/8/3 10:00,4.622000217,-0.40200001,1.953999996,-2.096999884,2.680000067,1.004999995,28.49099922
2016/8/3 11:00,3.013999939,1.004999995,0.0,0.0,2.954999924,0.913999975,28.9829998
2016/8/3 12:00,2.27699995,1.004999995,0.0,0.0,2.375999928,0.913999975,30.88199997
2016/8/3 13:00,2.411000013,0.938000023,0.0,0.0,2.467000008,0.852999985,30.7013188903561
2016/8/3 14:00,2.545000076,0.938000023,0.0,0.0,2.497999907,0.883000016,31.93799973
2016/8/3 15:00,2.27699995,0.938000023,0.0,-0.071000002,2.437000036,0.944000006,31.937999729999998
2016/8/3 16:00,5.357999802,2.344000101,2.948999882,1.350000024,2.375999928,0.852999985,44.441183784575564
2016/8/3 17:00,8.640000343,3.750999928,5.650000095,2.381000042,3.046000004,1.097000003,34.32899857
2016/8/3 18:00,8.43900013,4.287000179,5.366000175,2.559000015,2.954999924,0.883000016,51.99089821821773
2016/8/3 19:00,8.171999931,3.348999977,5.543000221,2.381000042,2.618999958,0.731000006,51.92833244553117
2016/8/3 20:00,10.64999962,3.951999903,7.249000072,2.700999975,3.411000013,0.760999978,32.36000061
2016/8/3 21:00,9.243000031,3.148000002,6.573999882,1.953999996,2.954999924,0.760999978,9.375251168006566
2016/8/3 22:00,8.706999779,4.085999966,6.183000088,2.700999975,2.375999928,0.731000006,57.437570933274365
2016/8/3 23:00,8.572999954,4.956999779,7.106999874,3.802000046,2.467000008,0.852999985,31.44499969
2016/8/4 0:00,9.444000244,4.622000217,6.928999901,2.736000061,1.91900003,0.700999975,31.86700058
2016/8/4 1:00,9.041999817,4.68900013,7.035999775,3.055999994,2.163000107,0.760999978,6.798621202169243
2016/8/4 2:00,8.43900013,3.750999928,6.361000061,3.411000013,1.949000001,0.822000027,14.674026997607832
2016/8/4 3:00,8.23900032,4.354000092,6.289999962,3.019999981,1.980000019,0.852999985,32.36000061
2016/8/4 4:00,7.903999805,3.951999903,5.366000175,2.309999943,1.70599997,1.004999995,26.598174867512324
2016/8/4 5:00,8.305999756,4.019000053,5.756999969,2.309999943,2.253999949,0.852999985,30.95299911
2016/8/4 6:00,8.774000168,4.287000179,6.644999981,2.594000101,2.650000095,0.852999985,31.93799973
2016/8/4 7:00,8.640000343,4.68900013,5.721000195,3.482000113,2.467000008,1.004999995,24.378404858049745
2016/8/4 8:00,8.706999779,4.822999954,6.040999889,3.588999987,2.467000008,0.944000006,32.07799911
2016/8/4 9:00,9.109000206,4.21999979,6.254000187,2.772000074,2.223999977,0.913999975,28.099068578718565
2016/8/4 10:00,10.85099983,4.622000217,7.960000038,3.197999954,2.862999916,0.883000016,10.953155508494685
2016/8/4 11:00,8.907999992,4.21999979,5.614999771,2.061000109,3.594000101,1.126999974,35.03300095
2016/8/4 12:00,8.23900032,3.48300004,5.650000095,2.239000082,2.710999966,1.004999995,47.35762962168185
2016/8/4 13:00,8.104999542,3.750999928,5.899000168,2.309999943,2.315000057,0.822000027,27.65092448297105
2016/8/4 14:00,7.434999943,3.282000065,5.578999996,2.486999989,2.253999949,0.883000016,31.233999249999997
2016/8/4 15:00,8.104999542,3.951999903,5.721000195,2.594000101,2.405999899,0.913999975,49.421505432072166
2016/8/4 16:00,7.636000156,3.951999903,5.046000004,2.736000061,2.315000057,0.944000006,34.75099945
2016/8/4 17:00,8.305999756,3.951999903,5.721000195,2.664999962,2.559000015,0.913999975,35.59600067
2016/8/4 18:00,8.23900032,3.88499999,5.472000122,2.559000015,2.862999916,1.126999974,36.29899979
2016/8/4 19:00,8.104999542,3.684000015,5.223999977,2.381000042,2.772000074,1.004999995,35.59600067
2016/8/4 20:00,10.91800022,3.684000015,7.461999893,2.345000029,3.563999891,0.883000016,33.06299973
2016/8/4 21:00,9.979999542,3.951999903,6.538000107,2.345000029,3.349999905,1.004999995,32.64099884
2016/8/4 22:00,10.7840004,4.085999966,8.137999535,2.948999882,2.832999945,0.975000024,69.4944563462368
2016/8/4 23:00,12.52499962,6.09499979,10.8380003,4.300000191,2.497999907,0.944000006,34.69742324401345
2016/8/5 0:00,13.79800034,6.027999878,11.86900043,4.690999985,2.131999969,0.822000027,42.83321455250959
2016/8/5 1:00,11.65499973,5.492000103,9.630000114,3.76699996,2.101999998,0.822000027,39.438486983141864
2016/8/5 2:00,13.86499977,6.09499979,11.01599979,4.903999805,2.040999889,0.852999985,44.05196899688849
2016/8/5 3:00,11.45400047,5.625999928,9.843000412,3.980000019,2.071000099,0.852999985,33.76699829
2016/8/5 4:00,13.39599991,6.027999878,10.8739996,4.300000191,2.00999999,0.852999985,54.47538191601306
2016/8/5 5:00,12.12300014,5.625999928,9.737000465,3.980000019,2.223999977,0.852999985,33.48500061
2016/8/5 6:00,14.2670002,6.027999878,12.11699963,4.441999912,2.437000036,0.760999978,33.69599914999999
2016/8/5 7:00,13.4630003,6.96600008,11.19400024,4.833000183,2.618999958,1.156999946,48.45521895567269
2016/8/5 8:00,10.85099983,5.894000053,8.208999634,4.263999939,2.650000095,1.340000033,35.666000370000006
2016/8/5 9:00,9.979999542,5.157000065,7.249000072,3.375999928,2.954999924,1.523000002,34.11800003
2016/8/5 10:00,11.11900043,4.756000042,7.427000046,3.197999954,3.319999933,1.401000023,34.04800034
2016/8/5 11:00,10.98499966,5.223999977,7.214000225,3.411000013,3.441999912,1.371000051,35.24399948
2016/8/5 12:00,8.23900032,3.818000078,5.791999817,2.630000114,2.772000074,1.036000013,35.59600067
2016/8/5 13:00,9.041999817,4.487999916,6.324999809,2.273999929,2.862999916,1.004999995,34.11800003
2016/8/5 14:00,8.907999992,4.554999828,6.254000187,2.842999935,2.437000036,1.036000013,33.55599976
2016/8/5 15:00,9.041999817,3.818000078,6.005000114,2.203000069,2.315000057,1.065999985,35.38499832
2016/8/5 16:00,8.43900013,4.019000053,5.791999817,2.630000114,2.588999987,1.097000003,35.80699921
2016/8/5 17:00,9.243000031,4.085999966,6.040999889,2.842999935,3.046000004,1.279000044,34.54000092
2016/8/5 18:00,8.23900032,3.750999928,5.436999798,2.772000074,2.802000046,1.248999953,28.99616802681299
2016/8/5 19:00,8.038000107,3.415999889,5.401000023,2.239000082,2.588999987,0.852999985,34.32899857
2016/8/5 20:00,10.51599979,3.549999952,7.214000225,2.381000042,3.229000092,0.791999996,33.20399857
2016/8/5 21:00,9.376999855,3.617000103,6.43200016,2.451999903,2.924000025,0.822000027,23.111857741030757
2016/8/5 22:00,11.25300026,5.157000065,8.38599968,3.660000086,2.710999966,0.913999975,47.03565824420745
2016/8/5 23:00,12.52499962,5.559000015,9.593999863,3.411000013,2.437000036,1.156999946,29.28233000771371
2016/8/6 0:00,14.60200024,5.760000229,9.31000042,3.588999987,4.873000145,1.491999984,32.85200119
2016/8/6 1:00,13.4630003,6.362999916,9.593999863,3.90899992,4.477000237,1.432000041,32.99300003
2016/8/6 2:00,13.39599991,5.960999966,9.87899971,4.19299984,4.203000069,1.371000051,48.54013770033018
2016/8/6 3:00,13.06099987,5.894000053,9.026000023,3.838000059,4.234000206,1.340000033,33.8370018
2016/8/6 4:00,13.12800026,6.296000004,8.989999771,3.447000027,4.234000206,1.491999984,33.9070015
2016/8/6 5:00,13.93200016,6.296000004,9.416999817,3.411000013,4.507999897,1.401000023,33.62599945
2016/8/6 6:00,13.79800034,6.229000092,9.23900032,3.233999968,4.873000145,1.340000033,33.48500061
2016/8/6 7:00,12.52499962,6.027999878,7.461999893,3.197999954,4.659999847,1.552999973,28.451079321485825
2016/8/6 8:00,9.243000031,5.492000103,6.751999855,3.233999968,2.467000008,1.036000013,37.776000980000006
2016/8/6 9:00,9.711999893,5.357999802,7.320000172,3.305000067,2.467000008,1.065999985,38.3390007
2016/8/6 10:00,11.38700008,4.756000042,7.676000118,3.233999968,3.015000105,1.065999985,38.62099838
2016/8/6 11:00,11.5880003,4.822999954,7.568999767,3.055999994,3.289999962,1.036000013,40.10083736746625
2016/8/6 12:00,10.04699993,4.487999916,6.822999954,3.055999994,2.924000025,1.036000013,37.63600159
2016/8/6 13:00,10.11400032,4.622000217,7.604000092,2.700999975,3.167999983,0.975000024,39.53499985
2016/8/6 14:00,9.913000107,4.085999966,7.461999893,2.664999962,2.894000053,1.036000013,49.562598333875286
2016/8/6 15:00,9.645000458,4.554999828,7.071000099,2.984999895,3.167999983,1.156999946,5.018063431267265
2016/8/6 16:00,9.779000282,4.68900013,6.681000233,3.019999981,3.229000092,1.156999946,20.399294096975353
2016/8/6 17:00,10.04699993,4.554999828,6.751999855,2.772000074,3.289999962,1.218000054,25.51948975557521
2016/8/6 18:00,9.645000458,4.421000004,6.502999783,2.806999922,3.107000113,1.126999974,37.63600159
2016/8/6 19:00,9.913000107,3.88499999,6.538000107,2.381000042,3.289999962,1.126999974,35.9050433716758
2016/8/6 20:00,13.86499977,4.554999828,9.23900032,2.664999962,4.690999985,1.065999985,40.50875500237973
2016/8/6 21:00,12.32400036,4.287000179,8.279999733,2.345000029,4.051000118,1.097000003,34.61100006
2016/8/6 22:00,12.25699997,4.956999779,8.883999825,3.055999994,3.381000042,1.004999995,34.18899918
2016/8/6 23:00,12.05599976,5.357999802,9.026000023,3.696000099,3.167999983,1.065999985,24.06126784188473
2016/8/7 0:00,11.98900032,5.559000015,9.345999718,3.625,2.772000074,0.944000006,33.69599915
2016/8/7 1:00,11.38700008,5.357999802,9.204000473,3.625,2.497999907,0.852999985,34.47000122
2016/8/7 2:00,10.85099983,5.492000103,9.026000023,3.944000006,2.223999977,0.852999985,34.18899918
2016/8/7 3:00,9.243000031,5.090000153,7.143000126,3.339999914,2.163000107,0.822000027,11.168728519745343
2016/8/7 4:00,9.645000458,4.889999866,7.071000099,3.375999928,2.101999998,1.156999946,44.194913359325746
2016/8/7 5:00,9.175999641,4.287000179,7.035999775,3.305000067,2.345000029,0.822000027,43.92404056726458
2016/8/7 6:00,10.44900036,5.223999977,8.706000328,3.625,2.253999949,0.670000017,32.993000030000005
2016/8/7 7:00,10.98499966,5.625999928,8.670999527,3.980000019,2.28399992,0.852999985,53.229604090599445
2016/8/7 8:00,8.305999756,5.357999802,6.610000134,4.086999893,2.223999977,0.913999975,0.8834963504309219
2016/8/7 9:00,9.913000107,4.756000042,7.143000126,3.482000113,2.894000053,1.187999964,8.853035565908804
2016/8/7 10:00,11.05200005,5.022999763,7.710999966,3.092000008,3.137000084,1.126999974,24.969122450053607
2016/8/7 11:00,11.45400047,5.492000103,7.81799984,3.019999981,3.686000109,1.097000003,37.23217294175788
2016/8/7 12:00,11.05200005,4.152999878,7.106999874,2.948999882,3.503000021,1.156999946,54.04735182207716
2016/8/7 13:00,11.98900032,5.022999763,7.888999939,3.447000027,3.838000059,1.065999985,34.8219986
2016/8/7 14:00,11.72099972,5.090000153,8.173000336,3.163000107,3.77699995,1.218000054,35.8769989
2016/8/7 15:00,11.92199993,5.492000103,8.244000435,3.305000067,3.532999992,1.218000054,36.50999832
2016/8/7 16:00,10.64999962,4.756000042,6.822999954,3.197999954,3.381000042,1.156999946,36.86199951
2016/8/7 17:00,10.91800022,4.622000217,7.177999973,3.092000008,3.898999929,1.248999953,39.84283775112783
2016/8/7 18:00,9.979999542,4.487999916,6.502999783,2.806999922,3.71600008,1.065999985,27.84045511489028
2016/8/7 19:00,10.7840004,4.085999966,7.071000099,2.559000015,3.71600008,1.036000013,36.72100067
2016/8/7 20:00,15.40499973,5.223999977,10.12699986,3.339999914,5.390999794,1.309999943,34.18899918
2016/8/7 21:00,14.2670002,5.090000153,9.274999619,3.411000013,4.903999805,1.187999964,34.89199829
2016/8/7 22:00,13.19499969,5.69299984,9.168000221,3.625,4.142000198,1.156999946,34.18899918
2016/8/7 23:00,14.86999989,6.229000092,11.33600044,4.229000092,3.563999891,1.036000013,29.080127505214545
2016/8/8 0:00,15.47200012,4.822999954,12.04599953,3.305000067,3.197999954,1.004999995,33.55599976
2016/8/8 1:00,14.40100002,6.631000042,11.72700024,4.690999985,2.984999895,1.036000013,6.949095574679979
2016/8/8 2:00,12.6590004,6.162000179,10.4829998,4.157999992,2.740999937,1.004999995,33.48500061
2016/8/8 3:00,12.59200001,5.960999966,9.913999557,4.051000118,2.528000116,0.944000006,33.27399826
2016/8/8 4:00,12.72599983,6.229000092,10.05599976,4.122000217,2.497999907,0.913999975,16.006877209822605
2016/8/8 5:00,13.39599991,5.559000015,10.58899975,4.725999832,2.497999907,0.852999985,32.64099884
2016/8/8 6:00,13.26200008,5.894000053,10.4829998,4.513000011,2.710999966,1.036000013,23.089045862507987
2016/8/8 7:00,11.65499973,5.827000141,9.204000473,4.086999893,2.984999895,1.248999953,33.41500092
2016/8/8 8:00,10.24800014,5.223999977,7.143000126,3.233999968,2.680000067,1.126999974,33.20399857
2016/8/8 9:00,9.645000458,4.622000217,6.502999783,3.019999981,2.862999916,1.156999946,59.52074132972338
2016/8/8 10:00,11.92199993,5.625999928,7.747000217,3.305000067,3.503000021,1.309999943,34.04800034
2016/8/8 11:00,12.12300014,5.559000015,8.173000336,3.588999987,3.654999971,1.218000054,61.732115443399984
2016/8/8 12:00,11.45400047,4.554999828,8.137999535,2.878000021,3.503000021,1.218000054,15.007576520078558
2016/8/8 13:00,12.18999958,4.354000092,7.853000164,2.700999975,3.625,1.065999985,33.97800064
2016/8/8 14:00,11.78800011,5.492000103,8.279999733,3.411000013,3.503000021,1.218000054,35.31399918
2016/8/8 15:00,12.05599976,5.625999928,8.38599968,3.482000113,3.654999971,1.156999946,47.64441009208966
2016/8/8 16:00,11.31999969,5.492000103,7.747000217,3.802000046,3.686000109,1.218000054,38.19800186
2016/8/8 17:00,11.18599987,5.357999802,7.498000145,3.339999914,3.654999971,1.309999943,36.43999863
2016/8/8 18:00,10.31499958,4.756000042,6.71600008,2.984999895,3.625,1.309999943,14.084215451545775
2016/8/8 19:00,11.45400047,4.622000217,7.604000092,2.914000034,3.838000059,1.126999974,36.50999832
2016/8/8 20:00,16.6779995,3.951999903,10.80300045,1.598999977,5.725999832,1.552999973,35.59600067
2016/8/8 21:00,17.01300049,5.625999928,11.76200008,3.197999954,5.300000191,1.309999943,53.9037447803994
2016/8/8 22:00,18.21899986,5.559000015,13.71700001,3.127000093,4.568999767,1.248999953,34.89199829
2016/8/8 23:00,17.81699944,5.090000153,13.36100006,2.984999895,4.081999779,1.218000054,32.6017641111492
2016/8/9 0:00,20.62999916,6.296000004,14.28499985,3.305000067,6.183000088,1.735999942,46.09473111988129
2016/8/9 1:00,19.55800056,5.760000229,13.50300026,3.019999981,5.664999962,1.674999952,36.44220687466202
2016/8/9 2:00,19.22299957,5.827000141,13.57400036,3.019999981,5.300000191,1.613999963,17.18715754977495
2016/8/9 3:00,17.95100021,8.23900032,12.43700027,4.762000084,5.300000191,1.613999963,33.41500092
2016/8/9 4:00,17.81699944,7.434999943,12.26000023,4.833000183,5.026000023,1.613999963,32.244153708094984
2016/8/9 5:00,18.01799965,8.038000107,12.40200043,4.65500021,4.934000015,1.523000002,32.21900177
2016/8/9 6:00,18.88800049,6.362999916,12.86400032,3.552999973,5.513000011,1.735999942,37.22404567230661
2016/8/9 7:00,18.21899986,6.429999828,12.26000023,3.127000093,5.361000061,1.827999949,48.73606953541254
2016/8/9 8:00,13.4630003,5.223999977,10.66100025,3.447000027,3.197999954,1.371000051,25.405703049067448
2016/8/9 9:00,11.38700008,5.223999977,8.031000137,3.375999928,2.894000053,1.340000033,34.04800034
2016/8/9 10:00,12.52499962,6.027999878,8.670999527,4.051000118,3.471999884,1.401000023,11.55514816966151
2016/8/9 11:00,11.92199993,5.827000141,8.208999634,2.984999895,3.838000059,1.340000033,33.34400177
2016/8/9 12:00,12.12300014,5.223999977,8.031000137,3.163000107,3.71600008,1.218000054,9.52000823258706
2016/8/9 13:00,12.92700005,4.956999779,8.244000435,3.092000008,4.081999779,1.279000044,34.18899918
2016/8/9 14:00,12.12300014,5.559000015,8.350999832,3.588999987,4.051000118,1.371000051,35.59600067
2016/8/9 15:00,11.45400047,5.559000015,7.853000164,3.055999994,3.441999912,1.279000044,35.59600067
2016/8/9 16:00,11.25300026,5.357999802,7.568999767,3.375999928,3.532999992,1.279000044,36.58000183
2016/8/9 17:00,10.91800022,5.157000065,7.568999767,3.375999928,3.381000042,1.340000033,29.491084157469896
2016/8/9 18:00,10.11400032,4.554999828,6.822999954,2.878000021,3.471999884,1.248999953,36.22900009
2016/8/9 19:00,10.31499958,4.354000092,6.787000179,2.772000074,3.532999992,1.126999974,11.693162695846588
2016/8/9 20:00,14.06599998,4.554999828,9.097000122,2.700999975,5.056000233,1.218000054,31.514999389999996
2016/8/9 21:00,14.13300037,5.022999763,10.66100025,3.411000013,4.477000237,1.097000003,40.65415053797994
2016/8/9 22:00,15.8739996,6.09499979,11.69099998,4.370999813,3.928999901,1.065999985,22.74842283542144
2016/8/9 23:00,15.3380003,6.09499979,11.30000019,3.90899992,3.654999971,1.097000003,32.14899826
2016/8/10 0:00,17.88400078,7.703000069,14.03600025,4.903999805,3.289999962,1.065999985,33.018099507268225
2016/8/10 1:00,16.54400063,6.497000217,13.07699966,4.762000084,2.832999945,0.913999975,34.335616685672754
2016/8/10 2:00,16.40999985,6.56400013,13.21899986,5.258999825,2.710999966,0.944000006,54.06245083423393
2016/8/10 3:00,14.80300045,7.032999992,12.72200012,4.974999905,2.618999958,1.004999995,62.81606759139801
2016/8/10 4:00,14.66899967,6.831999779,12.01099968,4.65500021,2.559000015,0.975000024,30.319999689999996
2016/8/10 5:00,14.93700027,6.429999828,12.57900047,4.833000183,2.802000046,1.004999995,12.455384813724047
2016/8/10 6:00,16.94599915,6.497000217,13.00599957,4.93900013,3.015000105,1.065999985,37.0625928346613
2016/8/10 7:00,15.53899956,7.636000156,12.93500042,5.329999924,2.924000025,1.248999953,31.02300072
2016/8/10 8:00,14.19999981,7.099999905,10.66100025,4.796999931,3.319999933,1.340000033,32.5
2016/8/10 9:00,11.65499973,3.684000015,8.244000435,1.70599997,3.563999891,1.462000012,32.36000061
2016/8/10 10:00,11.72099972,5.022999763,7.994999886,3.269000053,4.020999908,1.432000041,22.649607168391753
2016/8/10 11:00,12.6590004,5.223999977,8.065999985,3.127000093,4.142000198,1.462000012,26.47506839143354
2016/8/10 12:00,11.72099972,4.554999828,7.888999939,2.914000034,4.081999779,1.432000041,33.34400177
2016/8/10 13:00,13.39599991,5.357999802,8.208999634,2.842999935,4.324999809,1.371000051,33.8370018
2016/8/10 14:00,13.06099987,5.69299984,8.56400013,3.872999907,4.142000198,1.309999943,42.26211283325312
2016/8/10 15:00,12.25699997,4.956999779,8.279999733,3.127000093,3.868000031,1.279000044,35.59600067
2016/8/10 16:00,11.92199993,5.625999928,7.853000164,3.552999973,3.868000031,1.523000002,35.10300064
2016/8/10 17:00,11.5880003,5.492000103,7.710999966,3.802000046,3.99000001,1.552999973,28.057954424601967
2016/8/10 18:00,10.7840004,4.889999866,6.894000053,2.878000021,3.99000001,1.432000041,32.43000031
2016/8/10 19:00,11.85499954,4.487999916,7.747000217,2.700999975,4.203000069,1.218000054,26.29943748879985
2016/8/10 20:00,17.01300049,3.818000078,10.9090004,1.56400001,6.122000217,1.340000033,36.537839449762416
2016/8/10 21:00,15.80700016,4.287000179,10.3760004,1.812000036,5.544000149,1.309999943,33.97904979647838
2016/8/10 22:00,15.3380003,4.354000092,10.7670002,2.167999983,4.598999977,1.097000003,16.73148981224606
2016/8/10 23:00,15.20400047,4.956999779,10.02099991,2.239000082,4.598999977,1.340000033,27.27145990938216
2016/8/11 0:00,16.54400063,7.234000206,10.16300011,4.300000191,6.518000126,1.797000051,21.73135169512454
2016/8/11 1:00,14.66899967,6.362999916,8.989999771,4.157999992,6.031000137,1.644999981,0.9515380366261179
2016/8/11 2:00,14.86999989,6.56400013,8.38599968,4.370999813,5.81799984,1.70599997,11.341412217307951
2016/8/11 3:00,14.93700027,6.96600008,8.954999924,4.690999985,5.664999962,1.797000051,18.418629420414113
2016/8/11 4:00,14.46800041,7.301000118,8.350999832,4.300000191,5.513000011,1.76699996,36.4331310343995
2016/8/11 5:00,13.06099987,6.631000042,7.853000164,3.872999907,5.421999931,1.583999991,44.759288629969724
2016/8/11 6:00,14.60200024,5.960999966,8.812999725,4.122000217,5.482999802,1.735999942,28.35000038
2016/8/11 7:00,10.04699993,5.357999802,6.894000053,3.838000059,3.167999983,1.432000041,12.852550119514147
2016/8/11 8:00,11.25300026,6.229000092,7.782000065,3.696000099,3.289999962,1.491999984,-3.1598107056375273
2016/8/11 9:00,11.38700008,5.157000065,8.031000137,3.517999887,3.532999992,1.432000041,30.17900085
2016/8/11 10:00,12.72599983,5.960999966,8.635000229,3.305000067,3.99000001,1.462000012,3.3782494296706616
2016/8/11 11:00,13.86499977,4.019000053,8.883999825,1.953999996,4.538000107,1.401000023,25.278172571227962
2016/8/11 12:00,13.73099995,4.956999779,8.847999573,3.339999914,4.538000107,1.340000033,56.175499931614006
2016/8/11 13:00,14.73600006,5.69299984,9.31000042,2.878000021,5.208000183,1.462000012,39.25893384384649
2016/8/11 14:00,14.53499985,6.09499979,9.097000122,3.269000053,4.751999855,1.401000023,32.99300003
2016/8/11 15:00,13.26200008,5.425000191,9.06099987,3.197999954,4.507999897,1.432000041,16.645033597302728
2016/8/11 16:00,12.45800018,5.492000103,8.38599968,3.76699996,4.172999859,1.279000044,41.593583850093275
2016/8/11 17:00,11.45400047,5.022999763,7.284999847,3.019999981,4.263999939,1.462000012,34.595611209257385
2016/8/11 18:00,6.631000042,2.210000038,2.486999989,0.675000012,4.111999989,1.371000051,32.0964560471187
2016/8/11 19:00,10.24800014,3.617000103,6.183000088,2.061000109,4.111999989,1.097000003,40.27218914089251
2016/8/11 20:00,17.48200035,4.085999966,11.30000019,2.061000109,6.06099987,1.432000041,30.74200058
2016/8/11 21:00,17.14699936,4.487999916,11.05099964,2.096999884,5.756999969,1.340000033,22.261385964354343
2016/8/11 22:00,17.95100021,5.625999928,13.04100037,2.984999895,5.177999973,1.340000033,30.60099983
2016/8/11 23:00,17.48200035,6.162000179,12.97000027,3.980000019,4.690999985,1.432000041,30.17900085
2016/8/12 0:00,18.15200043,5.357999802,13.82299995,3.482000113,4.203000069,1.279000044,30.53100014
2016/8/12 1:00,16.94599915,6.027999878,13.18299961,3.233999968,3.928999901,1.218000054,30.03800011
2016/8/12 2:00,16.61100006,5.760000229,13.32600021,3.269000053,3.503000021,1.097000003,35.71209828240604
2016/8/12 3:00,15.40499973,6.831999779,12.36600018,4.796999931,2.954999924,1.065999985,28.9829998
2016/8/12 4:00,14.73600006,7.099999905,11.90400028,4.93900013,2.984999895,1.065999985,28.771999360000002
2016/8/12 5:00,13.66399956,5.960999966,10.44699955,3.90899992,2.772000074,0.944000006,22.512800590934052
2016/8/12 6:00,12.99400043,5.894000053,10.3409996,3.90899992,2.772000074,1.004999995,26.130528949315433
2016/8/12 7:00,13.06099987,6.229000092,10.12699986,4.19299984,2.954999924,1.218000054,39.91442674889752
2016/8/12 8:00,12.92700005,6.697999954,9.487999916,3.90899992,3.197999954,1.491999984,29.89699936
2016/8/12 9:00,11.72099972,5.69299984,8.065999985,5.117000103,3.441999912,1.583999991,9.005022736227488
2016/8/12 10:00,13.59700012,6.027999878,8.989999771,3.76699996,3.928999901,1.552999973,48.19062016728213
2016/8/12 11:00,13.66399956,6.296000004,9.097000122,3.375999928,4.263999939,1.371000051,31.02300072
2016/8/12 12:00,13.52999973,5.357999802,9.131999969,3.092000008,4.447000027,1.371000051,31.02300072
2016/8/12 13:00,14.60200024,5.559000015,9.772000313,3.447000027,4.813000202,1.309999943,33.185180773716944
2016/8/12 14:00,14.19999981,5.625999928,9.131999969,3.019999981,4.477000237,1.340000033,33.8370018
2016/8/12 15:00,13.9989996,4.956999779,8.989999771,3.163000107,4.081999779,1.309999943,36.93041888766375
2016/8/12 16:00,12.6590004,4.889999866,8.635000229,2.948999882,4.020999908,1.371000051,35.38499832
2016/8/12 17:00,12.85999966,5.090000153,8.421999931,2.948999882,4.203000069,1.432000041,30.99262829749148
2016/8/12 18:00,11.72099972,5.090000153,7.461999893,3.055999994,4.203000069,1.491999984,39.934365948498375
2016/8/12 19:00,12.39099979,4.889999866,8.065999985,3.055999994,4.324999809,1.279000044,19.43253176657593
2016/8/12 20:00,18.01799965,4.085999966,11.65499973,1.77699995,6.395999908,1.401000023,31.58600044
2016/8/12 21:00,17.81699944,3.549999952,11.19400024,0.852999985,6.275000095,1.462000012,46.463332919601704
2016/8/12 22:00,21.43400002,6.96600008,15.63500023,4.441999912,5.635000229,1.309999943,31.51499939
2016/8/12 23:00,19.89299965,5.827000141,14.67599964,3.233999968,5.056000233,1.309999943,54.136627861953755
2016/8/13 0:00,20.96500015,5.960999966,14.67599964,3.127000093,6.578999996,1.674999952,40.922329770689245
2016/8/13 1:00,20.76399994,6.56400013,14.21399975,3.055999994,6.366000175,1.644999981,30.74200058
2016/8/13 2:00,18.21899986,4.68900013,12.33100033,2.203000069,5.879000187,1.552999973,34.54312817257199
2016/8/13 3:00,18.62000084,6.09499979,13.11200047,3.305000067,5.787000179,1.613999963,30.60099983
2016/8/13 4:00,18.88800049,5.492000103,12.82800007,2.700999975,5.635000229,1.85800004,29.968000409999995
2016/8/13 5:00,16.40999985,5.022999763,11.33600044,2.594000101,5.361000061,1.613999963,29.54599953
2016/8/13 6:00,15.47200012,4.152999878,9.701000214,1.598999977,5.664999962,1.70599997,21.297236082746547
2016/8/13 7:00,15.40499973,5.559000015,9.666000366,2.415999889,5.573999882,1.949000001,49.2947259785795
2016/8/13 8:00,14.19999981,5.223999977,10.51799965,2.914000034,3.259000063,1.552999973,30.81200027
2016/8/13 9:00,12.18999958,4.085999966,8.38599968,4.086999893,3.686000109,1.523000002,31.23399925
2016/8/13 10:00,13.86499977,6.229000092,9.131999969,3.980000019,4.234000206,1.371000051,31.720449395946805
2016/8/13 11:00,14.73600006,6.229000092,9.274999619,3.625,4.873000145,1.401000023,32.43000031
2016/8/13 12:00,14.73600006,5.827000141,9.737000465,3.802000046,4.751999855,1.279000044,21.129779598452266
2016/8/13 13:00,15.13700008,5.894000053,10.19900036,3.838000059,5.269000053,1.432000041,71.97722265123633
2016/8/13 14:00,15.27099991,6.162000179,9.913999557,3.517999887,5.177999973,1.552999973,34.89199829
2016/8/13 15:00,14.93700027,5.492000103,9.559000015,3.197999954,4.690999985,1.371000051,60.93856331612962
2016/8/13 16:00,13.19499969,5.290999889,8.777000427,3.233999968,4.447000027,1.218000054,36.65100098
2016/8/13 17:00,13.06099987,5.357999802,8.741999626,3.305000067,4.416999817,1.340000033,34.985922604351
2016/8/13 18:00,12.79300022,5.090000153,8.279999733,3.339999914,4.598999977,1.491999984,27.408342466212975
2016/8/13 19:00,13.86499977,5.69299984,9.416999817,3.552999973,4.965000153,1.340000033,53.20626355312093
2016/8/13 20:00,19.89299965,6.96600008,12.61499977,4.086999893,7.188000202,1.644999981,19.945685439280275
2016/8/13 21:00,18.95499992,7.434999943,11.97500038,4.263999939,6.945000172,1.583999991,32.64099884
2016/8/13 22:00,19.35700035,5.223999977,12.93500042,2.239000082,6.0,1.491999984,32.5
2016/8/13 23:00,18.08499908,4.21999979,12.50800037,2.451999903,5.604000092,1.462000012,30.011150638473552
2016/8/14 0:00,18.01799965,5.827000141,13.53899956,2.948999882,4.721000195,1.187999964,30.535673152460735
2016/8/14 1:00,19.15600014,5.960999966,14.92500019,3.696000099,4.324999809,1.187999964,57.53618756295887
2016/8/14 2:00,17.54899979,5.827000141,13.32600021,3.163000107,4.142000198,1.218000054,37.50961949716502
2016/8/14 3:00,16.00799942,7.434999943,12.04599953,5.578999996,3.746000051,1.156999946,30.38999939
2016/8/14 4:00,14.93700027,6.362999916,11.65499973,4.441999912,3.471999884,1.371000051,30.17900085
2016/8/14 5:00,14.06599998,5.559000015,10.6960001,3.588999987,3.471999884,1.156999946,29.61599922
2016/8/14 6:00,13.73099995,6.162000179,10.16300011,4.157999992,3.289999962,1.097000003,28.91300011
2016/8/14 7:00,13.9989996,7.099999905,10.09200001,4.335000038,3.137000084,1.309999943,22.11519544159914
2016/8/14 8:00,10.64999962,6.497000217,7.604000092,3.838000059,3.532999992,1.552999973,25.8486891894764
2016/8/14 9:00,11.98900032,6.229000092,8.065999985,3.872999907,3.654999971,1.523000002,31.16399956
2016/8/14 10:00,13.73099995,4.487999916,9.168000221,1.883000016,4.416999817,1.552999973,32.00799942
2016/8/14 11:00,14.46800041,4.152999878,9.701000214,1.812000036,4.965000153,1.491999984,32.57099915
2016/8/14 12:00,14.86999989,4.019000053,10.02099991,1.70599997,5.329999924,1.70599997,32.43000031
2016/8/14 13:00,16.47699928,4.152999878,10.44699955,1.491999984,5.696000099,1.523000002,34.940850952866114
2016/8/14 14:00,16.07500076,4.554999828,10.30500031,1.56400001,5.177999973,1.371000051,56.804626412236395
2016/8/14 15:00,15.27099991,4.487999916,9.737000465,1.56400001,4.782000065,1.371000051,35.8769989
2016/8/14 16:00,14.06599998,5.357999802,9.274999619,3.127000093,4.751999855,1.644999981,37.00299835
2016/8/14 17:00,13.59700012,5.894000053,8.847999573,3.872999907,4.690999985,1.432000041,40.804380722565895
2016/8/14 18:00,12.52499962,5.090000153,8.244000435,3.233999968,4.263999939,1.187999964,21.427750138091948
2016/8/14 19:00,13.66399956,5.492000103,8.989999771,3.482000113,4.630000114,1.340000033,33.06299973
2016/8/14 20:00,19.0890007,4.756000042,12.15299988,1.84800005,6.914000034,1.523000002,13.18103542968891
2016/8/14 21:00,18.35300064,4.085999966,11.72700024,1.56400001,6.671000004,1.491999984,32.7820015
2016/8/14 22:00,17.28100014,5.022999763,11.51299953,2.345000029,6.092000008,1.462000012,32.719615096290035
2016/8/14 23:00,16.40999985,4.622000217,11.12199974,2.273999929,5.361000061,1.371000051,28.516263421267748
2016/8/15 0:00,19.55800056,6.162000179,12.40200043,2.772000074,7.28000021,1.91900003,31.86700058
2016/8/15 1:00,17.54899979,5.894000053,11.19400024,2.806999922,6.671000004,1.76699996,57.023447851198064
2016/8/15 2:00,16.61100006,6.96600008,10.27000046,4.406000137,6.214000225,1.76699996,31.02300072
2016/8/15 3:00,15.67300034,7.099999905,9.913999557,4.300000191,5.725999832,1.674999952,38.50450776858618
2016/8/15 4:00,14.80300045,6.296000004,8.38599968,3.76699996,5.90899992,1.76699996,38.71564157722661
2016/8/15 5:00,16.07500076,6.96600008,9.559000015,4.300000191,5.84800005,1.76699996,29.82699966
2016/8/15 6:00,15.94099998,7.166999817,9.593999863,3.76699996,5.90899992,1.797000051,29.19400024
2016/8/15 7:00,15.13700008,7.769999981,8.954999924,4.300000191,5.84800005,2.131999969,23.734060050574776
2016/8/15 8:00,11.25300026,6.56400013,7.923999786,3.872999907,3.503000021,1.462000012,31.026711987437395
2016/8/15 9:00,11.92199993,6.697999954,8.527999878,3.944000006,3.411000013,1.371000051,31.375
2016/8/15 10:00,14.2670002,6.764999866,9.204000473,3.802000046,4.386000156,1.371000051,32.64099884
2016/8/15 11:00,14.66899967,6.56400013,9.451999664,3.980000019,4.721000195,1.309999943,40.546720260698194
2016/8/15 12:00,15.13700008,5.625999928,9.843000412,3.872999907,4.994999886,1.432000041,32.43000031
2016/8/15 13:00,16.27599907,4.487999916,11.15799999,1.99000001,5.269000053,1.432000041,33.34400177
2016/8/15 14:00,16.27599907,4.019000053,11.22900009,2.309999943,4.994999886,1.401000023,35.38499832
2016/8/15 15:00,15.40499973,4.085999966,10.05599976,1.491999984,4.965000153,1.491999984,35.8769989
2016/8/15 16:00,14.13300037,4.487999916,9.666000366,2.131999969,4.507999897,1.674999952,48.890069085469705
2016/8/15 17:00,13.59700012,5.894000053,9.168000221,3.838000059,4.477000237,1.401000023,54.428862657511345
2016/8/15 18:00,12.72599983,5.425000191,8.244000435,3.375999928,4.447000027,1.401000023,34.9620018
2016/8/15 19:00,14.33399963,5.625999928,9.204000473,3.375999928,4.994999886,1.371000051,20.954301348697527
2016/8/15 20:00,19.29000092,4.487999916,12.43700027,2.131999969,7.006000042,1.491999984,31.867000579999996
2016/8/15 21:00,18.88800049,4.152999878,12.47299957,2.025000095,6.395999908,1.371000051,33.470762647389115
2016/8/15 22:00,20.22800064,6.09499979,14.3210001,3.552999973,5.604000092,1.340000033,32.43000031
2016/8/15 23:00,18.95499992,5.827000141,14.21399975,3.092000008,5.300000191,1.401000023,26.212316127115173
2016/8/16 0:00,20.09399986,5.157000065,14.4630003,3.233999968,4.934000015,1.371000051,31.72599983
2016/8/16 1:00,17.34799957,5.425000191,13.36100006,3.127000093,4.234000206,1.156999946,8.38268795053014
2016/8/16 2:00,17.28100014,6.697999954,13.25500011,4.762000084,3.746000051,1.126999974,31.09300041
2016/8/16 3:00,15.40499973,4.756000042,12.04599953,2.415999889,3.686000109,1.097000003,30.67099953
2016/8/16 4:00,16.40999985,5.157000065,12.57900047,3.197999954,3.319999933,1.065999985,15.315921191661323
2016/8/16 5:00,14.33399963,5.625999928,11.15799999,4.122000217,3.229000092,1.065999985,19.178385373703417
2016/8/16 6:00,11.38700008,5.492000103,8.173000336,3.233999968,3.289999962,1.097000003,17.77319607800807
2016/8/16 7:00,10.44900036,4.956999779,7.604000092,2.984999895,3.046000004,1.309999943,30.45999908
2016/8/16 8:00,8.774000168,4.354000092,5.507999897,2.842999935,3.319999933,1.279000044,30.88199997
2016/8/16 9:00,10.31499958,4.889999866,6.538000107,2.772000074,3.625,1.309999943,30.88199997
2016/8/16 10:00,12.05599976,4.822999954,7.390999794,2.664999962,4.142000198,1.552999973,24.83879085313779
2016/8/16 11:00,12.99400043,5.625999928,7.639999866,2.914000034,4.598999977,1.491999984,46.38678742207023
2016/8/16 12:00,13.06099987,5.357999802,8.031000137,2.523000002,4.903999805,1.432000041,57.09352235073399
2016/8/16 13:00,14.66899967,5.223999977,8.421999931,2.736000061,5.725999832,1.552999973,33.34400177
2016/8/16 14:00,13.59700012,4.889999866,8.208999634,2.664999962,5.361000061,1.552999973,35.03300095
2016/8/16 15:00,13.12800026,5.157000065,7.532999992,2.381000042,4.903999805,1.340000033,35.45500183
2016/8/16 16:00,11.85499954,4.287000179,7.390999794,2.203000069,4.477000237,1.462000012,36.36899948
2016/8/16 17:00,11.25300026,3.818000078,6.751999855,1.953999996,4.477000237,1.340000033,40.22502047922257
2016/8/16 18:00,10.91800022,3.750999928,6.467000008,1.953999996,4.447000027,1.552999973,14.744993956191319
2016/8/16 19:00,11.92199993,3.88499999,7.0,2.025000095,4.934000015,1.309999943,9.113417730423453
2016/8/16 20:00,16.40999985,5.357999802,9.451999664,2.309999943,7.40199995,1.491999984,14.9510244714279
2016/8/16 21:00,18.35300064,4.019000053,11.86900043,1.207999945,6.518000126,1.674999952,32.28900146
2016/8/16 22:00,18.82099915,5.559000015,12.57900047,2.061000109,5.879000187,1.401000023,25.60919856384621
2016/8/16 23:00,18.35300064,5.425000191,13.36100006,2.486999989,5.329999924,1.279000044,31.16399956
2016/8/17 0:00,18.01799965,5.827000141,13.75199986,2.984999895,4.630000114,1.218000054,17.379710679198705
2016/8/17 1:00,18.15200043,5.357999802,13.36100006,3.305000067,4.386000156,1.218000054,-13.131671382893002
2016/8/17 2:00,17.07999992,4.68900013,13.32600021,2.984999895,3.868000031,1.156999946,29.47500038
2016/8/17 3:00,14.06599998,6.296000004,11.15799999,4.051000118,3.503000021,1.065999985,29.12400055
2016/8/17 4:00,14.19999981,5.960999966,11.33600044,4.263999939,3.107000113,1.340000033,-0.21937413357376112
2016/8/17 5:00,12.32400036,4.554999828,9.026000023,2.914000034,3.107000113,1.126999974,28.56100082
2016/8/17 6:00,12.92700005,5.157000065,9.06099987,3.092000008,3.319999933,1.218000054,28.35000038
2016/8/17 7:00,10.11400032,4.68900013,8.38599968,3.588999987,2.253999949,0.852999985,24.367168015203873
2016/8/17 8:00,10.18099976,5.827000141,7.214000225,3.233999968,2.862999916,1.248999953,46.66330086848054
2016/8/17 9:00,12.05599976,5.960999966,8.244000435,3.625,3.441999912,1.432000041,17.034211506617375
2016/8/17 10:00,14.06599998,6.56400013,9.807999611,4.014999866,4.172999859,1.491999984,31.16399956
2016/8/17 11:00,14.40100002,6.429999828,9.913999557,4.19299984,4.538000107,1.371000051,31.23399925
2016/8/17 12:00,15.00399971,5.960999966,9.772000313,3.660000086,4.598999977,1.613999963,42.1222828685839
2016/8/17 13:00,16.54400063,5.894000053,11.19400024,3.838000059,5.421999931,1.613999963,32.64099884
2016/8/17 14:00,16.00799942,6.697999954,10.5539999,3.944000006,5.329999924,1.644999981,34.25899887
2016/8/17 15:00,15.20400047,6.229000092,10.02099991,4.051000118,4.934000015,1.644999981,34.40000153
2016/8/17 16:00,13.73099995,5.492000103,8.883999825,3.127000093,4.598999977,1.552999973,35.52500153
2016/8/17 17:00,13.32900047,5.157000065,8.883999825,3.305000067,4.295000076,1.523000002,17.9791111483421
2016/8/17 18:00,12.59200001,5.090000153,8.244000435,3.055999994,4.263999939,1.491999984,34.54000092
2016/8/17 19:00,13.52999973,4.68900013,8.777000427,2.594000101,4.659999847,1.340000033,43.64073444166013
2016/8/17 20:00,18.62000084,5.69299984,11.61999989,2.984999895,7.006000042,1.491999984,34.720411681285995
2016/8/17 21:00,17.95100021,5.827000141,11.30000019,3.055999994,6.730999947,1.735999942,32.21900177
2016/8/17 22:00,17.61599922,6.631000042,11.76200008,4.335000038,5.940000057,1.552999973,32.64878829324926
2016/8/17 23:00,17.88400078,5.960999966,12.72200012,3.588999987,5.300000191,1.401000023,35.938579901178514
2016/8/18 0:00,20.89800072,6.96600008,12.61499977,2.878000021,7.218999863,1.888000011,30.53100014
2016/8/18 1:00,19.0890007,8.171999931,11.72700024,4.690999985,6.762000084,1.91900003,30.17900085
2016/8/18 2:00,16.47699928,6.764999866,10.05599976,4.19299984,6.335000038,1.76699996,43.70469629590296
2016/8/18 3:00,16.54400063,7.099999905,10.4119997,4.335000038,5.96999979,1.76699996,29.75699997
2016/8/18 4:00,14.66899967,6.162000179,8.989999771,3.375999928,5.604000092,1.76699996,29.334999079999996
2016/8/18 5:00,16.07500076,6.96600008,10.3760004,4.65500021,5.635000229,1.797000051,28.91300011
2016/8/18 6:00,15.20400047,7.234000206,9.772000313,4.014999866,5.940000057,1.91900003,49.63899980116597
2016/8/18 7:00,14.46800041,7.032999992,7.994999886,3.838000059,5.84800005,1.949000001,29.75699997
2016/8/18 8:00,11.38700008,6.09499979,8.777000427,4.335000038,3.503000021,1.552999973,30.38999939
2016/8/18 9:00,12.59200001,6.631000042,8.812999725,4.014999866,3.503000021,1.523000002,37.44352307735126
2016/8/18 10:00,14.06599998,5.827000141,9.31000042,3.76699996,4.538000107,1.462000012,31.93799973
2016/8/18 11:00,14.66899967,5.894000053,9.380999565,3.872999907,4.721000195,1.552999973,33.06299973
2016/8/18 12:00,15.40499973,6.027999878,9.807999611,3.019999981,5.238999844,1.491999984,16.270264675147978
2016/8/18 13:00,16.20899963,5.894000053,10.51799965,3.163000107,5.90899992,1.644999981,28.159081214962608
2016/8/18 14:00,15.53899956,5.760000229,10.3760004,3.411000013,5.390999794,1.523000002,51.85608130432659
2016/8/18 15:00,15.53899956,6.56400013,10.02099991,3.552999973,5.329999924,1.552999973,36.58000183
2016/8/18 16:00,14.19999981,5.559000015,9.380999565,3.339999914,5.086999893,1.583999991,31.0232734269865
2016/8/18 17:00,14.2670002,5.625999928,9.274999619,3.447000027,5.026000023,1.613999963,39.41893182371625
2016/8/18 18:00,13.12800026,5.357999802,8.350999832,3.019999981,4.751999855,1.613999963,26.63473263240392
2016/8/18 19:00,14.13300037,4.487999916,9.026000023,2.345000029,5.086999893,1.371000051,35.45500183
2016/8/18 20:00,19.82600021,4.421000004,12.47299957,1.527999997,7.370999813,1.76699996,33.9070015
2016/8/18 21:00,18.75399971,4.68900013,12.11699963,1.953999996,6.822999954,1.552999973,33.8370018
2016/8/18 22:00,22.17000008,6.631000042,16.06200027,3.588999987,6.0,1.491999984,48.119463041237985
2016/8/18 23:00,21.03199959,6.497000217,15.45800018,3.127000093,5.725999832,1.401000023,33.7640621413405
2016/8/19 0:00,21.16600037,6.631000042,16.06200027,3.980000019,4.934000015,1.340000033,33.27399826
2016/8/19 1:00,19.15600014,6.09499979,14.35599995,3.233999968,4.659999847,1.248999953,32.99300003
2016/8/19 2:00,19.55800056,5.960999966,14.99600029,3.660000086,4.386000156,1.309999943,32.71099854
2016/8/19 3:00,17.95100021,6.362999916,13.82299995,3.269000053,4.172999859,1.279000044,32.5
2016/8/19 4:00,17.75,6.162000179,14.0010004,3.660000086,3.71600008,1.218000054,17.566793085950323
2016/8/19 5:00,16.47699928,5.625999928,13.25500011,2.842999935,3.746000051,1.248999953,31.58600044
2016/8/19 6:00,16.00799942,5.157000065,12.50800037,2.415999889,3.838000059,1.309999943,32.219001770000006
2016/8/19 7:00,16.1420002,7.769999981,12.04599953,5.223999977,3.654999971,1.552999973,28.45790456396352
2016/8/19 8:00,14.93700027,5.69299984,11.19400024,3.055999994,3.746000051,1.583999991,22.43692143034729
2016/8/19 9:00,15.47200012,5.223999977,11.05099964,2.664999962,4.081999779,1.613999963,55.506178152921414
2016/8/19 10:00,14.60200024,5.827000141,10.05599976,3.76699996,5.177999973,1.552999973,37.14300156
2016/8/19 11:00,15.8739996,6.429999828,10.73200035,3.980000019,5.482999802,1.491999984,39.17395296043083
2016/8/19 12:00,17.41500092,5.69299984,10.97999954,3.730999947,5.787000179,1.613999963,47.55605228652444
2016/8/19 13:00,17.41500092,4.68900013,11.61999989,1.91900003,5.81799984,1.401000023,18.235665087096752
2016/8/19 14:00,16.27599907,4.152999878,10.5539999,1.315000057,5.147999763,1.401000023,39.58270412892262
2016/8/19 15:00,15.73999977,5.492000103,10.66100025,4.19299984,5.026000023,1.371000051,48.806732569343204
2016/8/19 16:00,14.73600006,5.559000015,9.701000214,3.019999981,4.994999886,1.613999963,40.180926073687246
2016/8/19 17:00,14.19999981,5.357999802,9.204000473,3.019999981,5.026000023,1.432000041,25.63607642812525
2016/8/19 18:00,13.26200008,4.68900013,8.456999779,2.594000101,4.782000065,1.491999984,36.08800125
2016/8/19 19:00,16.1420002,4.756000042,10.09200001,2.381000042,6.122000217,1.491999984,35.80699921
2016/8/19 20:00,20.02700043,4.487999916,12.57900047,1.527999997,7.522999763,1.76699996,61.88984928723439
2016/8/19 21:00,19.02199936,4.152999878,12.15299988,1.421000004,7.28000021,1.797000051,49.352835123198474
2016/8/19 22:00,22.70599937,8.572999954,16.16799927,4.547999859,6.335000038,1.613999963,34.61100006
2016/8/19 23:00,23.6439991,6.96600008,17.3409996,4.19299984,5.787000179,1.552999973,2.817116228597415
2016/8/20 0:00,19.75900078,6.429999828,14.81799984,3.980000019,5.238999844,1.432000041,32.77918550856139
2016/8/20 1:00,19.95999908,6.229000092,15.42199993,3.872999907,4.782000065,1.309999943,34.89199829
2016/8/20 2:00,17.81699944,5.357999802,13.50300026,2.984999895,4.447000027,1.218000054,35.03300095
2016/8/20 3:00,17.28100014,5.492000103,12.82800007,2.700999975,4.142000198,1.279000044,21.66707045149629
2016/8/20 4:00,15.8739996,6.497000217,12.29500008,4.370999813,3.806999922,1.279000044,34.18899918
2016/8/20 5:00,14.2670002,4.622000217,10.8739996,2.594000101,3.625,1.279000044,19.823322631319666
2016/8/20 6:00,15.13700008,6.429999828,11.76200008,4.263999939,3.686000109,1.156999946,32.99300002999999
2016/8/20 7:00,15.47200012,6.764999866,11.65499973,4.762000084,3.532999992,1.309999943,33.62599945
2016/8/20 8:00,15.53899956,7.636000156,11.65499973,5.046000004,3.654999971,1.462000012,34.75099945000001
2016/8/20 9:00,14.86999989,7.434999943,10.8739996,4.300000191,3.838000059,1.432000041,35.38499832
2016/8/20 10:00,17.48200035,6.831999779,12.22399998,4.903999805,4.965000153,1.523000002,36.29899979
2016/8/20 11:00,15.13700008,5.559000015,9.666000366,2.842999935,4.994999886,1.552999973,58.87514774981185
2016/8/20 12:00,10.31499958,4.421000004,6.005000114,2.239000082,4.295000076,1.218000054,34.54051761310738
2016/8/20 13:00,11.45400047,4.554999828,7.143000126,2.630000114,4.051000118,1.218000054,28.7540901158156
2016/8/20 14:00,10.91800022,4.019000053,6.965000153,2.486999989,4.142000198,1.309999943,48.51006897094189
2016/8/20 15:00,10.51599979,4.421000004,7.177999973,2.772000074,3.503000021,1.218000054,33.13299942
2016/8/20 16:00,9.711999893,3.750999928,7.320000172,2.381000042,2.802000046,0.913999975,31.375
2016/8/20 17:00,11.38700008,4.085999966,7.284999847,2.096999884,4.081999779,1.309999943,32.7820015
2016/8/20 18:00,7.903999805,2.411000013,5.578999996,1.457000017,2.28399992,0.670000017,43.75397740120499
2016/8/20 19:00,8.907999992,2.545000076,6.395999908,1.56400001,2.528000116,0.670000017,30.24900055
2016/8/20 20:00,12.12300014,3.214999914,8.493000031,1.953999996,3.594000101,0.760999978,19.643497116721107
2016/8/20 21:00,14.40100002,4.554999828,9.87899971,2.736000061,4.598999977,1.036000013,27.9279995
2016/8/20 22:00,14.40100002,5.827000141,10.19900036,3.375999928,3.868000031,1.036000013,8.70169362587
2016/8/20 23:00,15.27099991,7.166999817,12.40200043,4.833000183,3.381000042,1.036000013,26.417584003765704
2016/8/21 0:00,14.60200024,6.296000004,11.08699989,4.263999939,3.259000063,0.975000024,27.43499947
2016/8/21 1:00,15.06999969,6.96600008,12.22399998,4.833000183,2.924000025,1.004999995,27.01300049
2016/8/21 2:00,13.79800034,6.96600008,11.15799999,4.65500021,2.772000074,1.004999995,34.50469426572963
2016/8/21 3:00,13.32900047,6.631000042,11.30000019,5.010000229,2.559000015,0.975000024,44.19363575954514
2016/8/21 4:00,13.06099987,5.625999928,10.05599976,3.802000046,2.315000057,0.913999975,22.974309073978958
2016/8/21 5:00,11.92199993,3.013999939,9.451999664,1.70599997,2.345000029,0.883000016,28.06800079
2016/8/21 6:00,13.4630003,4.085999966,11.05099964,2.273999929,2.680000067,0.913999975,1.1049997849154232
2016/8/21 7:00,13.32900047,4.822999954,10.16300011,3.233999968,2.559000015,1.004999995,27.43499947
2016/8/21 8:00,12.6590004,4.354000092,9.487999916,2.594000101,2.650000095,1.036000013,27.9279995
2016/8/21 9:00,10.58300018,3.08100009,7.960000038,1.63499999,2.740999937,1.126999974,28.84199905
2016/8/21 10:00,10.98499966,5.157000065,7.747000217,3.339999914,3.349999905,1.126999974,29.89699936
2016/8/21 11:00,10.98499966,4.822999954,7.532999992,2.984999895,3.806999922,0.944000006,30.24900055
2016/8/21 12:00,10.18099976,4.421000004,6.965000153,2.523000002,3.319999933,1.065999985,30.31999969
2016/8/21 13:00,11.31999969,4.421000004,7.071000099,2.630000114,3.654999971,1.097000003,16.854137939339033
2016/8/21 14:00,11.18599987,4.152999878,7.143000126,2.594000101,3.532999992,1.156999946,38.6688319210044
2016/8/21 15:00,10.91800022,4.756000042,7.071000099,2.630000114,3.229000092,1.065999985,17.62146721079819
2016/8/21 16:00,9.979999542,3.951999903,6.857999802,2.273999929,3.167999983,1.156999946,41.59110199189649
2016/8/21 17:00,10.18099976,3.818000078,6.644999981,2.309999943,3.503000021,1.126999974,30.38999939
2016/8/21 18:00,9.376999855,3.750999928,5.791999817,2.273999929,3.349999905,1.065999985,28.91300011
2016/8/21 19:00,9.979999542,3.684000015,6.361000061,2.309999943,3.471999884,0.975000024,28.9829998
2016/8/21 20:00,14.53499985,4.487999916,9.23900032,2.594000101,5.300000191,1.156999946,27.78700066
2016/8/21 21:00,14.60200024,4.085999966,10.27000046,2.664999962,4.659999847,1.036000013,12.87992355366963
2016/8/21 22:00,14.53499985,3.818000078,10.16300011,2.096999884,4.111999989,1.126999974,22.97937997354853
2016/8/21 23:00,15.73999977,5.022999763,11.65499973,3.163000107,3.594000101,1.097000003,27.71699905
2016/8/22 0:00,20.02700043,6.831999779,14.0010004,4.157999992,5.756999969,1.613999963,39.32487520014961
2016/8/22 1:00,19.15600014,6.162000179,13.43200016,4.406000137,5.361000061,1.491999984,27.43499947
2016/8/22 2:00,18.08499908,6.429999828,12.47299957,4.122000217,5.026000023,1.462000012,28.9829998
2016/8/22 3:00,16.20899963,6.229000092,11.40699959,3.447000027,5.026000023,1.552999973,27.78700066
2016/8/22 4:00,17.88400078,5.625999928,12.86400032,3.660000086,4.965000153,1.583999991,29.896999359999995
2016/8/22 5:00,15.80700016,4.889999866,10.6960001,3.092000008,4.507999897,1.340000033,29.54599953
2016/8/22 6:00,15.80700016,5.157000065,11.22900009,3.055999994,4.751999855,1.401000023,29.96800041
2016/8/22 7:00,13.86499977,6.631000042,8.812999725,3.944000006,4.598999977,1.583999991,29.0529995
2016/8/22 8:00,9.845999718,4.554999828,7.888999939,3.625,1.91900003,0.822000027,24.384337572536932
2016/8/22 9:00,8.640000343,4.554999828,6.395999908,3.269000053,1.980000019,0.822000027,21.440239937775853
2016/8/22 10:00,10.85099983,5.425000191,7.106999874,3.482000113,3.229000092,1.218000054,28.35000038
2016/8/22 11:00,10.51599979,4.152999878,7.355999947,2.948999882,2.954999924,1.036000013,29.12400055
2016/8/22 12:00,9.376999855,4.287000179,6.928999901,2.664999962,2.680000067,0.944000006,29.82699966
2016/8/22 13:00,9.175999641,4.421000004,6.822999954,2.451999903,2.772000074,1.004999995,27.738831811954924
2016/8/22 14:00,9.711999893,4.421000004,6.395999908,2.345000029,2.832999945,1.097000003,28.70199966
2016/8/22 15:00,8.975000381,3.818000078,6.361000061,2.630000114,2.772000074,1.004999995,14.724138698017805
2016/8/22 16:00,8.907999992,4.152999878,6.254000187,2.842999935,2.618999958,1.004999995,30.807300690627297
2016/8/22 17:00,10.04699993,4.287000179,6.681000233,2.772000074,3.381000042,1.279000044,48.05058916353801
2016/8/22 18:00,8.907999992,3.88499999,5.862999916,2.415999889,3.015000105,1.097000003,29.169940257098574
2016/8/22 19:00,10.71700001,4.019000053,7.0,2.451999903,3.71600008,1.097000003,27.01300049
2016/8/22 20:00,12.52499962,4.019000053,8.137999535,2.486999989,4.355999947,1.097000003,-11.304452462791538
2016/8/22 21:00,13.32900047,4.354000092,9.487999916,2.594000101,3.928999901,0.975000024,26.73200035
2016/8/22 22:00,13.59700012,3.750999928,10.02099991,2.061000109,3.289999962,1.036000013,27.15399933
2016/8/22 23:00,13.86499977,3.549999952,10.9090004,2.594000101,3.046000004,0.975000024,26.80200005
2016/8/23 0:00,14.13300037,4.287000179,11.54899979,3.127000093,2.772000074,0.975000024,27.15399933
2016/8/23 1:00,14.33399963,4.889999866,12.33100033,2.914000034,2.528000116,0.852999985,23.778450535384714
2016/8/23 2:00,14.06599998,4.756000042,11.33600044,2.594000101,2.497999907,0.883000016,27.01300049
2016/8/23 3:00,13.32900047,6.497000217,10.94499969,4.263999939,2.253999949,0.852999985,44.16411238303341
2016/8/23 4:00,13.59700012,6.497000217,10.8380003,5.046000004,2.163000107,0.822000027,24.018322427243437
2016/8/23 5:00,11.18599987,5.425000191,9.416999817,3.980000019,2.131999969,0.731000006,26.661894046262617
2016/8/23 6:00,13.52999973,6.162000179,10.80300045,4.584000111,2.588999987,0.822000027,26.30999947
2016/8/23 7:00,11.98900032,6.09499979,9.31000042,4.547999859,2.375999928,0.975000024,39.00830496046333
2016/8/23 8:00,12.39099979,5.894000053,9.345999718,4.051000118,2.437000036,1.004999995,23.969400348309687
2016/8/23 9:00,9.979999542,4.956999779,6.822999954,3.055999994,2.497999907,1.065999985,31.787148924903192
2016/8/23 10:00,11.05200005,5.625999928,7.747000217,3.163000107,3.411000013,1.097000003,37.79986088633737
2016/8/23 11:00,12.39099979,5.492000103,8.883999825,3.696000099,3.532999992,1.036000013,29.54599953
2016/8/23 12:00,11.05200005,4.421000004,7.106999874,2.559000015,3.503000021,1.279000044,29.61599922
2016/8/23 13:00,12.12300014,4.956999779,7.639999866,3.092000008,3.654999971,1.065999985,30.53100014
2016/8/23 14:00,11.78800011,4.889999866,7.604000092,2.914000034,3.532999992,1.036000013,50.31103038886816
2016/8/23 15:00,10.98499966,4.822999954,7.994999886,3.127000093,3.349999905,1.248999953,12.95968050706647
2016/8/23 16:00,10.58300018,4.622000217,7.427000046,2.630000114,3.229000092,1.187999964,28.369209504788405
2016/8/23 17:00,10.64999962,5.022999763,7.284999847,3.092000008,3.411000013,1.156999946,32.85200119
2016/8/23 18:00,9.779000282,3.88499999,6.467000008,2.345000029,3.319999933,1.065999985,26.799252390644334
2016/8/23 19:00,11.25300026,3.951999903,7.284999847,2.273999929,3.928999901,1.156999946,16.964310137938984
2016/8/23 20:00,15.60599995,5.559000015,10.12699986,3.163000107,5.573999882,1.036000013,29.68600082
2016/8/23 21:00,14.13300037,4.956999779,9.097000122,2.878000021,4.994999886,1.248999953,29.75699997
2016/8/23 22:00,13.73099995,6.09499979,9.666000366,3.90899992,4.172999859,1.187999964,38.84308955171702
2016/8/23 23:00,13.39599991,6.09499979,10.02099991,4.086999893,3.625,1.065999985,-3.509653792281541
2016/8/24 0:00,14.46800041,6.027999878,11.58399963,4.833000183,3.107000113,1.065999985,28.91300011
2016/8/24 1:00,13.59700012,6.362999916,10.4119997,4.619999886,3.441999912,1.065999985,28.27899933
2016/8/24 2:00,11.98900032,5.760000229,9.451999664,3.944000006,2.650000095,0.852999985,28.20899963
2016/8/24 3:00,12.39099979,6.497000217,10.12699986,4.868000031,2.588999987,0.944000006,41.853495925686794
2016/8/24 4:00,10.04699993,5.022999763,7.320000172,3.233999968,2.497999907,0.944000006,27.29500008
2016/8/24 5:00,11.92199993,5.960999966,9.026000023,4.051000118,2.618999958,0.944000006,26.87299919
2016/8/24 6:00,11.45400047,5.290999889,8.635000229,3.339999914,2.588999987,0.822000027,25.477524452478615
2016/8/24 7:00,12.12300014,6.429999828,9.737000465,4.477000237,2.437000036,1.004999995,28.153806177272543
2016/8/24 8:00,10.64999962,5.492000103,7.994999886,3.76699996,2.497999907,1.126999974,27.71699905
2016/8/24 9:00,10.71700001,5.559000015,7.568999767,3.802000046,2.497999907,1.065999985,28.13899994
2016/8/24 10:00,11.5880003,5.357999802,7.710999966,3.552999973,3.197999954,1.126999974,29.54599953
2016/8/24 11:00,11.72099972,4.756000042,8.137999535,3.055999994,3.77699995,1.065999985,23.875994994288455
2016/8/24 12:00,11.65499973,4.956999779,7.427000046,2.523000002,3.471999884,1.156999946,29.89699936
2016/8/24 13:00,13.4630003,4.554999828,8.670999527,2.700999975,4.081999779,1.126999974,15.125545277443566
2016/8/24 14:00,11.72099972,5.157000065,8.777000427,3.127000093,3.898999929,1.248999953,32.57099915
2016/8/24 15:00,12.85999966,5.69299984,9.204000473,3.872999907,3.594000101,1.126999974,47.8395499571867
2016/8/24 16:00,10.91800022,5.090000153,7.639999866,3.339999914,3.319999933,1.218000054,34.18899918
2016/8/24 17:00,10.85099983,4.756000042,7.461999893,3.305000067,3.471999884,1.126999974,33.8370018
2016/8/24 18:00,9.845999718,3.951999903,6.502999783,2.451999903,3.289999962,1.065999985,31.79700089
2016/8/24 19:00,10.7840004,3.684000015,7.106999874,2.239000082,3.71600008,1.248999953,37.390471077308014
2016/8/24 20:00,15.06999969,4.622000217,9.666000366,2.700999975,5.300000191,1.156999946,30.17900085
2016/8/24 21:00,13.79800034,4.622000217,8.598999977,2.806999922,5.177999973,1.340000033,33.61842489705456
2016/8/24 22:00,15.13700008,6.429999828,11.76200008,4.406000137,4.081999779,1.097000003,23.55676906586467
2016/8/24 23:00,15.40499973,3.818000078,11.90400028,2.203000069,3.503000021,1.004999995,47.81838011707686
2016/8/25 0:00,17.28100014,5.559000015,12.47299957,2.984999895,5.604000092,1.583999991,28.06800079
2016/8/25 1:00,16.07500076,4.152999878,10.51799965,2.061000109,5.238999844,1.432000041,27.36499977
2016/8/25 2:00,13.79800034,3.348999977,9.097000122,1.63499999,4.873000145,1.371000051,27.15399933
2016/8/25 3:00,13.59700012,5.760000229,9.345999718,3.76699996,4.630000114,1.340000033,26.80200005
2016/8/25 4:00,12.99400043,5.69299984,8.598999977,3.269000053,4.447000027,1.248999953,26.30999947
2016/8/25 5:00,13.59700012,5.492000103,8.847999573,3.411000013,4.538000107,1.309999943,27.34239114146075
2016/8/25 6:00,13.79800034,5.960999966,9.23900032,3.90899992,4.507999897,1.218000054,36.476979922021975
2016/8/25 7:00,15.27099991,5.090000153,10.02099991,2.273999929,4.477000237,1.432000041,11.171574954515135
2016/8/25 8:00,10.58300018,3.348999977,8.777000427,2.594000101,2.28399992,0.944000006,16.959877554728028
2016/8/25 9:00,10.51599979,5.559000015,7.390999794,3.163000107,2.467000008,0.944000006,29.61599922
2016/8/25 10:00,11.38700008,5.492000103,7.747000217,3.163000107,3.075999975,1.065999985,32.14899826
2016/8/25 11:00,11.5880003,5.223999977,7.994999886,3.019999981,3.594000101,1.065999985,31.65600014
2016/8/25 12:00,10.58300018,4.019000053,7.249000072,2.486999989,3.289999962,1.004999995,32.2035718843542
2016/8/25 13:00,12.72599983,4.956999779,8.527999878,2.664999962,3.806999922,1.036000013,33.06299973
2016/8/25 14:00,11.85499954,5.492000103,8.208999634,3.517999887,3.77699995,1.248999953,22.337705995062628
2016/8/25 15:00,12.45800018,4.822999954,8.244000435,3.055999994,3.746000051,1.340000033,30.414243333167974
2016/8/25 16:00,10.85099983,4.152999878,7.390999794,2.630000114,3.381000042,1.248999953,54.11891608040388
2016/8/25 17:00,11.05200005,4.68900013,7.498000145,2.948999882,3.594000101,1.097000003,27.596490107990206
2016/8/25 18:00,10.24800014,4.21999979,6.71600008,2.630000114,3.532999992,1.156999946,32.14899826
2016/8/25 19:00,12.32400036,4.287000179,8.031000137,2.381000042,4.355999947,1.156999946,44.14172801843782
2016/8/25 20:00,16.00799942,3.08100009,10.19900036,1.172999978,5.725999832,1.126999974,53.88752517586214
2016/8/25 21:00,16.47699928,4.622000217,11.51299953,2.559000015,4.873000145,1.187999964,23.3285698272266
2016/8/25 22:00,16.00799942,4.152999878,12.15299988,2.025000095,4.111999989,1.097000003,57.469243878939466
2016/8/25 23:00,16.47699928,5.157000065,12.64999962,3.588999987,3.77699995,1.248999953,20.888481480098967
2016/8/26 0:00,18.01799965,6.09499979,14.3920002,3.90899992,3.532999992,1.126999974,58.70124643065585
2016/8/26 1:00,16.54400063,5.625999928,13.96500015,3.517999887,3.107000113,0.944000006,28.13899994
2016/8/26 2:00,15.53899956,4.554999828,12.79300022,2.948999882,2.588999987,0.883000016,27.64599991
2016/8/26 3:00,15.3380003,7.301000118,13.25500011,5.188000202,2.375999928,0.822000027,27.85700035
2016/8/26 4:00,15.73999977,5.290999889,13.04100037,3.197999954,2.650000095,0.883000016,27.43499947
2016/8/26 5:00,14.86999989,6.96600008,12.40200043,4.619999886,2.772000074,0.913999975,26.66200066
2016/8/26 6:00,13.73099995,5.625999928,11.44200039,4.263999939,2.437000036,0.852999985,26.02799988
2016/8/26 7:00,11.72099972,5.760000229,9.843000412,4.014999866,2.00999999,0.913999975,8.668771148697404
2016/8/26 8:00,10.31499958,6.162000179,8.421999931,4.833000183,1.888000011,0.852999985,25.6060009
2016/8/26 9:00,9.444000244,5.760000229,7.249000072,4.300000191,2.315000057,1.036000013,22.44690372237953
2016/8/26 10:00,10.18099976,5.022999763,6.502999783,3.375999928,2.710999966,1.279000044,12.446314208368943
2016/8/26 11:00,9.109000206,4.956999779,6.395999908,3.055999994,2.832999945,1.097000003,27.36499977
2016/8/26 12:00,7.636000156,3.818000078,4.93900013,2.309999943,2.163000107,0.975000024,26.52099991
2016/8/26 13:00,8.171999931,3.684000015,5.295000076,2.594000101,2.345000029,1.036000013,10.699209910006271
2016/8/26 14:00,7.568999767,4.354000092,5.117000103,2.486999989,2.772000074,1.097000003,10.768264924964528
2016/8/26 15:00,7.368000031,4.085999966,5.578999996,2.736000061,1.888000011,0.883000016,31.863046867447782
2016/8/26 16:00,6.764999866,3.750999928,4.762000084,2.594000101,2.040999889,0.944000006,37.23068147644413
2016/8/26 17:00,7.636000156,3.415999889,5.081999779,2.309999943,2.497999907,1.004999995,25.81699944
2016/8/26 18:00,6.296000004,3.08100009,4.441999912,2.025000095,1.888000011,0.700999975,43.24137044426638
2016/8/26 19:00,6.296000004,2.477999926,4.441999912,1.56400001,1.76699996,0.547999978,23.84799957
2016/8/26 20:00,6.96600008,2.611999989,5.010000229,1.883000016,1.980000019,0.547999978,23.4260006
2016/8/26 21:00,7.434999943,2.545000076,4.868000031,0.816999972,2.559000015,0.883000016,23.00300026
2016/8/26 22:00,11.05200005,4.152999878,8.847999573,3.269000053,2.193000078,0.852999985,48.4216868164569
2016/8/26 23:00,11.25300026,3.08100009,9.630000114,1.70599997,2.163000107,1.004999995,40.649053779146435
2016/8/27 0:00,15.47200012,5.357999802,10.7670002,2.806999922,4.598999977,1.491999984,48.46232562983844
2016/8/27 1:00,15.13700008,4.354000092,10.51799965,3.019999981,4.295000076,1.462000012,42.19109559018747
2016/8/27 2:00,15.06999969,6.429999828,11.12199974,4.335000038,4.172999859,1.371000051,23.28499985
2016/8/27 3:00,15.20400047,6.631000042,11.15799999,4.796999931,4.111999989,1.340000033,23.21500015
2016/8/27 4:00,14.40100002,5.625999928,10.44699955,3.944000006,4.355999947,1.401000023,21.694833742402494
2016/8/27 5:00,16.94599915,5.492000103,12.29500008,2.984999895,4.447000027,1.309999943,23.0739994
2016/8/27 6:00,18.21899986,7.501999855,12.79300022,5.188000202,5.086999893,1.613999963,34.128046449820566
2016/8/27 7:00,14.19999981,4.822999954,9.131999969,2.309999943,4.782000065,1.85800004,31.52209964699424
2016/8/27 8:00,12.12300014,4.085999966,9.204000473,2.594000101,2.467000008,1.340000033,31.262438495970024
2016/8/27 9:00,9.51099968,3.148000002,6.857999802,1.350000024,2.345000029,1.340000033,25.25499916
2016/8/27 10:00,9.711999893,4.421000004,6.43200016,3.375999928,2.618999958,1.248999953,26.30999947
2016/8/27 11:00,9.31000042,4.68900013,6.361000061,2.451999903,3.229000092,1.065999985,19.259711061884413
2016/8/27 12:00,7.301000118,3.951999903,5.188000202,2.486999989,2.375999928,1.065999985,46.436662887497526
2016/8/27 13:00,7.368000031,3.617000103,4.93900013,2.451999903,2.345000029,1.187999964,27.57600021
2016/8/27 14:00,8.171999931,4.68900013,5.436999798,2.664999962,2.345000029,1.218000054,28.49099922
2016/8/27 15:00,8.23900032,3.88499999,5.295000076,2.381000042,2.193000078,1.065999985,28.20899963
2016/8/27 16:00,7.234000206,3.88499999,4.833000183,2.948999882,2.315000057,1.036000013,27.71699905
2016/8/27 17:00,8.305999756,4.21999979,5.543000221,2.664999962,2.710999966,1.036000013,27.71699905
2016/8/27 18:00,7.568999767,3.750999928,5.010000229,2.415999889,2.528000116,1.004999995,11.66986152462046
2016/8/27 19:00,6.631000042,3.282000065,4.335000038,2.061000109,2.253999949,0.975000024,33.06828537326663
2016/8/27 20:00,7.501999855,3.282000065,5.081999779,2.239000082,2.315000057,0.822000027,-16.48393278067065
2016/8/27 21:00,7.166999817,2.678999901,4.65500021,1.491999984,2.467000008,0.913999975,24.34000015
2016/8/27 22:00,9.109000206,3.951999903,6.610000134,2.700999975,2.101999998,0.852999985,46.85530961087984
2016/8/27 23:00,10.91800022,5.223999977,8.598999977,3.411000013,2.163000107,0.913999975,-10.446266240052763
2016/8/28 0:00,9.51099968,4.822999954,7.071000099,3.625,1.888000011,0.760999978,23.84799957
2016/8/28 1:00,8.505999565,4.421000004,6.076000214,2.664999962,1.735999942,0.731000006,23.49600029
2016/8/28 2:00,6.56400013,3.818000078,5.401000023,2.523000002,1.613999963,0.700999975,57.039301756119364
2016/8/28 3:00,7.368000031,3.415999889,5.828000069,2.878000021,1.583999991,0.731000006,22.1590004
2016/8/28 4:00,8.104999542,3.348999977,5.899000168,2.806999922,1.613999963,0.639999986,23.763572851414853
2016/8/28 5:00,7.836999893,4.085999966,6.289999962,2.486999989,1.85800004,0.670000017,20.96299934
2016/8/28 6:00,8.171999931,3.148000002,6.005000114,2.239000082,2.497999907,0.822000027,20.32999992
2016/8/28 7:00,9.444000244,4.287000179,6.928999901,3.092000008,2.618999958,1.065999985,31.957237728903205
2016/8/28 8:00,8.975000381,3.282000065,5.899000168,1.031000018,2.650000095,1.156999946,22.58099937
2016/8/28 9:00,8.43900013,4.756000042,5.258999825,2.948999882,2.497999907,1.156999946,33.26222395789136
2016/8/28 10:00,9.845999718,5.022999763,6.183000088,2.772000074,3.289999962,1.371000051,17.717075547998473
2016/8/28 11:00,9.578000069,4.956999779,6.822999954,3.233999968,2.984999895,1.248999953,9.826933666354027
2016/8/28 12:00,6.96600008,3.348999977,4.547999859,1.812000036,2.315000057,0.975000024,30.88084865513633
2016/8/28 13:00,8.43900013,4.085999966,5.578999996,2.878000021,2.467000008,1.097000003,27.57600021
2016/8/28 14:00,8.505999565,4.756000042,5.791999817,2.594000101,2.253999949,1.156999946,29.0529995
2016/8/28 15:00,6.831999779,3.348999977,4.690999985,2.594000101,2.131999969,1.097000003,28.91300011
2016/8/28 16:00,7.301000118,4.085999966,4.974999905,2.630000114,2.253999949,1.004999995,-2.850024066666137
2016/8/28 17:00,7.903999805,3.750999928,5.223999977,2.381000042,2.740999937,1.036000013,27.950263420281775
2016/8/28 18:00,7.703000069,3.48300004,4.93900013,2.239000082,2.680000067,1.065999985,41.87452630294341
2016/8/28 19:00,6.96600008,3.08100009,4.547999859,1.91900003,2.375999928,0.944000006,27.64599991
2016/8/28 20:00,8.371999741,3.617000103,5.472000122,2.203000069,2.802000046,0.944000006,4.328787864393039
2016/8/28 21:00,7.368000031,3.348999977,4.903999805,2.451999903,2.375999928,0.822000027,16.705457072662583
2016/8/28 22:00,8.104999542,3.818000078,5.96999979,2.381000042,2.253999949,0.944000006,25.25499916
2016/8/28 23:00,8.505999565,4.354000092,5.899000168,2.594000101,2.193000078,0.944000006,9.511178967346833
2016/8/29 0:00,6.429999828,3.750999928,4.513000011,2.451999903,2.071000099,0.883000016,24.4810009
2016/8/29 1:00,7.703000069,3.750999928,5.899000168,2.523000002,1.949000001,0.883000016,23.98800087
2016/8/29 2:00,7.501999855,4.019000053,6.147999763,2.842999935,1.797000051,0.822000027,24.1989994
2016/8/29 3:00,7.099999905,4.019000053,4.762000084,2.736000061,1.85800004,0.852999985,25.16976022314255
2016/8/29 4:00,6.362999916,3.348999977,4.263999939,2.451999903,1.85800004,0.913999975,23.073999399999998
2016/8/29 5:00,7.368000031,3.013999939,5.258999825,2.486999989,2.071000099,0.791999996,6.9245247277799935
2016/8/29 6:00,10.7840004,4.487999916,7.676000118,3.055999994,2.740999937,1.036000013,21.301428951972333
2016/8/29 7:00,8.305999756,4.756000042,5.578999996,2.523000002,2.467000008,1.218000054,23.91799927
2016/8/29 8:00,8.572999954,4.622000217,5.543000221,3.375999928,2.710999966,1.340000033,50.1021249968098
2016/8/29 9:00,8.975000381,5.223999977,6.254000187,3.552999973,2.740999937,1.340000033,10.57661032547259
2016/8/29 10:00,10.04699993,5.425000191,6.681000233,3.163000107,2.984999895,1.309999943,49.78788303457709
2016/8/29 11:00,9.845999718,4.756000042,6.681000233,2.948999882,3.289999962,1.309999943,44.25186545821837
2016/8/29 12:00,8.371999741,4.019000053,5.650000095,2.239000082,2.375999928,1.065999985,27.78700066
2016/8/29 13:00,8.774000168,4.622000217,5.828000069,2.914000034,2.528000116,1.156999946,28.42000008
2016/8/29 14:00,8.640000343,4.68900013,5.650000095,2.842999935,2.467000008,1.187999964,29.83229081497624
2016/8/29 15:00,8.706999779,4.756000042,5.472000122,2.948999882,2.588999987,1.187999964,35.17015315349146
2016/8/29 16:00,8.975000381,4.956999779,6.361000061,3.163000107,2.618999958,1.218000054,29.08392553235155
2016/8/29 17:00,8.774000168,4.554999828,6.361000061,2.948999882,2.710999966,1.218000054,42.37208983402027
2016/8/29 18:00,7.836999893,3.951999903,5.295000076,2.239000082,2.559000015,1.065999985,26.52099991
2016/8/29 19:00,7.434999943,3.148000002,4.833000183,1.953999996,2.528000116,0.944000006,26.09900093
2016/8/29 20:00,8.371999741,3.415999889,5.721000195,2.273999929,2.650000095,0.760999978,33.19968525253198
2016/8/29 21:00,10.38199997,3.818000078,7.427000046,2.594000101,2.375999928,0.852999985,-4.968097765573232
2016/8/29 22:00,9.645000458,4.889999866,7.782000065,3.696000099,1.949000001,0.822000027,24.69199944
2016/8/29 23:00,10.91800022,5.625999928,8.883999825,3.802000046,1.949000001,0.913999975,24.83200073
2016/8/30 0:00,14.86999989,6.497000217,10.12699986,4.725999832,4.295000076,1.401000023,24.12899971
2016/8/30 1:00,14.66899967,7.099999905,10.3409996,4.584000111,4.081999779,1.340000033,23.91799927
2016/8/30 2:00,13.66399956,6.764999866,9.451999664,4.086999893,4.020999908,1.340000033,27.847563772059342
2016/8/30 3:00,13.52999973,6.296000004,9.666000366,4.014999866,3.898999929,1.309999943,24.4810009
2016/8/30 4:00,12.99400043,6.09499979,8.670999527,4.406000137,4.172999859,1.371000051,24.621000289999998
2016/8/30 5:00,15.06999969,6.831999779,9.949999809,4.014999866,4.751999855,1.432000041,24.62100029
2016/8/30 6:00,15.3380003,7.099999905,10.3760004,3.944000006,5.208000183,1.613999963,24.40999985
2016/8/30 7:00,16.20899963,6.027999878,11.65499973,3.375999928,4.965000153,1.76699996,24.90299988
2016/8/30 8:00,12.99400043,5.559000015,10.09200001,3.197999954,2.680000067,1.401000023,42.8787352281075
2016/8/30 9:00,9.779000282,4.622000217,7.284999847,3.019999981,2.375999928,1.156999946,20.07783108240933
2016/8/30 10:00,9.645000458,4.68900013,6.787000179,3.375999928,2.862999916,1.218000054,27.71699905
2016/8/30 11:00,9.913000107,4.756000042,7.0,3.055999994,3.015000105,1.126999974,27.78700066
2016/8/30 12:00,8.43900013,3.88499999,5.401000023,2.167999983,2.345000029,0.944000006,23.234735169491692
2016/8/30 13:00,8.572999954,4.354000092,6.324999809,2.914000034,2.223999977,1.004999995,24.368923067934684
2016/8/30 14:00,8.505999565,4.822999954,5.791999817,3.163000107,2.253999949,1.065999985,30.31999969
2016/8/30 15:00,7.903999805,4.68900013,6.111999989,3.588999987,2.223999977,1.097000003,30.03800011
2016/8/30 16:00,7.903999805,4.554999828,5.436999798,2.984999895,2.437000036,1.218000054,28.20616890080624
2016/8/30 17:00,8.907999992,4.421000004,5.899000168,3.019999981,2.772000074,1.248999953,30.31999969
2016/8/30 18:00,8.104999542,4.085999966,5.366000175,2.664999962,2.680000067,1.097000003,4.195758799242885
2016/8/30 19:00,7.769999981,3.617000103,5.188000202,2.167999983,2.588999987,1.036000013,26.87299919
2016/8/30 20:00,8.572999954,3.88499999,5.899000168,2.594000101,2.559000015,0.883000016,3.209730510129956
2016/8/30 21:00,9.51099968,3.617000103,7.532999992,2.523000002,2.253999949,0.852999985,25.25499916
2016/8/30 22:00,11.45400047,5.290999889,9.31000042,4.513000011,2.101999998,0.760999978,24.83200073
2016/8/30 23:00,12.79300022,3.818000078,10.9090004,2.273999929,1.949000001,0.791999996,24.40999985
2016/8/31 0:00,13.79800034,4.622000217,12.36600018,3.055999994,1.85800004,0.822000027,39.01165576558534
2016/8/31 1:00,13.79800034,4.622000217,12.36600018,3.055999994,1.85800004,0.822000027,25.04400063
2016/8/31 2:00,13.79800034,4.622000217,12.36600018,3.055999994,1.85800004,0.822000027,25.04400063
2016/8/31 3:00,13.79800034,4.622000217,12.36600018,3.055999994,1.85800004,0.822000027,22.153559883290107
2016/8/31 4:00,13.79800034,4.622000217,12.36600018,3.055999994,1.85800004,0.822000027,25.04400063
2016/8/31 5:00,13.79800034,4.622000217,12.36600018,3.055999994,1.85800004,0.822000027,25.04400063
2016/8/31 6:00,13.79800034,4.622000217,12.36600018,3.055999994,1.85800004,0.822000027,25.04400063
2016/8/31 7:00,13.79800034,4.622000217,12.36600018,3.055999994,1.85800004,0.822000027,67.61999664146461
2016/8/31 8:00,13.79800034,4.622000217,12.36600018,3.055999994,1.85800004,0.822000027,25.04400063
2016/8/31 9:00,13.79800034,4.622000217,12.36600018,3.055999994,1.85800004,0.822000027,34.46161712704562
2016/8/31 10:00,13.79800034,4.622000217,12.36600018,3.055999994,1.85800004,0.822000027,23.06841412385587
2016/8/31 11:00,13.79800034,4.622000217,12.36600018,3.055999994,1.85800004,0.822000027,14.341721056507017
2016/8/31 12:00,13.79800034,4.622000217,12.36600018,3.055999994,1.85800004,0.822000027,27.542885165622604
2016/8/31 13:00,13.79800034,4.622000217,12.36600018,3.055999994,1.85800004,0.822000027,25.196856236564642
2016/8/31 14:00,13.79800034,4.622000217,12.36600018,3.055999994,1.85800004,0.822000027,9.224771785732852
2016/8/31 15:00,13.79800034,4.622000217,12.36600018,3.055999994,1.85800004,0.822000027,25.04400063
2016/8/31 16:00,13.79800034,4.622000217,12.36600018,3.055999994,1.85800004,0.822000027,25.04400063
2016/8/31 17:00,13.79800034,4.622000217,12.36600018,3.055999994,1.85800004,0.822000027,30.320833913701996
2016/8/31 18:00,13.79800034,4.622000217,12.36600018,3.055999994,1.85800004,0.822000027,14.392200546867107
2016/8/31 19:00,13.79800034,4.622000217,12.36600018,3.055999994,1.85800004,0.822000027,25.04400063
2016/8/31 20:00,13.79800034,4.622000217,12.36600018,3.055999994,1.85800004,0.822000027,37.99363861723751
2016/8/31 21:00,13.79800034,4.622000217,12.36600018,3.055999994,1.85800004,0.822000027,25.04400063
2016/8/31 22:00,13.79800034,4.622000217,12.36600018,3.055999994,1.85800004,0.822000027,25.04400063
2016/8/31 23:00,13.79800034,4.622000217,12.36600018,3.055999994,1.85800004,0.822000027,60.89696705314028
2016/9/1 0:00,16.00799942,7.234000206,10.8739996,4.619999886,4.538000107,1.552999973,26.30999947
2016/9/1 1:00,14.53499985,6.229000092,9.701000214,4.051000118,4.295000076,1.797000051,17.290330730209565
2016/9/1 2:00,14.40100002,4.487999916,9.772000313,2.061000109,4.477000237,1.583999991,3.7158087673756386
2016/9/1 3:00,14.60200024,6.429999828,10.30500031,4.370999813,4.324999809,1.523000002,36.51434303726144
2016/9/1 4:00,12.32400036,5.157000065,8.598999977,3.305000067,4.324999809,1.552999973,25.254999159999997
2016/9/1 5:00,13.86499977,6.229000092,9.23900032,4.122000217,4.782000065,1.552999973,37.77413112628871
2016/9/1 6:00,14.60200024,4.287000179,9.737000465,1.457000017,5.147999763,1.735999942,18.562949612961873
2016/9/1 7:00,15.8739996,5.894000053,10.66100025,3.339999914,5.086999893,1.91900003,42.61873740542421
2016/9/1 8:00,10.38199997,3.549999952,7.214000225,1.84800005,2.680000067,1.401000023,26.30999947
2016/9/1 9:00,9.51099968,3.684000015,6.822999954,2.096999884,2.710999966,1.309999943,27.36499977
2016/9/1 10:00,10.18099976,3.818000078,7.0,1.315000057,3.046000004,1.401000023,27.209819868663068
2016/9/1 11:00,10.7840004,3.818000078,7.320000172,1.527999997,3.319999933,1.309999943,40.64577745130581
2016/9/1 12:00,8.774000168,4.487999916,6.005000114,2.772000074,2.437000036,1.126999974,27.71699905
2016/9/1 13:00,8.171999931,3.818000078,5.791999817,2.486999989,2.405999899,0.944000006,39.11273252699871
2016/9/1 14:00,8.43900013,3.951999903,5.828000069,2.630000114,2.467000008,1.218000054,30.53100014
2016/9/1 15:00,9.243000031,3.617000103,6.928999901,1.527999997,2.650000095,1.187999964,22.83390613007004
2016/9/1 16:00,9.51099968,3.48300004,6.610000134,1.598999977,2.650000095,1.613999963,20.701454549391286
2016/9/1 17:00,9.444000244,3.08100009,6.467000008,1.491999984,2.924000025,1.218000054,30.31999969
2016/9/1 18:00,8.305999756,4.152999878,5.68599987,2.736000061,2.650000095,1.097000003,30.10899925
2016/9/1 19:00,8.907999992,3.88499999,5.828000069,2.345000029,2.954999924,1.036000013,29.595155118076626
2016/9/1 20:00,9.779000282,3.818000078,6.573999882,2.381000042,3.259000063,1.065999985,18.733552332529054
2016/9/1 21:00,9.041999817,3.214999914,5.934000015,1.84800005,3.046000004,1.097000003,19.26201522441233
2016/9/1 22:00,9.31000042,4.287000179,6.183000088,2.381000042,2.862999916,1.065999985,27.64599991
2016/9/1 23:00,10.7840004,5.090000153,7.960000038,3.980000019,2.345000029,0.975000024,26.94300079
2016/9/2 0:00,12.12300014,6.09499979,9.451999664,3.980000019,2.28399992,1.065999985,26.80200005
2016/9/2 1:00,10.91800022,5.69299984,8.208999634,3.90899992,2.253999949,1.004999995,31.205838696609767
2016/9/2 2:00,10.51599979,5.760000229,8.56400013,4.086999893,2.163000107,1.036000013,25.95800018
2016/9/2 3:00,9.578000069,4.956999779,7.853000164,3.233999968,2.071000099,1.004999995,-1.5836124470443411
2016/9/2 4:00,10.38199997,4.822999954,8.56400013,3.447000027,1.949000001,0.944000006,19.284199770991037
2016/9/2 5:00,11.05200005,5.559000015,9.131999969,4.051000118,2.040999889,0.852999985,8.720558263440894
2016/9/2 6:00,12.52499962,3.951999903,9.23900032,2.309999943,2.710999966,1.004999995,34.16551630060579
2016/9/2 7:00,11.05200005,3.818000078,8.350999832,2.096999884,2.680000067,1.371000051,24.62100029
2016/9/2 8:00,10.91800022,4.554999828,8.456999779,2.594000101,2.832999945,1.462000012,24.83200073
2016/9/2 9:00,10.31499958,6.362999916,7.604000092,3.944000006,2.954999924,1.462000012,8.893820829685424
2016/9/2 10:00,10.7840004,6.296000004,7.532999992,3.838000059,3.107000113,1.491999984,23.01024561665891
2016/9/2 11:00,10.31499958,5.290999889,7.390999794,3.872999907,3.289999962,1.340000033,27.71699905
2016/9/2 12:00,8.907999992,4.554999828,5.543000221,2.167999983,2.862999916,1.309999943,28.56100082
2016/9/2 13:00,9.243000031,4.554999828,6.040999889,2.630000114,2.954999924,1.309999943,39.913476256491364
2016/9/2 14:00,8.975000381,5.290999889,6.040999889,3.127000093,3.075999975,1.371000051,26.04575386754509
2016/9/2 15:00,9.845999718,5.223999977,6.610000134,3.127000093,2.894000053,1.309999943,31.51499939
2016/9/2 16:00,9.444000244,4.354000092,6.538000107,2.878000021,2.832999945,1.340000033,45.84335265241204
2016/9/2 17:00,9.51099968,4.68900013,6.43200016,3.019999981,3.075999975,1.248999953,22.158884695493946
2016/9/2 18:00,8.774000168,4.287000179,5.756999969,2.664999962,2.984999895,1.218000054,30.17900085
2016/9/2 19:00,9.376999855,4.085999966,6.218999863,2.486999989,3.107000113,1.097000003,28.13899994
2016/9/2 20:00,10.18099976,4.085999966,6.681000233,2.523000002,3.441999912,1.156999946,27.50600052
2016/9/2 21:00,9.109000206,3.415999889,6.040999889,2.061000109,3.015000105,1.097000003,22.905472324750125
2016/9/2 22:00,10.38199997,4.889999866,7.994999886,3.375999928,2.528000116,1.036000013,20.46821428693007
2016/9/2 23:00,11.85499954,5.425000191,9.131999969,3.411000013,2.559000015,1.097000003,11.949017185370053
2016/9/3 0:00,12.6590004,5.69299984,7.853000164,3.127000093,4.813000202,1.735999942,26.66200066
2016/9/3 1:00,15.94099998,7.368000031,11.33600044,4.833000183,4.568999767,1.644999981,-0.6749198693572054
2016/9/3 2:00,14.40100002,6.764999866,9.772000313,4.441999912,4.447000027,1.583999991,26.09900093
2016/9/3 3:00,12.85999966,6.497000217,8.173000336,4.086999893,4.507999897,1.583999991,25.95800018
2016/9/3 4:00,14.06599998,5.69299984,8.777000427,3.944000006,4.598999977,1.674999952,24.081990550262145
2016/9/3 5:00,14.93700027,6.899000168,9.913999557,4.300000191,4.630000114,1.644999981,26.23900032
2016/9/3 6:00,16.87899971,7.301000118,11.76200008,4.65500021,5.421999931,1.827999949,24.777722775945335
2016/9/3 7:00,13.9989996,6.899000168,9.416999817,4.441999912,5.117000103,1.827999949,-0.4930065619001027
2016/9/3 8:00,8.43900013,5.69299984,6.040999889,3.517999887,2.710999966,1.523000002,35.766428473282744
2016/9/3 9:00,9.31000042,5.760000229,6.822999954,3.802000046,2.832999945,1.432000041,41.680803584287865
2016/9/3 10:00,11.05200005,5.625999928,7.320000172,3.90899992,3.259000063,1.432000041,28.40523133561166
2016/9/3 11:00,10.7840004,4.956999779,7.320000172,3.127000093,3.471999884,1.401000023,29.75699997
2016/9/3 12:00,9.979999542,4.822999954,6.894000053,3.375999928,2.772000074,1.126999974,53.66178741258737
2016/9/3 13:00,10.71700001,5.157000065,7.071000099,2.772000074,2.954999924,1.248999953,34.17798557702259
2016/9/3 14:00,9.578000069,5.090000153,6.928999901,3.696000099,2.772000074,1.340000033,33.25144786787498
2016/9/3 15:00,8.840999603,5.223999977,6.610000134,3.092000008,2.650000095,1.218000054,30.304074146093996
2016/9/3 16:00,8.774000168,4.889999866,6.395999908,3.696000099,2.618999958,1.218000054,30.81200027
2016/9/3 17:00,9.31000042,4.822999954,6.43200016,3.163000107,2.954999924,1.309999943,20.488915833987175
2016/9/3 18:00,7.903999805,4.019000053,5.258999825,2.700999975,2.650000095,1.097000003,36.8825872473131
2016/9/3 19:00,9.041999817,3.549999952,5.96999979,2.167999983,3.015000105,1.004999995,11.177513723035599
2016/9/3 20:00,9.444000244,3.549999952,6.289999962,2.131999969,3.046000004,0.944000006,28.06800079
2016/9/3 21:00,10.51599979,4.152999878,7.676000118,2.451999903,2.740999937,0.913999975,27.78700066
2016/9/3 22:00,10.38199997,4.354000092,7.81799984,2.914000034,2.375999928,0.944000006,27.50600052
2016/9/3 23:00,12.05599976,5.223999977,8.989999771,3.872999907,2.467000008,1.065999985,32.59486152063659
2016/9/4 0:00,11.11900043,4.822999954,8.954999924,3.90899992,2.345000029,1.036000013,27.01300049
2016/9/4 1:00,11.31999969,5.157000065,9.630000114,4.513000011,2.071000099,0.913999975,26.73200035
2016/9/4 2:00,11.72099972,4.956999779,8.989999771,3.944000006,2.071000099,0.944000006,26.5909996
2016/9/4 3:00,11.5880003,5.69299984,9.559000015,3.980000019,1.888000011,0.883000016,26.09900093
2016/9/4 4:00,10.38199997,5.157000065,8.421999931,3.233999968,1.980000019,0.883000016,25.816999439999996
2016/9/4 5:00,11.11900043,4.822999954,9.23900032,3.339999914,2.040999889,0.852999985,25.81699944
2016/9/4 6:00,13.19499969,6.027999878,10.73200035,3.944000006,2.710999966,1.004999995,37.23722556862978
2016/9/4 7:00,11.72099972,4.889999866,8.883999825,3.197999954,2.710999966,1.218000054,25.356996014121385
2016/9/4 8:00,10.11400032,4.554999828,7.676000118,3.055999994,2.710999966,1.279000044,15.801187471487117
2016/9/4 9:00,8.572999954,4.354000092,5.96999979,2.664999962,2.618999958,1.279000044,14.841758743596515
2016/9/4 10:00,9.979999542,4.487999916,7.106999874,2.984999895,2.740999937,1.248999953,45.13446485280995
2016/9/4 11:00,9.109000206,3.88499999,6.254000187,2.415999889,2.924000025,1.126999974,29.19400024
2016/9/4 12:00,7.166999817,3.013999939,4.619999886,1.56400001,2.528000116,1.097000003,29.12400055
2016/9/4 13:00,7.301000118,2.880000114,4.868000031,1.63499999,2.497999907,1.097000003,28.9829998
2016/9/4 14:00,7.166999817,3.148000002,4.833000183,1.812000036,2.315000057,1.036000013,28.84199905
2016/9/4 15:00,7.301000118,3.415999889,4.903999805,2.131999969,2.497999907,1.126999974,27.50600052
2016/9/4 16:00,7.368000031,3.88499999,5.046000004,2.594000101,2.253999949,1.156999946,26.80200005
2016/9/4 17:00,8.23900032,3.750999928,5.436999798,2.309999943,2.772000074,1.126999974,27.08399963
2016/9/4 18:00,6.96600008,3.282000065,4.584000111,2.061000109,2.375999928,1.004999995,26.09900093
2016/9/4 19:00,7.703000069,3.08100009,5.081999779,1.953999996,2.618999958,0.852999985,38.863226888654104
2016/9/4 20:00,7.903999805,3.08100009,5.081999779,1.883000016,2.740999937,0.883000016,25.74699974
2016/9/4 21:00,6.899000168,3.750999928,4.441999912,2.096999884,2.528000116,0.883000016,31.48259912492912
2016/9/4 22:00,8.505999565,4.68900013,6.147999763,3.339999914,2.223999977,0.883000016,19.400295613634352
2016/9/4 23:00,9.444000244,5.357999802,7.320000172,3.660000086,1.949000001,0.852999985,-11.509706079622607
2016/9/5 0:00,12.52499962,6.96600008,11.44200039,5.862999916,1.888000011,0.852999985,24.90299988
2016/9/5 1:00,12.32400036,6.697999954,10.12699986,4.903999805,1.735999942,0.791999996,28.91155170857168
2016/9/5 2:00,11.65499973,6.56400013,9.274999619,4.263999939,1.644999981,0.852999985,24.4810009
2016/9/5 3:00,12.25699997,6.831999779,10.3760004,5.223999977,1.76699996,0.975000024,24.4810009
2016/9/5 4:00,12.52499962,6.162000179,10.23400021,4.513000011,1.949000001,0.944000006,42.99870684292236
2016/9/5 5:00,10.31499958,5.157000065,8.102000237,3.838000059,2.131999969,0.944000006,24.34000015
2016/9/5 6:00,13.66399956,6.56400013,10.3409996,4.868000031,2.710999966,1.065999985,53.40898184554013
2016/9/5 7:00,12.18999958,6.831999779,9.23900032,4.762000084,2.528000116,1.218000054,29.440716430170202
2016/9/5 8:00,10.24800014,7.032999992,7.782000065,4.370999813,2.559000015,1.401000023,24.90299988
2016/9/5 9:00,9.041999817,6.027999878,6.538000107,3.305000067,2.680000067,1.279000044,25.6060009
2016/9/5 10:00,9.913000107,4.956999779,6.928999901,3.305000067,2.862999916,1.279000044,26.30999947
2016/9/5 11:00,9.979999542,4.354000092,6.467000008,2.878000021,2.772000074,1.156999946,44.297655102537945
2016/9/5 12:00,8.371999741,4.287000179,5.68599987,2.415999889,2.437000036,1.036000013,27.50600052
2016/9/5 13:00,7.903999805,4.354000092,5.578999996,2.451999903,2.467000008,1.156999946,27.50600052
2016/9/5 14:00,7.836999893,4.822999954,5.721000195,3.127000093,2.223999977,1.065999985,28.20899963
2016/9/5 15:00,7.703000069,4.287000179,5.828000069,3.163000107,2.345000029,1.097000003,28.56100082
2016/9/5 16:00,7.501999855,4.21999979,5.117000103,2.948999882,2.345000029,1.097000003,29.82699966
2016/9/5 17:00,8.43900013,4.152999878,5.614999771,2.664999962,2.740999937,1.097000003,51.3120542919242
2016/9/5 18:00,7.501999855,3.88499999,4.868000031,2.381000042,2.559000015,1.065999985,27.85700035
2016/9/5 19:00,8.038000107,3.348999977,5.223999977,2.025000095,2.772000074,1.004999995,27.01300049
2016/9/5 20:00,8.038000107,3.282000065,5.329999924,2.061000109,2.710999966,0.944000006,26.16900063
2016/9/5 21:00,7.099999905,3.148000002,4.65500021,1.953999996,2.467000008,0.913999975,26.66200066
2016/9/5 22:00,7.703000069,3.48300004,4.762000084,2.096999884,2.193000078,0.944000006,26.45000076
2016/9/5 23:00,7.836999893,3.88499999,5.68599987,2.239000082,2.253999949,0.975000024,32.96791687286678
2016/9/6 0:00,11.78800011,5.827000141,7.532999992,3.625,4.507999897,1.613999963,25.74699974
2016/9/6 1:00,9.913000107,5.425000191,8.38599968,4.229000092,1.949000001,0.944000006,32.3311381425641
2016/9/6 2:00,11.25300026,4.756000042,6.857999802,2.806999922,4.234000206,1.462000012,56.43546438948601
2016/9/6 3:00,10.71700001,5.022999763,6.928999901,3.233999968,4.234000206,1.523000002,24.03002557519129
2016/9/6 4:00,10.7840004,5.157000065,7.249000072,3.233999968,4.263999939,1.583999991,37.290327098962806
2016/9/6 5:00,12.18999958,5.425000191,7.676000118,2.948999882,4.386000156,1.371000051,25.25499916
2016/9/6 6:00,13.39599991,4.554999828,8.244000435,2.948999882,4.934000015,1.462000012,16.097627494587336
2016/9/6 7:00,11.72099972,5.357999802,6.538000107,2.878000021,4.721000195,1.552999973,42.10039774229584
2016/9/6 8:00,8.975000381,4.21999979,6.538000107,3.447000027,2.131999969,1.187999964,23.662234808814848
2016/9/6 9:00,8.774000168,4.68900013,6.502999783,3.625,2.28399992,1.156999946,23.70700073
2016/9/6 10:00,9.109000206,4.956999779,6.361000061,3.163000107,2.650000095,1.218000054,24.40999985
2016/9/6 11:00,8.572999954,4.354000092,5.650000095,2.948999882,2.375999928,1.004999995,24.1989994
2016/9/6 12:00,6.429999828,3.549999952,4.406000137,2.239000082,1.76699996,0.852999985,31.59412998032499
2016/9/6 13:00,6.56400013,3.549999952,4.051000118,1.598999977,1.888000011,0.944000006,22.44099998
2016/9/6 14:00,6.09499979,3.214999914,4.263999939,2.415999889,1.888000011,1.065999985,12.983804158792402
2016/9/6 15:00,6.429999828,3.750999928,4.477000237,2.239000082,1.827999949,0.975000024,4.0829617699891205
2016/9/6 16:00,5.960999966,3.08100009,3.944000006,1.669999957,1.980000019,1.065999985,20.96299934
2016/9/6 17:00,7.703000069,3.549999952,5.117000103,2.239000082,2.528000116,1.004999995,12.74153257808884
2016/9/6 18:00,6.229000092,2.812999964,3.980000019,1.669999957,2.131999969,0.852999985,32.84178256327128
2016/9/6 19:00,5.827000141,2.411000013,3.872999907,1.527999997,1.980000019,0.670000017,19.90800095
2016/9/6 20:00,5.625999928,2.411000013,3.552999973,1.491999984,2.193000078,0.760999978,13.193543971748998
2016/9/6 21:00,4.956999779,2.678999901,3.305000067,1.207999945,1.797000051,0.731000006,-19.334310350351267
2016/9/6 22:00,4.68900013,2.477999926,3.980000019,1.91900003,1.371000051,0.547999978,17.51600075
2016/9/6 23:00,6.96600008,3.415999889,6.076000214,3.092000008,1.462000012,0.700999975,17.86800003
2016/9/7 0:00,8.104999542,4.019000053,6.965000153,3.197999954,1.523000002,0.731000006,27.19281764848885
2016/9/7 1:00,8.171999931,4.354000092,6.822999954,2.984999895,1.491999984,0.731000006,18.29000092
2016/9/7 2:00,8.371999741,4.554999828,6.928999901,3.233999968,1.279000044,0.609000027,18.21999931
2016/9/7 3:00,6.631000042,3.684000015,5.366000175,2.700999975,1.309999943,0.639999986,18.29000092
2016/9/7 4:00,8.104999542,4.019000053,6.894000053,3.197999954,1.432000041,0.700999975,18.361000059999995
2016/9/7 5:00,9.376999855,4.487999916,7.498000145,2.878000021,1.674999952,0.700999975,7.5631719714517205
2016/9/7 6:00,10.71700001,5.090000153,8.421999931,3.375999928,2.497999907,0.852999985,18.50099945
2016/9/7 7:00,10.31499958,5.827000141,8.031000137,4.157999992,2.467000008,1.126999974,19.06399918
2016/9/7 8:00,9.31000042,5.357999802,6.43200016,3.019999981,2.437000036,1.156999946,19.62700081
2016/9/7 9:00,8.371999741,5.157000065,5.578999996,3.375999928,2.223999977,1.248999953,20.82299995
2016/9/7 10:00,9.041999817,5.425000191,6.254000187,3.447000027,2.559000015,1.279000044,48.90062133532915
2016/9/7 11:00,8.104999542,4.21999979,5.578999996,2.948999882,2.588999987,0.944000006,22.44099998
2016/9/7 12:00,5.960999966,3.617000103,3.90899992,1.598999977,1.980000019,0.975000024,49.68927515306324
2016/9/7 13:00,6.027999878,3.549999952,4.263999939,2.239000082,1.888000011,0.913999975,23.98800087
2016/9/7 14:00,6.899000168,3.951999903,4.477000237,2.096999884,1.888000011,0.975000024,41.378452561977795
2016/9/7 15:00,6.96600008,3.617000103,4.441999912,2.559000015,1.797000051,1.065999985,25.11400032
2016/9/7 16:00,6.697999954,3.818000078,4.93900013,2.486999989,1.888000011,1.004999995,25.95800018
2016/9/7 17:00,7.234000206,3.684000015,4.974999905,2.381000042,2.345000029,0.944000006,24.83200073
2016/9/7 18:00,6.631000042,3.348999977,4.441999912,2.131999969,2.131999969,0.944000006,16.952557921711914
2016/9/7 19:00,6.631000042,2.746000051,4.19299984,1.56400001,2.375999928,0.913999975,23.00300026
2016/9/7 20:00,6.497000217,3.013999939,4.441999912,1.812000036,2.131999969,0.852999985,22.65200043
2016/9/7 21:00,6.497000217,3.214999914,3.944000006,1.812000036,1.827999949,0.760999978,22.44099998
2016/9/7 22:00,5.223999977,3.214999914,3.588999987,1.953999996,1.552999973,0.760999978,14.28984626470994
2016/9/7 23:00,7.099999905,4.085999966,5.791999817,3.092000008,1.644999981,0.760999978,22.58099937
2016/9/8 0:00,10.38199997,5.090000153,6.218999863,3.019999981,3.868000031,1.340000033,14.772514898590947
2016/9/8 1:00,11.05200005,4.756000042,6.894000053,3.447000027,3.868000031,1.279000044,22.1590004
2016/9/8 2:00,10.11400032,5.357999802,6.43200016,3.838000059,3.838000059,1.340000033,28.624947709509872
2016/9/8 3:00,10.24800014,5.090000153,5.828000069,2.914000034,3.99000001,1.401000023,38.81435337130086
2016/9/8 4:00,10.44900036,5.290999889,5.650000095,3.127000093,4.111999989,1.462000012,15.650027442613014
2016/9/8 5:00,10.04699993,5.223999977,5.436999798,2.451999903,4.659999847,1.491999984,22.1590004
2016/9/8 6:00,12.85999966,5.827000141,7.214000225,3.625,5.208000183,1.552999973,18.267608498303176
2016/9/8 7:00,11.65499973,5.223999977,6.361000061,3.055999994,4.538000107,1.583999991,22.29999924
2016/9/8 8:00,8.23900032,4.354000092,5.899000168,2.736000061,2.588999987,1.340000033,18.540157656600446
2016/9/8 9:00,8.038000107,4.822999954,6.147999763,3.092000008,2.467000008,1.401000023,31.96922248554494
2016/9/8 10:00,8.975000381,4.956999779,5.899000168,2.842999935,2.862999916,1.371000051,25.378538116180476
2016/9/8 11:00,9.175999641,4.756000042,6.005000114,3.197999954,2.954999924,1.156999946,14.960615005949686
2016/9/8 12:00,7.368000031,3.617000103,4.370999813,1.669999957,2.223999977,1.036000013,25.4659996
2016/9/8 13:00,6.362999916,3.750999928,4.300000191,1.84800005,2.193000078,1.065999985,25.88800049
2016/9/8 14:00,7.568999767,3.951999903,4.903999805,2.131999969,2.131999969,1.065999985,41.73049657872923
2016/9/8 15:00,6.764999866,3.951999903,5.329999924,2.486999989,2.131999969,1.248999953,27.78700066
2016/9/8 16:00,6.899000168,3.750999928,4.93900013,2.415999889,2.345000029,1.156999946,30.421394711939264
2016/9/8 17:00,7.568999767,3.88499999,5.188000202,2.594000101,2.437000036,1.036000013,7.252593496451386
2016/9/8 18:00,6.831999779,3.282000065,4.477000237,2.025000095,2.28399992,0.913999975,26.16900063
2016/9/8 19:00,7.368000031,3.282000065,4.833000183,2.239000082,2.559000015,0.944000006,24.90299988
2016/9/8 20:00,7.368000031,3.415999889,4.903999805,2.239000082,2.528000116,0.944000006,34.89105738244956
2016/9/8 21:00,8.706999779,3.348999977,6.502999783,2.381000042,2.071000099,0.852999985,24.76199913
2016/9/8 22:00,10.04699993,5.090000153,8.137999535,3.76699996,1.888000011,0.883000016,17.820441541743357
2016/9/8 23:00,10.91800022,5.559000015,9.345999718,3.730999947,1.70599997,0.883000016,24.12899971
2016/9/9 0:00,11.98900032,6.429999828,10.3409996,4.833000183,1.583999991,0.852999985,1.296619463576076
2016/9/9 1:00,12.72599983,6.764999866,10.51799965,4.619999886,1.70599997,0.913999975,24.27000046
2016/9/9 2:00,12.6590004,7.099999905,10.94499969,4.974999905,1.674999952,0.852999985,23.98800087
2016/9/9 3:00,12.45800018,6.497000217,10.19900036,4.725999832,1.462000012,0.760999978,23.016366112386297
2016/9/9 4:00,12.18999958,6.56400013,10.7670002,5.223999977,1.70599997,0.913999975,23.84799957
2016/9/9 5:00,11.72099972,3.750999928,9.984999657,2.273999929,1.980000019,0.944000006,23.84799957
2016/9/9 6:00,12.6590004,3.48300004,10.09200001,2.096999884,2.559000015,1.036000013,-10.98320255977688
2016/9/9 7:00,10.31499958,3.214999914,8.065999985,1.84800005,2.28399992,1.004999995,37.601904269890085
2016/9/9 8:00,11.05200005,4.622000217,8.527999878,2.203000069,2.28399992,1.126999974,24.34000015
2016/9/9 9:00,9.376999855,3.013999939,7.498000145,1.136999965,2.405999899,1.218000054,22.759022719072725
2016/9/9 10:00,9.913000107,5.022999763,6.610000134,3.127000093,2.650000095,1.218000054,26.80200005
2016/9/9 11:00,9.175999641,5.022999763,6.218999863,2.914000034,2.710999966,1.126999974,26.66200066
2016/9/9 12:00,7.234000206,3.348999977,4.868000031,1.883000016,2.467000008,1.156999946,27.50600052
2016/9/9 13:00,7.836999893,3.951999903,5.081999779,2.664999962,2.588999987,1.156999946,3.407921393730204
2016/9/9 14:00,8.774000168,4.822999954,5.791999817,2.700999975,2.559000015,1.248999953,29.61599922
2016/9/9 15:00,8.774000168,5.223999977,6.324999809,3.233999968,2.528000116,1.218000054,29.54599953
2016/9/9 16:00,8.43900013,4.287000179,6.040999889,2.700999975,2.680000067,1.218000054,21.20775997037464
2016/9/9 17:00,8.840999603,4.152999878,6.005000114,2.451999903,2.802000046,1.187999964,28.70199966
2016/9/9 18:00,7.703000069,3.549999952,4.903999805,2.131999969,2.802000046,1.218000054,31.75065441333301
2016/9/9 19:00,8.43900013,3.617000103,5.614999771,2.131999969,2.894000053,1.097000003,27.08399963
2016/9/9 20:00,7.903999805,3.415999889,5.258999825,2.203000069,2.650000095,0.944000006,27.08399963
2016/9/9 21:00,7.368000031,2.947000027,4.974999905,1.70599997,2.375999928,0.913999975,26.66200066
2016/9/9 22:00,9.645000458,4.622000217,7.071000099,3.411000013,1.980000019,0.883000016,26.80200005
2016/9/9 23:00,10.38199997,4.956999779,8.38599968,3.163000107,2.00999999,0.975000024,25.88800049
2016/9/10 0:00,10.18099976,5.492000103,8.350999832,3.838000059,1.827999949,0.852999985,5.003875421132503
2016/9/10 1:00,10.91800022,5.625999928,8.741999626,3.90899992,1.583999991,0.791999996,17.57409108512012
2016/9/10 2:00,11.11900043,5.223999977,9.451999664,4.300000191,1.462000012,0.700999975,20.93407770500044
2016/9/10 3:00,10.7840004,4.956999779,8.847999573,3.447000027,1.462000012,0.731000006,37.01989953218287
2016/9/10 4:00,10.71700001,4.622000217,8.56400013,3.339999914,1.735999942,0.883000016,24.551000599999995
2016/9/10 5:00,10.31499958,5.157000065,7.994999886,3.482000113,1.85800004,0.791999996,30.72269369718646
2016/9/10 6:00,10.71700001,5.022999763,8.031000137,2.914000034,2.375999928,1.004999995,23.98800087
2016/9/10 7:00,9.913000107,5.425000191,7.284999847,3.019999981,2.588999987,1.279000044,41.80185578780033
2016/9/10 8:00,10.91800022,5.960999966,8.456999779,3.625,2.710999966,1.340000033,8.938145905340598
2016/9/10 9:00,9.041999817,5.559000015,6.538000107,3.447000027,2.862999916,1.491999984,22.19498092021402
2016/9/10 10:00,9.979999542,5.894000053,7.106999874,3.696000099,3.137000084,1.491999984,27.01300049
2016/9/10 11:00,10.31499958,5.492000103,7.249000072,3.269000053,3.107000113,1.279000044,50.65924119358502
2016/9/10 12:00,7.971000195,4.019000053,4.93900013,2.594000101,2.345000029,1.126999974,48.166054576796
2016/9/10 13:00,7.836999893,4.085999966,5.010000229,1.812000036,2.437000036,1.156999946,27.85700035
2016/9/10 14:00,7.836999893,3.818000078,5.507999897,3.092000008,2.375999928,1.156999946,28.27899933
2016/9/10 15:00,8.305999756,4.68900013,5.472000122,2.806999922,2.405999899,1.126999974,36.62657326476284
2016/9/10 16:00,7.301000118,4.085999966,5.010000229,2.630000114,2.375999928,1.097000003,27.64599991
2016/9/10 17:00,8.840999603,4.354000092,6.147999763,2.878000021,2.740999937,1.097000003,27.50600052
2016/9/10 18:00,7.568999767,3.750999928,4.974999905,2.594000101,2.375999928,0.944000006,27.08399963
2016/9/10 19:00,8.23900032,3.684000015,5.721000195,2.167999983,2.618999958,1.004999995,26.30999947
2016/9/10 20:00,7.636000156,3.348999977,5.366000175,2.309999943,2.28399992,0.791999996,22.429629620248747
2016/9/10 21:00,9.175999641,3.617000103,6.965000153,1.883000016,2.253999949,0.852999985,35.82465435578091
2016/9/10 22:00,11.11900043,4.956999779,9.593999863,4.370999813,2.040999889,0.944000006,59.77627753345027
2016/9/10 23:00,13.12800026,3.88499999,10.51799965,2.806999922,1.797000051,0.913999975,45.38193458273873
2016/9/11 0:00,17.34799957,5.894000053,12.97000027,3.517999887,4.203000069,1.401000023,24.5510006
2016/9/11 1:00,16.61100006,5.425000191,12.47299957,2.984999895,4.172999859,1.371000051,2.037866087755038
2016/9/11 2:00,16.87899971,5.960999966,12.68599987,3.482000113,4.081999779,1.432000041,15.422396082739272
2016/9/11 3:00,16.54400063,5.290999889,12.43700027,2.984999895,3.868000031,1.401000023,24.69199944
2016/9/11 4:00,14.86999989,6.429999828,10.51799965,4.157999992,4.020999908,1.491999984,18.685288380023387
2016/9/11 5:00,15.60599995,4.889999866,11.19400024,2.523000002,4.568999767,1.491999984,25.18400002
2016/9/11 6:00,17.95100021,5.090000153,12.54399967,2.700999975,5.117000103,1.644999981,24.90299988
2016/9/11 7:00,16.47699928,5.425000191,11.76200008,2.736000061,4.965000153,1.797000051,47.52856475459896
2016/9/11 8:00,13.9989996,4.421000004,11.51299953,2.914000034,2.467000008,1.248999953,28.184936572356552
2016/9/11 9:00,10.91800022,5.894000053,8.493000031,3.944000006,2.193000078,1.248999953,25.67700005
2016/9/11 10:00,8.774000168,4.889999866,6.076000214,2.664999962,2.588999987,1.156999946,25.39500046
2016/9/11 11:00,9.376999855,4.68900013,6.218999863,2.415999889,3.229000092,1.218000054,25.18400002
2016/9/11 12:00,7.166999817,3.549999952,4.300000191,2.203000069,2.345000029,1.036000013,24.97299957
2016/9/11 13:00,7.166999817,3.415999889,4.513000011,2.486999989,2.375999928,1.097000003,39.290328323897135
2016/9/11 14:00,7.636000156,4.68900013,5.258999825,2.984999895,2.223999977,1.126999974,25.11400032
2016/9/11 15:00,6.362999916,3.282000065,4.300000191,1.99000001,2.131999969,1.036000013,30.95363433747256
2016/9/11 16:00,6.027999878,3.415999889,3.625,1.491999984,2.315000057,1.126999974,-2.970818516826071
2016/9/11 17:00,7.501999855,3.617000103,4.903999805,2.381000042,2.650000095,1.126999974,23.35499954
2016/9/11 18:00,6.764999866,3.415999889,4.547999859,2.309999943,2.315000057,0.944000006,22.44099998
2016/9/11 19:00,7.099999905,3.148000002,4.584000111,2.061000109,2.375999928,0.852999985,21.73699951
2016/9/11 20:00,6.497000217,3.148000002,4.370999813,2.096999884,2.040999889,0.760999978,25.627783550367578
2016/9/11 21:00,5.625999928,2.210000038,3.802000046,1.56400001,1.76699996,0.639999986,30.187517165831032
2016/9/11 22:00,6.027999878,3.148000002,3.660000086,1.812000036,1.583999991,0.700999975,20.82299995
2016/9/11 23:00,8.706999779,4.421000004,5.96999979,3.197999954,1.85800004,0.731000006,20.40099907
2016/9/12 0:00,9.31000042,4.487999916,7.782000065,3.660000086,1.491999984,0.822000027,33.37789632532697
2016/9/12 1:00,9.845999718,5.223999977,7.81799984,3.76699996,1.371000051,0.760999978,-15.317322544694747
2016/9/12 2:00,9.845999718,5.223999977,8.102000237,3.90899992,1.309999943,0.700999975,19.97900009
2016/9/12 3:00,8.975000381,4.756000042,7.355999947,3.411000013,1.340000033,0.700999975,24.938559638374528
2016/9/12 4:00,8.840999603,4.68900013,7.284999847,3.660000086,1.491999984,0.731000006,8.58961313563615
2016/9/12 5:00,9.711999893,4.21999979,7.710999966,3.305000067,1.76699996,1.126999974,20.04899979
2016/9/12 6:00,10.64999962,4.152999878,8.031000137,2.984999895,2.375999928,0.760999978,20.11899948
2016/9/12 7:00,9.979999542,5.290999889,6.502999783,3.339999914,2.345000029,1.126999974,20.82299995
2016/9/12 8:00,8.774000168,5.559000015,5.68599987,3.411000013,2.497999907,1.309999943,20.95771257540752
2016/9/12 9:00,6.96600008,3.88499999,4.903999805,2.523000002,2.528000116,1.523000002,0.8234286865051832
2016/9/12 10:00,8.305999756,4.085999966,5.366000175,2.415999889,2.710999966,1.279000044,24.34000015
2016/9/12 11:00,8.23900032,3.951999903,5.578999996,2.736000061,2.772000074,1.156999946,26.743122059571654
2016/9/12 12:00,7.166999817,3.214999914,4.584000111,2.239000082,2.28399992,1.126999974,28.21055573837445
2016/9/12 13:00,7.099999905,3.951999903,4.619999886,2.381000042,2.163000107,1.036000013,25.13431215598837
2016/9/12 14:00,6.296000004,3.951999903,4.547999859,2.239000082,1.980000019,1.004999995,27.08399963
2016/9/12 15:00,7.301000118,3.750999928,4.974999905,2.842999935,2.101999998,1.065999985,46.35199345741436
2016/9/12 16:00,6.697999954,3.88499999,4.406000137,2.523000002,2.223999977,1.097000003,36.73012698093271
2016/9/12 17:00,8.104999542,3.818000078,5.401000023,2.630000114,2.467000008,1.004999995,60.123121252135356
2016/9/12 18:00,7.166999817,3.48300004,4.690999985,2.273999929,2.467000008,0.913999975,25.56750944496021
2016/9/12 19:00,7.368000031,3.214999914,4.903999805,2.025000095,2.437000036,0.883000016,24.90299988
2016/9/12 20:00,6.96600008,3.214999914,4.762000084,2.061000109,2.375999928,0.883000016,24.40999985
2016/9/12 21:00,6.96600008,1.875,4.441999912,0.782000005,2.00999999,0.822000027,24.1989994
2016/9/12 22:00,8.572999954,4.019000053,6.538000107,2.345000029,1.827999949,0.822000027,26.088319070031247
2016/9/12 23:00,10.7840004,3.617000103,9.131999969,2.772000074,1.735999942,0.822000027,-20.431451111974756
2016/9/13 0:00,14.60200024,4.421000004,10.6960001,2.309999943,4.081999779,1.401000023,23.98800087
2016/9/13 1:00,14.46800041,4.354000092,10.23400021,2.096999884,3.99000001,1.309999943,23.63699913
2016/9/13 2:00,14.80300045,4.822999954,10.3760004,2.594000101,3.71600008,1.279000044,23.56599998
2016/9/13 3:00,14.60200024,4.889999866,10.51799965,2.736000061,3.960000038,1.371000051,23.0739994
2016/9/13 4:00,14.53499985,4.822999954,9.984999657,2.700999975,3.868000031,1.309999943,24.396396275216585
2016/9/13 5:00,14.60200024,4.554999828,10.4829998,2.239000082,4.172999859,1.309999943,6.662822820727084
2016/9/13 6:00,16.1420002,4.68900013,11.05099964,2.203000069,4.813000202,1.401000023,22.44099998
2016/9/13 7:00,14.86999989,4.554999828,10.44699955,2.736000061,3.898999929,1.126999974,48.39126059176402
2016/9/13 8:00,10.64999962,4.822999954,9.345999718,3.980000019,1.371000051,0.578999996,24.12899971
2016/9/13 9:00,6.899000168,3.818000078,5.828000069,3.552999973,1.309999943,0.518000007,24.83200073
2016/9/13 10:00,7.836999893,4.622000217,6.254000187,3.588999987,1.552999973,0.578999996,53.2791292997904
2016/9/13 11:00,8.104999542,4.152999878,6.324999809,2.736000061,1.735999942,0.547999978,17.241096464423446
2016/9/13 12:00,6.497000217,3.282000065,5.223999977,2.381000042,1.248999953,0.486999989,22.028199983709555
2016/9/13 13:00,5.894000053,2.947000027,4.584000111,2.025000095,1.309999943,0.486999989,27.15399933
2016/9/13 14:00,6.697999954,3.549999952,5.081999779,2.415999889,1.156999946,0.456999987,28.06800079
2016/9/13 15:00,7.166999817,4.152999878,5.68599987,2.878000021,1.187999964,0.518000007,28.06800079
2016/9/13 16:00,6.56400013,3.818000078,5.258999825,2.984999895,1.187999964,0.486999989,19.52117429851529
2016/9/13 17:00,6.764999866,2.947000027,5.507999897,2.523000002,1.279000044,0.456999987,27.50600052
2016/9/13 18:00,6.229000092,3.148000002,4.93900013,2.486999989,1.248999953,0.365999997,37.01817392721366
2016/9/13 19:00,7.769999981,3.415999889,5.117000103,2.381000042,2.680000067,0.883000016,25.88800049
2016/9/13 20:00,7.836999893,3.48300004,5.046000004,2.273999929,2.740999937,0.944000006,17.521534996472624
2016/9/13 21:00,7.032999992,3.214999914,4.300000191,2.167999983,2.680000067,0.975000024,16.537284258956305
2016/9/13 22:00,8.774000168,4.152999878,6.183000088,2.664999962,2.193000078,0.852999985,27.157602781437262
2016/9/13 23:00,11.98900032,5.157000065,9.772000313,3.802000046,1.949000001,0.852999985,37.6287005566473
2016/9/14 0:00,12.52499962,6.362999916,10.625,4.370999813,1.827999949,0.822000027,12.856671553373891
2016/9/14 1:00,11.85499954,6.362999916,10.02099991,4.547999859,1.644999981,0.760999978,16.542558433491116
2016/9/14 2:00,12.39099979,3.617000103,10.625,2.914000034,1.674999952,0.791999996,23.0739994
2016/9/14 3:00,9.444000244,5.022999763,7.782000065,3.625,1.523000002,0.731000006,22.65200043
2016/9/14 4:00,8.640000343,4.085999966,7.0,2.772000074,1.491999984,0.852999985,22.65200043
2016/9/14 5:00,9.376999855,4.152999878,7.532999992,2.948999882,1.888000011,0.791999996,52.55083511712346
2016/9/14 6:00,11.45400047,4.487999916,8.954999924,3.127000093,2.559000015,0.883000016,22.29999924
2016/9/14 7:00,11.05200005,5.894000053,9.131999969,4.584000111,2.223999977,1.004999995,22.51099968
2016/9/14 8:00,10.98499966,6.027999878,8.421999931,4.051000118,2.28399992,1.218000054,3.8895172970878678
2016/9/14 9:00,8.907999992,5.559000015,6.787000179,3.90899992,2.193000078,1.156999946,19.202313622334245
2016/9/14 10:00,10.04699993,5.425000191,6.928999901,3.517999887,2.618999958,1.248999953,23.49600029
2016/9/14 11:00,8.907999992,4.822999954,5.899000168,2.984999895,2.710999966,1.126999974,56.188064991736695
2016/9/14 12:00,6.631000042,3.549999952,4.229000092,1.669999957,2.101999998,1.036000013,29.747740281525047
2016/9/14 13:00,6.764999866,3.88499999,4.19299984,1.812000036,2.253999949,1.126999974,19.32737092979719
2016/9/14 14:00,6.429999828,3.684000015,4.725999832,2.131999969,2.253999949,1.065999985,40.628026071742134
2016/9/14 15:00,6.09499979,4.152999878,4.441999912,2.451999903,1.949000001,1.036000013,23.49600029
2016/9/14 16:00,5.960999966,3.549999952,4.157999992,2.309999943,1.949000001,0.975000024,23.28499985
2016/9/14 17:00,6.429999828,3.282000065,4.263999939,2.025000095,2.101999998,0.913999975,22.58099937
2016/9/14 18:00,6.162000179,3.214999914,4.014999866,2.061000109,2.163000107,0.852999985,35.35452098709174
2016/9/14 19:00,6.764999866,3.08100009,4.547999859,2.061000109,2.223999977,0.822000027,13.549600374170794
2016/9/14 20:00,6.631000042,2.947000027,4.229000092,1.77699995,2.375999928,0.852999985,21.80800056
2016/9/14 21:00,5.492000103,3.013999939,3.730999947,2.309999943,1.827999949,0.700999975,30.0790728542235
2016/9/14 22:00,7.903999805,4.487999916,6.644999981,3.447000027,1.523000002,0.670000017,24.628325501032087
2016/9/14 23:00,9.779000282,4.756000042,7.994999886,3.375999928,1.462000012,0.700999975,66.5855284512439
2016/9/15 0:00,13.73099995,6.296000004,9.807999611,4.263999939,3.71600008,1.248999953,3.9798330989748854
2016/9/15 1:00,13.66399956,6.764999866,9.274999619,4.547999859,3.838000059,1.340000033,0.8949033951677379
2016/9/15 2:00,13.26200008,6.296000004,8.706000328,3.552999973,3.868000031,1.401000023,21.52599907
2016/9/15 3:00,12.52499962,5.357999802,8.635000229,3.838000059,3.898999929,1.309999943,14.636053669940143
2016/9/15 4:00,11.85499954,5.827000141,8.38599968,3.90899992,3.99000001,1.401000023,21.10400009
2016/9/15 5:00,12.32400036,5.492000103,7.710999966,3.197999954,4.172999859,1.401000023,21.0340004
2016/9/15 6:00,11.78800011,3.415999889,6.005000114,1.883000016,4.690999985,1.401000023,20.61199951
2016/9/15 7:00,10.51599979,4.287000179,5.401000023,2.025000095,4.598999977,1.432000041,29.660278290352075
2016/9/15 8:00,5.827000141,2.344000101,3.730999947,0.852999985,2.223999977,0.913999975,18.346162452463506
2016/9/15 9:00,6.764999866,3.08100009,4.157999992,1.065999985,2.193000078,0.883000016,19.6970005
2016/9/15 10:00,8.23900032,2.812999964,5.329999924,1.421000004,2.437000036,0.760999978,14.087163486601483
2016/9/15 11:00,6.56400013,3.148000002,4.547999859,1.669999957,2.193000078,0.639999986,17.65699959
2016/9/15 12:00,4.554999828,1.674000025,3.127000093,1.243999958,1.432000041,0.547999978,28.00501944061202
2016/9/15 13:00,4.354000092,2.477999926,2.914000034,1.279000044,1.401000023,0.639999986,20.47100067
2016/9/15 14:00,4.889999866,2.477999926,3.339999914,1.101999998,1.491999984,0.670000017,20.26000023
2016/9/15 15:00,4.956999779,2.210000038,2.842999935,0.995000005,1.523000002,0.670000017,18.85300064
2016/9/15 16:00,4.68900013,1.942000031,2.914000034,1.065999985,1.70599997,0.670000017,2.8342274414727933
2016/9/15 17:00,5.827000141,1.875,3.802000046,1.136999965,2.131999969,0.609000027,25.056493936473835
2016/9/15 18:00,5.022999763,1.875,3.163000107,1.101999998,1.85800004,0.609000027,17.86800003
2016/9/15 19:00,5.559000015,2.009000063,3.482000113,1.101999998,2.071000099,0.609000027,-9.616130506495146
2016/9/15 20:00,5.090000153,1.875,3.092000008,1.031000018,1.980000019,0.670000017,16.67200089
2016/9/15 21:00,4.622000217,2.344000101,2.772000074,1.457000017,1.735999942,0.639999986,16.25
2016/9/15 22:00,4.287000179,2.880000114,2.736000061,1.883000016,1.613999963,0.700999975,15.75800037
2016/9/15 23:00,4.756000042,2.947000027,2.914000034,1.812000036,1.674999952,0.760999978,15.33600044
2016/9/16 0:00,4.354000092,2.746000051,2.984999895,1.812000036,1.401000023,0.639999986,12.083919476161551
2016/9/16 1:00,4.21999979,2.812999964,2.664999962,1.91900003,1.309999943,0.609000027,41.12295828205111
2016/9/16 2:00,3.282000065,2.009000063,2.131999969,1.669999957,1.126999974,0.547999978,14.42099953
2016/9/16 3:00,2.947000027,2.210000038,1.99000001,1.243999958,0.944000006,0.486999989,8.988594989050338
2016/9/16 4:00,3.148000002,2.545000076,1.953999996,1.56400001,1.126999974,0.518000007,16.398970279660617
2016/9/16 5:00,4.287000179,2.075999975,2.451999903,1.741000056,1.248999953,0.518000007,12.590798474880497
2016/9/16 6:00,5.827000141,2.812999964,3.305000067,1.70599997,2.131999969,0.670000017,-1.1033782258106117
2016/9/16 7:00,6.229000092,2.142999887,3.944000006,0.924000025,2.253999949,0.700999975,13.15499973
2016/9/16 8:00,6.764999866,2.411000013,3.872999907,1.315000057,2.131999969,0.852999985,-4.603540966032171
2016/9/16 9:00,7.099999905,3.617000103,4.547999859,1.99000001,2.345000029,1.004999995,34.893119366780496
2016/9/16 10:00,7.032999992,3.415999889,4.868000031,2.203000069,2.467000008,0.852999985,13.085000040000002
2016/9/16 11:00,7.234000206,3.013999939,4.477000237,1.741000056,2.740999937,1.004999995,3.8000356175717616
2016/9/16 12:00,5.69299984,2.477999926,3.625,1.457000017,1.980000019,0.944000006,18.21999931
2016/9/16 13:00,5.69299984,2.611999989,3.944000006,1.598999977,1.76699996,0.760999978,19.48600006
2016/9/16 14:00,5.827000141,3.148000002,3.660000086,1.491999984,1.644999981,0.822000027,20.32999992
2016/9/16 15:00,5.357999802,3.348999977,3.588999987,1.491999984,1.644999981,0.791999996,21.17399979
2016/9/16 16:00,5.492000103,2.812999964,3.588999987,1.812000036,1.888000011,0.822000027,20.96299934
2016/9/16 17:00,6.56400013,2.812999964,4.335000038,1.812000036,2.223999977,0.791999996,20.61199951
2016/9/16 18:00,5.894000053,2.411000013,3.696000099,1.527999997,2.223999977,0.700999975,13.035258574377323
2016/9/16 19:00,5.894000053,2.411000013,3.76699996,1.491999984,2.131999969,0.639999986,20.82299995
2016/9/16 20:00,5.625999928,2.477999926,3.517999887,1.527999997,2.040999889,0.700999975,9.194407437496789
2016/9/16 21:00,4.822999954,2.411000013,3.019999981,1.741000056,1.735999942,0.731000006,25.663316709039712
2016/9/16 22:00,6.56400013,3.951999903,5.081999779,2.203000069,1.401000023,0.639999986,21.45599937
2016/9/16 23:00,6.831999779,3.148000002,5.081999779,2.096999884,1.432000041,0.639999986,21.52599907
2016/9/17 0:00,6.96600008,3.549999952,5.828000069,2.061000109,1.218000054,0.578999996,-1.9664649867662527
2016/9/17 1:00,6.831999779,3.282000065,5.507999897,2.131999969,1.218000054,0.609000027,20.96299934
2016/9/17 2:00,6.296000004,3.750999928,5.188000202,1.953999996,1.218000054,0.639999986,31.930225363492
2016/9/17 3:00,7.636000156,3.88499999,5.96999979,2.203000069,1.097000003,0.639999986,20.32999992
2016/9/17 4:00,8.371999741,4.287000179,6.822999954,2.984999895,1.462000012,0.731000006,19.76799965
2016/9/17 5:00,8.305999756,3.617000103,6.147999763,2.167999983,1.76699996,0.852999985,19.97900009
2016/9/17 6:00,9.175999641,4.21999979,7.676000118,2.948999882,2.588999987,0.822000027,46.87650187970503
2016/9/17 7:00,8.706999779,4.019000053,6.502999783,2.736000061,2.345000029,1.004999995,20.54100037
2016/9/17 8:00,8.171999931,4.287000179,6.324999809,2.772000074,2.00999999,0.944000006,34.24755013808221
2016/9/17 9:00,7.234000206,3.415999889,4.725999832,2.381000042,2.101999998,1.065999985,-3.348423177556654
2016/9/17 10:00,8.43900013,4.152999878,5.96999979,2.523000002,2.467000008,1.065999985,35.5589319896719
2016/9/17 11:00,8.706999779,3.88499999,5.329999924,2.061000109,2.832999945,0.944000006,23.84799957
2016/9/17 12:00,6.429999828,3.214999914,4.263999939,1.812000036,2.163000107,1.036000013,35.90570693413538
2016/9/17 13:00,6.429999828,3.818000078,3.76699996,1.91900003,2.040999889,1.065999985,25.39500046
2016/9/17 14:00,6.56400013,3.951999903,4.014999866,2.273999929,1.980000019,1.065999985,26.37999916
2016/9/17 15:00,6.631000042,3.88499999,4.513000011,2.273999929,1.980000019,1.065999985,25.5359993
2016/9/17 16:00,6.162000179,3.684000015,3.872999907,2.630000114,2.193000078,1.156999946,30.088526803919912
2016/9/17 17:00,6.831999779,3.013999939,4.406000137,1.91900003,2.437000036,0.944000006,60.30325178800176
2016/9/17 18:00,6.296000004,2.812999964,4.051000118,1.741000056,2.253999949,0.822000027,24.62100029
2016/9/17 19:00,6.497000217,2.678999901,4.263999939,1.70599997,2.223999977,0.731000006,15.268201109155953
2016/9/17 20:00,6.162000179,2.947000027,4.014999866,1.812000036,2.163000107,0.791999996,22.86300087
2016/9/17 21:00,6.899000168,2.545000076,5.614999771,1.84800005,1.949000001,0.852999985,41.137537418298685
2016/9/17 22:00,8.907999992,4.822999954,7.106999874,3.411000013,1.432000041,0.670000017,22.65200043
2016/9/17 23:00,9.041999817,4.287000179,7.071000099,3.127000093,1.674999952,0.852999985,9.221363659629665
2016/9/18 0:00,13.59700012,6.362999916,9.23900032,4.122000217,4.051000118,1.401000023,22.37000084
2016/9/18 1:00,14.2670002,7.032999992,9.737000465,4.690999985,4.111999989,1.462000012,21.73699951
2016/9/18 2:00,12.59200001,5.960999966,8.598999977,3.660000086,4.234000206,1.613999963,57.09238090934406
2016/9/18 3:00,13.19499969,6.09499979,8.741999626,4.157999992,4.111999989,1.491999984,23.1439991
2016/9/18 4:00,12.92700005,6.631000042,8.812999725,4.370999813,4.142000198,1.523000002,41.55447453991801
2016/9/18 5:00,13.4630003,5.894000053,8.954999924,3.482000113,4.568999767,1.523000002,20.42828183535884
2016/9/18 6:00,15.73999977,6.899000168,10.58899975,4.014999866,5.208000183,1.674999952,37.25840453577377
2016/9/18 7:00,14.46800041,6.56400013,9.416999817,3.980000019,4.813000202,1.76699996,22.58099937
2016/9/18 8:00,9.913000107,5.492000103,7.355999947,3.375999928,2.193000078,1.279000044,28.838014751477537
2016/9/18 9:00,8.706999779,4.68900013,6.681000233,3.163000107,2.131999969,1.126999974,24.12899971
2016/9/18 10:00,8.23900032,3.48300004,4.93900013,2.096999884,2.437000036,1.004999995,24.97299957
2016/9/18 11:00,7.903999805,4.287000179,5.543000221,2.559000015,2.497999907,0.913999975,26.52099991
2016/9/18 12:00,6.296000004,3.214999914,4.157999992,2.451999903,1.91900003,0.822000027,54.853652687671115
2016/9/18 13:00,5.827000141,3.48300004,3.980000019,1.77699995,1.91900003,0.852999985,32.00613036348818
2016/9/18 14:00,5.894000053,3.48300004,4.122000217,2.594000101,1.76699996,0.913999975,28.49099922
2016/9/18 15:00,6.362999916,3.148000002,4.051000118,2.559000015,1.827999949,1.004999995,15.045758617566774
2016/9/18 16:00,5.827000141,3.617000103,3.76699996,2.239000082,2.00999999,0.975000024,30.204085544064583
2016/9/18 17:00,6.831999779,3.348999977,4.441999912,2.273999929,2.345000029,0.822000027,34.438147484393035
2016/9/18 18:00,6.229000092,2.947000027,4.122000217,1.883000016,2.193000078,0.822000027,25.95800018
2016/9/18 19:00,6.56400013,2.812999964,4.300000191,1.741000056,2.315000057,0.700999975,44.37049295720368
2016/9/18 20:00,6.296000004,2.947000027,4.157999992,2.025000095,2.040999889,0.791999996,-12.235053394974177
2016/9/18 21:00,5.425000191,3.013999939,3.872999907,1.421000004,1.70599997,0.700999975,23.4260006
2016/9/18 22:00,7.636000156,4.21999979,6.147999763,2.594000101,1.735999942,0.791999996,29.265776156689032
2016/9/18 23:00,9.578000069,2.344000101,7.143000126,1.243999958,1.888000011,0.883000016,29.770632316631115
2016/9/19 0:00,9.845999718,3.013999939,8.279999733,1.953999996,1.644999981,0.791999996,22.37000084
2016/9/19 1:00,9.979999542,5.223999977,8.670999527,3.660000086,1.462000012,0.700999975,38.525211556731236
2016/9/19 2:00,9.51099968,4.822999954,8.065999985,3.305000067,1.432000041,0.731000006,22.58099937
2016/9/19 3:00,9.779000282,4.421000004,8.208999634,3.339999914,1.462000012,0.700999975,22.37000084
2016/9/19 4:00,9.175999641,4.421000004,7.747000217,3.517999887,1.309999943,0.639999986,52.2857196160196
2016/9/19 5:00,7.903999805,3.88499999,6.040999889,2.451999903,1.85800004,0.760999978,20.32999992
2016/9/19 6:00,12.52499962,2.611999989,9.701000214,1.527999997,2.467000008,0.822000027,-5.857382688302787
2016/9/19 7:00,12.45800018,6.229000092,9.451999664,4.051000118,2.405999899,1.065999985,20.68199921
2016/9/19 8:00,9.979999542,4.956999779,7.568999767,3.411000013,2.315000057,1.218000054,20.68199921
2016/9/19 9:00,7.301000118,4.889999866,5.081999779,3.127000093,2.28399992,1.187999964,22.44099998
2016/9/19 10:00,7.769999981,4.019000053,6.005000114,2.664999962,2.223999977,1.004999995,24.34000015
2016/9/19 11:00,8.640000343,3.684000015,5.507999897,2.806999922,2.497999907,0.913999975,24.34000015
2016/9/19 12:00,6.497000217,3.48300004,4.690999985,2.096999884,1.85800004,0.760999978,41.597652471865906
2016/9/19 13:00,5.827000141,3.818000078,3.944000006,2.203000069,2.040999889,0.883000016,25.4659996
2016/9/19 14:00,6.027999878,3.684000015,4.441999912,2.878000021,1.91900003,0.975000024,40.17386418201067
2016/9/19 15:00,5.625999928,3.684000015,3.980000019,1.883000016,1.76699996,0.883000016,15.45242062199722
2016/9/19 16:00,5.827000141,3.415999889,3.944000006,2.309999943,1.91900003,0.944000006,40.57248982728249
2016/9/19 17:00,6.764999866,3.08100009,4.65500021,2.061000109,2.163000107,0.760999978,12.913912586749829
2016/9/19 18:00,6.09499979,2.947000027,3.90899992,1.812000036,2.163000107,0.791999996,46.62426861664302
2016/9/19 19:00,6.429999828,2.678999901,4.122000217,1.669999957,2.375999928,0.791999996,0.3295827612179334
2016/9/19 20:00,6.027999878,2.880000114,3.838000059,1.741000056,2.223999977,0.883000016,23.84799957
2016/9/19 21:00,5.960999966,1.875,3.838000059,0.995000005,1.827999949,0.852999985,22.1590004
2016/9/19 22:00,8.640000343,4.421000004,7.071000099,3.305000067,1.491999984,0.670000017,11.287065980971915
2016/9/19 23:00,8.572999954,4.287000179,6.751999855,2.700999975,1.797000051,0.852999985,51.02474827308279
2016/9/20 0:00,12.85999966,5.760000229,8.31499958,3.055999994,4.142000198,1.462000012,-13.098025557806196
2016/9/20 1:00,11.31999969,4.889999866,7.214000225,2.948999882,4.081999779,1.401000023,46.89073556800103
2016/9/20 2:00,11.85499954,5.559000015,7.747000217,3.339999914,3.898999929,1.432000041,21.87800026
2016/9/20 3:00,12.32400036,5.357999802,8.173000336,3.588999987,3.806999922,1.371000051,22.014542759089494
2016/9/20 4:00,11.85499954,5.492000103,7.249000072,2.700999975,4.051000118,1.371000051,39.04244103268062
2016/9/20 5:00,12.32400036,4.822999954,7.853000164,2.948999882,4.263999939,1.340000033,21.73699951
2016/9/20 6:00,13.52999973,4.956999779,8.741999626,2.772000074,4.994999886,1.491999984,20.47100067
2016/9/20 7:00,12.45800018,5.827000141,7.532999992,3.269000053,4.751999855,1.613999963,21.17399979
2016/9/20 8:00,9.109000206,4.152999878,6.965000153,2.630000114,2.163000107,1.248999953,21.94799995
2016/9/20 9:00,8.038000107,4.152999878,5.188000202,2.415999889,2.467000008,1.371000051,23.28499985
2016/9/20 10:00,8.774000168,3.818000078,5.96999979,2.736000061,2.740999937,1.248999953,29.320543214788792
2016/9/20 11:00,8.104999542,3.415999889,5.578999996,2.167999983,2.740999937,1.126999974,25.81699944
2016/9/20 12:00,6.162000179,3.148000002,3.696000099,1.421000004,2.00999999,0.944000006,25.32500076
2016/9/20 13:00,6.027999878,3.282000065,3.552999973,1.99000001,1.827999949,0.852999985,5.069637657067006
2016/9/20 14:00,6.229000092,3.013999939,4.370999813,1.953999996,1.76699996,0.883000016,27.9279995
2016/9/20 15:00,6.296000004,3.282000065,3.838000059,1.741000056,1.91900003,1.036000013,25.5359993
2016/9/20 16:00,5.760000229,3.148000002,3.730999947,1.953999996,2.163000107,0.975000024,18.345223469713705
2016/9/20 17:00,6.362999916,2.947000027,4.014999866,1.812000036,2.345000029,0.822000027,15.536623818901013
2016/9/20 18:00,5.960999966,2.545000076,3.588999987,1.527999997,2.28399992,0.883000016,24.76199913
2016/9/20 19:00,6.764999866,2.545000076,4.051000118,1.457000017,2.559000015,0.975000024,21.42219673848735
2016/9/20 20:00,6.027999878,2.746000051,3.76699996,1.669999957,2.223999977,0.791999996,22.37000084
2016/9/20 21:00,7.099999905,2.142999887,5.188000202,1.741000056,1.888000011,0.760999978,21.45599937
2016/9/20 22:00,9.444000244,4.421000004,7.461999893,3.233999968,1.735999942,0.822000027,21.0340004
2016/9/20 23:00,13.19499969,4.554999828,11.40699959,2.772000074,1.674999952,0.822000027,21.66699982
2016/9/21 0:00,14.19999981,4.822999954,12.50800037,3.339999914,1.401000023,0.731000006,22.29999924
2016/9/21 1:00,13.39599991,4.354000092,11.93999958,3.197999954,1.309999943,0.670000017,5.185329698473792
2016/9/21 2:00,12.45800018,4.354000092,11.40699959,2.878000021,1.126999974,0.578999996,24.179292185183105
2016/9/21 3:00,12.92700005,4.085999966,11.65499973,2.878000021,1.126999974,0.578999996,23.156215933975044
2016/9/21 4:00,12.32400036,6.162000179,11.40699959,4.65500021,1.340000033,0.609000027,31.137410271821516
2016/9/21 5:00,14.13300037,6.497000217,12.64999962,5.081999779,1.613999963,0.670000017,11.887344421062744
2016/9/21 6:00,15.06999969,6.631000042,13.18299961,4.65500021,2.375999928,0.822000027,22.79199982
2016/9/21 7:00,15.06999969,5.492000103,12.11699963,3.163000107,2.315000057,0.975000024,22.0890007
2016/9/21 8:00,11.92199993,3.48300004,9.451999664,1.883000016,2.28399992,1.248999953,5.005773744397289
2016/9/21 9:00,7.501999855,1.807999969,4.93900013,0.213,2.101999998,1.036000013,23.63699913
2016/9/21 10:00,8.43900013,1.674000025,5.401000023,0.603999972,2.559000015,1.036000013,24.34000015
2016/9/21 11:00,8.23900032,3.415999889,5.329999924,1.741000056,2.862999916,1.097000003,24.90299988
2016/9/21 12:00,5.357999802,2.947000027,3.696000099,1.669999957,1.85800004,0.944000006,24.69199944
2016/9/21 13:00,5.425000191,3.148000002,3.339999914,1.350000024,2.163000107,1.126999974,24.4810009
2016/9/21 14:00,6.229000092,3.549999952,3.625,1.669999957,1.980000019,1.004999995,24.34000015
2016/9/21 15:00,6.631000042,3.48300004,4.122000217,2.131999969,2.00999999,1.097000003,23.84799957
2016/9/21 16:00,5.960999966,2.746000051,3.802000046,1.56400001,1.949000001,0.944000006,23.35499954
2016/9/21 17:00,6.697999954,2.27699995,4.441999912,1.065999985,2.315000057,0.852999985,22.79199982
2016/9/21 18:00,6.229000092,2.142999887,3.696000099,1.031000018,2.375999928,0.883000016,22.51099968
2016/9/21 19:00,6.429999828,2.477999926,3.802000046,1.315000057,2.559000015,0.944000006,21.66699982
2016/9/21 20:00,5.894000053,2.880000114,3.696000099,1.70599997,2.253999949,0.913999975,24.9771015875736
2016/9/21 21:00,5.425000191,2.27699995,3.447000027,1.279000044,1.91900003,0.822000027,34.506166938338076
2016/9/21 22:00,6.56400013,4.152999878,5.366000175,2.878000021,1.552999973,0.731000006,-5.20783803726994
2016/9/21 23:00,8.23900032,2.812999964,6.644999981,1.350000024,1.674999952,0.760999978,33.77612100504469
2016/9/22 0:00,11.85499954,3.348999977,7.355999947,1.350000024,4.203000069,1.432000041,19.97900009
2016/9/22 1:00,10.71700001,3.415999889,6.254000187,1.172999978,4.234000206,1.491999984,1.3546485400859876
2016/9/22 2:00,11.78800011,3.684000015,7.461999893,1.741000056,4.142000198,1.432000041,54.673374065399166
2016/9/22 3:00,11.85499954,4.019000053,7.498000145,1.70599997,4.142000198,1.462000012,19.41600037
2016/9/22 4:00,10.18099976,3.08100009,6.610000134,1.136999965,3.960000038,1.279000044,19.62700081
2016/9/22 5:00,13.32900047,4.019000053,9.097000122,2.061000109,4.142000198,1.218000054,3.0895273558606493
2016/9/22 6:00,13.59700012,3.282000065,9.168000221,1.741000056,4.751999855,1.552999973,-5.753398792382835
2016/9/22 7:00,11.5880003,5.559000015,7.0,2.948999882,4.630000114,1.552999973,0.13635116715895612
2016/9/22 8:00,8.975000381,4.622000217,6.573999882,2.984999895,2.040999889,1.065999985,18.930001988814926
2016/9/22 9:00,7.636000156,4.756000042,5.543000221,2.948999882,2.131999969,1.065999985,29.42585656565335
2016/9/22 10:00,7.903999805,3.88499999,5.507999897,2.559000015,2.437000036,1.036000013,23.63699913
2016/9/22 11:00,8.104999542,3.415999889,5.650000095,2.025000095,2.772000074,1.004999995,14.533362021217068
2016/9/22 12:00,6.362999916,3.148000002,3.730999947,1.315000057,1.91900003,0.822000027,24.5510006
2016/9/22 13:00,6.09499979,3.148000002,4.229000092,1.77699995,1.797000051,0.852999985,25.88800049
2016/9/22 14:00,6.831999779,3.549999952,4.263999939,1.883000016,1.949000001,1.218000054,25.74699974
2016/9/22 15:00,8.171999931,4.019000053,5.828000069,3.019999981,2.071000099,1.065999985,25.04400063
2016/9/22 16:00,6.027999878,3.148000002,4.086999893,1.91900003,1.85800004,0.975000024,25.39500046
2016/9/22 17:00,7.166999817,3.08100009,4.547999859,1.741000056,2.528000116,0.975000024,25.32500076
2016/9/22 18:00,6.162000179,2.477999926,3.838000059,1.491999984,2.405999899,0.822000027,23.1439991
2016/9/22 19:00,6.362999916,2.344000101,3.980000019,1.421000004,2.28399992,0.731000006,22.1590004
2016/9/22 20:00,6.027999878,2.611999989,3.838000059,1.70599997,2.101999998,0.760999978,22.37000084
2016/9/22 21:00,5.827000141,2.746000051,3.552999973,1.279000044,1.735999942,0.731000006,22.0890007
2016/9/22 22:00,6.362999916,3.148000002,4.93900013,1.953999996,1.552999973,0.670000017,21.66699982
2016/9/22 23:00,10.04699993,3.214999914,8.777000427,2.096999884,1.401000023,0.639999986,21.17399979
