date,HUFL,HULL,MUFL,MULL,LUFL,LULL,OT
2016/7/1 0:00,5.827000141,2.009000063,1.598999977,0.462000012,4.203000069,1.340000033,29.790098190307617
2016/7/1 1:00,5.69299984,2.075999975,1.491999984,0.425999999,4.142000198,1.371000051,29.785890579223633
2016/7/1 2:00,5.157000065,1.741000056,1.279000044,0.354999989,3.77699995,1.218000054,27.78700066
2016/7/1 3:00,5.090000153,1.942000031,1.279000044,0.391000003,3.806999922,1.279000044,29.7788143157959
2016/7/1 4:00,5.357999802,1.942000031,1.491999984,0.462000012,3.868000031,1.279000044,21.94799995
2016/7/1 5:00,5.625999928,2.142999887,1.527999997,0.532999992,4.051000118,1.371000051,29.779863357543945
2016/7/1 6:00,7.166999817,2.947000027,2.131999969,0.782000005,5.026000023,1.85800004,29.78175926208496
2016/7/1 7:00,7.434999943,3.282000065,2.309999943,1.031000018,5.086999893,2.223999977,29.763498306274414
2016/7/1 8:00,5.559000015,3.013999939,2.451999903,1.172999978,2.954999924,1.432000041,29.729759216308594
2016/7/1 9:00,4.554999828,2.545000076,1.91900003,0.816999972,2.680000067,1.371000051,17.44599915
2016/7/1 10:00,4.956999779,2.545000076,1.99000001,0.852999985,2.954999924,1.491999984,29.73668098449707
2016/7/1 11:00,5.760000229,2.545000076,2.203000069,0.852999985,3.441999912,1.491999984,29.75423812866211
2016/7/1 12:00,4.68900013,2.545000076,1.812000036,0.852999985,2.832999945,1.523000002,29.72991943359375
2016/7/1 13:00,4.68900013,2.678999901,1.77699995,1.243999958,3.107000113,1.613999963,29.720718383789062
2016/7/1 14:00,5.090000153,2.947000027,2.451999903,1.350000024,2.559000015,1.432000041,29.714679718017578
2016/7/1 15:00,5.090000153,3.148000002,2.486999989,1.350000024,2.588999987,1.523000002,29.709545135498047
2016/7/1 16:00,4.21999979,2.411000013,1.70599997,0.782000005,2.618999958,1.491999984,29.726408004760742
2016/7/1 17:00,4.756000042,2.344000101,1.63499999,0.711000025,3.075999975,1.491999984,29.742229461669922
2016/7/1 18:00,5.625999928,2.880000114,2.523000002,1.207999945,3.075999975,1.491999984,29.733116149902344
2016/7/1 19:00,5.492000103,3.013999939,2.451999903,1.207999945,3.015000105,1.552999973,29.726266860961914
2016/7/1 20:00,5.357999802,3.013999939,2.451999903,1.207999945,2.862999916,1.523000002,29.722936630249023
2016/7/1 21:00,5.090000153,2.947000027,2.381000042,1.207999945,2.680000067,1.523000002,29.7177734375
2016/7/1 22:00,4.822999954,2.947000027,2.203000069,1.172999978,2.618999958,1.523000002,29.714170455932617
2016/7/1 23:00,4.622000217,2.880000114,2.131999969,1.136999965,2.467000008,1.491999984,29.711931228637695
2016/7/2 0:00,5.223999977,3.08100009,2.700999975,1.315000057,2.437000036,1.523000002,29.710853576660156
2016/7/2 1:00,5.157000065,3.013999939,2.878000021,1.350000024,2.345000029,1.432000041,29.71278953552246
2016/7/2 2:00,5.157000065,3.148000002,2.878000021,1.491999984,2.28399992,1.432000041,29.70548439025879
2016/7/2 3:00,5.157000065,3.08100009,2.914000034,1.491999984,2.193000078,1.401000023,29.70581817626953
2016/7/2 4:00,4.554999828,3.08100009,2.451999903,1.491999984,2.193000078,1.401000023,29.698209762573242
2016/7/2 5:00,5.425000191,3.282000065,3.092000008,1.70599997,2.437000036,1.462000012,29.70366859436035
2016/7/2 6:00,5.492000103,3.282000065,2.523000002,1.491999984,2.984999895,1.462000012,29.716941833496094
2016/7/2 7:00,5.625999928,3.214999914,2.486999989,1.491999984,3.075999975,1.523000002,29.718862533569336
2016/7/2 8:00,5.559000015,3.282000065,2.594000101,1.669999957,2.924000025,1.523000002,29.710254669189453
2016/7/2 9:00,5.223999977,3.214999914,2.559000015,1.56400001,2.680000067,1.462000012,29.7081241607666
2016/7/2 10:00,9.913000107,4.956999779,6.644999981,3.305000067,3.046000004,1.552999973,29.696697235107422
2016/7/2 11:00,11.78800011,5.425000191,8.173000336,2.523000002,3.686000109,1.674999952,29.74648666381836
2016/7/2 12:00,9.645000458,4.956999779,6.751999855,2.131999969,3.107000113,1.827999949,29.72531509399414
2016/7/2 13:00,10.38199997,5.760000229,7.461999893,2.559000015,2.984999895,1.76699996,29.708904266357422
2016/7/2 14:00,8.774000168,4.68900013,6.111999989,2.025000095,2.894000053,1.91900003,21.31500053
2016/7/2 15:00,10.44900036,5.157000065,6.965000153,2.451999903,2.772000074,1.735999942,29.713748931884766
2016/7/2 16:00,9.845999718,4.822999954,7.035999775,2.664999962,2.894000053,1.76699996,29.711694717407227
2016/7/2 17:00,9.913000107,4.822999954,6.894000053,2.415999889,3.229000092,1.735999942,29.72650146484375
2016/7/2 18:00,10.64999962,4.68900013,6.928999901,2.451999903,3.381000042,1.797000051,25.88800049
2016/7/2 19:00,10.11400032,4.354000092,6.644999981,1.812000036,3.107000113,1.735999942,29.74766731262207
2016/7/2 20:00,9.979999542,4.152999878,6.573999882,1.953999996,3.411000013,1.76699996,27.29500008
2016/7/2 21:00,9.31000042,4.21999979,6.005000114,2.131999969,3.229000092,1.85800004,29.73119354248047
2016/7/2 22:00,9.444000244,4.622000217,6.965000153,2.167999983,2.954999924,1.85800004,29.725627899169922
2016/7/2 23:00,9.444000244,4.287000179,6.822999954,2.559000015,2.588999987,1.735999942,29.712656021118164
2016/7/3 0:00,10.38199997,5.425000191,7.604000092,2.309999943,2.954999924,1.674999952,29.72346305847168
2016/7/3 1:00,9.779000282,5.223999977,6.71600008,2.842999935,2.650000095,1.674999952,29.694129943847656
2016/7/3 2:00,10.38199997,4.68900013,7.320000172,2.203000069,2.984999895,1.85800004,29.732492446899414
2016/7/3 3:00,9.779000282,4.152999878,6.822999954,1.99000001,2.528000116,1.674999952,29.73301124572754
2016/7/3 4:00,10.71700001,4.756000042,7.355999947,2.806999922,2.650000095,1.797000051,29.709999084472656
2016/7/3 5:00,10.31499958,4.68900013,7.390999794,2.451999903,2.924000025,1.85800004,29.724040985107422
2016/7/3 6:00,12.59200001,5.223999977,8.670999527,2.203000069,3.71600008,1.949000001,25.32500076
2016/7/3 7:00,11.11900043,4.622000217,7.888999939,2.842999935,3.625,1.91900003,29.73685646057129
2016/7/3 8:00,10.64999962,4.421000004,7.035999775,2.025000095,3.594000101,1.91900003,29.753774642944336
2016/7/3 9:00,10.04699993,4.21999979,6.43200016,1.669999957,3.686000109,1.949000001,29.760509490966797
2016/7/3 10:00,11.72099972,5.090000153,7.888999939,2.559000015,3.563999891,1.85800004,29.741451263427734
2016/7/3 11:00,12.12300014,5.357999802,8.065999985,2.486999989,4.081999779,1.91900003,29.753629684448242
2016/7/3 12:00,9.979999542,5.022999763,6.857999802,2.559000015,3.289999962,1.85800004,26.80200005
2016/7/3 13:00,9.243000031,4.956999779,6.289999962,2.630000114,3.137000084,1.888000011,29.70458984375
2016/7/3 14:00,10.18099976,5.425000191,7.177999973,3.019999981,3.075999975,1.888000011,29.696941375732422
2016/7/3 15:00,9.645000458,5.425000191,7.106999874,2.664999962,3.015000105,1.827999949,29.703325271606445
2016/7/3 16:00,9.779000282,4.889999866,6.502999783,2.984999895,3.075999975,2.00999999,29.75699997
2016/7/3 17:00,11.11900043,5.157000065,7.320000172,2.914000034,3.806999922,1.980000019,29.725393295288086
2016/7/3 18:00,11.05200005,4.956999779,7.390999794,2.523000002,3.686000109,1.980000019,29.737075805664062
2016/7/3 19:00,10.7840004,4.889999866,7.214000225,2.486999989,3.594000101,1.888000011,29.736080169677734
2016/7/3 20:00,11.18599987,4.889999866,7.177999973,2.345000029,3.960000038,1.91900003,29.749980926513672
2016/7/3 21:00,10.44900036,4.889999866,6.610000134,2.309999943,3.806999922,2.040999889,29.736398696899414
2016/7/3 22:00,9.578000069,5.760000229,6.787000179,3.127000093,3.259000063,1.888000011,29.68645477294922
2016/7/3 23:00,9.31000042,5.760000229,6.610000134,3.055999994,3.167999983,1.888000011,29.68354034423828
2016/7/4 0:00,9.913000107,5.894000053,6.254000187,2.630000114,3.015000105,1.85800004,29.691980361938477
2016/7/4 1:00,8.975000381,4.956999779,6.289999962,2.664999962,2.862999916,1.827999949,29.69701385498047
2016/7/4 2:00,8.640000343,4.822999954,6.147999763,2.594000101,2.924000025,1.827999949,29.699438095092773
2016/7/4 3:00,9.175999641,5.492000103,5.578999996,2.381000042,2.862999916,1.85800004,29.692480087280273
2016/7/4 4:00,9.109000206,4.822999954,5.650000095,2.523000002,2.772000074,1.797000051,29.6978759765625
2016/7/4 5:00,9.845999718,5.559000015,5.96999979,2.948999882,3.107000113,1.888000011,29.686853408813477
2016/7/4 6:00,11.5880003,5.425000191,7.390999794,2.806999922,3.806999922,1.980000019,29.727739334106445
2016/7/4 7:00,11.78800011,6.09499979,7.214000225,2.984999895,3.898999929,2.040999889,29.71314811706543
2016/7/4 8:00,10.58300018,5.960999966,7.143000126,2.914000034,3.654999971,2.071000099,29.703310012817383
2016/7/4 9:00,11.5880003,6.296000004,7.568999767,3.055999994,3.471999884,2.00999999,29.700387954711914
2016/7/4 10:00,11.92199993,6.229000092,7.710999966,3.055999994,3.746000051,1.949000001,29.711946487426758
2016/7/4 11:00,12.32400036,5.559000015,8.421999931,3.233999968,4.203000069,1.980000019,29.54599953
2016/7/4 12:00,10.38199997,5.894000053,6.857999802,2.630000114,3.563999891,1.949000001,29.709739685058594
2016/7/4 13:00,10.04699993,5.425000191,6.751999855,3.019999981,3.319999933,1.949000001,29.69729232788086
2016/7/4 14:00,10.51599979,6.027999878,7.106999874,3.375999928,3.137000084,1.91900003,29.679737091064453
2016/7/4 15:00,10.71700001,6.09499979,6.787000179,3.019999981,3.167999983,2.00999999,29.686656951904297
2016/7/4 16:00,9.979999542,5.022999763,6.502999783,2.559000015,3.441999912,2.040999889,29.71531867980957
2016/7/4 17:00,11.31999969,5.090000153,7.355999947,2.451999903,3.868000031,2.040999889,29.741302490234375
2016/7/4 18:00,11.38700008,4.956999779,7.355999947,2.451999903,4.295000076,2.193000078,29.750221252441406
2016/7/4 19:00,9.376999855,3.88499999,6.894000053,2.239000082,2.467000008,1.187999964,29.736854553222656
2016/7/4 20:00,10.11400032,4.085999966,7.143000126,2.239000082,2.954999924,1.462000012,29.74535369873047
2016/7/4 21:00,10.38199997,4.822999954,6.894000053,2.309999943,3.503000021,2.00999999,29.732831954956055
2016/7/4 22:00,9.645000458,4.889999866,6.610000134,1.91900003,3.259000063,1.91900003,29.732980728149414
2016/7/4 23:00,12.72599983,6.497000217,9.345999718,3.482000113,3.167999983,1.980000019,29.69853973388672
2016/7/5 0:00,11.98900032,5.625999928,8.777000427,2.948999882,3.197999954,1.980000019,29.719261169433594
2016/7/5 1:00,12.52499962,6.296000004,8.954999924,3.163000107,3.137000084,2.00999999,25.95800018
2016/7/5 2:00,12.32400036,6.296000004,8.812999725,3.375999928,2.984999895,1.91900003,29.695486068725586
2016/7/5 3:00,10.71700001,5.425000191,8.065999985,2.878000021,2.832999945,1.85800004,29.70583152770996
2016/7/5 4:00,11.31999969,5.625999928,7.676000118,2.630000114,3.046000004,1.888000011,29.71491813659668
2016/7/5 5:00,10.85099983,4.68900013,6.822999954,1.883000016,3.319999933,2.040999889,29.744674682617188
2016/7/5 6:00,13.32900047,5.425000191,8.883999825,2.736000061,4.081999779,1.949000001,29.757991790771484
2016/7/5 7:00,11.45400047,5.223999977,7.853000164,2.772000074,3.654999971,2.00999999,29.73027801513672
2016/7/5 8:00,11.05200005,5.960999966,7.461999893,3.127000093,3.563999891,2.101999998,30.31999969
2016/7/5 9:00,10.98499966,6.027999878,7.532999992,2.700999975,3.411000013,2.040999889,29.708784103393555
2016/7/5 10:00,12.79300022,5.960999966,8.56400013,3.447000027,3.838000059,2.163000107,29.713762283325195
2016/7/5 11:00,13.39599991,6.429999828,8.741999626,3.482000113,4.598999977,2.253999949,29.732921600341797
2016/7/5 12:00,11.25300026,5.425000191,7.676000118,2.736000061,3.594000101,2.00999999,29.72438621520996
2016/7/5 13:00,9.913000107,4.554999828,6.681000233,2.309999943,3.319999933,1.91900003,29.730297088623047
2016/7/5 14:00,10.18099976,5.357999802,7.320000172,2.486999989,3.319999933,2.071000099,29.716062545776367
2016/7/5 15:00,10.85099983,5.223999977,7.249000072,2.415999889,3.319999933,1.949000001,29.726213455200195
2016/7/5 16:00,10.04699993,5.022999763,6.894000053,2.736000061,3.167999983,2.253999949,32.00799942
2016/7/5 17:00,11.92199993,5.425000191,7.923999786,2.878000021,4.386000156,2.101999998,29.742151260375977
2016/7/5 18:00,11.45400047,4.956999779,7.461999893,2.345000029,3.99000001,2.040999889,29.750755310058594
2016/7/5 19:00,10.85099983,4.68900013,7.071000099,2.345000029,3.806999922,1.949000001,29.74614143371582
2016/7/5 20:00,11.18599987,4.622000217,7.284999847,2.203000069,3.898999929,1.888000011,29.758190155029297
2016/7/5 21:00,10.64999962,4.68900013,6.894000053,2.167999983,3.806999922,2.00999999,29.74747085571289
2016/7/5 22:00,9.979999542,4.354000092,6.644999981,1.91900003,3.563999891,1.980000019,29.7490234375
2016/7/5 23:00,11.85499954,5.760000229,7.81799984,2.700999975,3.259000063,1.949000001,29.7186336517334
2016/7/6 0:00,10.38199997,5.090000153,6.467000008,2.842999935,3.015000105,1.827999949,29.703039169311523
2016/7/6 1:00,10.71700001,5.425000191,7.498000145,2.309999943,2.832999945,1.91900003,29.716800689697266
2016/7/6 2:00,10.85099983,5.357999802,7.81799984,2.878000021,2.832999945,1.85800004,29.705846786499023
2016/7/6 3:00,9.779000282,5.157000065,5.96999979,2.345000029,3.167999983,2.131999969,29.706235885620117
2016/7/6 4:00,9.376999855,4.487999916,6.254000187,2.273999929,3.015000105,2.040999889,29.71653938293457
2016/7/6 5:00,11.38700008,5.559000015,7.853000164,2.842999935,3.259000063,2.345000029,29.706710815429688
2016/7/6 6:00,11.85499954,4.487999916,8.208999634,2.096999884,3.868000031,1.85800004,29.773948669433594
2016/7/6 7:00,12.52499962,6.162000179,9.131999969,3.625,3.532999992,1.888000011,29.706960678100586
2016/7/6 8:00,12.72599983,6.362999916,9.345999718,3.375999928,3.71600008,1.980000019,30.53100014
2016/7/6 9:00,11.11900043,4.756000042,7.177999973,2.131999969,3.349999905,1.980000019,29.742630004882812
2016/7/6 10:00,11.78800011,4.889999866,8.031000137,2.451999903,3.563999891,1.85800004,30.24900055
2016/7/6 11:00,13.12800026,4.956999779,8.670999527,2.772000074,3.99000001,1.91900003,29.759843826293945
2016/7/6 12:00,10.58300018,4.756000042,7.0,2.061000109,2.954999924,1.644999981,29.738243103027344
2016/7/6 13:00,10.31499958,5.290999889,7.498000145,2.345000029,3.046000004,1.70599997,29.724727630615234
2016/7/6 14:00,9.444000244,5.022999763,6.965000153,2.203000069,2.650000095,1.644999981,29.716081619262695
2016/7/6 15:00,10.44900036,4.21999979,7.0,2.381000042,2.710999966,1.583999991,29.73208999633789
2016/7/6 16:00,9.845999718,4.085999966,7.071000099,1.91900003,2.710999966,1.552999973,29.7450008392334
2016/7/6 17:00,10.98499966,4.756000042,7.639999866,2.630000114,3.289999962,1.644999981,29.736501693725586
2016/7/6 18:00,10.71700001,4.287000179,7.320000172,2.096999884,3.319999933,1.644999981,29.755741119384766
2016/7/6 19:00,9.175999641,3.549999952,6.005000114,1.56400001,3.107000113,1.613999963,29.68600082
2016/7/6 20:00,9.645000458,4.152999878,6.254000187,1.457000017,3.411000013,1.735999942,29.76219940185547
2016/7/6 21:00,8.505999565,2.880000114,5.436999798,0.745999992,3.532999992,1.827999949,29.788021087646484
2016/7/6 22:00,10.51599979,3.348999977,7.106999874,1.279000044,3.259000063,1.644999981,29.789432525634766
2016/7/6 23:00,13.39599991,4.68900013,10.23400021,2.381000042,3.259000063,1.674999952,29.776708602905273
2016/7/7 0:00,12.59200001,5.157000065,9.204000473,2.309999943,2.772000074,1.613999963,29.749561309814453
2016/7/7 1:00,14.19999981,6.229000092,11.19400024,3.447000027,2.559000015,1.552999973,28.77199936
2016/7/7 2:00,12.59200001,6.229000092,10.9090004,3.696000099,2.528000116,1.523000002,29.702089309692383
2016/7/7 3:00,14.2670002,6.362999916,11.12199974,3.872999907,2.832999945,1.674999952,29.710275650024414
2016/7/7 4:00,12.59200001,5.090000153,9.204000473,2.772000074,2.680000067,1.827999949,29.730669021606445
2016/7/7 5:00,13.73099995,5.625999928,10.66100025,2.984999895,3.229000092,1.76699996,29.747568130493164
2016/7/7 6:00,15.13700008,5.760000229,11.22900009,2.948999882,3.319999933,1.644999981,29.76376724243164
2016/7/7 7:00,14.2670002,5.960999966,10.80300045,3.197999954,3.381000042,1.797000051,29.743406295776367
2016/7/7 8:00,12.52499962,5.090000153,9.31000042,3.055999994,3.075999975,1.797000051,29.732484817504883
2016/7/7 9:00,12.32400036,5.559000015,8.670999527,2.842999935,3.015000105,1.674999952,29.72682762145996
2016/7/7 10:00,13.26200008,6.09499979,9.807999611,2.842999935,3.441999912,1.76699996,29.740354537963867
2016/7/7 11:00,12.32400036,4.956999779,8.244000435,2.559000015,3.99000001,1.735999942,29.76190185546875
2016/7/7 12:00,9.645000458,3.617000103,6.787000179,1.598999977,3.046000004,1.523000002,29.766313552856445
2016/7/7 13:00,10.51599979,4.554999828,7.390999794,2.131999969,2.802000046,1.552999973,29.740150451660156
2016/7/7 14:00,9.376999855,3.818000078,6.573999882,1.56400001,2.650000095,1.552999973,29.751495361328125
2016/7/7 15:00,9.109000206,3.684000015,6.610000134,1.598999977,2.588999987,2.131999969,29.737619400024414
2016/7/7 16:00,9.243000031,3.415999889,6.538000107,1.70599997,2.984999895,1.552999973,29.760040283203125
2016/7/7 17:00,10.44900036,4.21999979,7.320000172,2.096999884,3.229000092,1.523000002,29.75564956665039
2016/7/7 18:00,11.05200005,4.287000179,7.604000092,1.99000001,3.471999884,1.674999952,29.765724182128906
2016/7/7 19:00,10.11400032,4.085999966,6.857999802,1.953999996,3.259000063,1.644999981,29.75455665588379
2016/7/7 20:00,11.11900043,4.152999878,7.427000046,1.91900003,3.746000051,1.674999952,29.77513885498047
2016/7/7 21:00,10.44900036,3.282000065,7.106999874,1.279000044,3.594000101,1.70599997,29.79636573791504
2016/7/7 22:00,10.51599979,3.88499999,7.355999947,1.598999977,3.167999983,1.674999952,29.77118492126465
2016/7/7 23:00,11.85499954,5.357999802,8.883999825,3.197999954,3.075999975,1.552999973,29.722328186035156
2016/7/8 0:00,11.85499954,4.756000042,8.883999825,2.984999895,2.954999924,1.523000002,29.735498428344727
2016/7/8 1:00,10.38199997,4.756000042,7.994999886,2.630000114,2.497999907,1.340000033,29.723901748657227
2016/7/8 2:00,11.18599987,5.223999977,8.706000328,2.594000101,2.375999928,1.401000023,29.72378158569336
2016/7/8 3:00,10.24800014,4.554999828,7.747000217,2.736000061,2.437000036,1.491999984,29.71670913696289
2016/7/8 4:00,10.91800022,4.085999966,8.244000435,2.594000101,2.315000057,1.462000012,29.12400055
2016/7/8 5:00,12.6590004,5.223999977,9.416999817,2.700999975,2.894000053,1.613999963,29.741987228393555
2016/7/8 6:00,13.59700012,5.425000191,9.737000465,2.984999895,3.471999884,1.644999981,29.751169204711914
2016/7/8 7:00,10.38199997,4.085999966,7.214000225,2.025000095,3.289999962,1.644999981,29.757408142089844
2016/7/8 8:00,9.979999542,4.554999828,6.71600008,2.273999929,3.289999962,1.797000051,29.73387336730957
2016/7/8 9:00,9.645000458,4.019000053,6.894000053,2.594000101,3.015000105,1.644999981,29.729021072387695
2016/7/8 10:00,11.72099972,4.756000042,7.994999886,2.167999983,3.381000042,1.735999942,30.67099953
2016/7/8 11:00,11.78800011,4.21999979,8.031000137,2.131999969,3.928999901,1.827999949,29.77732276916504
2016/7/8 12:00,10.44900036,4.085999966,7.355999947,1.812000036,3.167999983,1.674999952,29.76158905029297
2016/7/8 13:00,10.18099976,3.415999889,6.857999802,1.741000056,3.046000004,1.613999963,29.767091751098633
2016/7/8 14:00,12.92700005,5.022999763,6.751999855,1.527999997,5.696000099,2.223999977,29.81247901916504
2016/7/8 15:00,10.18099976,4.21999979,6.573999882,1.741000056,3.015000105,1.644999981,29.7514591217041
2016/7/8 16:00,9.444000244,3.549999952,6.610000134,1.279000044,2.924000025,1.613999963,29.769384384155273
2016/7/8 17:00,10.31499958,4.085999966,7.177999973,2.096999884,3.229000092,1.644999981,29.753284454345703
2016/7/8 18:00,10.71700001,3.88499999,7.106999874,1.741000056,3.563999891,1.674999952,29.775466918945312
2016/7/8 19:00,10.18099976,3.617000103,6.467000008,1.421000004,3.594000101,1.674999952,29.781574249267578
2016/7/8 20:00,11.85499954,4.085999966,7.639999866,1.56400001,4.263999939,1.85800004,29.800262451171875
2016/7/8 21:00,12.72599983,4.354000092,8.244000435,2.131999969,4.295000076,1.76699996,29.792051315307617
2016/7/8 22:00,14.06599998,5.357999802,9.666000366,2.239000082,3.77699995,1.70599997,29.781639099121094
2016/7/8 23:00,18.15200043,8.840999603,12.40200043,4.19299984,5.81799984,3.046000004,29.800386428833008
2016/7/9 0:00,14.60200024,5.960999966,11.30000019,3.339999914,3.259000063,1.76699996,29.7427978515625
2016/7/9 1:00,14.53499985,6.162000179,11.69099998,3.90899992,3.046000004,1.644999981,29.7235050201416
2016/7/9 2:00,14.40100002,6.296000004,11.72700024,3.944000006,2.802000046,1.613999963,29.715030670166016
2016/7/9 3:00,13.9989996,6.497000217,10.94499969,3.197999954,2.710999966,1.674999952,29.722047805786133
2016/7/9 4:00,14.06599998,6.296000004,11.30000019,3.482000113,2.832999945,2.00999999,29.715621948242188
2016/7/9 5:00,14.2670002,5.425000191,10.8380003,3.019999981,3.319999933,1.76699996,29.75617790222168
2016/7/9 6:00,14.60200024,5.69299984,10.8739996,3.055999994,3.289999962,1.735999942,29.753311157226562
2016/7/9 7:00,9.109000206,2.611999989,6.395999908,1.065999985,2.740999937,1.523000002,29.783958435058594
2016/7/9 8:00,11.45400047,3.415999889,8.279999733,1.101999998,3.137000084,1.76699996,29.80234718322754
2016/7/9 9:00,9.779000282,3.549999952,6.005000114,1.70599997,3.289999962,1.644999981,29.96800041
2016/7/9 10:00,10.85099983,4.21999979,6.573999882,1.243999958,3.471999884,1.797000051,29.776988983154297
2016/7/9 11:00,10.51599979,3.48300004,6.610000134,1.350000024,3.868000031,1.735999942,29.79364013671875
2016/7/9 12:00,9.779000282,3.617000103,5.899000168,0.852999985,3.229000092,1.70599997,29.782419204711914
2016/7/9 13:00,10.24800014,3.750999928,6.610000134,1.243999958,3.046000004,1.552999973,29.776214599609375
2016/7/9 14:00,9.645000458,4.019000053,6.822999954,1.56400001,3.046000004,1.552999973,29.760852813720703
2016/7/9 15:00,9.578000069,3.818000078,6.361000061,1.491999984,3.075999975,1.613999963,29.761615753173828
2016/7/9 16:00,11.98900032,4.152999878,6.43200016,1.527999997,5.604000092,2.193000078,29.81566047668457
2016/7/9 17:00,10.7840004,3.818000078,6.644999981,1.207999945,3.868000031,1.888000011,29.791316986083984
2016/7/9 18:00,10.11400032,3.415999889,6.254000187,1.207999945,3.686000109,2.040999889,29.783212661743164
2016/7/9 19:00,9.444000244,3.148000002,5.96999979,1.101999998,3.411000013,1.644999981,29.786333084106445
2016/7/9 20:00,11.31999969,3.48300004,7.427000046,1.812000036,4.051000118,1.674999952,29.796518325805664
2016/7/9 21:00,13.52999973,4.756000042,9.522999763,2.700999975,3.898999929,1.462000012,29.781091690063477
2016/7/9 22:00,12.45800018,5.827000141,8.918999672,3.552999973,3.503000021,1.583999991,29.717878341674805
2016/7/9 23:00,13.32900047,5.357999802,9.593999863,2.451999903,3.289999962,1.552999973,29.762712478637695
2016/7/10 0:00,15.27099991,6.229000092,9.737000465,2.736000061,5.482999802,2.00999999,29.795272827148438
2016/7/10 1:00,15.53899956,6.09499979,10.51799965,3.163000107,5.208000183,2.040999889,29.78473472595215
2016/7/10 2:00,15.13700008,6.362999916,9.630000114,3.233999968,4.934000015,1.91900003,29.765628814697266
2016/7/10 3:00,14.40100002,5.894000053,8.493000031,2.984999895,4.934000015,1.980000019,29.76595687866211
2016/7/10 4:00,14.13300037,5.157000065,8.598999977,2.451999903,4.965000153,1.949000001,29.79303741455078
2016/7/10 5:00,13.9989996,4.354000092,8.706000328,2.131999969,5.269000053,2.040999889,29.81938934326172
2016/7/10 6:00,14.93700027,5.625999928,9.026000023,1.91900003,5.81799984,2.101999998,29.82596206665039
2016/7/10 7:00,13.32900047,4.554999828,7.710999966,1.457000017,5.573999882,2.193000078,29.82826805114746
2016/7/10 8:00,10.85099983,4.554999828,7.320000172,2.203000069,3.197999954,1.76699996,29.74408721923828
2016/7/10 9:00,9.845999718,4.287000179,6.857999802,1.812000036,3.167999983,1.70599997,29.750642776489258
2016/7/10 10:00,10.24800014,3.951999903,6.857999802,1.70599997,3.381000042,1.797000051,29.76412010192871
2016/7/10 11:00,11.85499954,4.019000053,7.604000092,1.812000036,4.142000198,1.735999942,29.79366111755371
2016/7/10 12:00,8.572999954,3.282000065,5.578999996,1.136999965,2.984999895,1.523000002,29.768115997314453
2016/7/10 13:00,8.640000343,3.08100009,5.507999897,1.031000018,2.710999966,1.432000041,29.12400055
2016/7/10 14:00,8.305999756,2.411000013,5.188000202,0.711000025,2.924000025,1.523000002,29.787839889526367
2016/7/10 15:00,8.774000168,3.348999977,6.147999763,1.350000024,2.528000116,1.432000041,29.757844924926758
2016/7/10 16:00,8.038000107,2.545000076,5.614999771,0.888000011,2.467000008,1.340000033,29.775630950927734
2016/7/10 17:00,9.175999641,2.746000051,6.289999962,1.136999965,3.229000092,1.432000041,30.67099953
2016/7/10 18:00,9.444000244,3.214999914,6.395999908,1.421000004,3.167999983,1.523000002,29.776268005371094
2016/7/10 19:00,8.505999565,2.880000114,5.791999817,1.101999998,2.710999966,1.309999943,29.77463722229004
2016/7/10 20:00,10.04699993,3.08100009,6.857999802,1.279000044,3.167999983,1.309999943,29.793848037719727
2016/7/10 21:00,9.711999893,2.075999975,6.395999908,0.603999972,3.289999962,1.309999943,29.825960159301758
2016/7/10 22:00,9.979999542,3.08100009,7.0,1.315000057,2.862999916,1.309999943,29.786523818969727
2016/7/10 23:00,9.979999542,3.549999952,7.214000225,1.883000016,2.680000067,1.279000044,29.761079788208008
2016/7/11 0:00,13.59700012,5.357999802,8.989999771,2.700999975,4.873000145,1.797000051,29.783538818359375
2016/7/11 1:00,13.59700012,4.889999866,8.493000031,1.91900003,4.568999767,1.674999952,29.80524253845215
2016/7/11 2:00,12.12300014,4.085999966,7.071000099,1.77699995,4.598999977,1.674999952,29.80303382873535
2016/7/11 3:00,11.98900032,3.951999903,7.568999767,1.598999977,4.477000237,1.735999942,29.808969497680664
2016/7/11 4:00,11.98900032,4.21999979,7.568999767,1.598999977,4.355999947,1.91900003,29.798311233520508
2016/7/11 5:00,12.99400043,4.421000004,7.853000164,1.598999977,4.568999767,1.674999952,29.813312530517578
2016/7/11 6:00,13.79800034,4.085999966,8.137999535,2.096999884,5.269000053,1.76699996,29.82488250732422
2016/7/11 7:00,12.99400043,4.152999878,8.173000336,2.025000095,5.208000183,1.888000011,29.817447662353516
2016/7/11 8:00,9.979999542,3.818000078,7.249000072,1.56400001,2.894000053,1.432000041,29.768104553222656
2016/7/11 9:00,10.11400032,3.88499999,6.644999981,1.669999957,2.772000074,1.371000051,29.758953094482422
2016/7/11 10:00,9.845999718,3.348999977,6.787000179,1.812000036,2.405999899,1.491999984,29.751569747924805
2016/7/11 11:00,10.98499966,3.617000103,7.143000126,1.598999977,3.503000021,1.371000051,29.790504455566406
2016/7/11 12:00,8.371999741,2.812999964,5.507999897,0.569000006,2.680000067,1.218000054,32.99300003
2016/7/11 13:00,8.907999992,2.880000114,5.791999817,0.745999992,2.588999987,1.187999964,29.787107467651367
2016/7/11 14:00,9.041999817,3.013999939,6.289999962,0.995000005,2.588999987,1.279000044,29.78040885925293
2016/7/11 15:00,9.243000031,3.214999914,6.361000061,1.031000018,2.680000067,1.156999946,29.78266716003418
2016/7/11 16:00,8.23900032,2.812999964,5.721000195,1.243999958,2.528000116,1.248999953,29.766569137573242
2016/7/11 17:00,8.975000381,2.880000114,5.934000015,1.243999958,3.015000105,1.248999953,29.782564163208008
2016/7/11 18:00,8.505999565,2.344000101,5.578999996,0.745999992,2.894000053,1.156999946,29.799087524414062
2016/7/11 19:00,7.836999893,2.075999975,5.223999977,0.532999992,2.588999987,1.126999974,29.798004150390625
2016/7/11 20:00,9.175999641,1.942000031,6.183000088,0.603999972,2.894000053,0.975000024,29.8212833404541
2016/7/11 21:00,9.175999641,2.009000063,6.218999863,0.603999972,2.954999924,0.975000024,29.82191276550293
2016/7/11 22:00,8.371999741,3.013999939,6.289999962,1.207999945,2.437000036,0.944000006,29.773836135864258
2016/7/11 23:00,10.91800022,3.549999952,9.026000023,2.309999943,2.131999969,0.883000016,29.76346206665039
2016/7/12 0:00,11.52099991,3.549999952,9.593999863,2.309999943,1.980000019,0.822000027,29.769039154052734
2016/7/12 1:00,11.52099991,4.152999878,9.593999863,2.700999975,1.735999942,0.670000017,29.746267318725586
2016/7/12 2:00,12.12300014,4.554999828,10.3409996,3.482000113,1.827999949,0.791999996,29.726205825805664
2016/7/12 3:00,11.92199993,4.085999966,10.16300011,2.948999882,1.797000051,0.822000027,29.74486541748047
2016/7/12 4:00,11.72099972,3.818000078,9.522999763,2.451999903,1.797000051,0.822000027,29.75740623474121
2016/7/12 5:00,11.11900043,3.348999977,8.918999672,2.415999889,2.101999998,0.883000016,29.763200759887695
2016/7/12 6:00,11.11900043,3.818000078,8.635000229,1.84800005,2.559000015,1.036000013,29.777551651000977
2016/7/12 7:00,9.444000244,2.27699995,6.894000053,1.386000037,2.00999999,0.731000006,29.785497665405273
2016/7/12 8:00,8.706999779,3.08100009,6.681000233,1.598999977,2.375999928,1.065999985,29.762451171875
2016/7/12 9:00,8.907999992,2.411000013,6.467000008,1.527999997,2.405999899,0.975000024,29.77691078186035
2016/7/12 10:00,10.11400032,2.678999901,6.965000153,1.421000004,2.862999916,1.187999964,36.36899948
2016/7/12 11:00,10.85099983,3.013999939,7.320000172,1.77699995,3.349999905,1.126999974,29.79666519165039
2016/7/12 12:00,9.376999855,1.875,6.005000114,0.958999991,2.894000053,1.156999946,36.08800125
2016/7/12 13:00,9.779000282,2.344000101,6.254000187,0.497000009,2.862999916,1.097000003,29.819135665893555
2016/7/12 14:00,9.51099968,2.009000063,6.467000008,0.958999991,2.862999916,1.218000054,38.4090004
2016/7/12 15:00,9.243000031,2.812999964,6.822999954,0.888000011,2.618999958,1.309999943,29.791658401489258
2016/7/12 16:00,8.774000168,1.942000031,6.111999989,0.462000012,2.710999966,1.126999974,29.815107345581055
2016/7/12 17:00,9.645000458,2.678999901,6.395999908,1.136999965,3.075999975,1.156999946,29.799400329589844
2016/7/12 18:00,9.109000206,2.142999887,5.96999979,0.603999972,3.107000113,1.097000003,29.818553924560547
2016/7/12 19:00,8.572999954,1.875,5.507999897,0.462000012,3.075999975,1.065999985,29.82150650024414
2016/7/12 20:00,10.85099983,2.142999887,7.143000126,0.532999992,3.746000051,1.097000003,36.01800156
2016/7/12 21:00,10.98499966,2.142999887,7.284999847,0.603999972,3.746000051,1.065999985,29.854511260986328
2016/7/12 22:00,12.79300022,2.746000051,9.807999611,1.70599997,3.259000063,0.913999975,29.834932327270508
2016/7/12 23:00,16.00799942,5.69299984,13.11200047,3.482000113,2.832999945,1.004999995,29.77073097229004
2016/7/13 0:00,19.15600014,6.229000092,13.71700001,4.014999866,5.026000023,1.523000002,29.809385299682617
2016/7/13 1:00,16.81200027,5.894000053,12.18900013,3.411000013,4.873000145,1.462000012,29.80452537536621
2016/7/13 2:00,17.61599922,5.960999966,12.72200012,3.588999987,4.721000195,1.491999984,29.802995681762695
2016/7/13 3:00,16.34300041,5.760000229,11.37100029,2.948999882,4.477000237,1.491999984,29.801498413085938
2016/7/13 4:00,18.01799965,7.099999905,13.46800041,3.90899992,4.477000237,1.523000002,29.77812957763672
2016/7/13 5:00,18.15200043,7.032999992,13.39700031,4.086999893,4.659999847,1.523000002,29.778453826904297
2016/7/13 6:00,16.20899963,4.822999954,10.51799965,2.700999975,5.056000233,1.552999973,29.827716827392578
2016/7/13 7:00,13.4630003,4.085999966,8.065999985,1.457000017,5.238999844,1.827999949,29.838838577270508
2016/7/13 8:00,10.31499958,3.415999889,6.928999901,1.315000057,2.802000046,1.462000012,29.778350830078125
2016/7/13 9:00,8.840999603,3.148000002,6.751999855,1.457000017,2.040999889,1.126999974,29.757965087890625
2016/7/13 10:00,10.24800014,3.282000065,6.610000134,1.172999978,3.107000113,1.309999943,29.791872024536133
2016/7/13 11:00,8.572999954,2.009000063,6.502999783,0.852999985,2.163000107,1.065999985,29.793306350708008
2016/7/13 12:00,8.774000168,2.142999887,5.721000195,0.425999999,2.650000095,1.004999995,29.812191009521484
2016/7/13 13:00,9.51099968,1.60800004,6.040999889,0.425999999,2.862999916,1.097000003,29.829193115234375
2016/7/13 14:00,8.774000168,2.075999975,6.040999889,0.816999972,2.375999928,1.004999995,29.797283172607422
2016/7/13 15:00,9.31000042,2.142999887,6.218999863,0.995000005,2.924000025,1.126999974,29.80551528930664
2016/7/13 16:00,8.305999756,2.27699995,5.721000195,0.924000025,2.618999958,1.097000003,29.789594650268555
2016/7/13 17:00,8.975000381,2.27699995,5.96999979,0.782000005,3.015000105,1.279000044,38.26900101
2016/7/13 18:00,8.840999603,2.142999887,5.721000195,0.603999972,3.107000113,1.126999974,29.814788818359375
2016/7/13 19:00,9.041999817,2.344000101,5.862999916,0.603999972,3.441999912,1.126999974,29.821578979492188
2016/7/13 20:00,11.25300026,2.611999989,7.177999973,0.852999985,4.111999989,1.187999964,29.846784591674805
2016/7/13 21:00,11.98900032,3.415999889,8.598999977,2.167999983,3.928999901,1.187999964,29.807273864746094
2016/7/13 22:00,12.52499962,3.818000078,9.630000114,1.598999977,3.259000063,0.975000024,29.817567825317383
2016/7/13 23:00,13.59700012,4.622000217,10.97999954,2.842999935,3.107000113,1.065999985,29.780384063720703
2016/7/14 0:00,14.60200024,5.357999802,11.19400024,2.878000021,2.862999916,1.036000013,29.770877838134766
2016/7/14 1:00,13.4630003,4.554999828,10.8739996,2.984999895,2.467000008,0.883000016,29.765050888061523
2016/7/14 2:00,12.25699997,3.88499999,9.522999763,2.131999969,2.467000008,0.944000006,29.781475067138672
2016/7/14 3:00,12.25699997,4.68900013,10.66100025,2.984999895,2.253999949,0.913999975,34.68099976
2016/7/14 4:00,11.5880003,3.684000015,8.847999573,1.70599997,2.101999998,0.883000016,29.7808837890625
2016/7/14 5:00,11.92199993,3.348999977,9.274999619,1.99000001,2.101999998,0.883000016,29.78289222717285
2016/7/14 6:00,11.52099991,3.684000015,9.559000015,2.273999929,2.528000116,0.944000006,29.777664184570312
2016/7/14 7:00,8.774000168,2.678999901,5.862999916,1.136999965,2.315000057,1.065999985,29.774940490722656
2016/7/14 8:00,7.971000195,3.08100009,5.96999979,1.598999977,2.375999928,1.279000044,29.748384475708008
2016/7/14 9:00,8.305999756,2.411000013,5.862999916,1.279000044,2.375999928,1.156999946,29.771581649780273
2016/7/14 10:00,9.376999855,2.344000101,6.502999783,1.172999978,2.802000046,1.248999953,29.794469833374023
2016/7/14 11:00,10.04699993,3.148000002,6.857999802,0.782000005,3.167999983,1.097000003,29.81163787841797
2016/7/14 12:00,8.23900032,2.075999975,5.68599987,0.391000003,2.588999987,1.036000013,29.809335708618164
2016/7/14 13:00,8.305999756,2.27699995,6.005000114,0.852999985,2.650000095,0.975000024,29.796974182128906
2016/7/14 14:00,7.903999805,2.210000038,5.401000023,0.782000005,2.467000008,1.036000013,29.7885799407959
2016/7/14 15:00,12.18999958,4.68900013,10.02099991,2.559000015,2.253999949,0.913999975,29.755971908569336
2016/7/14 16:00,7.836999893,1.541000009,5.295000076,0.675000012,2.467000008,1.279000044,29.79526710510254
2016/7/14 17:00,7.903999805,1.60800004,4.619999886,-0.107000001,3.167999983,1.126999974,34.75099945
2016/7/14 18:00,6.429999828,0.938000023,3.980000019,-0.284000009,2.467000008,1.126999974,29.81910514831543
2016/7/14 19:00,7.836999893,1.340000033,5.188000202,0.035999998,2.710999966,1.065999985,29.828630447387695
2016/7/14 20:00,8.975000381,1.406999946,5.68599987,0.035999998,3.259000063,0.975000024,29.851593017578125
2016/7/14 21:00,8.305999756,0.670000017,5.223999977,-0.425999999,3.107000113,0.975000024,29.96800041
2016/7/14 22:00,8.104999542,0.80400002,5.436999798,-0.319999993,2.650000095,0.883000016,29.8540096282959
2016/7/14 23:00,10.11400032,2.545000076,7.639999866,1.136999965,2.588999987,0.913999975,29.807350158691406
2016/7/15 0:00,13.19499969,4.019000053,8.421999931,2.096999884,4.782000065,1.462000012,29.81970977783203
2016/7/15 1:00,13.32900047,4.287000179,8.279999733,1.953999996,4.447000027,1.309999943,29.815126419067383
2016/7/15 2:00,13.86499977,4.354000092,8.989999771,1.812000036,4.263999939,1.309999943,33.34400177
2016/7/15 3:00,11.98900032,3.214999914,7.710999966,1.421000004,4.142000198,1.340000033,29.827037811279297
2016/7/15 4:00,11.85499954,3.415999889,7.106999874,0.782000005,4.234000206,1.432000041,29.837366104125977
2016/7/15 5:00,11.85499954,2.678999901,7.498000145,0.958999991,4.386000156,1.340000033,29.851673126220703
2016/7/15 6:00,11.11900043,2.009000063,6.361000061,0.603999972,4.873000145,1.462000012,29.867874145507812
2016/7/15 7:00,11.98900032,2.947000027,6.005000114,0.782000005,4.994999886,1.674999952,29.849430084228516
2016/7/15 8:00,8.975000381,2.344000101,6.183000088,0.888000011,2.559000015,1.279000044,29.79180145263672
2016/7/15 9:00,9.51099968,3.013999939,7.035999775,1.953999996,2.375999928,1.097000003,29.759986877441406
2016/7/15 10:00,10.11400032,3.549999952,6.965000153,1.56400001,2.954999924,1.432000041,29.772296905517578
2016/7/15 11:00,10.31499958,3.617000103,7.320000172,1.101999998,3.289999962,1.097000003,29.803028106689453
2016/7/15 12:00,8.640000343,2.27699995,5.721000195,0.391000003,2.588999987,0.975000024,29.809955596923828
2016/7/15 13:00,8.907999992,2.477999926,6.111999989,0.816999972,2.618999958,1.126999974,29.795452117919922
2016/7/15 14:00,9.31000042,2.545000076,6.361000061,0.816999972,2.528000116,1.156999946,29.795963287353516
2016/7/15 15:00,8.171999931,2.27699995,5.791999817,1.065999985,2.223999977,1.097000003,29.776248931884766
2016/7/15 16:00,7.836999893,2.210000038,5.507999897,0.782000005,2.680000067,1.156999946,29.791101455688477
2016/7/15 17:00,8.505999565,2.210000038,5.578999996,0.497000009,3.229000092,1.401000023,29.810970306396484
2016/7/15 18:00,7.234000206,1.340000033,4.619999886,0.0,2.588999987,1.097000003,29.818599700927734
2016/7/15 19:00,6.96600008,1.139000058,4.441999912,-0.035999998,2.467000008,0.975000024,29.820512771606445
2016/7/15 20:00,7.166999817,1.139000058,4.762000084,0.0,2.437000036,0.852999985,22.0890007
2016/7/15 21:00,8.371999741,2.947000027,6.218999863,1.207999945,2.437000036,1.036000013,29.772403717041016
2016/7/15 22:00,9.109000206,2.210000038,7.568999767,0.958999991,2.00999999,0.883000016,25.74699974
2016/7/15 23:00,8.907999992,2.678999901,7.639999866,1.527999997,1.949000001,0.883000016,29.772939682006836
2016/7/16 0:00,8.505999565,2.210000038,6.644999981,0.782000005,1.644999981,0.852999985,29.78565216064453
2016/7/16 1:00,10.04699993,3.08100009,8.031000137,1.669999957,1.735999942,0.822000027,29.76886749267578
2016/7/16 2:00,10.85099983,3.750999928,8.741999626,1.99000001,1.462000012,0.760999978,29.754526138305664
2016/7/16 3:00,8.907999992,2.947000027,7.639999866,1.598999977,1.491999984,0.791999996,29.75836753845215
2016/7/16 4:00,9.51099968,2.009000063,7.320000172,1.065999985,1.371000051,0.670000017,29.789079666137695
2016/7/16 5:00,9.578000069,2.477999926,7.853000164,0.958999991,1.644999981,0.670000017,29.795543670654297
2016/7/16 6:00,9.645000458,2.210000038,7.604000092,0.782000005,2.163000107,0.731000006,29.813777923583984
2016/7/16 7:00,6.229000092,1.875,4.122000217,0.354999989,2.131999969,1.004999995,29.782676696777344
2016/7/16 8:00,6.96600008,2.746000051,4.93900013,0.711000025,2.101999998,1.065999985,29.766223907470703
2016/7/16 9:00,7.301000118,1.60800004,5.117000103,0.319999993,2.101999998,0.975000024,29.80071258544922
2016/7/16 10:00,8.840999603,2.27699995,6.395999908,0.958999991,2.588999987,1.126999974,29.795392990112305
2016/7/16 11:00,9.243000031,2.142999887,6.43200016,0.995000005,3.015000105,1.156999946,29.80809783935547
2016/7/16 12:00,6.429999828,1.273000002,4.263999939,0.284000009,2.345000029,1.004999995,29.801382064819336
2016/7/16 13:00,6.697999954,2.27699995,4.547999859,0.354999989,2.253999949,1.036000013,29.78386878967285
2016/7/16 14:00,7.769999981,2.678999901,4.93900013,1.207999945,2.193000078,1.097000003,29.756858825683594
2016/7/16 15:00,8.104999542,2.344000101,5.828000069,1.065999985,2.193000078,1.065999985,29.775039672851562
2016/7/16 16:00,7.099999905,2.142999887,5.329999924,1.350000024,2.131999969,1.065999985,29.75886344909668
2016/7/16 17:00,7.836999893,2.210000038,5.366000175,0.958999991,2.528000116,1.036000013,29.78377342224121
2016/7/16 18:00,7.301000118,1.741000056,4.477000237,0.354999989,2.528000116,1.097000003,29.79999542236328
2016/7/16 19:00,6.697999954,1.20599997,4.229000092,-0.035999998,2.405999899,1.004999995,29.814077377319336
2016/7/16 20:00,7.836999893,1.20599997,4.974999905,0.0,2.862999916,0.975000024,29.83614730834961
2016/7/16 21:00,7.434999943,1.273000002,4.584000111,-0.354999989,2.650000095,0.975000024,29.834932327270508
2016/7/16 22:00,8.104999542,2.009000063,6.005000114,0.958999991,2.253999949,0.852999985,29.790359497070312
2016/7/16 23:00,7.836999893,1.807999969,5.366000175,0.782000005,2.071000099,0.883000016,29.788036346435547
2016/7/17 0:00,10.18099976,2.746000051,8.598999977,1.669999957,1.91900003,0.852999985,29.782392501831055
2016/7/17 1:00,10.04699993,2.947000027,8.173000336,1.598999977,1.827999949,0.883000016,29.77478790283203
2016/7/17 2:00,9.779000282,3.08100009,7.747000217,2.131999969,1.735999942,0.822000027,29.751869201660156
2016/7/17 3:00,8.43900013,2.27699995,6.787000179,1.207999945,1.583999991,0.760999978,29.77353286743164
2016/7/17 4:00,9.041999817,1.942000031,7.604000092,1.491999984,1.552999973,0.700999975,31.86700058
2016/7/17 5:00,9.31000042,2.210000038,7.568999767,1.243999958,1.85800004,0.975000024,29.786148071289062
2016/7/17 6:00,11.45400047,3.214999914,8.883999825,1.421000004,2.437000036,0.791999996,29.805194854736328
2016/7/17 7:00,7.703000069,2.009000063,5.68599987,0.711000025,2.375999928,1.065999985,29.791528701782227
2016/7/17 8:00,7.836999893,2.210000038,5.650000095,0.745999992,2.345000029,1.036000013,29.787887573242188
2016/7/17 9:00,7.769999981,2.142999887,5.366000175,1.101999998,2.650000095,1.248999953,29.77820587158203
2016/7/17 10:00,9.175999641,3.08100009,6.43200016,1.172999978,2.894000053,1.218000054,29.7842960357666
2016/7/17 11:00,9.645000458,2.477999926,6.610000134,1.350000024,3.107000113,1.004999995,29.8017635345459
2016/7/17 12:00,7.636000156,1.807999969,5.188000202,0.248999998,2.405999899,0.975000024,29.809194564819336
2016/7/17 13:00,8.038000107,1.541000009,5.010000229,0.497000009,2.437000036,1.036000013,29.805526733398438
2016/7/17 14:00,8.371999741,2.411000013,6.147999763,1.031000018,2.193000078,0.975000024,29.780874252319336
2016/7/17 15:00,8.371999741,2.344000101,5.899000168,0.852999985,2.345000029,1.065999985,29.786745071411133
2016/7/17 16:00,7.703000069,2.142999887,5.472000122,1.065999985,2.223999977,0.975000024,29.775705337524414
2016/7/17 17:00,8.505999565,2.545000076,5.791999817,1.172999978,2.710999966,1.126999974,29.781518936157227
2016/7/17 18:00,8.305999756,1.942000031,5.543000221,0.532999992,2.710999966,1.097000003,37.00299835
2016/7/17 19:00,8.104999542,1.674000025,5.366000175,0.319999993,2.710999966,1.065999985,29.817283630371094
2016/7/17 20:00,9.913000107,1.674000025,6.395999908,0.284000009,3.381000042,0.975000024,29.851591110229492
2016/7/17 21:00,10.24800014,0.536000013,6.502999783,-0.745999992,3.289999962,0.913999975,29.90248680114746
2016/7/17 22:00,12.45800018,3.684000015,9.807999611,2.131999969,2.528000116,0.822000027,29.791751861572266
2016/7/17 23:00,14.2670002,4.287000179,11.65499973,2.878000021,2.467000008,0.760999978,29.7852725982666
2016/7/18 0:00,14.53499985,3.951999903,10.16300011,2.061000109,4.568999767,1.340000033,29.840194702148438
2016/7/18 1:00,15.8739996,5.157000065,11.37100029,2.772000074,4.355999947,1.309999943,29.814022064208984
2016/7/18 2:00,15.13700008,4.152999878,10.09200001,2.167999983,4.447000027,1.401000023,29.83310317993164
2016/7/18 3:00,14.46800041,4.21999979,9.593999863,2.131999969,4.324999809,1.462000012,29.82143783569336
2016/7/18 4:00,12.18999958,3.282000065,7.923999786,0.888000011,4.172999859,1.340000033,29.844844818115234
2016/7/18 5:00,12.79300022,2.746000051,8.244000435,0.958999991,4.416999817,1.371000051,29.861757278442383
2016/7/18 6:00,13.19499969,2.947000027,8.635000229,1.031000018,4.751999855,1.401000023,29.868854522705078
2016/7/18 7:00,13.59700012,4.152999878,8.635000229,1.279000044,4.903999805,1.674999952,29.843509674072266
2016/7/18 8:00,9.913000107,2.545000076,7.710999966,1.207999945,2.588999987,1.126999974,29.800142288208008
2016/7/18 9:00,8.104999542,1.942000031,6.111999989,0.603999972,2.375999928,1.309999943,29.795557022094727
2016/7/18 10:00,8.975000381,2.880000114,6.43200016,0.852999985,2.772000074,1.279000044,29.79132080078125
2016/7/18 11:00,9.31000042,3.08100009,6.43200016,1.031000018,3.229000092,1.279000044,36.29899979
2016/7/18 12:00,7.636000156,1.674000025,5.046000004,0.284000009,2.437000036,1.036000013,29.808507919311523
2016/7/18 13:00,8.23900032,2.075999975,5.68599987,0.639999986,2.345000029,0.913999975,29.798263549804688
2016/7/18 14:00,8.706999779,2.009000063,6.43200016,0.745999992,2.437000036,1.004999995,29.804176330566406
2016/7/18 15:00,7.903999805,2.27699995,5.436999798,0.675000012,2.832999945,1.126999974,29.797834396362305
2016/7/18 16:00,8.43900013,1.741000056,5.578999996,0.462000012,2.802000046,1.156999946,29.814542770385742
2016/7/18 17:00,8.505999565,2.075999975,5.472000122,0.497000009,3.015000105,1.309999943,29.809585571289062
2016/7/18 18:00,8.371999741,1.942000031,5.543000221,0.391000003,3.289999962,1.340000033,29.820287704467773
2016/7/18 19:00,8.171999931,1.741000056,5.329999924,0.319999993,2.832999945,1.036000013,29.82001495361328
2016/7/18 20:00,10.51599979,2.075999975,6.822999954,0.497000009,3.686000109,1.126999974,29.84980010986328
2016/7/18 21:00,11.45400047,1.674000025,8.065999985,0.178000003,3.563999891,1.156999946,33.55599976
2016/7/18 22:00,12.45800018,3.415999889,9.949999809,1.77699995,2.862999916,0.883000016,29.813411712646484
2016/7/18 23:00,12.05599976,3.348999977,10.05599976,1.77699995,2.437000036,0.883000016,29.80312156677246
2016/7/19 0:00,13.59700012,4.085999966,11.37100029,2.486999989,2.315000057,0.852999985,29.78813362121582
2016/7/19 1:00,13.79800034,4.085999966,11.30000019,3.163000107,1.827999949,0.670000017,29.762121200561523
2016/7/19 2:00,12.72599983,4.354000092,10.8380003,2.486999989,1.827999949,0.670000017,29.76775550842285
2016/7/19 3:00,11.38700008,3.214999914,9.593999863,2.381000042,1.70599997,0.731000006,29.766969680786133
2016/7/19 4:00,12.52499962,4.152999878,10.5539999,2.203000069,1.70599997,1.004999995,29.765918731689453
2016/7/19 5:00,12.05599976,3.08100009,10.23400021,1.812000036,1.888000011,0.731000006,29.79821014404297
2016/7/19 6:00,10.7840004,2.545000076,8.777000427,1.065999985,2.253999949,0.913999975,29.814090728759766
2016/7/19 7:00,8.572999954,2.075999975,6.147999763,0.284000009,2.315000057,1.065999985,29.809768676757812
2016/7/19 8:00,8.706999779,2.545000076,5.578999996,1.56400001,2.618999958,1.126999974,29.767810821533203
2016/7/19 9:00,9.645000458,2.678999901,6.894000053,0.888000011,2.559000015,1.309999943,29.795257568359375
2016/7/19 10:00,9.645000458,2.477999926,6.751999855,0.782000005,3.107000113,1.036000013,29.818519592285156
2016/7/19 11:00,9.51099968,2.545000076,6.183000088,0.782000005,3.259000063,1.126999974,29.814098358154297
2016/7/19 12:00,7.703000069,1.807999969,4.903999805,0.354999989,2.253999949,0.852999985,29.803964614868164
2016/7/19 13:00,7.903999805,1.741000056,5.223999977,0.425999999,2.223999977,0.852999985,29.8046817779541
2016/7/19 14:00,7.501999855,1.473999977,5.791999817,0.711000025,2.040999889,0.852999985,31.51499939
2016/7/19 15:00,9.578000069,2.746000051,6.894000053,0.995000005,1.980000019,0.913999975,29.78593635559082
2016/7/19 16:00,7.903999805,2.075999975,5.507999897,0.852999985,2.740999937,1.279000044,29.78976058959961
2016/7/19 17:00,8.371999741,1.875,5.472000122,0.391000003,2.924000025,1.218000054,29.8153076171875
2016/7/19 18:00,7.836999893,1.674000025,4.974999905,0.178000003,2.710999966,1.065999985,29.81768798828125
2016/7/19 19:00,7.636000156,1.541000009,5.081999779,0.213,2.618999958,1.065999985,29.81636619567871
2016/7/19 20:00,9.645000458,1.541000009,6.361000061,0.462000012,3.319999933,1.065999985,29.843320846557617
2016/7/19 21:00,9.578000069,1.875,6.183000088,0.284000009,3.015000105,1.036000013,29.835397720336914
2016/7/19 22:00,8.43900013,1.807999969,5.934000015,0.745999992,2.345000029,0.731000006,32.64099884
2016/7/19 23:00,10.64999962,2.411000013,8.065999985,1.279000044,2.163000107,0.700999975,29.806415557861328
2016/7/20 0:00,13.52999973,4.019000053,8.208999634,1.56400001,4.568999767,1.401000023,32.00799942
2016/7/20 1:00,13.32900047,3.48300004,8.847999573,1.63499999,4.295000076,1.371000051,29.835927963256836
2016/7/20 2:00,12.25699997,2.947000027,7.960000038,1.598999977,4.234000206,1.279000044,29.832761764526367
2016/7/20 3:00,11.18599987,3.214999914,7.214000225,1.243999958,4.142000198,1.279000044,29.824993133544922
2016/7/20 4:00,11.78800011,1.942000031,7.0,0.816999972,4.203000069,1.309999943,29.859403610229492
2016/7/20 5:00,12.25699997,2.411000013,7.177999973,0.816999972,4.447000027,1.371000051,29.86064338684082
2016/7/20 6:00,13.12800026,3.415999889,8.031000137,1.065999985,4.903999805,1.491999984,29.857467651367188
2016/7/20 7:00,11.11900043,2.880000114,6.218999863,0.248999998,5.026000023,1.644999981,34.68099976
2016/7/20 8:00,8.038000107,2.142999887,5.791999817,0.995000005,2.618999958,1.097000003,29.788488388061523
2016/7/20 9:00,8.706999779,3.08100009,6.254000187,1.279000044,2.802000046,1.248999953,29.774394989013672
2016/7/20 10:00,10.38199997,2.812999964,7.071000099,1.243999958,2.710999966,1.156999946,29.795330047607422
2016/7/20 11:00,10.18099976,2.880000114,6.894000053,1.136999965,3.503000021,1.097000003,29.814136505126953
2016/7/20 12:00,8.038000107,1.942000031,5.650000095,0.391000003,2.528000116,0.944000006,33.20399857
2016/7/20 13:00,8.706999779,2.210000038,5.96999979,0.213,2.802000046,1.065999985,29.8212947845459
2016/7/20 14:00,9.376999855,2.210000038,6.71600008,1.065999985,2.680000067,1.187999964,29.799652099609375
2016/7/20 15:00,9.376999855,2.545000076,6.395999908,0.711000025,2.710999966,1.279000044,29.801265716552734
2016/7/20 16:00,8.505999565,2.075999975,5.791999817,0.675000012,2.650000095,1.279000044,29.798418045043945
2016/7/20 17:00,8.975000381,2.142999887,5.899000168,0.639999986,2.984999895,1.126999974,29.81279945373535
2016/7/20 18:00,9.041999817,1.807999969,5.721000195,0.284000009,2.862999916,1.156999946,29.824535369873047
2016/7/20 19:00,8.505999565,2.210000038,5.578999996,0.497000009,3.046000004,1.065999985,29.81479835510254
2016/7/20 20:00,11.98900032,2.27699995,7.498000145,0.354999989,4.507999897,1.248999953,29.880657196044922
2016/7/20 21:00,11.98900032,1.875,7.923999786,-0.142000005,4.172999859,1.097000003,29.899770736694336
2016/7/20 22:00,15.27099991,4.085999966,11.19400024,2.203000069,3.625,1.036000013,29.83094596862793
2016/7/20 23:00,14.93700027,4.085999966,10.9090004,2.345000029,3.046000004,1.156999946,35.73600006
2016/7/21 0:00,15.20400047,4.622000217,12.04599953,2.700999975,2.802000046,0.975000024,29.796859741210938
2016/7/21 1:00,16.94599915,5.357999802,14.67599964,4.122000217,2.588999987,0.913999975,35.31399918
2016/7/21 2:00,15.20400047,4.889999866,12.79300022,3.163000107,2.163000107,0.883000016,29.7723388671875
2016/7/21 3:00,13.93200016,5.090000153,11.90400028,3.197999954,2.131999969,0.883000016,29.753490447998047
2016/7/21 4:00,13.73099995,4.085999966,11.05099964,2.273999929,2.040999889,0.822000027,29.78718376159668
2016/7/21 5:00,13.52999973,3.148000002,11.37100029,1.669999957,2.193000078,0.822000027,29.823406219482422
2016/7/21 6:00,14.19999981,3.88499999,11.76200008,1.91900003,2.437000036,0.883000016,29.816160202026367
2016/7/21 7:00,13.79800034,4.21999979,11.37100029,1.883000016,2.559000015,1.097000003,29.805131912231445
2016/7/21 8:00,13.93200016,4.554999828,10.97999954,2.984999895,2.954999924,1.248999953,29.77202033996582
2016/7/21 9:00,12.92700005,4.554999828,9.593999863,2.167999983,2.772000074,1.279000044,29.77468490600586
2016/7/21 10:00,10.91800022,3.617000103,7.427000046,1.812000036,3.349999905,1.340000033,35.24399948
2016/7/21 11:00,11.52099991,3.348999977,8.031000137,1.491999984,3.319999933,1.248999953,33.06299973
2016/7/21 12:00,9.376999855,2.477999926,5.899000168,0.142000005,2.862999916,1.004999995,29.825420379638672
2016/7/21 13:00,10.04699993,2.411000013,7.106999874,0.639999986,3.015000105,1.036000013,29.826536178588867
2016/7/21 14:00,9.913000107,2.411000013,7.035999775,0.782000005,2.832999945,0.975000024,29.81827735900879
2016/7/21 15:00,8.23900032,1.340000033,5.96999979,0.569000006,2.071000099,0.760999978,29.810087203979492
2016/7/21 16:00,8.23900032,2.075999975,6.111999989,0.675000012,2.131999969,0.944000006,36.72100067
2016/7/21 17:00,9.376999855,2.210000038,6.218999863,0.603999972,3.349999905,1.401000023,29.820083618164062
2016/7/21 18:00,9.444000244,2.880000114,5.934000015,0.391000003,3.441999912,1.371000051,29.816946029663086
2016/7/21 19:00,8.907999992,1.60800004,5.68599987,0.178000003,3.167999983,1.097000003,29.838638305664062
2016/7/21 20:00,12.59200001,2.142999887,7.853000164,0.391000003,4.598999977,1.156999946,29.891841888427734
2016/7/21 21:00,14.53499985,3.88499999,10.44699955,1.84800005,4.842999935,1.248999953,29.857540130615234
2016/7/21 22:00,14.19999981,3.951999903,10.44699955,2.451999903,4.142000198,1.065999985,29.825048446655273
2016/7/21 23:00,15.06999969,5.022999763,11.12199974,3.092000008,3.806999922,1.097000003,29.79221534729004
2016/7/22 0:00,17.81699944,6.162000179,11.97500038,3.588999987,5.81799984,1.583999991,36.65100098
2016/7/22 1:00,18.15200043,6.296000004,13.07699966,3.696000099,5.269000053,1.491999984,29.81305503845215
2016/7/22 2:00,16.27599907,6.09499979,11.19400024,4.19299984,4.965000153,1.462000012,29.770557403564453
2016/7/22 3:00,15.27099991,5.290999889,9.772000313,2.451999903,4.813000202,1.401000023,29.814422607421875
2016/7/22 4:00,12.52499962,3.684000015,7.782000065,1.99000001,4.630000114,1.371000051,35.52500153
2016/7/22 5:00,13.32900047,4.421000004,8.31499958,2.025000095,4.873000145,1.401000023,29.819055557250977
2016/7/22 6:00,12.85999966,4.487999916,8.102000237,2.096999884,4.903999805,1.491999984,29.810392379760742
2016/7/22 7:00,12.32400036,4.019000053,7.427000046,2.486999989,4.903999805,1.76699996,29.792362213134766
2016/7/22 8:00,10.51599979,3.818000078,7.888999939,2.239000082,2.832999945,1.156999946,29.760906219482422
2016/7/22 9:00,11.92199993,4.889999866,8.847999573,2.948999882,2.832999945,1.218000054,29.738283157348633
2016/7/22 10:00,11.5880003,3.214999914,7.568999767,1.527999997,3.289999962,1.401000023,29.79990577697754
2016/7/22 11:00,11.5880003,3.08100009,7.676000118,1.136999965,3.77699995,1.279000044,29.82760238647461
2016/7/22 12:00,10.51599979,2.611999989,7.355999947,0.888000011,3.259000063,1.065999985,29.82586669921875
2016/7/22 13:00,11.5880003,2.142999887,7.249000072,0.782000005,3.746000051,1.248999953,37.49499893
2016/7/22 14:00,11.38700008,2.812999964,8.031000137,0.958999991,3.471999884,1.156999946,29.83382225036621
2016/7/22 15:00,11.11900043,2.142999887,7.320000172,0.852999985,3.137000084,1.218000054,29.831384658813477
2016/7/22 16:00,10.11400032,3.282000065,6.71600008,0.711000025,3.349999905,1.401000023,39.04299927
2016/7/22 17:00,10.51599979,2.812999964,7.106999874,1.065999985,3.806999922,1.401000023,29.82126808166504
2016/7/22 18:00,9.845999718,2.344000101,6.610000134,0.995000005,3.71600008,1.248999953,29.82392692565918
2016/7/22 19:00,9.845999718,2.009000063,6.361000061,0.391000003,3.563999891,1.218000054,29.841812133789062
2016/7/22 20:00,14.2670002,2.746000051,8.741999626,0.639999986,5.421999931,1.309999943,29.907472610473633
2016/7/22 21:00,14.66899967,1.942000031,8.847999573,0.497000009,5.513000011,1.279000044,29.92967987060547
2016/7/22 22:00,16.47699928,4.152999878,11.54899979,2.273999929,4.568999767,1.004999995,29.859760284423828
2016/7/22 23:00,14.80300045,2.947000027,9.949999809,1.172999978,4.203000069,1.126999974,29.877262115478516
2016/7/23 0:00,14.53499985,3.282000065,10.9090004,3.872999907,3.563999891,0.944000006,29.7890625
2016/7/23 1:00,13.66399956,4.354000092,10.5539999,2.096999884,3.259000063,0.913999975,29.809906005859375
2016/7/23 2:00,12.85999966,3.951999903,9.843000412,2.309999943,2.924000025,0.944000006,29.791641235351562
2016/7/23 3:00,13.32900047,4.152999878,10.73200035,2.061000109,2.680000067,0.883000016,29.800796508789062
2016/7/23 4:00,12.6590004,4.019000053,9.522999763,1.70599997,2.650000095,1.004999995,29.797006607055664
2016/7/23 5:00,11.72099972,3.282000065,8.954999924,1.883000016,2.650000095,0.975000024,29.793964385986328
2016/7/23 6:00,11.31999969,3.282000065,8.777000427,1.031000018,2.772000074,1.065999985,29.815685272216797
2016/7/23 7:00,11.92199993,4.019000053,9.31000042,2.381000042,2.680000067,1.126999974,29.769689559936523
2016/7/23 8:00,10.11400032,3.214999914,7.071000099,1.136999965,3.015000105,1.248999953,29.795669555664062
2016/7/23 9:00,11.11900043,3.549999952,7.960000038,1.491999984,3.046000004,1.523000002,40.73099899
2016/7/23 10:00,11.18599987,2.678999901,7.81799984,1.101999998,3.806999922,1.371000051,29.832082748413086
2016/7/23 11:00,11.78800011,2.880000114,7.782000065,0.995000005,4.111999989,1.279000044,29.844316482543945
2016/7/23 12:00,11.85499954,3.013999939,7.284999847,0.425999999,3.868000031,1.218000054,29.85121726989746
2016/7/23 13:00,12.72599983,3.013999939,7.923999786,0.888000011,4.142000198,1.097000003,29.856523513793945
2016/7/23 14:00,12.45800018,2.411000013,7.853000164,0.958999991,4.234000206,1.218000054,29.86104965209961
2016/7/23 15:00,12.12300014,2.210000038,7.81799984,0.782000005,3.77699995,1.126999974,29.858482360839844
2016/7/23 16:00,11.11900043,2.746000051,7.355999947,0.958999991,3.71600008,1.248999953,29.831924438476562
2016/7/23 17:00,11.31999969,3.214999914,7.710999966,1.065999985,3.898999929,1.279000044,29.82903289794922
2016/7/23 18:00,11.25300026,2.880000114,7.214000225,0.924000025,3.928999901,1.309999943,29.834218978881836
2016/7/23 19:00,11.25300026,2.344000101,7.355999947,0.816999972,3.928999901,1.065999985,29.85159683227539
2016/7/23 20:00,13.59700012,2.477999926,9.913999557,0.816999972,3.746000051,0.731000006,29.885099411010742
2016/7/23 21:00,16.07500076,3.48300004,10.02099991,0.675000012,5.96999979,1.340000033,29.927213668823242
2016/7/23 22:00,16.40999985,3.88499999,11.22900009,1.207999945,5.026000023,1.156999946,29.898988723754883
2016/7/23 23:00,16.20899963,3.951999903,11.44200039,1.63499999,4.690999985,1.126999974,29.879047393798828
2016/7/24 0:00,17.07999992,5.559000015,10.23400021,2.451999903,6.671000004,1.674999952,29.860952377319336
2016/7/24 1:00,18.21899986,4.889999866,12.04599953,2.131999969,6.427000046,1.674999952,38.4090004
2016/7/24 2:00,18.62000084,5.357999802,11.93999958,2.167999983,5.81799984,1.491999984,29.878320693969727
2016/7/24 3:00,17.75,5.357999802,11.37100029,2.700999975,5.604000092,1.613999963,29.84619140625
2016/7/24 4:00,15.06999969,4.956999779,10.23400021,2.345000029,5.513000011,1.613999963,29.836137771606445
2016/7/24 5:00,16.1420002,4.756000042,10.66100025,1.812000036,5.482999802,1.70599997,29.86147117614746
2016/7/24 6:00,15.13700008,4.354000092,9.701000214,1.669999957,5.361000061,1.613999963,29.857818603515625
2016/7/24 7:00,15.53899956,4.956999779,9.807999611,2.273999929,5.329999924,1.735999942,29.8311824798584
2016/7/24 8:00,11.11900043,3.750999928,8.031000137,1.527999997,3.167999983,1.279000044,29.7921142578125
2016/7/24 9:00,11.72099972,4.085999966,8.208999634,1.598999977,3.107000113,1.309999943,29.787851333618164
2016/7/24 10:00,12.25699997,3.415999889,8.670999527,2.203000069,3.868000031,1.309999943,29.8044490814209
2016/7/24 11:00,12.92700005,3.415999889,8.741999626,1.491999984,4.507999897,1.340000033,29.843366622924805
2016/7/24 12:00,12.79300022,2.477999926,8.670999527,1.031000018,4.203000069,1.126999974,29.867122650146484
2016/7/24 13:00,14.19999981,3.750999928,9.416999817,1.491999984,4.813000202,1.279000044,29.859024047851562
2016/7/24 14:00,13.19499969,2.678999901,8.706000328,1.065999985,4.659999847,1.340000033,29.871620178222656
2016/7/24 15:00,12.52499962,3.617000103,8.527999878,0.995000005,4.172999859,1.248999953,29.844989776611328
2016/7/24 16:00,12.25699997,3.282000065,8.279999733,1.315000057,4.051000118,1.218000054,29.8353214263916
2016/7/24 17:00,12.18999958,3.214999914,8.031000137,1.243999958,4.234000206,1.340000033,29.83776092529297
2016/7/24 18:00,11.78800011,2.812999964,7.604000092,0.958999991,4.172999859,1.309999943,29.845806121826172
2016/7/24 19:00,13.19499969,3.415999889,8.598999977,1.491999984,4.630000114,1.401000023,29.84541893005371
2016/7/24 20:00,16.94599915,3.88499999,10.73200035,1.77699995,6.275000095,1.491999984,29.903478622436523
2016/7/24 21:00,17.2140007,3.348999977,10.625,0.745999992,6.610000134,1.583999991,29.947799682617188
2016/7/24 22:00,18.21899986,5.157000065,12.79300022,2.309999943,5.482999802,1.279000044,29.87795066833496
2016/7/24 23:00,17.95100021,5.022999763,12.89900017,2.736000061,5.086999893,1.309999943,29.857240676879883
2016/7/25 0:00,16.74500084,4.554999828,12.11699963,2.559000015,4.751999855,1.279000044,39.95700073
2016/7/25 1:00,16.27599907,4.152999878,11.79800034,2.415999889,4.111999989,1.187999964,29.842065811157227
2016/7/25 2:00,16.1420002,5.090000153,11.72700024,2.486999989,3.898999929,1.156999946,29.820297241210938
2016/7/25 3:00,15.13700008,4.085999966,11.12199974,2.381000042,3.471999884,1.248999953,29.816545486450195
2016/7/25 4:00,13.19499969,2.947000027,9.737000465,1.243999958,2.984999895,1.036000013,29.838315963745117
2016/7/25 5:00,12.6590004,3.282000065,9.204000473,1.527999997,2.862999916,1.004999995,29.81583595275879
2016/7/25 6:00,12.59200001,3.08100009,8.635000229,0.816999972,3.075999975,1.218000054,29.835201263427734
2016/7/25 7:00,5.022999763,1.741000056,1.457000017,0.319999993,3.137000084,1.340000033,29.768535614013672
2016/7/25 8:00,3.214999914,1.340000033,0.107000001,-0.071000002,3.046000004,1.309999943,29.761777877807617
2016/7/25 9:00,3.549999952,1.473999977,0.107000001,0.0,3.441999912,1.371000051,29.76673698425293
2016/7/25 10:00,4.019000053,1.273000002,0.142000005,0.0,3.838000059,1.218000054,42.13800049
2016/7/25 11:00,5.960999966,-0.40200001,2.559000015,-2.025000095,4.324999809,1.126999974,29.897951126098633
2016/7/25 12:00,13.93200016,1.674000025,8.918999672,0.319999993,4.386000156,1.156999946,29.911954879760742
2016/7/25 13:00,14.73600006,0.736999989,9.593999863,-1.527999997,4.965000153,1.248999953,29.995807647705078
2016/7/25 14:00,13.66399956,0.067000002,9.097000122,-1.741000056,4.659999847,1.218000054,29.991960525512695
2016/7/25 15:00,13.86499977,0.134000003,9.06099987,-1.953999996,4.416999817,1.097000003,29.99795913696289
2016/7/25 16:00,12.85999966,0.268000007,8.598999977,-1.527999997,4.234000206,1.248999953,29.972379684448242
2016/7/25 17:00,12.45800018,0.134000003,8.493000031,-1.63499999,4.051000118,1.187999964,29.971446990966797
2016/7/25 18:00,12.12300014,0.0,8.137999535,-1.812000036,4.111999989,1.248999953,29.972497940063477
2016/7/25 19:00,13.26200008,0.335000008,8.635000229,-1.63499999,4.659999847,1.401000023,29.97583770751953
2016/7/25 20:00,17.61599922,1.139000058,11.15799999,-1.243999958,6.548999786,1.523000002,30.015899658203125
2016/7/25 21:00,17.75,0.80400002,11.22900009,-1.527999997,6.487999916,1.613999963,30.017728805541992
2016/7/25 22:00,17.34799957,1.473999977,11.79800034,-0.711000025,5.635000229,1.371000051,30.009775161743164
2016/7/25 23:00,16.07500076,1.541000009,11.40699959,-0.816999972,4.782000065,1.156999946,29.986614227294922
2016/7/26 0:00,17.88400078,2.27699995,11.01599979,-0.354999989,6.730999947,1.674999952,29.995689392089844
2016/7/26 1:00,18.41900063,2.611999989,11.76200008,-0.248999998,6.487999916,1.644999981,29.998754501342773
2016/7/26 2:00,15.8739996,1.741000056,9.87899971,-0.532999992,6.183000088,1.70599997,29.976146697998047
2016/7/26 3:00,16.00799942,1.807999969,10.27000046,-1.207999945,5.787000179,1.644999981,29.98723030090332
2016/7/26 4:00,12.92700005,0.80400002,7.427000046,-2.167999983,5.452000141,1.491999984,29.96265411376953
2016/7/26 5:00,12.92700005,0.938000023,7.639999866,-2.167999983,5.269000053,1.432000041,29.966093063354492
2016/7/26 6:00,12.99400043,1.273000002,8.065999985,-0.995000005,5.117000103,1.644999981,38.26900101
2016/7/26 7:00,13.79800034,1.60800004,8.065999985,-1.243999958,5.117000103,1.735999942,29.950733184814453
2016/7/26 8:00,11.05200005,0.602999985,8.456999779,-1.350000024,2.862999916,1.248999953,29.919235229492188
2016/7/26 9:00,11.65499973,0.670000017,8.421999931,-0.782000005,2.862999916,1.126999974,39.11299896
2016/7/26 10:00,13.32900047,0.870999992,9.522999763,-0.995000005,3.503000021,1.126999974,29.943405151367188
2016/7/26 11:00,14.33399963,0.938000023,9.559000015,-1.491999984,4.081999779,1.065999985,29.977384567260742
2016/7/26 12:00,14.93700027,0.670000017,9.737000465,-0.391000003,4.538000107,1.097000003,39.32400131
2016/7/26 13:00,15.73999977,0.736999989,9.87899971,-1.741000056,5.208000183,1.309999943,30.004974365234375
2016/7/26 14:00,15.40499973,0.536000013,9.701000214,-1.953999996,5.026000023,1.248999953,30.00653648376465
2016/7/26 15:00,13.59700012,0.670000017,9.23900032,-1.598999977,4.477000237,1.097000003,29.98609161376953
2016/7/26 16:00,13.32900047,0.602999985,8.989999771,-0.888000011,4.295000076,1.248999953,29.955902099609375
2016/7/26 17:00,13.12800026,1.473999977,8.670999527,-0.675000012,4.447000027,1.309999943,29.935203552246094
2016/7/26 18:00,12.79300022,1.072000027,8.350999832,-0.745999992,4.386000156,1.371000051,29.936349868774414
2016/7/26 19:00,13.93200016,1.273000002,8.918999672,-0.711000025,5.026000023,1.401000023,29.95711898803711
2016/7/26 20:00,18.75399971,2.611999989,11.86900043,0.035999998,6.883999825,1.491999984,30.005611419677734
2016/7/26 21:00,16.81200027,1.473999977,10.80300045,-0.852999985,6.883999825,1.523000002,30.004243850708008
2016/7/26 22:00,17.48200035,3.08100009,11.69099998,0.639999986,5.725999832,1.371000051,29.94870376586914
2016/7/26 23:00,17.41500092,3.282000065,11.65499973,0.639999986,5.300000191,1.279000044,29.937267303466797
2016/7/27 0:00,16.6779995,2.545000076,11.65499973,0.639999986,4.842999935,1.187999964,29.935577392578125
2016/7/27 1:00,14.40100002,2.678999901,10.23400021,0.532999992,4.386000156,1.126999974,29.903573989868164
2016/7/27 2:00,14.46800041,1.807999969,10.23400021,0.569000006,4.051000118,1.065999985,29.909835815429688
2016/7/27 3:00,14.2670002,2.210000038,10.12699986,0.354999989,3.746000051,1.097000003,29.90035629272461
2016/7/27 4:00,14.06599998,2.075999975,10.23400021,0.391000003,3.349999905,1.004999995,40.30899811
2016/7/27 5:00,12.6590004,2.27699995,9.522999763,0.319999993,3.229000092,0.975000024,29.87715721130371
2016/7/27 6:00,13.19499969,1.807999969,9.559000015,-0.284000009,3.137000084,1.097000003,29.90050506591797
2016/7/27 7:00,11.65499973,1.473999977,7.853000164,-0.178000003,3.349999905,1.371000051,29.879959106445312
2016/7/27 8:00,12.12300014,1.741000056,8.031000137,-0.603999972,3.411000013,1.340000033,29.894317626953125
2016/7/27 9:00,12.6590004,1.807999969,8.31499958,-0.354999989,3.654999971,1.340000033,40.02700043
2016/7/27 10:00,14.93700027,2.075999975,9.807999611,0.0,4.355999947,1.432000041,29.921112060546875
2016/7/27 11:00,15.47200012,1.541000009,10.30500031,-0.035999998,4.994999886,1.309999943,29.954120635986328
2016/7/27 12:00,16.27599907,2.009000063,10.3409996,-0.711000025,5.208000183,1.309999943,29.976367950439453
2016/7/27 13:00,16.61100006,1.942000031,10.3760004,-0.603999972,5.635000229,1.340000033,29.985610961914062
2016/7/27 14:00,16.07500076,1.942000031,10.3760004,-0.354999989,5.208000183,1.340000033,29.965553283691406
2016/7/27 15:00,15.13700008,1.875,10.51799965,-0.213,4.751999855,1.279000044,29.94883918762207
2016/7/27 16:00,12.99400043,1.406999946,8.954999924,-0.284000009,4.111999989,1.279000044,29.919275283813477
2016/7/27 17:00,12.85999966,1.139000058,8.706000328,-0.603999972,4.172999859,1.126999974,29.93451690673828
2016/7/27 18:00,12.72599983,0.938000023,8.350999832,-0.888000011,4.295000076,1.279000044,29.941936492919922
2016/7/27 19:00,14.13300037,1.20599997,9.131999969,-0.816999972,5.147999763,1.371000051,29.967336654663086
2016/7/27 20:00,19.15600014,2.344000101,12.08199978,-0.178000003,7.097000122,1.583999991,30.014867782592773
2016/7/27 21:00,18.2859993,1.60800004,11.61999989,-0.782000005,6.671000004,1.552999973,39.74599838
2016/7/27 22:00,19.42399979,2.27699995,13.32600021,0.354999989,5.725999832,1.279000044,29.99454116821289
2016/7/27 23:00,19.29000092,3.684000015,14.71100044,1.065999985,5.147999763,1.218000054,39.60499954
2016/7/28 0:00,21.43400002,3.818000078,14.17800045,0.497000009,7.126999855,1.70599997,30.008102416992188
2016/7/28 1:00,19.55800056,3.951999903,13.07699966,0.569000006,6.730999947,1.735999942,29.97516632080078
2016/7/28 2:00,18.95499992,3.684000015,12.47299957,1.031000018,6.366000175,1.613999963,29.95220947265625
2016/7/28 3:00,16.81200027,2.477999926,10.8739996,-0.035999998,5.940000057,1.674999952,29.96583366394043
2016/7/28 4:00,17.28100014,2.812999964,11.58399963,0.354999989,5.696000099,1.523000002,29.95512580871582
2016/7/28 5:00,17.07999992,3.415999889,11.72700024,0.603999972,5.604000092,1.644999981,29.933998107910156
2016/7/28 6:00,14.66899967,1.674000025,8.954999924,-1.065999985,5.90899992,1.85800004,29.95950698852539
2016/7/28 7:00,14.93700027,2.545000076,8.847999573,0.0,5.604000092,1.85800004,29.926368713378906
2016/7/28 8:00,11.11900043,1.541000009,7.888999939,-0.639999986,3.289999962,1.309999943,29.889225006103516
2016/7/28 9:00,12.39099979,1.60800004,8.706000328,-0.142000005,3.625,1.309999943,29.895017623901367
2016/7/28 10:00,14.2670002,2.27699995,9.593999863,-0.142000005,4.172999859,1.371000051,29.913713455200195
2016/7/28 11:00,14.2670002,1.875,9.593999863,-0.284000009,4.751999855,1.371000051,29.937026977539062
2016/7/28 12:00,15.60599995,0.80400002,9.772000313,-1.101999998,5.117000103,1.279000044,29.9954891204834
2016/7/28 13:00,16.20899963,2.075999975,11.26500034,-0.391000003,5.725999832,1.371000051,29.98291015625
2016/7/28 14:00,16.07500076,1.807999969,10.23400021,-0.639999986,5.452000141,1.401000023,29.97901153564453
2016/7/28 15:00,15.40499973,1.674000025,10.16300011,-0.569000006,5.086999893,1.340000033,29.967477798461914
2016/7/28 16:00,13.9989996,1.473999977,9.416999817,-0.391000003,4.630000114,1.279000044,29.942462921142578
2016/7/28 17:00,13.52999973,1.406999946,8.706000328,-0.745999992,4.782000065,1.401000023,44.95199966
2016/7/28 18:00,12.99400043,1.340000033,8.527999878,-0.603999972,4.507999897,1.462000012,29.93153953552246
2016/7/28 19:00,13.86499977,2.746000051,9.593999863,0.532999992,4.994999886,1.462000012,29.90146827697754
2016/7/28 20:00,18.95499992,3.415999889,11.76200008,0.603999972,7.097000122,1.552999973,29.98124885559082
2016/7/28 21:00,18.41900063,2.611999989,11.65499973,0.248999998,6.791999817,1.432000041,29.995298385620117
2016/7/28 22:00,17.48200035,3.818000078,11.54899979,0.888000011,6.031000137,1.432000041,29.934986114501953
2016/7/28 23:00,17.41500092,3.415999889,12.43700027,1.56400001,5.421999931,1.309999943,29.91641616821289
2016/7/29 0:00,17.2140007,4.152999878,12.57900047,1.812000036,5.056000233,1.309999943,29.88962173461914
2016/7/29 1:00,15.00399971,3.148000002,10.66100025,0.852999985,4.538000107,1.187999964,29.8961238861084
2016/7/29 2:00,15.3380003,3.617000103,10.9090004,1.99000001,4.081999779,1.126999974,29.850990295410156
2016/7/29 3:00,13.59700012,3.08100009,9.416999817,1.457000017,3.960000038,1.248999953,29.847867965698242
2016/7/29 4:00,12.92700005,2.947000027,9.416999817,1.136999965,3.471999884,1.156999946,29.845970153808594
2016/7/29 5:00,13.79800034,2.344000101,9.949999809,0.319999993,3.349999905,1.097000003,29.88625717163086
2016/7/29 6:00,11.31999969,2.611999989,7.923999786,0.497000009,3.411000013,1.371000051,29.8431339263916
2016/7/29 7:00,12.79300022,3.214999914,9.380999565,1.457000017,3.381000042,1.340000033,29.825706481933594
2016/7/29 8:00,11.31999969,2.812999964,7.747000217,0.675000012,3.471999884,1.432000041,29.833763122558594
2016/7/29 9:00,13.12800026,3.415999889,9.416999817,1.243999958,3.77699995,1.340000033,29.840049743652344
2016/7/29 10:00,14.53499985,2.947000027,9.487999916,0.888000011,4.386000156,1.432000041,29.87825584411621
2016/7/29 11:00,13.52999973,2.947000027,9.949999809,1.136999965,3.868000031,0.975000024,29.86626434326172
2016/7/29 12:00,15.80700016,2.880000114,10.19900036,0.532999992,5.300000191,1.371000051,29.92429542541504
2016/7/29 13:00,16.87899971,2.477999926,10.4119997,0.852999985,5.84800005,1.523000002,29.938377380371094
2016/7/29 14:00,15.60599995,2.545000076,10.30500031,0.639999986,5.604000092,1.401000023,29.9321231842041
2016/7/29 15:00,15.20400047,2.477999926,9.807999611,0.675000012,5.208000183,1.371000051,29.917760848999023
2016/7/29 16:00,14.60200024,3.148000002,9.522999763,0.852999985,5.117000103,1.552999973,29.890907287597656
2016/7/29 17:00,13.9989996,3.08100009,9.168000221,0.816999972,4.873000145,1.491999984,29.88251304626465
2016/7/29 18:00,13.06099987,2.210000038,8.493000031,0.319999993,4.568999767,1.371000051,29.895166397094727
2016/7/29 19:00,13.9989996,2.411000013,9.026000023,0.213,5.056000233,1.340000033,29.9163875579834
2016/7/29 20:00,19.15600014,1.674000025,11.83300018,-1.101999998,7.34100008,1.644999981,39.74599838
2016/7/29 21:00,19.0890007,1.139000058,11.93999958,-1.527999997,7.218999863,1.644999981,39.32400131
2016/7/29 22:00,20.29500008,2.947000027,14.49800014,0.178000003,6.610000134,1.552999973,30.01749038696289
2016/7/29 23:00,19.35700035,2.812999964,13.75199986,-0.071000002,5.96999979,1.491999984,30.00243377685547
2016/7/30 0:00,21.56800079,3.684000015,13.75199986,0.213,7.888999939,1.980000019,30.017841339111328
2016/7/30 1:00,21.03199959,3.684000015,13.75199986,0.425999999,7.40199995,1.797000051,30.010997772216797
2016/7/30 2:00,19.55800056,2.545000076,12.82800007,-0.035999998,6.974999905,1.888000011,30.00794792175293
2016/7/30 3:00,19.02199936,2.075999975,11.90400028,0.142000005,6.395999908,1.70599997,29.997201919555664
2016/7/30 4:00,17.61599922,3.013999939,11.40699959,-0.319999993,6.214000225,1.76699996,29.978853225708008
2016/7/30 5:00,17.01300049,2.545000076,11.12199974,-0.391000003,6.06099987,1.827999949,29.977418899536133
2016/7/30 6:00,16.40999985,2.344000101,10.4119997,-0.248999998,5.940000057,1.827999949,29.965024948120117
2016/7/30 7:00,16.47699928,4.421000004,10.4829998,1.101999998,5.879000187,1.980000019,29.890954971313477
2016/7/30 8:00,14.60200024,4.085999966,10.27000046,0.888000011,3.806999922,1.552999973,29.851394653320312
2016/7/30 9:00,13.26200008,2.746000051,9.168000221,0.425999999,4.295000076,1.552999973,29.88006019592285
2016/7/30 10:00,15.3380003,3.617000103,10.625,1.279000044,4.568999767,1.432000041,29.874055862426758
2016/7/30 11:00,16.34300041,3.549999952,10.66100025,0.782000005,5.300000191,1.583999991,45.23300171
2016/7/30 12:00,17.28100014,3.282000065,10.94499969,0.816999972,5.664999962,1.401000023,29.93191909790039
2016/7/30 13:00,17.75,2.746000051,11.30000019,0.782000005,6.152999878,1.491999984,29.955595016479492
2016/7/30 14:00,17.2140007,3.549999952,11.37100029,0.639999986,5.940000057,1.491999984,44.52999878
2016/7/30 15:00,16.47699928,2.678999901,10.27000046,0.391000003,5.482999802,1.462000012,29.938203811645508
2016/7/30 16:00,15.00399971,2.880000114,9.984999657,0.745999992,5.026000023,1.401000023,29.904949188232422
2016/7/30 17:00,14.40100002,2.344000101,9.23900032,0.425999999,4.994999886,1.432000041,29.911911010742188
2016/7/30 18:00,13.86499977,2.210000038,8.954999924,0.284000009,4.994999886,1.371000051,29.914037704467773
2016/7/30 19:00,11.11900043,2.009000063,9.131999969,0.425999999,1.888000011,0.731000006,29.840805053710938
2016/7/30 20:00,17.34799957,1.072000027,12.89900017,-0.675000012,4.234000206,0.975000024,29.99949836730957
2016/7/30 21:00,17.54899979,0.201000005,12.97000027,-1.812000036,4.538000107,1.065999985,30.049427032470703
2016/7/30 22:00,19.29000092,3.282000065,15.70600033,0.603999972,3.960000038,0.944000006,29.95563316345215
2016/7/30 23:00,20.96500015,3.684000015,16.41699982,1.243999958,5.300000191,1.309999943,29.968996047973633
2016/7/31 0:00,21.36700058,3.617000103,16.34600067,0.532999992,4.659999847,1.248999953,29.97915267944336
2016/7/31 1:00,21.36700058,3.617000103,16.34600067,0.532999992,4.659999847,1.248999953,29.97915267944336
2016/7/31 2:00,21.36700058,3.617000103,16.34600067,0.532999992,4.659999847,1.248999953,29.97915267944336
2016/7/31 3:00,21.36700058,3.617000103,16.34600067,0.532999992,4.659999847,1.248999953,29.97915267944336
2016/7/31 4:00,21.36700058,3.617000103,16.34600067,0.532999992,4.659999847,1.248999953,29.97915267944336
2016/7/31 5:00,21.36700058,3.617000103,16.34600067,0.532999992,4.659999847,1.248999953,29.97915267944336
2016/7/31 6:00,21.36700058,3.617000103,16.34600067,0.532999992,4.659999847,1.248999953,29.97915267944336
2016/7/31 7:00,21.36700058,3.617000103,16.34600067,0.532999992,4.659999847,1.248999953,29.97915267944336
2016/7/31 8:00,21.36700058,3.617000103,16.34600067,0.532999992,4.659999847,1.248999953,29.97915267944336
2016/7/31 9:00,21.36700058,3.617000103,16.34600067,0.532999992,4.659999847,1.248999953,29.97915267944336
2016/7/31 10:00,21.36700058,3.617000103,16.34600067,0.532999992,4.659999847,1.248999953,29.97915267944336
2016/7/31 11:00,21.36700058,3.617000103,16.34600067,0.532999992,4.659999847,1.248999953,29.97915267944336
2016/7/31 12:00,21.36700058,3.617000103,16.34600067,0.532999992,4.659999847,1.248999953,29.97915267944336
2016/7/31 13:00,21.36700058,3.617000103,16.34600067,0.532999992,4.659999847,1.248999953,29.97915267944336
2016/7/31 14:00,21.36700058,3.617000103,16.34600067,0.532999992,4.659999847,1.248999953,38.26900101
2016/7/31 15:00,21.36700058,3.617000103,16.34600067,0.532999992,4.659999847,1.248999953,29.97915267944336
2016/7/31 16:00,21.36700058,3.617000103,16.34600067,0.532999992,4.659999847,1.248999953,29.97915267944336
2016/7/31 17:00,21.36700058,3.617000103,16.34600067,0.532999992,4.659999847,1.248999953,29.97915267944336
2016/7/31 18:00,21.36700058,3.617000103,16.34600067,0.532999992,4.659999847,1.248999953,29.97915267944336
2016/7/31 19:00,21.36700058,3.617000103,16.34600067,0.532999992,4.659999847,1.248999953,29.97915267944336
2016/7/31 20:00,21.36700058,3.617000103,16.34600067,0.532999992,4.659999847,1.248999953,29.97915267944336
2016/7/31 21:00,21.36700058,3.617000103,16.34600067,0.532999992,4.659999847,1.248999953,29.97915267944336
2016/7/31 22:00,21.36700058,3.617000103,16.34600067,0.532999992,4.659999847,1.248999953,38.26900101
2016/7/31 23:00,21.36700058,3.617000103,16.34600067,0.532999992,4.659999847,1.248999953,29.97915267944336
2016/8/1 0:00,20.49600029,3.818000078,15.92000008,1.279000044,4.659999847,1.156999946,36.22900009
2016/8/1 1:00,19.69199944,3.951999903,15.45800018,1.457000017,4.263999939,1.065999985,35.80699921
2016/8/1 2:00,18.08499908,2.545000076,13.68099976,0.284000009,3.898999929,1.065999985,29.95014762878418
2016/8/1 3:00,18.21899986,2.812999964,14.71100044,0.745999992,3.77699995,1.218000054,29.93511199951172
2016/8/1 4:00,15.80700016,1.541000009,12.54399967,0.284000009,3.197999954,1.065999985,29.92757225036621
2016/8/1 5:00,16.07500076,2.477999926,13.71700001,0.425999999,3.075999975,0.975000024,29.918548583984375
2016/8/1 6:00,18.01799965,3.214999914,14.17800045,0.816999972,3.259000063,1.248999953,29.90949821472168
2016/8/1 7:00,15.94099998,5.157000065,12.72200012,2.664999962,3.107000113,1.248999953,29.800281524658203
2016/8/1 8:00,14.53499985,3.750999928,10.66100025,1.172999978,3.471999884,1.401000023,29.846296310424805
2016/8/1 9:00,11.98900032,2.142999887,8.102000237,0.497000009,3.197999954,1.218000054,34.61100006
2016/8/1 10:00,13.12800026,2.812999964,8.598999977,0.711000025,3.746000051,1.309999943,29.858539581298828
2016/8/1 11:00,13.39599991,2.746000051,8.847999573,0.319999993,4.386000156,1.248999953,29.890037536621094
2016/8/1 12:00,14.73600006,2.344000101,9.274999619,0.462000012,4.630000114,1.309999943,29.907428741455078
2016/8/1 13:00,15.60599995,2.812999964,10.05599976,0.603999972,5.208000183,1.279000044,29.920867919921875
2016/8/1 14:00,15.06999969,3.214999914,9.593999863,0.569000006,4.782000065,1.248999953,29.90018081665039
2016/8/1 15:00,13.73099995,2.142999887,9.487999916,0.248999998,4.386000156,1.248999953,38.12799835
2016/8/1 16:00,12.72599983,2.27699995,8.493000031,0.391000003,4.234000206,1.248999953,29.885061264038086
2016/8/1 17:00,12.6590004,2.411000013,8.598999977,0.603999972,4.051000118,1.309999943,29.871828079223633
2016/8/1 18:00,10.71700001,1.473999977,6.610000134,-0.178000003,4.051000118,1.279000044,29.883127212524414
2016/8/1 19:00,11.98900032,1.674000025,7.853000164,0.0,4.172999859,1.279000044,29.894390106201172
2016/8/1 20:00,18.01799965,1.273000002,11.72700024,-1.243999958,6.395999908,1.462000012,30.02422523498535
2016/8/1 21:00,19.29000092,1.541000009,13.46800041,-1.031000018,6.456999779,1.462000012,30.04306411743164
2016/8/1 22:00,18.5529995,1.674000025,13.11200047,-0.425999999,5.544000149,1.371000051,30.013338088989258
2016/8/1 23:00,19.95999908,3.88499999,14.99600029,1.101999998,5.361000061,1.432000041,29.9525146484375
2016/8/2 0:00,22.30400085,3.214999914,15.13799953,0.354999989,7.218999863,1.980000019,30.028085708618164
2016/8/2 1:00,20.83099937,3.684000015,14.35599995,0.711000025,6.671000004,1.70599997,29.9913272857666
2016/8/2 2:00,21.29999924,3.88499999,14.56900024,0.816999972,6.395999908,1.644999981,29.984630584716797
2016/8/2 3:00,19.29000092,4.956999779,13.36100006,1.99000001,6.214000225,1.76699996,29.907085418701172
2016/8/2 4:00,19.0890007,5.022999763,13.46800041,2.381000042,5.725999832,1.613999963,29.88654136657715
2016/8/2 5:00,18.41900063,5.157000065,12.97000027,2.131999969,5.664999962,1.735999942,29.880098342895508
2016/8/2 6:00,16.61100006,4.354000092,11.05099964,1.279000044,5.725999832,1.76699996,34.18899918
2016/8/2 7:00,16.07500076,4.554999828,11.22900009,2.273999929,4.903999805,1.70599997,29.841800689697266
2016/8/2 8:00,13.26200008,4.21999979,10.19900036,2.203000069,3.289999962,1.552999973,29.79117202758789
2016/8/2 9:00,12.6590004,2.411000013,9.168000221,0.425999999,3.441999912,1.371000051,29.866003036499023
2016/8/2 10:00,13.4630003,3.214999914,9.380999565,0.958999991,4.386000156,1.523000002,29.8630313873291
2016/8/2 11:00,14.2670002,2.411000013,9.487999916,0.319999993,4.782000065,1.432000041,29.91012954711914
2016/8/2 12:00,14.80300045,2.411000013,9.843000412,0.532999992,4.873000145,1.309999943,29.914405822753906
2016/8/2 13:00,14.46800041,2.210000038,9.843000412,0.603999972,4.751999855,1.309999943,29.910659790039062
2016/8/2 14:00,12.05599976,1.473999977,7.994999886,-0.213,4.172999859,1.340000033,29.903717041015625
2016/8/2 15:00,11.18599987,2.545000076,7.390999794,0.284000009,3.71600008,1.371000051,29.85252571105957
2016/8/2 16:00,10.44900036,1.875,6.894000053,0.178000003,3.806999922,1.309999943,29.861059188842773
2016/8/2 17:00,10.98499966,2.210000038,6.894000053,0.354999989,3.563999891,1.248999953,29.849857330322266
2016/8/2 18:00,8.640000343,1.541000009,5.68599987,0.035999998,2.984999895,1.156999946,29.836978912353516
2016/8/2 19:00,9.51099968,0.80400002,6.361000061,-0.319999993,3.167999983,0.883000016,34.8219986
2016/8/2 20:00,12.99400043,1.541000009,8.56400013,0.0,4.568999767,1.036000013,29.921680450439453
2016/8/2 21:00,11.5880003,0.736999989,7.355999947,-0.782000005,4.142000198,1.126999974,29.927602767944336
2016/8/2 22:00,12.6590004,2.009000063,8.635000229,0.462000012,3.625,1.036000013,29.878374099731445
2016/8/2 23:00,15.00399971,3.013999939,11.58399963,1.172999978,3.319999933,1.004999995,29.871870040893555
2016/8/3 0:00,14.66899967,3.549999952,11.97500038,1.598999977,2.924000025,0.944000006,29.844594955444336
2016/8/3 1:00,13.79800034,3.148000002,10.6960001,1.421000004,2.740999937,0.975000024,29.836503982543945
2016/8/3 2:00,9.578000069,1.20599997,7.284999847,0.354999989,2.315000057,0.975000024,29.836923599243164
2016/8/3 3:00,9.376999855,0.938000023,7.177999973,0.0,2.131999969,0.731000006,29.8502140045166
2016/8/3 4:00,9.578000069,1.340000033,7.568999767,0.142000005,2.131999969,0.822000027,29.842161178588867
2016/8/3 5:00,8.371999741,0.268000007,6.289999962,-0.958999991,2.223999977,0.760999978,29.881458282470703
2016/8/3 6:00,9.913000107,0.670000017,7.143000126,-0.569000006,2.650000095,0.822000027,29.88351058959961
2016/8/3 7:00,9.779000282,1.807999969,7.427000046,0.248999998,2.315000057,0.822000027,29.836294174194336
2016/8/3 8:00,6.631000042,0.536000013,4.051000118,-1.136999965,2.437000036,1.036000013,30.38999939
2016/8/3 9:00,6.96600008,1.20599997,4.65500021,-0.142000005,2.772000074,1.097000003,29.827497482299805
2016/8/3 10:00,4.622000217,-0.40200001,1.953999996,-2.096999884,2.680000067,1.004999995,29.868675231933594
2016/8/3 11:00,3.013999939,1.004999995,0.0,0.0,2.954999924,0.913999975,29.773042678833008
2016/8/3 12:00,2.27699995,1.004999995,0.0,0.0,2.375999928,0.913999975,29.75564956665039
2016/8/3 13:00,2.411000013,0.938000023,0.0,0.0,2.467000008,0.852999985,29.761415481567383
2016/8/3 14:00,2.545000076,0.938000023,0.0,0.0,2.497999907,0.883000016,29.762060165405273
2016/8/3 15:00,2.27699995,0.938000023,0.0,-0.071000002,2.437000036,0.944000006,29.759109497070312
2016/8/3 16:00,5.357999802,2.344000101,2.948999882,1.350000024,2.375999928,0.852999985,29.743038177490234
2016/8/3 17:00,8.640000343,3.750999928,5.650000095,2.381000042,3.046000004,1.097000003,34.32899857
2016/8/3 18:00,8.43900013,4.287000179,5.366000175,2.559000015,2.954999924,0.883000016,29.72225570678711
2016/8/3 19:00,8.171999931,3.348999977,5.543000221,2.381000042,2.618999958,0.731000006,29.73689079284668
2016/8/3 20:00,10.64999962,3.951999903,7.249000072,2.700999975,3.411000013,0.760999978,29.76313018798828
2016/8/3 21:00,9.243000031,3.148000002,6.573999882,1.953999996,2.954999924,0.760999978,29.77318000793457
2016/8/3 22:00,8.706999779,4.085999966,6.183000088,2.700999975,2.375999928,0.731000006,29.71881866455078
2016/8/3 23:00,8.572999954,4.956999779,7.106999874,3.802000046,2.467000008,0.852999985,29.679250717163086
2016/8/4 0:00,9.444000244,4.622000217,6.928999901,2.736000061,1.91900003,0.700999975,29.70977783203125
2016/8/4 1:00,9.041999817,4.68900013,7.035999775,3.055999994,2.163000107,0.760999978,29.70217514038086
2016/8/4 2:00,8.43900013,3.750999928,6.361000061,3.411000013,1.949000001,0.822000027,32.07799911
2016/8/4 3:00,8.23900032,4.354000092,6.289999962,3.019999981,1.980000019,0.852999985,29.69196128845215
2016/8/4 4:00,7.903999805,3.951999903,5.366000175,2.309999943,1.70599997,1.004999995,29.70039939880371
2016/8/4 5:00,8.305999756,4.019000053,5.756999969,2.309999943,2.253999949,0.852999985,29.72027587890625
2016/8/4 6:00,8.774000168,4.287000179,6.644999981,2.594000101,2.650000095,0.852999985,29.726276397705078
2016/8/4 7:00,8.640000343,4.68900013,5.721000195,3.482000113,2.467000008,1.004999995,29.679668426513672
2016/8/4 8:00,8.706999779,4.822999954,6.040999889,3.588999987,2.467000008,0.944000006,29.678560256958008
2016/8/4 9:00,9.109000206,4.21999979,6.254000187,2.772000074,2.223999977,0.913999975,29.710369110107422
2016/8/4 10:00,10.85099983,4.622000217,7.960000038,3.197999954,2.862999916,0.883000016,35.73600006
2016/8/4 11:00,8.907999992,4.21999979,5.614999771,2.061000109,3.594000101,1.126999974,29.75164222717285
2016/8/4 12:00,8.23900032,3.48300004,5.650000095,2.239000082,2.710999966,1.004999995,29.73646354675293
2016/8/4 13:00,8.104999542,3.750999928,5.899000168,2.309999943,2.315000057,0.822000027,30.67099953
2016/8/4 14:00,7.434999943,3.282000065,5.578999996,2.486999989,2.253999949,0.883000016,29.719209671020508
2016/8/4 15:00,8.104999542,3.951999903,5.721000195,2.594000101,2.405999899,0.913999975,32.57099915
2016/8/4 16:00,7.636000156,3.951999903,5.046000004,2.736000061,2.315000057,0.944000006,29.69927978515625
2016/8/4 17:00,8.305999756,3.951999903,5.721000195,2.664999962,2.559000015,0.913999975,35.59600067
2016/8/4 18:00,8.23900032,3.88499999,5.472000122,2.559000015,2.862999916,1.126999974,29.720714569091797
2016/8/4 19:00,8.104999542,3.684000015,5.223999977,2.381000042,2.772000074,1.004999995,29.726795196533203
2016/8/4 20:00,10.91800022,3.684000015,7.461999893,2.345000029,3.563999891,0.883000016,29.781532287597656
2016/8/4 21:00,9.979999542,3.951999903,6.538000107,2.345000029,3.349999905,1.004999995,29.757692337036133
2016/8/4 22:00,10.7840004,4.085999966,8.137999535,2.948999882,2.832999945,0.975000024,29.743602752685547
2016/8/4 23:00,12.52499962,6.09499979,10.8380003,4.300000191,2.497999907,0.944000006,29.697263717651367
2016/8/5 0:00,13.79800034,6.027999878,11.86900043,4.690999985,2.131999969,0.822000027,29.696399688720703
2016/8/5 1:00,11.65499973,5.492000103,9.630000114,3.76699996,2.101999998,0.822000027,29.701358795166016
2016/8/5 2:00,13.86499977,6.09499979,11.01599979,4.903999805,2.040999889,0.852999985,29.680709838867188
2016/8/5 3:00,11.45400047,5.625999928,9.843000412,3.980000019,2.071000099,0.852999985,29.692169189453125
2016/8/5 4:00,13.39599991,6.027999878,10.8739996,4.300000191,2.00999999,0.852999985,34.18899918
2016/8/5 5:00,12.12300014,5.625999928,9.737000465,3.980000019,2.223999977,0.852999985,29.69888687133789
2016/8/5 6:00,14.2670002,6.027999878,12.11699963,4.441999912,2.437000036,0.760999978,29.71640968322754
2016/8/5 7:00,13.4630003,6.96600008,11.19400024,4.833000183,2.618999958,1.156999946,29.675146102905273
2016/8/5 8:00,10.85099983,5.894000053,8.208999634,4.263999939,2.650000095,1.340000033,35.66600037
2016/8/5 9:00,9.979999542,5.157000065,7.249000072,3.375999928,2.954999924,1.523000002,29.694974899291992
2016/8/5 10:00,11.11900043,4.756000042,7.427000046,3.197999954,3.319999933,1.401000023,29.725181579589844
2016/8/5 11:00,10.98499966,5.223999977,7.214000225,3.411000013,3.441999912,1.371000051,29.712976455688477
2016/8/5 12:00,8.23900032,3.818000078,5.791999817,2.630000114,2.772000074,1.036000013,29.72186279296875
2016/8/5 13:00,9.041999817,4.487999916,6.324999809,2.273999929,2.862999916,1.004999995,29.73337173461914
2016/8/5 14:00,8.907999992,4.554999828,6.254000187,2.842999935,2.437000036,1.036000013,29.704294204711914
2016/8/5 15:00,9.041999817,3.818000078,6.005000114,2.203000069,2.315000057,1.065999985,29.729543685913086
2016/8/5 16:00,8.43900013,4.019000053,5.791999817,2.630000114,2.588999987,1.097000003,29.71457290649414
2016/8/5 17:00,9.243000031,4.085999966,6.040999889,2.842999935,3.046000004,1.279000044,29.720596313476562
2016/8/5 18:00,8.23900032,3.750999928,5.436999798,2.772000074,2.802000046,1.248999953,29.712404251098633
2016/8/5 19:00,8.038000107,3.415999889,5.401000023,2.239000082,2.588999987,0.852999985,29.73488426208496
2016/8/5 20:00,10.51599979,3.549999952,7.214000225,2.381000042,3.229000092,0.791999996,33.20399857
2016/8/5 21:00,9.376999855,3.617000103,6.43200016,2.451999903,2.924000025,0.822000027,29.749483108520508
2016/8/5 22:00,11.25300026,5.157000065,8.38599968,3.660000086,2.710999966,0.913999975,29.709959030151367
2016/8/5 23:00,12.52499962,5.559000015,9.593999863,3.411000013,2.437000036,1.156999946,29.716135025024414
2016/8/6 0:00,14.60200024,5.760000229,9.31000042,3.588999987,4.873000145,1.491999984,29.76659393310547
2016/8/6 1:00,13.4630003,6.362999916,9.593999863,3.90899992,4.477000237,1.432000041,29.7357177734375
2016/8/6 2:00,13.39599991,5.960999966,9.87899971,4.19299984,4.203000069,1.371000051,29.730363845825195
2016/8/6 3:00,13.06099987,5.894000053,9.026000023,3.838000059,4.234000206,1.340000033,33.8370018
2016/8/6 4:00,13.12800026,6.296000004,8.989999771,3.447000027,4.234000206,1.491999984,29.73687744140625
2016/8/6 5:00,13.93200016,6.296000004,9.416999817,3.411000013,4.507999897,1.401000023,29.753978729248047
2016/8/6 6:00,13.79800034,6.229000092,9.23900032,3.233999968,4.873000145,1.340000033,29.767566680908203
2016/8/6 7:00,12.52499962,6.027999878,7.461999893,3.197999954,4.659999847,1.552999973,29.741777420043945
2016/8/6 8:00,9.243000031,5.492000103,6.751999855,3.233999968,2.467000008,1.036000013,29.685102462768555
2016/8/6 9:00,9.711999893,5.357999802,7.320000172,3.305000067,2.467000008,1.065999985,29.691410064697266
2016/8/6 10:00,11.38700008,4.756000042,7.676000118,3.233999968,3.015000105,1.065999985,29.727680206298828
2016/8/6 11:00,11.5880003,4.822999954,7.568999767,3.055999994,3.289999962,1.036000013,29.739099502563477
2016/8/6 12:00,10.04699993,4.487999916,6.822999954,3.055999994,2.924000025,1.036000013,29.721200942993164
2016/8/6 13:00,10.11400032,4.622000217,7.604000092,2.700999975,3.167999983,0.975000024,29.7423152923584
2016/8/6 14:00,9.913000107,4.085999966,7.461999893,2.664999962,2.894000053,1.036000013,29.741748809814453
2016/8/6 15:00,9.645000458,4.554999828,7.071000099,2.984999895,3.167999983,1.156999946,29.72462272644043
2016/8/6 16:00,9.779000282,4.68900013,6.681000233,3.019999981,3.229000092,1.156999946,29.720928192138672
2016/8/6 17:00,10.04699993,4.554999828,6.751999855,2.772000074,3.289999962,1.218000054,29.732341766357422
2016/8/6 18:00,9.645000458,4.421000004,6.502999783,2.806999922,3.107000113,1.126999974,29.72690200805664
2016/8/6 19:00,9.913000107,3.88499999,6.538000107,2.381000042,3.289999962,1.126999974,29.75334358215332
2016/8/6 20:00,13.86499977,4.554999828,9.23900032,2.664999962,4.690999985,1.065999985,29.811412811279297
2016/8/6 21:00,12.32400036,4.287000179,8.279999733,2.345000029,4.051000118,1.097000003,29.793319702148438
2016/8/6 22:00,12.25699997,4.956999779,8.883999825,3.055999994,3.381000042,1.004999995,29.75336456298828
2016/8/6 23:00,12.05599976,5.357999802,9.026000023,3.696000099,3.167999983,1.065999985,29.722524642944336
2016/8/7 0:00,11.98900032,5.559000015,9.345999718,3.625,2.772000074,0.944000006,29.717021942138672
2016/8/7 1:00,11.38700008,5.357999802,9.204000473,3.625,2.497999907,0.852999985,29.711122512817383
2016/8/7 2:00,10.85099983,5.492000103,9.026000023,3.944000006,2.223999977,0.852999985,29.689149856567383
2016/8/7 3:00,9.243000031,5.090000153,7.143000126,3.339999914,2.163000107,0.822000027,29.6885929107666
2016/8/7 4:00,9.645000458,4.889999866,7.071000099,3.375999928,2.101999998,1.156999946,29.684051513671875
2016/8/7 5:00,9.175999641,4.287000179,7.035999775,3.305000067,2.345000029,0.822000027,29.704750061035156
2016/8/7 6:00,10.44900036,5.223999977,8.706000328,3.625,2.253999949,0.670000017,29.70220947265625
2016/8/7 7:00,10.98499966,5.625999928,8.670999527,3.980000019,2.28399992,0.852999985,29.685657501220703
2016/8/7 8:00,8.305999756,5.357999802,6.610000134,4.086999893,2.223999977,0.913999975,29.652910232543945
2016/8/7 9:00,9.913000107,4.756000042,7.143000126,3.482000113,2.894000053,1.187999964,29.702489852905273
2016/8/7 10:00,11.05200005,5.022999763,7.710999966,3.092000008,3.137000084,1.126999974,29.727453231811523
2016/8/7 11:00,11.45400047,5.492000103,7.81799984,3.019999981,3.686000109,1.097000003,29.738693237304688
2016/8/7 12:00,11.05200005,4.152999878,7.106999874,2.948999882,3.503000021,1.156999946,29.748071670532227
2016/8/7 13:00,11.98900032,5.022999763,7.888999939,3.447000027,3.838000059,1.065999985,29.74132537841797
2016/8/7 14:00,11.72099972,5.090000153,8.173000336,3.163000107,3.77699995,1.218000054,29.7443790435791
2016/8/7 15:00,11.92199993,5.492000103,8.244000435,3.305000067,3.532999992,1.218000054,29.730365753173828
2016/8/7 16:00,10.64999962,4.756000042,6.822999954,3.197999954,3.381000042,1.156999946,29.724485397338867
2016/8/7 17:00,10.91800022,4.622000217,7.177999973,3.092000008,3.898999929,1.248999953,29.74359130859375
2016/8/7 18:00,9.979999542,4.487999916,6.502999783,2.806999922,3.71600008,1.065999985,29.743000030517578
2016/8/7 19:00,10.7840004,4.085999966,7.071000099,2.559000015,3.71600008,1.036000013,29.76584243774414
2016/8/7 20:00,15.40499973,5.223999977,10.12699986,3.339999914,5.390999794,1.309999943,29.80824851989746
2016/8/7 21:00,14.2670002,5.090000153,9.274999619,3.411000013,4.903999805,1.187999964,34.89199829
2016/8/7 22:00,13.19499969,5.69299984,9.168000221,3.625,4.142000198,1.156999946,29.747549057006836
2016/8/7 23:00,14.86999989,6.229000092,11.33600044,4.229000092,3.563999891,1.036000013,29.73723793029785
2016/8/8 0:00,15.47200012,4.822999954,12.04599953,3.305000067,3.197999954,1.004999995,33.55599976
2016/8/8 1:00,14.40100002,6.631000042,11.72700024,4.690999985,2.984999895,1.036000013,29.704694747924805
2016/8/8 2:00,12.6590004,6.162000179,10.4829998,4.157999992,2.740999937,1.004999995,29.702800750732422
2016/8/8 3:00,12.59200001,5.960999966,9.913999557,4.051000118,2.528000116,0.944000006,29.700843811035156
2016/8/8 4:00,12.72599983,6.229000092,10.05599976,4.122000217,2.497999907,0.913999975,29.696508407592773
2016/8/8 5:00,13.39599991,5.559000015,10.58899975,4.725999832,2.497999907,0.852999985,29.69843864440918
2016/8/8 6:00,13.26200008,5.894000053,10.4829998,4.513000011,2.710999966,1.036000013,29.698909759521484
2016/8/8 7:00,11.65499973,5.827000141,9.204000473,4.086999893,2.984999895,1.248999953,29.695011138916016
2016/8/8 8:00,10.24800014,5.223999977,7.143000126,3.233999968,2.680000067,1.126999974,29.700973510742188
2016/8/8 9:00,9.645000458,4.622000217,6.502999783,3.019999981,2.862999916,1.156999946,29.711536407470703
2016/8/8 10:00,11.92199993,5.625999928,7.747000217,3.305000067,3.503000021,1.309999943,29.722097396850586
2016/8/8 11:00,12.12300014,5.559000015,8.173000336,3.588999987,3.654999971,1.218000054,29.724613189697266
2016/8/8 12:00,11.45400047,4.554999828,8.137999535,2.878000021,3.503000021,1.218000054,29.752647399902344
2016/8/8 13:00,12.18999958,4.354000092,7.853000164,2.700999975,3.625,1.065999985,29.76910972595215
2016/8/8 14:00,11.78800011,5.492000103,8.279999733,3.411000013,3.503000021,1.218000054,29.726083755493164
2016/8/8 15:00,12.05599976,5.625999928,8.38599968,3.482000113,3.654999971,1.156999946,29.729110717773438
2016/8/8 16:00,11.31999969,5.492000103,7.747000217,3.802000046,3.686000109,1.218000054,29.712268829345703
2016/8/8 17:00,11.18599987,5.357999802,7.498000145,3.339999914,3.654999971,1.309999943,29.722379684448242
2016/8/8 18:00,10.31499958,4.756000042,6.71600008,2.984999895,3.625,1.309999943,29.73016357421875
2016/8/8 19:00,11.45400047,4.622000217,7.604000092,2.914000034,3.838000059,1.126999974,29.756221771240234
2016/8/8 20:00,16.6779995,3.951999903,10.80300045,1.598999977,5.725999832,1.552999973,29.892770767211914
2016/8/8 21:00,17.01300049,5.625999928,11.76200008,3.197999954,5.300000191,1.309999943,29.82571029663086
2016/8/8 22:00,18.21899986,5.559000015,13.71700001,3.127000093,4.568999767,1.248999953,29.834922790527344
2016/8/8 23:00,17.81699944,5.090000153,13.36100006,2.984999895,4.081999779,1.218000054,34.25899887
2016/8/9 0:00,20.62999916,6.296000004,14.28499985,3.305000067,6.183000088,1.735999942,33.13299942
2016/8/9 1:00,19.55800056,5.760000229,13.50300026,3.019999981,5.664999962,1.674999952,29.857343673706055
2016/8/9 2:00,19.22299957,5.827000141,13.57400036,3.019999981,5.300000191,1.613999963,33.55599976
2016/8/9 3:00,17.95100021,8.23900032,12.43700027,4.762000084,5.300000191,1.613999963,29.751646041870117
2016/8/9 4:00,17.81699944,7.434999943,12.26000023,4.833000183,5.026000023,1.613999963,29.74755859375
2016/8/9 5:00,18.01799965,8.038000107,12.40200043,4.65500021,4.934000015,1.523000002,32.21900177
2016/8/9 6:00,18.88800049,6.362999916,12.86400032,3.552999973,5.513000011,1.735999942,29.81943702697754
2016/8/9 7:00,18.21899986,6.429999828,12.26000023,3.127000093,5.361000061,1.827999949,29.81691551208496
2016/8/9 8:00,13.4630003,5.223999977,10.66100025,3.447000027,3.197999954,1.371000051,29.746353149414062
2016/8/9 9:00,11.38700008,5.223999977,8.031000137,3.375999928,2.894000053,1.340000033,34.04800034
2016/8/9 10:00,12.52499962,6.027999878,8.670999527,4.051000118,3.471999884,1.401000023,29.702199935913086
2016/8/9 11:00,11.92199993,5.827000141,8.208999634,2.984999895,3.838000059,1.340000033,29.738611221313477
2016/8/9 12:00,12.12300014,5.223999977,8.031000137,3.163000107,3.71600008,1.218000054,29.742338180541992
2016/8/9 13:00,12.92700005,4.956999779,8.244000435,3.092000008,4.081999779,1.279000044,29.7618408203125
2016/8/9 14:00,12.12300014,5.559000015,8.350999832,3.588999987,4.051000118,1.371000051,29.73168182373047
2016/8/9 15:00,11.45400047,5.559000015,7.853000164,3.055999994,3.441999912,1.279000044,29.727529525756836
2016/8/9 16:00,11.25300026,5.357999802,7.568999767,3.375999928,3.532999992,1.279000044,29.720142364501953
2016/8/9 17:00,10.91800022,5.157000065,7.568999767,3.375999928,3.381000042,1.340000033,35.80699921
2016/8/9 18:00,10.11400032,4.554999828,6.822999954,2.878000021,3.471999884,1.248999953,29.733684539794922
2016/8/9 19:00,10.31499958,4.354000092,6.787000179,2.772000074,3.532999992,1.126999974,29.744686126708984
2016/8/9 20:00,14.06599998,4.554999828,9.097000122,2.700999975,5.056000233,1.218000054,29.815635681152344
2016/8/9 21:00,14.13300037,5.022999763,10.66100025,3.411000013,4.477000237,1.097000003,29.78924560546875
2016/8/9 22:00,15.8739996,6.09499979,11.69099998,4.370999813,3.928999901,1.065999985,29.75143814086914
2016/8/9 23:00,15.3380003,6.09499979,11.30000019,3.90899992,3.654999971,1.097000003,29.751832962036133
2016/8/10 0:00,17.88400078,7.703000069,14.03600025,4.903999805,3.289999962,1.065999985,29.726266860961914
2016/8/10 1:00,16.54400063,6.497000217,13.07699966,4.762000084,2.832999945,0.913999975,29.726478576660156
2016/8/10 2:00,16.40999985,6.56400013,13.21899986,5.258999825,2.710999966,0.944000006,29.70795440673828
2016/8/10 3:00,14.80300045,7.032999992,12.72200012,4.974999905,2.618999958,1.004999995,29.692392349243164
2016/8/10 4:00,14.66899967,6.831999779,12.01099968,4.65500021,2.559000015,0.975000024,29.697965621948242
2016/8/10 5:00,14.93700027,6.429999828,12.57900047,4.833000183,2.802000046,1.004999995,29.709566116333008
2016/8/10 6:00,16.94599915,6.497000217,13.00599957,4.93900013,3.015000105,1.065999985,29.72420310974121
2016/8/10 7:00,15.53899956,7.636000156,12.93500042,5.329999924,2.924000025,1.248999953,29.680755615234375
2016/8/10 8:00,14.19999981,7.099999905,10.66100025,4.796999931,3.319999933,1.340000033,29.686763763427734
2016/8/10 9:00,11.65499973,3.684000015,8.244000435,1.70599997,3.563999891,1.462000012,29.797903060913086
2016/8/10 10:00,11.72099972,5.022999763,7.994999886,3.269000053,4.020999908,1.432000041,29.74208641052246
2016/8/10 11:00,12.6590004,5.223999977,8.065999985,3.127000093,4.142000198,1.462000012,29.751386642456055
2016/8/10 12:00,11.72099972,4.554999828,7.888999939,2.914000034,4.081999779,1.432000041,29.760042190551758
2016/8/10 13:00,13.39599991,5.357999802,8.208999634,2.842999935,4.324999809,1.371000051,29.76906967163086
2016/8/10 14:00,13.06099987,5.69299984,8.56400013,3.872999907,4.142000198,1.309999943,34.75099945
2016/8/10 15:00,12.25699997,4.956999779,8.279999733,3.127000093,3.868000031,1.279000044,29.752216339111328
2016/8/10 16:00,11.92199993,5.625999928,7.853000164,3.552999973,3.868000031,1.523000002,29.71952247619629
2016/8/10 17:00,11.5880003,5.492000103,7.710999966,3.802000046,3.99000001,1.552999973,29.713478088378906
2016/8/10 18:00,10.7840004,4.889999866,6.894000053,2.878000021,3.99000001,1.432000041,29.741044998168945
2016/8/10 19:00,11.85499954,4.487999916,7.747000217,2.700999975,4.203000069,1.218000054,29.774215698242188
2016/8/10 20:00,17.01300049,3.818000078,10.9090004,1.56400001,6.122000217,1.340000033,29.91204071044922
2016/8/10 21:00,15.80700016,4.287000179,10.3760004,1.812000036,5.544000149,1.309999943,29.874204635620117
2016/8/10 22:00,15.3380003,4.354000092,10.7670002,2.167999983,4.598999977,1.097000003,29.845996856689453
2016/8/10 23:00,15.20400047,4.956999779,10.02099991,2.239000082,4.598999977,1.340000033,29.823467254638672
2016/8/11 0:00,16.54400063,7.234000206,10.16300011,4.300000191,6.518000126,1.797000051,29.791000366210938
2016/8/11 1:00,14.66899967,6.362999916,8.989999771,4.157999992,6.031000137,1.644999981,29.765727996826172
2016/8/11 2:00,14.86999989,6.56400013,8.38599968,4.370999813,5.81799984,1.70599997,29.751161575317383
2016/8/11 3:00,14.93700027,6.96600008,8.954999924,4.690999985,5.664999962,1.797000051,29.741228103637695
2016/8/11 4:00,14.46800041,7.301000118,8.350999832,4.300000191,5.513000011,1.76699996,28.77199936
2016/8/11 5:00,13.06099987,6.631000042,7.853000164,3.872999907,5.421999931,1.583999991,29.736013412475586
2016/8/11 6:00,14.60200024,5.960999966,8.812999725,4.122000217,5.482999802,1.735999942,29.753942489624023
2016/8/11 7:00,10.04699993,5.357999802,6.894000053,3.838000059,3.167999983,1.432000041,29.68315887451172
2016/8/11 8:00,11.25300026,6.229000092,7.782000065,3.696000099,3.289999962,1.491999984,29.68923568725586
2016/8/11 9:00,11.38700008,5.157000065,8.031000137,3.517999887,3.532999992,1.432000041,29.720050811767578
2016/8/11 10:00,12.72599983,5.960999966,8.635000229,3.305000067,3.99000001,1.462000012,29.736156463623047
2016/8/11 11:00,13.86499977,4.019000053,8.883999825,1.953999996,4.538000107,1.401000023,31.44499969
2016/8/11 12:00,13.73099995,4.956999779,8.847999573,3.339999914,4.538000107,1.340000033,29.772968292236328
2016/8/11 13:00,14.73600006,5.69299984,9.31000042,2.878000021,5.208000183,1.462000012,29.797147750854492
2016/8/11 14:00,14.53499985,6.09499979,9.097000122,3.269000053,4.751999855,1.401000023,32.99300003
2016/8/11 15:00,13.26200008,5.425000191,9.06099987,3.197999954,4.507999897,1.432000041,29.766084671020508
2016/8/11 16:00,12.45800018,5.492000103,8.38599968,3.76699996,4.172999859,1.279000044,29.73453140258789
2016/8/11 17:00,11.45400047,5.022999763,7.284999847,3.019999981,4.263999939,1.462000012,29.74738311767578
2016/8/11 18:00,6.631000042,2.210000038,2.486999989,0.675000012,4.111999989,1.371000051,29.790706634521484
2016/8/11 19:00,10.24800014,3.617000103,6.183000088,2.061000109,4.111999989,1.097000003,29.785350799560547
2016/8/11 20:00,17.48200035,4.085999966,11.30000019,2.061000109,6.06099987,1.432000041,29.89599609375
2016/8/11 21:00,17.14699936,4.487999916,11.05099964,2.096999884,5.756999969,1.340000033,29.880081176757812
2016/8/11 22:00,17.95100021,5.625999928,13.04100037,2.984999895,5.177999973,1.340000033,29.843381881713867
2016/8/11 23:00,17.48200035,6.162000179,12.97000027,3.980000019,4.690999985,1.432000041,29.790250778198242
2016/8/12 0:00,18.15200043,5.357999802,13.82299995,3.482000113,4.203000069,1.279000044,30.53100014
2016/8/12 1:00,16.94599915,6.027999878,13.18299961,3.233999968,3.928999901,1.218000054,29.799335479736328
2016/8/12 2:00,16.61100006,5.760000229,13.32600021,3.269000053,3.503000021,1.097000003,29.794300079345703
2016/8/12 3:00,15.40499973,6.831999779,12.36600018,4.796999931,2.954999924,1.065999985,29.70794677734375
2016/8/12 4:00,14.73600006,7.099999905,11.90400028,4.93900013,2.984999895,1.065999985,29.693084716796875
2016/8/12 5:00,13.66399956,5.960999966,10.44699955,3.90899992,2.772000074,0.944000006,29.720788955688477
2016/8/12 6:00,12.99400043,5.894000053,10.3409996,3.90899992,2.772000074,1.004999995,29.71573257446289
2016/8/12 7:00,13.06099987,6.229000092,10.12699986,4.19299984,2.954999924,1.218000054,29.700971603393555
2016/8/12 8:00,12.92700005,6.697999954,9.487999916,3.90899992,3.197999954,1.491999984,29.89699936
2016/8/12 9:00,11.72099972,5.69299984,8.065999985,5.117000103,3.441999912,1.583999991,29.662769317626953
2016/8/12 10:00,13.59700012,6.027999878,8.989999771,3.76699996,3.928999901,1.552999973,30.53100014
2016/8/12 11:00,13.66399956,6.296000004,9.097000122,3.375999928,4.263999939,1.371000051,29.746143341064453
2016/8/12 12:00,13.52999973,5.357999802,9.131999969,3.092000008,4.447000027,1.371000051,31.02300072
2016/8/12 13:00,14.60200024,5.559000015,9.772000313,3.447000027,4.813000202,1.309999943,31.79700089
2016/8/12 14:00,14.19999981,5.625999928,9.131999969,3.019999981,4.477000237,1.340000033,29.775537490844727
2016/8/12 15:00,13.9989996,4.956999779,8.989999771,3.163000107,4.081999779,1.309999943,29.770998001098633
2016/8/12 16:00,12.6590004,4.889999866,8.635000229,2.948999882,4.020999908,1.371000051,29.76490020751953
2016/8/12 17:00,12.85999966,5.090000153,8.421999931,2.948999882,4.203000069,1.432000041,29.76436996459961
2016/8/12 18:00,11.72099972,5.090000153,7.461999893,3.055999994,4.203000069,1.491999984,29.746204376220703
2016/8/12 19:00,12.39099979,4.889999866,8.065999985,3.055999994,4.324999809,1.279000044,29.7648983001709
2016/8/12 20:00,18.01799965,4.085999966,11.65499973,1.77699995,6.395999908,1.401000023,29.9182186126709
2016/8/12 21:00,17.81699944,3.549999952,11.19400024,0.852999985,6.275000095,1.462000012,29.944381713867188
2016/8/12 22:00,21.43400002,6.96600008,15.63500023,4.441999912,5.635000229,1.309999943,31.51499939
2016/8/12 23:00,19.89299965,5.827000141,14.67599964,3.233999968,5.056000233,1.309999943,29.854549407958984
2016/8/13 0:00,20.96500015,5.960999966,14.67599964,3.127000093,6.578999996,1.674999952,29.888898849487305
2016/8/13 1:00,20.76399994,6.56400013,14.21399975,3.055999994,6.366000175,1.644999981,29.873037338256836
2016/8/13 2:00,18.21899986,4.68900013,12.33100033,2.203000069,5.879000187,1.552999973,29.88800621032715
2016/8/13 3:00,18.62000084,6.09499979,13.11200047,3.305000067,5.787000179,1.613999963,29.839628219604492
2016/8/13 4:00,18.88800049,5.492000103,12.82800007,2.700999975,5.635000229,1.85800004,29.85715675354004
2016/8/13 5:00,16.40999985,5.022999763,11.33600044,2.594000101,5.361000061,1.613999963,29.840560913085938
2016/8/13 6:00,15.47200012,4.152999878,9.701000214,1.598999977,5.664999962,1.70599997,29.869888305664062
2016/8/13 7:00,15.40499973,5.559000015,9.666000366,2.415999889,5.573999882,1.949000001,29.817180633544922
2016/8/13 8:00,14.19999981,5.223999977,10.51799965,2.914000034,3.259000063,1.552999973,29.762666702270508
2016/8/13 9:00,12.18999958,4.085999966,8.38599968,4.086999893,3.686000109,1.523000002,29.72886085510254
2016/8/13 10:00,13.86499977,6.229000092,9.131999969,3.980000019,4.234000206,1.371000051,29.73051643371582
2016/8/13 11:00,14.73600006,6.229000092,9.274999619,3.625,4.873000145,1.401000023,29.760896682739258
2016/8/13 12:00,14.73600006,5.827000141,9.737000465,3.802000046,4.751999855,1.279000044,29.765073776245117
2016/8/13 13:00,15.13700008,5.894000053,10.19900036,3.838000059,5.269000053,1.432000041,29.77730369567871
2016/8/13 14:00,15.27099991,6.162000179,9.913999557,3.517999887,5.177999973,1.552999973,29.77658462524414
2016/8/13 15:00,14.93700027,5.492000103,9.559000015,3.197999954,4.690999985,1.371000051,29.78417205810547
2016/8/13 16:00,13.19499969,5.290999889,8.777000427,3.233999968,4.447000027,1.218000054,29.767723083496094
2016/8/13 17:00,13.06099987,5.357999802,8.741999626,3.305000067,4.416999817,1.340000033,29.760356903076172
2016/8/13 18:00,12.79300022,5.090000153,8.279999733,3.339999914,4.598999977,1.491999984,29.759384155273438
2016/8/13 19:00,13.86499977,5.69299984,9.416999817,3.552999973,4.965000153,1.340000033,29.770288467407227
2016/8/13 20:00,19.89299965,6.96600008,12.61499977,4.086999893,7.188000202,1.644999981,29.849288940429688
2016/8/13 21:00,18.95499992,7.434999943,11.97500038,4.263999939,6.945000172,1.583999991,29.824440002441406
2016/8/13 22:00,19.35700035,5.223999977,12.93500042,2.239000082,6.0,1.491999984,29.894084930419922
2016/8/13 23:00,18.08499908,4.21999979,12.50800037,2.451999903,5.604000092,1.462000012,29.88410186767578
2016/8/14 0:00,18.01799965,5.827000141,13.53899956,2.948999882,4.721000195,1.187999964,29.838218688964844
2016/8/14 1:00,19.15600014,5.960999966,14.92500019,3.696000099,4.324999809,1.187999964,29.822568893432617
2016/8/14 2:00,17.54899979,5.827000141,13.32600021,3.163000107,4.142000198,1.218000054,29.813920974731445
2016/8/14 3:00,16.00799942,7.434999943,12.04599953,5.578999996,3.746000051,1.156999946,29.693561553955078
2016/8/14 4:00,14.93700027,6.362999916,11.65499973,4.441999912,3.471999884,1.371000051,29.72265625
2016/8/14 5:00,14.06599998,5.559000015,10.6960001,3.588999987,3.471999884,1.156999946,29.75176239013672
2016/8/14 6:00,13.73099995,6.162000179,10.16300011,4.157999992,3.289999962,1.097000003,29.717432022094727
2016/8/14 7:00,13.9989996,7.099999905,10.09200001,4.335000038,3.137000084,1.309999943,29.691219329833984
2016/8/14 8:00,10.64999962,6.497000217,7.604000092,3.838000059,3.532999992,1.552999973,29.680391311645508
2016/8/14 9:00,11.98900032,6.229000092,8.065999985,3.872999907,3.654999971,1.523000002,29.69824981689453
2016/8/14 10:00,13.73099995,4.487999916,9.168000221,1.883000016,4.416999817,1.552999973,29.817209243774414
2016/8/14 11:00,14.46800041,4.152999878,9.701000214,1.812000036,4.965000153,1.491999984,29.84634780883789
2016/8/14 12:00,14.86999989,4.019000053,10.02099991,1.70599997,5.329999924,1.70599997,29.85995864868164
2016/8/14 13:00,16.47699928,4.152999878,10.44699955,1.491999984,5.696000099,1.523000002,29.888965606689453
2016/8/14 14:00,16.07500076,4.554999828,10.30500031,1.56400001,5.177999973,1.371000051,29.868791580200195
2016/8/14 15:00,15.27099991,4.487999916,9.737000465,1.56400001,4.782000065,1.371000051,29.851877212524414
2016/8/14 16:00,14.06599998,5.357999802,9.274999619,3.127000093,4.751999855,1.644999981,29.77659034729004
2016/8/14 17:00,13.59700012,5.894000053,8.847999573,3.872999907,4.690999985,1.432000041,29.744108200073242
2016/8/14 18:00,12.52499962,5.090000153,8.244000435,3.233999968,4.263999939,1.187999964,29.759353637695312
2016/8/14 19:00,13.66399956,5.492000103,8.989999771,3.482000113,4.630000114,1.340000033,29.76347541809082
2016/8/14 20:00,19.0890007,4.756000042,12.15299988,1.84800005,6.914000034,1.523000002,32.64099884
2016/8/14 21:00,18.35300064,4.085999966,11.72700024,1.56400001,6.671000004,1.491999984,29.93120765686035
2016/8/14 22:00,17.28100014,5.022999763,11.51299953,2.345000029,6.092000008,1.462000012,29.87401580810547
2016/8/14 23:00,16.40999985,4.622000217,11.12199974,2.273999929,5.361000061,1.371000051,29.859413146972656
2016/8/15 0:00,19.55800056,6.162000179,12.40200043,2.772000074,7.28000021,1.91900003,29.889257431030273
2016/8/15 1:00,17.54899979,5.894000053,11.19400024,2.806999922,6.671000004,1.76699996,29.85466957092285
2016/8/15 2:00,16.61100006,6.96600008,10.27000046,4.406000137,6.214000225,1.76699996,29.781251907348633
2016/8/15 3:00,15.67300034,7.099999905,9.913999557,4.300000191,5.725999832,1.674999952,29.757783889770508
2016/8/15 4:00,14.80300045,6.296000004,8.38599968,3.76699996,5.90899992,1.76699996,29.770042419433594
2016/8/15 5:00,16.07500076,6.96600008,9.559000015,4.300000191,5.84800005,1.76699996,29.764968872070312
2016/8/15 6:00,15.94099998,7.166999817,9.593999863,3.76699996,5.90899992,1.797000051,29.776676177978516
2016/8/15 7:00,15.13700008,7.769999981,8.954999924,4.300000191,5.84800005,2.131999969,29.756511688232422
2016/8/15 8:00,11.25300026,6.56400013,7.923999786,3.872999907,3.503000021,1.462000012,29.685543060302734
2016/8/15 9:00,11.92199993,6.697999954,8.527999878,3.944000006,3.411000013,1.371000051,29.689693450927734
2016/8/15 10:00,14.2670002,6.764999866,9.204000473,3.802000046,4.386000156,1.371000051,29.73390007019043
2016/8/15 11:00,14.66899967,6.56400013,9.451999664,3.980000019,4.721000195,1.309999943,29.74492073059082
2016/8/15 12:00,15.13700008,5.625999928,9.843000412,3.872999907,4.994999886,1.432000041,29.771554946899414
2016/8/15 13:00,16.27599907,4.487999916,11.15799999,1.99000001,5.269000053,1.432000041,29.86572265625
2016/8/15 14:00,16.27599907,4.019000053,11.22900009,2.309999943,4.994999886,1.401000023,29.858572006225586
2016/8/15 15:00,15.40499973,4.085999966,10.05599976,1.491999984,4.965000153,1.491999984,29.864788055419922
2016/8/15 16:00,14.13300037,4.487999916,9.666000366,2.131999969,4.507999897,1.674999952,29.81556510925293
2016/8/15 17:00,13.59700012,5.894000053,9.168000221,3.838000059,4.477000237,1.401000023,29.743240356445312
2016/8/15 18:00,12.72599983,5.425000191,8.244000435,3.375999928,4.447000027,1.401000023,34.9620018
2016/8/15 19:00,14.33399963,5.625999928,9.204000473,3.375999928,4.994999886,1.371000051,29.7777042388916
2016/8/15 20:00,19.29000092,4.487999916,12.43700027,2.131999969,7.006000042,1.491999984,29.9271183013916
2016/8/15 21:00,18.88800049,4.152999878,12.47299957,2.025000095,6.395999908,1.371000051,29.921846389770508
2016/8/15 22:00,20.22800064,6.09499979,14.3210001,3.552999973,5.604000092,1.340000033,29.85251235961914
2016/8/15 23:00,18.95499992,5.827000141,14.21399975,3.092000008,5.300000191,1.401000023,29.853281021118164
2016/8/16 0:00,20.09399986,5.157000065,14.4630003,3.233999968,4.934000015,1.371000051,29.860322952270508
2016/8/16 1:00,17.34799957,5.425000191,13.36100006,3.127000093,4.234000206,1.156999946,29.823476791381836
2016/8/16 2:00,17.28100014,6.697999954,13.25500011,4.762000084,3.746000051,1.126999974,29.74538803100586
2016/8/16 3:00,15.40499973,4.756000042,12.04599953,2.415999889,3.686000109,1.097000003,29.821746826171875
2016/8/16 4:00,16.40999985,5.157000065,12.57900047,3.197999954,3.319999933,1.065999985,29.795360565185547
2016/8/16 5:00,14.33399963,5.625999928,11.15799999,4.122000217,3.229000092,1.065999985,29.73673439025879
2016/8/16 6:00,11.38700008,5.492000103,8.173000336,3.233999968,3.289999962,1.097000003,29.725711822509766
2016/8/16 7:00,10.44900036,4.956999779,7.604000092,2.984999895,3.046000004,1.309999943,30.45999908
2016/8/16 8:00,8.774000168,4.354000092,5.507999897,2.842999935,3.319999933,1.279000044,29.716053009033203
2016/8/16 9:00,10.31499958,4.889999866,6.538000107,2.772000074,3.625,1.309999943,29.73297691345215
2016/8/16 10:00,12.05599976,4.822999954,7.390999794,2.664999962,4.142000198,1.552999973,29.76036262512207
2016/8/16 11:00,12.99400043,5.625999928,7.639999866,2.914000034,4.598999977,1.491999984,29.760082244873047
2016/8/16 12:00,13.06099987,5.357999802,8.031000137,2.523000002,4.903999805,1.432000041,32.36000061
2016/8/16 13:00,14.66899967,5.223999977,8.421999931,2.736000061,5.725999832,1.552999973,29.811338424682617
2016/8/16 14:00,13.59700012,4.889999866,8.208999634,2.664999962,5.361000061,1.552999973,29.80219841003418
2016/8/16 15:00,13.12800026,5.157000065,7.532999992,2.381000042,4.903999805,1.340000033,29.792709350585938
2016/8/16 16:00,11.85499954,4.287000179,7.390999794,2.203000069,4.477000237,1.462000012,29.790128707885742
2016/8/16 17:00,11.25300026,3.818000078,6.751999855,1.953999996,4.477000237,1.340000033,29.798730850219727
2016/8/16 18:00,10.91800022,3.750999928,6.467000008,1.953999996,4.447000027,1.552999973,29.790510177612305
2016/8/16 19:00,11.92199993,3.88499999,7.0,2.025000095,4.934000015,1.309999943,29.81247901916504
2016/8/16 20:00,16.40999985,5.357999802,9.451999664,2.309999943,7.40199995,1.491999984,29.878808975219727
2016/8/16 21:00,18.35300064,4.019000053,11.86900043,1.207999945,6.518000126,1.674999952,29.936201095581055
2016/8/16 22:00,18.82099915,5.559000015,12.57900047,2.061000109,5.879000187,1.401000023,29.887500762939453
2016/8/16 23:00,18.35300064,5.425000191,13.36100006,2.486999989,5.329999924,1.279000044,29.870248794555664
2016/8/17 0:00,18.01799965,5.827000141,13.75199986,2.984999895,4.630000114,1.218000054,29.836036682128906
2016/8/17 1:00,18.15200043,5.357999802,13.36100006,3.305000067,4.386000156,1.218000054,29.826351165771484
2016/8/17 2:00,17.07999992,4.68900013,13.32600021,2.984999895,3.868000031,1.156999946,29.828580856323242
2016/8/17 3:00,14.06599998,6.296000004,11.15799999,4.051000118,3.503000021,1.065999985,29.73322105407715
2016/8/17 4:00,14.19999981,5.960999966,11.33600044,4.263999939,3.107000113,1.340000033,29.71951675415039
2016/8/17 5:00,12.32400036,4.554999828,9.026000023,2.914000034,3.107000113,1.126999974,29.75621795654297
2016/8/17 6:00,12.92700005,5.157000065,9.06099987,3.092000008,3.319999933,1.218000054,29.748735427856445
2016/8/17 7:00,10.11400032,4.68900013,8.38599968,3.588999987,2.253999949,0.852999985,29.703189849853516
2016/8/17 8:00,10.18099976,5.827000141,7.214000225,3.233999968,2.862999916,1.248999953,29.693519592285156
2016/8/17 9:00,12.05599976,5.960999966,8.244000435,3.625,3.441999912,1.432000041,29.708251953125
2016/8/17 10:00,14.06599998,6.56400013,9.807999611,4.014999866,4.172999859,1.491999984,29.726621627807617
2016/8/17 11:00,14.40100002,6.429999828,9.913999557,4.19299984,4.538000107,1.371000051,31.23399925
2016/8/17 12:00,15.00399971,5.960999966,9.772000313,3.660000086,4.598999977,1.613999963,29.758485794067383
2016/8/17 13:00,16.54400063,5.894000053,11.19400024,3.838000059,5.421999931,1.613999963,29.792631149291992
2016/8/17 14:00,16.00799942,6.697999954,10.5539999,3.944000006,5.329999924,1.644999981,29.76675796508789
2016/8/17 15:00,15.20400047,6.229000092,10.02099991,4.051000118,4.934000015,1.644999981,29.75310516357422
2016/8/17 16:00,13.73099995,5.492000103,8.883999825,3.127000093,4.598999977,1.552999973,29.76816177368164
2016/8/17 17:00,13.32900047,5.157000065,8.883999825,3.305000067,4.295000076,1.523000002,29.75943374633789
2016/8/17 18:00,12.59200001,5.090000153,8.244000435,3.055999994,4.263999939,1.491999984,29.758506774902344
2016/8/17 19:00,13.52999973,4.68900013,8.777000427,2.594000101,4.659999847,1.340000033,29.799596786499023
2016/8/17 20:00,18.62000084,5.69299984,11.61999989,2.984999895,7.006000042,1.491999984,29.874309539794922
2016/8/17 21:00,17.95100021,5.827000141,11.30000019,3.055999994,6.730999947,1.735999942,29.853910446166992
2016/8/17 22:00,17.61599922,6.631000042,11.76200008,4.335000038,5.940000057,1.552999973,29.791309356689453
2016/8/17 23:00,17.88400078,5.960999966,12.72200012,3.588999987,5.300000191,1.401000023,29.81964874267578
2016/8/18 0:00,20.89800072,6.96600008,12.61499977,2.878000021,7.218999863,1.888000011,29.886436462402344
2016/8/18 1:00,19.0890007,8.171999931,11.72700024,4.690999985,6.762000084,1.91900003,29.809425354003906
2016/8/18 2:00,16.47699928,6.764999866,10.05599976,4.19299984,6.335000038,1.76699996,29.789213180541992
2016/8/18 3:00,16.54400063,7.099999905,10.4119997,4.335000038,5.96999979,1.76699996,29.774221420288086
2016/8/18 4:00,14.66899967,6.162000179,8.989999771,3.375999928,5.604000092,1.76699996,29.7757625579834
2016/8/18 5:00,16.07500076,6.96600008,10.3760004,4.65500021,5.635000229,1.797000051,29.754915237426758
2016/8/18 6:00,15.20400047,7.234000206,9.772000313,4.014999866,5.940000057,1.91900003,29.770112991333008
2016/8/18 7:00,14.46800041,7.032999992,7.994999886,3.838000059,5.84800005,1.949000001,29.75699997
2016/8/18 8:00,11.38700008,6.09499979,8.777000427,4.335000038,3.503000021,1.552999973,29.684438705444336
2016/8/18 9:00,12.59200001,6.631000042,8.812999725,4.014999866,3.503000021,1.523000002,30.60099983
2016/8/18 10:00,14.06599998,5.827000141,9.31000042,3.76699996,4.538000107,1.462000012,29.750255584716797
2016/8/18 11:00,14.66899967,5.894000053,9.380999565,3.872999907,4.721000195,1.552999973,29.75255584716797
2016/8/18 12:00,15.40499973,6.027999878,9.807999611,3.019999981,5.238999844,1.491999984,29.795677185058594
2016/8/18 13:00,16.20899963,5.894000053,10.51799965,3.163000107,5.90899992,1.644999981,29.815563201904297
2016/8/18 14:00,15.53899956,5.760000229,10.3760004,3.411000013,5.390999794,1.523000002,29.796207427978516
2016/8/18 15:00,15.53899956,6.56400013,10.02099991,3.552999973,5.329999924,1.552999973,29.775310516357422
2016/8/18 16:00,14.19999981,5.559000015,9.380999565,3.339999914,5.086999893,1.583999991,29.777854919433594
2016/8/18 17:00,14.2670002,5.625999928,9.274999619,3.447000027,5.026000023,1.613999963,29.7713680267334
2016/8/18 18:00,13.12800026,5.357999802,8.350999832,3.019999981,4.751999855,1.613999963,29.76797866821289
2016/8/18 19:00,14.13300037,4.487999916,9.026000023,2.345000029,5.086999893,1.371000051,29.82429313659668
2016/8/18 20:00,19.82600021,4.421000004,12.47299957,1.527999997,7.370999813,1.76699996,29.951509475708008
2016/8/18 21:00,18.75399971,4.68900013,12.11699963,1.953999996,6.822999954,1.552999973,29.918231964111328
2016/8/18 22:00,22.17000008,6.631000042,16.06200027,3.588999987,6.0,1.491999984,29.87209701538086
2016/8/18 23:00,21.03199959,6.497000217,15.45800018,3.127000093,5.725999832,1.401000023,29.873266220092773
2016/8/19 0:00,21.16600037,6.631000042,16.06200027,3.980000019,4.934000015,1.340000033,29.83515739440918
2016/8/19 1:00,19.15600014,6.09499979,14.35599995,3.233999968,4.659999847,1.248999953,29.836036682128906
2016/8/19 2:00,19.55800056,5.960999966,14.99600029,3.660000086,4.386000156,1.309999943,29.825359344482422
2016/8/19 3:00,17.95100021,6.362999916,13.82299995,3.269000053,4.172999859,1.279000044,29.80817985534668
2016/8/19 4:00,17.75,6.162000179,14.0010004,3.660000086,3.71600008,1.218000054,29.790958404541016
2016/8/19 5:00,16.47699928,5.625999928,13.25500011,2.842999935,3.746000051,1.248999953,29.809619903564453
2016/8/19 6:00,16.00799942,5.157000065,12.50800037,2.415999889,3.838000059,1.309999943,29.82160758972168
2016/8/19 7:00,16.1420002,7.769999981,12.04599953,5.223999977,3.654999971,1.552999973,29.689130783081055
2016/8/19 8:00,14.93700027,5.69299984,11.19400024,3.055999994,3.746000051,1.583999991,29.771194458007812
2016/8/19 9:00,15.47200012,5.223999977,11.05099964,2.664999962,4.081999779,1.613999963,29.798749923706055
2016/8/19 10:00,14.60200024,5.827000141,10.05599976,3.76699996,5.177999973,1.552999973,29.771512985229492
2016/8/19 11:00,15.8739996,6.429999828,10.73200035,3.980000019,5.482999802,1.491999984,29.776968002319336
2016/8/19 12:00,17.41500092,5.69299984,10.97999954,3.730999947,5.787000179,1.613999963,29.810712814331055
2016/8/19 13:00,17.41500092,4.68900013,11.61999989,1.91900003,5.81799984,1.401000023,29.88800811767578
2016/8/19 14:00,16.27599907,4.152999878,10.5539999,1.315000057,5.147999763,1.401000023,29.883771896362305
2016/8/19 15:00,15.73999977,5.492000103,10.66100025,4.19299984,5.026000023,1.371000051,29.775917053222656
2016/8/19 16:00,14.73600006,5.559000015,9.701000214,3.019999981,4.994999886,1.613999963,29.789907455444336
2016/8/19 17:00,14.19999981,5.357999802,9.204000473,3.019999981,5.026000023,1.432000041,29.79065704345703
2016/8/19 18:00,13.26200008,4.68900013,8.456999779,2.594000101,4.782000065,1.491999984,29.795236587524414
2016/8/19 19:00,16.1420002,4.756000042,10.09200001,2.381000042,6.122000217,1.491999984,29.859920501708984
2016/8/19 20:00,20.02700043,4.487999916,12.57900047,1.527999997,7.522999763,1.76699996,29.955909729003906
2016/8/19 21:00,19.02199936,4.152999878,12.15299988,1.421000004,7.28000021,1.797000051,29.94881820678711
2016/8/19 22:00,22.70599937,8.572999954,16.16799927,4.547999859,6.335000038,1.613999963,29.827600479125977
2016/8/19 23:00,23.6439991,6.96600008,17.3409996,4.19299984,5.787000179,1.552999973,29.855121612548828
2016/8/20 0:00,19.75900078,6.429999828,14.81799984,3.980000019,5.238999844,1.432000041,29.825716018676758
2016/8/20 1:00,19.95999908,6.229000092,15.42199993,3.872999907,4.782000065,1.309999943,29.829641342163086
2016/8/20 2:00,17.81699944,5.357999802,13.50300026,2.984999895,4.447000027,1.218000054,35.03300095
2016/8/20 3:00,17.28100014,5.492000103,12.82800007,2.700999975,4.142000198,1.279000044,29.825817108154297
2016/8/20 4:00,15.8739996,6.497000217,12.29500008,4.370999813,3.806999922,1.279000044,29.74248695373535
2016/8/20 5:00,14.2670002,4.622000217,10.8739996,2.594000101,3.625,1.279000044,29.79808807373047
2016/8/20 6:00,15.13700008,6.429999828,11.76200008,4.263999939,3.686000109,1.156999946,29.73810386657715
2016/8/20 7:00,15.47200012,6.764999866,11.65499973,4.762000084,3.532999992,1.309999943,29.713193893432617
2016/8/20 8:00,15.53899956,7.636000156,11.65499973,5.046000004,3.654999971,1.462000012,29.691747665405273
2016/8/20 9:00,14.86999989,7.434999943,10.8739996,4.300000191,3.838000059,1.432000041,29.71141242980957
2016/8/20 10:00,17.48200035,6.831999779,12.22399998,4.903999805,4.965000153,1.523000002,29.752309799194336
2016/8/20 11:00,15.13700008,5.559000015,9.666000366,2.842999935,4.994999886,1.552999973,29.798444747924805
2016/8/20 12:00,10.31499958,4.421000004,6.005000114,2.239000082,4.295000076,1.218000054,29.76873207092285
2016/8/20 13:00,11.45400047,4.554999828,7.143000126,2.630000114,4.051000118,1.218000054,29.764995574951172
2016/8/20 14:00,10.91800022,4.019000053,6.965000153,2.486999989,4.142000198,1.309999943,29.77288055419922
2016/8/20 15:00,10.51599979,4.421000004,7.177999973,2.772000074,3.503000021,1.218000054,29.745126724243164
2016/8/20 16:00,9.711999893,3.750999928,7.320000172,2.381000042,2.802000046,0.913999975,29.753265380859375
2016/8/20 17:00,11.38700008,4.085999966,7.284999847,2.096999884,4.081999779,1.309999943,29.786890029907227
2016/8/20 18:00,7.903999805,2.411000013,5.578999996,1.457000017,2.28399992,0.670000017,29.77011489868164
2016/8/20 19:00,8.907999992,2.545000076,6.395999908,1.56400001,2.528000116,0.670000017,29.782501220703125
2016/8/20 20:00,12.12300014,3.214999914,8.493000031,1.953999996,3.594000101,0.760999978,29.817895889282227
2016/8/20 21:00,14.40100002,4.554999828,9.87899971,2.736000061,4.598999977,1.036000013,29.815776824951172
2016/8/20 22:00,14.40100002,5.827000141,10.19900036,3.375999928,3.868000031,1.036000013,29.763755798339844
2016/8/20 23:00,15.27099991,7.166999817,12.40200043,4.833000183,3.381000042,1.036000013,29.711580276489258
2016/8/21 0:00,14.60200024,6.296000004,11.08699989,4.263999939,3.259000063,0.975000024,29.72614860534668
2016/8/21 1:00,15.06999969,6.96600008,12.22399998,4.833000183,2.924000025,1.004999995,29.702407836914062
2016/8/21 2:00,13.79800034,6.96600008,11.15799999,4.65500021,2.772000074,1.004999995,29.68869972229004
2016/8/21 3:00,13.32900047,6.631000042,11.30000019,5.010000229,2.559000015,0.975000024,29.67755889892578
2016/8/21 4:00,13.06099987,5.625999928,10.05599976,3.802000046,2.315000057,0.913999975,29.71275520324707
2016/8/21 5:00,11.92199993,3.013999939,9.451999664,1.70599997,2.345000029,0.883000016,29.802968978881836
2016/8/21 6:00,13.4630003,4.085999966,11.05099964,2.273999929,2.680000067,0.913999975,29.798145294189453
2016/8/21 7:00,13.32900047,4.822999954,10.16300011,3.233999968,2.559000015,1.004999995,29.747346878051758
2016/8/21 8:00,12.6590004,4.354000092,9.487999916,2.594000101,2.650000095,1.036000013,29.765409469604492
2016/8/21 9:00,10.58300018,3.08100009,7.960000038,1.63499999,2.740999937,1.126999974,29.788970947265625
2016/8/21 10:00,10.98499966,5.157000065,7.747000217,3.339999914,3.349999905,1.126999974,29.89699936
2016/8/21 11:00,10.98499966,4.822999954,7.532999992,2.984999895,3.806999922,0.944000006,29.75093650817871
2016/8/21 12:00,10.18099976,4.421000004,6.965000153,2.523000002,3.319999933,1.065999985,29.747787475585938
2016/8/21 13:00,11.31999969,4.421000004,7.071000099,2.630000114,3.654999971,1.097000003,29.759258270263672
2016/8/21 14:00,11.18599987,4.152999878,7.143000126,2.594000101,3.532999992,1.156999946,29.760055541992188
2016/8/21 15:00,10.91800022,4.756000042,7.071000099,2.630000114,3.229000092,1.065999985,29.74274253845215
2016/8/21 16:00,9.979999542,3.951999903,6.857999802,2.273999929,3.167999983,1.156999946,29.754743576049805
2016/8/21 17:00,10.18099976,3.818000078,6.644999981,2.309999943,3.503000021,1.126999974,29.763629913330078
2016/8/21 18:00,9.376999855,3.750999928,5.791999817,2.273999929,3.349999905,1.065999985,29.752464294433594
2016/8/21 19:00,9.979999542,3.684000015,6.361000061,2.309999943,3.471999884,0.975000024,29.764883041381836
2016/8/21 20:00,14.53499985,4.487999916,9.23900032,2.594000101,5.300000191,1.156999946,29.830400466918945
2016/8/21 21:00,14.60200024,4.085999966,10.27000046,2.664999962,4.659999847,1.036000013,29.830379486083984
2016/8/21 22:00,14.53499985,3.818000078,10.16300011,2.096999884,4.111999989,1.126999974,29.835294723510742
2016/8/21 23:00,15.73999977,5.022999763,11.65499973,3.163000107,3.594000101,1.097000003,29.793231964111328
2016/8/22 0:00,20.02700043,6.831999779,14.0010004,4.157999992,5.756999969,1.613999963,29.818082809448242
2016/8/22 1:00,19.15600014,6.162000179,13.43200016,4.406000137,5.361000061,1.491999984,29.805309295654297
2016/8/22 2:00,18.08499908,6.429999828,12.47299957,4.122000217,5.026000023,1.462000012,29.789058685302734
2016/8/22 3:00,16.20899963,6.229000092,11.40699959,3.447000027,5.026000023,1.552999973,29.790658950805664
2016/8/22 4:00,17.88400078,5.625999928,12.86400032,3.660000086,4.965000153,1.583999991,29.81227684020996
2016/8/22 5:00,15.80700016,4.889999866,10.6960001,3.092000008,4.507999897,1.340000033,29.54599953
2016/8/22 6:00,15.80700016,5.157000065,11.22900009,3.055999994,4.751999855,1.401000023,29.811473846435547
2016/8/22 7:00,13.86499977,6.631000042,8.812999725,3.944000006,4.598999977,1.583999991,29.72694206237793
2016/8/22 8:00,9.845999718,4.554999828,7.888999939,3.625,1.91900003,0.822000027,29.692005157470703
2016/8/22 9:00,8.640000343,4.554999828,6.395999908,3.269000053,1.980000019,0.822000027,29.6855525970459
2016/8/22 10:00,10.85099983,5.425000191,7.106999874,3.482000113,3.229000092,1.218000054,29.70467185974121
2016/8/22 11:00,10.51599979,4.152999878,7.355999947,2.948999882,2.954999924,1.036000013,29.736774444580078
2016/8/22 12:00,9.376999855,4.287000179,6.928999901,2.664999962,2.680000067,0.944000006,29.72867774963379
2016/8/22 13:00,9.175999641,4.421000004,6.822999954,2.451999903,2.772000074,1.004999995,29.731616973876953
2016/8/22 14:00,9.711999893,4.421000004,6.395999908,2.345000029,2.832999945,1.097000003,29.734264373779297
2016/8/22 15:00,8.975000381,3.818000078,6.361000061,2.630000114,2.772000074,1.004999995,29.731069564819336
2016/8/22 16:00,8.907999992,4.152999878,6.254000187,2.842999935,2.618999958,1.004999995,29.715187072753906
2016/8/22 17:00,10.04699993,4.287000179,6.681000233,2.772000074,3.381000042,1.279000044,29.736679077148438
2016/8/22 18:00,8.907999992,3.88499999,5.862999916,2.415999889,3.015000105,1.097000003,28.13899994
2016/8/22 19:00,10.71700001,4.019000053,7.0,2.451999903,3.71600008,1.097000003,29.767745971679688
2016/8/22 20:00,12.52499962,4.019000053,8.137999535,2.486999989,4.355999947,1.097000003,29.800384521484375
2016/8/22 21:00,13.32900047,4.354000092,9.487999916,2.594000101,3.928999901,0.975000024,26.73200035
2016/8/22 22:00,13.59700012,3.750999928,10.02099991,2.061000109,3.289999962,1.036000013,29.813955307006836
2016/8/22 23:00,13.86499977,3.549999952,10.9090004,2.594000101,3.046000004,0.975000024,29.805452346801758
2016/8/23 0:00,14.13300037,4.287000179,11.54899979,3.127000093,2.772000074,0.975000024,29.77894401550293
2016/8/23 1:00,14.33399963,4.889999866,12.33100033,2.914000034,2.528000116,0.852999985,29.77985191345215
2016/8/23 2:00,14.06599998,4.756000042,11.33600044,2.594000101,2.497999907,0.883000016,29.78095817565918
2016/8/23 3:00,13.32900047,6.497000217,10.94499969,4.263999939,2.253999949,0.852999985,29.69417381286621
2016/8/23 4:00,13.59700012,6.497000217,10.8380003,5.046000004,2.163000107,0.822000027,26.66200066
2016/8/23 5:00,11.18599987,5.425000191,9.416999817,3.980000019,2.131999969,0.731000006,29.694461822509766
2016/8/23 6:00,13.52999973,6.162000179,10.80300045,4.584000111,2.588999987,0.822000027,26.30999947
2016/8/23 7:00,11.98900032,6.09499979,9.31000042,4.547999859,2.375999928,0.975000024,29.672346115112305
2016/8/23 8:00,12.39099979,5.894000053,9.345999718,4.051000118,2.437000036,1.004999995,29.69317054748535
2016/8/23 9:00,9.979999542,4.956999779,6.822999954,3.055999994,2.497999907,1.065999985,29.70337677001953
2016/8/23 10:00,11.05200005,5.625999928,7.747000217,3.163000107,3.411000013,1.097000003,29.72336196899414
2016/8/23 11:00,12.39099979,5.492000103,8.883999825,3.696000099,3.532999992,1.036000013,29.730384826660156
2016/8/23 12:00,11.05200005,4.421000004,7.106999874,2.559000015,3.503000021,1.279000044,29.752685546875
2016/8/23 13:00,12.12300014,4.956999779,7.639999866,3.092000008,3.654999971,1.065999985,29.747404098510742
2016/8/23 14:00,11.78800011,4.889999866,7.604000092,2.914000034,3.532999992,1.036000013,29.7491455078125
2016/8/23 15:00,10.98499966,4.822999954,7.994999886,3.127000093,3.349999905,1.248999953,29.73341941833496
2016/8/23 16:00,10.58300018,4.622000217,7.427000046,2.630000114,3.229000092,1.187999964,33.13299942
2016/8/23 17:00,10.64999962,5.022999763,7.284999847,3.092000008,3.411000013,1.156999946,29.72753143310547
2016/8/23 18:00,9.779000282,3.88499999,6.467000008,2.345000029,3.319999933,1.065999985,29.75502586364746
2016/8/23 19:00,11.25300026,3.951999903,7.284999847,2.273999929,3.928999901,1.156999946,29.782758712768555
2016/8/23 20:00,15.60599995,5.559000015,10.12699986,3.163000107,5.573999882,1.036000013,29.819377899169922
2016/8/23 21:00,14.13300037,4.956999779,9.097000122,2.878000021,4.994999886,1.248999953,29.802797317504883
2016/8/23 22:00,13.73099995,6.09499979,9.666000366,3.90899992,4.172999859,1.187999964,29.740144729614258
2016/8/23 23:00,13.39599991,6.09499979,10.02099991,4.086999893,3.625,1.065999985,29.7257080078125
2016/8/24 0:00,14.46800041,6.027999878,11.58399963,4.833000183,3.107000113,1.065999985,29.71125602722168
2016/8/24 1:00,13.59700012,6.362999916,10.4119997,4.619999886,3.441999912,1.065999985,29.706161499023438
2016/8/24 2:00,11.98900032,5.760000229,9.451999664,3.944000006,2.650000095,0.852999985,29.704681396484375
2016/8/24 3:00,12.39099979,6.497000217,10.12699986,4.868000031,2.588999987,0.944000006,29.670852661132812
2016/8/24 4:00,10.04699993,5.022999763,7.320000172,3.233999968,2.497999907,0.944000006,29.70382308959961
2016/8/24 5:00,11.92199993,5.960999966,9.026000023,4.051000118,2.618999958,0.944000006,29.692420959472656
2016/8/24 6:00,11.45400047,5.290999889,8.635000229,3.339999914,2.588999987,0.822000027,26.5909996
2016/8/24 7:00,12.12300014,6.429999828,9.737000465,4.477000237,2.437000036,1.004999995,29.673973083496094
2016/8/24 8:00,10.64999962,5.492000103,7.994999886,3.76699996,2.497999907,1.126999974,29.686006546020508
2016/8/24 9:00,10.71700001,5.559000015,7.568999767,3.802000046,2.497999907,1.065999985,29.68256378173828
2016/8/24 10:00,11.5880003,5.357999802,7.710999966,3.552999973,3.197999954,1.126999974,29.713668823242188
2016/8/24 11:00,11.72099972,4.756000042,8.137999535,3.055999994,3.77699995,1.065999985,29.755475997924805
2016/8/24 12:00,11.65499973,4.956999779,7.427000046,2.523000002,3.471999884,1.156999946,29.89699936
2016/8/24 13:00,13.4630003,4.554999828,8.670999527,2.700999975,4.081999779,1.126999974,29.788734436035156
2016/8/24 14:00,11.72099972,5.157000065,8.777000427,3.127000093,3.898999929,1.248999953,29.750913619995117
2016/8/24 15:00,12.85999966,5.69299984,9.204000473,3.872999907,3.594000101,1.126999974,29.726839065551758
2016/8/24 16:00,10.91800022,5.090000153,7.639999866,3.339999914,3.319999933,1.218000054,29.72020149230957
2016/8/24 17:00,10.85099983,4.756000042,7.461999893,3.305000067,3.471999884,1.126999974,29.729949951171875
2016/8/24 18:00,9.845999718,3.951999903,6.502999783,2.451999903,3.289999962,1.065999985,29.750905990600586
2016/8/24 19:00,10.7840004,3.684000015,7.106999874,2.239000082,3.71600008,1.248999953,29.776962280273438
2016/8/24 20:00,15.06999969,4.622000217,9.666000366,2.700999975,5.300000191,1.156999946,29.831592559814453
2016/8/24 21:00,13.79800034,4.622000217,8.598999977,2.806999922,5.177999973,1.340000033,29.47500038
2016/8/24 22:00,15.13700008,6.429999828,11.76200008,4.406000137,4.081999779,1.097000003,29.19400024
2016/8/24 23:00,15.40499973,3.818000078,11.90400028,2.203000069,3.503000021,1.004999995,29.838865280151367
2016/8/25 0:00,17.28100014,5.559000015,12.47299957,2.984999895,5.604000092,1.583999991,29.840791702270508
2016/8/25 1:00,16.07500076,4.152999878,10.51799965,2.061000109,5.238999844,1.432000041,29.862220764160156
2016/8/25 2:00,13.79800034,3.348999977,9.097000122,1.63499999,4.873000145,1.371000051,29.855693817138672
2016/8/25 3:00,13.59700012,5.760000229,9.345999718,3.76699996,4.630000114,1.340000033,26.80200005
2016/8/25 4:00,12.99400043,5.69299984,8.598999977,3.269000053,4.447000027,1.248999953,26.30999947
2016/8/25 5:00,13.59700012,5.492000103,8.847999573,3.411000013,4.538000107,1.309999943,29.76262664794922
2016/8/25 6:00,13.79800034,5.960999966,9.23900032,3.90899992,4.507999897,1.218000054,26.23900032
2016/8/25 7:00,15.27099991,5.090000153,10.02099991,2.273999929,4.477000237,1.432000041,29.816143035888672
2016/8/25 8:00,10.58300018,3.348999977,8.777000427,2.594000101,2.28399992,0.944000006,29.756668090820312
2016/8/25 9:00,10.51599979,5.559000015,7.390999794,3.163000107,2.467000008,0.944000006,29.70035743713379
2016/8/25 10:00,11.38700008,5.492000103,7.747000217,3.163000107,3.075999975,1.065999985,29.720455169677734
2016/8/25 11:00,11.5880003,5.223999977,7.994999886,3.019999981,3.594000101,1.065999985,29.743417739868164
2016/8/25 12:00,10.58300018,4.019000053,7.249000072,2.486999989,3.289999962,1.004999995,29.760011672973633
2016/8/25 13:00,12.72599983,4.956999779,8.527999878,2.664999962,3.806999922,1.036000013,29.773880004882812
2016/8/25 14:00,11.85499954,5.492000103,8.208999634,3.517999887,3.77699995,1.248999953,29.72844886779785
2016/8/25 15:00,12.45800018,4.822999954,8.244000435,3.055999994,3.746000051,1.340000033,29.753190994262695
2016/8/25 16:00,10.85099983,4.152999878,7.390999794,2.630000114,3.381000042,1.248999953,29.753429412841797
2016/8/25 17:00,11.05200005,4.68900013,7.498000145,2.948999882,3.594000101,1.097000003,29.746105194091797
2016/8/25 18:00,10.24800014,4.21999979,6.71600008,2.630000114,3.532999992,1.156999946,29.749265670776367
2016/8/25 19:00,12.32400036,4.287000179,8.031000137,2.381000042,4.355999947,1.156999946,29.79612922668457
2016/8/25 20:00,16.00799942,3.08100009,10.19900036,1.172999978,5.725999832,1.126999974,29.918792724609375
2016/8/25 21:00,16.47699928,4.622000217,11.51299953,2.559000015,4.873000145,1.187999964,29.847219467163086
2016/8/25 22:00,16.00799942,4.152999878,12.15299988,2.025000095,4.111999989,1.097000003,29.856220245361328
2016/8/25 23:00,16.47699928,5.157000065,12.64999962,3.588999987,3.77699995,1.248999953,29.79153060913086
2016/8/26 0:00,18.01799965,6.09499979,14.3920002,3.90899992,3.532999992,1.126999974,29.78700828552246
2016/8/26 1:00,16.54400063,5.625999928,13.96500015,3.517999887,3.107000113,0.944000006,29.787630081176758
2016/8/26 2:00,15.53899956,4.554999828,12.79300022,2.948999882,2.588999987,0.883000016,29.795269012451172
2016/8/26 3:00,15.3380003,7.301000118,13.25500011,5.188000202,2.375999928,0.822000027,29.687593460083008
2016/8/26 4:00,15.73999977,5.290999889,13.04100037,3.197999954,2.650000095,0.883000016,29.78131103515625
2016/8/26 5:00,14.86999989,6.96600008,12.40200043,4.619999886,2.772000074,0.913999975,29.707107543945312
2016/8/26 6:00,13.73099995,5.625999928,11.44200039,4.263999939,2.437000036,0.852999985,29.71758460998535
2016/8/26 7:00,11.72099972,5.760000229,9.843000412,4.014999866,2.00999999,0.913999975,29.68805694580078
2016/8/26 8:00,10.31499958,6.162000179,8.421999931,4.833000183,1.888000011,0.852999985,29.63807487487793
2016/8/26 9:00,9.444000244,5.760000229,7.249000072,4.300000191,2.315000057,1.036000013,29.651643753051758
2016/8/26 10:00,10.18099976,5.022999763,6.502999783,3.375999928,2.710999966,1.279000044,29.6923770904541
2016/8/26 11:00,9.109000206,4.956999779,6.395999908,3.055999994,2.832999945,1.097000003,29.701995849609375
2016/8/26 12:00,7.636000156,3.818000078,4.93900013,2.309999943,2.163000107,0.975000024,29.708721160888672
2016/8/26 13:00,8.171999931,3.684000015,5.295000076,2.594000101,2.345000029,1.036000013,29.711223602294922
2016/8/26 14:00,7.568999767,4.354000092,5.117000103,2.486999989,2.772000074,1.097000003,29.70763397216797
2016/8/26 15:00,7.368000031,4.085999966,5.578999996,2.736000061,1.888000011,0.883000016,27.08399963
2016/8/26 16:00,6.764999866,3.750999928,4.762000084,2.594000101,2.040999889,0.944000006,29.692913055419922
2016/8/26 17:00,7.636000156,3.415999889,5.081999779,2.309999943,2.497999907,1.004999995,29.722843170166016
2016/8/26 18:00,6.296000004,3.08100009,4.441999912,2.025000095,1.888000011,0.700999975,24.62100029
2016/8/26 19:00,6.296000004,2.477999926,4.441999912,1.56400001,1.76699996,0.547999978,29.74081802368164
2016/8/26 20:00,6.96600008,2.611999989,5.010000229,1.883000016,1.980000019,0.547999978,29.740673065185547
2016/8/26 21:00,7.434999943,2.545000076,4.868000031,0.816999972,2.559000015,0.883000016,29.78321647644043
2016/8/26 22:00,11.05200005,4.152999878,8.847999573,3.269000053,2.193000078,0.852999985,29.728166580200195
2016/8/26 23:00,11.25300026,3.08100009,9.630000114,1.70599997,2.163000107,1.004999995,29.79254150390625
2016/8/27 0:00,15.47200012,5.357999802,10.7670002,2.806999922,4.598999977,1.491999984,29.80484962463379
2016/8/27 1:00,15.13700008,4.354000092,10.51799965,3.019999981,4.295000076,1.462000012,29.803855895996094
2016/8/27 2:00,15.06999969,6.429999828,11.12199974,4.335000038,4.172999859,1.371000051,29.7375545501709
2016/8/27 3:00,15.20400047,6.631000042,11.15799999,4.796999931,4.111999989,1.340000033,29.72150993347168
2016/8/27 4:00,14.40100002,5.625999928,10.44699955,3.944000006,4.355999947,1.401000023,29.755638122558594
2016/8/27 5:00,16.94599915,5.492000103,12.29500008,2.984999895,4.447000027,1.309999943,29.818010330200195
2016/8/27 6:00,18.21899986,7.501999855,12.79300022,5.188000202,5.086999893,1.613999963,29.745256423950195
2016/8/27 7:00,14.19999981,4.822999954,9.131999969,2.309999943,4.782000065,1.85800004,29.804237365722656
2016/8/27 8:00,12.12300014,4.085999966,9.204000473,2.594000101,2.467000008,1.340000033,29.75365447998047
2016/8/27 9:00,9.51099968,3.148000002,6.857999802,1.350000024,2.345000029,1.340000033,29.76826286315918
2016/8/27 10:00,9.711999893,4.421000004,6.43200016,3.375999928,2.618999958,1.248999953,26.30999947
2016/8/27 11:00,9.31000042,4.68900013,6.361000061,2.451999903,3.229000092,1.065999985,29.734081268310547
2016/8/27 12:00,7.301000118,3.951999903,5.188000202,2.486999989,2.375999928,1.065999985,29.70430564880371
2016/8/27 13:00,7.368000031,3.617000103,4.93900013,2.451999903,2.345000029,1.187999964,29.705726623535156
2016/8/27 14:00,8.171999931,4.68900013,5.436999798,2.664999962,2.345000029,1.218000054,29.69112205505371
2016/8/27 15:00,8.23900032,3.88499999,5.295000076,2.381000042,2.193000078,1.065999985,29.710634231567383
2016/8/27 16:00,7.234000206,3.88499999,4.833000183,2.948999882,2.315000057,1.036000013,27.71699905
2016/8/27 17:00,8.305999756,4.21999979,5.543000221,2.664999962,2.710999966,1.036000013,29.711952209472656
2016/8/27 18:00,7.568999767,3.750999928,5.010000229,2.415999889,2.528000116,1.004999995,29.714454650878906
2016/8/27 19:00,6.631000042,3.282000065,4.335000038,2.061000109,2.253999949,0.975000024,29.715770721435547
2016/8/27 20:00,7.501999855,3.282000065,5.081999779,2.239000082,2.315000057,0.822000027,25.18400002
2016/8/27 21:00,7.166999817,2.678999901,4.65500021,1.491999984,2.467000008,0.913999975,29.753829956054688
2016/8/27 22:00,9.109000206,3.951999903,6.610000134,2.700999975,2.101999998,0.852999985,29.71759033203125
2016/8/27 23:00,10.91800022,5.223999977,8.598999977,3.411000013,2.163000107,0.913999975,29.703224182128906
2016/8/28 0:00,9.51099968,4.822999954,7.071000099,3.625,1.888000011,0.760999978,23.84799957
2016/8/28 1:00,8.505999565,4.421000004,6.076000214,2.664999962,1.735999942,0.731000006,29.69825553894043
2016/8/28 2:00,6.56400013,3.818000078,5.401000023,2.523000002,1.613999963,0.700999975,29.69280433654785
2016/8/28 3:00,7.368000031,3.415999889,5.828000069,2.878000021,1.583999991,0.731000006,29.695289611816406
2016/8/28 4:00,8.104999542,3.348999977,5.899000168,2.806999922,1.613999963,0.639999986,22.29999924
2016/8/28 5:00,7.836999893,4.085999966,6.289999962,2.486999989,1.85800004,0.670000017,29.71007537841797
2016/8/28 6:00,8.171999931,3.148000002,6.005000114,2.239000082,2.497999907,0.822000027,29.74274253845215
2016/8/28 7:00,9.444000244,4.287000179,6.928999901,3.092000008,2.618999958,1.065999985,29.71281623840332
2016/8/28 8:00,8.975000381,3.282000065,5.899000168,1.031000018,2.650000095,1.156999946,29.776004791259766
2016/8/28 9:00,8.43900013,4.756000042,5.258999825,2.948999882,2.497999907,1.156999946,29.686967849731445
2016/8/28 10:00,9.845999718,5.022999763,6.183000088,2.772000074,3.289999962,1.371000051,29.716672897338867
2016/8/28 11:00,9.578000069,4.956999779,6.822999954,3.233999968,2.984999895,1.248999953,29.70303726196289
2016/8/28 12:00,6.96600008,3.348999977,4.547999859,1.812000036,2.315000057,0.975000024,29.72712516784668
2016/8/28 13:00,8.43900013,4.085999966,5.578999996,2.878000021,2.467000008,1.097000003,29.70208168029785
2016/8/28 14:00,8.505999565,4.756000042,5.791999817,2.594000101,2.253999949,1.156999946,29.695953369140625
2016/8/28 15:00,6.831999779,3.348999977,4.690999985,2.594000101,2.131999969,1.097000003,29.69775390625
2016/8/28 16:00,7.301000118,4.085999966,4.974999905,2.630000114,2.253999949,1.004999995,29.69510841369629
2016/8/28 17:00,7.903999805,3.750999928,5.223999977,2.381000042,2.740999937,1.036000013,29.723215103149414
2016/8/28 18:00,7.703000069,3.48300004,4.93900013,2.239000082,2.680000067,1.065999985,29.726083755493164
2016/8/28 19:00,6.96600008,3.08100009,4.547999859,1.91900003,2.375999928,0.944000006,29.72981834411621
2016/8/28 20:00,8.371999741,3.617000103,5.472000122,2.203000069,2.802000046,0.944000006,29.73831558227539
2016/8/28 21:00,7.368000031,3.348999977,4.903999805,2.451999903,2.375999928,0.822000027,29.717939376831055
2016/8/28 22:00,8.104999542,3.818000078,5.96999979,2.381000042,2.253999949,0.944000006,29.71971321105957
2016/8/28 23:00,8.505999565,4.354000092,5.899000168,2.594000101,2.193000078,0.944000006,24.62100029
2016/8/29 0:00,6.429999828,3.750999928,4.513000011,2.451999903,2.071000099,0.883000016,29.695152282714844
2016/8/29 1:00,7.703000069,3.750999928,5.899000168,2.523000002,1.949000001,0.883000016,29.70806312561035
2016/8/29 2:00,7.501999855,4.019000053,6.147999763,2.842999935,1.797000051,0.822000027,29.69319725036621
2016/8/29 3:00,7.099999905,4.019000053,4.762000084,2.736000061,1.85800004,0.852999985,29.68451690673828
2016/8/29 4:00,6.362999916,3.348999977,4.263999939,2.451999903,1.85800004,0.913999975,29.69355583190918
2016/8/29 5:00,7.368000031,3.013999939,5.258999825,2.486999989,2.071000099,0.791999996,29.718307495117188
2016/8/29 6:00,10.7840004,4.487999916,7.676000118,3.055999994,2.740999937,1.036000013,29.727676391601562
2016/8/29 7:00,8.305999756,4.756000042,5.578999996,2.523000002,2.467000008,1.218000054,29.698806762695312
2016/8/29 8:00,8.572999954,4.622000217,5.543000221,3.375999928,2.710999966,1.340000033,29.680543899536133
2016/8/29 9:00,8.975000381,5.223999977,6.254000187,3.552999973,2.740999937,1.340000033,29.674562454223633
2016/8/29 10:00,10.04699993,5.425000191,6.681000233,3.163000107,2.984999895,1.309999943,29.698476791381836
2016/8/29 11:00,9.845999718,4.756000042,6.681000233,2.948999882,3.289999962,1.309999943,29.720529556274414
2016/8/29 12:00,8.371999741,4.019000053,5.650000095,2.239000082,2.375999928,1.065999985,29.720233917236328
2016/8/29 13:00,8.774000168,4.622000217,5.828000069,2.914000034,2.528000116,1.156999946,29.696847915649414
2016/8/29 14:00,8.640000343,4.68900013,5.650000095,2.842999935,2.467000008,1.187999964,29.693742752075195
2016/8/29 15:00,8.706999779,4.756000042,5.472000122,2.948999882,2.588999987,1.187999964,29.69154167175293
2016/8/29 16:00,8.975000381,4.956999779,6.361000061,3.163000107,2.618999958,1.218000054,29.690446853637695
2016/8/29 17:00,8.774000168,4.554999828,6.361000061,2.948999882,2.710999966,1.218000054,29.703609466552734
2016/8/29 18:00,7.836999893,3.951999903,5.295000076,2.239000082,2.559000015,1.065999985,29.7196102142334
2016/8/29 19:00,7.434999943,3.148000002,4.833000183,1.953999996,2.528000116,0.944000006,29.736125946044922
2016/8/29 20:00,8.371999741,3.415999889,5.721000195,2.273999929,2.650000095,0.760999978,29.741527557373047
2016/8/29 21:00,10.38199997,3.818000078,7.427000046,2.594000101,2.375999928,0.852999985,24.5510006
2016/8/29 22:00,9.645000458,4.889999866,7.782000065,3.696000099,1.949000001,0.822000027,29.683563232421875
2016/8/29 23:00,10.91800022,5.625999928,8.883999825,3.802000046,1.949000001,0.913999975,29.683055877685547
2016/8/30 0:00,14.86999989,6.497000217,10.12699986,4.725999832,4.295000076,1.401000023,29.718952178955078
2016/8/30 1:00,14.66899967,7.099999905,10.3409996,4.584000111,4.081999779,1.340000033,29.710689544677734
2016/8/30 2:00,13.66399956,6.764999866,9.451999664,4.086999893,4.020999908,1.340000033,29.716230392456055
2016/8/30 3:00,13.52999973,6.296000004,9.666000366,4.014999866,3.898999929,1.309999943,29.724048614501953
2016/8/30 4:00,12.99400043,6.09499979,8.670999527,4.406000137,4.172999859,1.371000051,29.710298538208008
2016/8/30 5:00,15.06999969,6.831999779,9.949999809,4.014999866,4.751999855,1.432000041,29.74401092529297
2016/8/30 6:00,15.3380003,7.099999905,10.3760004,3.944000006,5.208000183,1.613999963,29.75322151184082
2016/8/30 7:00,16.20899963,6.027999878,11.65499973,3.375999928,4.965000153,1.76699996,29.79167938232422
2016/8/30 8:00,12.99400043,5.559000015,10.09200001,3.197999954,2.680000067,1.401000023,29.729106903076172
2016/8/30 9:00,9.779000282,4.622000217,7.284999847,3.019999981,2.375999928,1.156999946,29.70697784423828
2016/8/30 10:00,9.645000458,4.68900013,6.787000179,3.375999928,2.862999916,1.218000054,29.701032638549805
2016/8/30 11:00,9.913000107,4.756000042,7.0,3.055999994,3.015000105,1.126999974,27.78700066
2016/8/30 12:00,8.43900013,3.88499999,5.401000023,2.167999983,2.345000029,0.944000006,29.72476577758789
2016/8/30 13:00,8.572999954,4.354000092,6.324999809,2.914000034,2.223999977,1.004999995,29.699621200561523
2016/8/30 14:00,8.505999565,4.822999954,5.791999817,3.163000107,2.253999949,1.065999985,29.680431365966797
2016/8/30 15:00,7.903999805,4.68900013,6.111999989,3.588999987,2.223999977,1.097000003,29.667558670043945
2016/8/30 16:00,7.903999805,4.554999828,5.436999798,2.984999895,2.437000036,1.218000054,29.684402465820312
2016/8/30 17:00,8.907999992,4.421000004,5.899000168,3.019999981,2.772000074,1.248999953,29.70176887512207
2016/8/30 18:00,8.104999542,4.085999966,5.366000175,2.664999962,2.680000067,1.097000003,29.709505081176758
2016/8/30 19:00,7.769999981,3.617000103,5.188000202,2.167999983,2.588999987,1.036000013,29.726879119873047
2016/8/30 20:00,8.572999954,3.88499999,5.899000168,2.594000101,2.559000015,0.883000016,29.723045349121094
2016/8/30 21:00,9.51099968,3.617000103,7.532999992,2.523000002,2.253999949,0.852999985,29.740392684936523
2016/8/30 22:00,11.45400047,5.290999889,9.31000042,4.513000011,2.101999998,0.760999978,29.680635452270508
2016/8/30 23:00,12.79300022,3.818000078,10.9090004,2.273999929,1.949000001,0.791999996,29.78313636779785
2016/8/31 0:00,13.79800034,4.622000217,12.36600018,3.055999994,1.85800004,0.822000027,29.762311935424805
2016/8/31 1:00,13.79800034,4.622000217,12.36600018,3.055999994,1.85800004,0.822000027,29.762311935424805
2016/8/31 2:00,13.79800034,4.622000217,12.36600018,3.055999994,1.85800004,0.822000027,29.762311935424805
2016/8/31 3:00,13.79800034,4.622000217,12.36600018,3.055999994,1.85800004,0.822000027,29.762311935424805
2016/8/31 4:00,13.79800034,4.622000217,12.36600018,3.055999994,1.85800004,0.822000027,25.04400063
2016/8/31 5:00,13.79800034,4.622000217,12.36600018,3.055999994,1.85800004,0.822000027,29.762311935424805
2016/8/31 6:00,13.79800034,4.622000217,12.36600018,3.055999994,1.85800004,0.822000027,29.762311935424805
2016/8/31 7:00,13.79800034,4.622000217,12.36600018,3.055999994,1.85800004,0.822000027,29.762311935424805
2016/8/31 8:00,13.79800034,4.622000217,12.36600018,3.055999994,1.85800004,0.822000027,29.762311935424805
2016/8/31 9:00,13.79800034,4.622000217,12.36600018,3.055999994,1.85800004,0.822000027,29.762311935424805
2016/8/31 10:00,13.79800034,4.622000217,12.36600018,3.055999994,1.85800004,0.822000027,29.762311935424805
2016/8/31 11:00,13.79800034,4.622000217,12.36600018,3.055999994,1.85800004,0.822000027,29.762311935424805
2016/8/31 12:00,13.79800034,4.622000217,12.36600018,3.055999994,1.85800004,0.822000027,29.762311935424805
2016/8/31 13:00,13.79800034,4.622000217,12.36600018,3.055999994,1.85800004,0.822000027,29.762311935424805
2016/8/31 14:00,13.79800034,4.622000217,12.36600018,3.055999994,1.85800004,0.822000027,29.762311935424805
2016/8/31 15:00,13.79800034,4.622000217,12.36600018,3.055999994,1.85800004,0.822000027,29.762311935424805
2016/8/31 16:00,13.79800034,4.622000217,12.36600018,3.055999994,1.85800004,0.822000027,29.762311935424805
2016/8/31 17:00,13.79800034,4.622000217,12.36600018,3.055999994,1.85800004,0.822000027,29.762311935424805
2016/8/31 18:00,13.79800034,4.622000217,12.36600018,3.055999994,1.85800004,0.822000027,29.762311935424805
2016/8/31 19:00,13.79800034,4.622000217,12.36600018,3.055999994,1.85800004,0.822000027,25.04400063
2016/8/31 20:00,13.79800034,4.622000217,12.36600018,3.055999994,1.85800004,0.822000027,29.762311935424805
2016/8/31 21:00,13.79800034,4.622000217,12.36600018,3.055999994,1.85800004,0.822000027,25.04400063
2016/8/31 22:00,13.79800034,4.622000217,12.36600018,3.055999994,1.85800004,0.822000027,29.762311935424805
2016/8/31 23:00,13.79800034,4.622000217,12.36600018,3.055999994,1.85800004,0.822000027,29.762311935424805
2016/9/1 0:00,16.00799942,7.234000206,10.8739996,4.619999886,4.538000107,1.552999973,29.72540855407715
2016/9/1 1:00,14.53499985,6.229000092,9.701000214,4.051000118,4.295000076,1.797000051,29.729061126708984
2016/9/1 2:00,14.40100002,4.487999916,9.772000313,2.061000109,4.477000237,1.583999991,29.821199417114258
2016/9/1 3:00,14.60200024,6.429999828,10.30500031,4.370999813,4.324999809,1.523000002,29.72801971435547
2016/9/1 4:00,12.32400036,5.157000065,8.598999977,3.305000067,4.324999809,1.552999973,29.751380920410156
2016/9/1 5:00,13.86499977,6.229000092,9.23900032,4.122000217,4.782000065,1.552999973,29.735815048217773
2016/9/1 6:00,14.60200024,4.287000179,9.737000465,1.457000017,5.147999763,1.735999942,29.85463523864746
2016/9/1 7:00,15.8739996,5.894000053,10.66100025,3.339999914,5.086999893,1.91900003,29.785085678100586
2016/9/1 8:00,10.38199997,3.549999952,7.214000225,1.84800005,2.680000067,1.401000023,29.761934280395508
2016/9/1 9:00,9.51099968,3.684000015,6.822999954,2.096999884,2.710999966,1.309999943,29.747262954711914
2016/9/1 10:00,10.18099976,3.818000078,7.0,1.315000057,3.046000004,1.401000023,29.77878189086914
2016/9/1 11:00,10.7840004,3.818000078,7.320000172,1.527999997,3.319999933,1.309999943,29.786712646484375
2016/9/1 12:00,8.774000168,4.487999916,6.005000114,2.772000074,2.437000036,1.126999974,29.70283317565918
2016/9/1 13:00,8.171999931,3.818000078,5.791999817,2.486999989,2.405999899,0.944000006,29.719209671020508
2016/9/1 14:00,8.43900013,3.951999903,5.828000069,2.630000114,2.467000008,1.218000054,29.710540771484375
2016/9/1 15:00,9.243000031,3.617000103,6.928999901,1.527999997,2.650000095,1.187999964,29.76503562927246
2016/9/1 16:00,9.51099968,3.48300004,6.610000134,1.598999977,2.650000095,1.613999963,29.75535774230957
2016/9/1 17:00,9.444000244,3.08100009,6.467000008,1.491999984,2.924000025,1.218000054,29.77764320373535
2016/9/1 18:00,8.305999756,4.152999878,5.68599987,2.736000061,2.650000095,1.097000003,29.70929527282715
2016/9/1 19:00,8.907999992,3.88499999,5.828000069,2.345000029,2.954999924,1.036000013,29.73749542236328
2016/9/1 20:00,9.779000282,3.818000078,6.573999882,2.381000042,3.259000063,1.065999985,29.754398345947266
2016/9/1 21:00,9.041999817,3.214999914,5.934000015,1.84800005,3.046000004,1.097000003,29.76436424255371
2016/9/1 22:00,9.31000042,4.287000179,6.183000088,2.381000042,2.862999916,1.065999985,29.73263168334961
2016/9/1 23:00,10.7840004,5.090000153,7.960000038,3.980000019,2.345000029,0.975000024,29.686237335205078
2016/9/2 0:00,12.12300014,6.09499979,9.451999664,3.980000019,2.28399992,1.065999985,29.68657112121582
2016/9/2 1:00,10.91800022,5.69299984,8.208999634,3.90899992,2.253999949,1.004999995,29.679044723510742
2016/9/2 2:00,10.51599979,5.760000229,8.56400013,4.086999893,2.163000107,1.036000013,29.67034912109375
2016/9/2 3:00,9.578000069,4.956999779,7.853000164,3.233999968,2.071000099,1.004999995,29.694913864135742
2016/9/2 4:00,10.38199997,4.822999954,8.56400013,3.447000027,1.949000001,0.944000006,29.699317932128906
2016/9/2 5:00,11.05200005,5.559000015,9.131999969,4.051000118,2.040999889,0.852999985,29.6828670501709
2016/9/2 6:00,12.52499962,3.951999903,9.23900032,2.309999943,2.710999966,1.004999995,29.779123306274414
2016/9/2 7:00,11.05200005,3.818000078,8.350999832,2.096999884,2.680000067,1.371000051,29.763607025146484
2016/9/2 8:00,10.91800022,4.554999828,8.456999779,2.594000101,2.832999945,1.462000012,29.739614486694336
2016/9/2 9:00,10.31499958,6.362999916,7.604000092,3.944000006,2.954999924,1.462000012,29.66614532470703
2016/9/2 10:00,10.7840004,6.296000004,7.532999992,3.838000059,3.107000113,1.491999984,29.675338745117188
2016/9/2 11:00,10.31499958,5.290999889,7.390999794,3.872999907,3.289999962,1.340000033,29.693098068237305
2016/9/2 12:00,8.907999992,4.554999828,5.543000221,2.167999983,2.862999916,1.309999943,29.722505569458008
2016/9/2 13:00,9.243000031,4.554999828,6.040999889,2.630000114,2.954999924,1.309999943,29.716899871826172
2016/9/2 14:00,8.975000381,5.290999889,6.040999889,3.127000093,3.075999975,1.371000051,29.691242218017578
2016/9/2 15:00,9.845999718,5.223999977,6.610000134,3.127000093,2.894000053,1.309999943,29.698780059814453
2016/9/2 16:00,9.444000244,4.354000092,6.538000107,2.878000021,2.832999945,1.340000033,29.714221954345703
2016/9/2 17:00,9.51099968,4.68900013,6.43200016,3.019999981,3.075999975,1.248999953,32.57099915
2016/9/2 18:00,8.774000168,4.287000179,5.756999969,2.664999962,2.984999895,1.218000054,29.717695236206055
2016/9/2 19:00,9.376999855,4.085999966,6.218999863,2.486999989,3.107000113,1.097000003,29.738174438476562
2016/9/2 20:00,10.18099976,4.085999966,6.681000233,2.523000002,3.441999912,1.156999946,29.751667022705078
2016/9/2 21:00,9.109000206,3.415999889,6.040999889,2.061000109,3.015000105,1.097000003,29.755645751953125
2016/9/2 22:00,10.38199997,4.889999866,7.994999886,3.375999928,2.528000116,1.036000013,29.707420349121094
2016/9/2 23:00,11.85499954,5.425000191,9.131999969,3.411000013,2.559000015,1.097000003,29.714820861816406
2016/9/3 0:00,12.6590004,5.69299984,7.853000164,3.127000093,4.813000202,1.735999942,29.752187728881836
2016/9/3 1:00,15.94099998,7.368000031,11.33600044,4.833000183,4.568999767,1.644999981,29.718957901000977
2016/9/3 2:00,14.40100002,6.764999866,9.772000313,4.441999912,4.447000027,1.583999991,29.71728515625
2016/9/3 3:00,12.85999966,6.497000217,8.173000336,4.086999893,4.507999897,1.583999991,29.71209716796875
2016/9/3 4:00,14.06599998,5.69299984,8.777000427,3.944000006,4.598999977,1.674999952,29.74021339416504
2016/9/3 5:00,14.93700027,6.899000168,9.913999557,4.300000191,4.630000114,1.644999981,29.726469039916992
2016/9/3 6:00,16.87899971,7.301000118,11.76200008,4.65500021,5.421999931,1.827999949,25.95800018
2016/9/3 7:00,13.9989996,6.899000168,9.416999817,4.441999912,5.117000103,1.827999949,29.72610855102539
2016/9/3 8:00,8.43900013,5.69299984,6.040999889,3.517999887,2.710999966,1.523000002,29.65915298461914
2016/9/3 9:00,9.31000042,5.760000229,6.822999954,3.802000046,2.832999945,1.432000041,29.665544509887695
2016/9/3 10:00,11.05200005,5.625999928,7.320000172,3.90899992,3.259000063,1.432000041,29.6882381439209
2016/9/3 11:00,10.7840004,4.956999779,7.320000172,3.127000093,3.471999884,1.401000023,29.72484016418457
2016/9/3 12:00,9.979999542,4.822999954,6.894000053,3.375999928,2.772000074,1.126999974,29.70163345336914
2016/9/3 13:00,10.71700001,5.157000065,7.071000099,2.772000074,2.954999924,1.248999953,30.95299911
2016/9/3 14:00,9.578000069,5.090000153,6.928999901,3.696000099,2.772000074,1.340000033,29.681711196899414
2016/9/3 15:00,8.840999603,5.223999977,6.610000134,3.092000008,2.650000095,1.218000054,29.690153121948242
2016/9/3 16:00,8.774000168,4.889999866,6.395999908,3.696000099,2.618999958,1.218000054,29.675132751464844
2016/9/3 17:00,9.31000042,4.822999954,6.43200016,3.163000107,2.954999924,1.309999943,29.700702667236328
2016/9/3 18:00,7.903999805,4.019000053,5.258999825,2.700999975,2.650000095,1.097000003,29.706819534301758
2016/9/3 19:00,9.041999817,3.549999952,5.96999979,2.167999983,3.015000105,1.004999995,29.751537322998047
2016/9/3 20:00,9.444000244,3.549999952,6.289999962,2.131999969,3.046000004,0.944000006,29.75930404663086
2016/9/3 21:00,10.51599979,4.152999878,7.676000118,2.451999903,2.740999937,0.913999975,29.751144409179688
2016/9/3 22:00,10.38199997,4.354000092,7.81799984,2.914000034,2.375999928,0.944000006,29.7260799407959
2016/9/3 23:00,12.05599976,5.223999977,8.989999771,3.872999907,2.467000008,1.065999985,29.703279495239258
2016/9/4 0:00,11.11900043,4.822999954,8.954999924,3.90899992,2.345000029,1.036000013,29.7003116607666
2016/9/4 1:00,11.31999969,5.157000065,9.630000114,4.513000011,2.071000099,0.913999975,29.680274963378906
2016/9/4 2:00,11.72099972,4.956999779,8.989999771,3.944000006,2.071000099,0.944000006,29.696847915649414
2016/9/4 3:00,11.5880003,5.69299984,9.559000015,3.980000019,1.888000011,0.883000016,29.685102462768555
2016/9/4 4:00,10.38199997,5.157000065,8.421999931,3.233999968,1.980000019,0.883000016,29.70134162902832
2016/9/4 5:00,11.11900043,4.822999954,9.23900032,3.339999914,2.040999889,0.852999985,29.715740203857422
2016/9/4 6:00,13.19499969,6.027999878,10.73200035,3.944000006,2.710999966,1.004999995,29.715356826782227
2016/9/4 7:00,11.72099972,4.889999866,8.883999825,3.197999954,2.710999966,1.218000054,29.727384567260742
2016/9/4 8:00,10.11400032,4.554999828,7.676000118,3.055999994,2.710999966,1.279000044,29.716854095458984
2016/9/4 9:00,8.572999954,4.354000092,5.96999979,2.664999962,2.618999958,1.279000044,29.70743179321289
2016/9/4 10:00,9.979999542,4.487999916,7.106999874,2.984999895,2.740999937,1.248999953,29.716283798217773
2016/9/4 11:00,9.109000206,3.88499999,6.254000187,2.415999889,2.924000025,1.126999974,29.737140655517578
2016/9/4 12:00,7.166999817,3.013999939,4.619999886,1.56400001,2.528000116,1.097000003,29.74366569519043
2016/9/4 13:00,7.301000118,2.880000114,4.868000031,1.63499999,2.497999907,1.097000003,29.744953155517578
2016/9/4 14:00,7.166999817,3.148000002,4.833000183,1.812000036,2.315000057,1.036000013,28.84199905
2016/9/4 15:00,7.301000118,3.415999889,4.903999805,2.131999969,2.497999907,1.126999974,29.722108840942383
2016/9/4 16:00,7.368000031,3.88499999,5.046000004,2.594000101,2.253999949,1.156999946,29.69692039489746
2016/9/4 17:00,8.23900032,3.750999928,5.436999798,2.309999943,2.772000074,1.126999974,29.72761344909668
2016/9/4 18:00,6.96600008,3.282000065,4.584000111,2.061000109,2.375999928,1.004999995,29.721649169921875
2016/9/4 19:00,7.703000069,3.08100009,5.081999779,1.953999996,2.618999958,0.852999985,29.74454116821289
2016/9/4 20:00,7.903999805,3.08100009,5.081999779,1.883000016,2.740999937,0.883000016,29.74993324279785
2016/9/4 21:00,6.899000168,3.750999928,4.441999912,2.096999884,2.528000116,0.883000016,29.71830177307129
2016/9/4 22:00,8.505999565,4.68900013,6.147999763,3.339999914,2.223999977,0.883000016,29.683116912841797
2016/9/4 23:00,9.444000244,5.357999802,7.320000172,3.660000086,1.949000001,0.852999985,29.672271728515625
2016/9/5 0:00,12.52499962,6.96600008,11.44200039,5.862999916,1.888000011,0.852999985,29.63138771057129
2016/9/5 1:00,12.32400036,6.697999954,10.12699986,4.903999805,1.735999942,0.791999996,29.650184631347656
2016/9/5 2:00,11.65499973,6.56400013,9.274999619,4.263999939,1.644999981,0.852999985,29.657123565673828
2016/9/5 3:00,12.25699997,6.831999779,10.3760004,5.223999977,1.76699996,0.975000024,29.63718032836914
2016/9/5 4:00,12.52499962,6.162000179,10.23400021,4.513000011,1.949000001,0.944000006,24.34000015
2016/9/5 5:00,10.31499958,5.157000065,8.102000237,3.838000059,2.131999969,0.944000006,29.683349609375
2016/9/5 6:00,13.66399956,6.56400013,10.3409996,4.868000031,2.710999966,1.065999985,29.67923927307129
2016/9/5 7:00,12.18999958,6.831999779,9.23900032,4.762000084,2.528000116,1.218000054,29.654008865356445
2016/9/5 8:00,10.24800014,7.032999992,7.782000065,4.370999813,2.559000015,1.401000023,29.63682746887207
2016/9/5 9:00,9.041999817,6.027999878,6.538000107,3.305000067,2.680000067,1.279000044,29.671876907348633
2016/9/5 10:00,9.913000107,4.956999779,6.928999901,3.305000067,2.862999916,1.279000044,29.70037078857422
2016/9/5 11:00,9.979999542,4.354000092,6.467000008,2.878000021,2.772000074,1.156999946,29.719383239746094
2016/9/5 12:00,8.371999741,4.287000179,5.68599987,2.415999889,2.437000036,1.036000013,29.713333129882812
2016/9/5 13:00,7.903999805,4.354000092,5.578999996,2.451999903,2.467000008,1.156999946,29.70583152770996
2016/9/5 14:00,7.836999893,4.822999954,5.721000195,3.127000093,2.223999977,1.065999985,29.676259994506836
2016/9/5 15:00,7.703000069,4.287000179,5.828000069,3.163000107,2.345000029,1.097000003,29.68543243408203
2016/9/5 16:00,7.501999855,4.21999979,5.117000103,2.948999882,2.345000029,1.097000003,29.686241149902344
2016/9/5 17:00,8.43900013,4.152999878,5.614999771,2.664999962,2.740999937,1.097000003,29.71369171142578
2016/9/5 18:00,7.501999855,3.88499999,4.868000031,2.381000042,2.559000015,1.065999985,29.711414337158203
2016/9/5 19:00,8.038000107,3.348999977,5.223999977,2.025000095,2.772000074,1.004999995,29.74174690246582
2016/9/5 20:00,8.038000107,3.282000065,5.329999924,2.061000109,2.710999966,0.944000006,29.742393493652344
2016/9/5 21:00,7.099999905,3.148000002,4.65500021,1.953999996,2.467000008,0.913999975,29.732067108154297
2016/9/5 22:00,7.703000069,3.48300004,4.762000084,2.096999884,2.193000078,0.944000006,29.720401763916016
2016/9/5 23:00,7.836999893,3.88499999,5.68599987,2.239000082,2.253999949,0.975000024,29.718463897705078
2016/9/6 0:00,11.78800011,5.827000141,7.532999992,3.625,4.507999897,1.613999963,25.74699974
2016/9/6 1:00,9.913000107,5.425000191,8.38599968,4.229000092,1.949000001,0.944000006,29.663496017456055
2016/9/6 2:00,11.25300026,4.756000042,6.857999802,2.806999922,4.234000206,1.462000012,29.752588272094727
2016/9/6 3:00,10.71700001,5.022999763,6.928999901,3.233999968,4.234000206,1.523000002,29.732236862182617
2016/9/6 4:00,10.7840004,5.157000065,7.249000072,3.233999968,4.263999939,1.583999991,29.732330322265625
2016/9/6 5:00,12.18999958,5.425000191,7.676000118,2.948999882,4.386000156,1.371000051,29.755268096923828
2016/9/6 6:00,13.39599991,4.554999828,8.244000435,2.948999882,4.934000015,1.462000012,29.790367126464844
2016/9/6 7:00,11.72099972,5.357999802,6.538000107,2.878000021,4.721000195,1.552999973,29.751014709472656
2016/9/6 8:00,8.975000381,4.21999979,6.538000107,3.447000027,2.131999969,1.187999964,29.684307098388672
2016/9/6 9:00,8.774000168,4.68900013,6.502999783,3.625,2.28399992,1.156999946,29.6746883392334
2016/9/6 10:00,9.109000206,4.956999779,6.361000061,3.163000107,2.650000095,1.218000054,24.40999985
2016/9/6 11:00,8.572999954,4.354000092,5.650000095,2.948999882,2.375999928,1.004999995,24.1989994
2016/9/6 12:00,6.429999828,3.549999952,4.406000137,2.239000082,1.76699996,0.852999985,29.697298049926758
2016/9/6 13:00,6.56400013,3.549999952,4.051000118,1.598999977,1.888000011,0.944000006,29.717060089111328
2016/9/6 14:00,6.09499979,3.214999914,4.263999939,2.415999889,1.888000011,1.065999985,21.73699951
2016/9/6 15:00,6.429999828,3.750999928,4.477000237,2.239000082,1.827999949,0.975000024,29.69358253479004
2016/9/6 16:00,5.960999966,3.08100009,3.944000006,1.669999957,1.980000019,1.065999985,29.71737289428711
2016/9/6 17:00,7.703000069,3.549999952,5.117000103,2.239000082,2.528000116,1.004999995,29.72419548034668
2016/9/6 18:00,6.229000092,2.812999964,3.980000019,1.669999957,2.131999969,0.852999985,29.731555938720703
2016/9/6 19:00,5.827000141,2.411000013,3.872999907,1.527999997,1.980000019,0.670000017,29.74040985107422
2016/9/6 20:00,5.625999928,2.411000013,3.552999973,1.491999984,2.193000078,0.760999978,29.74163055419922
2016/9/6 21:00,4.956999779,2.678999901,3.305000067,1.207999945,1.797000051,0.731000006,29.732019424438477
2016/9/6 22:00,4.68900013,2.477999926,3.980000019,1.91900003,1.371000051,0.547999978,29.709718704223633
2016/9/6 23:00,6.96600008,3.415999889,6.076000214,3.092000008,1.462000012,0.700999975,29.686368942260742
2016/9/7 0:00,8.104999542,4.019000053,6.965000153,3.197999954,1.523000002,0.731000006,29.688213348388672
2016/9/7 1:00,8.171999931,4.354000092,6.822999954,2.984999895,1.491999984,0.731000006,29.68793487548828
2016/9/7 2:00,8.371999741,4.554999828,6.928999901,3.233999968,1.279000044,0.609000027,29.67739486694336
2016/9/7 3:00,6.631000042,3.684000015,5.366000175,2.700999975,1.309999943,0.639999986,18.29000092
2016/9/7 4:00,8.104999542,4.019000053,6.894000053,3.197999954,1.432000041,0.700999975,29.686260223388672
2016/9/7 5:00,9.376999855,4.487999916,7.498000145,2.878000021,1.674999952,0.700999975,29.705917358398438
2016/9/7 6:00,10.71700001,5.090000153,8.421999931,3.375999928,2.497999907,0.852999985,29.712663650512695
2016/9/7 7:00,10.31499958,5.827000141,8.031000137,4.157999992,2.467000008,1.126999974,29.66718292236328
2016/9/7 8:00,9.31000042,5.357999802,6.43200016,3.019999981,2.437000036,1.156999946,29.68815803527832
2016/9/7 9:00,8.371999741,5.157000065,5.578999996,3.375999928,2.223999977,1.248999953,20.82299995
2016/9/7 10:00,9.041999817,5.425000191,6.254000187,3.447000027,2.559000015,1.279000044,29.672121047973633
2016/9/7 11:00,8.104999542,4.21999979,5.578999996,2.948999882,2.588999987,0.944000006,29.701980590820312
2016/9/7 12:00,5.960999966,3.617000103,3.90899992,1.598999977,1.980000019,0.975000024,29.713485717773438
2016/9/7 13:00,6.027999878,3.549999952,4.263999939,2.239000082,1.888000011,0.913999975,23.98800087
2016/9/7 14:00,6.899000168,3.951999903,4.477000237,2.096999884,1.888000011,0.975000024,29.69880485534668
2016/9/7 15:00,6.96600008,3.617000103,4.441999912,2.559000015,1.797000051,1.065999985,29.686729431152344
2016/9/7 16:00,6.697999954,3.818000078,4.93900013,2.486999989,1.888000011,1.004999995,29.69111442565918
2016/9/7 17:00,7.234000206,3.684000015,4.974999905,2.381000042,2.345000029,0.944000006,24.83200073
2016/9/7 18:00,6.631000042,3.348999977,4.441999912,2.131999969,2.131999969,0.944000006,29.711278915405273
2016/9/7 19:00,6.631000042,2.746000051,4.19299984,1.56400001,2.375999928,0.913999975,29.74340057373047
2016/9/7 20:00,6.497000217,3.013999939,4.441999912,1.812000036,2.131999969,0.852999985,29.727567672729492
2016/9/7 21:00,6.497000217,3.214999914,3.944000006,1.812000036,1.827999949,0.760999978,29.71691131591797
2016/9/7 22:00,5.223999977,3.214999914,3.588999987,1.953999996,1.552999973,0.760999978,29.697956085205078
2016/9/7 23:00,7.099999905,4.085999966,5.791999817,3.092000008,1.644999981,0.760999978,29.67782211303711
2016/9/8 0:00,10.38199997,5.090000153,6.218999863,3.019999981,3.868000031,1.340000033,29.72574806213379
2016/9/8 1:00,11.05200005,4.756000042,6.894000053,3.447000027,3.868000031,1.279000044,29.728721618652344
2016/9/8 2:00,10.11400032,5.357999802,6.43200016,3.838000059,3.838000059,1.340000033,29.697343826293945
2016/9/8 3:00,10.24800014,5.090000153,5.828000069,2.914000034,3.99000001,1.401000023,29.726648330688477
2016/9/8 4:00,10.44900036,5.290999889,5.650000095,3.127000093,4.111999989,1.462000012,21.80800056
2016/9/8 5:00,10.04699993,5.223999977,5.436999798,2.451999903,4.659999847,1.491999984,29.747180938720703
2016/9/8 6:00,12.85999966,5.827000141,7.214000225,3.625,5.208000183,1.552999973,29.745155334472656
2016/9/8 7:00,11.65499973,5.223999977,6.361000061,3.055999994,4.538000107,1.583999991,29.741430282592773
2016/9/8 8:00,8.23900032,4.354000092,5.899000168,2.736000061,2.588999987,1.340000033,29.700897216796875
2016/9/8 9:00,8.038000107,4.822999954,6.147999763,3.092000008,2.467000008,1.401000023,29.680057525634766
2016/9/8 10:00,8.975000381,4.956999779,5.899000168,2.842999935,2.862999916,1.371000051,29.698638916015625
2016/9/8 11:00,9.175999641,4.756000042,6.005000114,3.197999954,2.954999924,1.156999946,29.700014114379883
2016/9/8 12:00,7.368000031,3.617000103,4.370999813,1.669999957,2.223999977,1.036000013,29.72527313232422
2016/9/8 13:00,6.362999916,3.750999928,4.300000191,1.84800005,2.193000078,1.065999985,29.71078109741211
2016/9/8 14:00,7.568999767,3.951999903,4.903999805,2.131999969,2.131999969,1.065999985,29.70854949951172
2016/9/8 15:00,6.764999866,3.951999903,5.329999924,2.486999989,2.131999969,1.248999953,29.692737579345703
2016/9/8 16:00,6.899000168,3.750999928,4.93900013,2.415999889,2.345000029,1.156999946,29.70256805419922
2016/9/8 17:00,7.568999767,3.88499999,5.188000202,2.594000101,2.437000036,1.036000013,27.22400093
2016/9/8 18:00,6.831999779,3.282000065,4.477000237,2.025000095,2.28399992,0.913999975,29.720928192138672
2016/9/8 19:00,7.368000031,3.282000065,4.833000183,2.239000082,2.559000015,0.944000006,29.72617530822754
2016/9/8 20:00,7.368000031,3.415999889,4.903999805,2.239000082,2.528000116,0.944000006,29.72395133972168
2016/9/8 21:00,8.706999779,3.348999977,6.502999783,2.381000042,2.071000099,0.852999985,29.73208236694336
2016/9/8 22:00,10.04699993,5.090000153,8.137999535,3.76699996,1.888000011,0.883000016,29.68081283569336
2016/9/8 23:00,10.91800022,5.559000015,9.345999718,3.730999947,1.70599997,0.883000016,29.68461799621582
2016/9/9 0:00,11.98900032,6.429999828,10.3409996,4.833000183,1.583999991,0.852999985,24.69199944
2016/9/9 1:00,12.72599983,6.764999866,10.51799965,4.619999886,1.70599997,0.913999975,29.65937614440918
2016/9/9 2:00,12.6590004,7.099999905,10.94499969,4.974999905,1.674999952,0.852999985,23.98800087
2016/9/9 3:00,12.45800018,6.497000217,10.19900036,4.725999832,1.462000012,0.760999978,29.654132843017578
2016/9/9 4:00,12.18999958,6.56400013,10.7670002,5.223999977,1.70599997,0.913999975,29.64359474182129
2016/9/9 5:00,11.72099972,3.750999928,9.984999657,2.273999929,1.980000019,0.944000006,29.768510818481445
2016/9/9 6:00,12.6590004,3.48300004,10.09200001,2.096999884,2.559000015,1.036000013,29.795291900634766
2016/9/9 7:00,10.31499958,3.214999914,8.065999985,1.84800005,2.28399992,1.004999995,29.772151947021484
2016/9/9 8:00,11.05200005,4.622000217,8.527999878,2.203000069,2.28399992,1.126999974,24.34000015
2016/9/9 9:00,9.376999855,3.013999939,7.498000145,1.136999965,2.405999899,1.218000054,29.784244537353516
2016/9/9 10:00,9.913000107,5.022999763,6.610000134,3.127000093,2.650000095,1.218000054,29.69862937927246
2016/9/9 11:00,9.175999641,5.022999763,6.218999863,2.914000034,2.710999966,1.126999974,29.700801849365234
2016/9/9 12:00,7.234000206,3.348999977,4.868000031,1.883000016,2.467000008,1.156999946,29.72831153869629
2016/9/9 13:00,7.836999893,3.951999903,5.081999779,2.664999962,2.588999987,1.156999946,29.704538345336914
2016/9/9 14:00,8.774000168,4.822999954,5.791999817,2.700999975,2.559000015,1.248999953,29.698448181152344
2016/9/9 15:00,8.774000168,5.223999977,6.324999809,3.233999968,2.528000116,1.218000054,29.680809020996094
2016/9/9 16:00,8.43900013,4.287000179,6.040999889,2.700999975,2.680000067,1.218000054,29.70979118347168
2016/9/9 17:00,8.840999603,4.152999878,6.005000114,2.451999903,2.802000046,1.187999964,29.724559783935547
2016/9/9 18:00,7.703000069,3.549999952,4.903999805,2.131999969,2.802000046,1.218000054,29.72747230529785
2016/9/9 19:00,8.43900013,3.617000103,5.614999771,2.131999969,2.894000053,1.097000003,29.740678787231445
2016/9/9 20:00,7.903999805,3.415999889,5.258999825,2.203000069,2.650000095,0.944000006,29.73356056213379
2016/9/9 21:00,7.368000031,2.947000027,4.974999905,1.70599997,2.375999928,0.913999975,29.744144439697266
2016/9/9 22:00,9.645000458,4.622000217,7.071000099,3.411000013,1.980000019,0.883000016,29.69010353088379
2016/9/9 23:00,10.38199997,4.956999779,8.38599968,3.163000107,2.00999999,0.975000024,29.704912185668945
2016/9/10 0:00,10.18099976,5.492000103,8.350999832,3.838000059,1.827999949,0.852999985,29.67428207397461
2016/9/10 1:00,10.91800022,5.625999928,8.741999626,3.90899992,1.583999991,0.791999996,29.673206329345703
2016/9/10 2:00,11.11900043,5.223999977,9.451999664,4.300000191,1.462000012,0.700999975,29.673551559448242
2016/9/10 3:00,10.7840004,4.956999779,8.847999573,3.447000027,1.462000012,0.731000006,29.695178985595703
2016/9/10 4:00,10.71700001,4.622000217,8.56400013,3.339999914,1.735999942,0.883000016,29.70391082763672
2016/9/10 5:00,10.31499958,5.157000065,7.994999886,3.482000113,1.85800004,0.791999996,29.689815521240234
2016/9/10 6:00,10.71700001,5.022999763,8.031000137,2.914000034,2.375999928,1.004999995,29.718198776245117
2016/9/10 7:00,9.913000107,5.425000191,7.284999847,3.019999981,2.588999987,1.279000044,29.69785499572754
2016/9/10 8:00,10.91800022,5.960999966,8.456999779,3.625,2.710999966,1.340000033,29.688310623168945
2016/9/10 9:00,9.041999817,5.559000015,6.538000107,3.447000027,2.862999916,1.491999984,29.674577713012695
2016/9/10 10:00,9.979999542,5.894000053,7.106999874,3.696000099,3.137000084,1.491999984,27.01300049
2016/9/10 11:00,10.31499958,5.492000103,7.249000072,3.269000053,3.107000113,1.279000044,29.703563690185547
2016/9/10 12:00,7.971000195,4.019000053,4.93900013,2.594000101,2.345000029,1.126999974,29.700424194335938
2016/9/10 13:00,7.836999893,4.085999966,5.010000229,1.812000036,2.437000036,1.156999946,29.7231388092041
2016/9/10 14:00,7.836999893,3.818000078,5.507999897,3.092000008,2.375999928,1.156999946,28.27899933
2016/9/10 15:00,8.305999756,4.68900013,5.472000122,2.806999922,2.405999899,1.126999974,29.691377639770508
2016/9/10 16:00,7.301000118,4.085999966,5.010000229,2.630000114,2.375999928,1.097000003,27.64599991
2016/9/10 17:00,8.840999603,4.354000092,6.147999763,2.878000021,2.740999937,1.097000003,29.710784912109375
2016/9/10 18:00,7.568999767,3.750999928,4.974999905,2.594000101,2.375999928,0.944000006,29.70689582824707
2016/9/10 19:00,8.23900032,3.684000015,5.721000195,2.167999983,2.618999958,1.004999995,29.73388671875
2016/9/10 20:00,7.636000156,3.348999977,5.366000175,2.309999943,2.28399992,0.791999996,29.72554588317871
2016/9/10 21:00,9.175999641,3.617000103,6.965000153,1.883000016,2.253999949,0.852999985,29.752710342407227
2016/9/10 22:00,11.11900043,4.956999779,9.593999863,4.370999813,2.040999889,0.944000006,29.684633255004883
2016/9/10 23:00,13.12800026,3.88499999,10.51799965,2.806999922,1.797000051,0.913999975,29.759897232055664
2016/9/11 0:00,17.34799957,5.894000053,12.97000027,3.517999887,4.203000069,1.401000023,29.79641342163086
2016/9/11 1:00,16.61100006,5.425000191,12.47299957,2.984999895,4.172999859,1.371000051,29.81081771850586
2016/9/11 2:00,16.87899971,5.960999966,12.68599987,3.482000113,4.081999779,1.432000041,29.78816032409668
2016/9/11 3:00,16.54400063,5.290999889,12.43700027,2.984999895,3.868000031,1.401000023,29.80463409423828
2016/9/11 4:00,14.86999989,6.429999828,10.51799965,4.157999992,4.020999908,1.491999984,29.73107147216797
2016/9/11 5:00,15.60599995,4.889999866,11.19400024,2.523000002,4.568999767,1.491999984,25.18400002
2016/9/11 6:00,17.95100021,5.090000153,12.54399967,2.700999975,5.117000103,1.644999981,29.848297119140625
2016/9/11 7:00,16.47699928,5.425000191,11.76200008,2.736000061,4.965000153,1.797000051,29.8210391998291
2016/9/11 8:00,13.9989996,4.421000004,11.51299953,2.914000034,2.467000008,1.248999953,29.769304275512695
2016/9/11 9:00,10.91800022,5.894000053,8.493000031,3.944000006,2.193000078,1.248999953,29.670536041259766
2016/9/11 10:00,8.774000168,4.889999866,6.076000214,2.664999962,2.588999987,1.156999946,29.70315170288086
2016/9/11 11:00,9.376999855,4.68900013,6.218999863,2.415999889,3.229000092,1.218000054,29.731292724609375
2016/9/11 12:00,7.166999817,3.549999952,4.300000191,2.203000069,2.345000029,1.036000013,29.71126365661621
2016/9/11 13:00,7.166999817,3.415999889,4.513000011,2.486999989,2.375999928,1.097000003,29.706079483032227
2016/9/11 14:00,7.636000156,4.68900013,5.258999825,2.984999895,2.223999977,1.126999974,25.11400032
2016/9/11 15:00,6.362999916,3.282000065,4.300000191,1.99000001,2.131999969,1.036000013,29.712244033813477
2016/9/11 16:00,6.027999878,3.415999889,3.625,1.491999984,2.315000057,1.126999974,29.721738815307617
2016/9/11 17:00,7.501999855,3.617000103,4.903999805,2.381000042,2.650000095,1.126999974,29.716527938842773
2016/9/11 18:00,6.764999866,3.415999889,4.547999859,2.309999943,2.315000057,0.944000006,29.710857391357422
2016/9/11 19:00,7.099999905,3.148000002,4.584000111,2.061000109,2.375999928,0.852999985,21.73699951
2016/9/11 20:00,6.497000217,3.148000002,4.370999813,2.096999884,2.040999889,0.760999978,21.38500023
2016/9/11 21:00,5.625999928,2.210000038,3.802000046,1.56400001,1.76699996,0.639999986,29.73636245727539
2016/9/11 22:00,6.027999878,3.148000002,3.660000086,1.812000036,1.583999991,0.700999975,29.709884643554688
2016/9/11 23:00,8.706999779,4.421000004,5.96999979,3.197999954,1.85800004,0.731000006,29.686080932617188
2016/9/12 0:00,9.31000042,4.487999916,7.782000065,3.660000086,1.491999984,0.822000027,29.678321838378906
2016/9/12 1:00,9.845999718,5.223999977,7.81799984,3.76699996,1.371000051,0.760999978,29.66606903076172
2016/9/12 2:00,9.845999718,5.223999977,8.102000237,3.90899992,1.309999943,0.700999975,29.663911819458008
2016/9/12 3:00,8.975000381,4.756000042,7.355999947,3.411000013,1.340000033,0.700999975,29.6754150390625
2016/9/12 4:00,8.840999603,4.68900013,7.284999847,3.660000086,1.491999984,0.731000006,29.670747756958008
2016/9/12 5:00,9.711999893,4.21999979,7.710999966,3.305000067,1.76699996,1.126999974,29.69436264038086
2016/9/12 6:00,10.64999962,4.152999878,8.031000137,2.984999895,2.375999928,0.760999978,29.734088897705078
2016/9/12 7:00,9.979999542,5.290999889,6.502999783,3.339999914,2.345000029,1.126999974,29.683021545410156
2016/9/12 8:00,8.774000168,5.559000015,5.68599987,3.411000013,2.497999907,1.309999943,29.66334342956543
2016/9/12 9:00,6.96600008,3.88499999,4.903999805,2.523000002,2.528000116,1.523000002,21.73699951
2016/9/12 10:00,8.305999756,4.085999966,5.366000175,2.415999889,2.710999966,1.279000044,29.71477508544922
2016/9/12 11:00,8.23900032,3.951999903,5.578999996,2.736000061,2.772000074,1.156999946,29.712675094604492
2016/9/12 12:00,7.166999817,3.214999914,4.584000111,2.239000082,2.28399992,1.126999974,29.714082717895508
2016/9/12 13:00,7.099999905,3.951999903,4.619999886,2.381000042,2.163000107,1.036000013,29.697818756103516
2016/9/12 14:00,6.296000004,3.951999903,4.547999859,2.239000082,1.980000019,1.004999995,29.693065643310547
2016/9/12 15:00,7.301000118,3.750999928,4.974999905,2.842999935,2.101999998,1.065999985,29.68931770324707
2016/9/12 16:00,6.697999954,3.88499999,4.406000137,2.523000002,2.223999977,1.097000003,29.69087028503418
2016/9/12 17:00,8.104999542,3.818000078,5.401000023,2.630000114,2.467000008,1.004999995,29.71194076538086
2016/9/12 18:00,7.166999817,3.48300004,4.690999985,2.273999929,2.467000008,0.913999975,29.718412399291992
2016/9/12 19:00,7.368000031,3.214999914,4.903999805,2.025000095,2.437000036,0.883000016,29.73239517211914
2016/9/12 20:00,6.96600008,3.214999914,4.762000084,2.061000109,2.375999928,0.883000016,24.40999985
2016/9/12 21:00,6.96600008,1.875,4.441999912,0.782000005,2.00999999,0.822000027,29.77813720703125
2016/9/12 22:00,8.572999954,4.019000053,6.538000107,2.345000029,1.827999949,0.822000027,29.7175350189209
2016/9/12 23:00,10.7840004,3.617000103,9.131999969,2.772000074,1.735999942,0.822000027,29.74138069152832
2016/9/13 0:00,14.60200024,4.421000004,10.6960001,2.309999943,4.081999779,1.401000023,29.817846298217773
2016/9/13 1:00,14.46800041,4.354000092,10.23400021,2.096999884,3.99000001,1.309999943,23.63699913
2016/9/13 2:00,14.80300045,4.822999954,10.3760004,2.594000101,3.71600008,1.279000044,29.796695709228516
2016/9/13 3:00,14.60200024,4.889999866,10.51799965,2.736000061,3.960000038,1.371000051,29.795013427734375
2016/9/13 4:00,14.53499985,4.822999954,9.984999657,2.700999975,3.868000031,1.309999943,29.791954040527344
2016/9/13 5:00,14.60200024,4.554999828,10.4829998,2.239000082,4.172999859,1.309999943,22.86300087
2016/9/13 6:00,16.1420002,4.68900013,11.05099964,2.203000069,4.813000202,1.401000023,29.84526252746582
2016/9/13 7:00,14.86999989,4.554999828,10.44699955,2.736000061,3.898999929,1.126999974,29.804931640625
2016/9/13 8:00,10.64999962,4.822999954,9.345999718,3.980000019,1.371000051,0.578999996,29.685787200927734
2016/9/13 9:00,6.899000168,3.818000078,5.828000069,3.552999973,1.309999943,0.518000007,29.665145874023438
2016/9/13 10:00,7.836999893,4.622000217,6.254000187,3.588999987,1.552999973,0.578999996,29.66486167907715
2016/9/13 11:00,8.104999542,4.152999878,6.324999809,2.736000061,1.735999942,0.547999978,29.703529357910156
2016/9/13 12:00,6.497000217,3.282000065,5.223999977,2.381000042,1.248999953,0.486999989,26.45000076
2016/9/13 13:00,5.894000053,2.947000027,4.584000111,2.025000095,1.309999943,0.486999989,29.7083683013916
2016/9/13 14:00,6.697999954,3.549999952,5.081999779,2.415999889,1.156999946,0.456999987,29.693195343017578
2016/9/13 15:00,7.166999817,4.152999878,5.68599987,2.878000021,1.187999964,0.518000007,29.67734146118164
2016/9/13 16:00,6.56400013,3.818000078,5.258999825,2.984999895,1.187999964,0.486999989,27.71699905
2016/9/13 17:00,6.764999866,2.947000027,5.507999897,2.523000002,1.279000044,0.456999987,29.705543518066406
2016/9/13 18:00,6.229000092,3.148000002,4.93900013,2.486999989,1.248999953,0.365999997,29.69740104675293
2016/9/13 19:00,7.769999981,3.415999889,5.117000103,2.381000042,2.680000067,0.883000016,25.88800049
2016/9/13 20:00,7.836999893,3.48300004,5.046000004,2.273999929,2.740999937,0.944000006,29.730606079101562
2016/9/13 21:00,7.032999992,3.214999914,4.300000191,2.167999983,2.680000067,0.975000024,29.725444793701172
2016/9/13 22:00,8.774000168,4.152999878,6.183000088,2.664999962,2.193000078,0.852999985,24.62100029
2016/9/13 23:00,11.98900032,5.157000065,9.772000313,3.802000046,1.949000001,0.852999985,29.7043514251709
2016/9/14 0:00,12.52499962,6.362999916,10.625,4.370999813,1.827999949,0.822000027,29.67694664001465
2016/9/14 1:00,11.85499954,6.362999916,10.02099991,4.547999859,1.644999981,0.760999978,29.660547256469727
2016/9/14 2:00,12.39099979,3.617000103,10.625,2.914000034,1.674999952,0.791999996,29.75703239440918
2016/9/14 3:00,9.444000244,5.022999763,7.782000065,3.625,1.523000002,0.731000006,29.67462730407715
2016/9/14 4:00,8.640000343,4.085999966,7.0,2.772000074,1.491999984,0.852999985,29.699684143066406
2016/9/14 5:00,9.376999855,4.152999878,7.532999992,2.948999882,1.888000011,0.791999996,22.51099968
2016/9/14 6:00,11.45400047,4.487999916,8.954999924,3.127000093,2.559000015,0.883000016,22.29999924
2016/9/14 7:00,11.05200005,5.894000053,9.131999969,4.584000111,2.223999977,1.004999995,29.663358688354492
2016/9/14 8:00,10.98499966,6.027999878,8.421999931,4.051000118,2.28399992,1.218000054,29.66801643371582
2016/9/14 9:00,8.907999992,5.559000015,6.787000179,3.90899992,2.193000078,1.156999946,29.654083251953125
2016/9/14 10:00,10.04699993,5.425000191,6.928999901,3.517999887,2.618999958,1.248999953,29.683012008666992
2016/9/14 11:00,8.907999992,4.822999954,5.899000168,2.984999895,2.710999966,1.126999974,29.697853088378906
2016/9/14 12:00,6.631000042,3.549999952,4.229000092,1.669999957,2.101999998,1.036000013,29.718984603881836
2016/9/14 13:00,6.764999866,3.88499999,4.19299984,1.812000036,2.253999949,1.126999974,29.71133041381836
2016/9/14 14:00,6.429999828,3.684000015,4.725999832,2.131999969,2.253999949,1.065999985,29.707260131835938
2016/9/14 15:00,6.09499979,4.152999878,4.441999912,2.451999903,1.949000001,1.036000013,29.680532455444336
2016/9/14 16:00,5.960999966,3.549999952,4.157999992,2.309999943,1.949000001,0.975000024,23.28499985
2016/9/14 17:00,6.429999828,3.282000065,4.263999939,2.025000095,2.101999998,0.913999975,29.713342666625977
2016/9/14 18:00,6.162000179,3.214999914,4.014999866,2.061000109,2.163000107,0.852999985,29.713306427001953
2016/9/14 19:00,6.764999866,3.08100009,4.547999859,2.061000109,2.223999977,0.822000027,29.7236270904541
2016/9/14 20:00,6.631000042,2.947000027,4.229000092,1.77699995,2.375999928,0.852999985,21.80800056
2016/9/14 21:00,5.492000103,3.013999939,3.730999947,2.309999943,1.827999949,0.700999975,29.698843002319336
2016/9/14 22:00,7.903999805,4.487999916,6.644999981,3.447000027,1.523000002,0.670000017,29.671649932861328
2016/9/14 23:00,9.779000282,4.756000042,7.994999886,3.375999928,1.462000012,0.700999975,29.68867301940918
2016/9/15 0:00,13.73099995,6.296000004,9.807999611,4.263999939,3.71600008,1.248999953,29.716230392456055
2016/9/15 1:00,13.66399956,6.764999866,9.274999619,4.547999859,3.838000059,1.340000033,29.697486877441406
2016/9/15 2:00,13.26200008,6.296000004,8.706000328,3.552999973,3.868000031,1.401000023,29.72616195678711
2016/9/15 3:00,12.52499962,5.357999802,8.635000229,3.838000059,3.898999929,1.309999943,29.7298641204834
2016/9/15 4:00,11.85499954,5.827000141,8.38599968,3.90899992,3.99000001,1.401000023,29.715011596679688
2016/9/15 5:00,12.32400036,5.492000103,7.710999966,3.197999954,4.172999859,1.401000023,29.742664337158203
2016/9/15 6:00,11.78800011,3.415999889,6.005000114,1.883000016,4.690999985,1.401000023,29.808225631713867
2016/9/15 7:00,10.51599979,4.287000179,5.401000023,2.025000095,4.598999977,1.432000041,29.776145935058594
2016/9/15 8:00,5.827000141,2.344000101,3.730999947,0.852999985,2.223999977,0.913999975,29.760379791259766
2016/9/15 9:00,6.764999866,3.08100009,4.157999992,1.065999985,2.193000078,0.883000016,29.750890731811523
2016/9/15 10:00,8.23900032,2.812999964,5.329999924,1.421000004,2.437000036,0.760999978,29.766807556152344
2016/9/15 11:00,6.56400013,3.148000002,4.547999859,1.669999957,2.193000078,0.639999986,29.737539291381836
2016/9/15 12:00,4.554999828,1.674000025,3.127000093,1.243999958,1.432000041,0.547999978,29.740015029907227
2016/9/15 13:00,4.354000092,2.477999926,2.914000034,1.279000044,1.401000023,0.639999986,29.720399856567383
2016/9/15 14:00,4.889999866,2.477999926,3.339999914,1.101999998,1.491999984,0.670000017,29.732797622680664
2016/9/15 15:00,4.956999779,2.210000038,2.842999935,0.995000005,1.523000002,0.670000017,29.737674713134766
2016/9/15 16:00,4.68900013,1.942000031,2.914000034,1.065999985,1.70599997,0.670000017,29.743139266967773
2016/9/15 17:00,5.827000141,1.875,3.802000046,1.136999965,2.131999969,0.609000027,29.76563835144043
2016/9/15 18:00,5.022999763,1.875,3.163000107,1.101999998,1.85800004,0.609000027,29.751928329467773
2016/9/15 19:00,5.559000015,2.009000063,3.482000113,1.101999998,2.071000099,0.609000027,17.16500092
2016/9/15 20:00,5.090000153,1.875,3.092000008,1.031000018,1.980000019,0.670000017,29.754993438720703
2016/9/15 21:00,4.622000217,2.344000101,2.772000074,1.457000017,1.735999942,0.639999986,29.725605010986328
2016/9/15 22:00,4.287000179,2.880000114,2.736000061,1.883000016,1.613999963,0.700999975,29.698301315307617
2016/9/15 23:00,4.756000042,2.947000027,2.914000034,1.812000036,1.674999952,0.760999978,29.70296859741211
2016/9/16 0:00,4.354000092,2.746000051,2.984999895,1.812000036,1.401000023,0.639999986,29.701162338256836
2016/9/16 1:00,4.21999979,2.812999964,2.664999962,1.91900003,1.309999943,0.609000027,29.692869186401367
2016/9/16 2:00,3.282000065,2.009000063,2.131999969,1.669999957,1.126999974,0.547999978,29.70133399963379
2016/9/16 3:00,2.947000027,2.210000038,1.99000001,1.243999958,0.944000006,0.486999989,29.70453643798828
2016/9/16 4:00,3.148000002,2.545000076,1.953999996,1.56400001,1.126999974,0.518000007,29.694501876831055
2016/9/16 5:00,4.287000179,2.075999975,2.451999903,1.741000056,1.248999953,0.518000007,13.29599953
2016/9/16 6:00,5.827000141,2.812999964,3.305000067,1.70599997,2.131999969,0.670000017,29.729209899902344
2016/9/16 7:00,6.229000092,2.142999887,3.944000006,0.924000025,2.253999949,0.700999975,29.77167320251465
2016/9/16 8:00,6.764999866,2.411000013,3.872999907,1.315000057,2.131999969,0.852999985,12.59200001
2016/9/16 9:00,7.099999905,3.617000103,4.547999859,1.99000001,2.345000029,1.004999995,29.718446731567383
2016/9/16 10:00,7.032999992,3.415999889,4.868000031,2.203000069,2.467000008,0.852999985,29.72324562072754
2016/9/16 11:00,7.234000206,3.013999939,4.477000237,1.741000056,2.740999937,1.004999995,29.74464988708496
2016/9/16 12:00,5.69299984,2.477999926,3.625,1.457000017,1.980000019,0.944000006,29.732961654663086
2016/9/16 13:00,5.69299984,2.611999989,3.944000006,1.598999977,1.76699996,0.760999978,29.72756576538086
2016/9/16 14:00,5.827000141,3.148000002,3.660000086,1.491999984,1.644999981,0.822000027,29.71778106689453
2016/9/16 15:00,5.357999802,3.348999977,3.588999987,1.491999984,1.644999981,0.791999996,29.712352752685547
2016/9/16 16:00,5.492000103,2.812999964,3.588999987,1.812000036,1.888000011,0.822000027,29.7163143157959
2016/9/16 17:00,6.56400013,2.812999964,4.335000038,1.812000036,2.223999977,0.791999996,29.733821868896484
2016/9/16 18:00,5.894000053,2.411000013,3.696000099,1.527999997,2.223999977,0.700999975,29.744871139526367
2016/9/16 19:00,5.894000053,2.411000013,3.76699996,1.491999984,2.131999969,0.639999986,29.745750427246094
2016/9/16 20:00,5.625999928,2.477999926,3.517999887,1.527999997,2.040999889,0.700999975,29.7371826171875
2016/9/16 21:00,4.822999954,2.411000013,3.019999981,1.741000056,1.735999942,0.731000006,29.71663475036621
2016/9/16 22:00,6.56400013,3.951999903,5.081999779,2.203000069,1.401000023,0.639999986,21.45599937
2016/9/16 23:00,6.831999779,3.148000002,5.081999779,2.096999884,1.432000041,0.639999986,29.711708068847656
2016/9/17 0:00,6.96600008,3.549999952,5.828000069,2.061000109,1.218000054,0.578999996,29.709299087524414
2016/9/17 1:00,6.831999779,3.282000065,5.507999897,2.131999969,1.218000054,0.609000027,20.96299934
2016/9/17 2:00,6.296000004,3.750999928,5.188000202,1.953999996,1.218000054,0.639999986,29.699373245239258
2016/9/17 3:00,7.636000156,3.88499999,5.96999979,2.203000069,1.097000003,0.639999986,29.701139450073242
2016/9/17 4:00,8.371999741,4.287000179,6.822999954,2.984999895,1.462000012,0.731000006,19.76799965
2016/9/17 5:00,8.305999756,3.617000103,6.147999763,2.167999983,1.76699996,0.852999985,29.722267150878906
2016/9/17 6:00,9.175999641,4.21999979,7.676000118,2.948999882,2.588999987,0.822000027,29.726234436035156
2016/9/17 7:00,8.706999779,4.019000053,6.502999783,2.736000061,2.345000029,1.004999995,29.714693069458008
2016/9/17 8:00,8.171999931,4.287000179,6.324999809,2.772000074,2.00999999,0.944000006,29.69875717163086
2016/9/17 9:00,7.234000206,3.415999889,4.725999832,2.381000042,2.101999998,1.065999985,29.705520629882812
2016/9/17 10:00,8.43900013,4.152999878,5.96999979,2.523000002,2.467000008,1.065999985,29.71480369567871
2016/9/17 11:00,8.706999779,3.88499999,5.329999924,2.061000109,2.832999945,0.944000006,29.740020751953125
2016/9/17 12:00,6.429999828,3.214999914,4.263999939,1.812000036,2.163000107,1.036000013,29.7198543548584
2016/9/17 13:00,6.429999828,3.818000078,3.76699996,1.91900003,2.040999889,1.065999985,29.70125389099121
2016/9/17 14:00,6.56400013,3.951999903,4.014999866,2.273999929,1.980000019,1.065999985,29.68851661682129
2016/9/17 15:00,6.631000042,3.88499999,4.513000011,2.273999929,1.980000019,1.065999985,29.693546295166016
2016/9/17 16:00,6.162000179,3.684000015,3.872999907,2.630000114,2.193000078,1.156999946,29.681772232055664
2016/9/17 17:00,6.831999779,3.013999939,4.406000137,1.91900003,2.437000036,0.944000006,29.730697631835938
2016/9/17 18:00,6.296000004,2.812999964,4.051000118,1.741000056,2.253999949,0.822000027,24.62100029
2016/9/17 19:00,6.497000217,2.678999901,4.263999939,1.70599997,2.223999977,0.731000006,29.739933013916016
2016/9/17 20:00,6.162000179,2.947000027,4.014999866,1.812000036,2.163000107,0.791999996,29.726898193359375
2016/9/17 21:00,6.899000168,2.545000076,5.614999771,1.84800005,1.949000001,0.852999985,29.739587783813477
2016/9/17 22:00,8.907999992,4.822999954,7.106999874,3.411000013,1.432000041,0.670000017,29.674922943115234
2016/9/17 23:00,9.041999817,4.287000179,7.071000099,3.127000093,1.674999952,0.852999985,22.44099998
2016/9/18 0:00,13.59700012,6.362999916,9.23900032,4.122000217,4.051000118,1.401000023,29.718772888183594
2016/9/18 1:00,14.2670002,7.032999992,9.737000465,4.690999985,4.111999989,1.462000012,29.69993019104004
2016/9/18 2:00,12.59200001,5.960999966,8.598999977,3.660000086,4.234000206,1.613999963,29.727195739746094
2016/9/18 3:00,13.19499969,6.09499979,8.741999626,4.157999992,4.111999989,1.491999984,23.1439991
2016/9/18 4:00,12.92700005,6.631000042,8.812999725,4.370999813,4.142000198,1.523000002,29.699901580810547
2016/9/18 5:00,13.4630003,5.894000053,8.954999924,3.482000113,4.568999767,1.523000002,29.750680923461914
2016/9/18 6:00,15.73999977,6.899000168,10.58899975,4.014999866,5.208000183,1.674999952,22.0890007
2016/9/18 7:00,14.46800041,6.56400013,9.416999817,3.980000019,4.813000202,1.76699996,29.735944747924805
2016/9/18 8:00,9.913000107,5.492000103,7.355999947,3.375999928,2.193000078,1.279000044,23.4260006
2016/9/18 9:00,8.706999779,4.68900013,6.681000233,3.163000107,2.131999969,1.126999974,29.68609619140625
2016/9/18 10:00,8.23900032,3.48300004,4.93900013,2.096999884,2.437000036,1.004999995,29.729162216186523
2016/9/18 11:00,7.903999805,4.287000179,5.543000221,2.559000015,2.497999907,0.913999975,29.70931053161621
2016/9/18 12:00,6.296000004,3.214999914,4.157999992,2.451999903,1.91900003,0.822000027,29.697734832763672
2016/9/18 13:00,5.827000141,3.48300004,3.980000019,1.77699995,1.91900003,0.852999985,29.711294174194336
2016/9/18 14:00,5.894000053,3.48300004,4.122000217,2.594000101,1.76699996,0.913999975,29.681509017944336
2016/9/18 15:00,6.362999916,3.148000002,4.051000118,2.559000015,1.827999949,1.004999995,28.63100052
2016/9/18 16:00,5.827000141,3.617000103,3.76699996,2.239000082,2.00999999,0.975000024,29.692228317260742
2016/9/18 17:00,6.831999779,3.348999977,4.441999912,2.273999929,2.345000029,0.822000027,29.715789794921875
2016/9/18 18:00,6.229000092,2.947000027,4.122000217,1.883000016,2.193000078,0.822000027,29.725337982177734
2016/9/18 19:00,6.56400013,2.812999964,4.300000191,1.741000056,2.315000057,0.700999975,24.5510006
2016/9/18 20:00,6.296000004,2.947000027,4.157999992,2.025000095,2.040999889,0.791999996,29.718334197998047
2016/9/18 21:00,5.425000191,3.013999939,3.872999907,1.421000004,1.70599997,0.700999975,29.725677490234375
2016/9/18 22:00,7.636000156,4.21999979,6.147999763,2.594000101,1.735999942,0.791999996,29.697378158569336
2016/9/18 23:00,9.578000069,2.344000101,7.143000126,1.243999958,1.888000011,0.883000016,22.22999954
2016/9/19 0:00,9.845999718,3.013999939,8.279999733,1.953999996,1.644999981,0.791999996,22.37000084
2016/9/19 1:00,9.979999542,5.223999977,8.670999527,3.660000086,1.462000012,0.700999975,29.67949867248535
2016/9/19 2:00,9.51099968,4.822999954,8.065999985,3.305000067,1.432000041,0.731000006,22.58099937
2016/9/19 3:00,9.779000282,4.421000004,8.208999634,3.339999914,1.462000012,0.700999975,29.696361541748047
2016/9/19 4:00,9.175999641,4.421000004,7.747000217,3.517999887,1.309999943,0.639999986,29.682071685791016
2016/9/19 5:00,7.903999805,3.88499999,6.040999889,2.451999903,1.85800004,0.760999978,29.710813522338867
2016/9/19 6:00,12.52499962,2.611999989,9.701000214,1.527999997,2.467000008,0.822000027,29.823678970336914
2016/9/19 7:00,12.45800018,6.229000092,9.451999664,4.051000118,2.405999899,1.065999985,29.687267303466797
2016/9/19 8:00,9.979999542,4.956999779,7.568999767,3.411000013,2.315000057,1.218000054,29.69121551513672
2016/9/19 9:00,7.301000118,4.889999866,5.081999779,3.127000093,2.28399992,1.187999964,29.666168212890625
2016/9/19 10:00,7.769999981,4.019000053,6.005000114,2.664999962,2.223999977,1.004999995,29.704748153686523
2016/9/19 11:00,8.640000343,3.684000015,5.507999897,2.806999922,2.497999907,0.913999975,29.715473175048828
2016/9/19 12:00,6.497000217,3.48300004,4.690999985,2.096999884,1.85800004,0.760999978,29.708890914916992
2016/9/19 13:00,5.827000141,3.818000078,3.944000006,2.203000069,2.040999889,0.883000016,29.694320678710938
2016/9/19 14:00,6.027999878,3.684000015,4.441999912,2.878000021,1.91900003,0.975000024,29.67556381225586
2016/9/19 15:00,5.625999928,3.684000015,3.980000019,1.883000016,1.76699996,0.883000016,27.01300049
2016/9/19 16:00,5.827000141,3.415999889,3.944000006,2.309999943,1.91900003,0.944000006,29.692384719848633
2016/9/19 17:00,6.764999866,3.08100009,4.65500021,2.061000109,2.163000107,0.760999978,29.724302291870117
2016/9/19 18:00,6.09499979,2.947000027,3.90899992,1.812000036,2.163000107,0.791999996,29.726085662841797
2016/9/19 19:00,6.429999828,2.678999901,4.122000217,1.669999957,2.375999928,0.791999996,29.742393493652344
2016/9/19 20:00,6.027999878,2.880000114,3.838000059,1.741000056,2.223999977,0.883000016,23.84799957
2016/9/19 21:00,5.960999966,1.875,3.838000059,0.995000005,1.827999949,0.852999985,29.757835388183594
2016/9/19 22:00,8.640000343,4.421000004,7.071000099,3.305000067,1.491999984,0.670000017,29.68358039855957
2016/9/19 23:00,8.572999954,4.287000179,6.751999855,2.700999975,1.797000051,0.852999985,29.70339584350586
2016/9/20 0:00,12.85999966,5.760000229,8.31499958,3.055999994,4.142000198,1.462000012,21.94799995
2016/9/20 1:00,11.31999969,4.889999866,7.214000225,2.948999882,4.081999779,1.401000023,29.74728012084961
2016/9/20 2:00,11.85499954,5.559000015,7.747000217,3.339999914,3.898999929,1.432000041,29.72812843322754
2016/9/20 3:00,12.32400036,5.357999802,8.173000336,3.588999987,3.806999922,1.371000051,21.38500023
2016/9/20 4:00,11.85499954,5.492000103,7.249000072,2.700999975,4.051000118,1.371000051,29.74868392944336
2016/9/20 5:00,12.32400036,4.822999954,7.853000164,2.948999882,4.263999939,1.340000033,29.76438331604004
2016/9/20 6:00,13.52999973,4.956999779,8.741999626,2.772000074,4.994999886,1.491999984,29.7945499420166
2016/9/20 7:00,12.45800018,5.827000141,7.532999992,3.269000053,4.751999855,1.613999963,29.743701934814453
2016/9/20 8:00,9.109000206,4.152999878,6.965000153,2.630000114,2.163000107,1.248999953,29.712230682373047
2016/9/20 9:00,8.038000107,4.152999878,5.188000202,2.415999889,2.467000008,1.371000051,29.703380584716797
2016/9/20 10:00,8.774000168,3.818000078,5.96999979,2.736000061,2.740999937,1.248999953,29.71813201904297
2016/9/20 11:00,8.104999542,3.415999889,5.578999996,2.167999983,2.740999937,1.126999974,25.81699944
2016/9/20 12:00,6.162000179,3.148000002,3.696000099,1.421000004,2.00999999,0.944000006,29.727203369140625
2016/9/20 13:00,6.027999878,3.282000065,3.552999973,1.99000001,1.827999949,0.852999985,29.703752517700195
2016/9/20 14:00,6.229000092,3.013999939,4.370999813,1.953999996,1.76699996,0.883000016,29.711902618408203
2016/9/20 15:00,6.296000004,3.282000065,3.838000059,1.741000056,1.91900003,1.036000013,29.712509155273438
2016/9/20 16:00,5.760000229,3.148000002,3.730999947,1.953999996,2.163000107,0.975000024,29.71167755126953
2016/9/20 17:00,6.362999916,2.947000027,4.014999866,1.812000036,2.345000029,0.822000027,29.73150062561035
2016/9/20 18:00,5.960999966,2.545000076,3.588999987,1.527999997,2.28399992,0.883000016,29.739505767822266
2016/9/20 19:00,6.764999866,2.545000076,4.051000118,1.457000017,2.559000015,0.975000024,29.752647399902344
2016/9/20 20:00,6.027999878,2.746000051,3.76699996,1.669999957,2.223999977,0.791999996,29.734174728393555
2016/9/20 21:00,7.099999905,2.142999887,5.188000202,1.741000056,1.888000011,0.760999978,29.747425079345703
2016/9/20 22:00,9.444000244,4.421000004,7.461999893,3.233999968,1.735999942,0.822000027,21.0340004
2016/9/20 23:00,13.19499969,4.554999828,11.40699959,2.772000074,1.674999952,0.822000027,29.75677490234375
2016/9/21 0:00,14.19999981,4.822999954,12.50800037,3.339999914,1.401000023,0.731000006,29.746051788330078
2016/9/21 1:00,13.39599991,4.354000092,11.93999958,3.197999954,1.309999943,0.670000017,29.747529983520508
2016/9/21 2:00,12.45800018,4.354000092,11.40699959,2.878000021,1.126999974,0.578999996,29.745014190673828
2016/9/21 3:00,12.92700005,4.085999966,11.65499973,2.878000021,1.126999974,0.578999996,29.75370216369629
2016/9/21 4:00,12.32400036,6.162000179,11.40699959,4.65500021,1.340000033,0.609000027,29.669687271118164
2016/9/21 5:00,14.13300037,6.497000217,12.64999962,5.081999779,1.613999963,0.670000017,29.6771240234375
2016/9/21 6:00,15.06999969,6.631000042,13.18299961,4.65500021,2.375999928,0.822000027,29.71101951599121
2016/9/21 7:00,15.06999969,5.492000103,12.11699963,3.163000107,2.315000057,0.975000024,29.758991241455078
2016/9/21 8:00,11.92199993,3.48300004,9.451999664,1.883000016,2.28399992,1.248999953,29.78167152404785
2016/9/21 9:00,7.501999855,1.807999969,4.93900013,0.213,2.101999998,1.036000013,29.799299240112305
2016/9/21 10:00,8.43900013,1.674000025,5.401000023,0.603999972,2.559000015,1.036000013,29.806962966918945
2016/9/21 11:00,8.23900032,3.415999889,5.329999924,1.741000056,2.862999916,1.097000003,29.75103187561035
2016/9/21 12:00,5.357999802,2.947000027,3.696000099,1.669999957,1.85800004,0.944000006,29.715057373046875
2016/9/21 13:00,5.425000191,3.148000002,3.339999914,1.350000024,2.163000107,1.126999974,24.4810009
2016/9/21 14:00,6.229000092,3.549999952,3.625,1.669999957,1.980000019,1.004999995,29.711210250854492
2016/9/21 15:00,6.631000042,3.48300004,4.122000217,2.131999969,2.00999999,1.097000003,29.700929641723633
2016/9/21 16:00,5.960999966,2.746000051,3.802000046,1.56400001,1.949000001,0.944000006,29.727195739746094
2016/9/21 17:00,6.697999954,2.27699995,4.441999912,1.065999985,2.315000057,0.852999985,29.76821517944336
2016/9/21 18:00,6.229000092,2.142999887,3.696000099,1.031000018,2.375999928,0.883000016,29.764822006225586
2016/9/21 19:00,6.429999828,2.477999926,3.802000046,1.315000057,2.559000015,0.944000006,29.75579071044922
2016/9/21 20:00,5.894000053,2.880000114,3.696000099,1.70599997,2.253999949,0.913999975,29.727672576904297
2016/9/21 21:00,5.425000191,2.27699995,3.447000027,1.279000044,1.91900003,0.822000027,29.740478515625
2016/9/21 22:00,6.56400013,4.152999878,5.366000175,2.878000021,1.552999973,0.731000006,29.67520523071289
2016/9/21 23:00,8.23900032,2.812999964,6.644999981,1.350000024,1.674999952,0.760999978,29.761133193969727
2016/9/22 0:00,11.85499954,3.348999977,7.355999947,1.350000024,4.203000069,1.432000041,29.823118209838867
2016/9/22 1:00,10.71700001,3.415999889,6.254000187,1.172999978,4.234000206,1.491999984,29.811805725097656
2016/9/22 2:00,11.78800011,3.684000015,7.461999893,1.741000056,4.142000198,1.432000041,29.80574607849121
2016/9/22 3:00,11.85499954,4.019000053,7.498000145,1.70599997,4.142000198,1.462000012,29.80170249938965
2016/9/22 4:00,10.18099976,3.08100009,6.610000134,1.136999965,3.960000038,1.279000044,19.62700081
2016/9/22 5:00,13.32900047,4.019000053,9.097000122,2.061000109,4.142000198,1.218000054,29.81706428527832
2016/9/22 6:00,13.59700012,3.282000065,9.168000221,1.741000056,4.751999855,1.552999973,29.846399307250977
2016/9/22 7:00,11.5880003,5.559000015,7.0,2.948999882,4.630000114,1.552999973,29.746416091918945
2016/9/22 8:00,8.975000381,4.622000217,6.573999882,2.984999895,2.040999889,1.065999985,29.692291259765625
2016/9/22 9:00,7.636000156,4.756000042,5.543000221,2.948999882,2.131999969,1.065999985,29.677820205688477
2016/9/22 10:00,7.903999805,3.88499999,5.507999897,2.559000015,2.437000036,1.036000013,29.711212158203125
2016/9/22 11:00,8.104999542,3.415999889,5.650000095,2.025000095,2.772000074,1.004999995,29.744232177734375
2016/9/22 12:00,6.362999916,3.148000002,3.730999947,1.315000057,1.91900003,0.822000027,29.73274803161621
2016/9/22 13:00,6.09499979,3.148000002,4.229000092,1.77699995,1.797000051,0.852999985,29.715667724609375
2016/9/22 14:00,6.831999779,3.549999952,4.263999939,1.883000016,1.949000001,1.218000054,29.705461502075195
2016/9/22 15:00,8.171999931,4.019000053,5.828000069,3.019999981,2.071000099,1.065999985,29.690872192382812
2016/9/22 16:00,6.027999878,3.148000002,4.086999893,1.91900003,1.85800004,0.975000024,29.70857048034668
2016/9/22 17:00,7.166999817,3.08100009,4.547999859,1.741000056,2.528000116,0.975000024,29.739368438720703
2016/9/22 18:00,6.162000179,2.477999926,3.838000059,1.491999984,2.405999899,0.822000027,29.74847412109375
2016/9/22 19:00,6.362999916,2.344000101,3.980000019,1.421000004,2.28399992,0.731000006,22.1590004
2016/9/22 20:00,6.027999878,2.611999989,3.838000059,1.70599997,2.101999998,0.760999978,29.733049392700195
2016/9/22 21:00,5.827000141,2.746000051,3.552999973,1.279000044,1.735999942,0.731000006,29.73417854309082
2016/9/22 22:00,6.362999916,3.148000002,4.93900013,1.953999996,1.552999973,0.670000017,29.714092254638672
2016/9/22 23:00,10.04699993,3.214999914,8.777000427,2.096999884,1.401000023,0.639999986,29.756166458129883
