date,HUFL,HULL,MUFL,MULL,LUFL,LULL,OT
2016/7/1 0:00,5.827000141,2.009000063,1.598999977,0.462000012,4.203000069,1.340000033,25.50156481567843
2016/7/1 1:00,5.69299984,2.075999975,1.491999984,0.425999999,4.142000198,1.371000051,26.500469314030084
2016/7/1 2:00,5.157000065,1.741000056,1.279000044,0.354999989,3.77699995,1.218000054,27.78700066
2016/7/1 3:00,5.090000153,1.942000031,1.279000044,0.391000003,3.806999922,1.279000044,26.324923625790213
2016/7/1 4:00,5.357999802,1.942000031,1.491999984,0.462000012,3.868000031,1.279000044,21.94799995
2016/7/1 5:00,5.625999928,2.142999887,1.527999997,0.532999992,4.051000118,1.371000051,25.24940720084297
2016/7/1 6:00,7.166999817,2.947000027,2.131999969,0.782000005,5.026000023,1.85800004,25.98156958184679
2016/7/1 7:00,7.434999943,3.282000065,2.309999943,1.031000018,5.086999893,2.223999977,27.719816956095606
2016/7/1 8:00,5.559000015,3.013999939,2.451999903,1.172999978,2.954999924,1.432000041,27.790721543326164
2016/7/1 9:00,4.554999828,2.545000076,1.91900003,0.816999972,2.680000067,1.371000051,17.44599915
2016/7/1 10:00,4.956999779,2.545000076,1.99000001,0.852999985,2.954999924,1.491999984,23.820071596084095
2016/7/1 11:00,5.760000229,2.545000076,2.203000069,0.852999985,3.441999912,1.491999984,24.86040976863688
2016/7/1 12:00,4.68900013,2.545000076,1.812000036,0.852999985,2.832999945,1.523000002,22.862269955273213
2016/7/1 13:00,4.68900013,2.678999901,1.77699995,1.243999958,3.107000113,1.613999963,25.71477993428906
2016/7/1 14:00,5.090000153,2.947000027,2.451999903,1.350000024,2.559000015,1.432000041,24.396496958648342
2016/7/1 15:00,5.090000153,3.148000002,2.486999989,1.350000024,2.588999987,1.523000002,24.66996772007281
2016/7/1 16:00,4.21999979,2.411000013,1.70599997,0.782000005,2.618999958,1.491999984,21.702492716754342
2016/7/1 17:00,4.756000042,2.344000101,1.63499999,0.711000025,3.075999975,1.491999984,23.101064208215266
2016/7/1 18:00,5.625999928,2.880000114,2.523000002,1.207999945,3.075999975,1.491999984,27.451216330213207
2016/7/1 19:00,5.492000103,3.013999939,2.451999903,1.207999945,3.015000105,1.552999973,27.400846518477735
2016/7/1 20:00,5.357999802,3.013999939,2.451999903,1.207999945,2.862999916,1.523000002,26.139013142520994
2016/7/1 21:00,5.090000153,2.947000027,2.381000042,1.207999945,2.680000067,1.523000002,25.117010264289
2016/7/1 22:00,4.822999954,2.947000027,2.203000069,1.172999978,2.618999958,1.523000002,25.1729392020903
2016/7/1 23:00,4.622000217,2.880000114,2.131999969,1.136999965,2.467000008,1.491999984,23.34183064643642
2016/7/2 0:00,5.223999977,3.08100009,2.700999975,1.315000057,2.437000036,1.523000002,23.177970477449794
2016/7/2 1:00,5.157000065,3.013999939,2.878000021,1.350000024,2.345000029,1.432000041,23.44194716267538
2016/7/2 2:00,5.157000065,3.148000002,2.878000021,1.491999984,2.28399992,1.432000041,23.41460621121444
2016/7/2 3:00,5.157000065,3.08100009,2.914000034,1.491999984,2.193000078,1.401000023,23.355522330860737
2016/7/2 4:00,4.554999828,3.08100009,2.451999903,1.491999984,2.193000078,1.401000023,23.30346161224351
2016/7/2 5:00,5.425000191,3.282000065,3.092000008,1.70599997,2.437000036,1.462000012,23.823818812736203
2016/7/2 6:00,5.492000103,3.282000065,2.523000002,1.491999984,2.984999895,1.462000012,27.318906982672484
2016/7/2 7:00,5.625999928,3.214999914,2.486999989,1.491999984,3.075999975,1.523000002,27.147716051182687
2016/7/2 8:00,5.559000015,3.282000065,2.594000101,1.669999957,2.924000025,1.523000002,26.67452287068912
2016/7/2 9:00,5.223999977,3.214999914,2.559000015,1.56400001,2.680000067,1.462000012,25.40119946200672
2016/7/2 10:00,9.913000107,4.956999779,6.644999981,3.305000067,3.046000004,1.552999973,27.761071861581875
2016/7/2 11:00,11.78800011,5.425000191,8.173000336,2.523000002,3.686000109,1.674999952,28.743218753181115
2016/7/2 12:00,9.645000458,4.956999779,6.751999855,2.131999969,3.107000113,1.827999949,27.51109933548837
2016/7/2 13:00,10.38199997,5.760000229,7.461999893,2.559000015,2.984999895,1.76699996,28.20992700718371
2016/7/2 14:00,8.774000168,4.68900013,6.111999989,2.025000095,2.894000053,1.91900003,21.31500053
2016/7/2 15:00,10.44900036,5.157000065,6.965000153,2.451999903,2.772000074,1.735999942,27.57947703570906
2016/7/2 16:00,9.845999718,4.822999954,7.035999775,2.664999962,2.894000053,1.76699996,27.86877791664387
2016/7/2 17:00,9.913000107,4.822999954,6.894000053,2.415999889,3.229000092,1.735999942,27.424602268130776
2016/7/2 18:00,10.64999962,4.68900013,6.928999901,2.451999903,3.381000042,1.797000051,25.88800049
2016/7/2 19:00,10.11400032,4.354000092,6.644999981,1.812000036,3.107000113,1.735999942,29.465585497851706
2016/7/2 20:00,9.979999542,4.152999878,6.573999882,1.953999996,3.411000013,1.76699996,27.29500008
2016/7/2 21:00,9.31000042,4.21999979,6.005000114,2.131999969,3.229000092,1.85800004,26.533289314538333
2016/7/2 22:00,9.444000244,4.622000217,6.965000153,2.167999983,2.954999924,1.85800004,27.223518032163014
2016/7/2 23:00,9.444000244,4.287000179,6.822999954,2.559000015,2.588999987,1.735999942,27.418160745526926
2016/7/3 0:00,10.38199997,5.425000191,7.604000092,2.309999943,2.954999924,1.674999952,28.288872559564997
2016/7/3 1:00,9.779000282,5.223999977,6.71600008,2.842999935,2.650000095,1.674999952,27.564609603256155
2016/7/3 2:00,10.38199997,4.68900013,7.320000172,2.203000069,2.984999895,1.85800004,28.294046400950148
2016/7/3 3:00,9.779000282,4.152999878,6.822999954,1.99000001,2.528000116,1.674999952,27.221055166189682
2016/7/3 4:00,10.71700001,4.756000042,7.355999947,2.806999922,2.650000095,1.797000051,28.26335648485463
2016/7/3 5:00,10.31499958,4.68900013,7.390999794,2.451999903,2.924000025,1.85800004,28.274984383413784
2016/7/3 6:00,12.59200001,5.223999977,8.670999527,2.203000069,3.71600008,1.949000001,25.32500076
2016/7/3 7:00,11.11900043,4.622000217,7.888999939,2.842999935,3.625,1.91900003,28.994931931978048
2016/7/3 8:00,10.64999962,4.421000004,7.035999775,2.025000095,3.594000101,1.91900003,28.07413062327885
2016/7/3 9:00,10.04699993,4.21999979,6.43200016,1.669999957,3.686000109,1.949000001,29.57961764760173
2016/7/3 10:00,11.72099972,5.090000153,7.888999939,2.559000015,3.563999891,1.85800004,29.16162586774509
2016/7/3 11:00,12.12300014,5.357999802,8.065999985,2.486999989,4.081999779,1.91900003,28.123302847739357
2016/7/3 12:00,9.979999542,5.022999763,6.857999802,2.559000015,3.289999962,1.85800004,26.80200005
2016/7/3 13:00,9.243000031,4.956999779,6.289999962,2.630000114,3.137000084,1.888000011,26.957523598459034
2016/7/3 14:00,10.18099976,5.425000191,7.177999973,3.019999981,3.075999975,1.888000011,28.159232639428037
2016/7/3 15:00,9.645000458,5.425000191,7.106999874,2.664999962,3.015000105,1.827999949,27.95436757648572
2016/7/3 16:00,9.779000282,4.889999866,6.502999783,2.984999895,3.075999975,2.00999999,29.75699997
2016/7/3 17:00,11.11900043,5.157000065,7.320000172,2.914000034,3.806999922,1.980000019,28.424754612768282
2016/7/3 18:00,11.05200005,4.956999779,7.390999794,2.523000002,3.686000109,1.980000019,28.510518436815477
2016/7/3 19:00,10.7840004,4.889999866,7.214000225,2.486999989,3.594000101,1.888000011,29.091998414755686
2016/7/3 20:00,11.18599987,4.889999866,7.177999973,2.345000029,3.960000038,1.91900003,28.10424637866827
2016/7/3 21:00,10.44900036,4.889999866,6.610000134,2.309999943,3.806999922,2.040999889,28.116147255976195
2016/7/3 22:00,9.578000069,5.760000229,6.787000179,3.127000093,3.259000063,1.888000011,27.462618231689085
2016/7/3 23:00,9.31000042,5.760000229,6.610000134,3.055999994,3.167999983,1.888000011,27.102893665658076
2016/7/4 0:00,9.913000107,5.894000053,6.254000187,2.630000114,3.015000105,1.85800004,27.31553880828621
2016/7/4 1:00,8.975000381,4.956999779,6.289999962,2.664999962,2.862999916,1.827999949,26.49119850708749
2016/7/4 2:00,8.640000343,4.822999954,6.147999763,2.594000101,2.924000025,1.827999949,24.003938277388162
2016/7/4 3:00,9.175999641,5.492000103,5.578999996,2.381000042,2.862999916,1.85800004,26.4770261415169
2016/7/4 4:00,9.109000206,4.822999954,5.650000095,2.523000002,2.772000074,1.797000051,26.00192282603863
2016/7/4 5:00,9.845999718,5.559000015,5.96999979,2.948999882,3.107000113,1.888000011,26.680692455682603
2016/7/4 6:00,11.5880003,5.425000191,7.390999794,2.806999922,3.806999922,1.980000019,28.502119915177094
2016/7/4 7:00,11.78800011,6.09499979,7.214000225,2.984999895,3.898999929,2.040999889,28.656980558182504
2016/7/4 8:00,10.58300018,5.960999966,7.143000126,2.914000034,3.654999971,2.071000099,28.95155426127139
2016/7/4 9:00,11.5880003,6.296000004,7.568999767,3.055999994,3.471999884,2.00999999,28.767854338247346
2016/7/4 10:00,11.92199993,6.229000092,7.710999966,3.055999994,3.746000051,1.949000001,28.353096018135748
2016/7/4 11:00,12.32400036,5.559000015,8.421999931,3.233999968,4.203000069,1.980000019,29.54599953
2016/7/4 12:00,10.38199997,5.894000053,6.857999802,2.630000114,3.563999891,1.949000001,27.730886830654836
2016/7/4 13:00,10.04699993,5.425000191,6.751999855,3.019999981,3.319999933,1.949000001,27.69634654947138
2016/7/4 14:00,10.51599979,6.027999878,7.106999874,3.375999928,3.137000084,1.91900003,28.123374400478916
2016/7/4 15:00,10.71700001,6.09499979,6.787000179,3.019999981,3.167999983,2.00999999,28.55003068248306
2016/7/4 16:00,9.979999542,5.022999763,6.502999783,2.559000015,3.441999912,2.040999889,28.180045004350582
2016/7/4 17:00,11.31999969,5.090000153,7.355999947,2.451999903,3.868000031,2.040999889,28.52219743916354
2016/7/4 18:00,11.38700008,4.956999779,7.355999947,2.451999903,4.295000076,2.193000078,28.932268332368334
2016/7/4 19:00,9.376999855,3.88499999,6.894000053,2.239000082,2.467000008,1.187999964,27.708102840457403
2016/7/4 20:00,10.11400032,4.085999966,7.143000126,2.239000082,2.954999924,1.462000012,27.0584393728304
2016/7/4 21:00,10.38199997,4.822999954,6.894000053,2.309999943,3.503000021,2.00999999,28.09989525884928
2016/7/4 22:00,9.645000458,4.889999866,6.610000134,1.91900003,3.259000063,1.91900003,27.672755759871542
2016/7/4 23:00,12.72599983,6.497000217,9.345999718,3.482000113,3.167999983,1.980000019,28.844993411639884
2016/7/5 0:00,11.98900032,5.625999928,8.777000427,2.948999882,3.197999954,1.980000019,28.385344319252322
2016/7/5 1:00,12.52499962,6.296000004,8.954999924,3.163000107,3.137000084,2.00999999,25.95800018
2016/7/5 2:00,12.32400036,6.296000004,8.812999725,3.375999928,2.984999895,1.91900003,28.143411449677824
2016/7/5 3:00,10.71700001,5.425000191,8.065999985,2.878000021,2.832999945,1.85800004,28.284098391452723
2016/7/5 4:00,11.31999969,5.625999928,7.676000118,2.630000114,3.046000004,1.888000011,28.2648352399112
2016/7/5 5:00,10.85099983,4.68900013,6.822999954,1.883000016,3.319999933,2.040999889,28.048954494732993
2016/7/5 6:00,13.32900047,5.425000191,8.883999825,2.736000061,4.081999779,1.949000001,28.06506059680659
2016/7/5 7:00,11.45400047,5.223999977,7.853000164,2.772000074,3.654999971,2.00999999,28.8763281523663
2016/7/5 8:00,11.05200005,5.960999966,7.461999893,3.127000093,3.563999891,2.101999998,30.31999969
2016/7/5 9:00,10.98499966,6.027999878,7.532999992,2.700999975,3.411000013,2.040999889,28.817356012231045
2016/7/5 10:00,12.79300022,5.960999966,8.56400013,3.447000027,3.838000059,2.163000107,29.140829866399155
2016/7/5 11:00,13.39599991,6.429999828,8.741999626,3.482000113,4.598999977,2.253999949,29.489580667321256
2016/7/5 12:00,11.25300026,5.425000191,7.676000118,2.736000061,3.594000101,2.00999999,28.871243934993817
2016/7/5 13:00,9.913000107,4.554999828,6.681000233,2.309999943,3.319999933,1.91900003,27.53539782050127
2016/7/5 14:00,10.18099976,5.357999802,7.320000172,2.486999989,3.319999933,2.071000099,28.769721418913413
2016/7/5 15:00,10.85099983,5.223999977,7.249000072,2.415999889,3.319999933,1.949000001,28.806959875474252
2016/7/5 16:00,10.04699993,5.022999763,6.894000053,2.736000061,3.167999983,2.253999949,32.00799942
2016/7/5 17:00,11.92199993,5.425000191,7.923999786,2.878000021,4.386000156,2.101999998,28.565262633918067
2016/7/5 18:00,11.45400047,4.956999779,7.461999893,2.345000029,3.99000001,2.040999889,28.504657446621664
2016/7/5 19:00,10.85099983,4.68900013,7.071000099,2.345000029,3.806999922,1.949000001,28.130088656152015
2016/7/5 20:00,11.18599987,4.622000217,7.284999847,2.203000069,3.898999929,1.888000011,28.519357115022235
2016/7/5 21:00,10.64999962,4.68900013,6.894000053,2.167999983,3.806999922,2.00999999,28.173691852836956
2016/7/5 22:00,9.979999542,4.354000092,6.644999981,1.91900003,3.563999891,1.980000019,28.0923323140844
2016/7/5 23:00,11.85499954,5.760000229,7.81799984,2.700999975,3.259000063,1.949000001,28.86186182689352
2016/7/6 0:00,10.38199997,5.090000153,6.467000008,2.842999935,3.015000105,1.827999949,27.191322898799584
2016/7/6 1:00,10.71700001,5.425000191,7.498000145,2.309999943,2.832999945,1.91900003,28.30217101876568
2016/7/6 2:00,10.85099983,5.357999802,7.81799984,2.878000021,2.832999945,1.85800004,28.27880982354769
2016/7/6 3:00,9.779000282,5.157000065,5.96999979,2.345000029,3.167999983,2.131999969,27.05841482342048
2016/7/6 4:00,9.376999855,4.487999916,6.254000187,2.273999929,3.015000105,2.040999889,28.17691280412893
2016/7/6 5:00,11.38700008,5.559000015,7.853000164,2.842999935,3.259000063,2.345000029,30.020669048375254
2016/7/6 6:00,11.85499954,4.487999916,8.208999634,2.096999884,3.868000031,1.85800004,28.661353102631306
2016/7/6 7:00,12.52499962,6.162000179,9.131999969,3.625,3.532999992,1.888000011,28.947048223245485
2016/7/6 8:00,12.72599983,6.362999916,9.345999718,3.375999928,3.71600008,1.980000019,30.53100014
2016/7/6 9:00,11.11900043,4.756000042,7.177999973,2.131999969,3.349999905,1.980000019,28.995926175774105
2016/7/6 10:00,11.78800011,4.889999866,8.031000137,2.451999903,3.563999891,1.85800004,30.24900055
2016/7/6 11:00,13.12800026,4.956999779,8.670999527,2.772000074,3.99000001,1.91900003,28.083132119325978
2016/7/6 12:00,10.58300018,4.756000042,7.0,2.061000109,2.954999924,1.644999981,27.703058764669596
2016/7/6 13:00,10.31499958,5.290999889,7.498000145,2.345000029,3.046000004,1.70599997,28.304425407855124
2016/7/6 14:00,9.444000244,5.022999763,6.965000153,2.203000069,2.650000095,1.644999981,27.517830086032475
2016/7/6 15:00,10.44900036,4.21999979,7.0,2.381000042,2.710999966,1.583999991,27.56416353914686
2016/7/6 16:00,9.845999718,4.085999966,7.071000099,1.91900003,2.710999966,1.552999973,28.25793981429687
2016/7/6 17:00,10.98499966,4.756000042,7.639999866,2.630000114,3.289999962,1.644999981,28.95292820189854
2016/7/6 18:00,10.71700001,4.287000179,7.320000172,2.096999884,3.319999933,1.644999981,28.939120734340445
2016/7/6 19:00,9.175999641,3.549999952,6.005000114,1.56400001,3.107000113,1.613999963,29.68600082
2016/7/6 20:00,9.645000458,4.152999878,6.254000187,1.457000017,3.411000013,1.735999942,30.60933797711446
2016/7/6 21:00,8.505999565,2.880000114,5.436999798,0.745999992,3.532999992,1.827999949,33.63646412446002
2016/7/6 22:00,10.51599979,3.348999977,7.106999874,1.279000044,3.259000063,1.644999981,33.21903273412971
2016/7/6 23:00,13.39599991,4.68900013,10.23400021,2.381000042,3.259000063,1.674999952,28.726787134294504
2016/7/7 0:00,12.59200001,5.157000065,9.204000473,2.309999943,2.772000074,1.613999963,28.365911175846662
2016/7/7 1:00,14.19999981,6.229000092,11.19400024,3.447000027,2.559000015,1.552999973,28.77199936
2016/7/7 2:00,12.59200001,6.229000092,10.9090004,3.696000099,2.528000116,1.523000002,29.117885484730337
2016/7/7 3:00,14.2670002,6.362999916,11.12199974,3.872999907,2.832999945,1.674999952,28.684619271825255
2016/7/7 4:00,12.59200001,5.090000153,9.204000473,2.772000074,2.680000067,1.827999949,28.332156966501852
2016/7/7 5:00,13.73099995,5.625999928,10.66100025,2.984999895,3.229000092,1.76699996,28.580137406701947
2016/7/7 6:00,15.13700008,5.760000229,11.22900009,2.948999882,3.319999933,1.644999981,28.548048455956017
2016/7/7 7:00,14.2670002,5.960999966,10.80300045,3.197999954,3.381000042,1.797000051,28.645801908291695
2016/7/7 8:00,12.52499962,5.090000153,9.31000042,3.055999994,3.075999975,1.797000051,28.356332729479714
2016/7/7 9:00,12.32400036,5.559000015,8.670999527,2.842999935,3.015000105,1.674999952,28.366725886459225
2016/7/7 10:00,13.26200008,6.09499979,9.807999611,2.842999935,3.441999912,1.76699996,28.71798232263929
2016/7/7 11:00,12.32400036,4.956999779,8.244000435,2.559000015,3.99000001,1.735999942,28.216927087028342
2016/7/7 12:00,9.645000458,3.617000103,6.787000179,1.598999977,3.046000004,1.523000002,31.11337780328479
2016/7/7 13:00,10.51599979,4.554999828,7.390999794,2.131999969,2.802000046,1.552999973,28.34127531056585
2016/7/7 14:00,9.376999855,3.818000078,6.573999882,1.56400001,2.650000095,1.552999973,31.024685864385855
2016/7/7 15:00,9.109000206,3.684000015,6.610000134,1.598999977,2.588999987,2.131999969,30.339203564957106
2016/7/7 16:00,9.243000031,3.415999889,6.538000107,1.70599997,2.984999895,1.552999973,29.527361159332653
2016/7/7 17:00,10.44900036,4.21999979,7.320000172,2.096999884,3.229000092,1.523000002,28.81433424331455
2016/7/7 18:00,11.05200005,4.287000179,7.604000092,1.99000001,3.471999884,1.674999952,29.117216152973302
2016/7/7 19:00,10.11400032,4.085999966,6.857999802,1.953999996,3.259000063,1.644999981,27.471505964684606
2016/7/7 20:00,11.11900043,4.152999878,7.427000046,1.91900003,3.746000051,1.674999952,28.325683660387583
2016/7/7 21:00,10.44900036,3.282000065,7.106999874,1.279000044,3.594000101,1.70599997,33.01561777782564
2016/7/7 22:00,10.51599979,3.88499999,7.355999947,1.598999977,3.167999983,1.674999952,31.153001688211734
2016/7/7 23:00,11.85499954,5.357999802,8.883999825,3.197999954,3.075999975,1.552999973,28.356383243433076
2016/7/8 0:00,11.85499954,4.756000042,8.883999825,2.984999895,2.954999924,1.523000002,28.395338773600653
2016/7/8 1:00,10.38199997,4.756000042,7.994999886,2.630000114,2.497999907,1.340000033,27.208746076301036
2016/7/8 2:00,11.18599987,5.223999977,8.706000328,2.594000101,2.375999928,1.401000023,25.409895102113182
2016/7/8 3:00,10.24800014,4.554999828,7.747000217,2.736000061,2.437000036,1.491999984,26.796918263094724
2016/7/8 4:00,10.91800022,4.085999966,8.244000435,2.594000101,2.315000057,1.462000012,29.12400055
2016/7/8 5:00,12.6590004,5.223999977,9.416999817,2.700999975,2.894000053,1.613999963,28.385547567743103
2016/7/8 6:00,13.59700012,5.425000191,9.737000465,2.984999895,3.471999884,1.644999981,28.625494997283862
2016/7/8 7:00,10.38199997,4.085999966,7.214000225,2.025000095,3.289999962,1.644999981,28.808216388661027
2016/7/8 8:00,9.979999542,4.554999828,6.71600008,2.273999929,3.289999962,1.797000051,27.006567778084506
2016/7/8 9:00,9.645000458,4.019000053,6.894000053,2.594000101,3.015000105,1.644999981,27.460139727391155
2016/7/8 10:00,11.72099972,4.756000042,7.994999886,2.167999983,3.381000042,1.735999942,30.67099953
2016/7/8 11:00,11.78800011,4.21999979,8.031000137,2.131999969,3.928999901,1.827999949,28.795701951130397
2016/7/8 12:00,10.44900036,4.085999966,7.355999947,1.812000036,3.167999983,1.674999952,29.44838886883636
2016/7/8 13:00,10.18099976,3.415999889,6.857999802,1.741000056,3.046000004,1.613999963,29.730396606665064
2016/7/8 14:00,12.92700005,5.022999763,6.751999855,1.527999997,5.696000099,2.223999977,29.64113024739222
2016/7/8 15:00,10.18099976,4.21999979,6.573999882,1.741000056,3.015000105,1.644999981,29.590055777936595
2016/7/8 16:00,9.444000244,3.549999952,6.610000134,1.279000044,2.924000025,1.613999963,31.25047173648973
2016/7/8 17:00,10.31499958,4.085999966,7.177999973,2.096999884,3.229000092,1.644999981,28.79855904473452
2016/7/8 18:00,10.71700001,3.88499999,7.106999874,1.741000056,3.563999891,1.674999952,29.650664924699296
2016/7/8 19:00,10.18099976,3.617000103,6.467000008,1.421000004,3.594000101,1.674999952,30.796928624340197
2016/7/8 20:00,11.85499954,4.085999966,7.639999866,1.56400001,4.263999939,1.85800004,31.04108408432816
2016/7/8 21:00,12.72599983,4.354000092,8.244000435,2.131999969,4.295000076,1.76699996,28.27965733969907
2016/7/8 22:00,14.06599998,5.357999802,9.666000366,2.239000082,3.77699995,1.70599997,27.98676022267223
2016/7/8 23:00,18.15200043,8.840999603,12.40200043,4.19299984,5.81799984,3.046000004,32.35692290858961
2016/7/9 0:00,14.60200024,5.960999966,11.30000019,3.339999914,3.259000063,1.76699996,28.687287322054836
2016/7/9 1:00,14.53499985,6.162000179,11.69099998,3.90899992,3.046000004,1.644999981,28.630194278866107
2016/7/9 2:00,14.40100002,6.296000004,11.72700024,3.944000006,2.802000046,1.613999963,28.450651131801706
2016/7/9 3:00,13.9989996,6.497000217,10.94499969,3.197999954,2.710999966,1.674999952,28.581338682437913
2016/7/9 4:00,14.06599998,6.296000004,11.30000019,3.482000113,2.832999945,2.00999999,27.220558484339946
2016/7/9 5:00,14.2670002,5.425000191,10.8380003,3.019999981,3.319999933,1.76699996,28.612335133931126
2016/7/9 6:00,14.60200024,5.69299984,10.8739996,3.055999994,3.289999962,1.735999942,28.631301744475405
2016/7/9 7:00,9.109000206,2.611999989,6.395999908,1.065999985,2.740999937,1.523000002,31.712632841284336
2016/7/9 8:00,11.45400047,3.415999889,8.279999733,1.101999998,3.137000084,1.76699996,35.01486652836321
2016/7/9 9:00,9.779000282,3.549999952,6.005000114,1.70599997,3.289999962,1.644999981,29.96800041
2016/7/9 10:00,10.85099983,4.21999979,6.573999882,1.243999958,3.471999884,1.797000051,30.21265810081049
2016/7/9 11:00,10.51599979,3.48300004,6.610000134,1.350000024,3.868000031,1.735999942,29.82750621393824
2016/7/9 12:00,9.779000282,3.617000103,5.899000168,0.852999985,3.229000092,1.70599997,37.424411353074376
2016/7/9 13:00,10.24800014,3.750999928,6.610000134,1.243999958,3.046000004,1.552999973,30.862098032060576
2016/7/9 14:00,9.645000458,4.019000053,6.822999954,1.56400001,3.046000004,1.552999973,31.093657003552917
2016/7/9 15:00,9.578000069,3.818000078,6.361000061,1.491999984,3.075999975,1.613999963,30.97820526056081
2016/7/9 16:00,11.98900032,4.152999878,6.43200016,1.527999997,5.604000092,2.193000078,29.010059815102522
2016/7/9 17:00,10.7840004,3.818000078,6.644999981,1.207999945,3.868000031,1.888000011,29.78172800020657
2016/7/9 18:00,10.11400032,3.415999889,6.254000187,1.207999945,3.686000109,2.040999889,30.106527373248188
2016/7/9 19:00,9.444000244,3.148000002,5.96999979,1.101999998,3.411000013,1.644999981,30.721024550539287
2016/7/9 20:00,11.31999969,3.48300004,7.427000046,1.812000036,4.051000118,1.674999952,29.569267748784714
2016/7/9 21:00,13.52999973,4.756000042,9.522999763,2.700999975,3.898999929,1.462000012,24.407546001688115
2016/7/9 22:00,12.45800018,5.827000141,8.918999672,3.552999973,3.503000021,1.583999991,29.04499884214464
2016/7/9 23:00,13.32900047,5.357999802,9.593999863,2.451999903,3.289999962,1.552999973,28.846520992525612
2016/7/10 0:00,15.27099991,6.229000092,9.737000465,2.736000061,5.482999802,2.00999999,27.998885924953502
2016/7/10 1:00,15.53899956,6.09499979,10.51799965,3.163000107,5.208000183,2.040999889,28.47888083735691
2016/7/10 2:00,15.13700008,6.362999916,9.630000114,3.233999968,4.934000015,1.91900003,27.919188746709583
2016/7/10 3:00,14.40100002,5.894000053,8.493000031,2.984999895,4.934000015,1.980000019,28.363116297453573
2016/7/10 4:00,14.13300037,5.157000065,8.598999977,2.451999903,4.965000153,1.949000001,28.164510825498645
2016/7/10 5:00,13.9989996,4.354000092,8.706000328,2.131999969,5.269000053,2.040999889,28.458371073223603
2016/7/10 6:00,14.93700027,5.625999928,9.026000023,1.91900003,5.81799984,2.101999998,28.42724692292857
2016/7/10 7:00,13.32900047,4.554999828,7.710999966,1.457000017,5.573999882,2.193000078,33.55643789996513
2016/7/10 8:00,10.85099983,4.554999828,7.320000172,2.203000069,3.197999954,1.76699996,28.812595691960475
2016/7/10 9:00,9.845999718,4.287000179,6.857999802,1.812000036,3.167999983,1.70599997,29.507367345286994
2016/7/10 10:00,10.24800014,3.951999903,6.857999802,1.70599997,3.381000042,1.797000051,29.626139621493103
2016/7/10 11:00,11.85499954,4.019000053,7.604000092,1.812000036,4.142000198,1.735999942,29.54540438414298
2016/7/10 12:00,8.572999954,3.282000065,5.578999996,1.136999965,2.984999895,1.523000002,30.204116457080364
2016/7/10 13:00,8.640000343,3.08100009,5.507999897,1.031000018,2.710999966,1.432000041,29.12400055
2016/7/10 14:00,8.305999756,2.411000013,5.188000202,0.711000025,2.924000025,1.523000002,33.47633558251784
2016/7/10 15:00,8.774000168,3.348999977,6.147999763,1.350000024,2.528000116,1.432000041,28.22656619890378
2016/7/10 16:00,8.038000107,2.545000076,5.614999771,0.888000011,2.467000008,1.340000033,31.58227627469937
2016/7/10 17:00,9.175999641,2.746000051,6.289999962,1.136999965,3.229000092,1.432000041,30.67099953
2016/7/10 18:00,9.444000244,3.214999914,6.395999908,1.421000004,3.167999983,1.523000002,31.037859023860698
2016/7/10 19:00,8.505999565,2.880000114,5.791999817,1.101999998,2.710999966,1.309999943,30.843913311108885
2016/7/10 20:00,10.04699993,3.08100009,6.857999802,1.279000044,3.167999983,1.309999943,31.99459744409046
2016/7/10 21:00,9.711999893,2.075999975,6.395999908,0.603999972,3.289999962,1.309999943,36.47679601238164
2016/7/10 22:00,9.979999542,3.08100009,7.0,1.315000057,2.862999916,1.309999943,33.575492632475544
2016/7/10 23:00,9.979999542,3.549999952,7.214000225,1.883000016,2.680000067,1.279000044,29.936682479304736
2016/7/11 0:00,13.59700012,5.357999802,8.989999771,2.700999975,4.873000145,1.797000051,28.125673576004132
2016/7/11 1:00,13.59700012,4.889999866,8.493000031,1.91900003,4.568999767,1.674999952,28.11065180339743
2016/7/11 2:00,12.12300014,4.085999966,7.071000099,1.77699995,4.598999977,1.674999952,29.576204102646333
2016/7/11 3:00,11.98900032,3.951999903,7.568999767,1.598999977,4.477000237,1.735999942,30.949292263860098
2016/7/11 4:00,11.98900032,4.21999979,7.568999767,1.598999977,4.355999947,1.91900003,30.897203222328944
2016/7/11 5:00,12.99400043,4.421000004,7.853000164,1.598999977,4.568999767,1.674999952,30.993960397232545
2016/7/11 6:00,13.79800034,4.085999966,8.137999535,2.096999884,5.269000053,1.76699996,28.360744031909164
2016/7/11 7:00,12.99400043,4.152999878,8.173000336,2.025000095,5.208000183,1.888000011,28.30672899670508
2016/7/11 8:00,9.979999542,3.818000078,7.249000072,1.56400001,2.894000053,1.432000041,33.353917345913274
2016/7/11 9:00,10.11400032,3.88499999,6.644999981,1.669999957,2.772000074,1.371000051,30.098106642751045
2016/7/11 10:00,9.845999718,3.348999977,6.787000179,1.812000036,2.405999899,1.491999984,27.725732308178777
2016/7/11 11:00,10.98499966,3.617000103,7.143000126,1.598999977,3.503000021,1.371000051,33.50177562559808
2016/7/11 12:00,8.371999741,2.812999964,5.507999897,0.569000006,2.680000067,1.218000054,32.99300003
2016/7/11 13:00,8.907999992,2.880000114,5.791999817,0.745999992,2.588999987,1.187999964,32.74541287332163
2016/7/11 14:00,9.041999817,3.013999939,6.289999962,0.995000005,2.588999987,1.279000044,32.07994710944898
2016/7/11 15:00,9.243000031,3.214999914,6.361000061,1.031000018,2.680000067,1.156999946,32.39966986547417
2016/7/11 16:00,8.23900032,2.812999964,5.721000195,1.243999958,2.528000116,1.248999953,28.246222460926155
2016/7/11 17:00,8.975000381,2.880000114,5.934000015,1.243999958,3.015000105,1.248999953,31.184487166489376
2016/7/11 18:00,8.505999565,2.344000101,5.578999996,0.745999992,2.894000053,1.156999946,35.83701647965526
2016/7/11 19:00,7.836999893,2.075999975,5.223999977,0.532999992,2.588999987,1.126999974,32.06533881789461
2016/7/11 20:00,9.175999641,1.942000031,6.183000088,0.603999972,2.894000053,0.975000024,36.256259356509474
2016/7/11 21:00,9.175999641,2.009000063,6.218999863,0.603999972,2.954999924,0.975000024,36.24032364646982
2016/7/11 22:00,8.371999741,3.013999939,6.289999962,1.207999945,2.437000036,0.944000006,27.926608444279427
2016/7/11 23:00,10.91800022,3.549999952,9.026000023,2.309999943,2.131999969,0.883000016,25.893535561193474
2016/7/12 0:00,11.52099991,3.549999952,9.593999863,2.309999943,1.980000019,0.822000027,25.683128311967543
2016/7/12 1:00,11.52099991,4.152999878,9.593999863,2.700999975,1.735999942,0.670000017,25.016670417775394
2016/7/12 2:00,12.12300014,4.554999828,10.3409996,3.482000113,1.827999949,0.791999996,25.26807961608966
2016/7/12 3:00,11.92199993,4.085999966,10.16300011,2.948999882,1.797000051,0.822000027,25.285991688130267
2016/7/12 4:00,11.72099972,3.818000078,9.522999763,2.451999903,1.797000051,0.822000027,25.101831772137924
2016/7/12 5:00,11.11900043,3.348999977,8.918999672,2.415999889,2.101999998,0.883000016,25.873932084933408
2016/7/12 6:00,11.11900043,3.818000078,8.635000229,1.84800005,2.559000015,1.036000013,29.586001952405613
2016/7/12 7:00,9.444000244,2.27699995,6.894000053,1.386000037,2.00999999,0.731000006,25.928742082247453
2016/7/12 8:00,8.706999779,3.08100009,6.681000233,1.598999977,2.375999928,1.065999985,27.531360908945636
2016/7/12 9:00,8.907999992,2.411000013,6.467000008,1.527999997,2.405999899,0.975000024,27.796064697515497
2016/7/12 10:00,10.11400032,2.678999901,6.965000153,1.421000004,2.862999916,1.187999964,36.36899948
2016/7/12 11:00,10.85099983,3.013999939,7.320000172,1.77699995,3.349999905,1.126999974,33.25573520211575
2016/7/12 12:00,9.376999855,1.875,6.005000114,0.958999991,2.894000053,1.156999946,36.08800125
2016/7/12 13:00,9.779000282,2.344000101,6.254000187,0.497000009,2.862999916,1.097000003,35.7877116137391
2016/7/12 14:00,9.51099968,2.009000063,6.467000008,0.958999991,2.862999916,1.218000054,38.4090004
2016/7/12 15:00,9.243000031,2.812999964,6.822999954,0.888000011,2.618999958,1.309999943,32.327867769954025
2016/7/12 16:00,8.774000168,1.942000031,6.111999989,0.462000012,2.710999966,1.126999974,34.47465400864419
2016/7/12 17:00,9.645000458,2.678999901,6.395999908,1.136999965,3.075999975,1.156999946,31.04734723974528
2016/7/12 18:00,9.109000206,2.142999887,5.96999979,0.603999972,3.107000113,1.097000003,36.2211267664741
2016/7/12 19:00,8.572999954,1.875,5.507999897,0.462000012,3.075999975,1.065999985,33.90285272455962
2016/7/12 20:00,10.85099983,2.142999887,7.143000126,0.532999992,3.746000051,1.097000003,36.01800156
2016/7/12 21:00,10.98499966,2.142999887,7.284999847,0.603999972,3.746000051,1.065999985,36.152332098218935
2016/7/12 22:00,12.79300022,2.746000051,9.807999611,1.70599997,3.259000063,0.913999975,32.66772107147159
2016/7/12 23:00,16.00799942,5.69299984,13.11200047,3.482000113,2.832999945,1.004999995,32.07347810454679
2016/7/13 0:00,19.15600014,6.229000092,13.71700001,4.014999866,5.026000023,1.523000002,32.21409732571889
2016/7/13 1:00,16.81200027,5.894000053,12.18900013,3.411000013,4.873000145,1.462000012,32.34538428009227
2016/7/13 2:00,17.61599922,5.960999966,12.72200012,3.588999987,4.721000195,1.491999984,32.62339746340052
2016/7/13 3:00,16.34300041,5.760000229,11.37100029,2.948999882,4.477000237,1.491999984,26.13230728228566
2016/7/13 4:00,18.01799965,7.099999905,13.46800041,3.90899992,4.477000237,1.523000002,32.18975101855763
2016/7/13 5:00,18.15200043,7.032999992,13.39700031,4.086999893,4.659999847,1.523000002,32.20751881011271
2016/7/13 6:00,16.20899963,4.822999954,10.51799965,2.700999975,5.056000233,1.552999973,27.916015668731635
2016/7/13 7:00,13.4630003,4.085999966,8.065999985,1.457000017,5.238999844,1.827999949,34.26953041272809
2016/7/13 8:00,10.31499958,3.415999889,6.928999901,1.315000057,2.802000046,1.462000012,33.38149581099256
2016/7/13 9:00,8.840999603,3.148000002,6.751999855,1.457000017,2.040999889,1.126999974,26.243789083192393
2016/7/13 10:00,10.24800014,3.282000065,6.610000134,1.172999978,3.107000113,1.309999943,30.152012101949786
2016/7/13 11:00,8.572999954,2.009000063,6.502999783,0.852999985,2.163000107,1.065999985,31.591657352167896
2016/7/13 12:00,8.774000168,2.142999887,5.721000195,0.425999999,2.650000095,1.004999995,33.07143820863864
2016/7/13 13:00,9.51099968,1.60800004,6.040999889,0.425999999,2.862999916,1.097000003,35.06863247399748
2016/7/13 14:00,8.774000168,2.075999975,6.040999889,0.816999972,2.375999928,1.004999995,31.46732316049166
2016/7/13 15:00,9.31000042,2.142999887,6.218999863,0.995000005,2.924000025,1.126999974,34.533346584919244
2016/7/13 16:00,8.305999756,2.27699995,5.721000195,0.924000025,2.618999958,1.097000003,31.63946916903735
2016/7/13 17:00,8.975000381,2.27699995,5.96999979,0.782000005,3.015000105,1.279000044,38.26900101
2016/7/13 18:00,8.840999603,2.142999887,5.721000195,0.603999972,3.107000113,1.126999974,35.875219691341705
2016/7/13 19:00,9.041999817,2.344000101,5.862999916,0.603999972,3.441999912,1.126999974,36.290357666802265
2016/7/13 20:00,11.25300026,2.611999989,7.177999973,0.852999985,4.111999989,1.187999964,36.223021420913945
2016/7/13 21:00,11.98900032,3.415999889,8.598999977,2.167999983,3.928999901,1.187999964,30.49859043136503
2016/7/13 22:00,12.52499962,3.818000078,9.630000114,1.598999977,3.259000063,0.975000024,32.5447052677451
2016/7/13 23:00,13.59700012,4.622000217,10.97999954,2.842999935,3.107000113,1.065999985,30.255567940777766
2016/7/14 0:00,14.60200024,5.357999802,11.19400024,2.878000021,2.862999916,1.036000013,30.41273006101642
2016/7/14 1:00,13.4630003,4.554999828,10.8739996,2.984999895,2.467000008,0.883000016,29.510261460734867
2016/7/14 2:00,12.25699997,3.88499999,9.522999763,2.131999969,2.467000008,0.944000006,28.681684215047365
2016/7/14 3:00,12.25699997,4.68900013,10.66100025,2.984999895,2.253999949,0.913999975,34.68099976
2016/7/14 4:00,11.5880003,3.684000015,8.847999573,1.70599997,2.101999998,0.883000016,26.007467819733805
2016/7/14 5:00,11.92199993,3.348999977,9.274999619,1.99000001,2.101999998,0.883000016,26.028955240336558
2016/7/14 6:00,11.52099991,3.684000015,9.559000015,2.273999929,2.528000116,0.944000006,27.47508342560958
2016/7/14 7:00,8.774000168,2.678999901,5.862999916,1.136999965,2.315000057,1.065999985,27.771670004970733
2016/7/14 8:00,7.971000195,3.08100009,5.96999979,1.598999977,2.375999928,1.279000044,27.91567957983234
2016/7/14 9:00,8.305999756,2.411000013,5.862999916,1.279000044,2.375999928,1.156999946,27.862011644069288
2016/7/14 10:00,9.376999855,2.344000101,6.502999783,1.172999978,2.802000046,1.248999953,31.658917670949286
2016/7/14 11:00,10.04699993,3.148000002,6.857999802,0.782000005,3.167999983,1.097000003,37.29399449205652
2016/7/14 12:00,8.23900032,2.075999975,5.68599987,0.391000003,2.588999987,1.036000013,33.208941091473605
2016/7/14 13:00,8.305999756,2.27699995,6.005000114,0.852999985,2.650000095,0.975000024,31.451353496825472
2016/7/14 14:00,7.903999805,2.210000038,5.401000023,0.782000005,2.467000008,1.036000013,31.344519402808825
2016/7/14 15:00,12.18999958,4.68900013,10.02099991,2.559000015,2.253999949,0.913999975,29.7895634156995
2016/7/14 16:00,7.836999893,1.541000009,5.295000076,0.675000012,2.467000008,1.279000044,32.203393945113504
2016/7/14 17:00,7.903999805,1.60800004,4.619999886,-0.107000001,3.167999983,1.126999974,34.75099945
2016/7/14 18:00,6.429999828,0.938000023,3.980000019,-0.284000009,2.467000008,1.126999974,30.227468902070243
2016/7/14 19:00,7.836999893,1.340000033,5.188000202,0.035999998,2.710999966,1.065999985,32.776191846490256
2016/7/14 20:00,8.975000381,1.406999946,5.68599987,0.035999998,3.259000063,0.975000024,34.593255320428874
2016/7/14 21:00,8.305999756,0.670000017,5.223999977,-0.425999999,3.107000113,0.975000024,29.96800041
2016/7/14 22:00,8.104999542,0.80400002,5.436999798,-0.319999993,2.650000095,0.883000016,32.83625456309969
2016/7/14 23:00,10.11400032,2.545000076,7.639999866,1.136999965,2.588999987,0.913999975,31.54864843110761
2016/7/15 0:00,13.19499969,4.019000053,8.421999931,2.096999884,4.782000065,1.462000012,27.023732599571595
2016/7/15 1:00,13.32900047,4.287000179,8.279999733,1.953999996,4.447000027,1.309999943,30.65979716091589
2016/7/15 2:00,13.86499977,4.354000092,8.989999771,1.812000036,4.263999939,1.309999943,33.34400177
2016/7/15 3:00,11.98900032,3.214999914,7.710999966,1.421000004,4.142000198,1.340000033,33.62721417663424
2016/7/15 4:00,11.85499954,3.415999889,7.106999874,0.782000005,4.234000206,1.432000041,37.66929760920446
2016/7/15 5:00,11.85499954,2.678999901,7.498000145,0.958999991,4.386000156,1.340000033,36.740437429954845
2016/7/15 6:00,11.11900043,2.009000063,6.361000061,0.603999972,4.873000145,1.462000012,35.89457064173752
2016/7/15 7:00,11.98900032,2.947000027,6.005000114,0.782000005,4.994999886,1.674999952,36.58880391127267
2016/7/15 8:00,8.975000381,2.344000101,6.183000088,0.888000011,2.559000015,1.279000044,31.843256314450237
2016/7/15 9:00,9.51099968,3.013999939,7.035999775,1.953999996,2.375999928,1.097000003,27.15772521852676
2016/7/15 10:00,10.11400032,3.549999952,6.965000153,1.56400001,2.954999924,1.432000041,33.49066685764661
2016/7/15 11:00,10.31499958,3.617000103,7.320000172,1.101999998,3.289999962,1.097000003,32.92491389061116
2016/7/15 12:00,8.640000343,2.27699995,5.721000195,0.391000003,2.588999987,0.975000024,33.01701954557453
2016/7/15 13:00,8.907999992,2.477999926,6.111999989,0.816999972,2.618999958,1.126999974,31.793582471668056
2016/7/15 14:00,9.31000042,2.545000076,6.361000061,0.816999972,2.528000116,1.156999946,32.01654694502763
2016/7/15 15:00,8.171999931,2.27699995,5.791999817,1.065999985,2.223999977,1.097000003,27.65874055064398
2016/7/15 16:00,7.836999893,2.210000038,5.507999897,0.782000005,2.680000067,1.156999946,31.797045838560102
2016/7/15 17:00,8.505999565,2.210000038,5.578999996,0.497000009,3.229000092,1.401000023,34.63322573303158
2016/7/15 18:00,7.234000206,1.340000033,4.619999886,0.0,2.588999987,1.097000003,28.60191867151428
2016/7/15 19:00,6.96600008,1.139000058,4.441999912,-0.035999998,2.467000008,0.975000024,28.314036972529106
2016/7/15 20:00,7.166999817,1.139000058,4.762000084,0.0,2.437000036,0.852999985,22.0890007
2016/7/15 21:00,8.371999741,2.947000027,6.218999863,1.207999945,2.437000036,1.036000013,27.875006534416443
2016/7/15 22:00,9.109000206,2.210000038,7.568999767,0.958999991,2.00999999,0.883000016,25.74699974
2016/7/15 23:00,8.907999992,2.678999901,7.639999866,1.527999997,1.949000001,0.883000016,26.297732115365115
2016/7/16 0:00,8.505999565,2.210000038,6.644999981,0.782000005,1.644999981,0.852999985,29.085554154847078
2016/7/16 1:00,10.04699993,3.08100009,8.031000137,1.669999957,1.735999942,0.822000027,24.193694402681068
2016/7/16 2:00,10.85099983,3.750999928,8.741999626,1.99000001,1.462000012,0.760999978,23.92146764607966
2016/7/16 3:00,8.907999992,2.947000027,7.639999866,1.598999977,1.491999984,0.791999996,23.046836713129423
2016/7/16 4:00,9.51099968,2.009000063,7.320000172,1.065999985,1.371000051,0.670000017,27.932866366602106
2016/7/16 5:00,9.578000069,2.477999926,7.853000164,0.958999991,1.644999981,0.670000017,28.656187498862707
2016/7/16 6:00,9.645000458,2.210000038,7.604000092,0.782000005,2.163000107,0.731000006,32.66591541524283
2016/7/16 7:00,6.229000092,1.875,4.122000217,0.354999989,2.131999969,1.004999995,27.33254651093854
2016/7/16 8:00,6.96600008,2.746000051,4.93900013,0.711000025,2.101999998,1.065999985,25.810619764926503
2016/7/16 9:00,7.301000118,1.60800004,5.117000103,0.319999993,2.101999998,0.975000024,27.983648830971607
2016/7/16 10:00,8.840999603,2.27699995,6.395999908,0.958999991,2.588999987,1.126999974,31.764396876184943
2016/7/16 11:00,9.243000031,2.142999887,6.43200016,0.995000005,3.015000105,1.156999946,34.73111638477881
2016/7/16 12:00,6.429999828,1.273000002,4.263999939,0.284000009,2.345000029,1.004999995,27.806311951933615
2016/7/16 13:00,6.697999954,2.27699995,4.547999859,0.354999989,2.253999949,1.036000013,27.100231131386565
2016/7/16 14:00,7.769999981,2.678999901,4.93900013,1.207999945,2.193000078,1.097000003,26.735423355454113
2016/7/16 15:00,8.104999542,2.344000101,5.828000069,1.065999985,2.193000078,1.065999985,27.525752789249125
2016/7/16 16:00,7.099999905,2.142999887,5.329999924,1.350000024,2.131999969,1.065999985,21.450573434999857
2016/7/16 17:00,7.836999893,2.210000038,5.366000175,0.958999991,2.528000116,1.036000013,31.285836470797744
2016/7/16 18:00,7.301000118,1.741000056,4.477000237,0.354999989,2.528000116,1.097000003,27.910397580730496
2016/7/16 19:00,6.697999954,1.20599997,4.229000092,-0.035999998,2.405999899,1.004999995,28.201346333883695
2016/7/16 20:00,7.836999893,1.20599997,4.974999905,0.0,2.862999916,0.975000024,33.02262744433439
2016/7/16 21:00,7.434999943,1.273000002,4.584000111,-0.354999989,2.650000095,0.975000024,29.80376608647477
2016/7/16 22:00,8.104999542,2.009000063,6.005000114,0.958999991,2.253999949,0.852999985,31.41921443065336
2016/7/16 23:00,7.836999893,1.807999969,5.366000175,0.782000005,2.071000099,0.883000016,31.73625694950334
2016/7/17 0:00,10.18099976,2.746000051,8.598999977,1.669999957,1.91900003,0.852999985,24.973023291192973
2016/7/17 1:00,10.04699993,2.947000027,8.173000336,1.598999977,1.827999949,0.883000016,24.441147042696425
2016/7/17 2:00,9.779000282,3.08100009,7.747000217,2.131999969,1.735999942,0.822000027,22.936378692722897
2016/7/17 3:00,8.43900013,2.27699995,6.787000179,1.207999945,1.583999991,0.760999978,23.109767515973264
2016/7/17 4:00,9.041999817,1.942000031,7.604000092,1.491999984,1.552999973,0.700999975,31.86700058
2016/7/17 5:00,9.31000042,2.210000038,7.568999767,1.243999958,1.85800004,0.975000024,23.8547606968327
2016/7/17 6:00,11.45400047,3.214999914,8.883999825,1.421000004,2.437000036,0.791999996,27.575541611135467
2016/7/17 7:00,7.703000069,2.009000063,5.68599987,0.711000025,2.375999928,1.065999985,31.538005387767154
2016/7/17 8:00,7.836999893,2.210000038,5.650000095,0.745999992,2.345000029,1.036000013,31.749251851067452
2016/7/17 9:00,7.769999981,2.142999887,5.366000175,1.101999998,2.650000095,1.248999953,29.01003371793817
2016/7/17 10:00,9.175999641,3.08100009,6.43200016,1.172999978,2.894000053,1.218000054,31.361833214045106
2016/7/17 11:00,9.645000458,2.477999926,6.610000134,1.350000024,3.107000113,1.004999995,30.876356720418865
2016/7/17 12:00,7.636000156,1.807999969,5.188000202,0.248999998,2.405999899,0.975000024,31.38245169604115
2016/7/17 13:00,8.038000107,1.541000009,5.010000229,0.497000009,2.437000036,1.036000013,32.448560728650136
2016/7/17 14:00,8.371999741,2.411000013,6.147999763,1.031000018,2.193000078,0.975000024,28.170207953113618
2016/7/17 15:00,8.371999741,2.344000101,5.899000168,0.852999985,2.345000029,1.065999985,31.703602934353363
2016/7/17 16:00,7.703000069,2.142999887,5.472000122,1.065999985,2.223999977,0.975000024,27.41018576979663
2016/7/17 17:00,8.505999565,2.545000076,5.791999817,1.172999978,2.710999966,1.126999974,30.829050279826728
2016/7/17 18:00,8.305999756,1.942000031,5.543000221,0.532999992,2.710999966,1.097000003,37.00299835
2016/7/17 19:00,8.104999542,1.674000025,5.366000175,0.319999993,2.710999966,1.065999985,33.25019221853851
2016/7/17 20:00,9.913000107,1.674000025,6.395999908,0.284000009,3.381000042,0.975000024,35.691046378762294
2016/7/17 21:00,10.24800014,0.536000013,6.502999783,-0.745999992,3.289999962,0.913999975,36.069207488822904
2016/7/17 22:00,12.45800018,3.684000015,9.807999611,2.131999969,2.528000116,0.822000027,28.650419852093993
2016/7/17 23:00,14.2670002,4.287000179,11.65499973,2.878000021,2.467000008,0.760999978,28.8028025044123
2016/7/18 0:00,14.53499985,3.951999903,10.16300011,2.061000109,4.568999767,1.340000033,29.861606889347136
2016/7/18 1:00,15.8739996,5.157000065,11.37100029,2.772000074,4.355999947,1.309999943,29.73037812602411
2016/7/18 2:00,15.13700008,4.152999878,10.09200001,2.167999983,4.447000027,1.401000023,29.996952252311953
2016/7/18 3:00,14.46800041,4.21999979,9.593999863,2.131999969,4.324999809,1.462000012,26.279056829039124
2016/7/18 4:00,12.18999958,3.282000065,7.923999786,0.888000011,4.172999859,1.340000033,37.7951537085322
2016/7/18 5:00,12.79300022,2.746000051,8.244000435,0.958999991,4.416999817,1.371000051,40.076758721748796
2016/7/18 6:00,13.19499969,2.947000027,8.635000229,1.031000018,4.751999855,1.401000023,36.5848322028801
2016/7/18 7:00,13.59700012,4.152999878,8.635000229,1.279000044,4.903999805,1.674999952,34.15779039800052
2016/7/18 8:00,9.913000107,2.545000076,7.710999966,1.207999945,2.588999987,1.126999974,31.924501851330255
2016/7/18 9:00,8.104999542,1.942000031,6.111999989,0.603999972,2.375999928,1.309999943,33.20458529322959
2016/7/18 10:00,8.975000381,2.880000114,6.43200016,0.852999985,2.772000074,1.279000044,37.48621821492447
2016/7/18 11:00,9.31000042,3.08100009,6.43200016,1.031000018,3.229000092,1.279000044,36.29899979
2016/7/18 12:00,7.636000156,1.674000025,5.046000004,0.284000009,2.437000036,1.036000013,31.463004707899845
2016/7/18 13:00,8.23900032,2.075999975,5.68599987,0.639999986,2.345000029,0.913999975,34.22875080385185
2016/7/18 14:00,8.706999779,2.009000063,6.43200016,0.745999992,2.437000036,1.004999995,32.64085732195259
2016/7/18 15:00,7.903999805,2.27699995,5.436999798,0.675000012,2.832999945,1.126999974,33.83043690321292
2016/7/18 16:00,8.43900013,1.741000056,5.578999996,0.462000012,2.802000046,1.156999946,34.47317866790982
2016/7/18 17:00,8.505999565,2.075999975,5.472000122,0.497000009,3.015000105,1.309999943,33.754541590414995
2016/7/18 18:00,8.371999741,1.942000031,5.543000221,0.391000003,3.289999962,1.340000033,34.22520928504239
2016/7/18 19:00,8.171999931,1.741000056,5.329999924,0.319999993,2.832999945,1.036000013,33.533688844042004
2016/7/18 20:00,10.51599979,2.075999975,6.822999954,0.497000009,3.686000109,1.126999974,36.0534322006039
2016/7/18 21:00,11.45400047,1.674000025,8.065999985,0.178000003,3.563999891,1.156999946,33.55599976
2016/7/18 22:00,12.45800018,3.415999889,9.949999809,1.77699995,2.862999916,0.883000016,32.47944116664448
2016/7/18 23:00,12.05599976,3.348999977,10.05599976,1.77699995,2.437000036,0.883000016,28.034161711461003
2016/7/19 0:00,13.59700012,4.085999966,11.37100029,2.486999989,2.315000057,0.852999985,28.828394777050427
2016/7/19 1:00,13.79800034,4.085999966,11.30000019,3.163000107,1.827999949,0.670000017,25.12789117433369
2016/7/19 2:00,12.72599983,4.354000092,10.8380003,2.486999989,1.827999949,0.670000017,25.175316123033372
2016/7/19 3:00,11.38700008,3.214999914,9.593999863,2.381000042,1.70599997,0.731000006,25.009908368419072
2016/7/19 4:00,12.52499962,4.152999878,10.5539999,2.203000069,1.70599997,1.004999995,25.409675557399215
2016/7/19 5:00,12.05599976,3.08100009,10.23400021,1.812000036,1.888000011,0.731000006,25.22700349482787
2016/7/19 6:00,10.7840004,2.545000076,8.777000427,1.065999985,2.253999949,0.913999975,27.307721212623104
2016/7/19 7:00,8.572999954,2.075999975,6.147999763,0.284000009,2.315000057,1.065999985,33.15857696432966
2016/7/19 8:00,8.706999779,2.545000076,5.578999996,1.56400001,2.618999958,1.126999974,29.76290680342886
2016/7/19 9:00,9.645000458,2.678999901,6.894000053,0.888000011,2.559000015,1.309999943,33.00786659421351
2016/7/19 10:00,9.645000458,2.477999926,6.751999855,0.782000005,3.107000113,1.036000013,36.89266453090585
2016/7/19 11:00,9.51099968,2.545000076,6.183000088,0.782000005,3.259000063,1.126999974,36.56859567587678
2016/7/19 12:00,7.703000069,1.807999969,4.903999805,0.354999989,2.253999949,0.852999985,31.046618823507707
2016/7/19 13:00,7.903999805,1.741000056,5.223999977,0.425999999,2.223999977,0.852999985,31.884367005195923
2016/7/19 14:00,7.501999855,1.473999977,5.791999817,0.711000025,2.040999889,0.852999985,31.51499939
2016/7/19 15:00,9.578000069,2.746000051,6.894000053,0.995000005,1.980000019,0.913999975,27.985791457453647
2016/7/19 16:00,7.903999805,2.075999975,5.507999897,0.852999985,2.740999937,1.279000044,34.47910639226352
2016/7/19 17:00,8.371999741,1.875,5.472000122,0.391000003,2.924000025,1.218000054,33.83490146108465
2016/7/19 18:00,7.836999893,1.674000025,4.974999905,0.178000003,2.710999966,1.065999985,33.06418914759467
2016/7/19 19:00,7.636000156,1.541000009,5.081999779,0.213,2.618999958,1.065999985,31.576324845018007
2016/7/19 20:00,9.645000458,1.541000009,6.361000061,0.462000012,3.319999933,1.065999985,35.48301880106253
2016/7/19 21:00,9.578000069,1.875,6.183000088,0.284000009,3.015000105,1.036000013,35.106966358109716
2016/7/19 22:00,8.43900013,1.807999969,5.934000015,0.745999992,2.345000029,0.731000006,32.64099884
2016/7/19 23:00,10.64999962,2.411000013,8.065999985,1.279000044,2.163000107,0.700999975,26.312579334884532
2016/7/20 0:00,13.52999973,4.019000053,8.208999634,1.56400001,4.568999767,1.401000023,32.00799942
2016/7/20 1:00,13.32900047,3.48300004,8.847999573,1.63499999,4.295000076,1.371000051,32.71512565041963
2016/7/20 2:00,12.25699997,2.947000027,7.960000038,1.598999977,4.234000206,1.279000044,32.689563011361756
2016/7/20 3:00,11.18599987,3.214999914,7.214000225,1.243999958,4.142000198,1.279000044,32.62857834026267
2016/7/20 4:00,11.78800011,1.942000031,7.0,0.816999972,4.203000069,1.309999943,36.919164711503356
2016/7/20 5:00,12.25699997,2.411000013,7.177999973,0.816999972,4.447000027,1.371000051,37.03275019840408
2016/7/20 6:00,13.12800026,3.415999889,8.031000137,1.065999985,4.903999805,1.491999984,35.24757735861589
2016/7/20 7:00,11.11900043,2.880000114,6.218999863,0.248999998,5.026000023,1.644999981,34.68099976
2016/7/20 8:00,8.038000107,2.142999887,5.791999817,0.995000005,2.618999958,1.097000003,31.43249423053164
2016/7/20 9:00,8.706999779,3.08100009,6.254000187,1.279000044,2.802000046,1.248999953,31.17463688595795
2016/7/20 10:00,10.38199997,2.812999964,7.071000099,1.243999958,2.710999966,1.156999946,32.299108916800584
2016/7/20 11:00,10.18099976,2.880000114,6.894000053,1.136999965,3.503000021,1.097000003,32.44913025052284
2016/7/20 12:00,8.038000107,1.942000031,5.650000095,0.391000003,2.528000116,0.944000006,33.20399857
2016/7/20 13:00,8.706999779,2.210000038,5.96999979,0.213,2.802000046,1.065999985,34.78621484968465
2016/7/20 14:00,9.376999855,2.210000038,6.71600008,1.065999985,2.680000067,1.187999964,32.20483179494304
2016/7/20 15:00,9.376999855,2.545000076,6.395999908,0.711000025,2.710999966,1.279000044,35.928121755720795
2016/7/20 16:00,8.505999565,2.075999975,5.791999817,0.675000012,2.650000095,1.279000044,33.46583091814495
2016/7/20 17:00,8.975000381,2.142999887,5.899000168,0.639999986,2.984999895,1.126999974,36.32439282702916
2016/7/20 18:00,9.041999817,1.807999969,5.721000195,0.284000009,2.862999916,1.156999946,34.77617177048805
2016/7/20 19:00,8.505999565,2.210000038,5.578999996,0.497000009,3.046000004,1.065999985,34.69303072919666
2016/7/20 20:00,11.98900032,2.27699995,7.498000145,0.354999989,4.507999897,1.248999953,36.70753734117015
2016/7/20 21:00,11.98900032,1.875,7.923999786,-0.142000005,4.172999859,1.097000003,36.45422163823521
2016/7/20 22:00,15.27099991,4.085999966,11.19400024,2.203000069,3.625,1.036000013,31.62406564266438
2016/7/20 23:00,14.93700027,4.085999966,10.9090004,2.345000029,3.046000004,1.156999946,35.73600006
2016/7/21 0:00,15.20400047,4.622000217,12.04599953,2.700999975,2.802000046,0.975000024,33.72912120272005
2016/7/21 1:00,16.94599915,5.357999802,14.67599964,4.122000217,2.588999987,0.913999975,35.31399918
2016/7/21 2:00,15.20400047,4.889999866,12.79300022,3.163000107,2.163000107,0.883000016,28.480973680123682
2016/7/21 3:00,13.93200016,5.090000153,11.90400028,3.197999954,2.131999969,0.883000016,28.63947905491193
2016/7/21 4:00,13.73099995,4.085999966,11.05099964,2.273999929,2.040999889,0.822000027,29.227261942413666
2016/7/21 5:00,13.52999973,3.148000002,11.37100029,1.669999957,2.193000078,0.822000027,29.208798011221358
2016/7/21 6:00,14.19999981,3.88499999,11.76200008,1.91900003,2.437000036,0.883000016,28.880815080653633
2016/7/21 7:00,13.79800034,4.21999979,11.37100029,1.883000016,2.559000015,1.097000003,28.999458741545535
2016/7/21 8:00,13.93200016,4.554999828,10.97999954,2.984999895,2.954999924,1.248999953,29.422424409740607
2016/7/21 9:00,12.92700005,4.554999828,9.593999863,2.167999983,2.772000074,1.279000044,29.09017927559872
2016/7/21 10:00,10.91800022,3.617000103,7.427000046,1.812000036,3.349999905,1.340000033,35.24399948
2016/7/21 11:00,11.52099991,3.348999977,8.031000137,1.491999984,3.319999933,1.248999953,33.06299973
2016/7/21 12:00,9.376999855,2.477999926,5.899000168,0.142000005,2.862999916,1.004999995,35.29855340893428
2016/7/21 13:00,10.04699993,2.411000013,7.106999874,0.639999986,3.015000105,1.036000013,36.29862830892697
2016/7/21 14:00,9.913000107,2.411000013,7.035999775,0.782000005,2.832999945,0.975000024,36.44632562914299
2016/7/21 15:00,8.23900032,1.340000033,5.96999979,0.569000006,2.071000099,0.760999978,34.12966469108034
2016/7/21 16:00,8.23900032,2.075999975,6.111999989,0.675000012,2.131999969,0.944000006,36.72100067
2016/7/21 17:00,9.376999855,2.210000038,6.218999863,0.603999972,3.349999905,1.401000023,36.49582363003787
2016/7/21 18:00,9.444000244,2.880000114,5.934000015,0.391000003,3.441999912,1.371000051,35.4619651022198
2016/7/21 19:00,8.907999992,1.60800004,5.68599987,0.178000003,3.167999983,1.097000003,34.71326870706454
2016/7/21 20:00,12.59200001,2.142999887,7.853000164,0.391000003,4.598999977,1.156999946,38.48346565847887
2016/7/21 21:00,14.53499985,3.88499999,10.44699955,1.84800005,4.842999935,1.248999953,31.66485052346171
2016/7/21 22:00,14.19999981,3.951999903,10.44699955,2.451999903,4.142000198,1.065999985,30.305689887224347
2016/7/21 23:00,15.06999969,5.022999763,11.12199974,3.092000008,3.806999922,1.097000003,29.651191990932965
2016/7/22 0:00,17.81699944,6.162000179,11.97500038,3.588999987,5.81799984,1.583999991,36.65100098
2016/7/22 1:00,18.15200043,6.296000004,13.07699966,3.696000099,5.269000053,1.491999984,32.327446780537855
2016/7/22 2:00,16.27599907,6.09499979,11.19400024,4.19299984,4.965000153,1.462000012,26.02725445800184
2016/7/22 3:00,15.27099991,5.290999889,9.772000313,2.451999903,4.813000202,1.401000023,30.24912165204109
2016/7/22 4:00,12.52499962,3.684000015,7.782000065,1.99000001,4.630000114,1.371000051,35.52500153
2016/7/22 5:00,13.32900047,4.421000004,8.31499958,2.025000095,4.873000145,1.401000023,30.704066190062772
2016/7/22 6:00,12.85999966,4.487999916,8.102000237,2.096999884,4.903999805,1.491999984,26.767244240728516
2016/7/22 7:00,12.32400036,4.019000053,7.427000046,2.486999989,4.903999805,1.76699996,28.029930170889426
2016/7/22 8:00,10.51599979,3.818000078,7.888999939,2.239000082,2.832999945,1.156999946,31.104977975983946
2016/7/22 9:00,11.92199993,4.889999866,8.847999573,2.948999882,2.832999945,1.218000054,30.319692977695404
2016/7/22 10:00,11.5880003,3.214999914,7.568999767,1.527999997,3.289999962,1.401000023,33.83760674294294
2016/7/22 11:00,11.5880003,3.08100009,7.676000118,1.136999965,3.77699995,1.279000044,32.792990157287534
2016/7/22 12:00,10.51599979,2.611999989,7.355999947,0.888000011,3.259000063,1.065999985,36.19925702980934
2016/7/22 13:00,11.5880003,2.142999887,7.249000072,0.782000005,3.746000051,1.248999953,37.49499893
2016/7/22 14:00,11.38700008,2.812999964,8.031000137,0.958999991,3.471999884,1.156999946,35.9989814257668
2016/7/22 15:00,11.11900043,2.142999887,7.320000172,0.852999985,3.137000084,1.218000054,36.294229509966115
2016/7/22 16:00,10.11400032,3.282000065,6.71600008,0.711000025,3.349999905,1.401000023,39.04299927
2016/7/22 17:00,10.51599979,2.812999964,7.106999874,1.065999985,3.806999922,1.401000023,35.42147059700439
2016/7/22 18:00,9.845999718,2.344000101,6.610000134,0.995000005,3.71600008,1.248999953,34.441637660125245
2016/7/22 19:00,9.845999718,2.009000063,6.361000061,0.391000003,3.563999891,1.218000054,35.69628975125569
2016/7/22 20:00,14.2670002,2.746000051,8.741999626,0.639999986,5.421999931,1.309999943,39.71718284779762
2016/7/22 21:00,14.66899967,1.942000031,8.847999573,0.497000009,5.513000011,1.279000044,39.609107041053925
2016/7/22 22:00,16.47699928,4.152999878,11.54899979,2.273999929,4.568999767,1.004999995,30.607652118450957
2016/7/22 23:00,14.80300045,2.947000027,9.949999809,1.172999978,4.203000069,1.126999974,32.43498678293657
2016/7/23 0:00,14.53499985,3.282000065,10.9090004,3.872999907,3.563999891,0.944000006,30.077948987802902
2016/7/23 1:00,13.66399956,4.354000092,10.5539999,2.096999884,3.259000063,0.913999975,26.95861728413023
2016/7/23 2:00,12.85999966,3.951999903,9.843000412,2.309999943,2.924000025,0.944000006,31.320879257564656
2016/7/23 3:00,13.32900047,4.152999878,10.73200035,2.061000109,2.680000067,0.883000016,29.32705278199479
2016/7/23 4:00,12.6590004,4.019000053,9.522999763,1.70599997,2.650000095,1.004999995,30.89609368247674
2016/7/23 5:00,11.72099972,3.282000065,8.954999924,1.883000016,2.650000095,0.975000024,29.961440294146122
2016/7/23 6:00,11.31999969,3.282000065,8.777000427,1.031000018,2.772000074,1.065999985,35.26064901414316
2016/7/23 7:00,11.92199993,4.019000053,9.31000042,2.381000042,2.680000067,1.126999974,29.691993861385825
2016/7/23 8:00,10.11400032,3.214999914,7.071000099,1.136999965,3.015000105,1.248999953,32.927972731593435
2016/7/23 9:00,11.11900043,3.549999952,7.960000038,1.491999984,3.046000004,1.523000002,40.73099899
2016/7/23 10:00,11.18599987,2.678999901,7.81799984,1.101999998,3.806999922,1.371000051,33.802803950393525
2016/7/23 11:00,11.78800011,2.880000114,7.782000065,0.995000005,4.111999989,1.279000044,35.96663339577758
2016/7/23 12:00,11.85499954,3.013999939,7.284999847,0.425999999,3.868000031,1.218000054,36.57909168438752
2016/7/23 13:00,12.72599983,3.013999939,7.923999786,0.888000011,4.142000198,1.097000003,38.77363260781699
2016/7/23 14:00,12.45800018,2.411000013,7.853000164,0.958999991,4.234000206,1.218000054,37.27207786447602
2016/7/23 15:00,12.12300014,2.210000038,7.81799984,0.782000005,3.77699995,1.126999974,36.642270594120596
2016/7/23 16:00,11.11900043,2.746000051,7.355999947,0.958999991,3.71600008,1.248999953,36.18177370026853
2016/7/23 17:00,11.31999969,3.214999914,7.710999966,1.065999985,3.898999929,1.279000044,35.37830260640569
2016/7/23 18:00,11.25300026,2.880000114,7.214000225,0.924000025,3.928999901,1.309999943,36.23644510471135
2016/7/23 19:00,11.25300026,2.344000101,7.355999947,0.816999972,3.928999901,1.065999985,36.3125277695026
2016/7/23 20:00,13.59700012,2.477999926,9.913999557,0.816999972,3.746000051,0.731000006,39.02676914067468
2016/7/23 21:00,16.07500076,3.48300004,10.02099991,0.675000012,5.96999979,1.340000033,43.491704001789024
2016/7/23 22:00,16.40999985,3.88499999,11.22900009,1.207999945,5.026000023,1.156999946,32.885267583719376
2016/7/23 23:00,16.20899963,3.951999903,11.44200039,1.63499999,4.690999985,1.126999974,32.168924940697785
2016/7/24 0:00,17.07999992,5.559000015,10.23400021,2.451999903,6.671000004,1.674999952,29.77664101986758
2016/7/24 1:00,18.21899986,4.889999866,12.04599953,2.131999969,6.427000046,1.674999952,38.4090004
2016/7/24 2:00,18.62000084,5.357999802,11.93999958,2.167999983,5.81799984,1.491999984,34.36973780047404
2016/7/24 3:00,17.75,5.357999802,11.37100029,2.700999975,5.604000092,1.613999963,29.593260779326375
2016/7/24 4:00,15.06999969,4.956999779,10.23400021,2.345000029,5.513000011,1.613999963,27.91635101826408
2016/7/24 5:00,16.1420002,4.756000042,10.66100025,1.812000036,5.482999802,1.70599997,29.532983925019693
2016/7/24 6:00,15.13700008,4.354000092,9.701000214,1.669999957,5.361000061,1.613999963,29.798931853966224
2016/7/24 7:00,15.53899956,4.956999779,9.807999611,2.273999929,5.329999924,1.735999942,27.98264536148865
2016/7/24 8:00,11.11900043,3.750999928,8.031000137,1.527999997,3.167999983,1.279000044,34.26679656827949
2016/7/24 9:00,11.72099972,4.085999966,8.208999634,1.598999977,3.107000113,1.309999943,32.51016057243145
2016/7/24 10:00,12.25699997,3.415999889,8.670999527,2.203000069,3.868000031,1.309999943,30.755594185072592
2016/7/24 11:00,12.92700005,3.415999889,8.741999626,1.491999984,4.507999897,1.340000033,33.87702656814567
2016/7/24 12:00,12.79300022,2.477999926,8.670999527,1.031000018,4.203000069,1.126999974,35.683532402414215
2016/7/24 13:00,14.19999981,3.750999928,9.416999817,1.491999984,4.813000202,1.279000044,33.84170990082117
2016/7/24 14:00,13.19499969,2.678999901,8.706000328,1.065999985,4.659999847,1.340000033,35.75883372841688
2016/7/24 15:00,12.52499962,3.617000103,8.527999878,0.995000005,4.172999859,1.248999953,35.83300744096641
2016/7/24 16:00,12.25699997,3.282000065,8.279999733,1.315000057,4.051000118,1.218000054,33.364744284422294
2016/7/24 17:00,12.18999958,3.214999914,8.031000137,1.243999958,4.234000206,1.340000033,33.222855578705136
2016/7/24 18:00,11.78800011,2.812999964,7.604000092,0.958999991,4.172999859,1.309999943,36.69993963470173
2016/7/24 19:00,13.19499969,3.415999889,8.598999977,1.491999984,4.630000114,1.401000023,33.92286934262382
2016/7/24 20:00,16.94599915,3.88499999,10.73200035,1.77699995,6.275000095,1.491999984,29.025095926827806
2016/7/24 21:00,17.2140007,3.348999977,10.625,0.745999992,6.610000134,1.583999991,42.456748956510324
2016/7/24 22:00,18.21899986,5.157000065,12.79300022,2.309999943,5.482999802,1.279000044,34.46820386963962
2016/7/24 23:00,17.95100021,5.022999763,12.89900017,2.736000061,5.086999893,1.309999943,33.82351834996092
2016/7/25 0:00,16.74500084,4.554999828,12.11699963,2.559000015,4.751999855,1.279000044,39.95700073
2016/7/25 1:00,16.27599907,4.152999878,11.79800034,2.415999889,4.111999989,1.187999964,30.731319468292412
2016/7/25 2:00,16.1420002,5.090000153,11.72700024,2.486999989,3.898999929,1.156999946,29.40056519934816
2016/7/25 3:00,15.13700008,4.085999966,11.12199974,2.381000042,3.471999884,1.248999953,32.39548349468758
2016/7/25 4:00,13.19499969,2.947000027,9.737000465,1.243999958,2.984999895,1.036000013,32.46526208835096
2016/7/25 5:00,12.6590004,3.282000065,9.204000473,1.527999997,2.862999916,1.004999995,33.35160931181147
2016/7/25 6:00,12.59200001,3.08100009,8.635000229,0.816999972,3.075999975,1.218000054,38.718117252930654
2016/7/25 7:00,5.022999763,1.741000056,1.457000017,0.319999993,3.137000084,1.340000033,29.997047305026978
2016/7/25 8:00,3.214999914,1.340000033,0.107000001,-0.071000002,3.046000004,1.309999943,30.9342636417707
2016/7/25 9:00,3.549999952,1.473999977,0.107000001,0.0,3.441999912,1.371000051,30.575656446069903
2016/7/25 10:00,4.019000053,1.273000002,0.142000005,0.0,3.838000059,1.218000054,42.13800049
2016/7/25 11:00,5.960999966,-0.40200001,2.559000015,-2.025000095,4.324999809,1.126999974,35.25352613419647
2016/7/25 12:00,13.93200016,1.674000025,8.918999672,0.319999993,4.386000156,1.156999946,39.2517468621923
2016/7/25 13:00,14.73600006,0.736999989,9.593999863,-1.527999997,4.965000153,1.248999953,39.54073949934427
2016/7/25 14:00,13.66399956,0.067000002,9.097000122,-1.741000056,4.659999847,1.218000054,39.26585085199784
2016/7/25 15:00,13.86499977,0.134000003,9.06099987,-1.953999996,4.416999817,1.097000003,39.28146944388015
2016/7/25 16:00,12.85999966,0.268000007,8.598999977,-1.527999997,4.234000206,1.248999953,39.164121547310145
2016/7/25 17:00,12.45800018,0.134000003,8.493000031,-1.63499999,4.051000118,1.187999964,37.471190373984214
2016/7/25 18:00,12.12300014,0.0,8.137999535,-1.812000036,4.111999989,1.248999953,36.258777589005106
2016/7/25 19:00,13.26200008,0.335000008,8.635000229,-1.63499999,4.659999847,1.401000023,41.86614907044213
2016/7/25 20:00,17.61599922,1.139000058,11.15799999,-1.243999958,6.548999786,1.523000002,40.56366140857327
2016/7/25 21:00,17.75,0.80400002,11.22900009,-1.527999997,6.487999916,1.613999963,39.994979336480945
2016/7/25 22:00,17.34799957,1.473999977,11.79800034,-0.711000025,5.635000229,1.371000051,41.95634407925876
2016/7/25 23:00,16.07500076,1.541000009,11.40699959,-0.816999972,4.782000065,1.156999946,39.50253233826821
2016/7/26 0:00,17.88400078,2.27699995,11.01599979,-0.354999989,6.730999947,1.674999952,40.42139372874194
2016/7/26 1:00,18.41900063,2.611999989,11.76200008,-0.248999998,6.487999916,1.644999981,40.44205020703872
2016/7/26 2:00,15.8739996,1.741000056,9.87899971,-0.532999992,6.183000088,1.70599997,41.10252092334649
2016/7/26 3:00,16.00799942,1.807999969,10.27000046,-1.207999945,5.787000179,1.644999981,40.98525583718137
2016/7/26 4:00,12.92700005,0.80400002,7.427000046,-2.167999983,5.452000141,1.491999984,40.00926278177524
2016/7/26 5:00,12.92700005,0.938000023,7.639999866,-2.167999983,5.269000053,1.432000041,40.272077825281634
2016/7/26 6:00,12.99400043,1.273000002,8.065999985,-0.995000005,5.117000103,1.644999981,38.26900101
2016/7/26 7:00,13.79800034,1.60800004,8.065999985,-1.243999958,5.117000103,1.735999942,39.88222993920066
2016/7/26 8:00,11.05200005,0.602999985,8.456999779,-1.350000024,2.862999916,1.248999953,37.170422971742624
2016/7/26 9:00,11.65499973,0.670000017,8.421999931,-0.782000005,2.862999916,1.126999974,39.11299896
2016/7/26 10:00,13.32900047,0.870999992,9.522999763,-0.995000005,3.503000021,1.126999974,39.249566803416904
2016/7/26 11:00,14.33399963,0.938000023,9.559000015,-1.491999984,4.081999779,1.065999985,39.354266575457395
2016/7/26 12:00,14.93700027,0.670000017,9.737000465,-0.391000003,4.538000107,1.097000003,39.32400131
2016/7/26 13:00,15.73999977,0.736999989,9.87899971,-1.741000056,5.208000183,1.309999943,39.83366249534697
2016/7/26 14:00,15.40499973,0.536000013,9.701000214,-1.953999996,5.026000023,1.248999953,39.57763273591035
2016/7/26 15:00,13.59700012,0.670000017,9.23900032,-1.598999977,4.477000237,1.097000003,39.25853552290818
2016/7/26 16:00,13.32900047,0.602999985,8.989999771,-0.888000011,4.295000076,1.248999953,39.2502091530314
2016/7/26 17:00,13.12800026,1.473999977,8.670999527,-0.675000012,4.447000027,1.309999943,39.22578576989881
2016/7/26 18:00,12.79300022,1.072000027,8.350999832,-0.745999992,4.386000156,1.371000051,41.51305546182824
2016/7/26 19:00,13.93200016,1.273000002,8.918999672,-0.711000025,5.026000023,1.401000023,42.84274545237727
2016/7/26 20:00,18.75399971,2.611999989,11.86900043,0.035999998,6.883999825,1.491999984,40.53734792078741
2016/7/26 21:00,16.81200027,1.473999977,10.80300045,-0.852999985,6.883999825,1.523000002,40.48299521605459
2016/7/26 22:00,17.48200035,3.08100009,11.69099998,0.639999986,5.725999832,1.371000051,42.420855816823824
2016/7/26 23:00,17.41500092,3.282000065,11.65499973,0.639999986,5.300000191,1.279000044,39.135220497321775
2016/7/27 0:00,16.6779995,2.545000076,11.65499973,0.639999986,4.842999935,1.187999964,39.49980237430634
2016/7/27 1:00,14.40100002,2.678999901,10.23400021,0.532999992,4.386000156,1.126999974,39.04004632415686
2016/7/27 2:00,14.46800041,1.807999969,10.23400021,0.569000006,4.051000118,1.065999985,39.48129187614769
2016/7/27 3:00,14.2670002,2.210000038,10.12699986,0.354999989,3.746000051,1.097000003,39.230440443936295
2016/7/27 4:00,14.06599998,2.075999975,10.23400021,0.391000003,3.349999905,1.004999995,40.30899811
2016/7/27 5:00,12.6590004,2.27699995,9.522999763,0.319999993,3.229000092,0.975000024,39.02388954635844
2016/7/27 6:00,13.19499969,1.807999969,9.559000015,-0.284000009,3.137000084,1.097000003,39.3508808338743
2016/7/27 7:00,11.65499973,1.473999977,7.853000164,-0.178000003,3.349999905,1.371000051,36.61138522309418
2016/7/27 8:00,12.12300014,1.741000056,8.031000137,-0.603999972,3.411000013,1.340000033,36.140737137870154
2016/7/27 9:00,12.6590004,1.807999969,8.31499958,-0.354999989,3.654999971,1.340000033,40.02700043
2016/7/27 10:00,14.93700027,2.075999975,9.807999611,0.0,4.355999947,1.432000041,40.95378321229226
2016/7/27 11:00,15.47200012,1.541000009,10.30500031,-0.035999998,4.994999886,1.309999943,39.80969402730648
2016/7/27 12:00,16.27599907,2.009000063,10.3409996,-0.711000025,5.208000183,1.309999943,39.798463949353206
2016/7/27 13:00,16.61100006,1.942000031,10.3760004,-0.603999972,5.635000229,1.340000033,41.45386548520865
2016/7/27 14:00,16.07500076,1.942000031,10.3760004,-0.354999989,5.208000183,1.340000033,41.37505616806486
2016/7/27 15:00,15.13700008,1.875,10.51799965,-0.213,4.751999855,1.279000044,39.54278907236505
2016/7/27 16:00,12.99400043,1.406999946,8.954999924,-0.284000009,4.111999989,1.279000044,39.23476084372933
2016/7/27 17:00,12.85999966,1.139000058,8.706000328,-0.603999972,4.172999859,1.126999974,39.22687433955013
2016/7/27 18:00,12.72599983,0.938000023,8.350999832,-0.888000011,4.295000076,1.279000044,39.192299154268746
2016/7/27 19:00,14.13300037,1.20599997,9.131999969,-0.816999972,5.147999763,1.371000051,41.819267326150495
2016/7/27 20:00,19.15600014,2.344000101,12.08199978,-0.178000003,7.097000122,1.583999991,40.465465693147415
2016/7/27 21:00,18.2859993,1.60800004,11.61999989,-0.782000005,6.671000004,1.552999973,39.74599838
2016/7/27 22:00,19.42399979,2.27699995,13.32600021,0.354999989,5.725999832,1.279000044,39.4911093613781
2016/7/27 23:00,19.29000092,3.684000015,14.71100044,1.065999985,5.147999763,1.218000054,39.60499954
2016/7/28 0:00,21.43400002,3.818000078,14.17800045,0.497000009,7.126999855,1.70599997,41.07195372032234
2016/7/28 1:00,19.55800056,3.951999903,13.07699966,0.569000006,6.730999947,1.735999942,42.033059548627314
2016/7/28 2:00,18.95499992,3.684000015,12.47299957,1.031000018,6.366000175,1.613999963,38.19318191488845
2016/7/28 3:00,16.81200027,2.477999926,10.8739996,-0.035999998,5.940000057,1.674999952,41.090697429980445
2016/7/28 4:00,17.28100014,2.812999964,11.58399963,0.354999989,5.696000099,1.523000002,41.134293642605826
2016/7/28 5:00,17.07999992,3.415999889,11.72700024,0.603999972,5.604000092,1.644999981,42.5294936054364
2016/7/28 6:00,14.66899967,1.674000025,8.954999924,-1.065999985,5.90899992,1.85800004,40.68992905960013
2016/7/28 7:00,14.93700027,2.545000076,8.847999573,0.0,5.604000092,1.85800004,41.284548165026074
2016/7/28 8:00,11.11900043,1.541000009,7.888999939,-0.639999986,3.289999962,1.309999943,35.94140220232592
2016/7/28 9:00,12.39099979,1.60800004,8.706000328,-0.142000005,3.625,1.309999943,36.69405052460223
2016/7/28 10:00,14.2670002,2.27699995,9.593999863,-0.142000005,4.172999859,1.371000051,41.1340602936042
2016/7/28 11:00,14.2670002,1.875,9.593999863,-0.284000009,4.751999855,1.371000051,41.254119913336105
2016/7/28 12:00,15.60599995,0.80400002,9.772000313,-1.101999998,5.117000103,1.279000044,39.57536820683051
2016/7/28 13:00,16.20899963,2.075999975,11.26500034,-0.391000003,5.725999832,1.371000051,41.31778966893919
2016/7/28 14:00,16.07500076,1.807999969,10.23400021,-0.639999986,5.452000141,1.401000023,42.2636873286141
2016/7/28 15:00,15.40499973,1.674000025,10.16300011,-0.569000006,5.086999893,1.340000033,41.48373915809014
2016/7/28 16:00,13.9989996,1.473999977,9.416999817,-0.391000003,4.630000114,1.279000044,39.337829982874794
2016/7/28 17:00,13.52999973,1.406999946,8.706000328,-0.745999992,4.782000065,1.401000023,44.95199966
2016/7/28 18:00,12.99400043,1.340000033,8.527999878,-0.603999972,4.507999897,1.462000012,41.78768640039769
2016/7/28 19:00,13.86499977,2.746000051,9.593999863,0.532999992,4.994999886,1.462000012,41.39276388544395
2016/7/28 20:00,18.95499992,3.415999889,11.76200008,0.603999972,7.097000122,1.552999973,42.32607669296466
2016/7/28 21:00,18.41900063,2.611999989,11.65499973,0.248999998,6.791999817,1.432000041,40.61524584644645
2016/7/28 22:00,17.48200035,3.818000078,11.54899979,0.888000011,6.031000137,1.432000041,42.866446772693806
2016/7/28 23:00,17.41500092,3.415999889,12.43700027,1.56400001,5.421999931,1.309999943,34.94753782654031
2016/7/29 0:00,17.2140007,4.152999878,12.57900047,1.812000036,5.056000233,1.309999943,34.72716018831969
2016/7/29 1:00,15.00399971,3.148000002,10.66100025,0.852999985,4.538000107,1.187999964,38.93067056925879
2016/7/29 2:00,15.3380003,3.617000103,10.9090004,1.99000001,4.081999779,1.126999974,32.231179635337824
2016/7/29 3:00,13.59700012,3.08100009,9.416999817,1.457000017,3.960000038,1.248999953,33.28433074373719
2016/7/29 4:00,12.92700005,2.947000027,9.416999817,1.136999965,3.471999884,1.156999946,32.569652486053535
2016/7/29 5:00,13.79800034,2.344000101,9.949999809,0.319999993,3.349999905,1.097000003,39.11579969779669
2016/7/29 6:00,11.31999969,2.611999989,7.923999786,0.497000009,3.411000013,1.371000051,36.08965791457881
2016/7/29 7:00,12.79300022,3.214999914,9.380999565,1.457000017,3.381000042,1.340000033,33.498566734273005
2016/7/29 8:00,11.31999969,2.812999964,7.747000217,0.675000012,3.471999884,1.432000041,36.136231304536864
2016/7/29 9:00,13.12800026,3.415999889,9.416999817,1.243999958,3.77699995,1.340000033,33.408710457542746
2016/7/29 10:00,14.53499985,2.947000027,9.487999916,0.888000011,4.386000156,1.432000041,41.5096614459619
2016/7/29 11:00,13.52999973,2.947000027,9.949999809,1.136999965,3.868000031,0.975000024,32.5181279435737
2016/7/29 12:00,15.80700016,2.880000114,10.19900036,0.532999992,5.300000191,1.371000051,41.588035086121735
2016/7/29 13:00,16.87899971,2.477999926,10.4119997,0.852999985,5.84800005,1.523000002,42.51668498854902
2016/7/29 14:00,15.60599995,2.545000076,10.30500031,0.639999986,5.604000092,1.401000023,42.541035743355316
2016/7/29 15:00,15.20400047,2.477999926,9.807999611,0.675000012,5.208000183,1.371000051,42.44840473606912
2016/7/29 16:00,14.60200024,3.148000002,9.522999763,0.852999985,5.117000103,1.552999973,42.01672379654496
2016/7/29 17:00,13.9989996,3.08100009,9.168000221,0.816999972,4.873000145,1.491999984,41.41275800484219
2016/7/29 18:00,13.06099987,2.210000038,8.493000031,0.319999993,4.568999767,1.371000051,41.349499266186875
2016/7/29 19:00,13.9989996,2.411000013,9.026000023,0.213,5.056000233,1.340000033,41.303778256541406
2016/7/29 20:00,19.15600014,1.674000025,11.83300018,-1.101999998,7.34100008,1.644999981,39.74599838
2016/7/29 21:00,19.0890007,1.139000058,11.93999958,-1.527999997,7.218999863,1.644999981,39.32400131
2016/7/29 22:00,20.29500008,2.947000027,14.49800014,0.178000003,6.610000134,1.552999973,40.48277305984044
2016/7/29 23:00,19.35700035,2.812999964,13.75199986,-0.071000002,5.96999979,1.491999984,41.01472867342239
2016/7/30 0:00,21.56800079,3.684000015,13.75199986,0.213,7.888999939,1.980000019,40.6874522236889
2016/7/30 1:00,21.03199959,3.684000015,13.75199986,0.425999999,7.40199995,1.797000051,40.881190359783034
2016/7/30 2:00,19.55800056,2.545000076,12.82800007,-0.035999998,6.974999905,1.888000011,40.539370258752065
2016/7/30 3:00,19.02199936,2.075999975,11.90400028,0.142000005,6.395999908,1.70599997,40.60691960563779
2016/7/30 4:00,17.61599922,3.013999939,11.40699959,-0.319999993,6.214000225,1.76699996,40.97329990109809
2016/7/30 5:00,17.01300049,2.545000076,11.12199974,-0.391000003,6.06099987,1.827999949,41.091556879380875
2016/7/30 6:00,16.40999985,2.344000101,10.4119997,-0.248999998,5.940000057,1.827999949,41.08871676224024
2016/7/30 7:00,16.47699928,4.421000004,10.4829998,1.101999998,5.879000187,1.980000019,34.53490640423829
2016/7/30 8:00,14.60200024,4.085999966,10.27000046,0.888000011,3.806999922,1.552999973,43.20643158302627
2016/7/30 9:00,13.26200008,2.746000051,9.168000221,0.425999999,4.295000076,1.552999973,40.93155400513785
2016/7/30 10:00,15.3380003,3.617000103,10.625,1.279000044,4.568999767,1.432000041,33.57872297773183
2016/7/30 11:00,16.34300041,3.549999952,10.66100025,0.782000005,5.300000191,1.583999991,45.23300171
2016/7/30 12:00,17.28100014,3.282000065,10.94499969,0.816999972,5.664999962,1.401000023,42.77304713350821
2016/7/30 13:00,17.75,2.746000051,11.30000019,0.782000005,6.152999878,1.491999984,42.69089888628385
2016/7/30 14:00,17.2140007,3.549999952,11.37100029,0.639999986,5.940000057,1.491999984,44.52999878
2016/7/30 15:00,16.47699928,2.678999901,10.27000046,0.391000003,5.482999802,1.462000012,41.24115027702369
2016/7/30 16:00,15.00399971,2.880000114,9.984999657,0.745999992,5.026000023,1.401000023,42.458058710244316
2016/7/30 17:00,14.40100002,2.344000101,9.23900032,0.425999999,4.994999886,1.432000041,41.235091497350766
2016/7/30 18:00,13.86499977,2.210000038,8.954999924,0.284000009,4.994999886,1.371000051,41.35772915110349
2016/7/30 19:00,11.11900043,2.009000063,9.131999969,0.425999999,1.888000011,0.731000006,35.04380484340581
2016/7/30 20:00,17.34799957,1.072000027,12.89900017,-0.675000012,4.234000206,0.975000024,39.75510561254921
2016/7/30 21:00,17.54899979,0.201000005,12.97000027,-1.812000036,4.538000107,1.065999985,39.54900733113786
2016/7/30 22:00,19.29000092,3.282000065,15.70600033,0.603999972,3.960000038,0.944000006,38.849130758644314
2016/7/30 23:00,20.96500015,3.684000015,16.41699982,1.243999958,5.300000191,1.309999943,36.530786226646384
2016/7/31 0:00,21.36700058,3.617000103,16.34600067,0.532999992,4.659999847,1.248999953,38.50996306244575
2016/7/31 1:00,21.36700058,3.617000103,16.34600067,0.532999992,4.659999847,1.248999953,38.50824738175206
2016/7/31 2:00,21.36700058,3.617000103,16.34600067,0.532999992,4.659999847,1.248999953,38.50656299648476
2016/7/31 3:00,21.36700058,3.617000103,16.34600067,0.532999992,4.659999847,1.248999953,38.50483687591373
2016/7/31 4:00,21.36700058,3.617000103,16.34600067,0.532999992,4.659999847,1.248999953,38.50299341841783
2016/7/31 5:00,21.36700058,3.617000103,16.34600067,0.532999992,4.659999847,1.248999953,38.50118078290606
2016/7/31 6:00,21.36700058,3.617000103,16.34600067,0.532999992,4.659999847,1.248999953,38.49927156189061
2016/7/31 7:00,21.36700058,3.617000103,16.34600067,0.532999992,4.659999847,1.248999953,38.49744679769755
2016/7/31 8:00,21.36700058,3.617000103,16.34600067,0.532999992,4.659999847,1.248999953,38.49534985676373
2016/7/31 9:00,21.36700058,3.617000103,16.34600067,0.532999992,4.659999847,1.248999953,38.49333095543861
2016/7/31 10:00,21.36700058,3.617000103,16.34600067,0.532999992,4.659999847,1.248999953,38.4911919011007
2016/7/31 11:00,21.36700058,3.617000103,16.34600067,0.532999992,4.659999847,1.248999953,38.489509414828404
2016/7/31 12:00,21.36700058,3.617000103,16.34600067,0.532999992,4.659999847,1.248999953,38.487293273873036
2016/7/31 13:00,21.36700058,3.617000103,16.34600067,0.532999992,4.659999847,1.248999953,38.485463731770466
2016/7/31 14:00,21.36700058,3.617000103,16.34600067,0.532999992,4.659999847,1.248999953,38.26900101
2016/7/31 15:00,21.36700058,3.617000103,16.34600067,0.532999992,4.659999847,1.248999953,38.48126807829217
2016/7/31 16:00,21.36700058,3.617000103,16.34600067,0.532999992,4.659999847,1.248999953,38.47977651101002
2016/7/31 17:00,21.36700058,3.617000103,16.34600067,0.532999992,4.659999847,1.248999953,38.4781666794002
2016/7/31 18:00,21.36700058,3.617000103,16.34600067,0.532999992,4.659999847,1.248999953,38.47635171921358
2016/7/31 19:00,21.36700058,3.617000103,16.34600067,0.532999992,4.659999847,1.248999953,38.47446717744991
2016/7/31 20:00,21.36700058,3.617000103,16.34600067,0.532999992,4.659999847,1.248999953,38.47269247362427
2016/7/31 21:00,21.36700058,3.617000103,16.34600067,0.532999992,4.659999847,1.248999953,38.47083420118805
2016/7/31 22:00,21.36700058,3.617000103,16.34600067,0.532999992,4.659999847,1.248999953,38.26900101
2016/7/31 23:00,21.36700058,3.617000103,16.34600067,0.532999992,4.659999847,1.248999953,38.47038313655119
2016/8/1 0:00,20.49600029,3.818000078,15.92000008,1.279000044,4.659999847,1.156999946,36.22900009
2016/8/1 1:00,19.69199944,3.951999903,15.45800018,1.457000017,4.263999939,1.065999985,35.80699921
2016/8/1 2:00,18.08499908,2.545000076,13.68099976,0.284000009,3.898999929,1.065999985,39.185831774499945
2016/8/1 3:00,18.21899986,2.812999964,14.71100044,0.745999992,3.77699995,1.218000054,38.991917305159625
2016/8/1 4:00,15.80700016,1.541000009,12.54399967,0.284000009,3.197999954,1.065999985,39.64973944603993
2016/8/1 5:00,16.07500076,2.477999926,13.71700001,0.425999999,3.075999975,0.975000024,39.46267278824003
2016/8/1 6:00,18.01799965,3.214999914,14.17800045,0.816999972,3.259000063,1.248999953,39.01044285288737
2016/8/1 7:00,15.94099998,5.157000065,12.72200012,2.664999962,3.107000113,1.248999953,33.744650070421464
2016/8/1 8:00,14.53499985,3.750999928,10.66100025,1.172999978,3.471999884,1.401000023,33.74929302168144
2016/8/1 9:00,11.98900032,2.142999887,8.102000237,0.497000009,3.197999954,1.218000054,34.61100006
2016/8/1 10:00,13.12800026,2.812999964,8.598999977,0.711000025,3.746000051,1.309999943,38.94529655042208
2016/8/1 11:00,13.39599991,2.746000051,8.847999573,0.319999993,4.386000156,1.248999953,38.89460024269513
2016/8/1 12:00,14.73600006,2.344000101,9.274999619,0.462000012,4.630000114,1.309999943,39.46926380888712
2016/8/1 13:00,15.60599995,2.812999964,10.05599976,0.603999972,5.208000183,1.279000044,39.32255916777845
2016/8/1 14:00,15.06999969,3.214999914,9.593999863,0.569000006,4.782000065,1.248999953,39.06424280880383
2016/8/1 15:00,13.73099995,2.142999887,9.487999916,0.248999998,4.386000156,1.248999953,38.12799835
2016/8/1 16:00,12.72599983,2.27699995,8.493000031,0.391000003,4.234000206,1.248999953,38.969650927851404
2016/8/1 17:00,12.6590004,2.411000013,8.598999977,0.603999972,4.051000118,1.309999943,38.98647432062915
2016/8/1 18:00,10.71700001,1.473999977,6.610000134,-0.178000003,4.051000118,1.279000044,36.001635140760364
2016/8/1 19:00,11.98900032,1.674000025,7.853000164,0.0,4.172999859,1.279000044,36.6010548023495
2016/8/1 20:00,18.01799965,1.273000002,11.72700024,-1.243999958,6.395999908,1.462000012,40.52378123823632
2016/8/1 21:00,19.29000092,1.541000009,13.46800041,-1.031000018,6.456999779,1.462000012,40.399535156393306
2016/8/1 22:00,18.5529995,1.674000025,13.11200047,-0.425999999,5.544000149,1.371000051,41.42111392032788
2016/8/1 23:00,19.95999908,3.88499999,14.99600029,1.101999998,5.361000061,1.432000041,38.23059440843042
2016/8/2 0:00,22.30400085,3.214999914,15.13799953,0.354999989,7.218999863,1.980000019,40.82247936513063
2016/8/2 1:00,20.83099937,3.684000015,14.35599995,0.711000025,6.671000004,1.70599997,42.75862007610069
2016/8/2 2:00,21.29999924,3.88499999,14.56900024,0.816999972,6.395999908,1.644999981,42.76491174676566
2016/8/2 3:00,19.29000092,4.956999779,13.36100006,1.99000001,6.214000225,1.76699996,35.97270999136969
2016/8/2 4:00,19.0890007,5.022999763,13.46800041,2.381000042,5.725999832,1.613999963,34.67759848727476
2016/8/2 5:00,18.41900063,5.157000065,12.97000027,2.131999969,5.664999962,1.735999942,36.364306020241955
2016/8/2 6:00,16.61100006,4.354000092,11.05099964,1.279000044,5.725999832,1.76699996,34.18899918
2016/8/2 7:00,16.07500076,4.554999828,11.22900009,2.273999929,4.903999805,1.70599997,28.149422808334023
2016/8/2 8:00,13.26200008,4.21999979,10.19900036,2.203000069,3.289999962,1.552999973,28.88840154996305
2016/8/2 9:00,12.6590004,2.411000013,9.168000221,0.425999999,3.441999912,1.371000051,41.01268650439862
2016/8/2 10:00,13.4630003,3.214999914,9.380999565,0.958999991,4.386000156,1.523000002,40.65412315337198
2016/8/2 11:00,14.2670002,2.411000013,9.487999916,0.319999993,4.782000065,1.432000041,41.18111097503899
2016/8/2 12:00,14.80300045,2.411000013,9.843000412,0.532999992,4.873000145,1.309999943,39.50355196153556
2016/8/2 13:00,14.46800041,2.210000038,9.843000412,0.603999972,4.751999855,1.309999943,39.435025768547796
2016/8/2 14:00,12.05599976,1.473999977,7.994999886,-0.213,4.172999859,1.340000033,36.52803727885902
2016/8/2 15:00,11.18599987,2.545000076,7.390999794,0.284000009,3.71600008,1.371000051,35.99044546975439
2016/8/2 16:00,10.44900036,1.875,6.894000053,0.178000003,3.806999922,1.309999943,35.89135260605618
2016/8/2 17:00,10.98499966,2.210000038,6.894000053,0.354999989,3.563999891,1.248999953,35.98964142799924
2016/8/2 18:00,8.640000343,1.541000009,5.68599987,0.035999998,2.984999895,1.156999946,34.64127671825266
2016/8/2 19:00,9.51099968,0.80400002,6.361000061,-0.319999993,3.167999983,0.883000016,34.8219986
2016/8/2 20:00,12.99400043,1.541000009,8.56400013,0.0,4.568999767,1.036000013,39.14353042004702
2016/8/2 21:00,11.5880003,0.736999989,7.355999947,-0.782000005,4.142000198,1.126999974,37.220229768446224
2016/8/2 22:00,12.6590004,2.009000063,8.635000229,0.462000012,3.625,1.036000013,38.8099179349964
2016/8/2 23:00,15.00399971,3.013999939,11.58399963,1.172999978,3.319999933,1.004999995,32.60661307103012
2016/8/3 0:00,14.66899967,3.549999952,11.97500038,1.598999977,2.924000025,0.944000006,34.78579160324608
2016/8/3 1:00,13.79800034,3.148000002,10.6960001,1.421000004,2.740999937,0.975000024,32.526129224815485
2016/8/3 2:00,9.578000069,1.20599997,7.284999847,0.354999989,2.315000057,0.975000024,33.15311211224645
2016/8/3 3:00,9.376999855,0.938000023,7.177999973,0.0,2.131999969,0.731000006,33.202299074099734
2016/8/3 4:00,9.578000069,1.340000033,7.568999767,0.142000005,2.131999969,0.822000027,33.363037306930835
2016/8/3 5:00,8.371999741,0.268000007,6.289999962,-0.958999991,2.223999977,0.760999978,33.45088566326458
2016/8/3 6:00,9.913000107,0.670000017,7.143000126,-0.569000006,2.650000095,0.822000027,35.42294409455694
2016/8/3 7:00,9.779000282,1.807999969,7.427000046,0.248999998,2.315000057,0.822000027,34.68666128997367
2016/8/3 8:00,6.631000042,0.536000013,4.051000118,-1.136999965,2.437000036,1.036000013,30.38999939
2016/8/3 9:00,6.96600008,1.20599997,4.65500021,-0.142000005,2.772000074,1.097000003,29.26178095823375
2016/8/3 10:00,4.622000217,-0.40200001,1.953999996,-2.096999884,2.680000067,1.004999995,30.39371618596156
2016/8/3 11:00,3.013999939,1.004999995,0.0,0.0,2.954999924,0.913999975,27.70381240195983
2016/8/3 12:00,2.27699995,1.004999995,0.0,0.0,2.375999928,0.913999975,27.131766328006083
2016/8/3 13:00,2.411000013,0.938000023,0.0,0.0,2.467000008,0.852999985,24.85680877829321
2016/8/3 14:00,2.545000076,0.938000023,0.0,0.0,2.497999907,0.883000016,25.281799665679454
2016/8/3 15:00,2.27699995,0.938000023,0.0,-0.071000002,2.437000036,0.944000006,28.28006958362503
2016/8/3 16:00,5.357999802,2.344000101,2.948999882,1.350000024,2.375999928,0.852999985,18.147573849832543
2016/8/3 17:00,8.640000343,3.750999928,5.650000095,2.381000042,3.046000004,1.097000003,34.32899857
2016/8/3 18:00,8.43900013,4.287000179,5.366000175,2.559000015,2.954999924,0.883000016,32.99395115922676
2016/8/3 19:00,8.171999931,3.348999977,5.543000221,2.381000042,2.618999958,0.731000006,27.558051417976753
2016/8/3 20:00,10.64999962,3.951999903,7.249000072,2.700999975,3.411000013,0.760999978,32.68244681077524
2016/8/3 21:00,9.243000031,3.148000002,6.573999882,1.953999996,2.954999924,0.760999978,32.185063862122135
2016/8/3 22:00,8.706999779,4.085999966,6.183000088,2.700999975,2.375999928,0.731000006,28.139455446804195
2016/8/3 23:00,8.572999954,4.956999779,7.106999874,3.802000046,2.467000008,0.852999985,27.15414951327023
2016/8/4 0:00,9.444000244,4.622000217,6.928999901,2.736000061,1.91900003,0.700999975,23.84492789587174
2016/8/4 1:00,9.041999817,4.68900013,7.035999775,3.055999994,2.163000107,0.760999978,24.95349835178152
2016/8/4 2:00,8.43900013,3.750999928,6.361000061,3.411000013,1.949000001,0.822000027,32.07799911
2016/8/4 3:00,8.23900032,4.354000092,6.289999962,3.019999981,1.980000019,0.852999985,25.21604931121577
2016/8/4 4:00,7.903999805,3.951999903,5.366000175,2.309999943,1.70599997,1.004999995,23.491274996331914
2016/8/4 5:00,8.305999756,4.019000053,5.756999969,2.309999943,2.253999949,0.852999985,28.391008300324298
2016/8/4 6:00,8.774000168,4.287000179,6.644999981,2.594000101,2.650000095,0.852999985,28.255685382004412
2016/8/4 7:00,8.640000343,4.68900013,5.721000195,3.482000113,2.467000008,1.004999995,26.776327815580526
2016/8/4 8:00,8.706999779,4.822999954,6.040999889,3.588999987,2.467000008,0.944000006,26.718400526492864
2016/8/4 9:00,9.109000206,4.21999979,6.254000187,2.772000074,2.223999977,0.913999975,25.160508354501015
2016/8/4 10:00,10.85099983,4.622000217,7.960000038,3.197999954,2.862999916,0.883000016,35.73600006
2016/8/4 11:00,8.907999992,4.21999979,5.614999771,2.061000109,3.594000101,1.126999974,30.379767427756402
2016/8/4 12:00,8.23900032,3.48300004,5.650000095,2.239000082,2.710999966,1.004999995,28.281010699937134
2016/8/4 13:00,8.104999542,3.750999928,5.899000168,2.309999943,2.315000057,0.822000027,30.67099953
2016/8/4 14:00,7.434999943,3.282000065,5.578999996,2.486999989,2.253999949,0.883000016,27.715675762703327
2016/8/4 15:00,8.104999542,3.951999903,5.721000195,2.594000101,2.405999899,0.913999975,32.57099915
2016/8/4 16:00,7.636000156,3.951999903,5.046000004,2.736000061,2.315000057,0.944000006,26.6588966205576
2016/8/4 17:00,8.305999756,3.951999903,5.721000195,2.664999962,2.559000015,0.913999975,35.59600067
2016/8/4 18:00,8.23900032,3.88499999,5.472000122,2.559000015,2.862999916,1.126999974,29.946479445396406
2016/8/4 19:00,8.104999542,3.684000015,5.223999977,2.381000042,2.772000074,1.004999995,27.49331831301206
2016/8/4 20:00,10.91800022,3.684000015,7.461999893,2.345000029,3.563999891,0.883000016,32.17835922995197
2016/8/4 21:00,9.979999542,3.951999903,6.538000107,2.345000029,3.349999905,1.004999995,31.399758870779642
2016/8/4 22:00,10.7840004,4.085999966,8.137999535,2.948999882,2.832999945,0.975000024,31.24633146388854
2016/8/4 23:00,12.52499962,6.09499979,10.8380003,4.300000191,2.497999907,0.944000006,28.95731596215483
2016/8/5 0:00,13.79800034,6.027999878,11.86900043,4.690999985,2.131999969,0.822000027,28.755937032426154
2016/8/5 1:00,11.65499973,5.492000103,9.630000114,3.76699996,2.101999998,0.822000027,26.55737370975523
2016/8/5 2:00,13.86499977,6.09499979,11.01599979,4.903999805,2.040999889,0.852999985,29.143574083629446
2016/8/5 3:00,11.45400047,5.625999928,9.843000412,3.980000019,2.071000099,0.852999985,27.030457727497282
2016/8/5 4:00,13.39599991,6.027999878,10.8739996,4.300000191,2.00999999,0.852999985,34.18899918
2016/8/5 5:00,12.12300014,5.625999928,9.737000465,3.980000019,2.223999977,0.852999985,29.316948530894717
2016/8/5 6:00,14.2670002,6.027999878,12.11699963,4.441999912,2.437000036,0.760999978,28.997255125529005
2016/8/5 7:00,13.4630003,6.96600008,11.19400024,4.833000183,2.618999958,1.156999946,27.89668296763339
2016/8/5 8:00,10.85099983,5.894000053,8.208999634,4.263999939,2.650000095,1.340000033,35.66600037
2016/8/5 9:00,9.979999542,5.157000065,7.249000072,3.375999928,2.954999924,1.523000002,28.209596566571026
2016/8/5 10:00,11.11900043,4.756000042,7.427000046,3.197999954,3.319999933,1.401000023,30.619568264176245
2016/8/5 11:00,10.98499966,5.223999977,7.214000225,3.411000013,3.441999912,1.371000051,33.354276336006734
2016/8/5 12:00,8.23900032,3.818000078,5.791999817,2.630000114,2.772000074,1.036000013,29.058789063045744
2016/8/5 13:00,9.041999817,4.487999916,6.324999809,2.273999929,2.862999916,1.004999995,29.717257749538934
2016/8/5 14:00,8.907999992,4.554999828,6.254000187,2.842999935,2.437000036,1.036000013,26.617605142660427
2016/8/5 15:00,9.041999817,3.818000078,6.005000114,2.203000069,2.315000057,1.065999985,27.912934792921405
2016/8/5 16:00,8.43900013,4.019000053,5.791999817,2.630000114,2.588999987,1.097000003,29.936584587883786
2016/8/5 17:00,9.243000031,4.085999966,6.040999889,2.842999935,3.046000004,1.279000044,31.45294356912777
2016/8/5 18:00,8.23900032,3.750999928,5.436999798,2.772000074,2.802000046,1.248999953,30.1541169275579
2016/8/5 19:00,8.038000107,3.415999889,5.401000023,2.239000082,2.588999987,0.852999985,27.45027158210298
2016/8/5 20:00,10.51599979,3.549999952,7.214000225,2.381000042,3.229000092,0.791999996,33.20399857
2016/8/5 21:00,9.376999855,3.617000103,6.43200016,2.451999903,2.924000025,0.822000027,32.54215442120801
2016/8/5 22:00,11.25300026,5.157000065,8.38599968,3.660000086,2.710999966,0.913999975,29.064840785753756
2016/8/5 23:00,12.52499962,5.559000015,9.593999863,3.411000013,2.437000036,1.156999946,28.520973135216774
2016/8/6 0:00,14.60200024,5.760000229,9.31000042,3.588999987,4.873000145,1.491999984,26.537033074563137
2016/8/6 1:00,13.4630003,6.362999916,9.593999863,3.90899992,4.477000237,1.432000041,28.518405794064435
2016/8/6 2:00,13.39599991,5.960999966,9.87899971,4.19299984,4.203000069,1.371000051,28.758454210552443
2016/8/6 3:00,13.06099987,5.894000053,9.026000023,3.838000059,4.234000206,1.340000033,33.8370018
2016/8/6 4:00,13.12800026,6.296000004,8.989999771,3.447000027,4.234000206,1.491999984,26.382134675937714
2016/8/6 5:00,13.93200016,6.296000004,9.416999817,3.411000013,4.507999897,1.401000023,31.20837193958931
2016/8/6 6:00,13.79800034,6.229000092,9.23900032,3.233999968,4.873000145,1.340000033,31.45000639634229
2016/8/6 7:00,12.52499962,6.027999878,7.461999893,3.197999954,4.659999847,1.552999973,27.607343421950546
2016/8/6 8:00,9.243000031,5.492000103,6.751999855,3.233999968,2.467000008,1.036000013,26.715286544635205
2016/8/6 9:00,9.711999893,5.357999802,7.320000172,3.305000067,2.467000008,1.065999985,26.73470283920039
2016/8/6 10:00,11.38700008,4.756000042,7.676000118,3.233999968,3.015000105,1.065999985,29.287811996735037
2016/8/6 11:00,11.5880003,4.822999954,7.568999767,3.055999994,3.289999962,1.036000013,30.21495395045419
2016/8/6 12:00,10.04699993,4.487999916,6.822999954,3.055999994,2.924000025,1.036000013,30.156674914477
2016/8/6 13:00,10.11400032,4.622000217,7.604000092,2.700999975,3.167999983,0.975000024,30.892198997924776
2016/8/6 14:00,9.913000107,4.085999966,7.461999893,2.664999962,2.894000053,1.036000013,31.227803083166172
2016/8/6 15:00,9.645000458,4.554999828,7.071000099,2.984999895,3.167999983,1.156999946,30.63392176626321
2016/8/6 16:00,9.779000282,4.68900013,6.681000233,3.019999981,3.229000092,1.156999946,30.773545513166496
2016/8/6 17:00,10.04699993,4.554999828,6.751999855,2.772000074,3.289999962,1.218000054,30.75938522686119
2016/8/6 18:00,9.645000458,4.421000004,6.502999783,2.806999922,3.107000113,1.126999974,30.746542497301142
2016/8/6 19:00,9.913000107,3.88499999,6.538000107,2.381000042,3.289999962,1.126999974,31.3254254152933
2016/8/6 20:00,13.86499977,4.554999828,9.23900032,2.664999962,4.690999985,1.065999985,30.657210704823296
2016/8/6 21:00,12.32400036,4.287000179,8.279999733,2.345000029,4.051000118,1.097000003,30.194732205622078
2016/8/6 22:00,12.25699997,4.956999779,8.883999825,3.055999994,3.381000042,1.004999995,29.921671432397815
2016/8/6 23:00,12.05599976,5.357999802,9.026000023,3.696000099,3.167999983,1.065999985,29.513140941140968
2016/8/7 0:00,11.98900032,5.559000015,9.345999718,3.625,2.772000074,0.944000006,29.051118243663478
2016/8/7 1:00,11.38700008,5.357999802,9.204000473,3.625,2.497999907,0.852999985,26.394223025474727
2016/8/7 2:00,10.85099983,5.492000103,9.026000023,3.944000006,2.223999977,0.852999985,26.662549250484012
2016/8/7 3:00,9.243000031,5.090000153,7.143000126,3.339999914,2.163000107,0.822000027,24.726601959909964
2016/8/7 4:00,9.645000458,4.889999866,7.071000099,3.375999928,2.101999998,1.156999946,25.333967325943455
2016/8/7 5:00,9.175999641,4.287000179,7.035999775,3.305000067,2.345000029,0.822000027,26.23688569593193
2016/8/7 6:00,10.44900036,5.223999977,8.706000328,3.625,2.253999949,0.670000017,26.467857719708242
2016/8/7 7:00,10.98499966,5.625999928,8.670999527,3.980000019,2.28399992,0.852999985,27.028233564904166
2016/8/7 8:00,8.305999756,5.357999802,6.610000134,4.086999893,2.223999977,0.913999975,26.69544432919361
2016/8/7 9:00,9.913000107,4.756000042,7.143000126,3.482000113,2.894000053,1.187999964,32.32403997176778
2016/8/7 10:00,11.05200005,5.022999763,7.710999966,3.092000008,3.137000084,1.126999974,30.337313212659165
2016/8/7 11:00,11.45400047,5.492000103,7.81799984,3.019999981,3.686000109,1.097000003,29.810960732956172
2016/8/7 12:00,11.05200005,4.152999878,7.106999874,2.948999882,3.503000021,1.156999946,31.039547820751213
2016/8/7 13:00,11.98900032,5.022999763,7.888999939,3.447000027,3.838000059,1.065999985,31.60934409664998
2016/8/7 14:00,11.72099972,5.090000153,8.173000336,3.163000107,3.77699995,1.218000054,29.414576533100075
2016/8/7 15:00,11.92199993,5.492000103,8.244000435,3.305000067,3.532999992,1.218000054,30.029694304376417
2016/8/7 16:00,10.64999962,4.756000042,6.822999954,3.197999954,3.381000042,1.156999946,30.621107707526267
2016/8/7 17:00,10.91800022,4.622000217,7.177999973,3.092000008,3.898999929,1.248999953,30.37670229028947
2016/8/7 18:00,9.979999542,4.487999916,6.502999783,2.806999922,3.71600008,1.065999985,30.249088117713065
2016/8/7 19:00,10.7840004,4.085999966,7.071000099,2.559000015,3.71600008,1.036000013,31.008307567787515
2016/8/7 20:00,15.40499973,5.223999977,10.12699986,3.339999914,5.390999794,1.309999943,30.80270061673754
2016/8/7 21:00,14.2670002,5.090000153,9.274999619,3.411000013,4.903999805,1.187999964,34.89199829
2016/8/7 22:00,13.19499969,5.69299984,9.168000221,3.625,4.142000198,1.156999946,31.12366330122891
2016/8/7 23:00,14.86999989,6.229000092,11.33600044,4.229000092,3.563999891,1.036000013,29.438296716676458
2016/8/8 0:00,15.47200012,4.822999954,12.04599953,3.305000067,3.197999954,1.004999995,33.55599976
2016/8/8 1:00,14.40100002,6.631000042,11.72700024,4.690999985,2.984999895,1.036000013,29.572081747960286
2016/8/8 2:00,12.6590004,6.162000179,10.4829998,4.157999992,2.740999937,1.004999995,29.14353673310614
2016/8/8 3:00,12.59200001,5.960999966,9.913999557,4.051000118,2.528000116,0.944000006,28.5626923381211
2016/8/8 4:00,12.72599983,6.229000092,10.05599976,4.122000217,2.497999907,0.913999975,28.652447998446338
2016/8/8 5:00,13.39599991,5.559000015,10.58899975,4.725999832,2.497999907,0.852999985,28.877070707453278
2016/8/8 6:00,13.26200008,5.894000053,10.4829998,4.513000011,2.710999966,1.036000013,29.29928791996872
2016/8/8 7:00,11.65499973,5.827000141,9.204000473,4.086999893,2.984999895,1.248999953,29.376867863960364
2016/8/8 8:00,10.24800014,5.223999977,7.143000126,3.233999968,2.680000067,1.126999974,28.59768259619372
2016/8/8 9:00,9.645000458,4.622000217,6.502999783,3.019999981,2.862999916,1.156999946,30.570435315834324
2016/8/8 10:00,11.92199993,5.625999928,7.747000217,3.305000067,3.503000021,1.309999943,29.997224323471013
2016/8/8 11:00,12.12300014,5.559000015,8.173000336,3.588999987,3.654999971,1.218000054,25.758932972423022
2016/8/8 12:00,11.45400047,4.554999828,8.137999535,2.878000021,3.503000021,1.218000054,30.238824292461786
2016/8/8 13:00,12.18999958,4.354000092,7.853000164,2.700999975,3.625,1.065999985,30.057467440367613
2016/8/8 14:00,11.78800011,5.492000103,8.279999733,3.411000013,3.503000021,1.218000054,31.811551101498072
2016/8/8 15:00,12.05599976,5.625999928,8.38599968,3.482000113,3.654999971,1.156999946,31.46160834156934
2016/8/8 16:00,11.31999969,5.492000103,7.747000217,3.802000046,3.686000109,1.218000054,29.86308863656084
2016/8/8 17:00,11.18599987,5.357999802,7.498000145,3.339999914,3.654999971,1.309999943,30.161409149079496
2016/8/8 18:00,10.31499958,4.756000042,6.71600008,2.984999895,3.625,1.309999943,30.295314932891767
2016/8/8 19:00,11.45400047,4.622000217,7.604000092,2.914000034,3.838000059,1.126999974,30.045429540549506
2016/8/8 20:00,16.6779995,3.951999903,10.80300045,1.598999977,5.725999832,1.552999973,31.55422893027289
2016/8/8 21:00,17.01300049,5.625999928,11.76200008,3.197999954,5.300000191,1.309999943,30.80275742181839
2016/8/8 22:00,18.21899986,5.559000015,13.71700001,3.127000093,4.568999767,1.248999953,33.494044410262035
2016/8/8 23:00,17.81699944,5.090000153,13.36100006,2.984999895,4.081999779,1.218000054,34.25899887
2016/8/9 0:00,20.62999916,6.296000004,14.28499985,3.305000067,6.183000088,1.735999942,33.13299942
2016/8/9 1:00,19.55800056,5.760000229,13.50300026,3.019999981,5.664999962,1.674999952,33.58059333013611
2016/8/9 2:00,19.22299957,5.827000141,13.57400036,3.019999981,5.300000191,1.613999963,33.55599976
2016/8/9 3:00,17.95100021,8.23900032,12.43700027,4.762000084,5.300000191,1.613999963,32.5770372485528
2016/8/9 4:00,17.81699944,7.434999943,12.26000023,4.833000183,5.026000023,1.613999963,32.55969894519077
2016/8/9 5:00,18.01799965,8.038000107,12.40200043,4.65500021,4.934000015,1.523000002,32.21900177
2016/8/9 6:00,18.88800049,6.362999916,12.86400032,3.552999973,5.513000011,1.735999942,32.3967936797033
2016/8/9 7:00,18.21899986,6.429999828,12.26000023,3.127000093,5.361000061,1.827999949,33.27826968544518
2016/8/9 8:00,13.4630003,5.223999977,10.66100025,3.447000027,3.197999954,1.371000051,31.527990425252575
2016/8/9 9:00,11.38700008,5.223999977,8.031000137,3.375999928,2.894000053,1.340000033,34.04800034
2016/8/9 10:00,12.52499962,6.027999878,8.670999527,4.051000118,3.471999884,1.401000023,29.451641219328963
2016/8/9 11:00,11.92199993,5.827000141,8.208999634,2.984999895,3.838000059,1.340000033,28.44738738920923
2016/8/9 12:00,12.12300014,5.223999977,8.031000137,3.163000107,3.71600008,1.218000054,29.62441826365216
2016/8/9 13:00,12.92700005,4.956999779,8.244000435,3.092000008,4.081999779,1.279000044,29.534754564566725
2016/8/9 14:00,12.12300014,5.559000015,8.350999832,3.588999987,4.051000118,1.371000051,24.085076639177984
2016/8/9 15:00,11.45400047,5.559000015,7.853000164,3.055999994,3.441999912,1.279000044,30.087558314768682
2016/8/9 16:00,11.25300026,5.357999802,7.568999767,3.375999928,3.532999992,1.279000044,33.20295154991578
2016/8/9 17:00,10.91800022,5.157000065,7.568999767,3.375999928,3.381000042,1.340000033,35.80699921
2016/8/9 18:00,10.11400032,4.554999828,6.822999954,2.878000021,3.471999884,1.248999953,30.6907459777494
2016/8/9 19:00,10.31499958,4.354000092,6.787000179,2.772000074,3.532999992,1.126999974,30.583980312164954
2016/8/9 20:00,14.06599998,4.554999828,9.097000122,2.700999975,5.056000233,1.218000054,30.848260218991175
2016/8/9 21:00,14.13300037,5.022999763,10.66100025,3.411000013,4.477000237,1.097000003,32.26453220532427
2016/8/9 22:00,15.8739996,6.09499979,11.69099998,4.370999813,3.928999901,1.065999985,29.369733051285223
2016/8/9 23:00,15.3380003,6.09499979,11.30000019,3.90899992,3.654999971,1.097000003,29.381268818077796
2016/8/10 0:00,17.88400078,7.703000069,14.03600025,4.903999805,3.289999962,1.065999985,32.23083975068119
2016/8/10 1:00,16.54400063,6.497000217,13.07699966,4.762000084,2.832999945,0.913999975,32.50517178702645
2016/8/10 2:00,16.40999985,6.56400013,13.21899986,5.258999825,2.710999966,0.944000006,32.36320585963577
2016/8/10 3:00,14.80300045,7.032999992,12.72200012,4.974999905,2.618999958,1.004999995,32.83729977058988
2016/8/10 4:00,14.66899967,6.831999779,12.01099968,4.65500021,2.559000015,0.975000024,32.13463151296273
2016/8/10 5:00,14.93700027,6.429999828,12.57900047,4.833000183,2.802000046,1.004999995,32.21452235149159
2016/8/10 6:00,16.94599915,6.497000217,13.00599957,4.93900013,3.015000105,1.065999985,32.455447458444894
2016/8/10 7:00,15.53899956,7.636000156,12.93500042,5.329999924,2.924000025,1.248999953,32.29343105593689
2016/8/10 8:00,14.19999981,7.099999905,10.66100025,4.796999931,3.319999933,1.340000033,29.508030929483997
2016/8/10 9:00,11.65499973,3.684000015,8.244000435,1.70599997,3.563999891,1.462000012,29.36655183880427
2016/8/10 10:00,11.72099972,5.022999763,7.994999886,3.269000053,4.020999908,1.432000041,29.6127825182239
2016/8/10 11:00,12.6590004,5.223999977,8.065999985,3.127000093,4.142000198,1.462000012,23.742666359667158
2016/8/10 12:00,11.72099972,4.554999828,7.888999939,2.914000034,4.081999779,1.432000041,29.9893329508642
2016/8/10 13:00,13.39599991,5.357999802,8.208999634,2.842999935,4.324999809,1.371000051,30.398017585208855
2016/8/10 14:00,13.06099987,5.69299984,8.56400013,3.872999907,4.142000198,1.309999943,34.75099945
2016/8/10 15:00,12.25699997,4.956999779,8.279999733,3.127000093,3.868000031,1.279000044,29.565869783582098
2016/8/10 16:00,11.92199993,5.625999928,7.853000164,3.552999973,3.868000031,1.523000002,28.643252985475907
2016/8/10 17:00,11.5880003,5.492000103,7.710999966,3.802000046,3.99000001,1.552999973,28.35776430814542
2016/8/10 18:00,10.7840004,4.889999866,6.894000053,2.878000021,3.99000001,1.432000041,30.075454100982583
2016/8/10 19:00,11.85499954,4.487999916,7.747000217,2.700999975,4.203000069,1.218000054,30.048269699482198
2016/8/10 20:00,17.01300049,3.818000078,10.9090004,1.56400001,6.122000217,1.340000033,32.54743118269181
2016/8/10 21:00,15.80700016,4.287000179,10.3760004,1.812000036,5.544000149,1.309999943,31.26695963124942
2016/8/10 22:00,15.3380003,4.354000092,10.7670002,2.167999983,4.598999977,1.097000003,27.732735715620752
2016/8/10 23:00,15.20400047,4.956999779,10.02099991,2.239000082,4.598999977,1.340000033,28.23250854591239
2016/8/11 0:00,16.54400063,7.234000206,10.16300011,4.300000191,6.518000126,1.797000051,27.42501404450396
2016/8/11 1:00,14.66899967,6.362999916,8.989999771,4.157999992,6.031000137,1.644999981,27.965403692523708
2016/8/11 2:00,14.86999989,6.56400013,8.38599968,4.370999813,5.81799984,1.70599997,28.08835654107197
2016/8/11 3:00,14.93700027,6.96600008,8.954999924,4.690999985,5.664999962,1.797000051,27.46189793642355
2016/8/11 4:00,14.46800041,7.301000118,8.350999832,4.300000191,5.513000011,1.76699996,28.77199936
2016/8/11 5:00,13.06099987,6.631000042,7.853000164,3.872999907,5.421999931,1.583999991,27.83389092069009
2016/8/11 6:00,14.60200024,5.960999966,8.812999725,4.122000217,5.482999802,1.735999942,28.004382775836312
2016/8/11 7:00,10.04699993,5.357999802,6.894000053,3.838000059,3.167999983,1.432000041,29.570560269215058
2016/8/11 8:00,11.25300026,6.229000092,7.782000065,3.696000099,3.289999962,1.491999984,27.312745854842138
2016/8/11 9:00,11.38700008,5.157000065,8.031000137,3.517999887,3.532999992,1.432000041,24.913133916353644
2016/8/11 10:00,12.72599983,5.960999966,8.635000229,3.305000067,3.99000001,1.462000012,23.59677263762405
2016/8/11 11:00,13.86499977,4.019000053,8.883999825,1.953999996,4.538000107,1.401000023,31.44499969
2016/8/11 12:00,13.73099995,4.956999779,8.847999573,3.339999914,4.538000107,1.340000033,30.640549984695177
2016/8/11 13:00,14.73600006,5.69299984,9.31000042,2.878000021,5.208000183,1.462000012,26.29613976143837
2016/8/11 14:00,14.53499985,6.09499979,9.097000122,3.269000053,4.751999855,1.401000023,32.99300003
2016/8/11 15:00,13.26200008,5.425000191,9.06099987,3.197999954,4.507999897,1.432000041,30.798571258162855
2016/8/11 16:00,12.45800018,5.492000103,8.38599968,3.76699996,4.172999859,1.279000044,30.795048214947432
2016/8/11 17:00,11.45400047,5.022999763,7.284999847,3.019999981,4.263999939,1.462000012,26.427289641375275
2016/8/11 18:00,6.631000042,2.210000038,2.486999989,0.675000012,4.111999989,1.371000051,25.35045522931158
2016/8/11 19:00,10.24800014,3.617000103,6.183000088,2.061000109,4.111999989,1.097000003,30.885636616577987
2016/8/11 20:00,17.48200035,4.085999966,11.30000019,2.061000109,6.06099987,1.432000041,31.45285447713271
2016/8/11 21:00,17.14699936,4.487999916,11.05099964,2.096999884,5.756999969,1.340000033,29.729861410425027
2016/8/11 22:00,17.95100021,5.625999928,13.04100037,2.984999895,5.177999973,1.340000033,33.53257078908563
2016/8/11 23:00,17.48200035,6.162000179,12.97000027,3.980000019,4.690999985,1.432000041,32.51805713508117
2016/8/12 0:00,18.15200043,5.357999802,13.82299995,3.482000113,4.203000069,1.279000044,30.53100014
2016/8/12 1:00,16.94599915,6.027999878,13.18299961,3.233999968,3.928999901,1.218000054,32.8575149754381
2016/8/12 2:00,16.61100006,5.760000229,13.32600021,3.269000053,3.503000021,1.097000003,32.8788282649047
2016/8/12 3:00,15.40499973,6.831999779,12.36600018,4.796999931,2.954999924,1.065999985,32.19137290794334
2016/8/12 4:00,14.73600006,7.099999905,11.90400028,4.93900013,2.984999895,1.065999985,34.46402720968613
2016/8/12 5:00,13.66399956,5.960999966,10.44699955,3.90899992,2.772000074,0.944000006,29.118736680704554
2016/8/12 6:00,12.99400043,5.894000053,10.3409996,3.90899992,2.772000074,1.004999995,29.111217784902692
2016/8/12 7:00,13.06099987,6.229000092,10.12699986,4.19299984,2.954999924,1.218000054,28.79263231145039
2016/8/12 8:00,12.92700005,6.697999954,9.487999916,3.90899992,3.197999954,1.491999984,29.89699936
2016/8/12 9:00,11.72099972,5.69299984,8.065999985,5.117000103,3.441999912,1.583999991,28.953240779129718
2016/8/12 10:00,13.59700012,6.027999878,8.989999771,3.76699996,3.928999901,1.552999973,30.53100014
2016/8/12 11:00,13.66399956,6.296000004,9.097000122,3.375999928,4.263999939,1.371000051,32.24723897714005
2016/8/12 12:00,13.52999973,5.357999802,9.131999969,3.092000008,4.447000027,1.371000051,31.02300072
2016/8/12 13:00,14.60200024,5.559000015,9.772000313,3.447000027,4.813000202,1.309999943,31.79700089
2016/8/12 14:00,14.19999981,5.625999928,9.131999969,3.019999981,4.477000237,1.340000033,30.48048194815799
2016/8/12 15:00,13.9989996,4.956999779,8.989999771,3.163000107,4.081999779,1.309999943,29.572410365799513
2016/8/12 16:00,12.6590004,4.889999866,8.635000229,2.948999882,4.020999908,1.371000051,29.62875951903152
2016/8/12 17:00,12.85999966,5.090000153,8.421999931,2.948999882,4.203000069,1.432000041,29.776704185896378
2016/8/12 18:00,11.72099972,5.090000153,7.461999893,3.055999994,4.203000069,1.491999984,26.327670513965316
2016/8/12 19:00,12.39099979,4.889999866,8.065999985,3.055999994,4.324999809,1.279000044,30.237130295069928
2016/8/12 20:00,18.01799965,4.085999966,11.65499973,1.77699995,6.395999908,1.401000023,32.02688245035861
2016/8/12 21:00,17.81699944,3.549999952,11.19400024,0.852999985,6.275000095,1.462000012,43.37208027129766
2016/8/12 22:00,21.43400002,6.96600008,15.63500023,4.441999912,5.635000229,1.309999943,31.51499939
2016/8/12 23:00,19.89299965,5.827000141,14.67599964,3.233999968,5.056000233,1.309999943,33.02199127195671
2016/8/13 0:00,20.96500015,5.960999966,14.67599964,3.127000093,6.578999996,1.674999952,33.19774702542059
2016/8/13 1:00,20.76399994,6.56400013,14.21399975,3.055999994,6.366000175,1.644999981,33.38659603713331
2016/8/13 2:00,18.21899986,4.68900013,12.33100033,2.203000069,5.879000187,1.552999973,34.22020310767175
2016/8/13 3:00,18.62000084,6.09499979,13.11200047,3.305000067,5.787000179,1.613999963,32.914557616471654
2016/8/13 4:00,18.88800049,5.492000103,12.82800007,2.700999975,5.635000229,1.85800004,33.77073341378729
2016/8/13 5:00,16.40999985,5.022999763,11.33600044,2.594000101,5.361000061,1.613999963,27.964990668596656
2016/8/13 6:00,15.47200012,4.152999878,9.701000214,1.598999977,5.664999962,1.70599997,31.46987254449477
2016/8/13 7:00,15.40499973,5.559000015,9.666000366,2.415999889,5.573999882,1.949000001,28.031337122218705
2016/8/13 8:00,14.19999981,5.223999977,10.51799965,2.914000034,3.259000063,1.552999973,28.69613797844173
2016/8/13 9:00,12.18999958,4.085999966,8.38599968,4.086999893,3.686000109,1.523000002,28.927901461027194
2016/8/13 10:00,13.86499977,6.229000092,9.131999969,3.980000019,4.234000206,1.371000051,30.635218659028595
2016/8/13 11:00,14.73600006,6.229000092,9.274999619,3.625,4.873000145,1.401000023,28.50164602152596
2016/8/13 12:00,14.73600006,5.827000141,9.737000465,3.802000046,4.751999855,1.279000044,29.54946039523435
2016/8/13 13:00,15.13700008,5.894000053,10.19900036,3.838000059,5.269000053,1.432000041,29.66676724165053
2016/8/13 14:00,15.27099991,6.162000179,9.913999557,3.517999887,5.177999973,1.552999973,27.52274659948167
2016/8/13 15:00,14.93700027,5.492000103,9.559000015,3.197999954,4.690999985,1.371000051,30.04377739470062
2016/8/13 16:00,13.19499969,5.290999889,8.777000427,3.233999968,4.447000027,1.218000054,30.65475823143562
2016/8/13 17:00,13.06099987,5.357999802,8.741999626,3.305000067,4.416999817,1.340000033,30.672423365142027
2016/8/13 18:00,12.79300022,5.090000153,8.279999733,3.339999914,4.598999977,1.491999984,26.632360698855695
2016/8/13 19:00,13.86499977,5.69299984,9.416999817,3.552999973,4.965000153,1.340000033,24.885728056237486
2016/8/13 20:00,19.89299965,6.96600008,12.61499977,4.086999893,7.188000202,1.644999981,32.38874277774912
2016/8/13 21:00,18.95499992,7.434999943,11.97500038,4.263999939,6.945000172,1.583999991,34.907171379797944
2016/8/13 22:00,19.35700035,5.223999977,12.93500042,2.239000082,6.0,1.491999984,34.54602034911305
2016/8/13 23:00,18.08499908,4.21999979,12.50800037,2.451999903,5.604000092,1.462000012,34.58807954105515
2016/8/14 0:00,18.01799965,5.827000141,13.53899956,2.948999882,4.721000195,1.187999964,33.66148027475741
2016/8/14 1:00,19.15600014,5.960999966,14.92500019,3.696000099,4.324999809,1.187999964,32.29970098846201
2016/8/14 2:00,17.54899979,5.827000141,13.32600021,3.163000107,4.142000198,1.218000054,33.037583407385426
2016/8/14 3:00,16.00799942,7.434999943,12.04599953,5.578999996,3.746000051,1.156999946,32.75335376731361
2016/8/14 4:00,14.93700027,6.362999916,11.65499973,4.441999912,3.471999884,1.371000051,29.391208656468766
2016/8/14 5:00,14.06599998,5.559000015,10.6960001,3.588999987,3.471999884,1.156999946,25.569839362840522
2016/8/14 6:00,13.73099995,6.162000179,10.16300011,4.157999992,3.289999962,1.097000003,28.76168094954866
2016/8/14 7:00,13.9989996,7.099999905,10.09200001,4.335000038,3.137000084,1.309999943,29.454245903125333
2016/8/14 8:00,10.64999962,6.497000217,7.604000092,3.838000059,3.532999992,1.552999973,29.496103729269326
2016/8/14 9:00,11.98900032,6.229000092,8.065999985,3.872999907,3.654999971,1.523000002,29.14535958439251
2016/8/14 10:00,13.73099995,4.487999916,9.168000221,1.883000016,4.416999817,1.552999973,28.073653447897772
2016/8/14 11:00,14.46800041,4.152999878,9.701000214,1.812000036,4.965000153,1.491999984,28.75318405316053
2016/8/14 12:00,14.86999989,4.019000053,10.02099991,1.70599997,5.329999924,1.70599997,29.676184988675097
2016/8/14 13:00,16.47699928,4.152999878,10.44699955,1.491999984,5.696000099,1.523000002,35.55864848373174
2016/8/14 14:00,16.07500076,4.554999828,10.30500031,1.56400001,5.177999973,1.371000051,32.19652200984812
2016/8/14 15:00,15.27099991,4.487999916,9.737000465,1.56400001,4.782000065,1.371000051,32.34780498434771
2016/8/14 16:00,14.06599998,5.357999802,9.274999619,3.127000093,4.751999855,1.644999981,27.990008182202843
2016/8/14 17:00,13.59700012,5.894000053,8.847999573,3.872999907,4.690999985,1.432000041,31.71604237502696
2016/8/14 18:00,12.52499962,5.090000153,8.244000435,3.233999968,4.263999939,1.187999964,29.9265443766532
2016/8/14 19:00,13.66399956,5.492000103,8.989999771,3.482000113,4.630000114,1.340000033,31.883610749791814
2016/8/14 20:00,19.0890007,4.756000042,12.15299988,1.84800005,6.914000034,1.523000002,32.64099884
2016/8/14 21:00,18.35300064,4.085999966,11.72700024,1.56400001,6.671000004,1.491999984,31.990658359143726
2016/8/14 22:00,17.28100014,5.022999763,11.51299953,2.345000029,6.092000008,1.462000012,26.960624266951935
2016/8/14 23:00,16.40999985,4.622000217,11.12199974,2.273999929,5.361000061,1.371000051,30.444854304472003
2016/8/15 0:00,19.55800056,6.162000179,12.40200043,2.772000074,7.28000021,1.91900003,33.52520425387869
2016/8/15 1:00,17.54899979,5.894000053,11.19400024,2.806999922,6.671000004,1.76699996,29.850351774656
2016/8/15 2:00,16.61100006,6.96600008,10.27000046,4.406000137,6.214000225,1.76699996,27.24329901677781
2016/8/15 3:00,15.67300034,7.099999905,9.913999557,4.300000191,5.725999832,1.674999952,26.92751058569919
2016/8/15 4:00,14.80300045,6.296000004,8.38599968,3.76699996,5.90899992,1.76699996,28.09966040875299
2016/8/15 5:00,16.07500076,6.96600008,9.559000015,4.300000191,5.84800005,1.76699996,27.318813516033195
2016/8/15 6:00,15.94099998,7.166999817,9.593999863,3.76699996,5.90899992,1.797000051,27.248891770846402
2016/8/15 7:00,15.13700008,7.769999981,8.954999924,4.300000191,5.84800005,2.131999969,28.174752270637764
2016/8/15 8:00,11.25300026,6.56400013,7.923999786,3.872999907,3.503000021,1.462000012,27.490981322293447
2016/8/15 9:00,11.92199993,6.697999954,8.527999878,3.944000006,3.411000013,1.371000051,29.519326075397387
2016/8/15 10:00,14.2670002,6.764999866,9.204000473,3.802000046,4.386000156,1.371000051,30.104749547370716
2016/8/15 11:00,14.66899967,6.56400013,9.451999664,3.980000019,4.721000195,1.309999943,29.43810346405969
2016/8/15 12:00,15.13700008,5.625999928,9.843000412,3.872999907,4.994999886,1.432000041,29.709528909153715
2016/8/15 13:00,16.27599907,4.487999916,11.15799999,1.99000001,5.269000053,1.432000041,30.30698768564836
2016/8/15 14:00,16.27599907,4.019000053,11.22900009,2.309999943,4.994999886,1.401000023,31.466717407192572
2016/8/15 15:00,15.40499973,4.085999966,10.05599976,1.491999984,4.965000153,1.491999984,34.78462984268767
2016/8/15 16:00,14.13300037,4.487999916,9.666000366,2.131999969,4.507999897,1.674999952,28.060071008125178
2016/8/15 17:00,13.59700012,5.894000053,9.168000221,3.838000059,4.477000237,1.401000023,31.038154721981137
2016/8/15 18:00,12.72599983,5.425000191,8.244000435,3.375999928,4.447000027,1.401000023,34.9620018
2016/8/15 19:00,14.33399963,5.625999928,9.204000473,3.375999928,4.994999886,1.371000051,32.66833499070629
2016/8/15 20:00,19.29000092,4.487999916,12.43700027,2.131999969,7.006000042,1.491999984,33.63194079611735
2016/8/15 21:00,18.88800049,4.152999878,12.47299957,2.025000095,6.395999908,1.371000051,34.46798610846726
2016/8/15 22:00,20.22800064,6.09499979,14.3210001,3.552999973,5.604000092,1.340000033,32.20127139774692
2016/8/15 23:00,18.95499992,5.827000141,14.21399975,3.092000008,5.300000191,1.401000023,33.388885248892755
2016/8/16 0:00,20.09399986,5.157000065,14.4630003,3.233999968,4.934000015,1.371000051,32.87510144329501
2016/8/16 1:00,17.34799957,5.425000191,13.36100006,3.127000093,4.234000206,1.156999946,33.531925753073025
2016/8/16 2:00,17.28100014,6.697999954,13.25500011,4.762000084,3.746000051,1.126999974,32.35972729047766
2016/8/16 3:00,15.40499973,4.756000042,12.04599953,2.415999889,3.686000109,1.097000003,34.44920631728504
2016/8/16 4:00,16.40999985,5.157000065,12.57900047,3.197999954,3.319999933,1.065999985,33.090378324498865
2016/8/16 5:00,14.33399963,5.625999928,11.15799999,4.122000217,3.229000092,1.065999985,29.746677731999068
2016/8/16 6:00,11.38700008,5.492000103,8.173000336,3.233999968,3.289999962,1.097000003,30.06048543037969
2016/8/16 7:00,10.44900036,4.956999779,7.604000092,2.984999895,3.046000004,1.309999943,30.45999908
2016/8/16 8:00,8.774000168,4.354000092,5.507999897,2.842999935,3.319999933,1.279000044,30.011711248591922
2016/8/16 9:00,10.31499958,4.889999866,6.538000107,2.772000074,3.625,1.309999943,30.36740227906646
2016/8/16 10:00,12.05599976,4.822999954,7.390999794,2.664999962,4.142000198,1.552999973,28.091723944211736
2016/8/16 11:00,12.99400043,5.625999928,7.639999866,2.914000034,4.598999977,1.491999984,26.502859958914968
2016/8/16 12:00,13.06099987,5.357999802,8.031000137,2.523000002,4.903999805,1.432000041,32.36000061
2016/8/16 13:00,14.66899967,5.223999977,8.421999931,2.736000061,5.725999832,1.552999973,27.99632790269129
2016/8/16 14:00,13.59700012,4.889999866,8.208999634,2.664999962,5.361000061,1.552999973,28.01406478877001
2016/8/16 15:00,13.12800026,5.157000065,7.532999992,2.381000042,4.903999805,1.340000033,31.47187857718669
2016/8/16 16:00,11.85499954,4.287000179,7.390999794,2.203000069,4.477000237,1.462000012,26.406352907196805
2016/8/16 17:00,11.25300026,3.818000078,6.751999855,1.953999996,4.477000237,1.340000033,31.763710129731077
2016/8/16 18:00,10.91800022,3.750999928,6.467000008,1.953999996,4.447000027,1.552999973,27.132515180075238
2016/8/16 19:00,11.92199993,3.88499999,7.0,2.025000095,4.934000015,1.309999943,31.92596522243955
2016/8/16 20:00,16.40999985,5.357999802,9.451999664,2.309999943,7.40199995,1.491999984,27.30579049556532
2016/8/16 21:00,18.35300064,4.019000053,11.86900043,1.207999945,6.518000126,1.674999952,36.83551297691959
2016/8/16 22:00,18.82099915,5.559000015,12.57900047,2.061000109,5.879000187,1.401000023,34.37412705763644
2016/8/16 23:00,18.35300064,5.425000191,13.36100006,2.486999989,5.329999924,1.279000044,34.863967006643044
2016/8/17 0:00,18.01799965,5.827000141,13.75199986,2.984999895,4.630000114,1.218000054,33.90430754876807
2016/8/17 1:00,18.15200043,5.357999802,13.36100006,3.305000067,4.386000156,1.218000054,32.93614032097674
2016/8/17 2:00,17.07999992,4.68900013,13.32600021,2.984999895,3.868000031,1.156999946,34.04483030732633
2016/8/17 3:00,14.06599998,6.296000004,11.15799999,4.051000118,3.503000021,1.065999985,29.577130502963726
2016/8/17 4:00,14.19999981,5.960999966,11.33600044,4.263999939,3.107000113,1.340000033,29.466780559038884
2016/8/17 5:00,12.32400036,4.554999828,9.026000023,2.914000034,3.107000113,1.126999974,30.174786319522497
2016/8/17 6:00,12.92700005,5.157000065,9.06099987,3.092000008,3.319999933,1.218000054,29.98308441192881
2016/8/17 7:00,10.11400032,4.68900013,8.38599968,3.588999987,2.253999949,0.852999985,26.479470344636074
2016/8/17 8:00,10.18099976,5.827000141,7.214000225,3.233999968,2.862999916,1.248999953,28.598027538801666
2016/8/17 9:00,12.05599976,5.960999966,8.244000435,3.625,3.441999912,1.432000041,28.691633521327912
2016/8/17 10:00,14.06599998,6.56400013,9.807999611,4.014999866,4.172999859,1.491999984,25.632530130877143
2016/8/17 11:00,14.40100002,6.429999828,9.913999557,4.19299984,4.538000107,1.371000051,31.23399925
2016/8/17 12:00,15.00399971,5.960999966,9.772000313,3.660000086,4.598999977,1.613999963,27.716480213753783
2016/8/17 13:00,16.54400063,5.894000053,11.19400024,3.838000059,5.421999931,1.613999963,27.635761452798437
2016/8/17 14:00,16.00799942,6.697999954,10.5539999,3.944000006,5.329999924,1.644999981,27.53121908183074
2016/8/17 15:00,15.20400047,6.229000092,10.02099991,4.051000118,4.934000015,1.644999981,27.6592480311442
2016/8/17 16:00,13.73099995,5.492000103,8.883999825,3.127000093,4.598999977,1.552999973,27.959959319671874
2016/8/17 17:00,13.32900047,5.157000065,8.883999825,3.305000067,4.295000076,1.523000002,27.93792917056801
2016/8/17 18:00,12.59200001,5.090000153,8.244000435,3.055999994,4.263999939,1.491999984,26.27267531791965
2016/8/17 19:00,13.52999973,4.68900013,8.777000427,2.594000101,4.659999847,1.340000033,30.808337500140706
2016/8/17 20:00,18.62000084,5.69299984,11.61999989,2.984999895,7.006000042,1.491999984,26.648505325127676
2016/8/17 21:00,17.95100021,5.827000141,11.30000019,3.055999994,6.730999947,1.735999942,29.781712677455506
2016/8/17 22:00,17.61599922,6.631000042,11.76200008,4.335000038,5.940000057,1.552999973,29.425166511464482
2016/8/17 23:00,17.88400078,5.960999966,12.72200012,3.588999987,5.300000191,1.401000023,32.5371109795489
2016/8/18 0:00,20.89800072,6.96600008,12.61499977,2.878000021,7.218999863,1.888000011,33.46794392872821
2016/8/18 1:00,19.0890007,8.171999931,11.72700024,4.690999985,6.762000084,1.91900003,26.347571695357043
2016/8/18 2:00,16.47699928,6.764999866,10.05599976,4.19299984,6.335000038,1.76699996,27.51026191843259
2016/8/18 3:00,16.54400063,7.099999905,10.4119997,4.335000038,5.96999979,1.76699996,27.016016018200947
2016/8/18 4:00,14.66899967,6.162000179,8.989999771,3.375999928,5.604000092,1.76699996,28.03486311828117
2016/8/18 5:00,16.07500076,6.96600008,10.3760004,4.65500021,5.635000229,1.797000051,26.80558337663219
2016/8/18 6:00,15.20400047,7.234000206,9.772000313,4.014999866,5.940000057,1.91900003,27.236174209774305
2016/8/18 7:00,14.46800041,7.032999992,7.994999886,3.838000059,5.84800005,1.949000001,29.75699997
2016/8/18 8:00,11.38700008,6.09499979,8.777000427,4.335000038,3.503000021,1.552999973,29.253791322061435
2016/8/18 9:00,12.59200001,6.631000042,8.812999725,4.014999866,3.503000021,1.523000002,30.60099983
2016/8/18 10:00,14.06599998,5.827000141,9.31000042,3.76699996,4.538000107,1.462000012,25.990055730002993
2016/8/18 11:00,14.66899967,5.894000053,9.380999565,3.872999907,4.721000195,1.552999973,27.69770503645939
2016/8/18 12:00,15.40499973,6.027999878,9.807999611,3.019999981,5.238999844,1.491999984,26.48828073444866
2016/8/18 13:00,16.20899963,5.894000053,10.51799965,3.163000107,5.90899992,1.644999981,27.766343816240557
2016/8/18 14:00,15.53899956,5.760000229,10.3760004,3.411000013,5.390999794,1.523000002,27.605043770021247
2016/8/18 15:00,15.53899956,6.56400013,10.02099991,3.552999973,5.329999924,1.552999973,27.627925264298316
2016/8/18 16:00,14.19999981,5.559000015,9.380999565,3.339999914,5.086999893,1.583999991,27.909988140291098
2016/8/18 17:00,14.2670002,5.625999928,9.274999619,3.447000027,5.026000023,1.613999963,27.838839613557795
2016/8/18 18:00,13.12800026,5.357999802,8.350999832,3.019999981,4.751999855,1.613999963,27.97840771857993
2016/8/18 19:00,14.13300037,4.487999916,9.026000023,2.345000029,5.086999893,1.371000051,31.01427520208949
2016/8/18 20:00,19.82600021,4.421000004,12.47299957,1.527999997,7.370999813,1.76699996,35.891195226311005
2016/8/18 21:00,18.75399971,4.68900013,12.11699963,1.953999996,6.822999954,1.552999973,33.39306216920846
2016/8/18 22:00,22.17000008,6.631000042,16.06200027,3.588999987,6.0,1.491999984,32.02273440718783
2016/8/18 23:00,21.03199959,6.497000217,15.45800018,3.127000093,5.725999832,1.401000023,33.30680495716663
2016/8/19 0:00,21.16600037,6.631000042,16.06200027,3.980000019,4.934000015,1.340000033,31.92630587437204
2016/8/19 1:00,19.15600014,6.09499979,14.35599995,3.233999968,4.659999847,1.248999953,32.91009080687974
2016/8/19 2:00,19.55800056,5.960999966,14.99600029,3.660000086,4.386000156,1.309999943,32.224435860064034
2016/8/19 3:00,17.95100021,6.362999916,13.82299995,3.269000053,4.172999859,1.279000044,32.93833849544532
2016/8/19 4:00,17.75,6.162000179,14.0010004,3.660000086,3.71600008,1.218000054,32.303975829372355
2016/8/19 5:00,16.47699928,5.625999928,13.25500011,2.842999935,3.746000051,1.248999953,33.75499774447611
2016/8/19 6:00,16.00799942,5.157000065,12.50800037,2.415999889,3.838000059,1.309999943,34.62078561968727
2016/8/19 7:00,16.1420002,7.769999981,12.04599953,5.223999977,3.654999971,1.552999973,32.77220388020893
2016/8/19 8:00,14.93700027,5.69299984,11.19400024,3.055999994,3.746000051,1.583999991,28.06755032577463
2016/8/19 9:00,15.47200012,5.223999977,11.05099964,2.664999962,4.081999779,1.613999963,28.131721786874287
2016/8/19 10:00,14.60200024,5.827000141,10.05599976,3.76699996,5.177999973,1.552999973,27.609799687139756
2016/8/19 11:00,15.8739996,6.429999828,10.73200035,3.980000019,5.482999802,1.491999984,26.25340074390741
2016/8/19 12:00,17.41500092,5.69299984,10.97999954,3.730999947,5.787000179,1.613999963,29.376393892151754
2016/8/19 13:00,17.41500092,4.68900013,11.61999989,1.91900003,5.81799984,1.401000023,30.171826539027446
2016/8/19 14:00,16.27599907,4.152999878,10.5539999,1.315000057,5.147999763,1.401000023,33.675608872255836
2016/8/19 15:00,15.73999977,5.492000103,10.66100025,4.19299984,5.026000023,1.371000051,30.055922286339793
2016/8/19 16:00,14.73600006,5.559000015,9.701000214,3.019999981,4.994999886,1.613999963,27.86642863127851
2016/8/19 17:00,14.19999981,5.357999802,9.204000473,3.019999981,5.026000023,1.432000041,31.283665643431178
2016/8/19 18:00,13.26200008,4.68900013,8.456999779,2.594000101,4.782000065,1.491999984,26.465694888336976
2016/8/19 19:00,16.1420002,4.756000042,10.09200001,2.381000042,6.122000217,1.491999984,26.584716137908067
2016/8/19 20:00,20.02700043,4.487999916,12.57900047,1.527999997,7.522999763,1.76699996,35.750715368116715
2016/8/19 21:00,19.02199936,4.152999878,12.15299988,1.421000004,7.28000021,1.797000051,36.135750731143624
2016/8/19 22:00,22.70599937,8.572999954,16.16799927,4.547999859,6.335000038,1.613999963,31.83597309897146
2016/8/19 23:00,23.6439991,6.96600008,17.3409996,4.19299984,5.787000179,1.552999973,31.86135015771315
2016/8/20 0:00,19.75900078,6.429999828,14.81799984,3.980000019,5.238999844,1.432000041,32.187277370708706
2016/8/20 1:00,19.95999908,6.229000092,15.42199993,3.872999907,4.782000065,1.309999943,31.978065181501787
2016/8/20 2:00,17.81699944,5.357999802,13.50300026,2.984999895,4.447000027,1.218000054,35.03300095
2016/8/20 3:00,17.28100014,5.492000103,12.82800007,2.700999975,4.142000198,1.279000044,33.7554663833205
2016/8/20 4:00,15.8739996,6.497000217,12.29500008,4.370999813,3.806999922,1.279000044,32.261159716204716
2016/8/20 5:00,14.2670002,4.622000217,10.8739996,2.594000101,3.625,1.279000044,28.870859940120628
2016/8/20 6:00,15.13700008,6.429999828,11.76200008,4.263999939,3.686000109,1.156999946,29.299586296014596
2016/8/20 7:00,15.47200012,6.764999866,11.65499973,4.762000084,3.532999992,1.309999943,29.359747424388516
2016/8/20 8:00,15.53899956,7.636000156,11.65499973,5.046000004,3.654999971,1.462000012,27.68351898817525
2016/8/20 9:00,14.86999989,7.434999943,10.8739996,4.300000191,3.838000059,1.432000041,29.28586837378454
2016/8/20 10:00,17.48200035,6.831999779,12.22399998,4.903999805,4.965000153,1.523000002,32.47927675667938
2016/8/20 11:00,15.13700008,5.559000015,9.666000366,2.842999935,4.994999886,1.552999973,27.91043963149736
2016/8/20 12:00,10.31499958,4.421000004,6.005000114,2.239000082,4.295000076,1.218000054,29.656672686364086
2016/8/20 13:00,11.45400047,4.554999828,7.143000126,2.630000114,4.051000118,1.218000054,30.217778833352575
2016/8/20 14:00,10.91800022,4.019000053,6.965000153,2.486999989,4.142000198,1.309999943,31.058374281318503
2016/8/20 15:00,10.51599979,4.421000004,7.177999973,2.772000074,3.503000021,1.218000054,30.765042833260903
2016/8/20 16:00,9.711999893,3.750999928,7.320000172,2.381000042,2.802000046,0.913999975,31.468897764824384
2016/8/20 17:00,11.38700008,4.085999966,7.284999847,2.096999884,4.081999779,1.309999943,30.96628249182083
2016/8/20 18:00,7.903999805,2.411000013,5.578999996,1.457000017,2.28399992,0.670000017,28.401356988784677
2016/8/20 19:00,8.907999992,2.545000076,6.395999908,1.56400001,2.528000116,0.670000017,28.631250034710174
2016/8/20 20:00,12.12300014,3.214999914,8.493000031,1.953999996,3.594000101,0.760999978,32.463970226637834
2016/8/20 21:00,14.40100002,4.554999828,9.87899971,2.736000061,4.598999977,1.036000013,28.330171996672096
2016/8/20 22:00,14.40100002,5.827000141,10.19900036,3.375999928,3.868000031,1.036000013,32.1150083583876
2016/8/20 23:00,15.27099991,7.166999817,12.40200043,4.833000183,3.381000042,1.036000013,32.266841531103246
2016/8/21 0:00,14.60200024,6.296000004,11.08699989,4.263999939,3.259000063,0.975000024,29.482558924563637
2016/8/21 1:00,15.06999969,6.96600008,12.22399998,4.833000183,2.924000025,1.004999995,32.28639550915291
2016/8/21 2:00,13.79800034,6.96600008,11.15799999,4.65500021,2.772000074,1.004999995,29.199969772003474
2016/8/21 3:00,13.32900047,6.631000042,11.30000019,5.010000229,2.559000015,0.975000024,27.94875445928825
2016/8/21 4:00,13.06099987,5.625999928,10.05599976,3.802000046,2.315000057,0.913999975,28.787176130359825
2016/8/21 5:00,11.92199993,3.013999939,9.451999664,1.70599997,2.345000029,0.883000016,26.93473281190307
2016/8/21 6:00,13.4630003,4.085999966,11.05099964,2.273999929,2.680000067,0.913999975,29.73409149084174
2016/8/21 7:00,13.32900047,4.822999954,10.16300011,3.233999968,2.559000015,1.004999995,27.90557877080513
2016/8/21 8:00,12.6590004,4.354000092,9.487999916,2.594000101,2.650000095,1.036000013,28.846967094809415
2016/8/21 9:00,10.58300018,3.08100009,7.960000038,1.63499999,2.740999937,1.126999974,32.09423517707448
2016/8/21 10:00,10.98499966,5.157000065,7.747000217,3.339999914,3.349999905,1.126999974,29.89699936
2016/8/21 11:00,10.98499966,4.822999954,7.532999992,2.984999895,3.806999922,0.944000006,30.376144606578794
2016/8/21 12:00,10.18099976,4.421000004,6.965000153,2.523000002,3.319999933,1.065999985,30.925150619382457
2016/8/21 13:00,11.31999969,4.421000004,7.071000099,2.630000114,3.654999971,1.097000003,30.46844336964965
2016/8/21 14:00,11.18599987,4.152999878,7.143000126,2.594000101,3.532999992,1.156999946,30.992068171430283
2016/8/21 15:00,10.91800022,4.756000042,7.071000099,2.630000114,3.229000092,1.065999985,31.085738236919255
2016/8/21 16:00,9.979999542,3.951999903,6.857999802,2.273999929,3.167999983,1.156999946,31.35237532683438
2016/8/21 17:00,10.18099976,3.818000078,6.644999981,2.309999943,3.503000021,1.126999974,31.123511403201995
2016/8/21 18:00,9.376999855,3.750999928,5.791999817,2.273999929,3.349999905,1.065999985,31.35476854628287
2016/8/21 19:00,9.979999542,3.684000015,6.361000061,2.309999943,3.471999884,0.975000024,31.383647027901475
2016/8/21 20:00,14.53499985,4.487999916,9.23900032,2.594000101,5.300000191,1.156999946,30.735444196254445
2016/8/21 21:00,14.60200024,4.085999966,10.27000046,2.664999962,4.659999847,1.036000013,30.39932175398448
2016/8/21 22:00,14.53499985,3.818000078,10.16300011,2.096999884,4.111999989,1.126999974,30.28380710087085
2016/8/21 23:00,15.73999977,5.022999763,11.65499973,3.163000107,3.594000101,1.097000003,29.636267471050658
2016/8/22 0:00,20.02700043,6.831999779,14.0010004,4.157999992,5.756999969,1.613999963,32.21422229100008
2016/8/22 1:00,19.15600014,6.162000179,13.43200016,4.406000137,5.361000061,1.491999984,32.276382055055294
2016/8/22 2:00,18.08499908,6.429999828,12.47299957,4.122000217,5.026000023,1.462000012,32.29260405614542
2016/8/22 3:00,16.20899963,6.229000092,11.40699959,3.447000027,5.026000023,1.552999973,27.654984465256465
2016/8/22 4:00,17.88400078,5.625999928,12.86400032,3.660000086,4.965000153,1.583999991,32.405219567954916
2016/8/22 5:00,15.80700016,4.889999866,10.6960001,3.092000008,4.507999897,1.340000033,29.54599953
2016/8/22 6:00,15.80700016,5.157000065,11.22900009,3.055999994,4.751999855,1.401000023,30.47895404836517
2016/8/22 7:00,13.86499977,6.631000042,8.812999725,3.944000006,4.598999977,1.583999991,27.779182106300972
2016/8/22 8:00,9.845999718,4.554999828,7.888999939,3.625,1.91900003,0.822000027,23.92788701036075
2016/8/22 9:00,8.640000343,4.554999828,6.395999908,3.269000053,1.980000019,0.822000027,25.162474963297832
2016/8/22 10:00,10.85099983,5.425000191,7.106999874,3.482000113,3.229000092,1.218000054,32.399514859350326
2016/8/22 11:00,10.51599979,4.152999878,7.355999947,2.948999882,2.954999924,1.036000013,30.964060935496132
2016/8/22 12:00,9.376999855,4.287000179,6.928999901,2.664999962,2.680000067,0.944000006,28.72674522248935
2016/8/22 13:00,9.175999641,4.421000004,6.822999954,2.451999903,2.772000074,1.004999995,28.608636313286965
2016/8/22 14:00,9.711999893,4.421000004,6.395999908,2.345000029,2.832999945,1.097000003,30.476645472772343
2016/8/22 15:00,8.975000381,3.818000078,6.361000061,2.630000114,2.772000074,1.004999995,29.456416793154716
2016/8/22 16:00,8.907999992,4.152999878,6.254000187,2.842999935,2.618999958,1.004999995,28.454503095247496
2016/8/22 17:00,10.04699993,4.287000179,6.681000233,2.772000074,3.381000042,1.279000044,30.840940719347827
2016/8/22 18:00,8.907999992,3.88499999,5.862999916,2.415999889,3.015000105,1.097000003,28.13899994
2016/8/22 19:00,10.71700001,4.019000053,7.0,2.451999903,3.71600008,1.097000003,31.044845595503105
2016/8/22 20:00,12.52499962,4.019000053,8.137999535,2.486999989,4.355999947,1.097000003,30.814147159953574
2016/8/22 21:00,13.32900047,4.354000092,9.487999916,2.594000101,3.928999901,0.975000024,26.73200035
2016/8/22 22:00,13.59700012,3.750999928,10.02099991,2.061000109,3.289999962,1.036000013,31.293768783523088
2016/8/22 23:00,13.86499977,3.549999952,10.9090004,2.594000101,3.046000004,0.975000024,33.24997157906134
2016/8/23 0:00,14.13300037,4.287000179,11.54899979,3.127000093,2.772000074,0.975000024,29.08577530710001
2016/8/23 1:00,14.33399963,4.889999866,12.33100033,2.914000034,2.528000116,0.852999985,30.31861558314863
2016/8/23 2:00,14.06599998,4.756000042,11.33600044,2.594000101,2.497999907,0.883000016,29.068597084676053
2016/8/23 3:00,13.32900047,6.497000217,10.94499969,4.263999939,2.253999949,0.852999985,29.66652578514248
2016/8/23 4:00,13.59700012,6.497000217,10.8380003,5.046000004,2.163000107,0.822000027,26.66200066
2016/8/23 5:00,11.18599987,5.425000191,9.416999817,3.980000019,2.131999969,0.731000006,26.690826183896
2016/8/23 6:00,13.52999973,6.162000179,10.80300045,4.584000111,2.588999987,0.822000027,26.30999947
2016/8/23 7:00,11.98900032,6.09499979,9.31000042,4.547999859,2.375999928,0.975000024,27.420917123464022
2016/8/23 8:00,12.39099979,5.894000053,9.345999718,4.051000118,2.437000036,1.004999995,28.657358038267038
2016/8/23 9:00,9.979999542,4.956999779,6.822999954,3.055999994,2.497999907,1.065999985,26.81737403047684
2016/8/23 10:00,11.05200005,5.625999928,7.747000217,3.163000107,3.411000013,1.097000003,30.229592493429138
2016/8/23 11:00,12.39099979,5.492000103,8.883999825,3.696000099,3.532999992,1.036000013,29.743114914850445
2016/8/23 12:00,11.05200005,4.421000004,7.106999874,2.559000015,3.503000021,1.279000044,30.86184250831338
2016/8/23 13:00,12.12300014,4.956999779,7.639999866,3.092000008,3.654999971,1.065999985,29.985173769376903
2016/8/23 14:00,11.78800011,4.889999866,7.604000092,2.914000034,3.532999992,1.036000013,30.116908182780286
2016/8/23 15:00,10.98499966,4.822999954,7.994999886,3.127000093,3.349999905,1.248999953,30.29477459283381
2016/8/23 16:00,10.58300018,4.622000217,7.427000046,2.630000114,3.229000092,1.187999964,33.13299942
2016/8/23 17:00,10.64999962,5.022999763,7.284999847,3.092000008,3.411000013,1.156999946,30.42415845656149
2016/8/23 18:00,9.779000282,3.88499999,6.467000008,2.345000029,3.319999933,1.065999985,31.349921146770875
2016/8/23 19:00,11.25300026,3.951999903,7.284999847,2.273999929,3.928999901,1.156999946,30.954640047862554
2016/8/23 20:00,15.60599995,5.559000015,10.12699986,3.163000107,5.573999882,1.036000013,30.429110429783837
2016/8/23 21:00,14.13300037,4.956999779,9.097000122,2.878000021,4.994999886,1.248999953,30.87606205496286
2016/8/23 22:00,13.73099995,6.09499979,9.666000366,3.90899992,4.172999859,1.187999964,28.694226866880857
2016/8/23 23:00,13.39599991,6.09499979,10.02099991,4.086999893,3.625,1.065999985,28.838659842878588
2016/8/24 0:00,14.46800041,6.027999878,11.58399963,4.833000183,3.107000113,1.065999985,29.51056940282961
2016/8/24 1:00,13.59700012,6.362999916,10.4119997,4.619999886,3.441999912,1.065999985,28.83235394128482
2016/8/24 2:00,11.98900032,5.760000229,9.451999664,3.944000006,2.650000095,0.852999985,28.177883270122134
2016/8/24 3:00,12.39099979,6.497000217,10.12699986,4.868000031,2.588999987,0.944000006,27.746355677116835
2016/8/24 4:00,10.04699993,5.022999763,7.320000172,3.233999968,2.497999907,0.944000006,26.73503500303334
2016/8/24 5:00,11.92199993,5.960999966,9.026000023,4.051000118,2.618999958,0.944000006,27.487063808057894
2016/8/24 6:00,11.45400047,5.290999889,8.635000229,3.339999914,2.588999987,0.822000027,26.5909996
2016/8/24 7:00,12.12300014,6.429999828,9.737000465,4.477000237,2.437000036,1.004999995,28.657989689305996
2016/8/24 8:00,10.64999962,5.492000103,7.994999886,3.76699996,2.497999907,1.126999974,27.25197395728862
2016/8/24 9:00,10.71700001,5.559000015,7.568999767,3.802000046,2.497999907,1.065999985,27.223226657267922
2016/8/24 10:00,11.5880003,5.357999802,7.710999966,3.552999973,3.197999954,1.126999974,25.105557753355214
2016/8/24 11:00,11.72099972,4.756000042,8.137999535,3.055999994,3.77699995,1.065999985,29.763057899948407
2016/8/24 12:00,11.65499973,4.956999779,7.427000046,2.523000002,3.471999884,1.156999946,29.89699936
2016/8/24 13:00,13.4630003,4.554999828,8.670999527,2.700999975,4.081999779,1.126999974,29.93354996513819
2016/8/24 14:00,11.72099972,5.157000065,8.777000427,3.127000093,3.898999929,1.248999953,29.666761762203627
2016/8/24 15:00,12.85999966,5.69299984,9.204000473,3.872999907,3.594000101,1.126999974,29.61117001473666
2016/8/24 16:00,10.91800022,5.090000153,7.639999866,3.339999914,3.319999933,1.218000054,30.196064745713024
2016/8/24 17:00,10.85099983,4.756000042,7.461999893,3.305000067,3.471999884,1.126999974,30.413094195205066
2016/8/24 18:00,9.845999718,3.951999903,6.502999783,2.451999903,3.289999962,1.065999985,31.347679370575904
2016/8/24 19:00,10.7840004,3.684000015,7.106999874,2.239000082,3.71600008,1.248999953,31.22041402203943
2016/8/24 20:00,15.06999969,4.622000217,9.666000366,2.700999975,5.300000191,1.156999946,29.996324004693097
2016/8/24 21:00,13.79800034,4.622000217,8.598999977,2.806999922,5.177999973,1.340000033,29.47500038
2016/8/24 22:00,15.13700008,6.429999828,11.76200008,4.406000137,4.081999779,1.097000003,29.19400024
2016/8/24 23:00,15.40499973,3.818000078,11.90400028,2.203000069,3.503000021,1.004999995,34.71677441937175
2016/8/25 0:00,17.28100014,5.559000015,12.47299957,2.984999895,5.604000092,1.583999991,33.487988440278585
2016/8/25 1:00,16.07500076,4.152999878,10.51799965,2.061000109,5.238999844,1.432000041,30.403714307251207
2016/8/25 2:00,13.79800034,3.348999977,9.097000122,1.63499999,4.873000145,1.371000051,32.69224808612873
2016/8/25 3:00,13.59700012,5.760000229,9.345999718,3.76699996,4.630000114,1.340000033,26.80200005
2016/8/25 4:00,12.99400043,5.69299984,8.598999977,3.269000053,4.447000027,1.248999953,26.30999947
2016/8/25 5:00,13.59700012,5.492000103,8.847999573,3.411000013,4.538000107,1.309999943,32.157220263863955
2016/8/25 6:00,13.79800034,5.960999966,9.23900032,3.90899992,4.507999897,1.218000054,26.23900032
2016/8/25 7:00,15.27099991,5.090000153,10.02099991,2.273999929,4.477000237,1.432000041,28.6658701390471
2016/8/25 8:00,10.58300018,3.348999977,8.777000427,2.594000101,2.28399992,0.944000006,26.93516319298028
2016/8/25 9:00,10.51599979,5.559000015,7.390999794,3.163000107,2.467000008,0.944000006,26.805109553124463
2016/8/25 10:00,11.38700008,5.492000103,7.747000217,3.163000107,3.075999975,1.065999985,29.947088042181626
2016/8/25 11:00,11.5880003,5.223999977,7.994999886,3.019999981,3.594000101,1.065999985,30.006341321481646
2016/8/25 12:00,10.58300018,4.019000053,7.249000072,2.486999989,3.289999962,1.004999995,31.276049127268283
2016/8/25 13:00,12.72599983,4.956999779,8.527999878,2.664999962,3.806999922,1.036000013,30.05628936658367
2016/8/25 14:00,11.85499954,5.492000103,8.208999634,3.517999887,3.77699995,1.248999953,25.25952002080896
2016/8/25 15:00,12.45800018,4.822999954,8.244000435,3.055999994,3.746000051,1.340000033,29.77588294601464
2016/8/25 16:00,10.85099983,4.152999878,7.390999794,2.630000114,3.381000042,1.248999953,31.15989266513328
2016/8/25 17:00,11.05200005,4.68900013,7.498000145,2.948999882,3.594000101,1.097000003,30.517192816905112
2016/8/25 18:00,10.24800014,4.21999979,6.71600008,2.630000114,3.532999992,1.156999946,30.96373863121906
2016/8/25 19:00,12.32400036,4.287000179,8.031000137,2.381000042,4.355999947,1.156999946,30.583461753199202
2016/8/25 20:00,16.00799942,3.08100009,10.19900036,1.172999978,5.725999832,1.126999974,32.53994123283165
2016/8/25 21:00,16.47699928,4.622000217,11.51299953,2.559000015,4.873000145,1.187999964,30.21285659164606
2016/8/25 22:00,16.00799942,4.152999878,12.15299988,2.025000095,4.111999989,1.097000003,34.77443044202672
2016/8/25 23:00,16.47699928,5.157000065,12.64999962,3.588999987,3.77699995,1.248999953,31.787681657312987
2016/8/26 0:00,18.01799965,6.09499979,14.3920002,3.90899992,3.532999992,1.126999974,32.30959249800447
2016/8/26 1:00,16.54400063,5.625999928,13.96500015,3.517999887,3.107000113,0.944000006,32.20019945549136
2016/8/26 2:00,15.53899956,4.554999828,12.79300022,2.948999882,2.588999987,0.883000016,33.72546825583157
2016/8/26 3:00,15.3380003,7.301000118,13.25500011,5.188000202,2.375999928,0.822000027,28.184654760902664
2016/8/26 4:00,15.73999977,5.290999889,13.04100037,3.197999954,2.650000095,0.883000016,33.03545040364584
2016/8/26 5:00,14.86999989,6.96600008,12.40200043,4.619999886,2.772000074,0.913999975,32.673444443363366
2016/8/26 6:00,13.73099995,5.625999928,11.44200039,4.263999939,2.437000036,0.852999985,28.919333229107725
2016/8/26 7:00,11.72099972,5.760000229,9.843000412,4.014999866,2.00999999,0.913999975,26.849021279350183
2016/8/26 8:00,10.31499958,6.162000179,8.421999931,4.833000183,1.888000011,0.852999985,25.04415006056294
2016/8/26 9:00,9.444000244,5.760000229,7.249000072,4.300000191,2.315000057,1.036000013,27.138378725914684
2016/8/26 10:00,10.18099976,5.022999763,6.502999783,3.375999928,2.710999966,1.279000044,28.631536090845234
2016/8/26 11:00,9.109000206,4.956999779,6.395999908,3.055999994,2.832999945,1.097000003,29.963353983838978
2016/8/26 12:00,7.636000156,3.818000078,4.93900013,2.309999943,2.163000107,0.975000024,26.386728695756823
2016/8/26 13:00,8.171999931,3.684000015,5.295000076,2.594000101,2.345000029,1.036000013,27.067276446656052
2016/8/26 14:00,7.568999767,4.354000092,5.117000103,2.486999989,2.772000074,1.097000003,27.044128150544044
2016/8/26 15:00,7.368000031,4.085999966,5.578999996,2.736000061,1.888000011,0.883000016,27.08399963
2016/8/26 16:00,6.764999866,3.750999928,4.762000084,2.594000101,2.040999889,0.944000006,24.333211418625247
2016/8/26 17:00,7.636000156,3.415999889,5.081999779,2.309999943,2.497999907,1.004999995,26.722033162091282
2016/8/26 18:00,6.296000004,3.08100009,4.441999912,2.025000095,1.888000011,0.700999975,24.62100029
2016/8/26 19:00,6.296000004,2.477999926,4.441999912,1.56400001,1.76699996,0.547999978,21.599844354306192
2016/8/26 20:00,6.96600008,2.611999989,5.010000229,1.883000016,1.980000019,0.547999978,22.822650082315732
2016/8/26 21:00,7.434999943,2.545000076,4.868000031,0.816999972,2.559000015,0.883000016,27.462158213821503
2016/8/26 22:00,11.05200005,4.152999878,8.847999573,3.269000053,2.193000078,0.852999985,25.434974793691552
2016/8/26 23:00,11.25300026,3.08100009,9.630000114,1.70599997,2.163000107,1.004999995,26.351713230171857
2016/8/27 0:00,15.47200012,5.357999802,10.7670002,2.806999922,4.598999977,1.491999984,26.231111903775673
2016/8/27 1:00,15.13700008,4.354000092,10.51799965,3.019999981,4.295000076,1.462000012,26.061939040031245
2016/8/27 2:00,15.06999969,6.429999828,11.12199974,4.335000038,4.172999859,1.371000051,29.384976462999003
2016/8/27 3:00,15.20400047,6.631000042,11.15799999,4.796999931,4.111999989,1.340000033,29.321760292242935
2016/8/27 4:00,14.40100002,5.625999928,10.44699955,3.944000006,4.355999947,1.401000023,29.83453371411564
2016/8/27 5:00,16.94599915,5.492000103,12.29500008,2.984999895,4.447000027,1.309999943,33.540954532408534
2016/8/27 6:00,18.21899986,7.501999855,12.79300022,5.188000202,5.086999893,1.613999963,32.50169117832074
2016/8/27 7:00,14.19999981,4.822999954,9.131999969,2.309999943,4.782000065,1.85800004,28.119495932263543
2016/8/27 8:00,12.12300014,4.085999966,9.204000473,2.594000101,2.467000008,1.340000033,28.727252878251733
2016/8/27 9:00,9.51099968,3.148000002,6.857999802,1.350000024,2.345000029,1.340000033,27.37252957364594
2016/8/27 10:00,9.711999893,4.421000004,6.43200016,3.375999928,2.618999958,1.248999953,26.30999947
2016/8/27 11:00,9.31000042,4.68900013,6.361000061,2.451999903,3.229000092,1.065999985,31.102146959624893
2016/8/27 12:00,7.301000118,3.951999903,5.188000202,2.486999989,2.375999928,1.065999985,27.177552367093075
2016/8/27 13:00,7.368000031,3.617000103,4.93900013,2.451999903,2.345000029,1.187999964,27.019311313702246
2016/8/27 14:00,8.171999931,4.68900013,5.436999798,2.664999962,2.345000029,1.218000054,25.62258533157283
2016/8/27 15:00,8.23900032,3.88499999,5.295000076,2.381000042,2.193000078,1.065999985,26.840737850173067
2016/8/27 16:00,7.234000206,3.88499999,4.833000183,2.948999882,2.315000057,1.036000013,27.71699905
2016/8/27 17:00,8.305999756,4.21999979,5.543000221,2.664999962,2.710999966,1.036000013,28.19612101403342
2016/8/27 18:00,7.568999767,3.750999928,5.010000229,2.415999889,2.528000116,1.004999995,26.815594768012815
2016/8/27 19:00,6.631000042,3.282000065,4.335000038,2.061000109,2.253999949,0.975000024,24.238925511055868
2016/8/27 20:00,7.501999855,3.282000065,5.081999779,2.239000082,2.315000057,0.822000027,25.18400002
2016/8/27 21:00,7.166999817,2.678999901,4.65500021,1.491999984,2.467000008,0.913999975,26.19222901018857
2016/8/27 22:00,9.109000206,3.951999903,6.610000134,2.700999975,2.101999998,0.852999985,26.41030835503398
2016/8/27 23:00,10.91800022,5.223999977,8.598999977,3.411000013,2.163000107,0.913999975,26.037607817489533
2016/8/28 0:00,9.51099968,4.822999954,7.071000099,3.625,1.888000011,0.760999978,23.84799957
2016/8/28 1:00,8.505999565,4.421000004,6.076000214,2.664999962,1.735999942,0.731000006,22.787655581348154
2016/8/28 2:00,6.56400013,3.818000078,5.401000023,2.523000002,1.613999963,0.700999975,21.33041348982401
2016/8/28 3:00,7.368000031,3.415999889,5.828000069,2.878000021,1.583999991,0.731000006,23.037466660488498
2016/8/28 4:00,8.104999542,3.348999977,5.899000168,2.806999922,1.613999963,0.639999986,22.29999924
2016/8/28 5:00,7.836999893,4.085999966,6.289999962,2.486999989,1.85800004,0.670000017,24.096029859334504
2016/8/28 6:00,8.171999931,3.148000002,6.005000114,2.239000082,2.497999907,0.822000027,28.82730183825584
2016/8/28 7:00,9.444000244,4.287000179,6.928999901,3.092000008,2.618999958,1.065999985,27.29736065755929
2016/8/28 8:00,8.975000381,3.282000065,5.899000168,1.031000018,2.650000095,1.156999946,31.837970920286544
2016/8/28 9:00,8.43900013,4.756000042,5.258999825,2.948999882,2.497999907,1.156999946,26.673443725336494
2016/8/28 10:00,9.845999718,5.022999763,6.183000088,2.772000074,3.289999962,1.371000051,30.327384087130564
2016/8/28 11:00,9.578000069,4.956999779,6.822999954,3.233999968,2.984999895,1.248999953,30.421784139696964
2016/8/28 12:00,6.96600008,3.348999977,4.547999859,1.812000036,2.315000057,0.975000024,24.124637643835843
2016/8/28 13:00,8.43900013,4.085999966,5.578999996,2.878000021,2.467000008,1.097000003,28.64668776428428
2016/8/28 14:00,8.505999565,4.756000042,5.791999817,2.594000101,2.253999949,1.156999946,25.525246879833862
2016/8/28 15:00,6.831999779,3.348999977,4.690999985,2.594000101,2.131999969,1.097000003,24.343503162520033
2016/8/28 16:00,7.301000118,4.085999966,4.974999905,2.630000114,2.253999949,1.004999995,27.29165827454518
2016/8/28 17:00,7.903999805,3.750999928,5.223999977,2.381000042,2.740999937,1.036000013,27.43045886570305
2016/8/28 18:00,7.703000069,3.48300004,4.93900013,2.239000082,2.680000067,1.065999985,26.91755530190882
2016/8/28 19:00,6.96600008,3.08100009,4.547999859,1.91900003,2.375999928,0.944000006,23.810778265896666
2016/8/28 20:00,8.371999741,3.617000103,5.472000122,2.203000069,2.802000046,0.944000006,30.61941945997285
2016/8/28 21:00,7.368000031,3.348999977,4.903999805,2.451999903,2.375999928,0.822000027,26.039557030980117
2016/8/28 22:00,8.104999542,3.818000078,5.96999979,2.381000042,2.253999949,0.944000006,28.087855074224464
2016/8/28 23:00,8.505999565,4.354000092,5.899000168,2.594000101,2.193000078,0.944000006,24.62100029
2016/8/29 0:00,6.429999828,3.750999928,4.513000011,2.451999903,2.071000099,0.883000016,24.02761387027061
2016/8/29 1:00,7.703000069,3.750999928,5.899000168,2.523000002,1.949000001,0.883000016,26.66439175217926
2016/8/29 2:00,7.501999855,4.019000053,6.147999763,2.842999935,1.797000051,0.822000027,24.91219203565473
2016/8/29 3:00,7.099999905,4.019000053,4.762000084,2.736000061,1.85800004,0.852999985,23.726530725488033
2016/8/29 4:00,6.362999916,3.348999977,4.263999939,2.451999903,1.85800004,0.913999975,23.814456534918627
2016/8/29 5:00,7.368000031,3.013999939,5.258999825,2.486999989,2.071000099,0.791999996,25.801646459073922
2016/8/29 6:00,10.7840004,4.487999916,7.676000118,3.055999994,2.740999937,1.036000013,29.15577557364982
2016/8/29 7:00,8.305999756,4.756000042,5.578999996,2.523000002,2.467000008,1.218000054,26.833652243427004
2016/8/29 8:00,8.572999954,4.622000217,5.543000221,3.375999928,2.710999966,1.340000033,28.178378327440978
2016/8/29 9:00,8.975000381,5.223999977,6.254000187,3.552999973,2.740999937,1.340000033,28.57207588794722
2016/8/29 10:00,10.04699993,5.425000191,6.681000233,3.163000107,2.984999895,1.309999943,30.247431008403066
2016/8/29 11:00,9.845999718,4.756000042,6.681000233,2.948999882,3.289999962,1.309999943,30.40742479147031
2016/8/29 12:00,8.371999741,4.019000053,5.650000095,2.239000082,2.375999928,1.065999985,28.112501169321618
2016/8/29 13:00,8.774000168,4.622000217,5.828000069,2.914000034,2.528000116,1.156999946,26.761675184758264
2016/8/29 14:00,8.640000343,4.68900013,5.650000095,2.842999935,2.467000008,1.187999964,26.830417223664718
2016/8/29 15:00,8.706999779,4.756000042,5.472000122,2.948999882,2.588999987,1.187999964,27.300753225722072
2016/8/29 16:00,8.975000381,4.956999779,6.361000061,3.163000107,2.618999958,1.218000054,26.032408151058327
2016/8/29 17:00,8.774000168,4.554999828,6.361000061,2.948999882,2.710999966,1.218000054,28.26382389116151
2016/8/29 18:00,7.836999893,3.951999903,5.295000076,2.239000082,2.559000015,1.065999985,27.454623181707174
2016/8/29 19:00,7.434999943,3.148000002,4.833000183,1.953999996,2.528000116,0.944000006,26.674704769405572
2016/8/29 20:00,8.371999741,3.415999889,5.721000195,2.273999929,2.650000095,0.760999978,30.1075486174822
2016/8/29 21:00,10.38199997,3.818000078,7.427000046,2.594000101,2.375999928,0.852999985,24.5510006
2016/8/29 22:00,9.645000458,4.889999866,7.782000065,3.696000099,1.949000001,0.822000027,26.17084823233144
2016/8/29 23:00,10.91800022,5.625999928,8.883999825,3.802000046,1.949000001,0.913999975,26.350158725875374
2016/8/30 0:00,14.86999989,6.497000217,10.12699986,4.725999832,4.295000076,1.401000023,29.55726900708505
2016/8/30 1:00,14.66899967,7.099999905,10.3409996,4.584000111,4.081999779,1.340000033,29.425742136126036
2016/8/30 2:00,13.66399956,6.764999866,9.451999664,4.086999893,4.020999908,1.340000033,28.597630771218704
2016/8/30 3:00,13.52999973,6.296000004,9.666000366,4.014999866,3.898999929,1.309999943,28.728052805712647
2016/8/30 4:00,12.99400043,6.09499979,8.670999527,4.406000137,4.172999859,1.371000051,31.991357302834757
2016/8/30 5:00,15.06999969,6.831999779,9.949999809,4.014999866,4.751999855,1.432000041,29.686961695096294
2016/8/30 6:00,15.3380003,7.099999905,10.3760004,3.944000006,5.208000183,1.613999963,25.98123199180681
2016/8/30 7:00,16.20899963,6.027999878,11.65499973,3.375999928,4.965000153,1.76699996,27.83402418848277
2016/8/30 8:00,12.99400043,5.559000015,10.09200001,3.197999954,2.680000067,1.401000023,30.521468995142264
2016/8/30 9:00,9.779000282,4.622000217,7.284999847,3.019999981,2.375999928,1.156999946,25.850427884644816
2016/8/30 10:00,9.645000458,4.68900013,6.787000179,3.375999928,2.862999916,1.218000054,33.699809033705186
2016/8/30 11:00,9.913000107,4.756000042,7.0,3.055999994,3.015000105,1.126999974,27.78700066
2016/8/30 12:00,8.43900013,3.88499999,5.401000023,2.167999983,2.345000029,0.944000006,27.251116778750557
2016/8/30 13:00,8.572999954,4.354000092,6.324999809,2.914000034,2.223999977,1.004999995,25.126432061733617
2016/8/30 14:00,8.505999565,4.822999954,5.791999817,3.163000107,2.253999949,1.065999985,25.689510809334184
2016/8/30 15:00,7.903999805,4.68900013,6.111999989,3.588999987,2.223999977,1.097000003,26.64453270079522
2016/8/30 16:00,7.903999805,4.554999828,5.436999798,2.984999895,2.437000036,1.218000054,26.682086336754338
2016/8/30 17:00,8.907999992,4.421000004,5.899000168,3.019999981,2.772000074,1.248999953,28.270114177271022
2016/8/30 18:00,8.104999542,4.085999966,5.366000175,2.664999962,2.680000067,1.097000003,27.499791156883113
2016/8/30 19:00,7.769999981,3.617000103,5.188000202,2.167999983,2.588999987,1.036000013,27.02016265226879
2016/8/30 20:00,8.572999954,3.88499999,5.899000168,2.594000101,2.559000015,0.883000016,30.40988953430653
2016/8/30 21:00,9.51099968,3.617000103,7.532999992,2.523000002,2.253999949,0.852999985,26.048843359685094
2016/8/30 22:00,11.45400047,5.290999889,9.31000042,4.513000011,2.101999998,0.760999978,26.697208745795106
2016/8/30 23:00,12.79300022,3.818000078,10.9090004,2.273999929,1.949000001,0.791999996,28.684318349103414
2016/8/31 0:00,13.79800034,4.622000217,12.36600018,3.055999994,1.85800004,0.822000027,25.249814011352065
2016/8/31 1:00,13.79800034,4.622000217,12.36600018,3.055999994,1.85800004,0.822000027,25.24761398489362
2016/8/31 2:00,13.79800034,4.622000217,12.36600018,3.055999994,1.85800004,0.822000027,25.245471506524694
2016/8/31 3:00,13.79800034,4.622000217,12.36600018,3.055999994,1.85800004,0.822000027,25.243284120107536
2016/8/31 4:00,13.79800034,4.622000217,12.36600018,3.055999994,1.85800004,0.822000027,25.04400063
2016/8/31 5:00,13.79800034,4.622000217,12.36600018,3.055999994,1.85800004,0.822000027,25.23898775136398
2016/8/31 6:00,13.79800034,4.622000217,12.36600018,3.055999994,1.85800004,0.822000027,25.236673586890547
2016/8/31 7:00,13.79800034,4.622000217,12.36600018,3.055999994,1.85800004,0.822000027,25.234226411662352
2016/8/31 8:00,13.79800034,4.622000217,12.36600018,3.055999994,1.85800004,0.822000027,25.231994211044984
2016/8/31 9:00,13.79800034,4.622000217,12.36600018,3.055999994,1.85800004,0.822000027,25.229593916873227
2016/8/31 10:00,13.79800034,4.622000217,12.36600018,3.055999994,1.85800004,0.822000027,25.227374107172654
2016/8/31 11:00,13.79800034,4.622000217,12.36600018,3.055999994,1.85800004,0.822000027,25.22528977266321
2016/8/31 12:00,13.79800034,4.622000217,12.36600018,3.055999994,1.85800004,0.822000027,25.22268725457395
2016/8/31 13:00,13.79800034,4.622000217,12.36600018,3.055999994,1.85800004,0.822000027,25.220583058738736
2016/8/31 14:00,13.79800034,4.622000217,12.36600018,3.055999994,1.85800004,0.822000027,25.218284423509395
2016/8/31 15:00,13.79800034,4.622000217,12.36600018,3.055999994,1.85800004,0.822000027,25.216361717113024
2016/8/31 16:00,13.79800034,4.622000217,12.36600018,3.055999994,1.85800004,0.822000027,25.21428283795341
2016/8/31 17:00,13.79800034,4.622000217,12.36600018,3.055999994,1.85800004,0.822000027,25.212162724150083
2016/8/31 18:00,13.79800034,4.622000217,12.36600018,3.055999994,1.85800004,0.822000027,25.209872025897695
2016/8/31 19:00,13.79800034,4.622000217,12.36600018,3.055999994,1.85800004,0.822000027,25.04400063
2016/8/31 20:00,13.79800034,4.622000217,12.36600018,3.055999994,1.85800004,0.822000027,25.20680400491244
2016/8/31 21:00,13.79800034,4.622000217,12.36600018,3.055999994,1.85800004,0.822000027,25.04400063
2016/8/31 22:00,13.79800034,4.622000217,12.36600018,3.055999994,1.85800004,0.822000027,25.203211982933173
2016/8/31 23:00,13.79800034,4.622000217,12.36600018,3.055999994,1.85800004,0.822000027,25.201317833257946
2016/9/1 0:00,16.00799942,7.234000206,10.8739996,4.619999886,4.538000107,1.552999973,24.68710891459865
2016/9/1 1:00,14.53499985,6.229000092,9.701000214,4.051000118,4.295000076,1.797000051,28.03906329436951
2016/9/1 2:00,14.40100002,4.487999916,9.772000313,2.061000109,4.477000237,1.583999991,28.021722827831482
2016/9/1 3:00,14.60200024,6.429999828,10.30500031,4.370999813,4.324999809,1.523000002,27.798103671062957
2016/9/1 4:00,12.32400036,5.157000065,8.598999977,3.305000067,4.324999809,1.552999973,27.94040085658276
2016/9/1 5:00,13.86499977,6.229000092,9.23900032,4.122000217,4.782000065,1.552999973,27.730317893970952
2016/9/1 6:00,14.60200024,4.287000179,9.737000465,1.457000017,5.147999763,1.735999942,34.16331068462404
2016/9/1 7:00,15.8739996,5.894000053,10.66100025,3.339999914,5.086999893,1.91900003,27.906181112111508
2016/9/1 8:00,10.38199997,3.549999952,7.214000225,1.84800005,2.680000067,1.401000023,31.14276032020834
2016/9/1 9:00,9.51099968,3.684000015,6.822999954,2.096999884,2.710999966,1.309999943,29.50495007372301
2016/9/1 10:00,10.18099976,3.818000078,7.0,1.315000057,3.046000004,1.401000023,34.55007044398178
2016/9/1 11:00,10.7840004,3.818000078,7.320000172,1.527999997,3.319999933,1.309999943,34.07756565951015
2016/9/1 12:00,8.774000168,4.487999916,6.005000114,2.772000074,2.437000036,1.126999974,26.59305493715648
2016/9/1 13:00,8.171999931,3.818000078,5.791999817,2.486999989,2.405999899,0.944000006,28.79440588249581
2016/9/1 14:00,8.43900013,3.951999903,5.828000069,2.630000114,2.467000008,1.218000054,28.814056592977103
2016/9/1 15:00,9.243000031,3.617000103,6.928999901,1.527999997,2.650000095,1.187999964,34.04220748252515
2016/9/1 16:00,9.51099968,3.48300004,6.610000134,1.598999977,2.650000095,1.613999963,30.904773547920865
2016/9/1 17:00,9.444000244,3.08100009,6.467000008,1.491999984,2.924000025,1.218000054,31.344481729913944
2016/9/1 18:00,8.305999756,4.152999878,5.68599987,2.736000061,2.650000095,1.097000003,28.50518262189162
2016/9/1 19:00,8.907999992,3.88499999,5.828000069,2.345000029,2.954999924,1.036000013,29.349460053738348
2016/9/1 20:00,9.779000282,3.818000078,6.573999882,2.381000042,3.259000063,1.065999985,31.42621114628647
2016/9/1 21:00,9.041999817,3.214999914,5.934000015,1.84800005,3.046000004,1.097000003,31.524404193340764
2016/9/1 22:00,9.31000042,4.287000179,6.183000088,2.381000042,2.862999916,1.065999985,30.62167056805052
2016/9/1 23:00,10.7840004,5.090000153,7.960000038,3.980000019,2.345000029,0.975000024,26.818759337111054
2016/9/2 0:00,12.12300014,6.09499979,9.451999664,3.980000019,2.28399992,1.065999985,29.693730934317863
2016/9/2 1:00,10.91800022,5.69299984,8.208999634,3.90899992,2.253999949,1.004999995,26.703802138148394
2016/9/2 2:00,10.51599979,5.760000229,8.56400013,4.086999893,2.163000107,1.036000013,26.8224067489753
2016/9/2 3:00,9.578000069,4.956999779,7.853000164,3.233999968,2.071000099,1.004999995,25.120117432099228
2016/9/2 4:00,10.38199997,4.822999954,8.56400013,3.447000027,1.949000001,0.944000006,26.101212805624776
2016/9/2 5:00,11.05200005,5.559000015,9.131999969,4.051000118,2.040999889,0.852999985,26.792382615841202
2016/9/2 6:00,12.52499962,3.951999903,9.23900032,2.309999943,2.710999966,1.004999995,29.790546978341837
2016/9/2 7:00,11.05200005,3.818000078,8.350999832,2.096999884,2.680000067,1.371000051,30.648234575210044
2016/9/2 8:00,10.91800022,4.554999828,8.456999779,2.594000101,2.832999945,1.462000012,27.162658215349815
2016/9/2 9:00,10.31499958,6.362999916,7.604000092,3.944000006,2.954999924,1.462000012,27.477716547873403
2016/9/2 10:00,10.7840004,6.296000004,7.532999992,3.838000059,3.107000113,1.491999984,27.410768520701527
2016/9/2 11:00,10.31499958,5.290999889,7.390999794,3.872999907,3.289999962,1.340000033,29.6388368240815
2016/9/2 12:00,8.907999992,4.554999828,5.543000221,2.167999983,2.862999916,1.309999943,29.014910044434586
2016/9/2 13:00,9.243000031,4.554999828,6.040999889,2.630000114,2.954999924,1.309999943,30.526255967885618
2016/9/2 14:00,8.975000381,5.290999889,6.040999889,3.127000093,3.075999975,1.371000051,30.123209826279336
2016/9/2 15:00,9.845999718,5.223999977,6.610000134,3.127000093,2.894000053,1.309999943,30.2449980715406
2016/9/2 16:00,9.444000244,4.354000092,6.538000107,2.878000021,2.832999945,1.340000033,30.604355891638537
2016/9/2 17:00,9.51099968,4.68900013,6.43200016,3.019999981,3.075999975,1.248999953,32.57099915
2016/9/2 18:00,8.774000168,4.287000179,5.756999969,2.664999962,2.984999895,1.218000054,29.65730150207734
2016/9/2 19:00,9.376999855,4.085999966,6.218999863,2.486999989,3.107000113,1.097000003,31.41838402969254
2016/9/2 20:00,10.18099976,4.085999966,6.681000233,2.523000002,3.441999912,1.156999946,31.18355928134343
2016/9/2 21:00,9.109000206,3.415999889,6.040999889,2.061000109,3.015000105,1.097000003,30.654311474775128
2016/9/2 22:00,10.38199997,4.889999866,7.994999886,3.375999928,2.528000116,1.036000013,26.765801023858963
2016/9/2 23:00,11.85499954,5.425000191,9.131999969,3.411000013,2.559000015,1.097000003,26.9954264408424
2016/9/3 0:00,12.6590004,5.69299984,7.853000164,3.127000093,4.813000202,1.735999942,28.000483832435634
2016/9/3 1:00,15.94099998,7.368000031,11.33600044,4.833000183,4.568999767,1.644999981,24.761623007116338
2016/9/3 2:00,14.40100002,6.764999866,9.772000313,4.441999912,4.447000027,1.583999991,27.355822759796958
2016/9/3 3:00,12.85999966,6.497000217,8.173000336,4.086999893,4.507999897,1.583999991,27.822086917264446
2016/9/3 4:00,14.06599998,5.69299984,8.777000427,3.944000006,4.598999977,1.674999952,27.945818439916543
2016/9/3 5:00,14.93700027,6.899000168,9.913999557,4.300000191,4.630000114,1.644999981,25.878228842640457
2016/9/3 6:00,16.87899971,7.301000118,11.76200008,4.65500021,5.421999931,1.827999949,25.95800018
2016/9/3 7:00,13.9989996,6.899000168,9.416999817,4.441999912,5.117000103,1.827999949,25.98507996701004
2016/9/3 8:00,8.43900013,5.69299984,6.040999889,3.517999887,2.710999966,1.523000002,24.035569303061493
2016/9/3 9:00,9.31000042,5.760000229,6.822999954,3.802000046,2.832999945,1.432000041,29.52838140623822
2016/9/3 10:00,11.05200005,5.625999928,7.320000172,3.90899992,3.259000063,1.432000041,29.563066593617588
2016/9/3 11:00,10.7840004,4.956999779,7.320000172,3.127000093,3.471999884,1.401000023,30.37257997626295
2016/9/3 12:00,9.979999542,4.822999954,6.894000053,3.375999928,2.772000074,1.126999974,28.664270417527813
2016/9/3 13:00,10.71700001,5.157000065,7.071000099,2.772000074,2.954999924,1.248999953,30.95299911
2016/9/3 14:00,9.578000069,5.090000153,6.928999901,3.696000099,2.772000074,1.340000033,29.35924837243351
2016/9/3 15:00,8.840999603,5.223999977,6.610000134,3.092000008,2.650000095,1.218000054,26.84377293523721
2016/9/3 16:00,8.774000168,4.889999866,6.395999908,3.696000099,2.618999958,1.218000054,26.2848965525258
2016/9/3 17:00,9.31000042,4.822999954,6.43200016,3.163000107,2.954999924,1.309999943,30.441122695056748
2016/9/3 18:00,7.903999805,4.019000053,5.258999825,2.700999975,2.650000095,1.097000003,27.335205604711774
2016/9/3 19:00,9.041999817,3.549999952,5.96999979,2.167999983,3.015000105,1.004999995,30.594990707768492
2016/9/3 20:00,9.444000244,3.549999952,6.289999962,2.131999969,3.046000004,0.944000006,31.876274133227845
2016/9/3 21:00,10.51599979,4.152999878,7.676000118,2.451999903,2.740999937,0.913999975,29.165355564361235
2016/9/3 22:00,10.38199997,4.354000092,7.81799984,2.914000034,2.375999928,0.944000006,25.444370092062226
2016/9/3 23:00,12.05599976,5.223999977,8.989999771,3.872999907,2.467000008,1.065999985,27.77738299595105
2016/9/4 0:00,11.11900043,4.822999954,8.954999924,3.90899992,2.345000029,1.036000013,26.688637672277892
2016/9/4 1:00,11.31999969,5.157000065,9.630000114,4.513000011,2.071000099,0.913999975,26.691501696329883
2016/9/4 2:00,11.72099972,4.956999779,8.989999771,3.944000006,2.071000099,0.944000006,26.454205484097688
2016/9/4 3:00,11.5880003,5.69299984,9.559000015,3.980000019,1.888000011,0.883000016,25.245755916745487
2016/9/4 4:00,10.38199997,5.157000065,8.421999931,3.233999968,1.980000019,0.883000016,25.012256516741544
2016/9/4 5:00,11.11900043,4.822999954,9.23900032,3.339999914,2.040999889,0.852999985,25.211579025259105
2016/9/4 6:00,13.19499969,6.027999878,10.73200035,3.944000006,2.710999966,1.004999995,29.181338516475304
2016/9/4 7:00,11.72099972,4.889999866,8.883999825,3.197999954,2.710999966,1.218000054,29.118434774725557
2016/9/4 8:00,10.11400032,4.554999828,7.676000118,3.055999994,2.710999966,1.279000044,28.969741225190308
2016/9/4 9:00,8.572999954,4.354000092,5.96999979,2.664999962,2.618999958,1.279000044,27.87100338810205
2016/9/4 10:00,9.979999542,4.487999916,7.106999874,2.984999895,2.740999937,1.248999953,28.73495402797003
2016/9/4 11:00,9.109000206,3.88499999,6.254000187,2.415999889,2.924000025,1.126999974,30.58163311208539
2016/9/4 12:00,7.166999817,3.013999939,4.619999886,1.56400001,2.528000116,1.097000003,26.995194139150673
2016/9/4 13:00,7.301000118,2.880000114,4.868000031,1.63499999,2.497999907,1.097000003,26.99051966946451
2016/9/4 14:00,7.166999817,3.148000002,4.833000183,1.812000036,2.315000057,1.036000013,28.84199905
2016/9/4 15:00,7.301000118,3.415999889,4.903999805,2.131999969,2.497999907,1.126999974,26.812041384301292
2016/9/4 16:00,7.368000031,3.88499999,5.046000004,2.594000101,2.253999949,1.156999946,27.41450642327821
2016/9/4 17:00,8.23900032,3.750999928,5.436999798,2.309999943,2.772000074,1.126999974,28.186613224674485
2016/9/4 18:00,6.96600008,3.282000065,4.584000111,2.061000109,2.375999928,1.004999995,24.062767054806155
2016/9/4 19:00,7.703000069,3.08100009,5.081999779,1.953999996,2.618999958,0.852999985,26.66932124481459
2016/9/4 20:00,7.903999805,3.08100009,5.081999779,1.883000016,2.740999937,0.883000016,27.013945708860103
2016/9/4 21:00,6.899000168,3.750999928,4.441999912,2.096999884,2.528000116,0.883000016,24.16575745856478
2016/9/4 22:00,8.505999565,4.68900013,6.147999763,3.339999914,2.223999977,0.883000016,25.2533584291085
2016/9/4 23:00,9.444000244,5.357999802,7.320000172,3.660000086,1.949000001,0.852999985,26.19234212919222
2016/9/5 0:00,12.52499962,6.96600008,11.44200039,5.862999916,1.888000011,0.852999985,25.704618622847676
2016/9/5 1:00,12.32400036,6.697999954,10.12699986,4.903999805,1.735999942,0.791999996,25.56316619444725
2016/9/5 2:00,11.65499973,6.56400013,9.274999619,4.263999939,1.644999981,0.852999985,24.597291628233656
2016/9/5 3:00,12.25699997,6.831999779,10.3760004,5.223999977,1.76699996,0.975000024,25.958851257554088
2016/9/5 4:00,12.52499962,6.162000179,10.23400021,4.513000011,1.949000001,0.944000006,24.34000015
2016/9/5 5:00,10.31499958,5.157000065,8.102000237,3.838000059,2.131999969,0.944000006,26.396707676457893
2016/9/5 6:00,13.66399956,6.56400013,10.3409996,4.868000031,2.710999966,1.065999985,29.134791622769203
2016/9/5 7:00,12.18999958,6.831999779,9.23900032,4.762000084,2.528000116,1.218000054,28.519902726949034
2016/9/5 8:00,10.24800014,7.032999992,7.782000065,4.370999813,2.559000015,1.401000023,29.211095020825255
2016/9/5 9:00,9.041999817,6.027999878,6.538000107,3.305000067,2.680000067,1.279000044,27.899830247531764
2016/9/5 10:00,9.913000107,4.956999779,6.928999901,3.305000067,2.862999916,1.279000044,29.895079647895226
2016/9/5 11:00,9.979999542,4.354000092,6.467000008,2.878000021,2.772000074,1.156999946,28.407557921029724
2016/9/5 12:00,8.371999741,4.287000179,5.68599987,2.415999889,2.437000036,1.036000013,27.134976436835846
2016/9/5 13:00,7.903999805,4.354000092,5.578999996,2.451999903,2.467000008,1.156999946,26.942967398434156
2016/9/5 14:00,7.836999893,4.822999954,5.721000195,3.127000093,2.223999977,1.065999985,25.153422755151063
2016/9/5 15:00,7.703000069,4.287000179,5.828000069,3.163000107,2.345000029,1.097000003,25.865665897546368
2016/9/5 16:00,7.501999855,4.21999979,5.117000103,2.948999882,2.345000029,1.097000003,25.46046012554224
2016/9/5 17:00,8.43900013,4.152999878,5.614999771,2.664999962,2.740999937,1.097000003,28.360698425883943
2016/9/5 18:00,7.501999855,3.88499999,4.868000031,2.381000042,2.559000015,1.065999985,27.21299235178713
2016/9/5 19:00,8.038000107,3.348999977,5.223999977,2.025000095,2.772000074,1.004999995,27.278519619009753
2016/9/5 20:00,8.038000107,3.282000065,5.329999924,2.061000109,2.710999966,0.944000006,27.20044274746185
2016/9/5 21:00,7.099999905,3.148000002,4.65500021,1.953999996,2.467000008,0.913999975,24.266584355192464
2016/9/5 22:00,7.703000069,3.48300004,4.762000084,2.096999884,2.193000078,0.944000006,26.517374121289194
2016/9/5 23:00,7.836999893,3.88499999,5.68599987,2.239000082,2.253999949,0.975000024,28.141214969506404
2016/9/6 0:00,11.78800011,5.827000141,7.532999992,3.625,4.507999897,1.613999963,25.74699974
2016/9/6 1:00,9.913000107,5.425000191,8.38599968,4.229000092,1.949000001,0.944000006,26.61442366530866
2016/9/6 2:00,11.25300026,4.756000042,6.857999802,2.806999922,4.234000206,1.462000012,26.40252011405144
2016/9/6 3:00,10.71700001,5.022999763,6.928999901,3.233999968,4.234000206,1.523000002,27.360943442445492
2016/9/6 4:00,10.7840004,5.157000065,7.249000072,3.233999968,4.263999939,1.583999991,27.51533452722488
2016/9/6 5:00,12.18999958,5.425000191,7.676000118,2.948999882,4.386000156,1.371000051,30.482456321477535
2016/9/6 6:00,13.39599991,4.554999828,8.244000435,2.948999882,4.934000015,1.462000012,26.49576559171976
2016/9/6 7:00,11.72099972,5.357999802,6.538000107,2.878000021,4.721000195,1.552999973,27.40096507223654
2016/9/6 8:00,8.975000381,4.21999979,6.538000107,3.447000027,2.131999969,1.187999964,26.209963010131624
2016/9/6 9:00,8.774000168,4.68900013,6.502999783,3.625,2.28399992,1.156999946,26.485415177283897
2016/9/6 10:00,9.109000206,4.956999779,6.361000061,3.163000107,2.650000095,1.218000054,24.40999985
2016/9/6 11:00,8.572999954,4.354000092,5.650000095,2.948999882,2.375999928,1.004999995,24.1989994
2016/9/6 12:00,6.429999828,3.549999952,4.406000137,2.239000082,1.76699996,0.852999985,24.45244397349001
2016/9/6 13:00,6.56400013,3.549999952,4.051000118,1.598999977,1.888000011,0.944000006,23.815681365301952
2016/9/6 14:00,6.09499979,3.214999914,4.263999939,2.415999889,1.888000011,1.065999985,21.73699951
2016/9/6 15:00,6.429999828,3.750999928,4.477000237,2.239000082,1.827999949,0.975000024,25.20518720744692
2016/9/6 16:00,5.960999966,3.08100009,3.944000006,1.669999957,1.980000019,1.065999985,23.516031762308394
2016/9/6 17:00,7.703000069,3.549999952,5.117000103,2.239000082,2.528000116,1.004999995,26.82622392914977
2016/9/6 18:00,6.229000092,2.812999964,3.980000019,1.669999957,2.131999969,0.852999985,23.743666841407286
2016/9/6 19:00,5.827000141,2.411000013,3.872999907,1.527999997,1.980000019,0.670000017,17.821617405615477
2016/9/6 20:00,5.625999928,2.411000013,3.552999973,1.491999984,2.193000078,0.760999978,18.414727894326674
2016/9/6 21:00,4.956999779,2.678999901,3.305000067,1.207999945,1.797000051,0.731000006,21.225466571237938
2016/9/6 22:00,4.68900013,2.477999926,3.980000019,1.91900003,1.371000051,0.547999978,18.97319586148092
2016/9/6 23:00,6.96600008,3.415999889,6.076000214,3.092000008,1.462000012,0.700999975,21.75005017950087
2016/9/7 0:00,8.104999542,4.019000053,6.965000153,3.197999954,1.523000002,0.731000006,21.774182080997626
2016/9/7 1:00,8.171999931,4.354000092,6.822999954,2.984999895,1.491999984,0.731000006,21.310946535260413
2016/9/7 2:00,8.371999741,4.554999828,6.928999901,3.233999968,1.279000044,0.609000027,21.631489351641015
2016/9/7 3:00,6.631000042,3.684000015,5.366000175,2.700999975,1.309999943,0.639999986,18.29000092
2016/9/7 4:00,8.104999542,4.019000053,6.894000053,3.197999954,1.432000041,0.700999975,21.724210316241457
2016/9/7 5:00,9.376999855,4.487999916,7.498000145,2.878000021,1.674999952,0.700999975,22.465016944369086
2016/9/7 6:00,10.71700001,5.090000153,8.421999931,3.375999928,2.497999907,0.852999985,26.37335443987096
2016/9/7 7:00,10.31499958,5.827000141,8.031000137,4.157999992,2.467000008,1.126999974,27.33172050255186
2016/9/7 8:00,9.31000042,5.357999802,6.43200016,3.019999981,2.437000036,1.156999946,26.60503216996639
2016/9/7 9:00,8.371999741,5.157000065,5.578999996,3.375999928,2.223999977,1.248999953,20.82299995
2016/9/7 10:00,9.041999817,5.425000191,6.254000187,3.447000027,2.559000015,1.279000044,26.81419817571738
2016/9/7 11:00,8.104999542,4.21999979,5.578999996,2.948999882,2.588999987,0.944000006,27.42673759572087
2016/9/7 12:00,5.960999966,3.617000103,3.90899992,1.598999977,1.980000019,0.975000024,23.627266814518784
2016/9/7 13:00,6.027999878,3.549999952,4.263999939,2.239000082,1.888000011,0.913999975,23.98800087
2016/9/7 14:00,6.899000168,3.951999903,4.477000237,2.096999884,1.888000011,0.975000024,23.941311463977954
2016/9/7 15:00,6.96600008,3.617000103,4.441999912,2.559000015,1.797000051,1.065999985,25.803905568493878
2016/9/7 16:00,6.697999954,3.818000078,4.93900013,2.486999989,1.888000011,1.004999995,23.80699259779663
2016/9/7 17:00,7.234000206,3.684000015,4.974999905,2.381000042,2.345000029,0.944000006,24.83200073
2016/9/7 18:00,6.631000042,3.348999977,4.441999912,2.131999969,2.131999969,0.944000006,24.21588051529792
2016/9/7 19:00,6.631000042,2.746000051,4.19299984,1.56400001,2.375999928,0.913999975,23.457613996341024
2016/9/7 20:00,6.497000217,3.013999939,4.441999912,1.812000036,2.131999969,0.852999985,23.290797108388198
2016/9/7 21:00,6.497000217,3.214999914,3.944000006,1.812000036,1.827999949,0.760999978,23.003135942975668
2016/9/7 22:00,5.223999977,3.214999914,3.588999987,1.953999996,1.552999973,0.760999978,21.564847178671986
2016/9/7 23:00,7.099999905,4.085999966,5.791999817,3.092000008,1.644999981,0.760999978,21.758201481022933
2016/9/8 0:00,10.38199997,5.090000153,6.218999863,3.019999981,3.868000031,1.340000033,30.24024786148366
2016/9/8 1:00,11.05200005,4.756000042,6.894000053,3.447000027,3.868000031,1.279000044,32.766490783771225
2016/9/8 2:00,10.11400032,5.357999802,6.43200016,3.838000059,3.838000059,1.340000033,29.835753424478803
2016/9/8 3:00,10.24800014,5.090000153,5.828000069,2.914000034,3.99000001,1.401000023,30.08397370076705
2016/9/8 4:00,10.44900036,5.290999889,5.650000095,3.127000093,4.111999989,1.462000012,21.80800056
2016/9/8 5:00,10.04699993,5.223999977,5.436999798,2.451999903,4.659999847,1.491999984,24.761730268120488
2016/9/8 6:00,12.85999966,5.827000141,7.214000225,3.625,5.208000183,1.552999973,27.34889689567594
2016/9/8 7:00,11.65499973,5.223999977,6.361000061,3.055999994,4.538000107,1.583999991,27.2503654531291
2016/9/8 8:00,8.23900032,4.354000092,5.899000168,2.736000061,2.588999987,1.340000033,28.080274391888874
2016/9/8 9:00,8.038000107,4.822999954,6.147999763,3.092000008,2.467000008,1.401000023,26.885118271311192
2016/9/8 10:00,8.975000381,4.956999779,5.899000168,2.842999935,2.862999916,1.371000051,30.084782775130112
2016/9/8 11:00,9.175999641,4.756000042,6.005000114,3.197999954,2.954999924,1.156999946,30.134301601144887
2016/9/8 12:00,7.368000031,3.617000103,4.370999813,1.669999957,2.223999977,1.036000013,26.98057628427335
2016/9/8 13:00,6.362999916,3.750999928,4.300000191,1.84800005,2.193000078,1.065999985,24.061813871074655
2016/9/8 14:00,7.568999767,3.951999903,4.903999805,2.131999969,2.131999969,1.065999985,26.453439195941684
2016/9/8 15:00,6.764999866,3.951999903,5.329999924,2.486999989,2.131999969,1.248999953,23.55658841834613
2016/9/8 16:00,6.899000168,3.750999928,4.93900013,2.415999889,2.345000029,1.156999946,23.877212820032565
2016/9/8 17:00,7.568999767,3.88499999,5.188000202,2.594000101,2.437000036,1.036000013,27.22400093
2016/9/8 18:00,6.831999779,3.282000065,4.477000237,2.025000095,2.28399992,0.913999975,24.177010912752316
2016/9/8 19:00,7.368000031,3.282000065,4.833000183,2.239000082,2.559000015,0.944000006,27.062609053727154
2016/9/8 20:00,7.368000031,3.415999889,4.903999805,2.239000082,2.528000116,0.944000006,26.645810252575657
2016/9/8 21:00,8.706999779,3.348999977,6.502999783,2.381000042,2.071000099,0.852999985,26.31291850191914
2016/9/8 22:00,10.04699993,5.090000153,8.137999535,3.76699996,1.888000011,0.883000016,24.30825708943861
2016/9/8 23:00,10.91800022,5.559000015,9.345999718,3.730999947,1.70599997,0.883000016,24.802318921860433
2016/9/9 0:00,11.98900032,6.429999828,10.3409996,4.833000183,1.583999991,0.852999985,24.69199944
2016/9/9 1:00,12.72599983,6.764999866,10.51799965,4.619999886,1.70599997,0.913999975,25.546881144741054
2016/9/9 2:00,12.6590004,7.099999905,10.94499969,4.974999905,1.674999952,0.852999985,23.98800087
2016/9/9 3:00,12.45800018,6.497000217,10.19900036,4.725999832,1.462000012,0.760999978,24.43469591570572
2016/9/9 4:00,12.18999958,6.56400013,10.7670002,5.223999977,1.70599997,0.913999975,25.595740975093996
2016/9/9 5:00,11.72099972,3.750999928,9.984999657,2.273999929,1.980000019,0.944000006,26.189132145316062
2016/9/9 6:00,12.6590004,3.48300004,10.09200001,2.096999884,2.559000015,1.036000013,29.451444897429234
2016/9/9 7:00,10.31499958,3.214999914,8.065999985,1.84800005,2.28399992,1.004999995,27.074161276583986
2016/9/9 8:00,11.05200005,4.622000217,8.527999878,2.203000069,2.28399992,1.126999974,24.34000015
2016/9/9 9:00,9.376999855,3.013999939,7.498000145,1.136999965,2.405999899,1.218000054,28.042073437181575
2016/9/9 10:00,9.913000107,5.022999763,6.610000134,3.127000093,2.650000095,1.218000054,26.95267134649989
2016/9/9 11:00,9.175999641,5.022999763,6.218999863,2.914000034,2.710999966,1.126999974,28.24434479439218
2016/9/9 12:00,7.234000206,3.348999977,4.868000031,1.883000016,2.467000008,1.156999946,26.96351853560977
2016/9/9 13:00,7.836999893,3.951999903,5.081999779,2.664999962,2.588999987,1.156999946,26.91927801361483
2016/9/9 14:00,8.774000168,4.822999954,5.791999817,2.700999975,2.559000015,1.248999953,27.36621655076816
2016/9/9 15:00,8.774000168,5.223999977,6.324999809,3.233999968,2.528000116,1.218000054,26.669567021519583
2016/9/9 16:00,8.43900013,4.287000179,6.040999889,2.700999975,2.680000067,1.218000054,28.103021780405925
2016/9/9 17:00,8.840999603,4.152999878,6.005000114,2.451999903,2.802000046,1.187999964,29.515114719114777
2016/9/9 18:00,7.703000069,3.549999952,4.903999805,2.131999969,2.802000046,1.218000054,30.344379145363842
2016/9/9 19:00,8.43900013,3.617000103,5.614999771,2.131999969,2.894000053,1.097000003,30.41008050169523
2016/9/9 20:00,7.903999805,3.415999889,5.258999825,2.203000069,2.650000095,0.944000006,27.20973932882635
2016/9/9 21:00,7.368000031,2.947000027,4.974999905,1.70599997,2.375999928,0.913999975,26.536855859332427
2016/9/9 22:00,9.645000458,4.622000217,7.071000099,3.411000013,1.980000019,0.883000016,25.944384056207383
2016/9/9 23:00,10.38199997,4.956999779,8.38599968,3.163000107,2.00999999,0.975000024,25.144653267761147
2016/9/10 0:00,10.18099976,5.492000103,8.350999832,3.838000059,1.827999949,0.852999985,24.658236123008827
2016/9/10 1:00,10.91800022,5.625999928,8.741999626,3.90899992,1.583999991,0.791999996,24.185368377460783
2016/9/10 2:00,11.11900043,5.223999977,9.451999664,4.300000191,1.462000012,0.700999975,24.166503390515317
2016/9/10 3:00,10.7840004,4.956999779,8.847999573,3.447000027,1.462000012,0.731000006,24.060396677421185
2016/9/10 4:00,10.71700001,4.622000217,8.56400013,3.339999914,1.735999942,0.883000016,24.74031360350427
2016/9/10 5:00,10.31499958,5.157000065,7.994999886,3.482000113,1.85800004,0.791999996,24.565623500379616
2016/9/10 6:00,10.71700001,5.022999763,8.031000137,2.914000034,2.375999928,1.004999995,25.37579206122275
2016/9/10 7:00,9.913000107,5.425000191,7.284999847,3.019999981,2.588999987,1.279000044,27.22692327849869
2016/9/10 8:00,10.91800022,5.960999966,8.456999779,3.625,2.710999966,1.340000033,30.952990084607745
2016/9/10 9:00,9.041999817,5.559000015,6.538000107,3.447000027,2.862999916,1.491999984,27.07621161392137
2016/9/10 10:00,9.979999542,5.894000053,7.106999874,3.696000099,3.137000084,1.491999984,27.01300049
2016/9/10 11:00,10.31499958,5.492000103,7.249000072,3.269000053,3.107000113,1.279000044,30.277631525675066
2016/9/10 12:00,7.971000195,4.019000053,4.93900013,2.594000101,2.345000029,1.126999974,27.29868981257503
2016/9/10 13:00,7.836999893,4.085999966,5.010000229,1.812000036,2.437000036,1.156999946,27.18175797165403
2016/9/10 14:00,7.836999893,3.818000078,5.507999897,3.092000008,2.375999928,1.156999946,28.27899933
2016/9/10 15:00,8.305999756,4.68900013,5.472000122,2.806999922,2.405999899,1.126999974,25.941913403458173
2016/9/10 16:00,7.301000118,4.085999966,5.010000229,2.630000114,2.375999928,1.097000003,27.64599991
2016/9/10 17:00,8.840999603,4.354000092,6.147999763,2.878000021,2.740999937,1.097000003,28.320400398072092
2016/9/10 18:00,7.568999767,3.750999928,4.974999905,2.594000101,2.375999928,0.944000006,26.5091556052796
2016/9/10 19:00,8.23900032,3.684000015,5.721000195,2.167999983,2.618999958,1.004999995,29.609772743578418
2016/9/10 20:00,7.636000156,3.348999977,5.366000175,2.309999943,2.28399992,0.791999996,27.216274777767026
2016/9/10 21:00,9.175999641,3.617000103,6.965000153,1.883000016,2.253999949,0.852999985,26.98276392555463
2016/9/10 22:00,11.11900043,4.956999779,9.593999863,4.370999813,2.040999889,0.944000006,26.67776794383642
2016/9/10 23:00,13.12800026,3.88499999,10.51799965,2.806999922,1.797000051,0.913999975,25.251239559507017
2016/9/11 0:00,17.34799957,5.894000053,12.97000027,3.517999887,4.203000069,1.401000023,32.458311658445666
2016/9/11 1:00,16.61100006,5.425000191,12.47299957,2.984999895,4.172999859,1.371000051,33.55608128338274
2016/9/11 2:00,16.87899971,5.960999966,12.68599987,3.482000113,4.081999779,1.432000041,32.28816104592652
2016/9/11 3:00,16.54400063,5.290999889,12.43700027,2.984999895,3.868000031,1.401000023,33.9227332981167
2016/9/11 4:00,14.86999989,6.429999828,10.51799965,4.157999992,4.020999908,1.491999984,24.146930085343826
2016/9/11 5:00,15.60599995,4.889999866,11.19400024,2.523000002,4.568999767,1.491999984,25.18400002
2016/9/11 6:00,17.95100021,5.090000153,12.54399967,2.700999975,5.117000103,1.644999981,33.86033633710985
2016/9/11 7:00,16.47699928,5.425000191,11.76200008,2.736000061,4.965000153,1.797000051,27.990857076208826
2016/9/11 8:00,13.9989996,4.421000004,11.51299953,2.914000034,2.467000008,1.248999953,28.922073398001654
2016/9/11 9:00,10.91800022,5.894000053,8.493000031,3.944000006,2.193000078,1.248999953,25.781571492893814
2016/9/11 10:00,8.774000168,4.889999866,6.076000214,2.664999962,2.588999987,1.156999946,27.526009138295564
2016/9/11 11:00,9.376999855,4.68900013,6.218999863,2.415999889,3.229000092,1.218000054,31.298923981962062
2016/9/11 12:00,7.166999817,3.549999952,4.300000191,2.203000069,2.345000029,1.036000013,27.084469906272407
2016/9/11 13:00,7.166999817,3.415999889,4.513000011,2.486999989,2.375999928,1.097000003,27.22165873567911
2016/9/11 14:00,7.636000156,4.68900013,5.258999825,2.984999895,2.223999977,1.126999974,25.11400032
2016/9/11 15:00,6.362999916,3.282000065,4.300000191,1.99000001,2.131999969,1.036000013,24.115616323185655
2016/9/11 16:00,6.027999878,3.415999889,3.625,1.491999984,2.315000057,1.126999974,23.82819971756734
2016/9/11 17:00,7.501999855,3.617000103,4.903999805,2.381000042,2.650000095,1.126999974,26.650049724695837
2016/9/11 18:00,6.764999866,3.415999889,4.547999859,2.309999943,2.315000057,0.944000006,24.075769256768343
2016/9/11 19:00,7.099999905,3.148000002,4.584000111,2.061000109,2.375999928,0.852999985,21.73699951
2016/9/11 20:00,6.497000217,3.148000002,4.370999813,2.096999884,2.040999889,0.760999978,21.38500023
2016/9/11 21:00,5.625999928,2.210000038,3.802000046,1.56400001,1.76699996,0.639999986,18.314169314472373
2016/9/11 22:00,6.027999878,3.148000002,3.660000086,1.812000036,1.583999991,0.700999975,21.631074509751507
2016/9/11 23:00,8.706999779,4.421000004,5.96999979,3.197999954,1.85800004,0.731000006,23.83231412164755
2016/9/12 0:00,9.31000042,4.487999916,7.782000065,3.660000086,1.491999984,0.822000027,22.823869925613366
2016/9/12 1:00,9.845999718,5.223999977,7.81799984,3.76699996,1.371000051,0.760999978,23.115418760330495
2016/9/12 2:00,9.845999718,5.223999977,8.102000237,3.90899992,1.309999943,0.700999975,23.047875727715414
2016/9/12 3:00,8.975000381,4.756000042,7.355999947,3.411000013,1.340000033,0.700999975,22.59791685093613
2016/9/12 4:00,8.840999603,4.68900013,7.284999847,3.660000086,1.491999984,0.731000006,22.720144521397785
2016/9/12 5:00,9.711999893,4.21999979,7.710999966,3.305000067,1.76699996,1.126999974,23.510711689130382
2016/9/12 6:00,10.64999962,4.152999878,8.031000137,2.984999895,2.375999928,0.760999978,25.657361298235784
2016/9/12 7:00,9.979999542,5.290999889,6.502999783,3.339999914,2.345000029,1.126999974,25.879392436676554
2016/9/12 8:00,8.774000168,5.559000015,5.68599987,3.411000013,2.497999907,1.309999943,26.975062487170103
2016/9/12 9:00,6.96600008,3.88499999,4.903999805,2.523000002,2.528000116,1.523000002,21.73699951
2016/9/12 10:00,8.305999756,4.085999966,5.366000175,2.415999889,2.710999966,1.279000044,28.188481464431412
2016/9/12 11:00,8.23900032,3.951999903,5.578999996,2.736000061,2.772000074,1.156999946,29.234307339354054
2016/9/12 12:00,7.166999817,3.214999914,4.584000111,2.239000082,2.28399992,1.126999974,27.791093613737093
2016/9/12 13:00,7.099999905,3.951999903,4.619999886,2.381000042,2.163000107,1.036000013,23.91387535347753
2016/9/12 14:00,6.296000004,3.951999903,4.547999859,2.239000082,1.980000019,1.004999995,23.809830585132865
2016/9/12 15:00,7.301000118,3.750999928,4.974999905,2.842999935,2.101999998,1.065999985,26.340711506950367
2016/9/12 16:00,6.697999954,3.88499999,4.406000137,2.523000002,2.223999977,1.097000003,23.885496215755953
2016/9/12 17:00,8.104999542,3.818000078,5.401000023,2.630000114,2.467000008,1.004999995,27.405044911626792
2016/9/12 18:00,7.166999817,3.48300004,4.690999985,2.273999929,2.467000008,0.913999975,26.112779992211923
2016/9/12 19:00,7.368000031,3.214999914,4.903999805,2.025000095,2.437000036,0.883000016,26.477128619742924
2016/9/12 20:00,6.96600008,3.214999914,4.762000084,2.061000109,2.375999928,0.883000016,24.40999985
2016/9/12 21:00,6.96600008,1.875,4.441999912,0.782000005,2.00999999,0.822000027,25.230814380174607
2016/9/12 22:00,8.572999954,4.019000053,6.538000107,2.345000029,1.827999949,0.822000027,23.957417627361334
2016/9/12 23:00,10.7840004,3.617000103,9.131999969,2.772000074,1.735999942,0.822000027,24.81800708614829
2016/9/13 0:00,14.60200024,4.421000004,10.6960001,2.309999943,4.081999779,1.401000023,26.45470075240072
2016/9/13 1:00,14.46800041,4.354000092,10.23400021,2.096999884,3.99000001,1.309999943,23.63699913
2016/9/13 2:00,14.80300045,4.822999954,10.3760004,2.594000101,3.71600008,1.279000044,28.12077432975192
2016/9/13 3:00,14.60200024,4.889999866,10.51799965,2.736000061,3.960000038,1.371000051,27.728371019877873
2016/9/13 4:00,14.53499985,4.822999954,9.984999657,2.700999975,3.868000031,1.309999943,28.175159856932023
2016/9/13 5:00,14.60200024,4.554999828,10.4829998,2.239000082,4.172999859,1.309999943,22.86300087
2016/9/13 6:00,16.1420002,4.68900013,11.05099964,2.203000069,4.813000202,1.401000023,30.03405795394287
2016/9/13 7:00,14.86999989,4.554999828,10.44699955,2.736000061,3.898999929,1.126999974,27.90231651006023
2016/9/13 8:00,10.64999962,4.822999954,9.345999718,3.980000019,1.371000051,0.578999996,24.16057058029561
2016/9/13 9:00,6.899000168,3.818000078,5.828000069,3.552999973,1.309999943,0.518000007,22.053888723864976
2016/9/13 10:00,7.836999893,4.622000217,6.254000187,3.588999987,1.552999973,0.578999996,22.528087564552617
2016/9/13 11:00,8.104999542,4.152999878,6.324999809,2.736000061,1.735999942,0.547999978,22.654194418414917
2016/9/13 12:00,6.497000217,3.282000065,5.223999977,2.381000042,1.248999953,0.486999989,26.45000076
2016/9/13 13:00,5.894000053,2.947000027,4.584000111,2.025000095,1.309999943,0.486999989,25.82099492748729
2016/9/13 14:00,6.697999954,3.549999952,5.081999779,2.415999889,1.156999946,0.456999987,26.521846627452
2016/9/13 15:00,7.166999817,4.152999878,5.68599987,2.878000021,1.187999964,0.518000007,23.10430555762394
2016/9/13 16:00,6.56400013,3.818000078,5.258999825,2.984999895,1.187999964,0.486999989,27.71699905
2016/9/13 17:00,6.764999866,2.947000027,5.507999897,2.523000002,1.279000044,0.456999987,25.78825858366343
2016/9/13 18:00,6.229000092,3.148000002,4.93900013,2.486999989,1.248999953,0.365999997,26.156625188836607
2016/9/13 19:00,7.769999981,3.415999889,5.117000103,2.381000042,2.680000067,0.883000016,25.88800049
2016/9/13 20:00,7.836999893,3.48300004,5.046000004,2.273999929,2.740999937,0.944000006,26.918401809907987
2016/9/13 21:00,7.032999992,3.214999914,4.300000191,2.167999983,2.680000067,0.975000024,26.257530636988612
2016/9/13 22:00,8.774000168,4.152999878,6.183000088,2.664999962,2.193000078,0.852999985,24.62100029
2016/9/13 23:00,11.98900032,5.157000065,9.772000313,3.802000046,1.949000001,0.852999985,26.522173059554248
2016/9/14 0:00,12.52499962,6.362999916,10.625,4.370999813,1.827999949,0.822000027,25.382842358219737
2016/9/14 1:00,11.85499954,6.362999916,10.02099991,4.547999859,1.644999981,0.760999978,24.59366374191563
2016/9/14 2:00,12.39099979,3.617000103,10.625,2.914000034,1.674999952,0.791999996,24.450973296544003
2016/9/14 3:00,9.444000244,5.022999763,7.782000065,3.625,1.523000002,0.731000006,22.813109421550735
2016/9/14 4:00,8.640000343,4.085999966,7.0,2.772000074,1.491999984,0.852999985,22.5405968602338
2016/9/14 5:00,9.376999855,4.152999878,7.532999992,2.948999882,1.888000011,0.791999996,22.51099968
2016/9/14 6:00,11.45400047,4.487999916,8.954999924,3.127000093,2.559000015,0.883000016,22.29999924
2016/9/14 7:00,11.05200005,5.894000053,9.131999969,4.584000111,2.223999977,1.004999995,26.966895375220442
2016/9/14 8:00,10.98499966,6.027999878,8.421999931,4.051000118,2.28399992,1.218000054,26.966398854682517
2016/9/14 9:00,8.907999992,5.559000015,6.787000179,3.90899992,2.193000078,1.156999946,26.455502512895528
2016/9/14 10:00,10.04699993,5.425000191,6.928999901,3.517999887,2.618999958,1.248999953,26.813441210348852
2016/9/14 11:00,8.907999992,4.822999954,5.899000168,2.984999895,2.710999966,1.126999974,28.234112345300417
2016/9/14 12:00,6.631000042,3.549999952,4.229000092,1.669999957,2.101999998,1.036000013,23.928440491539135
2016/9/14 13:00,6.764999866,3.88499999,4.19299984,1.812000036,2.253999949,1.126999974,23.83731764812118
2016/9/14 14:00,6.429999828,3.684000015,4.725999832,2.131999969,2.253999949,1.065999985,24.150864857653072
2016/9/14 15:00,6.09499979,4.152999878,4.441999912,2.451999903,1.949000001,1.036000013,23.56928450017228
2016/9/14 16:00,5.960999966,3.549999952,4.157999992,2.309999943,1.949000001,0.975000024,23.28499985
2016/9/14 17:00,6.429999828,3.282000065,4.263999939,2.025000095,2.101999998,0.913999975,24.039975639208247
2016/9/14 18:00,6.162000179,3.214999914,4.014999866,2.061000109,2.163000107,0.852999985,23.352577058882797
2016/9/14 19:00,6.764999866,3.08100009,4.547999859,2.061000109,2.223999977,0.822000027,23.038397312704777
2016/9/14 20:00,6.631000042,2.947000027,4.229000092,1.77699995,2.375999928,0.852999985,21.80800056
2016/9/14 21:00,5.492000103,3.013999939,3.730999947,2.309999943,1.827999949,0.700999975,22.072633498065862
2016/9/14 22:00,7.903999805,4.487999916,6.644999981,3.447000027,1.523000002,0.670000017,22.265150216914225
2016/9/14 23:00,9.779000282,4.756000042,7.994999886,3.375999928,1.462000012,0.700999975,22.73604642013937
2016/9/15 0:00,13.73099995,6.296000004,9.807999611,4.263999939,3.71600008,1.248999953,28.796109430118285
2016/9/15 1:00,13.66399956,6.764999866,9.274999619,4.547999859,3.838000059,1.340000033,28.43773749272222
2016/9/15 2:00,13.26200008,6.296000004,8.706000328,3.552999973,3.868000031,1.401000023,23.83227195247578
2016/9/15 3:00,12.52499962,5.357999802,8.635000229,3.838000059,3.898999929,1.309999943,29.904333330923755
2016/9/15 4:00,11.85499954,5.827000141,8.38599968,3.90899992,3.99000001,1.401000023,29.945113233023125
2016/9/15 5:00,12.32400036,5.492000103,7.710999966,3.197999954,4.172999859,1.401000023,29.886837810343554
2016/9/15 6:00,11.78800011,3.415999889,6.005000114,1.883000016,4.690999985,1.401000023,32.04370009402696
2016/9/15 7:00,10.51599979,4.287000179,5.401000023,2.025000095,4.598999977,1.432000041,30.83977260669258
2016/9/15 8:00,5.827000141,2.344000101,3.730999947,0.852999985,2.223999977,0.913999975,24.935085594630003
2016/9/15 9:00,6.764999866,3.08100009,4.157999992,1.065999985,2.193000078,0.883000016,23.52072302749276
2016/9/15 10:00,8.23900032,2.812999964,5.329999924,1.421000004,2.437000036,0.760999978,26.85859098231288
2016/9/15 11:00,6.56400013,3.148000002,4.547999859,1.669999957,2.193000078,0.639999986,23.468721273438714
2016/9/15 12:00,4.554999828,1.674000025,3.127000093,1.243999958,1.432000041,0.547999978,17.73539147613222
2016/9/15 13:00,4.354000092,2.477999926,2.914000034,1.279000044,1.401000023,0.639999986,17.7351842739358
2016/9/15 14:00,4.889999866,2.477999926,3.339999914,1.101999998,1.491999984,0.670000017,17.869493965015934
2016/9/15 15:00,4.956999779,2.210000038,2.842999935,0.995000005,1.523000002,0.670000017,21.52430342821772
2016/9/15 16:00,4.68900013,1.942000031,2.914000034,1.065999985,1.70599997,0.670000017,19.77548748911906
2016/9/15 17:00,5.827000141,1.875,3.802000046,1.136999965,2.131999969,0.609000027,17.840617632518896
2016/9/15 18:00,5.022999763,1.875,3.163000107,1.101999998,1.85800004,0.609000027,17.748196271271066
2016/9/15 19:00,5.559000015,2.009000063,3.482000113,1.101999998,2.071000099,0.609000027,17.16500092
2016/9/15 20:00,5.090000153,1.875,3.092000008,1.031000018,1.980000019,0.670000017,20.574547934580018
2016/9/15 21:00,4.622000217,2.344000101,2.772000074,1.457000017,1.735999942,0.639999986,17.96542388983828
2016/9/15 22:00,4.287000179,2.880000114,2.736000061,1.883000016,1.613999963,0.700999975,20.800802015370767
2016/9/15 23:00,4.756000042,2.947000027,2.914000034,1.812000036,1.674999952,0.760999978,21.12907030195049
2016/9/16 0:00,4.354000092,2.746000051,2.984999895,1.812000036,1.401000023,0.639999986,20.930918537737345
2016/9/16 1:00,4.21999979,2.812999964,2.664999962,1.91900003,1.309999943,0.609000027,20.507783611040033
2016/9/16 2:00,3.282000065,2.009000063,2.131999969,1.669999957,1.126999974,0.547999978,15.207885670769917
2016/9/16 3:00,2.947000027,2.210000038,1.99000001,1.243999958,0.944000006,0.486999989,16.85261055089538
2016/9/16 4:00,3.148000002,2.545000076,1.953999996,1.56400001,1.126999974,0.518000007,19.88436312110086
2016/9/16 5:00,4.287000179,2.075999975,2.451999903,1.741000056,1.248999953,0.518000007,13.29599953
2016/9/16 6:00,5.827000141,2.812999964,3.305000067,1.70599997,2.131999969,0.670000017,21.82768922156756
2016/9/16 7:00,6.229000092,2.142999887,3.944000006,0.924000025,2.253999949,0.700999975,24.77750689222877
2016/9/16 8:00,6.764999866,2.411000013,3.872999907,1.315000057,2.131999969,0.852999985,12.59200001
2016/9/16 9:00,7.099999905,3.617000103,4.547999859,1.99000001,2.345000029,1.004999995,24.05861261122777
2016/9/16 10:00,7.032999992,3.415999889,4.868000031,2.203000069,2.467000008,0.852999985,24.02957606910279
2016/9/16 11:00,7.234000206,3.013999939,4.477000237,1.741000056,2.740999937,1.004999995,27.32068473808004
2016/9/16 12:00,5.69299984,2.477999926,3.625,1.457000017,1.980000019,0.944000006,18.186735224159477
2016/9/16 13:00,5.69299984,2.611999989,3.944000006,1.598999977,1.76699996,0.760999978,22.05732550944314
2016/9/16 14:00,5.827000141,3.148000002,3.660000086,1.491999984,1.644999981,0.822000027,23.148287486633546
2016/9/16 15:00,5.357999802,3.348999977,3.588999987,1.491999984,1.644999981,0.791999996,22.42157605588709
2016/9/16 16:00,5.492000103,2.812999964,3.588999987,1.812000036,1.888000011,0.822000027,23.05023450824581
2016/9/16 17:00,6.56400013,2.812999964,4.335000038,1.812000036,2.223999977,0.791999996,23.342526082413514
2016/9/16 18:00,5.894000053,2.411000013,3.696000099,1.527999997,2.223999977,0.700999975,18.635096236932412
2016/9/16 19:00,5.894000053,2.411000013,3.76699996,1.491999984,2.131999969,0.639999986,18.36210094999451
2016/9/16 20:00,5.625999928,2.477999926,3.517999887,1.527999997,2.040999889,0.700999975,18.370845745130726
2016/9/16 21:00,4.822999954,2.411000013,3.019999981,1.741000056,1.735999942,0.731000006,16.57060559890932
2016/9/16 22:00,6.56400013,3.951999903,5.081999779,2.203000069,1.401000023,0.639999986,21.45599937
2016/9/16 23:00,6.831999779,3.148000002,5.081999779,2.096999884,1.432000041,0.639999986,21.415426020101265
2016/9/17 0:00,6.96600008,3.549999952,5.828000069,2.061000109,1.218000054,0.578999996,21.124784982284854
2016/9/17 1:00,6.831999779,3.282000065,5.507999897,2.131999969,1.218000054,0.609000027,20.96299934
2016/9/17 2:00,6.296000004,3.750999928,5.188000202,1.953999996,1.218000054,0.639999986,20.626901935859927
2016/9/17 3:00,7.636000156,3.88499999,5.96999979,2.203000069,1.097000003,0.639999986,22.617341984809258
2016/9/17 4:00,8.371999741,4.287000179,6.822999954,2.984999895,1.462000012,0.731000006,19.76799965
2016/9/17 5:00,8.305999756,3.617000103,6.147999763,2.167999983,1.76699996,0.852999985,24.018609900981282
2016/9/17 6:00,9.175999641,4.21999979,7.676000118,2.948999882,2.588999987,0.822000027,27.147935802422435
2016/9/17 7:00,8.706999779,4.019000053,6.502999783,2.736000061,2.345000029,1.004999995,28.009669087544324
2016/9/17 8:00,8.171999931,4.287000179,6.324999809,2.772000074,2.00999999,0.944000006,25.03363639490954
2016/9/17 9:00,7.234000206,3.415999889,4.725999832,2.381000042,2.101999998,1.065999985,26.387999092438676
2016/9/17 10:00,8.43900013,4.152999878,5.96999979,2.523000002,2.467000008,1.065999985,27.618990492812394
2016/9/17 11:00,8.706999779,3.88499999,5.329999924,2.061000109,2.832999945,0.944000006,30.297860130541885
2016/9/17 12:00,6.429999828,3.214999914,4.263999939,1.812000036,2.163000107,1.036000013,23.76612481926234
2016/9/17 13:00,6.429999828,3.818000078,3.76699996,1.91900003,2.040999889,1.065999985,23.73737019303376
2016/9/17 14:00,6.56400013,3.951999903,4.014999866,2.273999929,1.980000019,1.065999985,23.69905342595318
2016/9/17 15:00,6.631000042,3.88499999,4.513000011,2.273999929,1.980000019,1.065999985,23.82659884747228
2016/9/17 16:00,6.162000179,3.684000015,3.872999907,2.630000114,2.193000078,1.156999946,23.861372223150525
2016/9/17 17:00,6.831999779,3.013999939,4.406000137,1.91900003,2.437000036,0.944000006,24.039161522393233
2016/9/17 18:00,6.296000004,2.812999964,4.051000118,1.741000056,2.253999949,0.822000027,24.62100029
2016/9/17 19:00,6.497000217,2.678999901,4.263999939,1.70599997,2.223999977,0.731000006,23.138996922202885
2016/9/17 20:00,6.162000179,2.947000027,4.014999866,1.812000036,2.163000107,0.791999996,23.2745426028975
2016/9/17 21:00,6.899000168,2.545000076,5.614999771,1.84800005,1.949000001,0.852999985,21.47310908683462
2016/9/17 22:00,8.907999992,4.822999954,7.106999874,3.411000013,1.432000041,0.670000017,22.552974191883482
2016/9/17 23:00,9.041999817,4.287000179,7.071000099,3.127000093,1.674999952,0.852999985,22.44099998
2016/9/18 0:00,13.59700012,6.362999916,9.23900032,4.122000217,4.051000118,1.401000023,28.443067522289674
2016/9/18 1:00,14.2670002,7.032999992,9.737000465,4.690999985,4.111999989,1.462000012,24.07896237814336
2016/9/18 2:00,12.59200001,5.960999966,8.598999977,3.660000086,4.234000206,1.613999963,28.159931606450474
2016/9/18 3:00,13.19499969,6.09499979,8.741999626,4.157999992,4.111999989,1.491999984,23.1439991
2016/9/18 4:00,12.92700005,6.631000042,8.812999725,4.370999813,4.142000198,1.523000002,28.819640179265015
2016/9/18 5:00,13.4630003,5.894000053,8.954999924,3.482000113,4.568999767,1.523000002,27.810447801886244
2016/9/18 6:00,15.73999977,6.899000168,10.58899975,4.014999866,5.208000183,1.674999952,22.0890007
2016/9/18 7:00,14.46800041,6.56400013,9.416999817,3.980000019,4.813000202,1.76699996,27.953443620128752
2016/9/18 8:00,9.913000107,5.492000103,7.355999947,3.375999928,2.193000078,1.279000044,23.4260006
2016/9/18 9:00,8.706999779,4.68900013,6.681000233,3.163000107,2.131999969,1.126999974,25.181240428214224
2016/9/18 10:00,8.23900032,3.48300004,4.93900013,2.096999884,2.437000036,1.004999995,27.136671502701688
2016/9/18 11:00,7.903999805,4.287000179,5.543000221,2.559000015,2.497999907,0.913999975,27.204271295713117
2016/9/18 12:00,6.296000004,3.214999914,4.157999992,2.451999903,1.91900003,0.822000027,22.996102767128665
2016/9/18 13:00,5.827000141,3.48300004,3.980000019,1.77699995,1.91900003,0.852999985,23.55028650351384
2016/9/18 14:00,5.894000053,3.48300004,4.122000217,2.594000101,1.76699996,0.913999975,25.88392639202399
2016/9/18 15:00,6.362999916,3.148000002,4.051000118,2.559000015,1.827999949,1.004999995,28.63100052
2016/9/18 16:00,5.827000141,3.617000103,3.76699996,2.239000082,2.00999999,0.975000024,23.694737526118974
2016/9/18 17:00,6.831999779,3.348999977,4.441999912,2.273999929,2.345000029,0.822000027,23.42121855950972
2016/9/18 18:00,6.229000092,2.947000027,4.122000217,1.883000016,2.193000078,0.822000027,23.411563605191258
2016/9/18 19:00,6.56400013,2.812999964,4.300000191,1.741000056,2.315000057,0.700999975,24.5510006
2016/9/18 20:00,6.296000004,2.947000027,4.157999992,2.025000095,2.040999889,0.791999996,22.950270872596267
2016/9/18 21:00,5.425000191,3.013999939,3.872999907,1.421000004,1.70599997,0.700999975,21.668990539774416
2016/9/18 22:00,7.636000156,4.21999979,6.147999763,2.594000101,1.735999942,0.791999996,22.81512300391413
2016/9/18 23:00,9.578000069,2.344000101,7.143000126,1.243999958,1.888000011,0.883000016,22.22999954
2016/9/19 0:00,9.845999718,3.013999939,8.279999733,1.953999996,1.644999981,0.791999996,22.37000084
2016/9/19 1:00,9.979999542,5.223999977,8.670999527,3.660000086,1.462000012,0.700999975,23.665238432977734
2016/9/19 2:00,9.51099968,4.822999954,8.065999985,3.305000067,1.432000041,0.731000006,22.58099937
2016/9/19 3:00,9.779000282,4.421000004,8.208999634,3.339999914,1.462000012,0.700999975,22.740766726181235
2016/9/19 4:00,9.175999641,4.421000004,7.747000217,3.517999887,1.309999943,0.639999986,22.648689552302223
2016/9/19 5:00,7.903999805,3.88499999,6.040999889,2.451999903,1.85800004,0.760999978,24.10730155842975
2016/9/19 6:00,12.52499962,2.611999989,9.701000214,1.527999997,2.467000008,0.822000027,29.07298008684104
2016/9/19 7:00,12.45800018,6.229000092,9.451999664,4.051000118,2.405999899,1.065999985,28.503921271814892
2016/9/19 8:00,9.979999542,4.956999779,7.568999767,3.411000013,2.315000057,1.218000054,26.164575496551528
2016/9/19 9:00,7.301000118,4.889999866,5.081999779,3.127000093,2.28399992,1.187999964,25.42312303498116
2016/9/19 10:00,7.769999981,4.019000053,6.005000114,2.664999962,2.223999977,1.004999995,28.144681192670337
2016/9/19 11:00,8.640000343,3.684000015,5.507999897,2.806999922,2.497999907,0.913999975,28.975450160612876
2016/9/19 12:00,6.497000217,3.48300004,4.690999985,2.096999884,1.85800004,0.760999978,22.76918290029531
2016/9/19 13:00,5.827000141,3.818000078,3.944000006,2.203000069,2.040999889,0.883000016,23.712978099539338
2016/9/19 14:00,6.027999878,3.684000015,4.441999912,2.878000021,1.91900003,0.975000024,24.26847263507281
2016/9/19 15:00,5.625999928,3.684000015,3.980000019,1.883000016,1.76699996,0.883000016,27.01300049
2016/9/19 16:00,5.827000141,3.415999889,3.944000006,2.309999943,1.91900003,0.944000006,23.6926119792338
2016/9/19 17:00,6.764999866,3.08100009,4.65500021,2.061000109,2.163000107,0.760999978,22.69198473287312
2016/9/19 18:00,6.09499979,2.947000027,3.90899992,1.812000036,2.163000107,0.791999996,22.737098290360954
2016/9/19 19:00,6.429999828,2.678999901,4.122000217,1.669999957,2.375999928,0.791999996,23.002995696593697
2016/9/19 20:00,6.027999878,2.880000114,3.838000059,1.741000056,2.223999977,0.883000016,23.84799957
2016/9/19 21:00,5.960999966,1.875,3.838000059,0.995000005,1.827999949,0.852999985,22.597913402363197
2016/9/19 22:00,8.640000343,4.421000004,7.071000099,3.305000067,1.491999984,0.670000017,22.251881985580532
2016/9/19 23:00,8.572999954,4.287000179,6.751999855,2.700999975,1.797000051,0.852999985,23.89814066709679
2016/9/20 0:00,12.85999966,5.760000229,8.31499958,3.055999994,4.142000198,1.462000012,21.94799995
2016/9/20 1:00,11.31999969,4.889999866,7.214000225,2.948999882,4.081999779,1.401000023,30.048143445531466
2016/9/20 2:00,11.85499954,5.559000015,7.747000217,3.339999914,3.898999929,1.432000041,29.774726409539486
2016/9/20 3:00,12.32400036,5.357999802,8.173000336,3.588999987,3.806999922,1.371000051,21.38500023
2016/9/20 4:00,11.85499954,5.492000103,7.249000072,2.700999975,4.051000118,1.371000051,30.14489825173671
2016/9/20 5:00,12.32400036,4.822999954,7.853000164,2.948999882,4.263999939,1.340000033,29.968893730742987
2016/9/20 6:00,13.52999973,4.956999779,8.741999626,2.772000074,4.994999886,1.491999984,26.45644773671547
2016/9/20 7:00,12.45800018,5.827000141,7.532999992,3.269000053,4.751999855,1.613999963,27.59259675254475
2016/9/20 8:00,9.109000206,4.152999878,6.965000153,2.630000114,2.163000107,1.248999953,24.011332312085678
2016/9/20 9:00,8.038000107,4.152999878,5.188000202,2.415999889,2.467000008,1.371000051,27.120139109832724
2016/9/20 10:00,8.774000168,3.818000078,5.96999979,2.736000061,2.740999937,1.248999953,29.959485272888752
2016/9/20 11:00,8.104999542,3.415999889,5.578999996,2.167999983,2.740999937,1.126999974,25.81699944
2016/9/20 12:00,6.162000179,3.148000002,3.696000099,1.421000004,2.00999999,0.944000006,23.866490030269155
2016/9/20 13:00,6.027999878,3.282000065,3.552999973,1.99000001,1.827999949,0.852999985,24.333764519338114
2016/9/20 14:00,6.229000092,3.013999939,4.370999813,1.953999996,1.76699996,0.883000016,25.42841999571609
2016/9/20 15:00,6.296000004,3.282000065,3.838000059,1.741000056,1.91900003,1.036000013,23.696858828210747
2016/9/20 16:00,5.760000229,3.148000002,3.730999947,1.953999996,2.163000107,0.975000024,23.696667785462104
2016/9/20 17:00,6.362999916,2.947000027,4.014999866,1.812000036,2.345000029,0.822000027,23.50510406778033
2016/9/20 18:00,5.960999966,2.545000076,3.588999987,1.527999997,2.28399992,0.883000016,21.081749394074997
2016/9/20 19:00,6.764999866,2.545000076,4.051000118,1.457000017,2.559000015,0.975000024,24.719776722075935
2016/9/20 20:00,6.027999878,2.746000051,3.76699996,1.669999957,2.223999977,0.791999996,22.73936858668713
2016/9/20 21:00,7.099999905,2.142999887,5.188000202,1.741000056,1.888000011,0.760999978,20.72825741054951
2016/9/20 22:00,9.444000244,4.421000004,7.461999893,3.233999968,1.735999942,0.822000027,21.0340004
2016/9/20 23:00,13.19499969,4.554999828,11.40699959,2.772000074,1.674999952,0.822000027,24.363959265631625
2016/9/21 0:00,14.19999981,4.822999954,12.50800037,3.339999914,1.401000023,0.731000006,24.336362051430385
2016/9/21 1:00,13.39599991,4.354000092,11.93999958,3.197999954,1.309999943,0.670000017,24.340039280804554
2016/9/21 2:00,12.45800018,4.354000092,11.40699959,2.878000021,1.126999974,0.578999996,24.350197057827014
2016/9/21 3:00,12.92700005,4.085999966,11.65499973,2.878000021,1.126999974,0.578999996,24.35106175479439
2016/9/21 4:00,12.32400036,6.162000179,11.40699959,4.65500021,1.340000033,0.609000027,24.41349207329768
2016/9/21 5:00,14.13300037,6.497000217,12.64999962,5.081999779,1.613999963,0.670000017,24.329140852262334
2016/9/21 6:00,15.06999969,6.631000042,13.18299961,4.65500021,2.375999928,0.822000027,28.74603985241012
2016/9/21 7:00,15.06999969,5.492000103,12.11699963,3.163000107,2.315000057,0.975000024,29.098166444424237
2016/9/21 8:00,11.92199993,3.48300004,9.451999664,1.883000016,2.28399992,1.248999953,27.298518550621147
2016/9/21 9:00,7.501999855,1.807999969,4.93900013,0.213,2.101999998,1.036000013,30.49204544974785
2016/9/21 10:00,8.43900013,1.674000025,5.401000023,0.603999972,2.559000015,1.036000013,32.944714312703496
2016/9/21 11:00,8.23900032,3.415999889,5.329999924,1.741000056,2.862999916,1.097000003,30.79765460598847
2016/9/21 12:00,5.357999802,2.947000027,3.696000099,1.669999957,1.85800004,0.944000006,23.40585401487841
2016/9/21 13:00,5.425000191,3.148000002,3.339999914,1.350000024,2.163000107,1.126999974,24.4810009
2016/9/21 14:00,6.229000092,3.549999952,3.625,1.669999957,1.980000019,1.004999995,23.728742025342395
2016/9/21 15:00,6.631000042,3.48300004,4.122000217,2.131999969,2.00999999,1.097000003,23.781836671707694
2016/9/21 16:00,5.960999966,2.746000051,3.802000046,1.56400001,1.949000001,0.944000006,23.436740505016928
2016/9/21 17:00,6.697999954,2.27699995,4.441999912,1.065999985,2.315000057,0.852999985,20.72423487405862
2016/9/21 18:00,6.229000092,2.142999887,3.696000099,1.031000018,2.375999928,0.883000016,22.12300511752198
2016/9/21 19:00,6.429999828,2.477999926,3.802000046,1.315000057,2.559000015,0.944000006,24.684639671091706
2016/9/21 20:00,5.894000053,2.880000114,3.696000099,1.70599997,2.253999949,0.913999975,23.633328174518983
2016/9/21 21:00,5.425000191,2.27699995,3.447000027,1.279000044,1.91900003,0.822000027,17.684779079125473
2016/9/21 22:00,6.56400013,4.152999878,5.366000175,2.878000021,1.552999973,0.731000006,20.991470926607363
2016/9/21 23:00,8.23900032,2.812999964,6.644999981,1.350000024,1.674999952,0.760999978,22.533750983891238
2016/9/22 0:00,11.85499954,3.348999977,7.355999947,1.350000024,4.203000069,1.432000041,33.41214017957222
2016/9/22 1:00,10.71700001,3.415999889,6.254000187,1.172999978,4.234000206,1.491999984,26.366127573367276
2016/9/22 2:00,11.78800011,3.684000015,7.461999893,1.741000056,4.142000198,1.432000041,33.36567402623721
2016/9/22 3:00,11.85499954,4.019000053,7.498000145,1.70599997,4.142000198,1.462000012,28.60769025500689
2016/9/22 4:00,10.18099976,3.08100009,6.610000134,1.136999965,3.960000038,1.279000044,19.62700081
2016/9/22 5:00,13.32900047,4.019000053,9.097000122,2.061000109,4.142000198,1.218000054,30.732989966965757
2016/9/22 6:00,13.59700012,3.282000065,9.168000221,1.741000056,4.751999855,1.552999973,29.581257257033748
2016/9/22 7:00,11.5880003,5.559000015,7.0,2.948999882,4.630000114,1.552999973,27.290812572859366
2016/9/22 8:00,8.975000381,4.622000217,6.573999882,2.984999895,2.040999889,1.065999985,25.122243831722177
2016/9/22 9:00,7.636000156,4.756000042,5.543000221,2.948999882,2.131999969,1.065999985,24.890639078127347
2016/9/22 10:00,7.903999805,3.88499999,5.507999897,2.559000015,2.437000036,1.036000013,28.544385294860575
2016/9/22 11:00,8.104999542,3.415999889,5.650000095,2.025000095,2.772000074,1.004999995,27.399013833879746
2016/9/22 12:00,6.362999916,3.148000002,3.730999947,1.315000057,1.91900003,0.822000027,23.48074200611277
2016/9/22 13:00,6.09499979,3.148000002,4.229000092,1.77699995,1.797000051,0.852999985,24.35477842395707
2016/9/22 14:00,6.831999779,3.549999952,4.263999939,1.883000016,1.949000001,1.218000054,23.932443653453056
2016/9/22 15:00,8.171999931,4.019000053,5.828000069,3.019999981,2.071000099,1.065999985,26.819029230693165
2016/9/22 16:00,6.027999878,3.148000002,4.086999893,1.91900003,1.85800004,0.975000024,23.635911314287295
2016/9/22 17:00,7.166999817,3.08100009,4.547999859,1.741000056,2.528000116,0.975000024,26.865496037813173
2016/9/22 18:00,6.162000179,2.477999926,3.838000059,1.491999984,2.405999899,0.822000027,22.164175733135043
2016/9/22 19:00,6.362999916,2.344000101,3.980000019,1.421000004,2.28399992,0.731000006,22.1590004
2016/9/22 20:00,6.027999878,2.611999989,3.838000059,1.70599997,2.101999998,0.760999978,21.885878388183965
2016/9/22 21:00,5.827000141,2.746000051,3.552999973,1.279000044,1.735999942,0.731000006,21.679798914161196
2016/9/22 22:00,6.362999916,3.148000002,4.93900013,1.953999996,1.552999973,0.670000017,21.4731830228571
2016/9/22 23:00,10.04699993,3.214999914,8.777000427,2.096999884,1.401000023,0.639999986,23.955766003513073
