date,Num0,Num1,Num2,Num3,Num4,Num5,Num6,OT
1990/1/1 0:00,0.7855,1.611,0.861698,0.634196,0.211242,0.006838,0.525486,0.6005562957636353
1990/1/2 0:00,0.7818,1.61,0.861104,0.633513,0.211242,0.006863,0.523972,0.6005038325612674
1990/1/3 0:00,0.7867,1.6293,0.86103,0.648508,0.211242,0.006975,0.526316,0.600739563573316
1990/1/4 0:00,0.786,1.637,0.862069,0.650618,0.211242,0.006953,0.523834,0.2090049561674425
1990/1/5 0:00,0.7849,1.653,0.861995,0.656254,0.211242,0.00694,0.527426,0.5985
1990/1/6 0:00,0.7866,1.6537,0.86103,0.654879,0.211242,0.006887,0.526177,0.5231049943742606
1990/1/7 0:00,0.7886,1.662,0.862887,0.661157,0.211242,0.006885,0.527565,0.25014102392082643
1990/1/8 0:00,0.791,1.6568,0.864304,0.659631,0.211242,0.006878,0.527565,0.6084
1990/1/9 0:00,0.7939,1.6695,0.86423,0.66912,0.211242,0.006878,0.528123,0.6848667538009375
1990/1/10 0:00,0.7894,1.657,0.858369,0.659413,0.211242,0.006874,0.528123,0.4094867521506938
1990/1/11 0:00,0.7917,1.6495,0.859107,0.663702,0.211242,0.006873,0.529381,0.5469856932715859
1990/1/12 0:00,0.7941,1.6445,0.853752,0.658545,0.211242,0.006844,0.529101,0.23748067256022726
1990/1/13 0:00,0.7935,1.6465,0.848176,0.660284,0.211242,0.006866,0.532765,0.1932874320232183
1990/1/14 0:00,0.7954,1.639,0.845309,0.652742,0.211242,0.006829,0.532056,0.4981336453304128
1990/1/15 0:00,0.7751,1.649,0.848896,0.66313,0.211242,0.006845,0.53135,0.6052
1990/1/16 0:00,0.7622,1.655,0.843526,0.668226,0.211242,0.006881,0.533049,0.5915
1990/1/17 0:00,0.7583,1.6572,0.839983,0.672043,0.211242,0.006924,0.532623,0.4429001475638058
1990/1/18 0:00,0.7605,1.657,0.837591,0.667557,0.211242,0.006976,0.534188,0.438978187350808
1990/1/19 0:00,0.7635,1.678,0.841397,0.672948,0.211242,0.006987,0.535045,0.5618204042870536
1990/1/20 0:00,0.766,1.6818,0.839913,0.670691,0.211242,0.00694,0.537201,0.2858211605667709
1990/1/21 0:00,0.7685,1.6794,0.843313,0.664894,0.211242,0.006918,0.536481,0.28655681786923903
1990/1/22 0:00,0.7702,1.6815,0.842886,0.667468,0.211242,0.006901,0.536193,0.5125321286071485
1990/1/23 0:00,0.7735,1.6817,0.841255,0.668003,0.211242,0.006879,0.535475,0.6003
1990/1/24 0:00,0.7655,1.695,0.840407,0.675584,0.211242,0.006878,0.535906,0.6748565999107873
1990/1/25 0:00,0.7665,1.702,0.841822,0.677094,0.211242,0.00689,0.538503,0.601
1990/1/26 0:00,0.7575,1.699,0.837872,0.674992,0.211242,0.006874,0.537779,0.5936
1990/1/27 0:00,0.7545,1.687,0.835352,0.668986,0.211242,0.006878,0.536769,0.46214598669590634
1990/1/28 0:00,0.7493,1.6925,0.8364,0.668003,0.211242,0.006887,0.536337,0.32907650474238503
1990/1/29 0:00,0.7521,1.695,0.83167,0.668539,0.211242,0.006935,0.536625,0.18951363932942406
1990/1/30 0:00,0.7521,1.6905,0.833403,0.668003,0.211242,0.006925,0.535906,0.5925
1990/1/31 0:00,0.7457,1.696,0.828638,0.670107,0.211242,0.006931,0.536625,0.4575638738139336
1990/2/1 0:00,0.75,1.693,0.829187,0.668673,0.211242,0.006925,0.536193,0.4760936948053606
1990/2/2 0:00,0.7567,1.6955,0.834028,0.669568,0.211242,0.006937,0.535045,0.5883
1990/2/3 0:00,0.7595,1.704,0.831947,0.673401,0.211242,0.006875,0.537634,0.49176438394881156
1990/2/4 0:00,0.7586,1.715,0.832432,0.678104,0.211242,0.006881,0.537346,0.5887
1990/2/5 0:00,0.7646,1.7147,0.83717,0.679117,0.211242,0.006854,0.536481,0.5897
1990/2/6 0:00,0.7652,1.71,0.835422,0.677048,0.211242,0.006806,0.535906,0.5404604408894665
1990/2/7 0:00,0.765,1.693,0.834725,0.672495,0.211242,0.006718,0.536193,0.5882
1990/2/8 0:00,0.7605,1.692,0.83696,0.674172,0.211242,0.006728,0.536049,0.5877
1990/2/9 0:00,0.7601,1.6892,0.838715,0.670466,0.211242,0.00672,0.535619,0.588
1990/2/10 0:00,0.7635,1.665,0.840195,0.664011,0.211242,0.006681,0.533333,0.4503365166123515
1990/2/11 0:00,0.7596,1.651,0.837521,0.66072,0.211242,0.006654,0.533333,0.2180678902862617
1990/2/12 0:00,0.7585,1.6388,0.839913,0.666667,0.211242,0.006676,0.534045,0.3026449599626875
1990/2/13 0:00,0.7611,1.649,0.84246,0.666889,0.211242,0.006676,0.533903,0.5891
1990/2/14 0:00,0.7596,1.639,0.843811,0.663702,0.211242,0.006613,0.533476,0.3085242349650617
1990/2/15 0:00,0.7607,1.6425,0.847817,0.662559,0.211242,0.00663,0.533618,0.4408453139253459
1990/2/16 0:00,0.7607,1.6181,0.847961,0.661244,0.211242,0.006608,0.534045,0.5907
1990/2/17 0:00,0.758,1.6103,0.848176,0.656211,0.211242,0.006563,0.533618,0.43397165225499784
1990/2/18 0:00,0.761,1.6003,0.849041,0.65445,0.211242,0.006555,0.532623,0.5814510597033637
1990/2/19 0:00,0.7635,1.609,0.851426,0.654879,0.211242,0.006569,0.533333,0.34195912795056055
1990/2/20 0:00,0.7563,1.6175,0.848896,0.65703,0.211242,0.006555,0.533333,0.5898
1990/2/21 0:00,0.7536,1.6235,0.847242,0.662471,0.211242,0.006563,0.533618,0.2681575630885094
1990/2/22 0:00,0.7549,1.6103,0.844809,0.662822,0.211242,0.006515,0.533618,0.5855
1990/2/23 0:00,0.7565,1.6105,0.847961,0.659326,0.211242,0.006499,0.533476,0.4748998763431573
1990/2/24 0:00,0.752,1.5945,0.849762,0.657462,0.211242,0.006487,0.532056,0.45094028724223206
1990/2/25 0:00,0.7504,1.601,0.849834,0.660066,0.211242,0.006447,0.53135,0.6482201655682585
1990/2/26 0:00,0.7474,1.604,0.851064,0.658545,0.211242,0.006498,0.531773,0.5785
1990/2/27 0:00,0.7469,1.618,0.850412,0.655093,0.211242,0.00639,0.530926,0.7573192238850359
1990/2/28 0:00,0.7452,1.6261,0.85034,0.658762,0.211242,0.006353,0.530786,0.5808
1990/3/1 0:00,0.7471,1.6275,0.850196,0.659631,0.211242,0.006299,0.529801,0.3372074185472235
1990/3/2 0:00,0.7523,1.634,0.851571,0.667557,0.211242,0.00638,0.530082,0.5790751535762729
1990/3/3 0:00,0.7548,1.648,0.854336,0.66778,0.211242,0.006336,0.530363,0.579
1990/3/4 0:00,0.7561,1.6315,0.855066,0.66335,0.211265,0.006293,0.530223,0.5778
1990/3/5 0:00,0.7605,1.6355,0.857486,0.665469,0.211265,0.006284,0.530645,0.23287515345090626
1990/3/6 0:00,0.7669,1.6415,0.856678,0.66379,0.211242,0.006305,0.531915,0.693697699393455
1990/3/7 0:00,0.765,1.6415,0.855725,0.666223,0.211242,0.006342,0.532481,0.2972113778113114
1990/3/8 0:00,0.765,1.6385,0.858001,0.666089,0.211242,0.006343,0.533191,0.5307686717829622
1990/3/9 0:00,0.763,1.6385,0.860807,0.66836,0.211242,0.006349,0.532765,0.19130013971910118
1990/3/10 0:00,0.7643,1.6343,0.860956,0.668315,0.211242,0.006306,0.531915,0.2461303289245898
1990/3/11 0:00,0.7663,1.6425,0.858222,0.673854,0.211242,0.006318,0.532623,0.5792
1990/3/12 0:00,0.7663,1.642,0.859771,0.6744,0.211242,0.006322,0.532765,0.46557933571330595
1990/3/13 0:00,0.765,1.6385,0.858369,0.673401,0.211242,0.006299,0.532765,0.4198029539914235
1990/3/14 0:00,0.7654,1.631,0.856898,0.671006,0.211242,0.006275,0.532765,0.5796
1990/3/15 0:00,0.7653,1.6338,0.855945,0.670916,0.211242,0.006254,0.532198,0.5777
1990/3/16 0:00,0.77,1.638,0.860363,0.673854,0.211242,0.006285,0.532056,0.5643630965146541
1990/3/17 0:00,0.7732,1.6435,0.860659,0.6744,0.211242,0.00639,0.533333,0.43918651347748944
1990/3/18 0:00,0.7705,1.6353,0.859993,0.670556,0.211242,0.006335,0.533333,0.4683423618869913
1990/3/19 0:00,0.7655,1.6357,0.861326,0.669792,0.211242,0.006341,0.532623,0.5828
1990/3/20 0:00,0.7663,1.6341,0.862589,0.672043,0.211242,0.0063,0.532056,0.5818
1990/3/21 0:00,0.766,1.637,0.861475,0.681663,0.211242,0.0063,0.532623,0.7038607381541105
1990/3/22 0:00,0.756,1.6335,0.86192,0.684229,0.211242,0.006299,0.532623,0.62954644347635
1990/3/23 0:00,0.7503,1.636,0.85955,0.686342,0.211242,0.006293,0.532623,0.4428793251409048
1990/3/24 0:00,0.75,1.6389,0.858074,0.689417,0.211242,0.006295,0.532765,0.25939802436335163
1990/3/25 0:00,0.7457,1.6405,0.858516,0.687049,0.211242,0.006295,0.533049,0.5797449866201503
1990/3/26 0:00,0.752,1.643,0.856678,0.687049,0.211242,0.006317,0.533333,0.4483656773960565
1990/3/27 0:00,0.7552,1.6422,0.856898,0.687569,0.211242,0.006323,0.532623,0.44459138656334213
1990/3/28 0:00,0.7546,1.66,0.859623,0.692185,0.211242,0.006315,0.533049,0.5633185534772734
1990/3/29 0:00,0.7565,1.668,0.860215,0.69808,0.211242,0.006329,0.533049,0.5720273170023066
1990/3/30 0:00,0.7577,1.6695,0.859476,0.697837,0.211242,0.006333,0.534902,0.7108989838472125
1990/3/31 0:00,0.7585,1.678,0.857486,0.712251,0.211242,0.006392,0.535619,0.5105077629220381
1990/4/1 0:00,0.7587,1.6763,0.858148,0.716589,0.211242,0.006369,0.536769,0.42861437970125815
1990/4/2 0:00,0.76,1.6813,0.848536,0.716743,0.211242,0.006548,0.540249,0.38425880485763947
1990/4/3 0:00,0.7669,1.684,0.849618,0.716486,0.211242,0.006546,0.540394,0.4674563178644763
1990/4/4 0:00,0.7645,1.677,0.84674,0.715308,0.211242,0.006605,0.540687,0.5324839160812759
1990/4/5 0:00,0.7625,1.68,0.850557,0.714286,0.211242,0.006604,0.539374,0.35133595609229884
1990/4/6 0:00,0.7617,1.6917,0.851934,0.712251,0.211242,0.006564,0.53952,0.5735
1990/4/7 0:00,0.7605,1.6908,0.84868,0.711845,0.211242,0.006542,0.539432,0.5715565427166647
1990/4/8 0:00,0.764,1.6912,0.847817,0.702247,0.211242,0.006513,0.539316,0.5735
1990/4/9 0:00,0.764,1.6915,0.838786,0.705219,0.211242,0.006596,0.539258,0.5735
1990/4/10 0:00,0.7653,1.694,0.84488,0.708065,0.211242,0.006612,0.540541,0.4291647051152698
1990/4/11 0:00,0.7623,1.6895,0.843526,0.704225,0.211242,0.006598,0.541126,0.538738928561853
1990/4/12 0:00,0.7668,1.6892,0.844523,0.701508,0.211242,0.00668,0.541126,0.4807677038303592
1990/4/13 0:00,0.766,1.6946,0.846167,0.70932,0.211242,0.006628,0.541712,0.5741
1990/4/14 0:00,0.772,1.693,0.848896,0.70373,0.211242,0.006609,0.540979,0.4481977316278512
1990/4/15 0:00,0.7678,1.6765,0.851426,0.697837,0.211242,0.006551,0.539374,0.6055251253318354
1990/4/16 0:00,0.7693,1.6838,0.852806,0.696379,0.211242,0.006605,0.539374,0.5752
1990/4/17 0:00,0.7676,1.675,0.849907,0.693963,0.211242,0.006596,0.539374,0.3814967047680739
1990/4/18 0:00,0.771,1.683,0.850557,0.69701,0.211242,0.006551,0.540249,0.5777288637590879
1990/4/19 0:00,0.7718,1.6882,0.85266,0.700035,0.211242,0.006555,0.540833,0.5733713033115214
1990/4/20 0:00,0.7775,1.6883,0.855945,0.695169,0.211242,0.006556,0.540716,0.5044460191273208
1990/4/21 0:00,0.7725,1.6848,0.851064,0.690703,0.211242,0.006513,0.540687,0.2906238551125849
1990/4/22 0:00,0.7751,1.6858,0.853898,0.694203,0.211242,0.006472,0.539957,0.44363648732934774
1990/4/23 0:00,0.774,1.7025,0.853606,0.695894,0.211242,0.006475,0.540833,0.3295032731751494
1990/4/24 0:00,0.7743,1.707,0.853097,0.697934,0.211242,0.00646,0.540979,0.5806
1990/4/25 0:00,0.775,1.7052,0.854336,0.696621,0.211242,0.006491,0.540979,0.37998986581078187
1990/4/26 0:00,0.7756,1.7055,0.853242,0.696379,0.211242,0.006485,0.540541,0.5843820035842833
1990/4/27 0:00,0.7792,1.713,0.852733,0.705965,0.211242,0.006506,0.540833,0.5823
1990/4/28 0:00,0.784,1.7205,0.851716,0.710379,0.211265,0.006508,0.542741,0.583
1990/4/29 0:00,0.7833,1.723,0.852951,0.706964,0.211242,0.006494,0.542741,0.5870235032330681
1990/4/30 0:00,0.7901,1.725,0.851136,0.706464,0.211242,0.006459,0.542741,0.5649212115177152
1990/5/1 0:00,0.7852,1.733,0.845881,0.709723,0.211242,0.006462,0.542741,0.7459185203435448
1990/5/2 0:00,0.7851,1.7305,0.847889,0.708868,0.211242,0.006436,0.542446,0.6366168821433548
1990/5/3 0:00,0.7846,1.7355,0.85237,0.711238,0.211242,0.006445,0.542005,0.40550437844880194
1990/5/4 0:00,0.7875,1.7428,0.854336,0.710227,0.211242,0.006478,0.542005,0.5408417961786026
1990/5/5 0:00,0.7853,1.7393,0.854847,0.707364,0.211242,0.006529,0.543183,0.5336456616921561
1990/5/6 0:00,0.7916,1.745,0.857265,0.706464,0.211242,0.006564,0.543183,0.5883
1990/5/7 0:00,0.7964,1.7634,0.860659,0.712251,0.211242,0.006611,0.545703,0.5903
1990/5/8 0:00,0.7974,1.7795,0.860215,0.717103,0.211242,0.006614,0.545554,0.5547983536054852
1990/5/9 0:00,0.799,1.7805,0.859697,0.714439,0.211242,0.006633,0.545852,0.59
1990/5/10 0:00,0.7974,1.7865,0.859697,0.713521,0.211242,0.006621,0.54615,0.36912882814557324
1990/5/11 0:00,0.8025,1.8058,0.862664,0.716589,0.211242,0.006618,0.548697,0.5378628698056438
1990/5/12 0:00,0.8066,1.815,0.864155,0.716178,0.211242,0.006716,0.550206,0.5933
1990/5/13 0:00,0.7965,1.798,0.862292,0.712504,0.211242,0.006726,0.551876,0.5938
1990/5/14 0:00,0.7913,1.7985,0.862589,0.711744,0.211242,0.006729,0.549602,0.22938760847453366
1990/5/15 0:00,0.7804,1.806,0.863632,0.717875,0.211242,0.00678,0.550206,0.3489515931273354
1990/5/16 0:00,0.7815,1.804,0.862887,0.705965,0.211242,0.006754,0.550206,0.5385547720406262
1990/5/17 0:00,0.7899,1.8112,0.864828,0.710732,0.211242,0.006741,0.550206,0.5918
1990/5/18 0:00,0.7915,1.8205,0.867303,0.709824,0.211242,0.006789,0.552486,0.5928
1990/5/19 0:00,0.7819,1.8146,0.866701,0.70922,0.211242,0.006754,0.550509,0.5923
1990/5/20 0:00,0.7838,1.8143,0.86408,0.71048,0.211242,0.006713,0.550509,0.5620182687148072
1990/5/21 0:00,0.7839,1.8205,0.864304,0.720202,0.211242,0.006736,0.55142,0.5937
1990/5/22 0:00,0.7858,1.8248,0.865052,0.727273,0.211242,0.006741,0.55057,0.5942
1990/5/23 0:00,0.7859,1.812,0.868056,0.727802,0.211242,0.006717,0.549149,0.5094232274661471
1990/5/24 0:00,0.7792,1.8135,0.868282,0.725584,0.211242,0.006647,0.548998,0.46637757270625824
1990/5/25 0:00,0.7897,1.8335,0.867905,0.730727,0.211242,0.006684,0.549753,0.5523116977014857
1990/5/26 0:00,0.7916,1.8438,0.86783,0.732601,0.211242,0.006748,0.551876,0.5293994076307424
1990/5/27 0:00,0.7938,1.86,0.867303,0.742005,0.211242,0.006843,0.553403,0.4473970593071226
1990/5/28 0:00,0.794,1.855,0.866927,0.737735,0.211242,0.006791,0.55371,0.594
1990/5/29 0:00,0.7859,1.8492,0.86783,0.737191,0.211242,0.006684,0.552944,0.589
1990/5/30 0:00,0.785,1.8565,0.868432,0.740192,0.211242,0.006671,0.552792,0.5936
1990/5/31 0:00,0.79,1.872,0.870701,0.750638,0.211242,0.006678,0.554324,0.4351685299663558
1990/6/1 0:00,0.7925,1.877,0.869338,0.751315,0.211242,0.006676,0.554324,0.6017
1990/6/2 0:00,0.7953,1.8655,0.870322,0.744048,0.211242,0.00666,0.55325,0.35284040969614455
1990/6/3 0:00,0.7992,1.8717,0.87184,0.747105,0.211242,0.006675,0.55371,0.3315812660993438
1990/6/4 0:00,0.7977,1.8713,0.87146,0.746826,0.211242,0.00666,0.553863,0.3862820453107976
1990/6/5 0:00,0.8025,1.884,0.87184,0.75959,0.211242,0.006651,0.555864,0.451030503058476
1990/6/6 0:00,0.8061,1.8925,0.873057,0.765697,0.211242,0.00669,0.556174,0.478455688898071
1990/6/7 0:00,0.8071,1.8998,0.874508,0.773395,0.211242,0.006782,0.556793,0.32213647069140483
1990/6/8 0:00,0.8045,1.898,0.870928,0.767165,0.211242,0.006739,0.556793,0.41080226951461574
1990/6/9 0:00,0.807,1.919,0.873744,0.780336,0.211242,0.006776,0.558347,0.3754238637003405
1990/6/10 0:00,0.808,1.9198,0.874279,0.774114,0.211242,0.006809,0.558659,0.6197
1990/6/11 0:00,0.8162,1.921,0.877578,0.777122,0.211242,0.006831,0.558815,0.5353423025627023
1990/6/12 0:00,0.8205,1.9275,0.879894,0.785238,0.211242,0.006861,0.559597,0.542565065819657
1990/6/13 0:00,0.8293,1.9515,0.883704,0.793336,0.211242,0.006821,0.56338,0.6635607761838086
1990/6/14 0:00,0.833,1.9453,0.88199,0.788333,0.211242,0.006824,0.562588,0.48693998285865153
1990/6/15 0:00,0.8311,1.9443,0.879353,0.784314,0.211242,0.006923,0.563539,0.23491716208914726
1990/6/16 0:00,0.8302,1.9483,0.875503,0.780336,0.211242,0.00697,0.566893,0.6313
1990/6/17 0:00,0.8325,1.9465,0.878889,0.77821,0.211242,0.006963,0.566893,0.252322218348247
1990/6/18 0:00,0.8168,1.9225,0.872981,0.771605,0.211242,0.00693,0.566572,0.5864397337763685
1990/6/19 0:00,0.816,1.892,0.866176,0.764234,0.211242,0.006948,0.566572,0.6153
1990/6/20 0:00,0.8147,1.8758,0.860956,0.759013,0.211242,0.006966,0.566893,0.4593285453791224
1990/6/21 0:00,0.8278,1.899,0.867378,0.770713,0.211242,0.007058,0.572082,0.43479278149937
1990/6/22 0:00,0.8237,1.908,0.863632,0.769941,0.211242,0.00709,0.568505,0.7695628282090169
1990/6/23 0:00,0.8208,1.894,0.859476,0.766871,0.211242,0.007138,0.562493,0.6233
1990/6/24 0:00,0.8123,1.8555,0.854336,0.75815,0.211242,0.007184,0.565131,0.6202
1990/6/25 0:00,0.817,1.8485,0.859845,0.751597,0.211242,0.007151,0.565291,0.6185
1990/6/26 0:00,0.8187,1.864,0.859993,0.755744,0.211242,0.007262,0.564653,0.6215
1990/6/27 0:00,0.821,1.8767,0.858811,0.761093,0.211242,0.007281,0.561167,0.4269517572650115
1990/6/28 0:00,0.8267,1.8985,0.85859,0.774893,0.211242,0.007317,0.564334,0.6275
1990/6/29 0:00,0.8316,1.9025,0.862515,0.777001,0.211242,0.007299,0.566412,0.623
1990/6/30 0:00,0.8335,1.918,0.863931,0.779727,0.210975,0.007273,0.566251,0.5603035371951407
1990/7/1 0:00,0.8291,1.8847,0.863931,0.765697,0.211242,0.007273,0.566412,0.6212132902542481
1990/7/2 0:00,0.8266,1.8683,0.866101,0.757576,0.211242,0.007303,0.566091,0.619
1990/7/3 0:00,0.8288,1.846,0.867152,0.756315,0.211242,0.007305,0.565131,0.613
1990/7/4 0:00,0.8315,1.884,0.869338,0.770713,0.211242,0.007348,0.565931,0.6215
1990/7/5 0:00,0.8303,1.8768,0.869943,0.768049,0.211242,0.007279,0.565931,0.6204
1990/7/6 0:00,0.831,1.864,0.867002,0.76266,0.211242,0.007285,0.565931,0.571617437347304
1990/7/7 0:00,0.8267,1.871,0.865576,0.764526,0.211242,0.007227,0.567054,0.616
1990/7/8 0:00,0.8254,1.8735,0.864678,0.769527,0.211242,0.007232,0.566412,0.24924135711430334
1990/7/9 0:00,0.8311,1.889,0.867378,0.775494,0.211242,0.007305,0.567859,0.5331014133489269
1990/7/10 0:00,0.8298,1.8885,0.867303,0.773994,0.211242,0.007302,0.567698,0.48943379136465087
1990/7/11 0:00,0.832,1.898,0.868282,0.77821,0.211242,0.007346,0.569314,0.42807112731679486
1990/7/12 0:00,0.833,1.9118,0.870398,0.783085,0.211242,0.007468,0.571265,0.6165
1990/7/13 0:00,0.8351,1.9465,0.866176,0.774593,0.211242,0.007553,0.571919,0.6774822234478476
1990/7/14 0:00,0.8337,1.97,0.86881,0.782779,0.211242,0.007673,0.578035,0.2847374731662687
1990/7/15 0:00,0.8265,1.9675,0.869565,0.782473,0.211242,0.007694,0.577367,0.4884815883449333
1990/7/16 0:00,0.814,1.964,0.868508,0.774593,0.211242,0.007695,0.577201,0.33642558308620235
1990/7/17 0:00,0.8183,1.9732,0.871688,0.782167,0.211242,0.007773,0.578704,0.5334634868512179
1990/7/18 0:00,0.7888,1.9535,0.86783,0.776096,0.211242,0.007803,0.580046,0.339210728006743
1990/7/19 0:00,0.787,1.957,0.865426,0.781861,0.211242,0.007859,0.580046,0.3935547112162272
1990/7/20 0:00,0.7775,1.965,0.85859,0.785238,0.211242,0.007983,0.582242,0.598
1990/7/21 0:00,0.769,1.9535,0.851209,0.784929,0.211242,0.007997,0.586166,0.2140454136620012
1990/7/22 0:00,0.782,1.9595,0.856898,0.787402,0.211242,0.007952,0.583601,0.7019649814344624
1990/7/23 0:00,0.782,1.948,0.852297,0.780031,0.211242,0.007933,0.58548,0.43863018558828976
1990/7/24 0:00,0.778,1.9464,0.853971,0.780214,0.211242,0.007843,0.584112,0.15116048603938134
1990/7/25 0:00,0.7804,1.9565,0.855578,0.787402,0.211242,0.007809,0.584454,0.6063
1990/7/26 0:00,0.7833,1.954,0.856164,0.783085,0.211242,0.007855,0.586166,0.37188209033003733
1990/7/27 0:00,0.7812,1.956,0.858001,0.78064,0.211242,0.007813,0.581395,0.6638170102069513
1990/7/28 0:00,0.7835,1.953,0.858959,0.777001,0.211242,0.007788,0.585995,0.6328049833325835
1990/7/29 0:00,0.7821,1.9475,0.856898,0.775494,0.211242,0.007746,0.584624,0.6141
1990/7/30 0:00,0.7848,1.944,0.856311,0.777001,0.211242,0.007695,0.586166,0.4015864376536474
1990/7/31 0:00,0.7837,1.95,0.858222,0.783576,0.211242,0.007664,0.583942,0.6115
1990/8/1 0:00,0.7765,1.9515,0.858001,0.786968,0.211242,0.007776,0.585138,0.3440823671972248
1990/8/2 0:00,0.782,1.9695,0.863036,0.79968,0.211242,0.007886,0.588062,0.708509766946677
1990/8/3 0:00,0.787,1.973,0.861252,0.8,0.211242,0.007855,0.58651,0.38904623020966256
1990/8/4 0:00,0.7785,1.976,0.859993,0.803859,0.211242,0.007803,0.587372,0.6135
1990/8/5 0:00,0.7781,1.967,0.855432,0.800961,0.211242,0.007698,0.585309,0.612
1990/8/6 0:00,0.7794,1.9665,0.854701,0.8,0.211242,0.007708,0.584112,0.5036671374814707
1990/8/7 0:00,0.7725,1.9642,0.85778,0.797639,0.211242,0.007716,0.584283,0.5289909940826114
1990/8/8 0:00,0.7707,1.961,0.858738,0.802568,0.211242,0.007715,0.583601,0.61
1990/8/9 0:00,0.772,1.9595,0.860511,0.798594,0.211242,0.007736,0.584283,0.4344250012606764
1990/8/10 0:00,0.7635,1.9707,0.859771,0.802761,0.191015,0.007752,0.584966,0.47473675809328736
1990/8/11 0:00,0.7653,1.9698,0.862069,0.801732,0.191015,0.007755,0.584966,0.5519223895126573
1990/8/12 0:00,0.7635,1.9685,0.862664,0.799169,0.191015,0.007834,0.583431,0.6605964131456189
1990/8/13 0:00,0.7658,1.967,0.862589,0.794597,0.191015,0.007852,0.585138,0.6118604867172456
1990/8/14 0:00,0.7663,1.9658,0.862069,0.788955,0.191015,0.007767,0.584966,0.5578405720718713
1990/8/15 0:00,0.7684,1.976,0.859476,0.793651,0.191015,0.007792,0.585309,0.6113
1990/8/16 0:00,0.7691,1.972,0.858222,0.788457,0.191015,0.007701,0.585995,0.35688992369133093
1990/8/17 0:00,0.7722,1.9515,0.858516,0.783085,0.191015,0.00755,0.583942,0.47430639861951585
1990/8/18 0:00,0.774,1.9392,0.85778,0.783392,0.191015,0.007513,0.58072,0.5450212376634007
1990/8/19 0:00,0.7768,1.9195,0.858001,0.773994,0.191015,0.00744,0.58072,0.4586286512492157
1990/8/20 0:00,0.7773,1.926,0.859254,0.778695,0.191015,0.00746,0.580383,0.6093
1990/8/21 0:00,0.7692,1.922,0.859845,0.77912,0.191015,0.007433,0.581564,0.609
1990/8/22 0:00,0.77,1.938,0.860363,0.785855,0.191015,0.007556,0.581903,0.6008
1990/8/23 0:00,0.7735,1.95,0.862813,0.791766,0.191015,0.007631,0.582072,0.41304785078629214
1990/8/24 0:00,0.7667,1.9425,0.864304,0.792393,0.191015,0.007582,0.584283,0.4257337066367958
1990/8/25 0:00,0.7677,1.939,0.862887,0.788955,0.191015,0.00757,0.58326,0.5179835092332171
1990/8/26 0:00,0.766,1.944,0.86192,0.790826,0.191015,0.007586,0.583431,0.6011
1990/8/27 0:00,0.7581,1.9435,0.862069,0.790202,0.191015,0.007568,0.584454,0.596
1990/8/28 0:00,0.7675,1.9391,0.862143,0.784806,0.191015,0.007522,0.58309,0.4470562472085728
1990/8/29 0:00,0.766,1.9285,0.863931,0.784314,0.191015,0.007505,0.582751,0.4196700514353088
1990/8/30 0:00,0.7701,1.935,0.864603,0.787216,0.191015,0.007506,0.580552,0.693722600013747
1990/8/31 0:00,0.771,1.931,0.862589,0.787402,0.191015,0.007454,0.578704,0.5997
1990/9/1 0:00,0.7734,1.906,0.862813,0.775314,0.191015,0.007416,0.576037,0.59
1990/9/2 0:00,0.773,1.885,0.862069,0.763942,0.191015,0.007375,0.573559,0.5292317825958541
1990/9/3 0:00,0.774,1.867,0.861772,0.759878,0.191015,0.00735,0.573559,0.33973280761705105
1990/9/4 0:00,0.774,1.885,0.862069,0.765111,0.191015,0.00735,0.569801,0.586
1990/9/5 0:00,0.7675,1.887,0.861178,0.765697,0.191015,0.007329,0.569963,0.5973957342489106
1990/9/6 0:00,0.77,1.921,0.861178,0.781555,0.191015,0.007401,0.573559,0.3790778412832531
1990/9/7 0:00,0.772,1.9285,0.861698,0.783085,0.191015,0.007366,0.574713,0.42895987685908654
1990/9/8 0:00,0.7735,1.9425,0.864006,0.792267,0.191015,0.007429,0.573559,0.5918
1990/9/9 0:00,0.7784,1.9465,0.867303,0.789578,0.191015,0.007516,0.573394,0.5935
1990/9/10 0:00,0.7793,1.932,0.868583,0.784006,0.191015,0.007402,0.570939,0.31365324745311274
1990/9/11 0:00,0.7775,1.905,0.867077,0.773934,0.191015,0.007315,0.568828,0.46439620390971664
1990/9/12 0:00,0.7785,1.906,0.868432,0.776398,0.191015,0.007329,0.568182,0.5923
1990/9/13 0:00,0.7728,1.9258,0.865127,0.785423,0.191015,0.00746,0.568343,0.5906
1990/9/14 0:00,0.7733,1.905,0.867604,0.776096,0.191015,0.007429,0.56899,0.37953401084881966
1990/9/15 0:00,0.7728,1.907,0.867303,0.78125,0.191015,0.007449,0.568505,0.5937
1990/9/16 0:00,0.7765,1.9045,0.870701,0.779362,0.191015,0.007405,0.566733,0.593
1990/9/17 0:00,0.781,1.904,0.870701,0.77682,0.191015,0.007358,0.566893,0.46935133653897526
1990/9/18 0:00,0.7889,1.9047,0.870625,0.775795,0.191015,0.007307,0.565611,0.5972
1990/9/19 0:00,0.7817,1.9228,0.865501,0.785855,0.191015,0.007526,0.572902,0.5943
1990/9/20 0:00,0.7778,1.9416,0.862962,0.792393,0.191015,0.00753,0.572902,0.5246593860962975
1990/9/21 0:00,0.782,1.9477,0.860956,0.794786,0.191015,0.007593,0.577367,0.29249364952569984
1990/9/22 0:00,0.7841,1.955,0.862962,0.797957,0.191015,0.007552,0.576535,0.596
1990/9/23 0:00,0.7787,1.96,0.862887,0.794913,0.191015,0.007563,0.579206,0.4735500246559231
1990/9/24 0:00,0.776,1.9575,0.858738,0.793651,0.191015,0.00756,0.579206,0.47722525121631676
1990/9/25 0:00,0.7812,1.9642,0.860511,0.791452,0.191015,0.007564,0.579206,0.6079178598617652
1990/9/26 0:00,0.7836,1.9695,0.862292,0.793336,0.191015,0.007603,0.579374,0.29895421241042086
1990/9/27 0:00,0.785,1.961,0.861698,0.788955,0.191015,0.007599,0.578369,0.27621014840908553
1990/9/28 0:00,0.7826,1.965,0.859919,0.794913,0.191015,0.007607,0.577034,0.5987
1990/9/29 0:00,0.782,1.9763,0.861475,0.798403,0.191015,0.007607,0.577367,0.5997
1990/9/30 0:00,0.7817,1.9772,0.863409,0.799233,0.191015,0.007629,0.581734,0.6002
1990/10/1 0:00,0.7765,1.983,0.862441,0.800641,0.191015,0.007708,0.583431,0.5995
1990/10/2 0:00,0.7787,1.999,0.863558,0.809913,0.191015,0.007791,0.584283,0.6177898029351839
1990/10/3 0:00,0.7816,1.9965,0.862292,0.808081,0.191015,0.007816,0.584112,0.5352819862574526
1990/10/4 0:00,0.7796,1.987,0.863185,0.803536,0.191015,0.007819,0.583771,0.46353806084874033
1990/10/5 0:00,0.7793,1.997,0.864454,0.809389,0.191015,0.00783,0.584966,0.5742808657238936
1990/10/6 0:00,0.7809,1.9915,0.867002,0.803213,0.191015,0.007794,0.583771,0.46932838753167455
1990/10/7 0:00,0.7875,1.9918,0.867077,0.80032,0.191015,0.007747,0.586166,0.6071
1990/10/8 0:00,0.7869,1.98,0.866551,0.795545,0.191015,0.007704,0.585309,0.5758541796114254
1990/10/9 0:00,0.7886,1.9705,0.866176,0.788644,0.191015,0.007666,0.584283,0.5200294407579519
1990/10/10 0:00,0.788,1.9515,0.866551,0.780336,0.191015,0.007602,0.58072,0.3842698647841214
1990/10/11 0:00,0.7873,1.947,0.867002,0.781372,0.191015,0.007587,0.581058,0.45069089427102865
1990/10/12 0:00,0.788,1.9571,0.868432,0.784745,0.191015,0.00761,0.58072,0.42462682883956065
1990/10/13 0:00,0.7838,1.9437,0.868056,0.775494,0.191015,0.007564,0.582072,0.49688087179731694
1990/10/14 0:00,0.7833,1.923,0.86798,0.766871,0.191015,0.007499,0.578871,0.5974
1990/10/15 0:00,0.784,1.9205,0.868357,0.766284,0.191015,0.007527,0.579206,0.40692330631388973
1990/10/16 0:00,0.7836,1.9155,0.868206,0.759878,0.191015,0.00756,0.578536,0.5988
1990/10/17 0:00,0.7853,1.91,0.869641,0.753863,0.191015,0.007522,0.579374,0.5995
1990/10/18 0:00,0.7848,1.898,0.867227,0.750751,0.191015,0.007432,0.577868,0.601
1990/10/19 0:00,0.7763,1.8965,0.865276,0.746269,0.191015,0.007377,0.576369,0.35027387250706865
1990/10/20 0:00,0.7727,1.9017,0.865876,0.748783,0.191015,0.007386,0.576868,0.5977
1990/10/21 0:00,0.7669,1.8505,0.865276,0.729661,0.191015,0.007241,0.572181,0.598
1990/10/22 0:00,0.7673,1.858,0.865726,0.733945,0.191015,0.007337,0.573559,0.5979
1990/10/23 0:00,0.7651,1.856,0.866401,0.730194,0.191015,0.007331,0.572574,0.596
1990/10/24 0:00,0.7688,1.8555,0.866701,0.730727,0.191015,0.007356,0.572082,0.5968
1990/10/25 0:00,0.7713,1.8305,0.865576,0.720825,0.191015,0.007289,0.570776,0.47041742340669335
1990/10/26 0:00,0.7679,1.791,0.867077,0.708215,0.191015,0.007239,0.568182,0.6688223968638826
1990/10/27 0:00,0.7696,1.765,0.865202,0.700035,0.191015,0.007239,0.565611,0.594
1990/10/28 0:00,0.7683,1.7765,0.86326,0.702741,0.191015,0.007215,0.564653,0.34750059203313344
1990/10/29 0:00,0.7712,1.792,0.865052,0.708968,0.191015,0.007267,0.564972,0.48483579374071206
1990/10/30 0:00,0.773,1.7895,0.863856,0.709572,0.191015,0.007289,0.565291,0.6651685764603942
1990/10/31 0:00,0.771,1.764,0.861698,0.69979,0.191015,0.007224,0.564653,0.5882841616213289
1990/11/1 0:00,0.7713,1.7533,0.862218,0.696718,0.191015,0.007228,0.560538,0.19513617611030967
1990/11/2 0:00,0.7742,1.7395,0.861475,0.687521,0.191015,0.007189,0.558347,0.5865
1990/11/3 0:00,0.775,1.7365,0.862962,0.687049,0.191015,0.007082,0.557414,0.36389769965502256
1990/11/4 0:00,0.773,1.7485,0.862441,0.692041,0.191015,0.007112,0.558659,0.5376637909455741
1990/11/5 0:00,0.775,1.7585,0.863185,0.695314,0.191015,0.007133,0.558971,0.42421149686321485
1990/11/6 0:00,0.775,1.7705,0.865052,0.702099,0.191015,0.007231,0.560067,0.59
1990/11/7 0:00,0.7786,1.777,0.865276,0.706165,0.191015,0.007278,0.567215,0.5928
1990/11/8 0:00,0.7842,1.788,0.865276,0.713521,0.191015,0.007355,0.564653,0.35322489237460153
1990/11/9 0:00,0.786,1.7705,0.866701,0.704722,0.191015,0.007305,0.567537,0.21059698996989507
1990/11/10 0:00,0.7846,1.7675,0.866551,0.698227,0.191015,0.007286,0.564972,0.44142122583149324
1990/11/11 0:00,0.7857,1.791,0.867528,0.707965,0.189204,0.007402,0.565611,0.5458572766595473
1990/11/12 0:00,0.7871,1.7793,0.867905,0.702247,0.189204,0.007334,0.56899,0.47367760721253854
1990/11/13 0:00,0.7818,1.79,0.869717,0.708215,0.189204,0.007356,0.568505,0.5898
1990/11/14 0:00,0.7844,1.7775,0.868961,0.701016,0.189297,0.007337,0.568505,0.3598847154373845
1990/11/15 0:00,0.7803,1.7875,0.869717,0.702494,0.189297,0.007436,0.570125,0.5802779814081943
1990/11/16 0:00,0.7799,1.7885,0.870474,0.705219,0.189297,0.007416,0.571429,0.5777729855798904
1990/11/17 0:00,0.779,1.783,0.868885,0.701262,0.189297,0.007334,0.572082,0.5080418023018003
1990/11/18 0:00,0.7776,1.771,0.867679,0.693001,0.189072,0.00731,0.568828,0.40373601875217324
1990/11/19 0:00,0.7728,1.719,0.865801,0.679579,0.188754,0.007216,0.562588,0.5885
1990/11/20 0:00,0.7703,1.69,0.862441,0.675219,0.188384,0.007171,0.560852,0.246440532043937
1990/11/21 0:00,0.775,1.712,0.864828,0.685166,0.188551,0.00725,0.561956,0.5885
1990/11/22 0:00,0.7741,1.694,0.865801,0.680365,0.188551,0.007244,0.56338,0.4425285872723436
1990/11/23 0:00,0.7768,1.6935,0.867303,0.682221,0.188551,0.007244,0.562272,0.5847762095775964
1990/11/24 0:00,0.7795,1.686,0.868131,0.675904,0.188551,0.00724,0.563857,0.585
1990/11/25 0:00,0.7792,1.6765,0.867002,0.673854,0.188551,0.007262,0.560381,0.4859072289570289
1990/11/26 0:00,0.7788,1.7265,0.868056,0.692041,0.188654,0.007267,0.568828,0.4956006278340828
1990/11/27 0:00,0.778,1.717,0.869792,0.685401,0.188654,0.007241,0.566251,0.5139103456901951
1990/11/28 0:00,0.7764,1.695,0.868432,0.677507,0.188654,0.007218,0.563222,0.43644249448353256
1990/11/29 0:00,0.7795,1.705,0.868432,0.68018,0.187966,0.007222,0.564016,0.35744073517633
1990/11/30 0:00,0.7807,1.7215,0.868961,0.685401,0.187966,0.007249,0.566251,0.6693516550909661
1990/12/1 0:00,0.7838,1.7175,0.868056,0.682594,0.187966,0.007228,0.564493,0.44269273148321414
1990/12/2 0:00,0.783,1.704,0.867303,0.678887,0.187744,0.007179,0.564334,0.5680040673656965
1990/12/3 0:00,0.7838,1.719,0.868508,0.685401,0.187744,0.007207,0.564653,0.5892
1990/12/4 0:00,0.7791,1.7315,0.869338,0.692521,0.187744,0.007173,0.564653,0.5624548319015645
1990/12/5 0:00,0.7788,1.7383,0.868734,0.698227,0.187744,0.007239,0.564653,0.4744649340453205
1990/12/6 0:00,0.7835,1.7478,0.86949,0.698568,0.187966,0.007247,0.566572,0.6944277959746173
1990/12/7 0:00,0.7834,1.7455,0.870322,0.693963,0.187966,0.00727,0.566572,0.5559242389298685
1990/12/8 0:00,0.7825,1.7135,0.869036,0.67981,0.187966,0.00722,0.564653,0.5902
1990/12/9 0:00,0.7824,1.719,0.869868,0.685542,0.187505,0.007235,0.563857,0.3860571532654956
1990/12/10 0:00,0.7765,1.7365,0.870474,0.689893,0.187505,0.007273,0.564334,0.33845945486167367
1990/12/11 0:00,0.7715,1.727,0.870171,0.684932,0.187631,0.007244,0.564334,0.5875
1990/12/12 0:00,0.7565,1.7345,0.868885,0.686672,0.18741,0.007261,0.564653,0.3692978664066795
1990/12/13 0:00,0.759,1.731,0.869943,0.687474,0.18741,0.007225,0.565451,0.582
1990/12/14 0:00,0.7603,1.7453,0.872296,0.691802,0.18741,0.007257,0.565291,0.5226779392680384
1990/12/15 0:00,0.7605,1.734,0.871688,0.683527,0.18741,0.007236,0.567215,0.5834
1990/12/16 0:00,0.7565,1.7155,0.871992,0.682128,0.186951,0.007254,0.567215,0.6289760321247468
1990/12/17 0:00,0.7594,1.698,0.873134,0.674673,0.186951,0.007223,0.566412,0.5732611932621126
1990/12/18 0:00,0.7575,1.6969,0.873286,0.671366,0.186787,0.00719,0.564812,0.42930669395558646
1990/12/19 0:00,0.76,1.703,0.873744,0.673401,0.186619,0.007212,0.564493,0.583
1990/12/20 0:00,0.7603,1.6937,0.872981,0.66836,0.186619,0.007188,0.564334,0.5824
1990/12/21 0:00,0.7507,1.6875,0.87222,0.665557,0.186619,0.007185,0.563222,0.26746453541021525
1990/12/22 0:00,0.7515,1.671,0.87146,0.658328,0.186619,0.007127,0.562588,0.2930912547702093
1990/12/23 0:00,0.752,1.6688,0.871536,0.661463,0.18631,0.007047,0.560695,0.38235877555146713
1990/12/24 0:00,0.755,1.6615,0.87321,0.660284,0.18631,0.007082,0.561167,0.40139964416040297
1990/12/25 0:00,0.7548,1.6445,0.873744,0.652529,0.18631,0.007047,0.559284,0.5718
1990/12/26 0:00,0.754,1.6377,0.873744,0.650491,0.186092,0.007076,0.558659,0.306716377054363
1990/12/27 0:00,0.7598,1.6252,0.874891,0.646831,0.186092,0.007094,0.559128,0.5962314437180601
1990/12/28 0:00,0.763,1.6115,0.875274,0.640164,0.186092,0.007097,0.557724,0.575
1990/12/29 0:00,0.7631,1.6325,0.87535,0.649899,0.186092,0.007139,0.559284,0.5753
1990/12/30 0:00,0.7641,1.6312,0.87581,0.648635,0.186254,0.007208,0.563222,0.49445312479240033
1990/12/31 0:00,0.765,1.631,0.87512,0.646496,0.186254,0.007194,0.563063,0.49132013987227097
1991/1/1 0:00,0.7645,1.642,0.874891,0.652103,0.186254,0.007199,0.56243,0.44250943742472065
1991/1/2 0:00,0.765,1.6281,0.875734,0.644122,0.186254,0.007204,0.565611,0.29353683738047937
1991/1/3 0:00,0.767,1.6395,0.87581,0.647668,0.186254,0.007231,0.565771,0.4806527796149918
1991/1/4 0:00,0.7675,1.632,0.875197,0.645369,0.186254,0.007241,0.567215,0.34210933195669235
1991/1/5 0:00,0.767,1.618,0.87535,0.641766,0.186254,0.007252,0.564972,0.5754
1991/1/6 0:00,0.7651,1.614,0.874891,0.638978,0.186254,0.007225,0.565707,0.37966965055821483
1991/1/7 0:00,0.7643,1.6015,0.874661,0.632711,0.185929,0.007206,0.564972,0.19451937013746906
1991/1/8 0:00,0.7642,1.6057,0.875044,0.631712,0.185711,0.007168,0.564334,0.5685
1991/1/9 0:00,0.7651,1.615,0.874279,0.634719,0.185711,0.007228,0.565931,0.3717578148371502
1991/1/10 0:00,0.7665,1.628,0.873744,0.639591,0.185912,0.007208,0.567376,0.4564016251457165
1991/1/11 0:00,0.765,1.622,0.87146,0.635526,0.186074,0.007212,0.568666,0.5667
1991/1/12 0:00,0.7664,1.621,0.87108,0.636132,0.186074,0.007219,0.56802,0.5619251132253714
1991/1/13 0:00,0.7664,1.607,0.870095,0.62901,0.186074,0.007216,0.568666,0.5618
1991/1/14 0:00,0.77,1.6505,0.870852,0.645203,0.186074,0.007313,0.571102,0.5624
1991/1/15 0:00,0.7738,1.6515,0.87222,0.646078,0.186293,0.007315,0.571102,0.3751219348032265
1991/1/16 0:00,0.7755,1.644,0.872372,0.64041,0.186293,0.007291,0.570613,0.19310410264767208
1991/1/17 0:00,0.776,1.6525,0.871536,0.643708,0.186293,0.00731,0.570451,0.5648
1991/1/18 0:00,0.773,1.666,0.866176,0.651254,0.186293,0.00731,0.571102,0.20356550593444087
1991/1/19 0:00,0.7785,1.691,0.862069,0.660066,0.186293,0.007329,0.571102,0.5750590201273048
1991/1/20 0:00,0.7755,1.681,0.864528,0.656599,0.18655,0.007275,0.570776,0.5753044516041922
1991/1/21 0:00,0.7738,1.6835,0.864454,0.655523,0.18655,0.0073,0.571265,0.5486710928226739
1991/1/22 0:00,0.7751,1.6938,0.867679,0.661463,0.18655,0.007279,0.57241,0.26500516450552586
1991/1/23 0:00,0.7758,1.6875,0.869717,0.660066,0.18655,0.007252,0.571102,0.432537096164288
1991/1/24 0:00,0.7761,1.6743,0.870246,0.652529,0.18655,0.007237,0.571429,0.3086565538305438
1991/1/25 0:00,0.7792,1.6798,0.868583,0.654108,0.18655,0.00725,0.572082,0.5711
1991/1/26 0:00,0.778,1.6845,0.868131,0.655308,0.18655,0.007277,0.57323,0.44494490575133694
1991/1/27 0:00,0.7765,1.6735,0.869338,0.651169,0.18655,0.007264,0.574053,0.47221838475687844
1991/1/28 0:00,0.779,1.6945,0.86881,0.66313,0.18655,0.007313,0.573723,0.5725
1991/1/29 0:00,0.7802,1.7095,0.869717,0.667111,0.18655,0.007316,0.577534,0.25414096876893094
1991/1/30 0:00,0.7822,1.712,0.870549,0.668807,0.186679,0.007368,0.579542,0.47984022220437966
1991/1/31 0:00,0.7835,1.7128,0.87146,0.66912,0.186679,0.007361,0.579039,0.3477339050446792
1991/2/1 0:00,0.7825,1.7,0.872068,0.66335,0.186679,0.007328,0.580552,0.5364383315474058
1991/2/2 0:00,0.7835,1.695,0.871992,0.660066,0.186505,0.007305,0.58072,0.5711
1991/2/3 0:00,0.7839,1.6983,0.871916,0.662252,0.186505,0.007324,0.580383,0.47824689023143824
1991/2/4 0:00,0.7825,1.6935,0.8726,0.660502,0.186505,0.007325,0.58072,0.5345129060335594
1991/2/5 0:00,0.7821,1.6875,0.87382,0.658545,0.186505,0.00732,0.58072,0.573
1991/2/6 0:00,0.7785,1.688,0.874585,0.656599,0.186505,0.007328,0.58072,0.4592048991343714
1991/2/7 0:00,0.7776,1.662,0.873897,0.64914,0.186234,0.007286,0.579206,0.5021840340544789
1991/2/8 0:00,0.779,1.63,0.873897,0.644745,0.185925,0.007231,0.574383,0.5705
1991/2/9 0:00,0.7815,1.6377,0.87558,0.645786,0.185405,0.007275,0.574713,0.40158990272035705
1991/2/10 0:00,0.784,1.6765,0.874279,0.656599,0.18557,0.00731,0.579542,0.5753
1991/2/11 0:00,0.7871,1.697,0.874508,0.664452,0.18566,0.00733,0.580215,0.7291484953119547
1991/2/12 0:00,0.7855,1.6715,0.874126,0.652742,0.18566,0.007294,0.580215,0.3382565530011345
1991/2/13 0:00,0.7845,1.6795,0.873744,0.654664,0.18566,0.007299,0.580114,0.5735
1991/2/14 0:00,0.7841,1.68,0.875887,0.656728,0.18566,0.007299,0.580215,0.573
1991/2/15 0:00,0.7845,1.69,0.876578,0.659065,0.18566,0.007321,0.580383,0.533025001317208
1991/2/16 0:00,0.7842,1.6805,0.876732,0.655523,0.18566,0.007299,0.581564,0.535522435929104
1991/2/17 0:00,0.7852,1.68,0.875503,0.654236,0.18566,0.007307,0.581564,0.5234207582885244
1991/2/18 0:00,0.7781,1.691,0.876655,0.655093,0.18566,0.007352,0.581903,0.5723
1991/2/19 0:00,0.7848,1.6935,0.875887,0.656254,0.18566,0.007391,0.581903,0.4939208629403444
1991/2/20 0:00,0.7856,1.692,0.876424,0.65475,0.18566,0.00736,0.581734,0.23705813833221379
1991/2/21 0:00,0.7867,1.6975,0.877578,0.656814,0.18566,0.007345,0.582411,0.36496616416797595
1991/2/22 0:00,0.7905,1.73,0.877886,0.671141,0.18566,0.00741,0.587027,0.6081976910725139
1991/2/23 0:00,0.7878,1.7295,0.876732,0.675447,0.185753,0.007416,0.587027,0.3871435466461181
1991/2/24 0:00,0.7896,1.7252,0.878889,0.672812,0.185753,0.00741,0.587027,0.7002787733319379
1991/2/25 0:00,0.7958,1.7335,0.87943,0.676819,0.185753,0.007459,0.588582,0.42211315314892733
1991/2/26 0:00,0.7963,1.7325,0.880204,0.677507,0.185753,0.007464,0.588408,0.5863
1991/2/27 0:00,0.7995,1.742,0.879894,0.685636,0.185753,0.007473,0.590145,0.5491167698783769
1991/2/28 0:00,0.7957,1.7275,0.879894,0.676727,0.185532,0.007435,0.590319,0.3679581645173689
1991/3/1 0:00,0.7974,1.7285,0.880669,0.679117,0.185532,0.007442,0.589623,0.31354412395314446
1991/3/2 0:00,0.8011,1.744,0.881446,0.685401,0.185532,0.007516,0.592066,0.5426300566275563
1991/3/3 0:00,0.8002,1.738,0.881834,0.686106,0.185532,0.007514,0.591191,0.5299422740148426
1991/3/4 0:00,0.7961,1.7333,0.881446,0.682827,0.185532,0.007502,0.590493,0.43868354314025676
1991/3/5 0:00,0.7935,1.7325,0.880902,0.682268,0.185532,0.007481,0.590842,0.531605631037918
1991/3/6 0:00,0.7965,1.737,0.881601,0.685166,0.185532,0.007496,0.58997,0.3357821450860868
1991/3/7 0:00,0.7971,1.7485,0.883783,0.688705,0.185532,0.007508,0.592066,0.2866704100652944
1991/3/8 0:00,0.8004,1.751,0.884173,0.687853,0.185532,0.007537,0.592839,0.5699
1991/3/9 0:00,0.7953,1.75,0.883939,0.686059,0.185532,0.007647,0.592242,0.28548372455724985
1991/3/10 0:00,0.794,1.739,0.88347,0.680967,0.185687,0.007691,0.591716,0.38039847209567995
1991/3/11 0:00,0.796,1.7352,0.885347,0.679117,0.185687,0.007734,0.591541,0.18867124370079447
1991/3/12 0:00,0.7934,1.714,0.886132,0.672948,0.185687,0.007686,0.590319,0.5673
1991/3/13 0:00,0.7955,1.7165,0.88574,0.675219,0.185377,0.007678,0.589275,0.5008719321858677
1991/3/14 0:00,0.7943,1.7145,0.884564,0.674764,0.185377,0.007672,0.590493,0.6299344587373049
1991/3/15 0:00,0.797,1.719,0.885426,0.674764,0.185377,0.007708,0.590667,0.5635
1991/3/16 0:00,0.8,1.702,0.885112,0.66912,0.185377,0.007679,0.589623,0.45784523268805155
1991/3/17 0:00,0.7955,1.7105,0.884408,0.672043,0.185377,0.007691,0.58997,0.5661
1991/3/18 0:00,0.798,1.725,0.886525,0.677277,0.185377,0.007706,0.58997,0.26889857773457715
1991/3/19 0:00,0.7968,1.7185,0.887311,0.675219,0.185377,0.007649,0.590145,0.4665545957520157
1991/3/20 0:00,0.795,1.7145,0.887548,0.675904,0.185377,0.007622,0.589623,0.5158671780964391
1991/3/21 0:00,0.784,1.7065,0.886918,0.671592,0.185377,0.007602,0.588928,0.5217393023235852
1991/3/22 0:00,0.7854,1.711,0.888573,0.671817,0.185377,0.007623,0.590145,0.6585083968349142
1991/3/23 0:00,0.7855,1.711,0.888415,0.671366,0.185377,0.00761,0.589275,0.5565
1991/3/24 0:00,0.7871,1.723,0.890313,0.676361,0.185849,0.007648,0.588928,0.3300578722199615
1991/3/25 0:00,0.7845,1.7425,0.890631,0.68306,0.185377,0.007629,0.590319,0.5563
1991/3/26 0:00,0.7791,1.7425,0.890472,0.682594,0.185377,0.007657,0.591017,0.5566
1991/3/27 0:00,0.7845,1.781,0.892061,0.696961,0.185377,0.007758,0.598802,0.4164527868315064
1991/3/28 0:00,0.7836,1.7697,0.89222,0.690131,0.185377,0.007704,0.597372,0.5633
1991/3/29 0:00,0.7854,1.768,0.888099,0.68918,0.185271,0.007673,0.59453,0.5585
1991/3/30 0:00,0.7863,1.775,0.883314,0.690846,0.185178,0.0077,0.597015,0.48329159450672765
1991/3/31 0:00,0.7851,1.769,0.884408,0.688231,0.185268,0.007689,0.597372,0.5330192883585728
1991/4/1 0:00,0.7866,1.791,0.886525,0.701262,0.185268,0.007734,0.600781,0.22121725585947466
1991/4/2 0:00,0.7883,1.7955,0.885975,0.704722,0.185268,0.007695,0.60006,0.4819538563192109
1991/4/3 0:00,0.789,1.796,0.880359,0.703235,0.185268,0.007706,0.600781,0.3851303257352577
1991/4/4 0:00,0.7911,1.7975,0.880437,0.704821,0.18534,0.007715,0.600962,0.4328197316618117
1991/4/5 0:00,0.7915,1.7975,0.878889,0.708868,0.185117,0.00772,0.601685,0.5551982265580421
1991/4/6 0:00,0.7918,1.7985,0.877501,0.709975,0.185117,0.007827,0.604047,0.2805548328281599
1991/4/7 0:00,0.7888,1.7978,0.880282,0.713776,0.185117,0.007806,0.605327,0.4257043692455168
1991/4/8 0:00,0.7868,1.767,0.879507,0.700525,0.185117,0.007676,0.599161,0.33920755329065394
1991/4/9 0:00,0.7844,1.7655,0.881057,0.696379,0.184792,0.007688,0.599341,0.5055051094292177
1991/4/10 0:00,0.784,1.776,0.882223,0.702494,0.184792,0.007695,0.603136,0.54935485826741
1991/4/11 0:00,0.7855,1.7715,0.881679,0.69979,0.184792,0.007719,0.601142,0.4857388456185223
1991/4/12 0:00,0.7851,1.7725,0.880747,0.69979,0.184792,0.007719,0.60241,0.29161503254176957
1991/4/13 0:00,0.7818,1.7915,0.879507,0.710227,0.184792,0.007766,0.603136,0.3149984637053114
1991/4/14 0:00,0.7784,1.81,0.879662,0.71958,0.184792,0.0078,0.605327,0.5419925399807343
1991/4/15 0:00,0.7735,1.806,0.880204,0.719166,0.184792,0.007788,0.606612,0.5566
1991/4/16 0:00,0.7728,1.808,0.879972,0.716589,0.184792,0.00777,0.605694,0.5190649930172561
1991/4/17 0:00,0.772,1.8085,0.876655,0.718391,0.184478,0.007743,0.604595,0.4452689364893261
1991/4/18 0:00,0.7711,1.8075,0.87558,0.71582,0.184478,0.007738,0.604595,0.491647725757222
1991/4/19 0:00,0.7705,1.8185,0.87535,0.715052,0.184478,0.007764,0.6035,0.42349139529557167
1991/4/20 0:00,0.773,1.821,0.874355,0.716846,0.184165,0.007784,0.606428,0.193142152654357
1991/4/21 0:00,0.7737,1.822,0.872981,0.716846,0.184294,0.007776,0.607533,0.554
1991/4/22 0:00,0.7731,1.8252,0.871992,0.717103,0.184294,0.007785,0.606796,0.36754715327352294
1991/4/23 0:00,0.7715,1.8325,0.86408,0.722909,0.184294,0.007792,0.608088,0.5731004063699413
1991/4/24 0:00,0.767,1.86,0.865801,0.734214,0.184294,0.007839,0.609756,0.543
1991/4/25 0:00,0.7604,1.8765,0.861995,0.742942,0.184294,0.007902,0.614251,0.48893950327059493
1991/4/26 0:00,0.7601,1.8705,0.861401,0.738007,0.184189,0.00784,0.613497,0.3137230923725904
1991/4/27 0:00,0.7608,1.884,0.861104,0.743771,0.184189,0.007888,0.613121,0.3894279950794792
1991/4/28 0:00,0.7624,1.8768,0.861846,0.740192,0.184189,0.007964,0.614628,0.5435
1991/4/29 0:00,0.7597,1.8665,0.86326,0.737735,0.18356,0.007952,0.613121,0.5405
1991/4/30 0:00,0.7593,1.866,0.865202,0.734484,0.18356,0.008006,0.616903,0.4919451829614044
1991/5/1 0:00,0.7565,1.868,0.868432,0.732601,0.18356,0.008032,0.615006,0.5375
1991/5/2 0:00,0.7572,1.845,0.871612,0.726639,0.183288,0.008013,0.613497,0.5379
1991/5/3 0:00,0.7641,1.877,0.874661,0.74129,0.183288,0.008058,0.615006,0.5495
1991/5/4 0:00,0.7551,1.871,0.875657,0.74118,0.183506,0.008039,0.615385,0.38985136538576964
1991/5/5 0:00,0.7564,1.871,0.875044,0.740192,0.183506,0.008006,0.616523,0.5494
1991/5/6 0:00,0.7465,1.831,0.870322,0.723066,0.183506,0.007974,0.614553,0.25256919846848447
1991/5/7 0:00,0.7365,1.792,0.866326,0.708717,0.18318,0.007871,0.61106,0.1807703313040764
1991/5/8 0:00,0.742,1.8015,0.870322,0.715205,0.182996,0.007883,0.610501,0.43312466059876287
1991/5/9 0:00,0.7458,1.789,0.870474,0.708466,0.182996,0.007886,0.611808,0.4878122420922624
1991/5/10 0:00,0.7415,1.753,0.864828,0.692665,0.182996,0.007788,0.606796,0.35754482179271874
1991/5/11 0:00,0.7419,1.7605,0.867077,0.695894,0.182862,0.007795,0.608272,0.5397
1991/5/12 0:00,0.743,1.777,0.867152,0.702988,0.182862,0.007846,0.608643,0.5359369748462487
1991/5/13 0:00,0.7504,1.807,0.866701,0.712403,0.183013,0.008117,0.613497,0.5422
1991/5/14 0:00,0.7513,1.8065,0.865876,0.711238,0.183013,0.008116,0.61237,0.5405
1991/5/15 0:00,0.7449,1.7951,0.863334,0.705716,0.183013,0.008071,0.611995,0.3760905143037257
1991/5/16 0:00,0.7398,1.8055,0.856531,0.709471,0.182922,0.008102,0.610314,0.47723148841613705
1991/5/17 0:00,0.7383,1.776,0.852442,0.695652,0.182922,0.007974,0.611621,0.43224585313842206
1991/5/18 0:00,0.7443,1.7945,0.851571,0.70373,0.182862,0.007961,0.61237,0.526654876694044
1991/5/19 0:00,0.7431,1.806,0.853024,0.70497,0.182862,0.007971,0.61237,0.5406
1991/5/20 0:00,0.748,1.773,0.848896,0.693481,0.182862,0.007937,0.611995,0.45545943095674496
1991/5/21 0:00,0.7521,1.789,0.850919,0.69979,0.182862,0.007965,0.610501,0.4120837526481665
1991/5/22 0:00,0.7524,1.7995,0.852442,0.702001,0.182862,0.00794,0.613874,0.54
1991/5/23 0:00,0.749,1.8015,0.846883,0.703482,0.182862,0.007927,0.614628,0.5609619469341234
1991/5/24 0:00,0.7457,1.8062,0.847961,0.705467,0.182862,0.007947,0.615006,0.5405
1991/5/25 0:00,0.748,1.8205,0.848176,0.710732,0.182862,0.007959,0.615006,0.6581192177314064
1991/5/26 0:00,0.751,1.8375,0.84832,0.719424,0.182862,0.007986,0.616523,0.5423
1991/5/27 0:00,0.7481,1.8255,0.849834,0.712606,0.183097,0.007893,0.617093,0.5412
1991/5/28 0:00,0.751,1.8013,0.845666,0.702001,0.182785,0.007878,0.614251,0.5408
1991/5/29 0:00,0.7514,1.787,0.845881,0.69483,0.182475,0.007832,0.612745,0.5397
1991/5/30 0:00,0.7535,1.7725,0.843739,0.685166,0.182359,0.007832,0.609385,0.7064867046618871
1991/5/31 0:00,0.754,1.7685,0.84246,0.681199,0.182359,0.007817,0.610687,0.5415
1991/6/1 0:00,0.7541,1.751,0.840689,0.671366,0.182359,0.007813,0.607349,0.369075608811361
1991/6/2 0:00,0.7572,1.752,0.841822,0.671682,0.182359,0.007788,0.608088,0.39124737101569085
1991/6/3 0:00,0.7558,1.75,0.843882,0.671366,0.182359,0.007773,0.608458,0.5579237722824708
1991/6/4 0:00,0.7534,1.7465,0.844452,0.669344,0.182359,0.007769,0.608088,0.5422
1991/6/5 0:00,0.751,1.748,0.842247,0.670826,0.182359,0.007746,0.607533,0.5022525639058429
1991/6/6 0:00,0.7525,1.756,0.843241,0.673174,0.182359,0.007725,0.609013,0.5414
1991/6/7 0:00,0.7487,1.7455,0.846883,0.667111,0.182359,0.007711,0.607533,0.4242788517649795
1991/6/8 0:00,0.7533,1.754,0.847817,0.671592,0.182382,0.007727,0.609756,0.5457294428307091
1991/6/9 0:00,0.7538,1.756,0.846024,0.673627,0.182382,0.007743,0.608347,0.41343055018340213
1991/6/10 0:00,0.7545,1.7543,0.844096,0.672133,0.182382,0.007714,0.608458,0.5930761545968173
1991/6/11 0:00,0.7527,1.739,0.839842,0.66357,0.182382,0.007643,0.607165,0.3961774548554439
1991/6/12 0:00,0.7521,1.723,0.838715,0.656168,0.182193,0.007569,0.606428,0.3726224916855816
1991/6/13 0:00,0.7542,1.716,0.839983,0.656082,0.182193,0.007584,0.60423,0.547
1991/6/14 0:00,0.7552,1.718,0.841397,0.659196,0.182193,0.00759,0.602954,0.27544822642001404
1991/6/15 0:00,0.7567,1.7225,0.838364,0.66313,0.182193,0.00758,0.601034,0.5473
1991/6/16 0:00,0.7571,1.714,0.83654,0.658545,0.182193,0.007526,0.598982,0.3985498813365546
1991/6/17 0:00,0.7547,1.7253,0.83731,0.66291,0.182193,0.007493,0.596837,0.46440585378889615
1991/6/18 0:00,0.7536,1.707,0.83696,0.660939,0.182269,0.007449,0.595061,0.37765759482714006
1991/6/19 0:00,0.7547,1.7115,0.834028,0.66335,0.182176,0.007485,0.598444,0.4435766914789605
1991/6/20 0:00,0.7549,1.715,0.833194,0.662032,0.182176,0.007464,0.600601,0.5456
1991/6/21 0:00,0.7573,1.731,0.835422,0.668226,0.182176,0.007493,0.607903,0.39842107495731366
1991/6/22 0:00,0.7602,1.733,0.838012,0.669882,0.182359,0.007573,0.605327,0.5580659084447752
1991/6/23 0:00,0.7599,1.711,0.835561,0.660066,0.182359,0.007504,0.603318,0.1696684431995793
1991/6/24 0:00,0.7593,1.706,0.834376,0.655523,0.182053,0.007454,0.60024,0.505971350656994
1991/6/25 0:00,0.7605,1.715,0.838223,0.658979,0.182053,0.007479,0.60042,0.36653069748867767
1991/6/26 0:00,0.7614,1.72,0.838926,0.660284,0.182053,0.00748,0.603865,0.45473524850991887
1991/6/27 0:00,0.7638,1.732,0.840972,0.666667,0.182193,0.007499,0.6035,0.5495
1991/6/28 0:00,0.7645,1.722,0.840477,0.659413,0.182359,0.007465,0.601866,0.5166554599891595
1991/6/29 0:00,0.7659,1.7395,0.841184,0.668226,0.182359,0.007512,0.60024,0.47201316152872563
1991/6/30 0:00,0.767,1.733,0.839842,0.664805,0.182442,0.007515,0.601685,0.508570010742034
1991/7/1 0:00,0.77,1.7363,0.840195,0.665779,0.182442,0.007523,0.603865,0.5463
1991/7/2 0:00,0.7666,1.7265,0.839278,0.662691,0.182442,0.007435,0.602047,0.4336077364015735
1991/7/3 0:00,0.7663,1.7295,0.838223,0.665469,0.182442,0.007472,0.602954,0.24280866138682508
1991/7/4 0:00,0.7665,1.743,0.840831,0.671592,0.182442,0.007505,0.605694,0.547
1991/7/5 0:00,0.7632,1.75,0.841893,0.671727,0.182442,0.007535,0.605144,0.464261628487821
1991/7/6 0:00,0.7628,1.7495,0.841751,0.670241,0.182442,0.007503,0.604778,0.29744728812500715
1991/7/7 0:00,0.7595,1.7485,0.840831,0.670107,0.182442,0.007541,0.60551,0.4655608440194956
1991/7/8 0:00,0.7628,1.764,0.841468,0.672495,0.182508,0.007563,0.604595,0.22567640073308756
1991/7/9 0:00,0.7637,1.7652,0.842673,0.66313,0.182508,0.007524,0.605327,0.3261764050007743
1991/7/10 0:00,0.7638,1.762,0.842957,0.655738,0.181564,0.007503,0.603136,0.3966727827539915
1991/7/11 0:00,0.7661,1.771,0.846167,0.66072,0.181564,0.007531,0.604961,0.458549845003809
1991/7/12 0:00,0.765,1.756,0.847529,0.652103,0.18074,0.007497,0.604047,0.5445
1991/7/13 0:00,0.7667,1.7477,0.845809,0.648088,0.18074,0.007468,0.600962,0.5438
1991/7/14 0:00,0.767,1.745,0.846024,0.647249,0.18074,0.007463,0.601323,0.543
1991/7/15 0:00,0.7645,1.747,0.847458,0.646245,0.18074,0.00745,0.60241,0.734842112553971
1991/7/16 0:00,0.7625,1.7625,0.842957,0.648719,0.18074,0.007454,0.602954,0.2650353277573398
1991/7/17 0:00,0.757,1.764,0.843313,0.648508,0.18074,0.007433,0.601866,0.5170166871080683
1991/7/18 0:00,0.754,1.772,0.843455,0.652316,0.180982,0.007433,0.602773,0.5447666771647723
1991/7/19 0:00,0.7562,1.78,0.837521,0.653595,0.180982,0.007511,0.604412,0.4485269342842373
1991/7/20 0:00,0.7552,1.775,0.83654,0.659065,0.180982,0.0075,0.604047,0.5376
1991/7/21 0:00,0.7589,1.7698,0.837451,0.65703,0.181032,0.007491,0.60423,0.46980170648156394
1991/7/22 0:00,0.7565,1.775,0.83612,0.659196,0.181032,0.007502,0.602591,0.637931419002194
1991/7/23 0:00,0.7538,1.783,0.839983,0.664673,0.181032,0.007536,0.604412,0.537
1991/7/24 0:00,0.7582,1.7815,0.839278,0.662998,0.181032,0.007515,0.605694,0.5382
1991/7/25 0:00,0.7552,1.7945,0.835631,0.665779,0.180545,0.007547,0.60551,0.5374
1991/7/26 0:00,0.7513,1.7965,0.834168,0.661507,0.180708,0.007536,0.60551,0.3692024221086891
1991/7/27 0:00,0.7541,1.7875,0.833333,0.654022,0.180708,0.007496,0.606061,0.5371
1991/7/28 0:00,0.7503,1.7927,0.828981,0.65445,0.180871,0.007509,0.605877,0.38548961302070894
1991/7/29 0:00,0.7523,1.813,0.83022,0.664673,0.180871,0.007663,0.608643,0.532
1991/7/30 0:00,0.7525,1.813,0.829738,0.66912,0.181363,0.007669,0.609756,0.316413020640471
1991/7/31 0:00,0.7574,1.822,0.831601,0.677507,0.181363,0.00768,0.610501,0.4001796486875961
1991/8/1 0:00,0.7574,1.8185,0.831393,0.671817,0.181363,0.007678,0.609756,0.534
1991/8/2 0:00,0.7583,1.8355,0.834864,0.682594,0.181363,0.007764,0.61237,0.29302305238354787
1991/8/3 0:00,0.7575,1.8395,0.83619,0.685166,0.181363,0.007746,0.612745,0.5333
1991/8/4 0:00,0.7566,1.8308,0.83612,0.680041,0.181363,0.007717,0.613572,0.5326
1991/8/5 0:00,0.7582,1.817,0.83612,0.674536,0.181363,0.007678,0.612445,0.45575446733143044
1991/8/6 0:00,0.7573,1.8142,0.83647,0.671592,0.181363,0.007728,0.611359,0.492773776667665
1991/8/7 0:00,0.7585,1.828,0.832016,0.676041,0.181531,0.007732,0.613685,0.4724587626408901
1991/8/8 0:00,0.758,1.801,0.831947,0.672721,0.18166,0.007695,0.611621,0.37085213630651204
1991/8/9 0:00,0.7582,1.8065,0.830565,0.67714,0.18166,0.007715,0.610874,0.536
1991/8/10 0:00,0.7568,1.829,0.830013,0.686719,0.18166,0.007828,0.613987,0.5352
1991/8/11 0:00,0.7574,1.8227,0.830013,0.684135,0.181808,0.007846,0.614628,0.4809513226872195
1991/8/12 0:00,0.7575,1.8245,0.83091,0.684463,0.182027,0.007841,0.612557,0.31912587900602923
1991/8/13 0:00,0.763,1.8178,0.833125,0.680133,0.182027,0.007825,0.613685,0.41556334184248284
1991/8/14 0:00,0.7629,1.825,0.835073,0.684229,0.181861,0.007839,0.614251,0.405428462237157
1991/8/15 0:00,0.763,1.836,0.838504,0.689655,0.181861,0.007886,0.615006,0.5385
1991/8/16 0:00,0.764,1.834,0.837521,0.688563,0.182027,0.007862,0.614439,0.5635688181662899
1991/8/17 0:00,0.7631,1.8325,0.837872,0.686813,0.182027,0.00784,0.614628,0.5442
1991/8/18 0:00,0.7617,1.833,0.83682,0.688705,0.182027,0.007834,0.614628,0.5366043417784417
1991/8/19 0:00,0.7616,1.846,0.838012,0.698568,0.182027,0.00789,0.614628,0.5237197646427115
1991/8/20 0:00,0.7586,1.8515,0.839208,0.700771,0.182027,0.007896,0.616523,0.5436
1991/8/21 0:00,0.7535,1.856,0.838574,0.706714,0.182027,0.007886,0.616523,0.3685243598203138
1991/8/22 0:00,0.7534,1.86,0.83612,0.710732,0.182202,0.007893,0.615309,0.4789316119444975
1991/8/23 0:00,0.7525,1.853,0.835911,0.704225,0.182202,0.007871,0.616029,0.542
1991/8/24 0:00,0.7545,1.8655,0.835073,0.707965,0.182202,0.007896,0.616447,0.5435
1991/8/25 0:00,0.7522,1.8595,0.834655,0.705965,0.182202,0.007878,0.616219,0.4551270400544655
1991/8/26 0:00,0.7495,1.8615,0.83696,0.706714,0.182202,0.007868,0.61717,0.47173146538101285
1991/8/27 0:00,0.7518,1.8635,0.835422,0.705716,0.182202,0.00786,0.616143,0.29219473455227213
1991/8/28 0:00,0.7518,1.877,0.835631,0.711997,0.182359,0.007894,0.617093,0.4111810007112516
1991/8/29 0:00,0.75,1.891,0.83731,0.718391,0.182622,0.007971,0.617093,0.4537298433097626
1991/8/30 0:00,0.7465,1.891,0.838223,0.722282,0.182622,0.007954,0.617742,0.5435
1991/8/31 0:00,0.7471,1.907,0.837872,0.730994,0.182622,0.007984,0.617932,0.5438
1991/9/1 0:00,0.7477,1.9035,0.835282,0.727431,0.182622,0.007945,0.618123,0.4061775566940931
1991/9/2 0:00,0.7469,1.911,0.83257,0.731797,0.182622,0.008005,0.618047,0.49635365478387655
1991/9/3 0:00,0.7421,1.918,0.831601,0.736377,0.182622,0.008026,0.618047,0.33225813002034726
1991/9/4 0:00,0.7444,1.9085,0.831601,0.736648,0.182622,0.008013,0.618429,0.37727985614022397
1991/9/5 0:00,0.7447,1.9102,0.833472,0.738661,0.182622,0.008029,0.619963,0.5441
1991/9/6 0:00,0.7436,1.9248,0.835771,0.741565,0.182622,0.008037,0.619579,0.38403494381636016
1991/9/7 0:00,0.7466,1.9195,0.839278,0.74184,0.182622,0.00801,0.619195,0.5448
1991/9/8 0:00,0.7441,1.896,0.837521,0.728863,0.183029,0.007949,0.619118,0.5634731953109625
1991/9/9 0:00,0.7463,1.921,0.838786,0.737463,0.182749,0.007974,0.618812,0.5458
1991/9/10 0:00,0.7456,1.929,0.838364,0.748503,0.182745,0.008003,0.62054,0.33743463122910194
1991/9/11 0:00,0.7469,1.913,0.837802,0.741785,0.182745,0.007937,0.619963,0.3988279943763853
1991/9/12 0:00,0.7441,1.9257,0.838364,0.748391,0.182745,0.008,0.62054,0.44456681893511313
1991/9/13 0:00,0.7432,1.9355,0.839701,0.753012,0.182745,0.007971,0.621581,0.4235809952998141
1991/9/14 0:00,0.7443,1.9495,0.840336,0.765111,0.183753,0.008029,0.620848,0.2988534334258763
1991/9/15 0:00,0.7455,1.918,0.840831,0.761615,0.183584,0.007984,0.619579,0.5483
1991/9/16 0:00,0.7465,1.9095,0.838364,0.756144,0.183584,0.007981,0.619579,0.568044179262871
1991/9/17 0:00,0.748,1.9035,0.839983,0.75643,0.183753,0.00788,0.619848,0.5481
1991/9/18 0:00,0.7481,1.913,0.841397,0.759878,0.183881,0.007897,0.619118,0.4660423782443944
1991/9/19 0:00,0.746,1.8985,0.839278,0.75188,0.184043,0.007833,0.618238,0.316796904715536
1991/9/20 0:00,0.7437,1.916,0.841043,0.761731,0.184043,0.007829,0.618697,0.5306978978767669
1991/9/21 0:00,0.7438,1.929,0.841468,0.76693,0.184043,0.007838,0.619387,0.5457
1991/9/22 0:00,0.7437,1.9175,0.842105,0.757174,0.184043,0.007817,0.619886,0.5711045200336882
1991/9/23 0:00,0.7441,1.9195,0.845237,0.757002,0.184043,0.007834,0.61931,0.49044032632615775
1991/9/24 0:00,0.7443,1.92,0.844238,0.757863,0.184043,0.007852,0.62004,0.571402723418715
1991/9/25 0:00,0.7439,1.9237,0.844452,0.757691,0.184043,0.007857,0.620733,0.4975585859989127
1991/9/26 0:00,0.7414,1.9215,0.843597,0.757576,0.183543,0.007859,0.620655,0.28030861600096035
1991/9/27 0:00,0.7363,1.913,0.845309,0.755572,0.183543,0.007849,0.620424,0.42815503277091527
1991/9/28 0:00,0.7372,1.907,0.842815,0.751315,0.183076,0.007828,0.620424,0.5302471678563938
1991/9/29 0:00,0.7287,1.9215,0.843241,0.754603,0.183194,0.007809,0.620733,0.3019574527989337
1991/9/30 0:00,0.7182,1.928,0.83949,0.756716,0.183194,0.00783,0.621041,0.5343
1991/10/1 0:00,0.7187,1.931,0.838997,0.761035,0.183194,0.007857,0.621002,0.4072505704186526
1991/10/2 0:00,0.7211,1.916,0.838012,0.755173,0.183325,0.007921,0.62054,0.23517161710640277
1991/10/3 0:00,0.7203,1.9295,0.835213,0.76266,0.183325,0.007921,0.620925,0.529380295101207
1991/10/4 0:00,0.7255,1.935,0.834864,0.767813,0.183325,0.007918,0.621311,0.5398
1991/10/5 0:00,0.722,1.939,0.838434,0.774293,0.183325,0.007916,0.621234,0.4852126711144805
1991/10/6 0:00,0.7207,1.9475,0.838715,0.781861,0.183702,0.007932,0.622278,0.27655565143098804
1991/10/7 0:00,0.7137,1.9945,0.840054,0.804829,0.184505,0.008021,0.624025,0.6597479883562649
1991/10/8 0:00,0.7112,1.988,0.840407,0.801282,0.184505,0.008006,0.624025,0.3798861692400925
1991/10/9 0:00,0.7149,1.9865,0.839701,0.793651,0.184505,0.008003,0.625,0.3088912293499831
1991/10/10 0:00,0.7165,1.9762,0.83682,0.790514,0.184505,0.008006,0.625,0.47618214619500443
1991/10/11 0:00,0.717,1.9825,0.835771,0.794281,0.184505,0.008113,0.625313,0.44286361807675984
1991/10/12 0:00,0.7156,1.9893,0.83668,0.802246,0.184505,0.008133,0.625586,0.43750010538462836
1991/10/13 0:00,0.7174,1.996,0.83731,0.806127,0.184505,0.008133,0.626959,0.5704603869385757
1991/10/14 0:00,0.7181,2.0035,0.835422,0.806777,0.184761,0.00813,0.627392,0.41042255022891244
1991/10/15 0:00,0.72,1.983,0.834376,0.791766,0.183699,0.008065,0.627156,0.5402
1991/10/16 0:00,0.72,1.9945,0.834028,0.799041,0.182522,0.008116,0.625782,0.542
1991/10/17 0:00,0.7128,2.003,0.830358,0.811227,0.182522,0.008151,0.628417,0.38549382211182004
1991/10/18 0:00,0.7183,1.975,0.822368,0.798722,0.182522,0.008115,0.627746,0.523300161802077
1991/10/19 0:00,0.7225,1.976,0.819672,0.80032,0.181406,0.008131,0.627156,0.7104778122545881
1991/10/20 0:00,0.7254,1.9235,0.818465,0.775795,0.181271,0.00805,0.62637,0.49763116387930223
1991/10/21 0:00,0.7331,1.8915,0.825219,0.760167,0.181041,0.008048,0.626096,0.35641649532747716
1991/10/22 0:00,0.7311,1.8715,0.820345,0.760746,0.181041,0.00804,0.625,0.545
1991/10/23 0:00,0.7302,1.811,0.818331,0.757289,0.180708,0.008003,0.623441,0.4553085056717266
1991/10/24 0:00,0.7317,1.7815,0.821288,0.772201,0.180535,0.008037,0.624805,0.3808439121765963
1991/10/25 0:00,0.7325,1.737,0.82203,0.766284,0.180871,0.008024,0.62162,0.49204574576001675
1991/10/26 0:00,0.7235,1.7082,0.812216,0.768049,0.180675,0.008251,0.62383,0.538
1991/10/27 0:00,0.722,1.7085,0.804894,0.763068,0.180675,0.008323,0.624025,0.5101832992957521
1991/10/28 0:00,0.7233,1.709,0.805477,0.76599,0.18074,0.008285,0.62422,0.5886351688361088
1991/10/29 0:00,0.7225,1.714,0.806712,0.77101,0.18074,0.008299,0.62383,0.43280407853180564
1991/10/30 0:00,0.7165,1.7295,0.802246,0.786473,0.18074,0.008363,0.623636,0.43195596200591707
1991/10/31 0:00,0.713,1.769,0.797448,0.802246,0.181071,0.008351,0.626566,0.5592420266346195
1991/11/1 0:00,0.7139,1.779,0.801282,0.808277,0.181357,0.008333,0.628536,0.39507555135920286
1991/11/2 0:00,0.7141,1.734,0.804117,0.803213,0.181357,0.008333,0.628141,0.5562329957644278
1991/11/3 0:00,0.7165,1.706,0.796813,0.809585,0.181357,0.008379,0.628141,0.5433
1991/11/4 0:00,0.7205,1.701,0.801989,0.815661,0.181357,0.008358,0.628931,0.5101622574051875
1991/11/5 0:00,0.7194,1.7175,0.800833,0.790826,0.180453,0.008332,0.627628,0.4253752910310155
1991/11/6 0:00,0.7208,1.6895,0.802182,0.768521,0.180323,0.008267,0.624922,0.2927964924175613
1991/11/7 0:00,0.7176,1.6975,0.79968,0.760746,0.180054,0.008197,0.622665,0.5412
1991/11/8 0:00,0.7222,1.714,0.80289,0.761151,0.180054,0.00823,0.620655,0.5039234755346435
1991/11/9 0:00,0.7223,1.7098,0.800961,0.766871,0.180054,0.008263,0.62027,0.2450550481407637
1991/11/10 0:00,0.7224,1.7,0.80032,0.772678,0.180054,0.008306,0.622975,0.2481234638977124
1991/11/11 0:00,0.7196,1.6555,0.801667,0.758438,0.180054,0.008344,0.621813,0.22975545572991565
1991/11/12 0:00,0.7187,1.63,0.802118,0.755858,0.180054,0.008344,0.620925,0.3470884483589594
1991/11/13 0:00,0.715,1.6235,0.807754,0.734754,0.179746,0.0082,0.619195,0.38758300132430606
1991/11/14 0:00,0.7184,1.6135,0.807754,0.74184,0.179682,0.00821,0.619118,0.5391
1991/11/15 0:00,0.7201,1.6195,0.804829,0.740192,0.179682,0.008282,0.619195,0.32947294360514745
1991/11/16 0:00,0.7184,1.613,0.801989,0.733676,0.179682,0.008212,0.618812,0.3505558471538645
1991/11/17 0:00,0.7143,1.5865,0.80032,0.730727,0.179682,0.008195,0.616523,0.4963772262522889
1991/11/18 0:00,0.691,1.533,0.805477,0.715052,0.179585,0.008068,0.614704,0.6115309145034951
1991/11/19 0:00,0.695,1.5479,0.805283,0.718133,0.179247,0.00818,0.617284,0.5359880037458015
1991/11/20 0:00,0.6909,1.5535,0.802568,0.715308,0.179247,0.008143,0.615006,0.5245
1991/11/21 0:00,0.6968,1.538,0.801282,0.705716,0.179247,0.008152,0.613422,0.5686157496518722
1991/11/22 0:00,0.689,1.513,0.790952,0.695652,0.178757,0.008039,0.610128,0.44914238812830565
1991/11/23 0:00,0.6935,1.523,0.791452,0.696864,0.178757,0.008057,0.610128,0.523
1991/11/24 0:00,0.6936,1.549,0.791139,0.707714,0.178952,0.008074,0.612182,0.16967063028010454
1991/11/25 0:00,0.6881,1.518,0.787402,0.694927,0.178952,0.00801,0.610389,0.500160119205187
1991/11/26 0:00,0.6842,1.519,0.784314,0.687285,0.178952,0.008029,0.610314,0.515
1991/11/27 0:00,0.6881,1.5205,0.784006,0.686813,0.178952,0.00804,0.611733,0.5776644656980251
1991/11/28 0:00,0.6839,1.532,0.785546,0.69735,0.177809,0.008094,0.611733,0.5630262277763188
1991/11/29 0:00,0.6843,1.521,0.782167,0.698324,0.176239,0.00805,0.61106,0.48760974181416755
1991/11/30 0:00,0.6893,1.5095,0.777907,0.693481,0.175141,0.008039,0.610799,0.515
1991/12/1 0:00,0.6822,1.5135,0.777545,0.695652,0.174395,0.008037,0.610687,0.5109
1991/12/2 0:00,0.6843,1.535,0.777786,0.706714,0.173819,0.008039,0.61106,0.512
1991/12/3 0:00,0.6829,1.548,0.780336,0.718649,0.173819,0.008038,0.611434,0.6248723216828157
1991/12/4 0:00,0.6887,1.565,0.783085,0.708466,0.173819,0.008021,0.60983,0.3197685517349369
1991/12/5 0:00,0.6916,1.557,0.78235,0.697253,0.172357,0.008006,0.608643,0.5115523964023779
1991/12/6 0:00,0.6924,1.586,0.783699,0.714286,0.172357,0.008036,0.60957,0.5186
1991/12/7 0:00,0.6934,1.5975,0.784375,0.717618,0.171245,0.008065,0.610128,0.5473553252428337
1991/12/8 0:00,0.6942,1.5695,0.785238,0.710732,0.171245,0.008058,0.609942,0.3364173863722367
1991/12/9 0:00,0.6902,1.5578,0.783392,0.711491,0.17066,0.008072,0.61024,0.5167
1991/12/10 0:00,0.6873,1.565,0.78456,0.709975,0.17066,0.008074,0.609756,0.48326419113355784
1991/12/11 0:00,0.6881,1.5665,0.782963,0.70922,0.169471,0.008058,0.609756,0.5144
1991/12/12 0:00,0.6894,1.574,0.784437,0.713521,0.169471,0.008123,0.610687,0.5188
1991/12/13 0:00,0.6916,1.566,0.783945,0.708466,0.170515,0.008112,0.60957,0.6698477844997158
1991/12/14 0:00,0.691,1.5385,0.792833,0.696864,0.172429,0.008096,0.610874,0.33482154985851004
1991/12/15 0:00,0.6904,1.526,0.793336,0.693481,0.172429,0.008074,0.610128,0.5139
1991/12/16 0:00,0.6885,1.5115,0.792581,0.687285,0.173424,0.008016,0.609385,0.41269062561788267
1991/12/17 0:00,0.6895,1.5125,0.789889,0.683527,0.173424,0.008019,0.608643,0.5138
1991/12/18 0:00,0.6894,1.512,0.788208,0.685166,0.173424,0.008026,0.609385,0.5767550287022253
1991/12/19 0:00,0.689,1.513,0.786535,0.682128,0.173424,0.00801,0.607903,0.4333973588189428
1991/12/20 0:00,0.6818,1.501,0.78235,0.676133,0.173424,0.007974,0.605327,0.48107739745700234
1991/12/21 0:00,0.6735,1.545,0.783208,0.68018,0.173424,0.007993,0.604412,0.3222125702445819
1991/12/22 0:00,0.67,1.5413,0.78235,0.672495,0.173178,0.007994,0.602119,0.35277499634977094
1991/12/23 0:00,0.669,1.536,0.781372,0.670017,0.173178,0.007984,0.602954,0.26386384305607297
1991/12/24 0:00,0.672,1.54,0.779727,0.668896,0.173178,0.007983,0.601685,0.5101
1991/12/25 0:00,0.6736,1.5535,0.784006,0.671817,0.173178,0.007997,0.602845,0.5129
1991/12/26 0:00,0.6736,1.54,0.782289,0.66778,0.173178,0.007981,0.6035,0.5127
1991/12/27 0:00,0.6698,1.539,0.782167,0.674992,0.173178,0.007952,0.603136,0.5123
1991/12/28 0:00,0.6723,1.548,0.783147,0.678196,0.173178,0.007965,0.603865,0.40450808527623766
1991/12/29 0:00,0.669,1.5416,0.780945,0.680041,0.173178,0.008006,0.603209,0.5125
1991/12/30 0:00,0.6655,1.5175,0.776699,0.675219,0.172729,0.008,0.603682,0.42352649130907616
1991/12/31 0:00,0.672,1.532,0.77991,0.685166,0.172729,0.00801,0.607349,0.47572256689495956
1992/1/1 0:00,0.672,1.5585,0.781922,0.692905,0.172729,0.008112,0.607903,0.5296950112479525
1992/1/2 0:00,0.675,1.5385,0.786658,0.688468,0.172729,0.008089,0.60957,0.518
1992/1/3 0:00,0.6735,1.5145,0.78734,0.684697,0.172729,0.008058,0.611135,0.3634648831811483
1992/1/4 0:00,0.6812,1.5165,0.786844,0.684463,0.172729,0.00805,0.610501,0.5784274797567371
1992/1/5 0:00,0.6793,1.4855,0.787402,0.672043,0.172729,0.008002,0.607533,0.5162
1992/1/6 0:00,0.6755,1.454,0.791139,0.658545,0.172729,0.008003,0.606502,0.619332900265895
1992/1/7 0:00,0.6782,1.446,0.791954,0.656168,0.172729,0.008009,0.606134,0.5145
1992/1/8 0:00,0.6762,1.4475,0.792958,0.65445,0.172414,0.008037,0.606061,0.6198259009438994
1992/1/9 0:00,0.6694,1.4395,0.791077,0.652699,0.172414,0.008063,0.605877,0.5641311021810369
1992/1/10 0:00,0.67,1.431,0.788519,0.654236,0.172414,0.008239,0.60687,0.41647449278748955
1992/1/11 0:00,0.6705,1.4255,0.789952,0.651678,0.172414,0.008267,0.60687,0.4697095134478445
1992/1/12 0:00,0.6764,1.418,0.795988,0.651508,0.172414,0.008299,0.607091,0.3323866516077173
1992/1/13 0:00,0.6774,1.4175,0.796559,0.649182,0.172414,0.008271,0.606061,0.30140827233143014
1992/1/14 0:00,0.6871,1.4475,0.795925,0.66335,0.172414,0.008347,0.60698,0.6601102861472897
1992/1/15 0:00,0.6864,1.4439,0.792581,0.664452,0.172414,0.008375,0.608643,0.22331576990351137
1992/1/16 0:00,0.6878,1.446,0.793651,0.662471,0.172429,0.008361,0.609199,0.3531133645042364
1992/1/17 0:00,0.69,1.4525,0.795545,0.66357,0.173328,0.008396,0.608088,0.5168
1992/1/18 0:00,0.6961,1.4375,0.792456,0.66778,0.173774,0.008554,0.609385,0.5252
1992/1/19 0:00,0.694,1.43,0.797766,0.659848,0.173774,0.008511,0.608939,0.591275593665214
1992/1/20 0:00,0.6955,1.4215,0.800128,0.655308,0.173774,0.008467,0.607533,0.5233
1992/1/21 0:00,0.7052,1.4363,0.800128,0.655093,0.173774,0.008421,0.607903,0.5269
1992/1/22 0:00,0.707,1.4475,0.801282,0.657246,0.173774,0.008491,0.608272,0.1104606855695099
1992/1/23 0:00,0.7053,1.449,0.801989,0.654879,0.174086,0.008529,0.608643,0.3700319267890914
1992/1/24 0:00,0.7125,1.4535,0.804635,0.658545,0.174086,0.008562,0.608458,0.550547876133102
1992/1/25 0:00,0.7077,1.447,0.801603,0.646538,0.174086,0.0085,0.607533,0.5275
1992/1/26 0:00,0.7062,1.4455,0.804182,0.649984,0.174086,0.008575,0.607165,0.5265
1992/1/27 0:00,0.701,1.4345,0.802439,0.647962,0.174086,0.008518,0.60698,0.5111301596167713
1992/1/28 0:00,0.7044,1.432,0.802697,0.650957,0.174086,0.008466,0.606428,0.3484302476143268
1992/1/29 0:00,0.7067,1.4349,0.803471,0.655953,0.174086,0.008506,0.606796,0.42123337440697056
1992/1/30 0:00,0.7108,1.433,0.804182,0.656901,0.174086,0.008489,0.607349,0.6254178762835684
1992/1/31 0:00,0.7031,1.434,0.802246,0.65703,0.173539,0.008442,0.607607,0.5266
1992/2/1 0:00,0.7051,1.4445,0.79968,0.656599,0.173539,0.008554,0.607533,0.5275
1992/2/2 0:00,0.7096,1.451,0.79885,0.652103,0.173539,0.008529,0.607829,0.5335
1992/2/3 0:00,0.7137,1.4755,0.801796,0.657246,0.173539,0.008556,0.607718,0.5847110331877892
1992/2/4 0:00,0.7157,1.4892,0.80289,0.662471,0.174089,0.008624,0.609013,0.2410702729649865
1992/2/5 0:00,0.7147,1.4876,0.803019,0.66024,0.174089,0.008645,0.609088,0.2992971376152907
1992/2/6 0:00,0.7035,1.4832,0.801089,0.662383,0.174089,0.008643,0.608828,0.43955132924526724
1992/2/7 0:00,0.7052,1.482,0.803471,0.66313,0.17442,0.008556,0.608347,0.5321
1992/2/8 0:00,0.7089,1.4743,0.803859,0.65716,0.17442,0.008525,0.607903,0.5220563183631162
1992/2/9 0:00,0.709,1.4905,0.803277,0.662778,0.17442,0.008591,0.607718,0.4176822532935086
1992/2/10 0:00,0.7078,1.4904,0.802053,0.662691,0.17442,0.008564,0.609199,0.6109861447723107
1992/2/11 0:00,0.7108,1.495,0.799105,0.668449,0.17442,0.008575,0.609199,0.5345
1992/2/12 0:00,0.7044,1.509,0.795355,0.670466,0.17442,0.008703,0.610054,0.5090514352086192
1992/2/13 0:00,0.697,1.526,0.794597,0.674582,0.17442,0.008764,0.611808,0.5276
1992/2/14 0:00,0.697,1.513,0.793336,0.670691,0.17442,0.008757,0.613121,0.44246739815789515
1992/2/15 0:00,0.7092,1.5253,0.794913,0.675813,0.17442,0.008814,0.615006,0.49649369735790133
1992/2/16 0:00,0.7085,1.5282,0.79384,0.677277,0.17442,0.008834,0.615006,0.5574994429521827
1992/2/17 0:00,0.7115,1.5478,0.79321,0.683527,0.17442,0.008869,0.615574,0.5941029965656022
1992/2/18 0:00,0.7175,1.5585,0.792833,0.691802,0.174938,0.008818,0.616257,0.5415
1992/2/19 0:00,0.7213,1.552,0.791515,0.686106,0.174938,0.00878,0.614439,0.44156224085240187
1992/2/20 0:00,0.7209,1.543,0.793021,0.682361,0.174938,0.008818,0.614364,0.5407
1992/2/21 0:00,0.7164,1.5255,0.794281,0.677048,0.174932,0.008879,0.614893,0.2873532046036035
1992/2/22 0:00,0.7192,1.5379,0.796052,0.680365,0.175205,0.009007,0.616713,0.3148330406468384
1992/2/23 0:00,0.7157,1.5424,0.795735,0.6832,0.175205,0.009025,0.616523,0.5402
1992/2/24 0:00,0.7132,1.5755,0.792707,0.699301,0.175205,0.00904,0.617932,0.29200862535311384
1992/2/25 0:00,0.721,1.59,0.794597,0.705219,0.175205,0.009054,0.618812,0.511590839526338
1992/2/26 0:00,0.6982,1.5703,0.785731,0.705716,0.174743,0.009066,0.619579,0.5398
1992/2/27 0:00,0.7026,1.535,0.788333,0.687521,0.174743,0.008949,0.619963,0.32214393375145883
1992/2/28 0:00,0.6993,1.542,0.784375,0.685636,0.174426,0.009005,0.619195,0.5662389305696651
1992/2/29 0:00,0.7005,1.534,0.784498,0.684463,0.174426,0.008969,0.61931,0.5425
1992/3/1 0:00,0.7055,1.5255,0.785731,0.68573,0.174116,0.008953,0.619118,0.48371443505853223
1992/3/2 0:00,0.7021,1.5385,0.784745,0.68918,0.174116,0.009021,0.61862,0.6939444204843499
1992/3/3 0:00,0.7021,1.5322,0.783883,0.680735,0.174116,0.008977,0.619387,0.6037329487382586
1992/3/4 0:00,0.6912,1.5314,0.785546,0.67627,0.174116,0.008961,0.618506,0.48602040699265187
1992/3/5 0:00,0.6925,1.5408,0.788955,0.678196,0.174116,0.009048,0.619195,0.5071293146238819
1992/3/6 0:00,0.6934,1.5563,0.788457,0.68306,0.174116,0.00905,0.619502,0.5411
1992/3/7 0:00,0.6948,1.5415,0.789578,0.678887,0.174116,0.009056,0.61862,0.33771882332116293
1992/3/8 0:00,0.6941,1.535,0.792267,0.679486,0.174116,0.009062,0.618927,0.7013163770720291
1992/3/9 0:00,0.7001,1.542,0.793273,0.685401,0.174116,0.009132,0.619425,0.5473
1992/3/10 0:00,0.6984,1.546,0.790826,0.683761,0.174116,0.009204,0.621891,0.37565412104290546
1992/3/11 0:00,0.6862,1.5605,0.786968,0.70497,0.174116,0.009331,0.622471,0.542
1992/3/12 0:00,0.678,1.541,0.786535,0.701754,0.174116,0.009287,0.624142,0.3790321814697376
1992/3/13 0:00,0.6812,1.5393,0.78456,0.699937,0.174116,0.009311,0.623053,0.38889360680870777
1992/3/14 0:00,0.675,1.517,0.782779,0.685401,0.174694,0.009281,0.620155,0.3695317355935143
1992/3/15 0:00,0.6733,1.5225,0.782167,0.687049,0.174694,0.009314,0.621504,0.44090318109103904
1992/3/16 0:00,0.6683,1.5175,0.779423,0.686106,0.174694,0.009407,0.621697,0.39348911373941253
1992/3/17 0:00,0.6745,1.515,0.780884,0.678334,0.174694,0.009385,0.620733,0.3309179131072078
1992/3/18 0:00,0.6763,1.519,0.7818,0.681106,0.174694,0.00942,0.621543,0.5371
1992/3/19 0:00,0.6795,1.5245,0.78125,0.689655,0.174694,0.009425,0.621118,0.542
1992/3/20 0:00,0.675,1.527,0.780336,0.689655,0.174694,0.00951,0.621697,0.6537565268549742
1992/3/21 0:00,0.6765,1.522,0.781494,0.683387,0.173825,0.00947,0.621118,0.5438
1992/3/22 0:00,0.6765,1.5035,0.781006,0.672948,0.173473,0.009381,0.618506,0.3924620388365013
1992/3/23 0:00,0.6743,1.5145,0.783024,0.676361,0.173473,0.009368,0.61862,0.566778959349926
1992/3/24 0:00,0.6775,1.496,0.784375,0.666445,0.173473,0.009132,0.616713,0.5412
1992/3/25 0:00,0.6738,1.4717,0.780823,0.66335,0.173142,0.009162,0.613196,0.5383
1992/3/26 0:00,0.6698,1.4675,0.779727,0.658762,0.173142,0.009153,0.611621,0.48690106223923013
1992/3/27 0:00,0.6694,1.4778,0.779423,0.661026,0.173142,0.009421,0.615006,0.2562994040295042
1992/3/28 0:00,0.6677,1.493,0.779059,0.66454,0.173142,0.00943,0.616523,0.6818979120943665
1992/3/29 0:00,0.6695,1.503,0.780336,0.666223,0.173142,0.009334,0.616333,0.5053760781479365
1992/3/30 0:00,0.6663,1.493,0.779849,0.662032,0.173142,0.009363,0.615385,0.31001651628270466
1992/3/31 0:00,0.6663,1.5065,0.776036,0.66379,0.173142,0.009272,0.615385,0.5412
1992/4/1 0:00,0.6692,1.5075,0.775976,0.662691,0.173142,0.0092,0.615953,0.5445868042915502
1992/4/2 0:00,0.6766,1.5097,0.777786,0.661813,0.173142,0.009235,0.615385,0.583852474825574
1992/4/3 0:00,0.6792,1.4935,0.778392,0.659196,0.173142,0.009285,0.616523,0.33224972278863507
1992/4/4 0:00,0.6848,1.4948,0.781006,0.660284,0.173142,0.009195,0.615953,0.551
1992/4/5 0:00,0.6824,1.4779,0.783392,0.652955,0.173142,0.009118,0.614628,0.4096110746195084
1992/4/6 0:00,0.6795,1.478,0.781861,0.654022,0.173142,0.00912,0.614251,0.46395778569046686
1992/4/7 0:00,0.6775,1.4929,0.782289,0.658545,0.173142,0.00923,0.617284,0.5827636459872158
1992/4/8 0:00,0.6775,1.5012,0.77918,0.661594,0.173142,0.009302,0.617475,0.3332255734957262
1992/4/9 0:00,0.68,1.4883,0.780092,0.659196,0.173142,0.009238,0.617093,0.36135527869977
1992/4/10 0:00,0.6787,1.4795,0.781372,0.660066,0.173142,0.009276,0.617017,0.5492
1992/4/11 0:00,0.677,1.4985,0.782228,0.667334,0.173142,0.009217,0.61717,0.48108425417705164
1992/4/12 0:00,0.677,1.501,0.782228,0.664231,0.173142,0.009225,0.617093,0.5250172163643753
1992/4/13 0:00,0.6775,1.5155,0.782963,0.666311,0.173142,0.009217,0.618238,0.5655712924840663
1992/4/14 0:00,0.677,1.5085,0.781555,0.66569,0.173142,0.009355,0.618162,0.5505
1992/4/15 0:00,0.678,1.4964,0.781311,0.658545,0.173142,0.009363,0.618238,0.5168946680579286
1992/4/16 0:00,0.679,1.5015,0.780396,0.657462,0.173142,0.009355,0.617856,0.4175381312350934
1992/4/17 0:00,0.6773,1.489,0.778816,0.657462,0.173142,0.009403,0.618238,0.3875232646415659
1992/4/18 0:00,0.6758,1.4945,0.779059,0.660502,0.173142,0.009494,0.619963,0.5512
1992/4/19 0:00,0.6771,1.4861,0.776699,0.656168,0.173142,0.009407,0.618506,0.4533881990296083
1992/4/20 0:00,0.688,1.485,0.778574,0.656599,0.173142,0.009519,0.618123,0.2661302085922503
1992/4/21 0:00,0.6895,1.4897,0.77682,0.665557,0.173142,0.009583,0.61862,0.31218472189538654
1992/4/22 0:00,0.69,1.5045,0.774593,0.666089,0.173142,0.009576,0.619195,0.42593136945170956
1992/4/23 0:00,0.688,1.5005,0.776458,0.66379,0.173142,0.009542,0.619694,0.35394707908943773
1992/4/24 0:00,0.6866,1.491,0.775494,0.66177,0.173142,0.009592,0.61908,0.41098181624968766
1992/4/25 0:00,0.6795,1.4985,0.774713,0.666223,0.173142,0.009574,0.62004,0.5253631870201445
1992/4/26 0:00,0.6805,1.4927,0.774353,0.665115,0.173142,0.00953,0.620655,0.7660626421608898
1992/4/27 0:00,0.686,1.4802,0.774114,0.658892,0.173142,0.009554,0.620155,0.40778422352535126
1992/4/28 0:00,0.6823,1.4737,0.768758,0.654365,0.172524,0.009645,0.621311,0.35109263347497605
1992/4/29 0:00,0.678,1.463,0.763417,0.655093,0.172524,0.009693,0.621118,0.4463692409308574
1992/4/30 0:00,0.678,1.4595,0.760456,0.655093,0.172524,0.009787,0.621118,0.5515
1992/5/1 0:00,0.6795,1.484,0.760341,0.66778,0.172524,0.009891,0.622278,0.553
1992/5/2 0:00,0.6732,1.4885,0.760861,0.66379,0.172524,0.009847,0.622007,0.6830046649439578
1992/5/3 0:00,0.6747,1.5112,0.757576,0.671366,0.172524,0.009843,0.622665,0.25510840071462926
1992/5/4 0:00,0.6747,1.505,0.758438,0.673401,0.172524,0.00962,0.621311,0.6449551528508932
1992/5/5 0:00,0.6771,1.512,0.757576,0.677048,0.172524,0.009537,0.619694,0.28003134902280863
1992/5/6 0:00,0.6665,1.5013,0.757576,0.673174,0.172524,0.009697,0.621697,0.4269144014737397
1992/5/7 0:00,0.669,1.4962,0.75792,0.675904,0.172524,0.00964,0.621697,0.6166878748342038
1992/5/8 0:00,0.671,1.4818,0.760746,0.673174,0.172524,0.009528,0.621504,0.47118450211445106
1992/5/9 0:00,0.6702,1.499,0.759878,0.680967,0.172524,0.009579,0.622743,0.27666055489898284
1992/5/10 0:00,0.666,1.5005,0.756544,0.67981,0.172524,0.009615,0.622743,0.3795227131114347
1992/5/11 0:00,0.6707,1.4905,0.757346,0.678518,0.172227,0.009621,0.622859,0.4725884436964475
1992/5/12 0:00,0.671,1.4868,0.757117,0.675447,0.172227,0.009548,0.622743,0.49195628250240436
1992/5/13 0:00,0.668,1.5075,0.756029,0.685401,0.172227,0.009461,0.622394,0.7238399278051068
1992/5/14 0:00,0.656,1.5012,0.75358,0.688848,0.172375,0.009434,0.622665,0.5524600453586966
1992/5/15 0:00,0.6483,1.5262,0.752785,0.69979,0.172375,0.009519,0.622743,0.39136129736037484
1992/5/16 0:00,0.6498,1.5425,0.755116,0.705766,0.172375,0.009611,0.623636,0.364615940899021
1992/5/17 0:00,0.658,1.5395,0.75815,0.702741,0.172375,0.009466,0.623752,0.4219264140308531
1992/5/18 0:00,0.6555,1.55,0.759705,0.713929,0.172375,0.009506,0.624493,0.45381861658725886
1992/5/19 0:00,0.6494,1.5495,0.760746,0.717103,0.172375,0.009416,0.621775,0.5373410624324613
1992/5/20 0:00,0.651,1.542,0.759763,0.710227,0.172375,0.009407,0.625586,0.5512
1992/5/21 0:00,0.646,1.5463,0.756544,0.715564,0.172375,0.009447,0.625861,0.4704100832837918
1992/5/22 0:00,0.6497,1.5512,0.761615,0.719166,0.172375,0.009407,0.625586,0.5527
1992/5/23 0:00,0.6508,1.533,0.76063,0.713419,0.172375,0.009574,0.626684,0.3811230699221209
1992/5/24 0:00,0.6512,1.5345,0.761035,0.713776,0.172375,0.009569,0.626566,0.3751942506229428
1992/5/25 0:00,0.6496,1.5317,0.75643,0.712504,0.172375,0.009587,0.626841,0.28466319332376316
1992/5/26 0:00,0.654,1.503,0.755744,0.699301,0.172375,0.00939,0.627038,0.2872697391323686
1992/5/27 0:00,0.655,1.5198,0.75815,0.704722,0.172375,0.00939,0.627353,0.6539167914027849
1992/5/28 0:00,0.651,1.5055,0.756144,0.69735,0.172375,0.009428,0.627471,0.41363668648210694
1992/5/29 0:00,0.6542,1.5013,0.757863,0.695169,0.172375,0.00943,0.628536,0.5547
1992/5/30 0:00,0.65,1.5123,0.755116,0.701262,0.172375,0.009443,0.628615,0.33966164884076816
1992/5/31 0:00,0.6475,1.5152,0.755458,0.707714,0.172375,0.009501,0.628931,0.36437707422050536
1992/6/1 0:00,0.645,1.512,0.752502,0.707714,0.172375,0.009506,0.63012,0.33083530279602874
1992/6/2 0:00,0.645,1.496,0.748503,0.698812,0.172375,0.00943,0.631712,0.5504
1992/6/3 0:00,0.6475,1.5048,0.746826,0.701902,0.172375,0.00943,0.632031,0.5952570329568124
1992/6/4 0:00,0.646,1.514,0.746826,0.704871,0.172375,0.009452,0.631712,0.7465016648221584
1992/6/5 0:00,0.6465,1.5165,0.747049,0.703482,0.172375,0.009472,0.636335,0.548
1992/6/6 0:00,0.6545,1.5257,0.748783,0.703235,0.172375,0.00947,0.641437,0.636872315751944
1992/6/7 0:00,0.655,1.522,0.750188,0.701262,0.172375,0.00951,0.637552,0.4228113846557051
1992/6/8 0:00,0.658,1.5352,0.75092,0.711491,0.172375,0.009472,0.637959,0.5440599761585585
1992/6/9 0:00,0.659,1.532,0.751202,0.714541,0.172375,0.009438,0.639591,0.2604618743214387
1992/6/10 0:00,0.6613,1.5223,0.752276,0.711339,0.172375,0.009432,0.638244,0.39035807694892627
1992/6/11 0:00,0.663,1.5127,0.75375,0.702889,0.172375,0.009308,0.63743,0.482463747885907
1992/6/12 0:00,0.662,1.512,0.75092,0.700771,0.172375,0.009339,0.637267,0.55
1992/6/13 0:00,0.661,1.498,0.753296,0.697107,0.172375,0.009305,0.636213,0.4820010364553615
1992/6/14 0:00,0.6642,1.4924,0.754546,0.692041,0.172375,0.00934,0.634316,0.555
1992/6/15 0:00,0.668,1.4893,0.75643,0.687191,0.172375,0.009319,0.633312,0.5557
1992/6/16 0:00,0.67,1.4863,0.759301,0.680967,0.172375,0.009229,0.634115,0.636341396847598
1992/6/17 0:00,0.669,1.4725,0.766284,0.677599,0.172375,0.009246,0.634518,0.36782880235732257
1992/6/18 0:00,0.6693,1.4863,0.76365,0.679348,0.172375,0.009228,0.63674,0.556
1992/6/19 0:00,0.6671,1.477,0.757174,0.674309,0.172375,0.009247,0.637349,0.4596089292936252
1992/6/20 0:00,0.6661,1.4783,0.758495,0.674764,0.172375,0.009219,0.634316,0.5545
1992/6/21 0:00,0.667,1.48,0.756029,0.670241,0.172375,0.009217,0.629723,0.21253742160504413
1992/6/22 0:00,0.6655,1.4882,0.75643,0.674309,0.172375,0.009229,0.630517,0.5643405050342585
1992/6/23 0:00,0.674,1.4807,0.759878,0.666001,0.172375,0.009235,0.627746,0.5545
1992/6/24 0:00,0.673,1.4825,0.765814,0.666001,0.172375,0.009296,0.629129,0.5327847553102597
1992/6/25 0:00,0.676,1.4805,0.763825,0.665779,0.172375,0.00932,0.629921,0.5784969569071193
1992/6/26 0:00,0.6727,1.4788,0.766401,0.665115,0.172375,0.009236,0.628141,0.5545
1992/6/27 0:00,0.6737,1.4865,0.773096,0.670017,0.172375,0.009242,0.627274,0.38851889235904263
1992/6/28 0:00,0.67,1.4808,0.771426,0.67331,0.172375,0.009253,0.627746,0.2983622305546989
1992/6/29 0:00,0.6675,1.4682,0.764935,0.668449,0.172375,0.009237,0.627471,0.39931584128630043
1992/6/30 0:00,0.6625,1.4753,0.764176,0.669344,0.172375,0.009321,0.627943,0.235078750431125
1992/7/1 0:00,0.6583,1.4818,0.761325,0.667646,0.172375,0.009407,0.628141,0.5385
1992/7/2 0:00,0.6537,1.4907,0.757174,0.670466,0.172375,0.009355,0.627235,0.6927249221453343
1992/7/3 0:00,0.6568,1.483,0.75815,0.666445,0.172375,0.009369,0.628417,0.5210365654338016
1992/7/4 0:00,0.663,1.4765,0.759705,0.66778,0.172375,0.009346,0.627156,0.55
1992/7/5 0:00,0.6618,1.4775,0.756029,0.665336,0.171836,0.009337,0.626763,0.6754793495159914
1992/7/6 0:00,0.6615,1.4712,0.753125,0.66357,0.171836,0.009234,0.625391,0.33426517647558646
1992/7/7 0:00,0.6608,1.4745,0.75188,0.669568,0.171836,0.009236,0.625978,0.5472
1992/7/8 0:00,0.663,1.487,0.75358,0.671501,0.171836,0.009221,0.625195,0.1342999623318058
1992/7/9 0:00,0.6645,1.488,0.752276,0.669927,0.171836,0.009246,0.625978,0.5789359615986184
1992/7/10 0:00,0.662,1.4795,0.752559,0.667557,0.171836,0.009195,0.624493,0.6247087074036369
1992/7/11 0:00,0.6598,1.488,0.74912,0.670691,0.171836,0.009152,0.62422,0.19419781890871246
1992/7/12 0:00,0.6584,1.4852,0.747831,0.666578,0.171836,0.009168,0.624805,0.5455
1992/7/13 0:00,0.658,1.4805,0.750019,0.668226,0.171836,0.0092,0.625586,0.5463
1992/7/14 0:00,0.666,1.4823,0.751371,0.667646,0.171836,0.009196,0.625117,0.5477
1992/7/15 0:00,0.669,1.49,0.752445,0.671276,0.171836,0.00922,0.624025,0.5291183606281075
1992/7/16 0:00,0.671,1.4985,0.75375,0.681896,0.171836,0.00924,0.625117,0.6283328873273012
1992/7/17 0:00,0.6665,1.4915,0.756029,0.682035,0.171836,0.009294,0.6259,0.20479988173984676
1992/7/18 0:00,0.672,1.495,0.755858,0.681896,0.171836,0.009206,0.625978,0.39639539448164973
1992/7/19 0:00,0.671,1.4945,0.754831,0.681431,0.171836,0.009195,0.625782,0.3330743736504139
1992/7/20 0:00,0.6712,1.4945,0.752276,0.686483,0.171836,0.009159,0.625861,0.5557
1992/7/21 0:00,0.6715,1.4903,0.752332,0.682594,0.171836,0.009176,0.626959,0.47747281473028597
1992/7/22 0:00,0.6728,1.4882,0.749625,0.682268,0.171836,0.009142,0.627077,0.2824701201804138
1992/7/23 0:00,0.6727,1.4831,0.750075,0.681896,0.171689,0.009119,0.627156,0.2070622702092336
1992/7/24 0:00,0.674,1.4885,0.75092,0.684932,0.171689,0.009114,0.627668,0.3313578509476667
1992/7/25 0:00,0.679,1.491,0.746993,0.687285,0.171689,0.009083,0.627865,0.5613
1992/7/26 0:00,0.6785,1.4855,0.743882,0.683527,0.171689,0.009046,0.627668,0.2897938240072017
1992/7/27 0:00,0.6792,1.4887,0.743937,0.688942,0.171689,0.009003,0.627825,0.20701772886153405
1992/7/28 0:00,0.68,1.4945,0.749344,0.695555,0.171689,0.009044,0.627549,0.384646857763322
1992/7/29 0:00,0.6771,1.5043,0.753863,0.69735,0.171697,0.009046,0.628141,0.4656762822126546
1992/7/30 0:00,0.6783,1.503,0.753863,0.694927,0.171689,0.009013,0.627353,0.558
1992/7/31 0:00,0.6785,1.5035,0.753012,0.692041,0.171689,0.008966,0.62461,0.43592854027839345
1992/8/1 0:00,0.6788,1.5072,0.752445,0.695169,0.171689,0.008981,0.625391,0.5595
1992/8/2 0:00,0.674,1.491,0.749906,0.686342,0.171984,0.008961,0.62422,0.5583
1992/8/3 0:00,0.6762,1.4763,0.752445,0.673854,0.171984,0.008929,0.622665,0.5231467406938011
1992/8/4 0:00,0.6783,1.4775,0.754432,0.672043,0.171984,0.008953,0.621697,0.4391189547991527
1992/8/5 0:00,0.684,1.476,0.760167,0.670691,0.114657,0.008889,0.619963,0.5513932789695163
1992/8/6 0:00,0.6845,1.484,0.759129,0.672269,0.114657,0.008869,0.62054,0.4635189645129017
1992/8/7 0:00,0.686,1.487,0.758725,0.675356,0.114657,0.008842,0.624805,0.32904391450769865
1992/8/8 0:00,0.684,1.4855,0.756716,0.675356,0.114657,0.008869,0.627746,0.2445582282962301
1992/8/9 0:00,0.6865,1.49,0.755572,0.680272,0.114788,0.008931,0.626174,0.3931427624197845
1992/8/10 0:00,0.6865,1.4923,0.758668,0.678887,0.114657,0.008898,0.6259,0.5584
1992/8/11 0:00,0.6905,1.4905,0.756487,0.676819,0.114657,0.008901,0.622278,0.31186657458008576
1992/8/12 0:00,0.6902,1.5018,0.757117,0.682128,0.114657,0.008897,0.622665,0.3342738472650494
1992/8/13 0:00,0.6908,1.4957,0.75706,0.676819,0.114657,0.008935,0.621118,0.32029598508226004
1992/8/14 0:00,0.69,1.4913,0.757289,0.675219,0.114657,0.00899,0.621697,0.4508875415993053
1992/8/15 0:00,0.696,1.4965,0.760052,0.682967,0.114657,0.009029,0.621504,0.39251556668050375
1992/8/16 0:00,0.701,1.491,0.762777,0.684463,0.114657,0.009021,0.620925,0.565
1992/8/17 0:00,0.7034,1.5,0.763184,0.687758,0.114657,0.008961,0.621311,0.5648
1992/8/18 0:00,0.7025,1.4948,0.762486,0.682827,0.114604,0.008989,0.622859,0.5634927197734879
1992/8/19 0:00,0.703,1.4905,0.762777,0.682594,0.114657,0.008945,0.622355,0.5397060116819247
1992/8/20 0:00,0.708,1.493,0.762369,0.67981,0.114524,0.008997,0.623441,0.3643198995209817
1992/8/21 0:00,0.7085,1.494,0.761441,0.680041,0.114657,0.009068,0.625391,0.5691050282054004
1992/8/22 0:00,0.709,1.493,0.762486,0.67944,0.114657,0.009122,0.625586,0.2236093520623764
1992/8/23 0:00,0.7086,1.4995,0.755287,0.683761,0.114657,0.009137,0.627549,0.5675
1992/8/24 0:00,0.7085,1.5005,0.75358,0.683667,0.114657,0.009198,0.627549,0.5673
1992/8/25 0:00,0.7165,1.503,0.751428,0.689655,0.114664,0.009255,0.630915,0.17560279058341904
1992/8/26 0:00,0.715,1.4953,0.753182,0.688468,0.114642,0.009257,0.63012,0.5723
1992/8/27 0:00,0.715,1.493,0.753125,0.689417,0.114611,0.009244,0.63012,0.5715
1992/8/28 0:00,0.7145,1.479,0.749457,0.686436,0.114642,0.009176,0.628931,0.2767786602529337
1992/8/29 0:00,0.715,1.4825,0.745268,0.679948,0.114649,0.009211,0.628931,0.5244134649062044
1992/8/30 0:00,0.718,1.4718,0.74499,0.675676,0.114558,0.009203,0.629525,0.5755
1992/8/31 0:00,0.7175,1.4615,0.74366,0.677507,0.114558,0.009269,0.630835,0.5755
1992/9/1 0:00,0.718,1.4622,0.745379,0.67659,0.114558,0.009221,0.630716,0.44701809081030713
1992/9/2 0:00,0.7148,1.4648,0.744602,0.677277,0.114558,0.009288,0.630716,0.5996771969549227
1992/9/3 0:00,0.7115,1.4708,0.738771,0.680041,0.114558,0.009608,0.632111,0.3008346454811101
1992/9/4 0:00,0.7085,1.475,0.738225,0.687994,0.114549,0.00962,0.627943,0.34204424717714466
1992/9/5 0:00,0.7115,1.4755,0.740302,0.687521,0.114624,0.009634,0.627668,0.3842964118774505
1992/9/6 0:00,0.715,1.477,0.745935,0.686577,0.11457,0.009597,0.628536,0.575
1992/9/7 0:00,0.7135,1.4791,0.746993,0.68918,0.114629,0.009602,0.629247,0.49931823932937885
1992/9/8 0:00,0.7195,1.4784,0.744879,0.689988,0.114663,0.009499,0.629129,0.578
1992/9/9 0:00,0.7245,1.4755,0.746269,0.687758,0.114701,0.009452,0.629921,0.5920130893431893
1992/9/10 0:00,0.7245,1.4847,0.742115,0.694782,0.114626,0.00951,0.630517,0.5785
1992/9/11 0:00,0.7212,1.4875,0.739864,0.700035,0.114726,0.009557,0.631512,0.40773457571257404
1992/9/12 0:00,0.712,1.4875,0.739536,0.701754,0.114597,0.009595,0.632711,0.5521984043539578
1992/9/13 0:00,0.7147,1.4854,0.74085,0.694444,0.114629,0.009542,0.631433,0.5943479917998991
1992/9/14 0:00,0.7058,1.4944,0.73888,0.700525,0.11459,0.009643,0.633312,0.45921386294733013
1992/9/15 0:00,0.706,1.4964,0.737409,0.69808,0.114576,0.00964,0.632511,0.5697
1992/9/16 0:00,0.714,1.4895,0.736648,0.694203,0.114574,0.00947,0.630915,0.4034262281877006
1992/9/17 0:00,0.719,1.492,0.736974,0.695169,0.114569,0.009458,0.630318,0.577
1992/9/18 0:00,0.717,1.4877,0.736757,0.694686,0.11459,0.009497,0.630915,0.6056451542482221
1992/9/19 0:00,0.7142,1.4915,0.739536,0.696621,0.114605,0.009445,0.630915,0.4720026471427721
1992/9/20 0:00,0.709,1.5008,0.73654,0.703977,0.114651,0.009461,0.629921,0.34010772098956854
1992/9/21 0:00,0.7102,1.501,0.734376,0.705965,0.114605,0.009519,0.631114,0.26214418077526924
1992/9/22 0:00,0.7183,1.4943,0.735294,0.695894,0.114649,0.009434,0.630597,0.5755
1992/9/23 0:00,0.718,1.4925,0.733138,0.695169,0.114657,0.009437,0.630001,0.46530294945622697
1992/9/24 0:00,0.713,1.4927,0.734053,0.697593,0.114646,0.009447,0.630636,0.575
1992/9/25 0:00,0.7125,1.4947,0.732279,0.697593,0.114654,0.00945,0.631912,0.6915314184079203
1992/9/26 0:00,0.7127,1.4925,0.730194,0.697107,0.114668,0.00943,0.631114,0.5728
1992/9/27 0:00,0.7088,1.4838,0.73303,0.695894,0.114667,0.009412,0.630199,0.6376154442523008
1992/9/28 0:00,0.7095,1.4865,0.731797,0.699545,0.114685,0.009434,0.630597,0.36818988607964453
1992/9/29 0:00,0.7103,1.4937,0.733138,0.700035,0.114666,0.009398,0.630318,0.5026067332934279
1992/9/30 0:00,0.7095,1.4948,0.728544,0.704722,0.114583,0.009477,0.631912,0.5263540157206429
1992/10/1 0:00,0.711,1.4975,0.727114,0.705965,0.114639,0.009537,0.633714,0.37583371050714615
1992/10/2 0:00,0.7113,1.4965,0.727379,0.703334,0.114634,0.009604,0.635324,0.5174161805994473
1992/10/3 0:00,0.7047,1.485,0.725953,0.701508,0.114624,0.009667,0.637146,0.5663
1992/10/4 0:00,0.699,1.4823,0.724953,0.705965,0.114654,0.009702,0.637267,0.4049998526803096
1992/10/5 0:00,0.7015,1.488,0.722648,0.709371,0.11455,0.009766,0.637146,0.5613
1992/10/6 0:00,0.7033,1.4621,0.722491,0.693193,0.11455,0.009629,0.636618,0.4702878476830798
1992/10/7 0:00,0.7045,1.4686,0.722543,0.690179,0.11455,0.009574,0.635728,0.4127776722109528
1992/10/8 0:00,0.7125,1.4684,0.721241,0.689085,0.11455,0.009537,0.636213,0.4921178261267353
1992/10/9 0:00,0.724,1.4763,0.723746,0.692761,0.11455,0.009522,0.637146,0.5713
1992/10/10 0:00,0.7227,1.4715,0.720461,0.693626,0.11455,0.009667,0.639386,0.7086376748017656
1992/10/11 0:00,0.7235,1.4745,0.7249,0.68975,0.11455,0.009651,0.638692,0.569
1992/10/12 0:00,0.7215,1.477,0.726586,0.693626,0.11455,0.009655,0.639672,0.6725540970064132
1992/10/13 0:00,0.723,1.4765,0.724795,0.691898,0.11455,0.009602,0.640287,0.18849793990659644
1992/10/14 0:00,0.723,1.4729,0.72197,0.688326,0.114419,0.009653,0.64082,0.6190841381357574
1992/10/15 0:00,0.7175,1.4725,0.720098,0.686106,0.114742,0.009671,0.641355,0.420062929891588
1992/10/16 0:00,0.715,1.4775,0.721241,0.693241,0.114751,0.009687,0.641231,0.34273440349414175
1992/10/17 0:00,0.7162,1.4858,0.721605,0.694444,0.114762,0.009681,0.641437,0.5658919832710237
1992/10/18 0:00,0.7135,1.4948,0.724008,0.697204,0.114778,0.009648,0.641026,0.6192337182502416
1992/10/19 0:00,0.7185,1.488,0.725426,0.695604,0.114778,0.009653,0.641231,0.34884990423455303
1992/10/20 0:00,0.7168,1.4915,0.723851,0.697934,0.114405,0.009684,0.642343,0.4875933451168913
1992/10/21 0:00,0.7203,1.5037,0.728173,0.697691,0.114818,0.009713,0.643087,0.5743
1992/10/22 0:00,0.716,1.5055,0.727114,0.702247,0.114578,0.00977,0.642921,0.574
1992/10/23 0:00,0.712,1.5075,0.724375,0.704473,0.114584,0.009826,0.643087,0.5384117365542292
1992/10/24 0:00,0.7135,1.5118,0.723694,0.708717,0.114617,0.009799,0.643004,0.577
1992/10/25 0:00,0.7115,1.5187,0.723066,0.714286,0.114815,0.009824,0.643501,0.42313599142157643
1992/10/26 0:00,0.706,1.513,0.722543,0.714541,0.114964,0.009881,0.643542,0.5224153863798174
1992/10/27 0:00,0.7117,1.4995,0.721345,0.708968,0.115027,0.009804,0.642674,0.5765
1992/10/28 0:00,0.7148,1.498,0.722178,0.705916,0.115099,0.009737,0.641849,0.44649858421549277
1992/10/29 0:00,0.7155,1.4935,0.722752,0.706864,0.115122,0.009735,0.64288,0.45459119580175134
1992/10/30 0:00,0.719,1.4975,0.724795,0.707965,0.115137,0.009737,0.645286,0.579
1992/10/31 0:00,0.7242,1.4905,0.725479,0.699203,0.115154,0.009615,0.643708,0.5147595790047718
1992/11/1 0:00,0.7221,1.4911,0.725637,0.70028,0.115169,0.009577,0.643625,0.2824099381307482
1992/11/2 0:00,0.7175,1.4995,0.724218,0.700771,0.114784,0.009594,0.643708,0.3377982582364464
1992/11/3 0:00,0.7224,1.4985,0.725426,0.701508,0.115194,0.009533,0.643418,0.25509358942372934
1992/11/4 0:00,0.726,1.5025,0.726956,0.701164,0.115199,0.009542,0.644953,0.4452452314388607
1992/11/5 0:00,0.7275,1.5065,0.725163,0.706364,0.115198,0.009581,0.645036,0.5855
1992/11/6 0:00,0.728,1.5085,0.725795,0.71048,0.115201,0.009657,0.648088,0.42131580112627554
1992/11/7 0:00,0.7288,1.508,0.727908,0.70932,0.115202,0.009592,0.651254,0.5866436573705669
1992/11/8 0:00,0.7288,1.5098,0.726322,0.711389,0.115205,0.009618,0.650407,0.5868
1992/11/9 0:00,0.734,1.5055,0.725163,0.710732,0.115202,0.009585,0.650026,0.6907439971120926
1992/11/10 0:00,0.7352,1.5058,0.725374,0.707214,0.115205,0.009533,0.650407,0.4554240914641216
1992/11/11 0:00,0.7345,1.5095,0.723327,0.713419,0.115205,0.009569,0.651042,0.5117040072615658
1992/11/12 0:00,0.7323,1.5108,0.721241,0.712352,0.115207,0.009574,0.651763,0.4728174759129056
1992/11/13 0:00,0.7327,1.5095,0.721293,0.713012,0.11521,0.009588,0.651254,0.5877
1992/11/14 0:00,0.7385,1.512,0.722282,0.712606,0.115213,0.009547,0.65189,0.5945
1992/11/15 0:00,0.7401,1.5172,0.721501,0.714031,0.115215,0.009551,0.652401,0.5599286926978517
1992/11/16 0:00,0.7377,1.5082,0.721761,0.711744,0.115219,0.009526,0.651678,0.30480797661605824
1992/11/17 0:00,0.7378,1.5055,0.723014,0.705716,0.114824,0.009489,0.649562,0.17356096628892662
1992/11/18 0:00,0.7345,1.5083,0.727537,0.706714,0.115221,0.009501,0.651678,0.4584695267538644
1992/11/19 0:00,0.7335,1.508,0.729395,0.707914,0.114824,0.009533,0.652614,0.6156808653607228
1992/11/20 0:00,0.7338,1.5063,0.726956,0.707714,0.114826,0.009611,0.651975,0.3253614160683764
1992/11/21 0:00,0.7345,1.5067,0.727802,0.706464,0.11483,0.009574,0.65083,0.5887
1992/11/22 0:00,0.734,1.5084,0.727537,0.711238,0.114833,0.009643,0.651848,0.37143624982486967
1992/11/23 0:00,0.7355,1.5202,0.724008,0.720254,0.115233,0.009709,0.652827,0.4291584188296029
1992/11/24 0:00,0.7288,1.5192,0.721501,0.722804,0.115235,0.009756,0.652614,0.3470904545307624
1992/11/25 0:00,0.7312,1.5194,0.720357,0.728067,0.115241,0.00973,0.652443,0.3733170068682974
1992/11/26 0:00,0.7305,1.52,0.717978,0.728863,0.115243,0.009682,0.652018,0.5876
1992/11/27 0:00,0.732,1.5307,0.718133,0.735727,0.115246,0.009732,0.652955,0.5380443238321844
1992/11/28 0:00,0.738,1.5385,0.71736,0.740741,0.115249,0.009814,0.65445,0.7490899388106662
1992/11/29 0:00,0.7438,1.5405,0.724375,0.743771,0.115255,0.009825,0.653894,0.4353992694866984
1992/11/30 0:00,0.739,1.5315,0.722022,0.739645,0.115264,0.009884,0.653595,0.5936
1992/12/1 0:00,0.7328,1.5415,0.721865,0.742115,0.115274,0.009891,0.654322,0.591
1992/12/2 0:00,0.7278,1.5519,0.719528,0.750751,0.115282,0.00995,0.654793,0.4962430885232669
1992/12/3 0:00,0.721,1.5495,0.720721,0.757002,0.115288,0.009995,0.655867,0.5897
1992/12/4 0:00,0.722,1.5512,0.721293,0.753012,0.115296,0.009997,0.655609,0.46900335749438815
1992/12/5 0:00,0.7247,1.5462,0.722543,0.751033,0.115306,0.010119,0.656297,0.5928
1992/12/6 0:00,0.731,1.5483,0.723327,0.750469,0.115318,0.010151,0.655781,0.595
1992/12/7 0:00,0.7288,1.539,0.723484,0.748783,0.114941,0.010151,0.656599,0.44564153986534366
1992/12/8 0:00,0.726,1.5415,0.719891,0.752559,0.115346,0.010114,0.656944,0.5837729164625193
1992/12/9 0:00,0.7263,1.5505,0.722074,0.757002,0.115354,0.01018,0.658198,0.7730894819238795
1992/12/10 0:00,0.7278,1.5421,0.720202,0.754717,0.115366,0.010115,0.657678,0.49406820529017187
1992/12/11 0:00,0.729,1.5445,0.719269,0.75643,0.115375,0.010194,0.657678,0.5852074345151437
1992/12/12 0:00,0.7315,1.5645,0.718907,0.771605,0.115386,0.01027,0.661026,0.46012814776598693
1992/12/13 0:00,0.7348,1.5725,0.7227,0.778513,0.115396,0.01033,0.661945,0.3768871360909578
1992/12/14 0:00,0.737,1.5675,0.723903,0.771903,0.115411,0.010215,0.661376,0.23888227077519117
1992/12/15 0:00,0.7343,1.5615,0.723589,0.764818,0.115424,0.010163,0.660284,0.5284916148456975
1992/12/16 0:00,0.7332,1.5574,0.725163,0.761905,0.115435,0.010194,0.661026,0.2541973069945781
1992/12/17 0:00,0.7308,1.5622,0.725689,0.76599,0.115449,0.010151,0.662032,0.5484960229112398
1992/12/18 0:00,0.7325,1.5513,0.724638,0.75643,0.115463,0.010081,0.66107,0.41340904113248805
1992/12/19 0:00,0.735,1.5493,0.723851,0.757576,0.115488,0.010147,0.66212,0.6007
1992/12/20 0:00,0.735,1.5395,0.725426,0.751033,0.115521,0.010147,0.662032,0.6387815714512466
1992/12/21 0:00,0.7395,1.531,0.725689,0.740741,0.11556,0.010147,0.661813,0.26904773503707924
1992/12/22 0:00,0.7432,1.532,0.725321,0.740741,0.115614,0.010106,0.662559,0.43203413298794785
1992/12/23 0:00,0.7433,1.5244,0.72427,0.74129,0.115655,0.010201,0.661945,0.4585572758950326
1992/12/24 0:00,0.7388,1.5306,0.724795,0.748671,0.11569,0.010185,0.662427,0.6012
1992/12/25 0:00,0.736,1.5317,0.724218,0.745712,0.115722,0.010083,0.662076,0.35457819854870004
1992/12/26 0:00,0.7389,1.5415,0.722804,0.743771,0.115745,0.009995,0.661901,0.6015
1992/12/27 0:00,0.7375,1.5368,0.720202,0.751033,0.115782,0.010065,0.66335,0.6025
1992/12/28 0:00,0.7345,1.5378,0.719632,0.749625,0.11582,0.009963,0.66335,0.6025
1992/12/29 0:00,0.7325,1.5395,0.720305,0.749064,0.115856,0.009958,0.66357,0.4936706921105492
1992/12/30 0:00,0.7355,1.5387,0.721033,0.748783,0.115891,0.00998,0.66335,0.5571876577268758
1992/12/31 0:00,0.7415,1.5425,0.720357,0.749344,0.115935,0.009963,0.663966,0.5000457676217508
1993/1/1 0:00,0.7403,1.5422,0.724638,0.751033,0.115978,0.009869,0.664099,0.49268902895404515
1993/1/2 0:00,0.741,1.5385,0.727431,0.749569,0.116005,0.009881,0.664099,0.6002
1993/1/3 0:00,0.743,1.5393,0.727114,0.75358,0.116034,0.009881,0.663614,0.4263435818694544
1993/1/4 0:00,0.7455,1.5395,0.725689,0.753012,0.11606,0.009916,0.66379,0.44805170006613587
1993/1/5 0:00,0.7415,1.545,0.723641,0.76365,0.116093,0.009973,0.663834,0.3408668260206212
1993/1/6 0:00,0.7405,1.5422,0.724533,0.767636,0.116128,0.00999,0.66357,0.7832672103240422
1993/1/7 0:00,0.7402,1.5427,0.724848,0.768521,0.116162,0.009969,0.66379,0.43309422941864223
1993/1/8 0:00,0.7415,1.54,0.726322,0.764526,0.116203,0.009969,0.664231,0.49780244104868376
1993/1/9 0:00,0.7398,1.545,0.725058,0.769823,0.116237,0.010116,0.66454,0.5277001162576948
1993/1/10 0:00,0.7382,1.549,0.726903,0.773694,0.116278,0.010145,0.665336,0.4337494422001372
1993/1/11 0:00,0.7352,1.551,0.727008,0.775795,0.116314,0.010203,0.666001,0.25506748201596324
1993/1/12 0:00,0.7355,1.5535,0.725953,0.770416,0.116336,0.010163,0.665646,0.6
1993/1/13 0:00,0.7405,1.5535,0.727484,0.768049,0.116367,0.01014,0.666001,0.371280548019324
1993/1/14 0:00,0.7442,1.5535,0.728332,0.765404,0.116404,0.010029,0.666223,0.603
1993/1/15 0:00,0.7445,1.5355,0.729927,0.755458,0.11672,0.00996,0.666223,0.29399836695993564
1993/1/16 0:00,0.742,1.534,0.7303,0.747943,0.116492,0.009995,0.666001,0.601
1993/1/17 0:00,0.743,1.535,0.731368,0.750469,0.116528,0.010037,0.666622,0.5245213851093146
1993/1/18 0:00,0.7444,1.5362,0.729288,0.751033,0.116562,0.009989,0.666667,0.6018
1993/1/19 0:00,0.743,1.5445,0.730887,0.755287,0.116598,0.010037,0.666445,0.2586728080019271
1993/1/20 0:00,0.742,1.5475,0.731797,0.764234,0.116632,0.010081,0.666667,0.3844431647231254
1993/1/21 0:00,0.7404,1.5487,0.730994,0.772201,0.116698,0.010125,0.666622,0.5343037320910294
1993/1/22 0:00,0.7435,1.5462,0.730727,0.771903,0.116727,0.010076,0.666667,0.6067
1993/1/23 0:00,0.745,1.5436,0.729395,0.76599,0.116757,0.010052,0.666711,0.5111141123561187
1993/1/24 0:00,0.745,1.5503,0.731315,0.779423,0.116792,0.010081,0.668137,0.4103611013488968
1993/1/25 0:00,0.7436,1.5696,0.731957,0.780031,0.116813,0.010101,0.670691,0.6021
1993/1/26 0:00,0.7442,1.5623,0.738716,0.774293,0.116828,0.010105,0.672224,0.4945279964450909
1993/1/27 0:00,0.7415,1.5673,0.739864,0.782473,0.116848,0.010096,0.671772,0.46509911190983666
1993/1/28 0:00,0.7435,1.563,0.738552,0.778513,0.11687,0.010055,0.671727,0.6037
1993/1/29 0:00,0.7442,1.584,0.739919,0.785238,0.116888,0.01013,0.674309,0.40778573228398124
1993/1/30 0:00,0.7427,1.566,0.739809,0.776398,0.116904,0.010144,0.675311,0.49887010349805244
1993/1/31 0:00,0.7426,1.5745,0.743882,0.777001,0.116908,0.010226,0.677415,0.543367525255681
1993/2/1 0:00,0.7467,1.578,0.744602,0.779727,0.116914,0.010212,0.677369,0.46670242009654506
1993/2/2 0:00,0.7357,1.576,0.744435,0.778513,0.116925,0.010199,0.676911,0.3546850961192772
1993/2/3 0:00,0.7393,1.5813,0.743052,0.77912,0.116932,0.010235,0.674992,0.6022
1993/2/4 0:00,0.7397,1.5745,0.742225,0.776699,0.116944,0.010137,0.672585,0.577011398081659
1993/2/5 0:00,0.7391,1.5775,0.74195,0.77912,0.116955,0.010166,0.673083,0.49781708819119086
1993/2/6 0:00,0.7403,1.576,0.745712,0.778513,0.116955,0.010125,0.671817,0.6017
1993/2/7 0:00,0.74,1.58,0.744879,0.77821,0.116958,0.010135,0.673174,0.4072848491556289
1993/2/8 0:00,0.74,1.577,0.745712,0.777303,0.116959,0.010096,0.674082,0.6025
1993/2/9 0:00,0.7406,1.5785,0.743108,0.773395,0.116959,0.01005,0.674309,0.5000724502683567
1993/2/10 0:00,0.7382,1.5783,0.743494,0.775795,0.116959,0.010035,0.675402,0.34637400249081457
1993/2/11 0:00,0.7392,1.586,0.74228,0.782473,0.116958,0.010053,0.678564,0.43427853318666115
1993/2/12 0:00,0.7395,1.5875,0.742005,0.780945,0.116959,0.010035,0.676224,0.5944880344712811
1993/2/13 0:00,0.7377,1.5865,0.741565,0.780214,0.116959,0.009963,0.674992,0.6045
1993/2/14 0:00,0.7355,1.578,0.744158,0.774893,0.116959,0.00995,0.673854,0.4715383257748757
1993/2/15 0:00,0.7358,1.581,0.742005,0.777001,0.116959,0.010005,0.674354,0.5761399669684133
1993/2/16 0:00,0.7375,1.5815,0.7414,0.778816,0.116963,0.010025,0.674536,0.22920110877767352
1993/2/17 0:00,0.735,1.591,0.738552,0.791766,0.116963,0.01016,0.677277,0.5818736842830609
1993/2/18 0:00,0.735,1.61,0.737191,0.800641,0.116963,0.010238,0.678748,0.17446242229848577
1993/2/19 0:00,0.7373,1.6135,0.738007,0.800641,0.116965,0.010226,0.679348,0.6069457706974924
1993/2/20 0:00,0.7355,1.618,0.738116,0.802568,0.116965,0.010277,0.680504,0.34978461119236043
1993/2/21 0:00,0.7366,1.6215,0.738007,0.801925,0.116965,0.010288,0.678196,0.6125
1993/2/22 0:00,0.7315,1.6255,0.738389,0.801089,0.116966,0.01027,0.678012,0.37395948874849305
1993/2/23 0:00,0.7363,1.6275,0.739372,0.801925,0.116973,0.010288,0.678564,0.6125
1993/2/24 0:00,0.7363,1.6365,0.741015,0.803213,0.11698,0.010315,0.67981,0.6123
1993/2/25 0:00,0.742,1.632,0.742115,0.79968,0.11698,0.010304,0.676819,0.5598557344549105
1993/2/26 0:00,0.7433,1.6368,0.74129,0.799041,0.116996,0.010315,0.680041,0.31869501610196027
1993/2/27 0:00,0.7427,1.623,0.740631,0.793021,0.117006,0.010267,0.679256,0.46905187184722924
1993/2/28 0:00,0.742,1.635,0.739262,0.796813,0.117014,0.01032,0.680735,0.27165084479559254
1993/3/1 0:00,0.741,1.632,0.73828,0.801282,0.117022,0.010334,0.681199,0.5882990834309727
1993/3/2 0:00,0.7423,1.6345,0.737735,0.797448,0.117022,0.010309,0.681199,0.6165
1993/3/3 0:00,0.7424,1.6125,0.736757,0.784929,0.117044,0.010183,0.680133,0.3464647322590267
1993/3/4 0:00,0.749,1.6105,0.736594,0.786164,0.117044,0.010241,0.680041,0.6702246093641276
1993/3/5 0:00,0.7545,1.616,0.737681,0.789266,0.117044,0.010284,0.681803,0.6203
1993/3/6 0:00,0.7525,1.621,0.736648,0.794281,0.117044,0.010317,0.682361,0.645174285386263
1993/3/7 0:00,0.7565,1.605,0.738825,0.78125,0.117096,0.010227,0.681199,0.4321416097548554
1993/3/8 0:00,0.755,1.5992,0.735943,0.777303,0.11711,0.010212,0.67981,0.3469778008641279
1993/3/9 0:00,0.7515,1.588,0.736485,0.772798,0.117132,0.010197,0.678196,0.19661381625742452
1993/3/10 0:00,0.753,1.584,0.733568,0.769527,0.117132,0.010175,0.679117,0.62
1993/3/11 0:00,0.751,1.5715,0.732601,0.765931,0.11716,0.010166,0.678656,0.3450403681691561
1993/3/12 0:00,0.7535,1.577,0.732386,0.770416,0.117178,0.010194,0.679486,0.49287873840738444
1993/3/13 0:00,0.7575,1.568,0.731261,0.75815,0.117184,0.010152,0.68018,0.48893886966461103
1993/3/14 0:00,0.7618,1.566,0.731582,0.75643,0.117184,0.010162,0.681896,0.246051965924992
1993/3/15 0:00,0.763,1.5695,0.726639,0.757863,0.117198,0.010184,0.682454,0.28134379839118023
1993/3/16 0:00,0.76,1.5725,0.728067,0.761035,0.117198,0.010176,0.682128,0.6225
1993/3/17 0:00,0.7596,1.563,0.726691,0.756144,0.117226,0.010127,0.682128,0.366770382617119
1993/3/18 0:00,0.762,1.563,0.725426,0.753296,0.117232,0.010143,0.683013,0.36452822359097203
1993/3/19 0:00,0.7634,1.5643,0.725847,0.754432,0.117243,0.010106,0.683995,0.6708474278447828
1993/3/20 0:00,0.7689,1.567,0.727167,0.754717,0.117247,0.01011,0.68292,0.5810618596807765
1993/3/21 0:00,0.7679,1.5652,0.727061,0.751597,0.117255,0.01006,0.681896,0.3491038482234694
1993/3/22 0:00,0.7693,1.5602,0.728863,0.751315,0.117262,0.009961,0.679348,0.4859163801779294
1993/3/23 0:00,0.77,1.559,0.728226,0.75358,0.117269,0.009968,0.681663,0.5560836814799267
1993/3/24 0:00,0.769,1.561,0.728226,0.75188,0.117275,0.009965,0.682687,0.4295855800045831
1993/3/25 0:00,0.7697,1.5641,0.72469,0.752842,0.117314,0.009987,0.681431,0.6343
1993/3/26 0:00,0.7695,1.5632,0.722804,0.747943,0.117336,0.009959,0.680828,0.6328
1993/3/27 0:00,0.7742,1.5602,0.722126,0.747105,0.117382,0.009978,0.680596,0.2544243194032712
1993/3/28 0:00,0.774,1.5637,0.721501,0.749906,0.117426,0.009996,0.681849,0.4116729625621002
1993/3/29 0:00,0.775,1.5605,0.720877,0.751597,0.117467,0.009968,0.682361,0.48275388408527087
1993/3/30 0:00,0.7755,1.5612,0.720721,0.751823,0.117507,0.00997,0.681431,0.3494187939964785
1993/3/31 0:00,0.7778,1.563,0.720721,0.754034,0.117545,0.009974,0.681803,0.6428155869135
1993/4/1 0:00,0.775,1.563,0.720202,0.751202,0.117599,0.009972,0.682594,0.5063291216008746
1993/4/2 0:00,0.7765,1.5622,0.717309,0.751428,0.117646,0.009985,0.681803,0.7071306038950015
1993/4/3 0:00,0.7753,1.56,0.717051,0.751936,0.117711,0.009968,0.682967,0.2896821755465268
1993/4/4 0:00,0.775,1.5595,0.717103,0.754148,0.117758,0.009977,0.68306,0.40490199029686136
1993/4/5 0:00,0.7755,1.5462,0.715052,0.750244,0.117818,0.009955,0.683107,0.5806810559715847
1993/4/6 0:00,0.777,1.5445,0.714745,0.749457,0.117888,0.009978,0.6832,0.4330299979260714
1993/4/7 0:00,0.7765,1.545,0.714031,0.751597,0.117941,0.009954,0.682827,0.6425
1993/4/8 0:00,0.7775,1.5435,0.712504,0.752672,0.118039,0.009967,0.68264,0.6428
1993/4/9 0:00,0.7761,1.5602,0.710328,0.763534,0.118076,0.010035,0.683854,0.6425
1993/4/10 0:00,0.7753,1.5665,0.712758,0.763359,0.118117,0.01004,0.685636,0.5163573159177324
1993/4/11 0:00,0.7703,1.5624,0.712504,0.761615,0.118138,0.009948,0.687758,0.6396
1993/4/12 0:00,0.7688,1.5605,0.712758,0.761615,0.118138,0.009862,0.687521,0.6381
1993/4/13 0:00,0.7675,1.5635,0.714031,0.767165,0.118161,0.009904,0.6879,0.4569561958668333
1993/4/14 0:00,0.766,1.5518,0.713878,0.763359,0.118167,0.009865,0.687616,0.3111266524526154
1993/4/15 0:00,0.762,1.5573,0.711238,0.772499,0.118173,0.009967,0.688705,0.4190161415573542
1993/4/16 0:00,0.767,1.5585,0.708065,0.775795,0.11818,0.00996,0.688942,0.6405
1993/4/17 0:00,0.7703,1.5592,0.707214,0.777303,0.118182,0.01001,0.688231,0.4274840024169217
1993/4/18 0:00,0.7665,1.5715,0.705965,0.780945,0.118187,0.010121,0.682361,0.641
1993/4/19 0:00,0.757,1.567,0.708617,0.774593,0.118188,0.010125,0.686342,0.40420960288059576
1993/4/20 0:00,0.7585,1.568,0.703482,0.777001,0.118194,0.010101,0.689941,0.6392
1993/4/21 0:00,0.7603,1.5707,0.703383,0.776096,0.118196,0.010045,0.688137,0.5109339659338511
1993/4/22 0:00,0.7655,1.575,0.703235,0.780336,0.118201,0.010057,0.688705,0.4229252968719742
1993/4/23 0:00,0.7685,1.5877,0.702346,0.786473,0.118203,0.01006,0.691324,0.6415
1993/4/24 0:00,0.7673,1.5955,0.704473,0.787712,0.118208,0.010025,0.689513,0.6433
1993/4/25 0:00,0.77,1.596,0.706814,0.786782,0.118212,0.010036,0.688895,0.5155284179973246
1993/4/26 0:00,0.7643,1.5932,0.706764,0.784006,0.118217,0.01004,0.687616,0.48454309487549474
1993/4/27 0:00,0.7655,1.5908,0.706814,0.785238,0.118221,0.010069,0.688468,0.5270998699172471
1993/4/28 0:00,0.762,1.5885,0.706614,0.784621,0.118226,0.010065,0.688705,0.6401
1993/4/29 0:00,0.759,1.5935,0.704573,0.788644,0.118226,0.010163,0.688705,0.5267706302590828
1993/4/30 0:00,0.7575,1.5815,0.709622,0.778513,0.118226,0.010057,0.6879,0.6388
1993/5/1 0:00,0.759,1.5805,0.708767,0.775795,0.118224,0.01006,0.688279,0.5437571058208361
1993/5/2 0:00,0.7585,1.583,0.710985,0.778695,0.118226,0.01005,0.688279,0.6124458301343532
1993/5/3 0:00,0.7525,1.5643,0.712809,0.774593,0.118226,0.010025,0.685683,0.31344180823680545
1993/5/4 0:00,0.7511,1.56,0.715052,0.77232,0.118231,0.01007,0.683948,0.48181261412128124
1993/5/5 0:00,0.7464,1.557,0.716589,0.768344,0.118238,0.010058,0.683995,0.4270718641731352
1993/5/6 0:00,0.7441,1.5523,0.716846,0.771129,0.118245,0.010103,0.686766,0.2541205603012378
1993/5/7 0:00,0.744,1.5565,0.714898,0.773395,0.118254,0.010116,0.687711,0.3653373385556651
1993/5/8 0:00,0.7452,1.5627,0.713267,0.778392,0.118259,0.010115,0.688421,0.38541854490591704
1993/5/9 0:00,0.7442,1.5635,0.71286,0.778938,0.118266,0.010136,0.688516,0.6335
1993/5/10 0:00,0.744,1.5575,0.714541,0.78235,0.11827,0.010137,0.687853,0.36705596842608984
1993/5/11 0:00,0.747,1.5605,0.711896,0.782044,0.118272,0.01015,0.686719,0.5592490863861383
1993/5/12 0:00,0.7455,1.5775,0.70922,0.794281,0.11827,0.010251,0.688705,0.5247876097196159
1993/5/13 0:00,0.7375,1.5765,0.711491,0.794281,0.11827,0.010259,0.687758,0.2107069325671402
1993/5/14 0:00,0.7415,1.5815,0.714541,0.801282,0.118291,0.010277,0.688705,0.39057051261712245
1993/5/15 0:00,0.738,1.586,0.71495,0.800641,0.118303,0.010306,0.687853,0.4776695693927072
1993/5/16 0:00,0.7365,1.593,0.717206,0.8,0.11831,0.010331,0.688137,0.5670150143299
1993/5/17 0:00,0.7373,1.5885,0.71736,0.801089,0.118315,0.010299,0.689417,0.6321
1993/5/18 0:00,0.7395,1.5835,0.716076,0.809192,0.118321,0.010336,0.689322,0.34241945990878825
1993/5/19 0:00,0.738,1.584,0.717515,0.810898,0.118328,0.010352,0.690084,0.5167278353948138
1993/5/20 0:00,0.7348,1.5843,0.716076,0.806127,0.118332,0.010336,0.689893,0.5795743238821467
1993/5/21 0:00,0.737,1.591,0.712251,0.808407,0.118205,0.010437,0.691085,0.49276932452538114
1993/5/22 0:00,0.7381,1.621,0.713521,0.822368,0.118212,0.010593,0.691181,0.4990173827714354
1993/5/23 0:00,0.7393,1.633,0.705268,0.855066,0.118368,0.010799,0.697593,0.4585086323823314
1993/5/24 0:00,0.7385,1.644,0.703482,0.873744,0.118381,0.011007,0.70373,0.5981781575852162
1993/5/25 0:00,0.7391,1.619,0.709824,0.859107,0.118392,0.010957,0.701508,0.44197151611690316
1993/5/26 0:00,0.741,1.6152,0.707614,0.861178,0.118401,0.011041,0.705965,0.5569195356349667
1993/5/27 0:00,0.7445,1.5802,0.709673,0.848536,0.118398,0.010961,0.70373,0.43821226914954553
1993/5/28 0:00,0.7462,1.5968,0.708165,0.851789,0.118394,0.01105,0.706314,0.45249651482173564
1993/5/29 0:00,0.744,1.5855,0.705716,0.849618,0.118392,0.010993,0.706165,0.6504
1993/5/30 0:00,0.7455,1.603,0.706314,0.870701,0.11838,0.011186,0.708717,0.6505
1993/5/31 0:00,0.746,1.586,0.707114,0.858959,0.118371,0.011074,0.708516,0.412404572108604
1993/6/1 0:00,0.734,1.582,0.705318,0.869187,0.118381,0.011212,0.708717,0.6463
1993/6/2 0:00,0.7238,1.5805,0.709975,0.859107,0.118385,0.011183,0.707614,0.5248251621750112
1993/6/3 0:00,0.7264,1.5855,0.713267,0.849834,0.118396,0.011188,0.706464,0.35047790916200683
1993/6/4 0:00,0.725,1.586,0.712962,0.856531,0.118388,0.011246,0.706464,0.5343911661580986
1993/6/5 0:00,0.7253,1.5923,0.710985,0.857265,0.118382,0.011324,0.706564,0.3384400919334332
1993/6/6 0:00,0.7285,1.588,0.713521,0.85034,0.118377,0.011223,0.703136,0.648189821972799
1993/6/7 0:00,0.7252,1.5955,0.713521,0.862441,0.118375,0.011227,0.704225,0.6481
1993/6/8 0:00,0.7273,1.61,0.712606,0.869943,0.118375,0.011208,0.704722,0.6482
1993/6/9 0:00,0.7239,1.608,0.712403,0.876271,0.118378,0.011324,0.705965,0.2840789896328701
1993/6/10 0:00,0.728,1.5985,0.71495,0.853971,0.118387,0.011169,0.703235,0.3232961795108607
1993/6/11 0:00,0.7325,1.619,0.714643,0.882613,0.118394,0.011514,0.707965,0.6549
1993/6/12 0:00,0.7327,1.616,0.714796,0.889521,0.118399,0.011594,0.710227,0.2368033938251491
1993/6/13 0:00,0.7327,1.6015,0.717206,0.879507,0.118403,0.011579,0.709874,0.43537150180553363
1993/6/14 0:00,0.7393,1.6065,0.718236,0.883236,0.118405,0.011594,0.710833,0.7250083285965676
1993/6/15 0:00,0.7402,1.6058,0.714388,0.886525,0.11841,0.0117,0.711389,0.32982610223622005
1993/6/16 0:00,0.741,1.6015,0.718494,0.881057,0.118412,0.01186,0.712251,0.349685513278521
1993/6/17 0:00,0.741,1.594,0.722491,0.861698,0.11841,0.012034,0.715052,0.5833532882548271
1993/6/18 0:00,0.7405,1.5945,0.724848,0.867679,0.118413,0.011933,0.712504,0.31846576441647056
1993/6/19 0:00,0.7427,1.59,0.725847,0.864902,0.118419,0.011905,0.714031,0.45292124461432565
1993/6/20 0:00,0.7397,1.6068,0.727961,0.869943,0.118424,0.011963,0.717,0.6728
1993/6/21 0:00,0.74,1.602,0.73046,0.867905,0.118426,0.011998,0.716846,0.672
1993/6/22 0:00,0.7418,1.6195,0.731904,0.885583,0.11843,0.01218,0.716692,0.6751
1993/6/23 0:00,0.7411,1.614,0.730087,0.888099,0.118433,0.012285,0.717103,0.6718
1993/6/24 0:00,0.7351,1.616,0.729341,0.895095,0.118436,0.012327,0.717515,0.32597639437576814
1993/6/25 0:00,0.7345,1.6127,0.729501,0.874891,0.118439,0.012055,0.715308,0.6716
1993/6/26 0:00,0.7325,1.61,0.730834,0.880282,0.118441,0.01206,0.717103,0.6744971546721186
1993/6/27 0:00,0.7298,1.6055,0.732332,0.879121,0.118446,0.012011,0.717103,0.6721
1993/6/28 0:00,0.727,1.6135,0.732601,0.883392,0.118476,0.012203,0.718391,0.34784964255249645
1993/6/29 0:00,0.7262,1.6105,0.733676,0.877578,0.118571,0.011908,0.716178,0.45741580374251184
1993/6/30 0:00,0.7278,1.6162,0.733514,0.881057,0.118621,0.011965,0.71736,0.6737
1993/7/1 0:00,0.7272,1.6091,0.735456,0.872981,0.118661,0.011899,0.717515,0.6718
1993/7/2 0:00,0.7285,1.618,0.737735,0.8726,0.118661,0.011972,0.719062,0.37854967916522797
1993/7/3 0:00,0.7292,1.6125,0.736594,0.881057,0.118833,0.011949,0.719321,0.6013800854916098
1993/7/4 0:00,0.733,1.6172,0.732869,0.882613,0.119056,0.011983,0.719424,0.46303808612477104
1993/7/5 0:00,0.7405,1.6185,0.732869,0.88574,0.119263,0.011959,0.719166,0.6852953604428964
1993/7/6 0:00,0.7417,1.599,0.738552,0.883392,0.119557,0.011901,0.718546,0.3536452001188612
1993/7/7 0:00,0.7385,1.608,0.736323,0.889284,0.119693,0.012048,0.719424,0.5211470201131284
1993/7/8 0:00,0.7292,1.5885,0.736485,0.883392,0.119837,0.012055,0.718597,0.41526079495024953
1993/7/9 0:00,0.7286,1.5815,0.737028,0.866551,0.120116,0.011923,0.717566,0.6663455503736279
1993/7/10 0:00,0.7328,1.5576,0.739645,0.840336,0.120265,0.011655,0.713776,0.5105586026518592
1993/7/11 0:00,0.7407,1.571,0.738825,0.829876,0.120441,0.011494,0.709723,0.662
1993/7/12 0:00,0.7333,1.5652,0.735727,0.827472,0.120604,0.011513,0.711238,0.43835268144947126
1993/7/13 0:00,0.7273,1.569,0.737354,0.834376,0.120508,0.011601,0.713623,0.7155077475100053
1993/7/14 0:00,0.7305,1.5685,0.736811,0.832986,0.120391,0.01153,0.714388,0.6666
1993/7/15 0:00,0.7175,1.5625,0.73692,0.821018,0.120327,0.011438,0.715308,0.661
1993/7/16 0:00,0.715,1.5735,0.73692,0.832639,0.120291,0.011525,0.71736,0.5901465124085032
1993/7/17 0:00,0.7181,1.575,0.732601,0.834028,0.120252,0.011432,0.717103,0.6165971173070158
1993/7/18 0:00,0.7187,1.566,0.732601,0.83022,0.12021,0.011444,0.717772,0.6604
1993/7/19 0:00,0.717,1.5755,0.73244,0.833333,0.120161,0.011474,0.717515,0.6588
1993/7/20 0:00,0.7192,1.6037,0.730194,0.858369,0.120133,0.011758,0.719166,0.664
1993/7/21 0:00,0.719,1.604,0.728332,0.878735,0.120101,0.01207,0.719269,0.669
1993/7/22 0:00,0.7203,1.601,0.729554,0.874126,0.120081,0.012048,0.719062,0.6673
1993/7/23 0:00,0.719,1.5865,0.730034,0.856531,0.120113,0.011813,0.717875,0.24283219864912547
1993/7/24 0:00,0.7154,1.5945,0.728332,0.853971,0.12014,0.011772,0.718907,0.6613
1993/7/25 0:00,0.7165,1.586,0.726903,0.855432,0.120166,0.011779,0.718597,0.5265453729769967
1993/7/26 0:00,0.7143,1.5955,0.726111,0.865426,0.120195,0.011816,0.718649,0.668
1993/7/27 0:00,0.7165,1.59,0.724113,0.854701,0.120187,0.011751,0.717875,0.6140645220152648
1993/7/28 0:00,0.7205,1.5942,0.724375,0.863558,0.120217,0.011871,0.718546,0.3602690237171251
1993/7/29 0:00,0.7227,1.592,0.727908,0.855798,0.120241,0.011779,0.718236,0.6703
1993/7/30 0:00,0.72,1.5945,0.726269,0.863185,0.120192,0.011848,0.718391,0.668
1993/7/31 0:00,0.7175,1.595,0.724743,0.866176,0.120181,0.011916,0.718236,0.4093698115810788
1993/8/1 0:00,0.7193,1.5955,0.722387,0.861846,0.120188,0.011858,0.717257,0.6693
1993/8/2 0:00,0.7215,1.6085,0.723851,0.865052,0.120192,0.011848,0.717103,0.31348593576237826
1993/8/3 0:00,0.7275,1.5955,0.726216,0.854336,0.120165,0.01179,0.715052,0.49877534461000966
1993/8/4 0:00,0.7281,1.607,0.723327,0.860437,0.120187,0.011812,0.716332,0.4772773451604621
1993/8/5 0:00,0.7267,1.5995,0.723956,0.858738,0.120189,0.011772,0.716589,0.6712
1993/8/6 0:00,0.7243,1.603,0.724743,0.864304,0.120192,0.011813,0.715973,0.531601890684422
1993/8/7 0:00,0.7255,1.6049,0.726744,0.868056,0.120179,0.011851,0.714286,0.6725
1993/8/8 0:00,0.7207,1.5998,0.726586,0.863558,0.120166,0.011813,0.714439,0.6445518662514448
1993/8/9 0:00,0.7208,1.6045,0.727643,0.87146,0.120171,0.011834,0.715564,0.5460200494169033
1993/8/10 0:00,0.7185,1.5855,0.728598,0.868432,0.120174,0.011857,0.715052,0.4673983738009016
1993/8/11 0:00,0.7142,1.5845,0.726744,0.873362,0.120182,0.011893,0.715564,0.47020189461952616
1993/8/12 0:00,0.7142,1.574,0.727008,0.860215,0.120182,0.011669,0.715308,0.6682
1993/8/13 0:00,0.7155,1.5915,0.72648,0.869565,0.120178,0.011806,0.71582,0.6685
1993/8/14 0:00,0.7108,1.5905,0.727908,0.868432,0.120176,0.011795,0.715564,0.36063327753407753
1993/8/15 0:00,0.71,1.5972,0.728704,0.8726,0.120182,0.011792,0.716178,0.6988322742486616
1993/8/16 0:00,0.71,1.595,0.729767,0.871992,0.120191,0.011773,0.71582,0.38850923620153394
1993/8/17 0:00,0.7115,1.5985,0.7303,0.870474,0.120192,0.01174,0.715666,0.4177695407885352
1993/8/18 0:00,0.7157,1.5945,0.733138,0.863558,0.120192,0.011525,0.714031,0.6774
1993/8/19 0:00,0.7146,1.5905,0.739754,0.861104,0.120159,0.011482,0.712251,0.32003676257775265
1993/8/20 0:00,0.72,1.588,0.738498,0.857633,0.120163,0.011435,0.712758,0.47668259535955626
1993/8/21 0:00,0.7215,1.5915,0.737735,0.857633,0.120168,0.011427,0.714796,0.6185406674268095
1993/8/22 0:00,0.7327,1.6005,0.735727,0.861698,0.120172,0.011442,0.715308,0.25349162363492495
1993/8/23 0:00,0.7303,1.5945,0.735673,0.859476,0.120176,0.011378,0.715461,0.6763
1993/8/24 0:00,0.7323,1.5945,0.737409,0.857412,0.120179,0.01128,0.714031,0.6419387435985099
1993/8/25 0:00,0.7324,1.5962,0.735024,0.863185,0.120174,0.011319,0.715717,0.29333259580047777
1993/8/26 0:00,0.732,1.5955,0.735186,0.863931,0.120176,0.011396,0.714286,0.45456959555038334
1993/8/27 0:00,0.7348,1.597,0.733407,0.869338,0.120187,0.011395,0.714541,0.3570967953162827
1993/8/28 0:00,0.735,1.594,0.735402,0.864678,0.120189,0.011293,0.714541,0.4091023372104318
1993/8/29 0:00,0.7375,1.5976,0.735835,0.869338,0.120187,0.011422,0.714541,0.5676951938076406
1993/8/30 0:00,0.7385,1.5879,0.737572,0.862069,0.120188,0.011379,0.715052,0.5397294982082986
1993/8/31 0:00,0.7381,1.5956,0.736377,0.867679,0.120189,0.01137,0.71541,0.6745
1993/9/1 0:00,0.7365,1.5964,0.734862,0.871992,0.120189,0.01137,0.717103,0.4641637957255675
1993/9/2 0:00,0.7363,1.6003,0.732923,0.8726,0.120188,0.01134,0.717206,0.5640789705929091
1993/9/3 0:00,0.7387,1.598,0.730194,0.869187,0.120188,0.01132,0.717618,0.40815989049840856
1993/9/4 0:00,0.7403,1.5992,0.731689,0.8726,0.120192,0.011308,0.71736,0.3774996268817791
1993/9/5 0:00,0.7405,1.5995,0.73692,0.862962,0.120189,0.011011,0.715564,0.29656270333591017
1993/9/6 0:00,0.7402,1.6068,0.735889,0.870095,0.120189,0.011056,0.715308,0.45486148621305994
1993/9/7 0:00,0.7425,1.6073,0.737354,0.869943,0.120482,0.010959,0.71495,0.4927216270974191
1993/9/8 0:00,0.7414,1.6018,0.736703,0.858001,0.120192,0.010953,0.714286,0.2174894665057911
1993/9/9 0:00,0.7436,1.601,0.737191,0.855432,0.120172,0.010897,0.715564,0.5324993887796736
1993/9/10 0:00,0.742,1.6002,0.735024,0.859107,0.120169,0.010921,0.716076,0.662
1993/9/11 0:00,0.7398,1.5888,0.736377,0.848896,0.120159,0.010772,0.71623,0.3974548645356377
1993/9/12 0:00,0.742,1.5776,0.735835,0.839631,0.120156,0.010664,0.71495,0.393238793376802
1993/9/13 0:00,0.7415,1.574,0.733568,0.837521,0.120137,0.010683,0.713929,0.6638
1993/9/14 0:00,0.7363,1.5553,0.734916,0.816993,0.12011,0.010343,0.709723,0.29868028510749695
1993/9/15 0:00,0.732,1.5515,0.735835,0.814797,0.120057,0.010225,0.704225,0.3093449725387079
1993/9/16 0:00,0.7315,1.5345,0.735835,0.815328,0.120184,0.01022,0.701607,0.6818616318816241
1993/9/17 0:00,0.7355,1.543,0.735673,0.819001,0.120168,0.010315,0.700427,0.648
1993/9/18 0:00,0.7368,1.5405,0.735727,0.819001,0.120016,0.010357,0.700918,0.447560492977489
1993/9/19 0:00,0.74,1.5355,0.736485,0.812348,0.120012,0.010338,0.701508,0.4816507505354065
1993/9/20 0:00,0.7405,1.5415,0.736106,0.815993,0.12,0.010363,0.702543,0.29034575909785804
1993/9/21 0:00,0.7408,1.5432,0.737191,0.819001,0.119979,0.010357,0.702247,0.5050703889651229
1993/9/22 0:00,0.7435,1.5418,0.742887,0.820749,0.119972,0.010348,0.702988,0.6505
1993/9/23 0:00,0.7434,1.5525,0.74599,0.830565,0.119954,0.010352,0.706215,0.6526
1993/9/24 0:00,0.751,1.5453,0.746547,0.825764,0.120074,0.010243,0.702988,0.5699776752892964
1993/9/25 0:00,0.7546,1.544,0.747775,0.825764,0.120058,0.010106,0.701262,0.3146413644590412
1993/9/26 0:00,0.7517,1.5515,0.744491,0.829187,0.120051,0.01023,0.703977,0.33755274115399025
1993/9/27 0:00,0.7494,1.5533,0.744325,0.832639,0.12006,0.010257,0.70373,0.44648995619657406
1993/9/28 0:00,0.751,1.5565,0.744602,0.832293,0.119931,0.010228,0.702741,0.6525
1993/9/29 0:00,0.7505,1.5501,0.746659,0.823723,0.119936,0.010122,0.701262,0.22120410216293468
1993/9/30 0:00,0.751,1.55,0.746826,0.823723,0.11994,0.010144,0.702494,0.3250279369069452
1993/10/1 0:00,0.7515,1.5482,0.743716,0.821693,0.11994,0.010025,0.699692,0.39704661742340325
1993/10/2 0:00,0.7525,1.5483,0.744435,0.828844,0.119937,0.010022,0.700035,0.5083567859596286
1993/10/3 0:00,0.76,1.5545,0.743218,0.832085,0.119933,0.009914,0.698324,0.2999126561048896
1993/10/4 0:00,0.7628,1.548,0.73828,0.819336,0.119927,0.009756,0.696379,0.5406375608523607
1993/10/5 0:00,0.762,1.5505,0.7303,0.826105,0.119918,0.009751,0.697788,0.6578
1993/10/6 0:00,0.7594,1.552,0.732064,0.826788,0.119913,0.00966,0.693001,0.2806974762872811
1993/10/7 0:00,0.755,1.546,0.733407,0.826105,0.119908,0.009657,0.691802,0.4232057646571417
1993/10/8 0:00,0.7601,1.546,0.735943,0.831601,0.120006,0.009597,0.690131,0.24765606890205527
1993/10/9 0:00,0.7565,1.5525,0.734754,0.848536,0.119907,0.009685,0.692185,0.6605
1993/10/10 0:00,0.7538,1.5695,0.736648,0.873134,0.120057,0.00999,0.69701,0.5015943866408946
1993/10/11 0:00,0.7455,1.5795,0.739372,0.880669,0.119913,0.010152,0.699056,0.36110132231371905
1993/10/12 0:00,0.7493,1.5715,0.742721,0.869943,0.119913,0.010012,0.692665,0.5927661115399979
1993/10/13 0:00,0.7474,1.5708,0.742942,0.860585,0.119916,0.009918,0.693481,0.425989016689571
1993/10/14 0:00,0.7485,1.5722,0.741015,0.868056,0.119918,0.009983,0.699545,0.6559
1993/10/15 0:00,0.7525,1.5805,0.740192,0.87184,0.11992,0.010027,0.702346,0.542756627750863
1993/10/16 0:00,0.7555,1.5795,0.743771,0.865052,0.119926,0.010091,0.702741,0.48504375114744763
1993/10/17 0:00,0.762,1.5909,0.746603,0.869036,0.119926,0.009929,0.694927,0.6579
1993/10/18 0:00,0.7658,1.5808,0.752729,0.861326,0.119926,0.009838,0.697107,0.45958388421537594
1993/10/19 0:00,0.7631,1.5837,0.751202,0.868282,0.119926,0.009928,0.698178,0.3143383896002115
1993/10/20 0:00,0.7598,1.584,0.748783,0.872068,0.119933,0.009975,0.701508,0.15043205845526092
1993/10/21 0:00,0.7612,1.5812,0.750863,0.87108,0.119941,0.009916,0.700771,0.6618
1993/10/22 0:00,0.7582,1.5778,0.748615,0.87108,0.119964,0.009936,0.701016,0.44192409772629404
1993/10/23 0:00,0.7628,1.573,0.747664,0.865426,0.119976,0.009911,0.70205,0.6605
1993/10/24 0:00,0.7603,1.5735,0.746938,0.867152,0.119985,0.009972,0.702247,0.4777199634945428
1993/10/25 0:00,0.759,1.5725,0.747719,0.863185,0.119988,0.009921,0.700771,0.40826567961632887
1993/10/26 0:00,0.756,1.575,0.747664,0.869943,0.119979,0.009955,0.702494,0.27193534820567494
1993/10/27 0:00,0.757,1.574,0.746993,0.870701,0.119979,0.009967,0.702247,0.658
1993/10/28 0:00,0.7545,1.5695,0.74677,0.866326,0.119989,0.009938,0.701164,0.5490757703584308
1993/10/29 0:00,0.752,1.5725,0.747943,0.869187,0.119988,0.009941,0.702247,0.658
1993/10/30 0:00,0.7497,1.5759,0.740741,0.87604,0.119985,0.009975,0.703334,0.5579815084125271
1993/10/31 0:00,0.748,1.58,0.730727,0.888099,0.119992,0.01003,0.707965,0.25250175623250193
1993/11/1 0:00,0.7471,1.581,0.729661,0.884408,0.119996,0.009983,0.706814,0.5500987242935597
1993/11/2 0:00,0.7485,1.5795,0.731797,0.881057,0.119995,0.009875,0.70497,0.6555
1993/11/3 0:00,0.7553,1.574,0.732064,0.877963,0.119986,0.009823,0.705965,0.6566
1993/11/4 0:00,0.754,1.5795,0.729714,0.883002,0.119985,0.009832,0.706714,0.5058850049635257
1993/11/5 0:00,0.761,1.5775,0.734214,0.881834,0.119977,0.009838,0.706464,0.552897038632082
1993/11/6 0:00,0.7615,1.5807,0.746213,0.880282,0.119977,0.009779,0.707664,0.6817879164223706
1993/11/7 0:00,0.7603,1.5778,0.74195,0.877578,0.119982,0.009702,0.705467,0.5534752346643155
1993/11/8 0:00,0.7585,1.5813,0.744713,0.87604,0.119979,0.009653,0.706314,0.42763613264929606
1993/11/9 0:00,0.758,1.5805,0.742005,0.879121,0.11998,0.009626,0.708215,0.272284822159436
1993/11/10 0:00,0.753,1.5793,0.739919,0.877809,0.11998,0.00969,0.70932,0.655
1993/11/11 0:00,0.7528,1.5778,0.735835,0.877578,0.119977,0.009692,0.707464,0.2042046631092685
1993/11/12 0:00,0.7503,1.5805,0.736648,0.874508,0.119979,0.009756,0.706914,0.653
1993/11/13 0:00,0.7358,1.5794,0.737463,0.878194,0.119982,0.009926,0.708215,0.2465445446024801
1993/11/14 0:00,0.7378,1.5753,0.739481,0.880669,0.11999,0.009906,0.707864,0.653
1993/11/15 0:00,0.738,1.5555,0.740192,0.874891,0.119992,0.009833,0.707264,0.1461802847378122
1993/11/16 0:00,0.7402,1.5605,0.738716,0.877193,0.119996,0.009835,0.708215,0.31022928381039544
1993/11/17 0:00,0.735,1.558,0.737626,0.88129,0.120003,0.009911,0.708466,0.5918488625460162
1993/11/18 0:00,0.7405,1.5558,0.737463,0.875657,0.119998,0.00979,0.707564,0.2956434929871776
1993/11/19 0:00,0.7405,1.5505,0.73959,0.880824,0.120002,0.009801,0.707965,0.7282966056419867
1993/11/20 0:00,0.7434,1.5495,0.739919,0.877963,0.120005,0.009867,0.707965,0.44217741979324504
1993/11/21 0:00,0.7456,1.5583,0.739098,0.87804,0.120006,0.00984,0.707965,0.41140926253153
1993/11/22 0:00,0.7411,1.565,0.739098,0.881446,0.120008,0.00995,0.708617,0.2369671068200327
1993/11/23 0:00,0.74,1.56,0.738443,0.874508,0.120016,0.009852,0.707714,0.6513
1993/11/24 0:00,0.7405,1.5505,0.739481,0.862813,0.120016,0.009823,0.707965,0.6356447925957956
1993/11/25 0:00,0.75,1.548,0.737191,0.866176,0.120025,0.009889,0.707965,0.6555
1993/11/26 0:00,0.7485,1.5383,0.736106,0.859919,0.120025,0.009856,0.707965,0.6553
1993/11/27 0:00,0.7424,1.5302,0.735998,0.850702,0.120025,0.009823,0.708717,0.6527
1993/11/28 0:00,0.7372,1.536,0.732064,0.851789,0.120009,0.009881,0.706964,0.09714025089166846
1993/11/29 0:00,0.7396,1.536,0.731957,0.855725,0.120003,0.009896,0.706714,0.648
1993/11/30 0:00,0.7384,1.541,0.731422,0.856164,0.120002,0.00986,0.707614,0.5359840767060469
1993/12/1 0:00,0.7395,1.5422,0.732172,0.855432,0.12,0.009865,0.707214,0.6468
1993/12/2 0:00,0.739,1.5353,0.730727,0.855798,0.119998,0.009862,0.707214,0.647
1993/12/3 0:00,0.7377,1.5329,0.726956,0.855652,0.119993,0.009906,0.706614,0.646
1993/12/4 0:00,0.736,1.5348,0.724533,0.855213,0.120192,0.009894,0.707364,0.3329765265469273
1993/12/5 0:00,0.7405,1.5313,0.726006,0.850991,0.119979,0.009818,0.706215,0.6451
1993/12/6 0:00,0.7444,1.5325,0.726533,0.848896,0.119982,0.009828,0.705866,0.6465
1993/12/7 0:00,0.7379,1.541,0.727537,0.859328,0.11997,0.009852,0.706215,0.3669786491808014
1993/12/8 0:00,0.741,1.5395,0.727537,0.858369,0.119946,0.00979,0.706215,0.6518
1993/12/9 0:00,0.7405,1.539,0.726691,0.870701,0.119933,0.009833,0.707264,0.5385547424033392
1993/12/10 0:00,0.7408,1.542,0.726216,0.866927,0.119939,0.009818,0.706964,0.551831878232766
1993/12/11 0:00,0.741,1.5373,0.731261,0.864528,0.119941,0.009804,0.706714,0.4945576441625231
1993/12/12 0:00,0.7415,1.5388,0.734214,0.863931,0.119943,0.009822,0.707064,0.39241488926871504
1993/12/13 0:00,0.7395,1.5425,0.733299,0.862664,0.119941,0.009747,0.705965,0.6508
1993/12/14 0:00,0.74,1.5555,0.734592,0.865052,0.119934,0.009768,0.706814,0.5886619420708356
1993/12/15 0:00,0.7478,1.56,0.73524,0.867303,0.119934,0.009728,0.706564,0.6544
1993/12/16 0:00,0.745,1.539,0.735024,0.864678,0.119934,0.009721,0.707714,0.409519784564008
1993/12/17 0:00,0.7432,1.5535,0.732332,0.866551,0.119941,0.009682,0.706714,0.16779135494014796
1993/12/18 0:00,0.7433,1.5565,0.73654,0.86408,0.119933,0.009623,0.706364,0.6535
1993/12/19 0:00,0.7485,1.5517,0.739098,0.861698,0.119917,0.009583,0.704722,0.46941022466003
1993/12/20 0:00,0.7453,1.5463,0.738498,0.852006,0.1199,0.009398,0.698812,0.6544
1993/12/21 0:00,0.7475,1.552,0.736757,0.861698,0.119898,0.009512,0.702494,0.3416460458430775
1993/12/22 0:00,0.7473,1.5495,0.734808,0.859771,0.119883,0.009452,0.701262,0.6594
1993/12/23 0:00,0.7447,1.5475,0.73443,0.85778,0.119884,0.009533,0.702395,0.6585
1993/12/24 0:00,0.7469,1.5456,0.732654,0.859476,0.119893,0.009498,0.702247,0.46156248841286684
1993/12/25 0:00,0.7465,1.5445,0.732869,0.860807,0.119898,0.009542,0.703235,0.2930174169492336
1993/12/26 0:00,0.7445,1.5487,0.733945,0.861698,0.119898,0.009517,0.702741,0.6622
1993/12/27 0:00,0.7431,1.538,0.731689,0.850702,0.119898,0.009445,0.701508,0.707857125787416
1993/12/28 0:00,0.74,1.5255,0.73046,0.844096,0.119901,0.009489,0.706314,0.4255188095849715
1993/12/29 0:00,0.7389,1.5228,0.733138,0.842744,0.119917,0.009484,0.704722,0.3009951130618084
1993/12/30 0:00,0.7355,1.5093,0.732493,0.837381,0.119936,0.009488,0.703482,0.5451233127525985
1993/12/31 0:00,0.7318,1.5135,0.73046,0.841326,0.119941,0.009455,0.701754,0.6289472799217036
1994/1/1 0:00,0.735,1.5135,0.729395,0.838926,0.119947,0.009452,0.704077,0.2584402607937321
1994/1/2 0:00,0.7359,1.5092,0.729661,0.837802,0.119957,0.009353,0.703334,0.6654
1994/1/3 0:00,0.737,1.5075,0.726322,0.83661,0.119952,0.009355,0.704722,0.40615155138097625
1994/1/4 0:00,0.7382,1.503,0.723484,0.827883,0.119966,0.009381,0.705467,0.32071038046513384
1994/1/5 0:00,0.74,1.5063,0.723851,0.827815,0.119976,0.009363,0.704722,0.6672
1994/1/6 0:00,0.7417,1.5037,0.725953,0.824198,0.11998,0.009321,0.703829,0.5312630384938082
1994/1/7 0:00,0.7443,1.5096,0.727643,0.824878,0.119993,0.00935,0.708968,0.49459307071782277
1994/1/8 0:00,0.7474,1.5132,0.727908,0.820008,0.120002,0.009339,0.704225,0.35170977286839084
1994/1/9 0:00,0.7557,1.519,0.727326,0.821018,0.120009,0.009372,0.705219,0.4384257895800257
1994/1/10 0:00,0.7549,1.5352,0.725689,0.835422,0.120003,0.009522,0.708165,0.6763
1994/1/11 0:00,0.7547,1.5402,0.728067,0.831808,0.120019,0.009475,0.706714,0.5596683410496358
1994/1/12 0:00,0.7535,1.5365,0.731689,0.827267,0.120032,0.009416,0.706964,0.3983840743386623
1994/1/13 0:00,0.7575,1.5374,0.730087,0.829531,0.120048,0.009355,0.705965,0.674
1994/1/14 0:00,0.7545,1.5318,0.728598,0.827472,0.120057,0.009337,0.705766,0.6745
1994/1/15 0:00,0.7543,1.5308,0.728438,0.832293,0.12006,0.009375,0.707314,0.48700261955503094
1994/1/16 0:00,0.7532,1.534,0.728757,0.8285,0.120042,0.009352,0.706215,0.5081814757733448
1994/1/17 0:00,0.7559,1.5371,0.725216,0.834655,0.120048,0.009366,0.707214,0.5352571861538584
1994/1/18 0:00,0.7555,1.5385,0.725058,0.833681,0.120031,0.009418,0.707464,0.676
1994/1/19 0:00,0.755,1.5487,0.723589,0.841822,0.119996,0.009492,0.714031,0.5278123920774315
1994/1/20 0:00,0.7553,1.5445,0.723851,0.844238,0.119973,0.009425,0.713267,0.4159955306811797
1994/1/21 0:00,0.751,1.5425,0.725268,0.842673,0.119973,0.009501,0.712962,0.6762
1994/1/22 0:00,0.7545,1.5435,0.726903,0.846382,0.119973,0.009528,0.710985,0.6711618229102656
1994/1/23 0:00,0.756,1.541,0.726111,0.85266,0.119973,0.009548,0.709723,0.46793880400340826
1994/1/24 0:00,0.7564,1.54,0.727167,0.848536,0.119949,0.009585,0.711086,0.40900157535931386
1994/1/25 0:00,0.7581,1.5398,0.727537,0.846024,0.11991,0.009581,0.709975,0.5696251100971178
1994/1/26 0:00,0.7637,1.5335,0.727537,0.83661,0.119894,0.009572,0.707714,0.6697
1994/1/27 0:00,0.7643,1.532,0.728438,0.834028,0.119888,0.009513,0.708115,0.41795820317576543
1994/1/28 0:00,0.7618,1.5273,0.729395,0.829669,0.119888,0.009461,0.708215,0.31452062841066225
1994/1/29 0:00,0.7602,1.5284,0.729076,0.831808,0.119893,0.009519,0.707814,0.33883591558739795
1994/1/30 0:00,0.76,1.529,0.72881,0.833472,0.11989,0.009515,0.708466,0.3028471950091729
1994/1/31 0:00,0.7622,1.529,0.729022,0.832709,0.119871,0.00949,0.708115,0.5467984091683491
1994/2/1 0:00,0.7625,1.53,0.729501,0.832085,0.119862,0.009501,0.709723,0.37753979207284477
1994/2/2 0:00,0.7678,1.524,0.731636,0.82905,0.119848,0.009439,0.709471,0.6755
1994/2/3 0:00,0.768,1.5238,0.731529,0.832224,0.119814,0.009492,0.710732,0.3332691100427773
1994/2/4 0:00,0.77,1.5213,0.731048,0.835422,0.119762,0.009475,0.710227,0.6835
1994/2/5 0:00,0.7737,1.5225,0.730994,0.839278,0.119692,0.009498,0.710732,0.44526156483767393
1994/2/6 0:00,0.774,1.5231,0.731101,0.840336,0.119713,0.00948,0.71048,0.689
1994/2/7 0:00,0.7734,1.525,0.733138,0.840901,0.119736,0.009446,0.710227,0.683
1994/2/8 0:00,0.7734,1.53,0.73551,0.839419,0.119722,0.009432,0.71048,0.393559174979132
1994/2/9 0:00,0.7742,1.5327,0.735781,0.839349,0.119717,0.009411,0.710732,0.2602610001444908
1994/2/10 0:00,0.775,1.5376,0.735348,0.839631,0.119732,0.009395,0.708918,0.6857
1994/2/11 0:00,0.778,1.536,0.734592,0.83661,0.119732,0.00937,0.708968,0.37251742016011874
1994/2/12 0:00,0.7769,1.5334,0.734107,0.83717,0.119717,0.009363,0.70922,0.3396335621263054
1994/2/13 0:00,0.7735,1.523,0.733837,0.838364,0.11969,0.009417,0.71048,0.3613616713986955
1994/2/14 0:00,0.7725,1.524,0.733353,0.838715,0.1197,0.009399,0.710985,0.3727305334353976
1994/2/15 0:00,0.7779,1.5181,0.733407,0.83382,0.119713,0.009377,0.703977,0.25979646195828726
1994/2/16 0:00,0.7821,1.5239,0.733407,0.839983,0.11971,0.009404,0.71048,0.4694860752403624
1994/2/17 0:00,0.7815,1.5262,0.733407,0.840548,0.119706,0.009346,0.710177,0.37182110831723475
1994/2/18 0:00,0.784,1.5244,0.738116,0.83696,0.119705,0.0093,0.710732,0.685
1994/2/19 0:00,0.7822,1.5248,0.737518,0.838223,0.119705,0.009304,0.711491,0.6842
1994/2/20 0:00,0.781,1.526,0.73692,0.8371,0.119706,0.009351,0.711491,0.46421783627873814
1994/2/21 0:00,0.781,1.5295,0.736431,0.837731,0.119725,0.009338,0.711997,0.43523046599856957
1994/2/22 0:00,0.7838,1.5287,0.736974,0.835422,0.119745,0.009288,0.706464,0.25455654932088445
1994/2/23 0:00,0.783,1.531,0.736269,0.838926,0.119743,0.009309,0.711389,0.3612313138374093
1994/2/24 0:00,0.7861,1.5243,0.735943,0.829325,0.119739,0.009244,0.710227,0.682
1994/2/25 0:00,0.7883,1.5115,0.736757,0.821153,0.119735,0.009211,0.70922,0.36571380760388844
1994/2/26 0:00,0.7897,1.5125,0.737137,0.825423,0.119726,0.009215,0.710227,0.44415466359358924
1994/2/27 0:00,0.79,1.5123,0.737191,0.815528,0.119729,0.009202,0.708466,0.677
1994/2/28 0:00,0.7902,1.5085,0.7373,0.812612,0.11973,0.009228,0.708466,0.5377942907456884
1994/3/1 0:00,0.7875,1.5071,0.736648,0.812018,0.119736,0.009235,0.708717,0.3900794519998944
1994/3/2 0:00,0.7852,1.507,0.737191,0.815661,0.119743,0.009236,0.709723,0.45620127417444567
1994/3/3 0:00,0.7815,1.51,0.734484,0.817996,0.119748,0.009337,0.710227,0.4063875104824897
1994/3/4 0:00,0.7815,1.5168,0.734268,0.817996,0.119752,0.009337,0.709723,0.6855
1994/3/5 0:00,0.7865,1.5112,0.733999,0.814664,0.11976,0.009372,0.709471,0.2318973283395262
1994/3/6 0:00,0.7894,1.5161,0.734053,0.813339,0.119758,0.009382,0.70922,0.3480528552179677
1994/3/7 0:00,0.7845,1.5138,0.734214,0.811293,0.119759,0.009366,0.709723,0.6818
1994/3/8 0:00,0.7885,1.5127,0.732869,0.809127,0.119759,0.009392,0.709874,0.372616207442037
1994/3/9 0:00,0.7883,1.5103,0.733676,0.809062,0.11976,0.009475,0.71048,0.684
1994/3/10 0:00,0.787,1.5094,0.733783,0.810898,0.119752,0.009568,0.711238,0.6865
1994/3/11 0:00,0.7854,1.505,0.734484,0.805477,0.119759,0.009557,0.711491,0.677634462177533
1994/3/12 0:00,0.7896,1.4948,0.733891,0.800192,0.119759,0.009517,0.710985,0.2649106465976042
1994/3/13 0:00,0.7951,1.503,0.733945,0.803536,0.119759,0.00957,0.711491,0.5131787201700023
1994/3/14 0:00,0.7955,1.5042,0.733622,0.805153,0.11976,0.009539,0.712403,0.6855
1994/3/15 0:00,0.7958,1.5072,0.732172,0.80289,0.11976,0.00953,0.712099,0.6866
1994/3/16 0:00,0.7984,1.5125,0.731797,0.806322,0.11976,0.009527,0.712251,0.6886
1994/3/17 0:00,0.8005,1.5215,0.730887,0.810767,0.11976,0.00951,0.711642,0.4097915130836182
1994/3/18 0:00,0.7983,1.522,0.730994,0.809389,0.119759,0.009542,0.711744,0.6875
1994/3/19 0:00,0.8026,1.5223,0.731743,0.801539,0.119758,0.009479,0.711339,0.3986382497227409
1994/3/20 0:00,0.8012,1.5145,0.730674,0.800512,0.119758,0.009527,0.711592,0.6875
1994/3/21 0:00,0.8017,1.5149,0.730353,0.799297,0.11976,0.009452,0.710379,0.6887
1994/3/22 0:00,0.8007,1.513,0.730727,0.797894,0.119759,0.009359,0.709874,0.6872
1994/3/23 0:00,0.8015,1.5133,0.730994,0.794913,0.11976,0.009375,0.709723,0.2985664248751724
1994/3/24 0:00,0.8,1.515,0.729927,0.797067,0.119771,0.009387,0.710227,0.29844261165662345
1994/3/25 0:00,0.7945,1.513,0.727961,0.792079,0.119783,0.009334,0.709975,0.44850245947883965
1994/3/26 0:00,0.7928,1.5115,0.728598,0.789079,0.119799,0.009346,0.709723,0.5146353916479677
1994/3/27 0:00,0.7943,1.5103,0.728544,0.789889,0.119801,0.009342,0.709572,0.6832
1994/3/28 0:00,0.7935,1.5134,0.727114,0.791327,0.119808,0.009365,0.709119,0.5687538093814599
1994/3/29 0:00,0.7914,1.511,0.727484,0.789266,0.119808,0.009268,0.708818,0.6833
1994/3/30 0:00,0.7945,1.5127,0.72648,0.784929,0.119835,0.0092,0.707214,0.5287525191993531
1994/3/31 0:00,0.7983,1.5211,0.728969,0.786782,0.120048,0.009194,0.713165,0.6848
1994/4/1 0:00,0.7957,1.5345,0.730727,0.794534,0.119814,0.009289,0.709471,0.3005364334806427
1994/4/2 0:00,0.798,1.5495,0.729714,0.799361,0.119825,0.00926,0.709471,0.6795
1994/4/3 0:00,0.801,1.5515,0.730353,0.799041,0.119826,0.009228,0.71048,0.4073023699735283
1994/4/4 0:00,0.799,1.5485,0.730407,0.794786,0.119834,0.009158,0.70927,0.6125753126779294
1994/4/5 0:00,0.793,1.5474,0.732064,0.795292,0.119848,0.009188,0.70922,0.4675631622903203
1994/4/6 0:00,0.7855,1.5405,0.732816,0.793021,0.119855,0.009152,0.709421,0.4880559678644123
1994/4/7 0:00,0.7914,1.541,0.731582,0.789391,0.119851,0.009155,0.709874,0.16247092943951127
1994/4/8 0:00,0.7935,1.5322,0.733138,0.789702,0.119855,0.009168,0.709723,0.6195192966242612
1994/4/9 0:00,0.7919,1.5355,0.732279,0.788706,0.119854,0.009132,0.709471,0.3227208707642803
1994/4/10 0:00,0.7905,1.5345,0.731636,0.790889,0.119862,0.009135,0.709723,0.6727
1994/4/11 0:00,0.792,1.532,0.73046,0.794281,0.119874,0.009187,0.709471,0.1554641320238655
1994/4/12 0:00,0.7921,1.5358,0.731797,0.798085,0.11988,0.009185,0.709471,0.43690219725941953
1994/4/13 0:00,0.792,1.545,0.73185,0.800961,0.119872,0.009187,0.709975,0.6748
1994/4/14 0:00,0.7892,1.5435,0.73046,0.800576,0.11987,0.009256,0.709975,0.580320184184371
1994/4/15 0:00,0.7876,1.5433,0.730887,0.797766,0.119878,0.009255,0.710732,0.6773
1994/4/16 0:00,0.7885,1.5418,0.731208,0.797385,0.119887,0.009251,0.709723,0.6786
1994/4/17 0:00,0.7905,1.5383,0.732332,0.791327,0.1199,0.009166,0.709069,0.5568243282015137
1994/4/18 0:00,0.7903,1.54,0.734322,0.792519,0.119903,0.009179,0.709471,0.10663211323484983
1994/4/19 0:00,0.7906,1.5405,0.735294,0.792707,0.119895,0.009172,0.708466,0.5203839278939251
1994/4/20 0:00,0.7911,1.5414,0.734592,0.794281,0.119895,0.009132,0.708215,0.7397690575069243
1994/4/21 0:00,0.789,1.5462,0.733783,0.799041,0.11989,0.009137,0.714031,0.452429199918691
1994/4/22 0:00,0.7856,1.5529,0.732225,0.79968,0.119874,0.009134,0.708466,0.4195189377373227
1994/4/23 0:00,0.7872,1.5545,0.733407,0.80032,0.11988,0.009127,0.708466,0.30932357985029174
1994/4/24 0:00,0.7827,1.5583,0.733299,0.799169,0.119888,0.009083,0.707965,0.6843
1994/4/25 0:00,0.7813,1.5587,0.734754,0.798085,0.119903,0.009065,0.707314,0.35724678590452463
1994/4/26 0:00,0.796,1.5522,0.730834,0.789889,0.119904,0.009013,0.707214,0.688
1994/4/27 0:00,0.7934,1.553,0.729341,0.791452,0.119923,0.009014,0.706964,0.5684639366245011
1994/4/28 0:00,0.7922,1.5495,0.730194,0.792896,0.119944,0.009068,0.707464,0.6875
1994/4/29 0:00,0.7975,1.5504,0.73046,0.790826,0.11996,0.009076,0.707214,0.29170614156688346
1994/4/30 0:00,0.7982,1.5555,0.729714,0.795545,0.119962,0.009076,0.706065,0.6885
1994/5/1 0:00,0.7973,1.5525,0.730194,0.794913,0.119963,0.009034,0.704077,0.4347311328149953
1994/5/2 0:00,0.7948,1.55,0.730194,0.796242,0.119954,0.009054,0.704622,0.5101181687393908
1994/5/3 0:00,0.7912,1.5585,0.729022,0.819202,0.119831,0.009162,0.705965,0.516055481073392
1994/5/4 0:00,0.7875,1.5432,0.728544,0.825423,0.119829,0.009206,0.70497,0.3428878959726251
1994/5/5 0:00,0.792,1.5479,0.731101,0.823384,0.119837,0.009265,0.704722,0.49706806421240174
1994/5/6 0:00,0.7906,1.5466,0.731315,0.82203,0.119829,0.00924,0.705368,0.14475497670990434
1994/5/7 0:00,0.7917,1.5512,0.731208,0.828157,0.119847,0.009302,0.703977,0.46932186869021003
1994/5/8 0:00,0.7911,1.5515,0.729129,0.824402,0.119858,0.009252,0.705219,0.693
1994/5/9 0:00,0.7912,1.5525,0.728863,0.823859,0.119861,0.009234,0.705766,0.3208302548949509
1994/5/10 0:00,0.788,1.5572,0.728544,0.827815,0.119865,0.009227,0.706464,0.2469485266954746
1994/5/11 0:00,0.7873,1.5545,0.727484,0.825764,0.119884,0.009231,0.705716,0.4973045829836766
1994/5/12 0:00,0.7871,1.557,0.728651,0.828295,0.119888,0.009158,0.706215,0.4142494920201165
1994/5/13 0:00,0.7825,1.5558,0.727961,0.83091,0.119891,0.009252,0.707064,0.29178308562220107
1994/5/14 0:00,0.7735,1.5556,0.727431,0.834864,0.119894,0.009366,0.707714,0.4434701810808007
1994/5/15 0:00,0.7721,1.5572,0.729129,0.832778,0.119897,0.009368,0.707164,0.5156565797066663
1994/5/16 0:00,0.773,1.5418,0.727008,0.830565,0.119898,0.009341,0.706215,0.5593381352994902
1994/5/17 0:00,0.7729,1.5442,0.726903,0.831255,0.119904,0.009377,0.706215,0.35462802836735013
1994/5/18 0:00,0.7758,1.5375,0.727537,0.829944,0.119907,0.009353,0.705716,0.4181746603000065
1994/5/19 0:00,0.7772,1.5418,0.728757,0.826788,0.119911,0.009264,0.705716,0.2736956600247381
1994/5/20 0:00,0.7782,1.5497,0.728704,0.826241,0.119911,0.009247,0.705069,0.6873
1994/5/21 0:00,0.7785,1.549,0.728704,0.829876,0.119918,0.009249,0.706215,0.6882
1994/5/22 0:00,0.7776,1.5505,0.729129,0.832639,0.119924,0.009283,0.706714,0.4660777458401706
1994/5/23 0:00,0.7792,1.5499,0.727379,0.83382,0.119933,0.009295,0.707464,0.5779107941537102
1994/5/24 0:00,0.779,1.5483,0.727537,0.827815,0.119941,0.009264,0.707965,0.47965034973592374
1994/5/25 0:00,0.7827,1.5504,0.725953,0.829394,0.119944,0.009258,0.707814,0.6871
1994/5/26 0:00,0.7837,1.5468,0.727749,0.825627,0.119949,0.009263,0.709471,0.689
1994/5/27 0:00,0.79,1.5444,0.728067,0.828775,0.119953,0.00927,0.709069,0.689
1994/5/28 0:00,0.7862,1.5473,0.728067,0.82802,0.119954,0.009234,0.708868,0.36755776077266783
1994/5/29 0:00,0.7898,1.5497,0.727802,0.833056,0.119946,0.00923,0.708215,0.692
1994/5/30 0:00,0.791,1.5508,0.728969,0.828432,0.119949,0.00924,0.708215,0.27584713273556893
1994/5/31 0:00,0.7903,1.553,0.729927,0.833333,0.119946,0.009225,0.708968,0.40830661618505054
1994/6/1 0:00,0.7905,1.5553,0.729448,0.837872,0.119946,0.009285,0.709723,0.3955384769258944
1994/6/2 0:00,0.7868,1.553,0.731208,0.837731,0.119949,0.009278,0.709975,0.692
1994/6/3 0:00,0.7905,1.5593,0.731797,0.838364,0.119953,0.009222,0.711238,0.692
1994/6/4 0:00,0.791,1.5563,0.731743,0.834376,0.119956,0.009217,0.710328,0.5919828375427336
1994/6/5 0:00,0.791,1.5612,0.730727,0.832709,0.119957,0.0092,0.71048,0.4202097508862631
1994/6/6 0:00,0.792,1.5671,0.730034,0.827815,0.119962,0.009151,0.709975,0.6794259648470358
1994/6/7 0:00,0.7921,1.567,0.72998,0.829187,0.11996,0.009187,0.710227,0.3986776048726736
1994/6/8 0:00,0.7942,1.5667,0.729767,0.828363,0.119963,0.009167,0.710379,0.3814339177783508
1994/6/9 0:00,0.7975,1.5607,0.727961,0.82203,0.119966,0.009143,0.710732,0.6941
1994/6/10 0:00,0.8012,1.5582,0.728332,0.820681,0.119969,0.009158,0.710227,0.25806222518704497
1994/6/11 0:00,0.7991,1.5569,0.729395,0.810964,0.11997,0.009104,0.711238,0.42864808150965134
1994/6/12 0:00,0.8004,1.555,0.728969,0.811293,0.119972,0.00907,0.70922,0.48586459327170073
1994/6/13 0:00,0.796,1.5538,0.729395,0.806777,0.119973,0.009066,0.709471,0.6947
1994/6/14 0:00,0.7927,1.5544,0.729767,0.805607,0.119976,0.009055,0.709471,0.6955
1994/6/15 0:00,0.787,1.5566,0.729661,0.806842,0.119983,0.009079,0.708466,0.6945
1994/6/16 0:00,0.79,1.5545,0.729341,0.803213,0.119986,0.009059,0.708366,0.5402659544833704
1994/6/17 0:00,0.7886,1.5602,0.729076,0.804959,0.119989,0.009157,0.709975,0.48850721338106556
1994/6/18 0:00,0.7895,1.5515,0.729235,0.803859,0.119996,0.009142,0.71048,0.5124635693415601
1994/6/19 0:00,0.7903,1.5555,0.730994,0.806777,0.120005,0.009102,0.709975,0.509972241854067
1994/6/20 0:00,0.7918,1.5568,0.731797,0.810307,0.120013,0.009102,0.71053,0.46676806356310474
1994/6/21 0:00,0.7875,1.558,0.731048,0.807885,0.120016,0.009106,0.710076,0.3636602719779977
1994/6/22 0:00,0.7906,1.5633,0.731529,0.809127,0.120012,0.00906,0.709824,0.5921648469381223
1994/6/23 0:00,0.793,1.5613,0.731101,0.797766,0.120018,0.009054,0.709723,0.4015710314870538
1994/6/24 0:00,0.7911,1.563,0.733568,0.795862,0.120024,0.009021,0.710076,0.6996
1994/6/25 0:00,0.7912,1.5653,0.734214,0.796495,0.120024,0.008957,0.710227,0.41426046542828426
1994/6/26 0:00,0.7915,1.564,0.733999,0.79713,0.120024,0.008979,0.709723,0.6995
1994/6/27 0:00,0.795,1.5685,0.734214,0.79713,0.120024,0.008956,0.70922,0.331545403359047
1994/6/28 0:00,0.79,1.5661,0.734808,0.797575,0.120026,0.00897,0.70932,0.5046881419065825
1994/6/29 0:00,0.7895,1.5623,0.737844,0.795798,0.120038,0.008958,0.708617,0.6994
1994/6/30 0:00,0.7867,1.5635,0.738661,0.796052,0.120038,0.008987,0.708416,0.5035596654684895
1994/7/1 0:00,0.789,1.5631,0.738062,0.799488,0.120026,0.008984,0.708868,0.36858438036248686
1994/7/2 0:00,0.7894,1.5642,0.738116,0.797639,0.120041,0.008971,0.70922,0.3134053553292165
1994/7/3 0:00,0.79,1.5651,0.739864,0.798722,0.120049,0.008986,0.709471,0.5273201370792987
1994/7/4 0:00,0.7905,1.5755,0.739317,0.797003,0.120058,0.008956,0.709471,0.6932
1994/7/5 0:00,0.7907,1.5823,0.738607,0.788644,0.120075,0.008906,0.708215,0.6965
1994/7/6 0:00,0.7914,1.5835,0.737735,0.790014,0.120084,0.008917,0.707164,0.6215429028765328
1994/7/7 0:00,0.792,1.5863,0.739536,0.787712,0.120091,0.008911,0.707264,0.7002
1994/7/8 0:00,0.7962,1.5903,0.741125,0.786349,0.12008,0.008886,0.706914,0.7065
1994/7/9 0:00,0.7967,1.5916,0.742115,0.791139,0.120048,0.008868,0.706814,0.7131
1994/7/10 0:00,0.7957,1.5953,0.743605,0.790639,0.120048,0.008861,0.706364,0.7787845094136989
1994/7/11 0:00,0.7945,1.5968,0.744103,0.797067,0.120048,0.008852,0.705866,0.7102
1994/7/12 0:00,0.7927,1.5918,0.743108,0.795862,0.120048,0.008861,0.705816,0.7008
1994/7/13 0:00,0.7918,1.6062,0.743771,0.793651,0.120048,0.008824,0.706215,0.17655737677751399
1994/7/14 0:00,0.7904,1.6122,0.743605,0.794597,0.120048,0.008763,0.705567,0.20149635864348672
1994/7/15 0:00,0.7909,1.6099,0.743273,0.79713,0.120048,0.008763,0.707464,0.7055
1994/7/16 0:00,0.7918,1.6326,0.745323,0.798085,0.120048,0.008774,0.710076,0.7058
1994/7/17 0:00,0.793,1.6278,0.745768,0.792205,0.120048,0.008788,0.709824,0.3301119165235633
1994/7/18 0:00,0.7892,1.6358,0.749176,0.787402,0.12007,0.008828,0.709975,0.46098464347821977
1994/7/19 0:00,0.7868,1.6435,0.748559,0.786287,0.120078,0.008774,0.710631,0.5102972619272664
1994/7/20 0:00,0.787,1.645,0.750188,0.782595,0.120081,0.008755,0.709975,0.3883450491757945
1994/7/21 0:00,0.7921,1.64,0.751315,0.782228,0.120084,0.008773,0.710227,0.4028886115579041
1994/7/22 0:00,0.783,1.6475,0.750638,0.789266,0.120087,0.008965,0.713114,0.43934984656500287
1994/7/23 0:00,0.7885,1.647,0.750751,0.789889,0.120091,0.008958,0.714286,0.28035722281943115
1994/7/24 0:00,0.7894,1.647,0.748951,0.791452,0.120096,0.008969,0.713776,0.5824940488771164
1994/7/25 0:00,0.7876,1.655,0.749794,0.788395,0.120075,0.008976,0.713419,0.71
1994/7/26 0:00,0.7905,1.6653,0.749457,0.784621,0.120057,0.008986,0.714184,0.4154463520816511
1994/7/27 0:00,0.79,1.6646,0.748055,0.781739,0.120048,0.008985,0.714541,0.7058
1994/7/28 0:00,0.7916,1.67,0.745212,0.789079,0.120045,0.008984,0.714541,0.3915849750444797
1994/7/29 0:00,0.794,1.676,0.744823,0.787092,0.120045,0.008965,0.714286,0.5773364377785393
1994/7/30 0:00,0.7995,1.678,0.745156,0.790326,0.120047,0.008989,0.713267,0.14156821049631352
1994/7/31 0:00,0.811,1.6887,0.746659,0.789453,0.120032,0.008975,0.713521,0.5392335716892288
1994/8/1 0:00,0.812,1.68,0.746659,0.787712,0.120024,0.008976,0.713521,0.7148
1994/8/2 0:00,0.8116,1.6695,0.745545,0.777303,0.120024,0.008874,0.713419,0.7123
1994/8/3 0:00,0.8113,1.673,0.74499,0.774893,0.120031,0.008876,0.713674,0.7088
1994/8/4 0:00,0.8111,1.676,0.742611,0.773754,0.120034,0.008824,0.713521,0.7082
1994/8/5 0:00,0.8137,1.682,0.741345,0.767283,0.120031,0.008781,0.712962,0.5471292812550591
1994/8/6 0:00,0.818,1.684,0.739919,0.761035,0.120031,0.008787,0.713776,0.7113
1994/8/7 0:00,0.797,1.642,0.74151,0.752729,0.120032,0.008804,0.712504,0.5645164820707095
1994/8/8 0:00,0.798,1.6387,0.739372,0.755858,0.120029,0.008839,0.712758,0.712
1994/8/9 0:00,0.798,1.6268,0.736106,0.761151,0.120029,0.008901,0.713878,0.49029062468058066
1994/8/10 0:00,0.7961,1.6415,0.735564,0.760167,0.120045,0.008862,0.714031,0.4296355129523163
1994/8/11 0:00,0.8031,1.6475,0.737735,0.753693,0.120054,0.008828,0.713521,0.22051001708783116
1994/8/12 0:00,0.8018,1.6505,0.736974,0.753296,0.120057,0.008828,0.714184,0.6985
1994/8/13 0:00,0.792,1.658,0.733945,0.763068,0.12006,0.008857,0.714796,0.35862450491814907
1994/8/14 0:00,0.7925,1.657,0.736974,0.761035,0.120055,0.008807,0.714541,0.7006
1994/8/15 0:00,0.7915,1.6603,0.733945,0.759474,0.120062,0.008787,0.714286,0.23694438392169967
1994/8/16 0:00,0.793,1.6622,0.731957,0.75358,0.120068,0.008754,0.714133,0.3479446252968081
1994/8/17 0:00,0.7959,1.672,0.731797,0.757002,0.120073,0.0088,0.714031,0.4995350638790621
1994/8/18 0:00,0.7905,1.6722,0.731475,0.750638,0.120078,0.008799,0.714745,0.4637447432658495
1994/8/19 0:00,0.794,1.6525,0.730727,0.747943,0.120084,0.008772,0.714541,0.33789898655931644
1994/8/20 0:00,0.7943,1.667,0.731261,0.750469,0.120091,0.008753,0.714388,0.7083
1994/8/21 0:00,0.797,1.6715,0.731261,0.747664,0.120081,0.008763,0.713776,0.36558945654078623
1994/8/22 0:00,0.796,1.6715,0.732225,0.743494,0.120077,0.008734,0.719166,0.38381535088046065
1994/8/23 0:00,0.795,1.6726,0.733299,0.743329,0.120081,0.008702,0.714643,0.706
1994/8/24 0:00,0.795,1.6917,0.730087,0.740576,0.120074,0.008611,0.714286,0.26683447053309367
1994/8/25 0:00,0.7957,1.6908,0.730834,0.739919,0.120074,0.00863,0.714133,0.7055
1994/8/26 0:00,0.7944,1.7123,0.730087,0.746826,0.120071,0.008638,0.714541,0.3675109922548331
1994/8/27 0:00,0.7895,1.687,0.728014,0.744602,0.120073,0.008659,0.714796,0.49765583598197255
1994/8/28 0:00,0.7914,1.69,0.727696,0.735998,0.120073,0.008596,0.712758,0.7075
1994/8/29 0:00,0.7882,1.685,0.730674,0.736323,0.120077,0.008636,0.711086,0.40656629790029664
1994/8/30 0:00,0.7891,1.695,0.73692,0.738552,0.120083,0.00867,0.712251,0.6561946427712317
1994/8/31 0:00,0.7796,1.6871,0.738934,0.732601,0.120088,0.008631,0.711491,0.29183129616102477
1994/9/1 0:00,0.778,1.6945,0.739536,0.730834,0.120094,0.008607,0.711389,0.7065
1994/9/2 0:00,0.7818,1.6814,0.74184,0.726322,0.120096,0.008613,0.711491,0.45808133883302726
1994/9/3 0:00,0.7783,1.6713,0.74129,0.725163,0.120097,0.00859,0.711997,0.7035
1994/9/4 0:00,0.781,1.6695,0.740466,0.72648,0.1201,0.008554,0.711642,0.20342814361916411
1994/9/5 0:00,0.7767,1.6785,0.745101,0.727908,0.120103,0.00853,0.711491,0.7037
1994/9/6 0:00,0.7791,1.6762,0.746714,0.726111,0.120109,0.008581,0.712504,0.7064
1994/9/7 0:00,0.78,1.6602,0.746324,0.717103,0.120111,0.008539,0.711339,0.454272411670264
1994/9/8 0:00,0.7774,1.6632,0.747105,0.706964,0.120113,0.008489,0.710732,0.7041
1994/9/9 0:00,0.7756,1.6534,0.748671,0.700624,0.120114,0.008409,0.709975,0.30154146958245026
1994/9/10 0:00,0.7716,1.6285,0.745323,0.702741,0.120114,0.008358,0.709975,0.4149494046017567
1994/9/11 0:00,0.772,1.6283,0.74151,0.710177,0.120119,0.008399,0.710227,0.45243902004353964
1994/9/12 0:00,0.7722,1.624,0.743882,0.702938,0.120123,0.008372,0.710227,0.4084835866099141
1994/9/13 0:00,0.769,1.6155,0.745879,0.699741,0.120129,0.008252,0.708968,0.6874
1994/9/14 0:00,0.77,1.6207,0.743218,0.701508,0.120135,0.008198,0.710581,0.6883
1994/9/15 0:00,0.7657,1.6183,0.74173,0.702938,0.120137,0.008227,0.710227,0.69
1994/9/16 0:00,0.7625,1.6012,0.74217,0.704722,0.120143,0.008247,0.710227,0.32898391519054626
1994/9/17 0:00,0.767,1.6135,0.74438,0.703977,0.120148,0.008218,0.709723,0.6882
1994/9/18 0:00,0.763,1.6207,0.744546,0.701262,0.120153,0.008174,0.709723,0.6898
1994/9/19 0:00,0.7613,1.638,0.744602,0.700035,0.120156,0.008091,0.707214,0.5225367840959135
1994/9/20 0:00,0.7648,1.6355,0.74162,0.701508,0.120169,0.008076,0.707464,0.5961728737849658
1994/9/21 0:00,0.7611,1.6228,0.741125,0.692137,0.120169,0.00803,0.706964,0.6835
1994/9/22 0:00,0.7572,1.639,0.739754,0.701016,0.120169,0.008147,0.709723,0.25780012198290914
1994/9/23 0:00,0.7583,1.644,0.737572,0.697107,0.120169,0.008119,0.706314,0.5233101553004507
1994/9/24 0:00,0.759,1.6338,0.737626,0.690465,0.120192,0.008063,0.705965,0.34758212836234853
1994/9/25 0:00,0.7676,1.623,0.739044,0.688184,0.120161,0.008042,0.704871,0.6946
1994/9/26 0:00,0.7655,1.6207,0.740631,0.683434,0.120156,0.008061,0.705467,0.43330069154595036
1994/9/27 0:00,0.7653,1.6022,0.736648,0.680041,0.120162,0.00807,0.701115,0.6894
1994/9/28 0:00,0.7663,1.6138,0.735835,0.671727,0.120137,0.008045,0.699545,0.181765270639152
1994/9/29 0:00,0.7702,1.6107,0.735456,0.677186,0.120136,0.008141,0.702001,0.5842783861568568
1994/9/30 0:00,0.777,1.6155,0.733945,0.679117,0.120133,0.008112,0.702247,0.694
1994/10/1 0:00,0.777,1.6333,0.734053,0.687002,0.120137,0.008185,0.703482,0.697
1994/10/2 0:00,0.7768,1.6323,0.734646,0.682967,0.120192,0.008201,0.702099,0.347307222880881
1994/10/3 0:00,0.7742,1.633,0.732064,0.676911,0.120123,0.008203,0.700035,0.6942
1994/10/4 0:00,0.7778,1.6265,0.731475,0.67659,0.120123,0.008278,0.701508,0.6908
1994/10/5 0:00,0.7765,1.6287,0.731529,0.678656,0.120114,0.008276,0.701262,0.4022275075557244
1994/10/6 0:00,0.7863,1.6175,0.731261,0.677048,0.120106,0.008254,0.701361,0.7007
1994/10/7 0:00,0.7894,1.6155,0.729927,0.672405,0.120116,0.0082,0.701016,0.22727028852063336
1994/10/8 0:00,0.7841,1.6117,0.730834,0.675128,0.12012,0.00823,0.70028,0.48786446533181294
1994/10/9 0:00,0.7873,1.6131,0.732654,0.672948,0.12011,0.008245,0.698568,0.39015653198983613
1994/10/10 0:00,0.788,1.6032,0.730994,0.67331,0.12011,0.008205,0.697204,0.524580891699723
1994/10/11 0:00,0.7875,1.6005,0.729395,0.678794,0.120116,0.008217,0.697691,0.7026
1994/10/12 0:00,0.7927,1.6058,0.731689,0.679071,0.120117,0.008212,0.697593,0.5264334772164979
1994/10/13 0:00,0.794,1.5932,0.733138,0.682314,0.120116,0.008151,0.697253,0.704
1994/10/14 0:00,0.7923,1.5965,0.733514,0.682967,0.120113,0.008114,0.696718,0.6995
1994/10/15 0:00,0.7978,1.6022,0.733353,0.685777,0.120113,0.0081,0.697593,0.3632550834932546
1994/10/16 0:00,0.7935,1.59,0.730247,0.685636,0.120109,0.008087,0.697058,0.33268079560521624
1994/10/17 0:00,0.786,1.589,0.727484,0.694686,0.120109,0.008167,0.695652,0.5103501727697498
1994/10/18 0:00,0.786,1.5968,0.725163,0.691133,0.120107,0.008143,0.694444,0.6163380339123177
1994/10/19 0:00,0.7871,1.5948,0.7249,0.689941,0.120107,0.008091,0.690751,0.5713967632632738
1994/10/20 0:00,0.7841,1.6015,0.724533,0.685166,0.120111,0.008142,0.691181,0.38643822482379275
1994/10/21 0:00,0.787,1.6171,0.725689,0.686625,0.120111,0.008135,0.694927,0.6974
1994/10/22 0:00,0.7817,1.6172,0.725742,0.681431,0.120094,0.008071,0.693337,0.3795940023044621
1994/10/23 0:00,0.783,1.6276,0.727484,0.682547,0.120097,0.00805,0.688705,0.6934
1994/10/24 0:00,0.7816,1.6312,0.726216,0.690131,0.1201,0.008087,0.691228,0.6247441118050365
1994/10/25 0:00,0.7835,1.6315,0.724113,0.689417,0.1201,0.008071,0.691085,0.3615575712402806
1994/10/26 0:00,0.784,1.6448,0.722804,0.695265,0.120113,0.008083,0.692281,0.3291174335619392
1994/10/27 0:00,0.7876,1.6485,0.721241,0.693145,0.120116,0.00815,0.69483,0.5298862791449255
1994/10/28 0:00,0.7845,1.6425,0.720617,0.692281,0.120101,0.008149,0.693963,0.5639600874176066
1994/10/29 0:00,0.779,1.646,0.720098,0.697593,0.120093,0.008143,0.69735,0.35553822805041324
1994/10/30 0:00,0.7755,1.6389,0.718236,0.693385,0.120094,0.008047,0.695894,0.4420559929230633
1994/10/31 0:00,0.7762,1.6277,0.719735,0.682687,0.120097,0.007957,0.69377,0.34760189467169095
1994/11/1 0:00,0.781,1.6233,0.720461,0.680643,0.120097,0.007931,0.693722,0.32319755351331175
1994/11/2 0:00,0.7838,1.622,0.720357,0.677048,0.120098,0.007883,0.693337,0.2873967209769866
1994/11/3 0:00,0.7814,1.623,0.718597,0.680087,0.120098,0.00794,0.695314,0.5728768271416206
1994/11/4 0:00,0.786,1.6245,0.715512,0.682128,0.120093,0.007934,0.694059,0.34098071170800076
1994/11/5 0:00,0.779,1.6225,0.715052,0.680782,0.120098,0.007906,0.693481,0.4957985027684107
1994/11/6 0:00,0.7755,1.6255,0.715973,0.680596,0.120104,0.007915,0.692761,0.4863793030495888
1994/11/7 0:00,0.7716,1.6225,0.71541,0.679579,0.120111,0.007952,0.693722,0.33960427505083585
1994/11/8 0:00,0.7735,1.631,0.715564,0.680735,0.120119,0.007933,0.693818,0.4226556959849283
1994/11/9 0:00,0.774,1.6315,0.714592,0.685448,0.120119,0.007944,0.693963,0.48065068634670977
1994/11/10 0:00,0.776,1.6353,0.71541,0.689845,0.120123,0.007958,0.694541,0.6093070653690303
1994/11/11 0:00,0.778,1.6362,0.716486,0.685119,0.120122,0.007921,0.692521,0.6938
1994/11/12 0:00,0.7765,1.6213,0.717257,0.683807,0.120126,0.007926,0.692281,0.6928
1994/11/13 0:00,0.7755,1.625,0.717978,0.684229,0.120123,0.007939,0.692473,0.4377895670000288
1994/11/14 0:00,0.7768,1.6235,0.716025,0.680735,0.12013,0.007944,0.693097,0.6317274689955272
1994/11/15 0:00,0.7797,1.6232,0.714541,0.680735,0.120122,0.007894,0.692041,0.6949
1994/11/16 0:00,0.7804,1.6312,0.715359,0.681756,0.120122,0.007886,0.692281,0.5498594336560042
1994/11/17 0:00,0.7795,1.62,0.715768,0.678196,0.120127,0.007872,0.690608,0.2499233530457803
1994/11/18 0:00,0.7845,1.6238,0.719683,0.680967,0.120127,0.007896,0.691419,0.689
1994/11/19 0:00,0.784,1.6215,0.722909,0.680272,0.120127,0.007901,0.690846,0.6905
1994/11/20 0:00,0.78,1.62,0.723956,0.67838,0.120124,0.007893,0.691563,0.3651794315939768
1994/11/21 0:00,0.7772,1.6375,0.725637,0.684229,0.12013,0.007971,0.691563,0.687
1994/11/22 0:00,0.7764,1.6364,0.723746,0.683948,0.120137,0.007994,0.691324,0.34932201640490496
1994/11/23 0:00,0.78,1.62,0.722804,0.692521,0.120143,0.008074,0.692761,0.6858
1994/11/24 0:00,0.7784,1.621,0.718907,0.702741,0.120148,0.008283,0.693963,0.6877
1994/11/25 0:00,0.7787,1.6235,0.719424,0.695169,0.120149,0.008407,0.696864,0.5011982151240229
1994/11/26 0:00,0.7767,1.6319,0.721397,0.695604,0.120152,0.008421,0.696136,0.3658776715147503
1994/11/27 0:00,0.778,1.64,0.721709,0.694686,0.120156,0.008451,0.696621,0.33021129890775625
1994/11/28 0:00,0.7765,1.6385,0.725111,0.696621,0.120162,0.0086,0.696961,0.33609055416796246
1994/11/29 0:00,0.7748,1.6335,0.729661,0.703977,0.120166,0.008663,0.69808,0.693
1994/11/30 0:00,0.7743,1.638,0.728863,0.699888,0.120159,0.008617,0.697107,0.6385953997798984
1994/12/1 0:00,0.7742,1.6438,0.727273,0.71048,0.120165,0.008787,0.699056,0.692
1994/12/2 0:00,0.784,1.6465,0.731689,0.711238,0.120162,0.008766,0.698812,0.25836905807545557
1994/12/3 0:00,0.7795,1.6235,0.729022,0.706964,0.120159,0.008624,0.698568,0.32233219917648476
1994/12/4 0:00,0.765,1.6324,0.72722,0.711845,0.120159,0.008636,0.698812,0.6681708070933257
1994/12/5 0:00,0.764,1.629,0.723432,0.705965,0.120169,0.008587,0.698812,0.6908
1994/12/6 0:00,0.7635,1.6382,0.722387,0.706115,0.120158,0.008657,0.699301,0.2918694672783619
1994/12/7 0:00,0.7644,1.6405,0.723746,0.708215,0.120158,0.008605,0.69891,0.5834474102787851
1994/12/8 0:00,0.763,1.636,0.724743,0.706964,0.120162,0.008591,0.69891,0.5392814354424365
1994/12/9 0:00,0.758,1.6343,0.725637,0.700035,0.120168,0.008566,0.698324,0.5371167782914491
1994/12/10 0:00,0.7603,1.6342,0.727802,0.695265,0.120165,0.00861,0.698324,0.6885
1994/12/11 0:00,0.7587,1.6272,0.726744,0.69056,0.120171,0.008598,0.699056,0.33847530413523264
1994/12/12 0:00,0.761,1.6328,0.726533,0.690512,0.120162,0.008645,0.69979,0.33468789430255247
1994/12/13 0:00,0.7608,1.628,0.722543,0.687758,0.120146,0.008666,0.700035,0.6885
1994/12/14 0:00,0.7614,1.6355,0.721241,0.695555,0.120159,0.008879,0.70497,0.4681141332924812
1994/12/15 0:00,0.7616,1.6382,0.721397,0.692281,0.120161,0.008881,0.704225,0.6915
1994/12/16 0:00,0.7579,1.637,0.720981,0.695652,0.120159,0.008975,0.704722,0.48804815797274065
1994/12/17 0:00,0.7524,1.6352,0.723327,0.693818,0.120142,0.008773,0.702494,0.6907
1994/12/18 0:00,0.7513,1.637,0.724428,0.694203,0.120149,0.008811,0.699741,0.6895
1994/12/19 0:00,0.7485,1.6357,0.722282,0.693674,0.120148,0.008811,0.701262,0.7193616631965842
1994/12/20 0:00,0.75,1.6385,0.721501,0.691324,0.120152,0.008822,0.700771,0.5746874482288667
1994/12/21 0:00,0.7505,1.6384,0.720825,0.690703,0.120156,0.008811,0.701262,0.5903566564295907
1994/12/22 0:00,0.7497,1.648,0.720357,0.696233,0.120171,0.008765,0.701262,0.31443575069672614
1994/12/23 0:00,0.7525,1.6537,0.718133,0.694493,0.120171,0.008724,0.700771,0.39566225981956615
1994/12/24 0:00,0.752,1.6688,0.719683,0.697934,0.120169,0.008673,0.698568,0.597845226590871
1994/12/25 0:00,0.7508,1.6643,0.718597,0.694782,0.120172,0.008711,0.699301,0.33448398761725295
1994/12/26 0:00,0.7513,1.6625,0.716949,0.695265,0.120178,0.008776,0.701115,0.4244531044316572
1994/12/27 0:00,0.7495,1.666,0.723746,0.695314,0.120178,0.008832,0.700771,0.6872
1994/12/28 0:00,0.7455,1.662,0.723851,0.689845,0.120062,0.008721,0.699301,0.2219659370828073
1994/12/29 0:00,0.755,1.665,0.724113,0.68465,0.120182,0.008725,0.699203,0.38417609994674473
1994/12/30 0:00,0.7529,1.6574,0.72448,0.685401,0.120181,0.008701,0.699937,0.5858637602848858
1994/12/31 0:00,0.7525,1.667,0.726216,0.679394,0.120178,0.008732,0.699203,0.2312170181474687
1995/1/1 0:00,0.7537,1.6885,0.728014,0.682128,0.120172,0.008814,0.698324,0.4368106402354876
1995/1/2 0:00,0.7435,1.687,0.726639,0.685401,0.120166,0.008881,0.696476,0.33216213435653835
1995/1/3 0:00,0.747,1.6885,0.727537,0.682361,0.120165,0.008868,0.695169,0.30991555956898537
1995/1/4 0:00,0.745,1.684,0.728332,0.684838,0.120163,0.008852,0.695797,0.5298007054645258
1995/1/5 0:00,0.743,1.6881,0.728014,0.68975,0.120174,0.008843,0.698959,0.3290422664161156
1995/1/6 0:00,0.7404,1.6935,0.729661,0.684885,0.120184,0.008781,0.694686,0.45414618485389824
1995/1/7 0:00,0.736,1.6882,0.73046,0.679348,0.120178,0.00879,0.693481,0.6655
1995/1/8 0:00,0.7343,1.6765,0.729501,0.675539,0.120169,0.00863,0.692857,0.5377323648553826
1995/1/9 0:00,0.7355,1.6745,0.728014,0.674218,0.120165,0.0086,0.690131,0.4525352618417033
1995/1/10 0:00,0.7357,1.675,0.725637,0.674992,0.120178,0.008611,0.685401,0.5092552704617018
1995/1/11 0:00,0.743,1.6761,0.727484,0.678887,0.120171,0.008661,0.680643,0.17342534928681036
1995/1/12 0:00,0.741,1.6776,0.727484,0.677736,0.120176,0.00863,0.683293,0.3923221936186557
1995/1/13 0:00,0.7396,1.6744,0.723694,0.671141,0.120179,0.008645,0.684932,0.39204109873059934
1995/1/14 0:00,0.7366,1.6779,0.724008,0.673854,0.120179,0.008632,0.68157,0.6497
1995/1/15 0:00,0.7375,1.6729,0.722961,0.666889,0.120181,0.008624,0.677277,0.653
1995/1/16 0:00,0.7372,1.6628,0.722126,0.660066,0.120185,0.008565,0.677736,0.6525
1995/1/17 0:00,0.7345,1.6292,0.721241,0.657895,0.120478,0.008492,0.681663,0.5118359261330832
1995/1/18 0:00,0.745,1.6275,0.721761,0.659196,0.120608,0.008475,0.683293,0.6495
1995/1/19 0:00,0.7447,1.621,0.723956,0.660066,0.120611,0.008451,0.681896,0.4656286717801719
1995/1/20 0:00,0.7451,1.6388,0.723589,0.660284,0.120608,0.008448,0.67981,0.46436550444931257
1995/1/21 0:00,0.7393,1.6348,0.719891,0.655308,0.120188,0.008441,0.677966,0.4279684536020889
1995/1/22 0:00,0.7385,1.6283,0.724743,0.655523,0.120185,0.00845,0.681663,0.25316947244248367
1995/1/23 0:00,0.7392,1.625,0.723851,0.651042,0.120188,0.008385,0.678887,0.20183708811136786
1995/1/24 0:00,0.736,1.6008,0.720929,0.652869,0.120192,0.008428,0.67981,0.6975996335737946
1995/1/25 0:00,0.7333,1.5875,0.720721,0.653808,0.120188,0.008446,0.678656,0.5729399969072385
1995/1/26 0:00,0.7337,1.585,0.717978,0.66357,0.120197,0.008673,0.675219,0.6373
1995/1/27 0:00,0.7368,1.5902,0.71772,0.656599,0.120198,0.008632,0.673718,0.465580833390787
1995/1/28 0:00,0.7381,1.5775,0.717772,0.654236,0.120205,0.008605,0.662471,0.5563082596026693
1995/1/29 0:00,0.7445,1.5825,0.718081,0.662208,0.120314,0.008637,0.664011,0.4544084605705746
1995/1/30 0:00,0.7427,1.5865,0.719062,0.658111,0.120202,0.008493,0.658111,0.26230847908618693
1995/1/31 0:00,0.7428,1.609,0.719269,0.664231,0.120309,0.008489,0.659196,0.6421
1995/2/1 0:00,0.7387,1.6088,0.720098,0.661376,0.120214,0.008488,0.658979,0.4755984195975725
1995/2/2 0:00,0.7415,1.6035,0.716794,0.659413,0.120207,0.008442,0.661594,0.30440102572399735
1995/2/3 0:00,0.7422,1.5923,0.717412,0.654879,0.120192,0.008469,0.66357,0.38144801284282526
1995/2/4 0:00,0.7483,1.5905,0.716589,0.659413,0.120205,0.00849,0.667557,0.3243623609070209
1995/2/5 0:00,0.7482,1.6081,0.716949,0.667646,0.120207,0.008528,0.669031,0.2451568989011452
1995/2/6 0:00,0.7463,1.6052,0.718546,0.666844,0.120207,0.008422,0.669344,0.6465
1995/2/7 0:00,0.7465,1.6121,0.716794,0.672269,0.120207,0.008452,0.669344,0.5958023183328897
1995/2/8 0:00,0.74,1.6103,0.718546,0.668226,0.120204,0.008412,0.659196,0.2690580656256101
1995/2/9 0:00,0.7365,1.6158,0.720565,0.674172,0.120214,0.008421,0.655093,0.5543941470338933
1995/2/10 0:00,0.7345,1.6203,0.719942,0.671637,0.120215,0.008288,0.660066,0.6385
1995/2/11 0:00,0.7265,1.5897,0.722282,0.664011,0.120217,0.008227,0.659631,0.27557628845101173
1995/2/12 0:00,0.7258,1.5846,0.7227,0.667289,0.120208,0.008262,0.658979,0.5573583740637424
1995/2/13 0:00,0.7321,1.5855,0.721605,0.668003,0.120205,0.008284,0.658328,0.21819259255025325
1995/2/14 0:00,0.7308,1.592,0.72338,0.677828,0.120215,0.008258,0.660066,0.6361
1995/2/15 0:00,0.73,1.5882,0.722282,0.671817,0.12022,0.0084,0.665336,0.4270754070648411
1995/2/16 0:00,0.727,1.589,0.721917,0.676865,0.120211,0.008385,0.66357,0.2297750896604518
1995/2/17 0:00,0.72,1.5968,0.718391,0.67981,0.120208,0.008363,0.661376,0.48504296548674686
1995/2/18 0:00,0.7215,1.6085,0.717618,0.682035,0.12022,0.008269,0.660939,0.5048353483729014
1995/2/19 0:00,0.7199,1.6042,0.718288,0.689941,0.12022,0.008306,0.66313,0.6749950332116446
1995/2/20 0:00,0.7165,1.5941,0.718701,0.690608,0.120234,0.008258,0.661813,0.34959838419284295
1995/2/21 0:00,0.7163,1.5985,0.720046,0.68526,0.120228,0.008265,0.659413,0.26684107499915727
1995/2/22 0:00,0.7165,1.6137,0.718856,0.681896,0.120231,0.008198,0.658545,0.40242171547009437
1995/2/23 0:00,0.7203,1.6112,0.719321,0.685495,0.120244,0.008201,0.658762,0.47518766206791185
1995/2/24 0:00,0.7195,1.6025,0.719942,0.679071,0.120252,0.00818,0.654236,0.42704814081074965
1995/2/25 0:00,0.7195,1.6115,0.719269,0.678196,0.120259,0.008228,0.660502,0.636
1995/2/26 0:00,0.7206,1.6103,0.720721,0.684885,0.120263,0.008306,0.660502,0.7780845774662015
1995/2/27 0:00,0.7255,1.6279,0.722439,0.685965,0.120265,0.008244,0.657678,0.6413
1995/2/28 0:00,0.7227,1.61,0.722596,0.688231,0.120265,0.008273,0.655523,0.4364496866913972
1995/3/1 0:00,0.719,1.6142,0.722126,0.68918,0.120262,0.008264,0.653808,0.45580780388144887
1995/3/2 0:00,0.725,1.6117,0.72338,0.68738,0.120266,0.008284,0.653381,0.6398
1995/3/3 0:00,0.728,1.6145,0.725111,0.68451,0.120266,0.008278,0.651466,0.32158407908700826
1995/3/4 0:00,0.7283,1.6135,0.727431,0.686813,0.120266,0.00821,0.652316,0.6427
1995/3/5 0:00,0.7275,1.613,0.729235,0.690084,0.120266,0.008201,0.648088,0.2069523184905806
1995/3/6 0:00,0.7235,1.613,0.728969,0.688658,0.120272,0.008201,0.64612,0.637
1995/3/7 0:00,0.725,1.6195,0.728332,0.692041,0.120272,0.008196,0.641026,0.281907594490131
1995/3/8 0:00,0.7285,1.6208,0.728491,0.691802,0.120337,0.008258,0.64288,0.4146827073273794
1995/3/9 0:00,0.7356,1.6245,0.727431,0.686766,0.120278,0.008252,0.652742,0.4559361804414536
1995/3/10 0:00,0.736,1.6207,0.7249,0.686248,0.120286,0.008324,0.650195,0.40326465802275124
1995/3/11 0:00,0.7364,1.6197,0.723275,0.684229,0.120291,0.008214,0.647878,0.49932979186013615
1995/3/12 0:00,0.7325,1.6235,0.721241,0.685871,0.12028,0.008243,0.645369,0.3966022896412701
1995/3/13 0:00,0.7386,1.6187,0.720981,0.686907,0.120276,0.008342,0.645995,0.645
1995/3/14 0:00,0.7325,1.6145,0.721501,0.677736,0.12028,0.00832,0.64288,0.30304426886448704
1995/3/15 0:00,0.7295,1.6297,0.722022,0.678794,0.120286,0.008237,0.637959,0.641
1995/3/16 0:00,0.723,1.6338,0.719942,0.671817,0.120291,0.008288,0.633714,0.423103953861642
1995/3/17 0:00,0.706,1.6338,0.718649,0.675995,0.120337,0.008284,0.629327,0.5484246083429545
1995/3/18 0:00,0.7015,1.6317,0.719683,0.680967,0.120285,0.008219,0.635122,0.5335901191061536
1995/3/19 0:00,0.7,1.6347,0.718391,0.683247,0.120289,0.008215,0.632511,0.531908291212128
1995/3/20 0:00,0.691,1.6548,0.715256,0.687191,0.120288,0.008205,0.633834,0.6233
1995/3/21 0:00,0.7025,1.6756,0.709723,0.708466,0.120294,0.008354,0.63593,0.627
1995/3/22 0:00,0.704,1.6721,0.713521,0.705318,0.120291,0.008297,0.633312,0.45758680397748136
1995/3/23 0:00,0.7008,1.6655,0.71048,0.711288,0.120285,0.008286,0.632511,0.38483325906042914
1995/3/24 0:00,0.703,1.6786,0.70927,0.714541,0.120288,0.008306,0.635526,0.4308798755748284
1995/3/25 0:00,0.712,1.6763,0.710985,0.707514,0.120295,0.008262,0.647459,0.32306005170392754
1995/3/26 0:00,0.7045,1.6832,0.712301,0.710732,0.120299,0.008208,0.640615,0.5462651156241186
1995/3/27 0:00,0.703,1.6775,0.714031,0.710581,0.120305,0.008159,0.636537,0.625
1995/3/28 0:00,0.6978,1.692,0.713012,0.711744,0.120308,0.00812,0.635324,0.3324081336231138
1995/3/29 0:00,0.694,1.6905,0.709471,0.716435,0.120312,0.008066,0.63674,0.6713571437158109
1995/3/30 0:00,0.697,1.6893,0.710682,0.718804,0.120318,0.008055,0.63593,0.582796714735594
1995/3/31 0:00,0.6935,1.7035,0.709723,0.714388,0.120325,0.00793,0.632911,0.2205101401471456
1995/4/1 0:00,0.6962,1.701,0.710126,0.715564,0.12033,0.007941,0.633513,0.34286209877422597
1995/4/2 0:00,0.696,1.6931,0.707864,0.710985,0.120328,0.007888,0.631114,0.5863966012765317
1995/4/3 0:00,0.6989,1.6931,0.706764,0.709421,0.12033,0.007946,0.631712,0.6274
1995/4/4 0:00,0.699,1.6955,0.706964,0.712504,0.120331,0.007946,0.628931,0.5425649568690619
1995/4/5 0:00,0.6892,1.6911,0.706464,0.712099,0.120333,0.00786,0.62422,0.5199927380201851
1995/4/6 0:00,0.6882,1.6925,0.70373,0.710076,0.120333,0.007886,0.624415,0.31837961236439893
1995/4/7 0:00,0.699,1.6892,0.705716,0.705119,0.120334,0.007946,0.632311,0.6255
1995/4/8 0:00,0.6938,1.69,0.70373,0.711491,0.120336,0.00787,0.628141,0.6233
1995/4/9 0:00,0.6865,1.6805,0.705219,0.710581,0.120337,0.007846,0.626174,0.3102026210074923
1995/4/10 0:00,0.6835,1.6735,0.702001,0.705219,0.120336,0.007843,0.626174,0.6182
1995/4/11 0:00,0.6825,1.6885,0.702001,0.701508,0.120343,0.007828,0.626959,0.31946555665110216
1995/4/12 0:00,0.677,1.6825,0.702001,0.697837,0.120343,0.007743,0.62461,0.6092
1995/4/13 0:00,0.677,1.6817,0.703334,0.697788,0.120338,0.007766,0.621697,0.6067
1995/4/14 0:00,0.676,1.684,0.705219,0.700035,0.120336,0.007769,0.619771,0.30415045372917426
1995/4/15 0:00,0.6732,1.6705,0.702889,0.69891,0.120337,0.007728,0.619579,0.6027
1995/4/16 0:00,0.6712,1.6585,0.702741,0.694927,0.120337,0.00768,0.618429,0.6328388944967221
1995/4/17 0:00,0.6705,1.6472,0.703087,0.688468,0.120337,0.007663,0.61862,0.31440377418741106
1995/4/18 0:00,0.6675,1.6528,0.703037,0.686342,0.120337,0.007704,0.615006,0.34217874958273614
1995/4/19 0:00,0.6665,1.6495,0.702149,0.691563,0.120337,0.007747,0.617475,0.4999836654240536
1995/4/20 0:00,0.666,1.6552,0.702198,0.697593,0.120343,0.007697,0.61237,0.128562251613049
1995/4/21 0:00,0.663,1.6501,0.703829,0.697691,0.120347,0.007649,0.603136,0.348264635003213
1995/4/22 0:00,0.6566,1.6333,0.703631,0.699056,0.120337,0.007629,0.59453,0.3326321216089355
1995/4/23 0:00,0.649,1.6326,0.702395,0.693722,0.120337,0.007641,0.586166,0.44064178260742803
1995/4/24 0:00,0.6605,1.6507,0.70279,0.697204,0.120337,0.007874,0.594177,0.28292691246168433
1995/4/25 0:00,0.6565,1.6635,0.702001,0.694734,0.120337,0.00778,0.599161,0.5843
1995/4/26 0:00,0.653,1.6684,0.697934,0.700378,0.120337,0.007746,0.598265,0.49349128683007526
1995/4/27 0:00,0.6523,1.6617,0.697107,0.69541,0.120337,0.00767,0.596837,0.5788
1995/4/28 0:00,0.6565,1.668,0.696185,0.697447,0.120337,0.007692,0.597907,0.39895049779721176
1995/4/29 0:00,0.6558,1.6675,0.696621,0.697058,0.120337,0.007689,0.59952,0.5848
1995/4/30 0:00,0.6559,1.6695,0.696573,0.697253,0.120347,0.007675,0.597729,0.5513285691666873
1995/5/1 0:00,0.654,1.6683,0.694541,0.690894,0.120337,0.007689,0.598802,0.27961617548828316
1995/5/2 0:00,0.6517,1.6552,0.696136,0.686907,0.120337,0.007689,0.596303,0.1653453223453836
1995/5/3 0:00,0.6515,1.6427,0.699888,0.684463,0.120337,0.007666,0.59312,0.2196198480607182
1995/5/4 0:00,0.65,1.6417,0.701508,0.681663,0.120337,0.007553,0.588408,0.39184785775076214
1995/5/5 0:00,0.6418,1.633,0.701066,0.675539,0.120337,0.007463,0.581058,0.43561672393282214
1995/5/6 0:00,0.6347,1.6335,0.698812,0.676133,0.120337,0.007469,0.568505,0.36698047735061207
1995/5/7 0:00,0.6415,1.6253,0.699447,0.677277,0.120482,0.007593,0.575043,0.5692
1995/5/8 0:00,0.6353,1.6114,0.69847,0.678794,0.120337,0.007548,0.560538,0.5668
1995/5/9 0:00,0.647,1.6165,0.701508,0.677369,0.120337,0.007603,0.563698,0.5725
1995/5/10 0:00,0.643,1.6221,0.697107,0.678242,0.120337,0.007528,0.556793,0.5705
1995/5/11 0:00,0.6465,1.6345,0.696282,0.677277,0.120337,0.007592,0.564334,0.5236203450572078
1995/5/12 0:00,0.647,1.6301,0.696961,0.6744,0.120337,0.007609,0.574053,0.3204532736335355
1995/5/13 0:00,0.6503,1.63,0.695943,0.669658,0.120337,0.007668,0.567215,0.5440973877784814
1995/5/14 0:00,0.6614,1.6337,0.696088,0.66778,0.120353,0.007759,0.576701,0.22009597923613117
1995/5/15 0:00,0.6657,1.6271,0.694927,0.667423,0.120337,0.007764,0.570776,0.5942988739032753
1995/5/16 0:00,0.6595,1.6264,0.692665,0.672902,0.120337,0.007843,0.570125,0.5815
1995/5/17 0:00,0.6596,1.6498,0.689275,0.680226,0.120337,0.00786,0.567537,0.5142165740050361
1995/5/18 0:00,0.663,1.6687,0.687002,0.692089,0.120337,0.00795,0.565291,0.581
1995/5/19 0:00,0.6694,1.6525,0.68975,0.685636,0.120337,0.007896,0.570125,0.1756150519003692
1995/5/20 0:00,0.6748,1.6474,0.687521,0.68975,0.120337,0.007935,0.581395,0.5933
1995/5/21 0:00,0.681,1.643,0.686436,0.683854,0.120337,0.007983,0.581564,0.594
1995/5/22 0:00,0.675,1.64,0.6832,0.681524,0.120337,0.007976,0.57971,0.3856585736670319
1995/5/23 0:00,0.6852,1.6325,0.686719,0.674764,0.120337,0.007868,0.58292,0.3708533966159701
1995/5/24 0:00,0.6868,1.638,0.688279,0.678887,0.120788,0.007896,0.585138,0.3877929386522805
1995/5/25 0:00,0.6825,1.6423,0.689085,0.680782,0.120337,0.007935,0.595238,0.5863
1995/5/26 0:00,0.6812,1.658,0.691037,0.685401,0.120337,0.008079,0.593472,0.5875
1995/5/27 0:00,0.6765,1.6545,0.695024,0.690942,0.120337,0.00811,0.601323,0.47776897680626135
1995/5/28 0:00,0.67,1.6475,0.700035,0.687002,0.120344,0.008048,0.605327,0.3254777034614007
1995/5/29 0:00,0.6725,1.6338,0.69667,0.682454,0.120627,0.008046,0.602954,0.5837
1995/5/30 0:00,0.6814,1.623,0.699545,0.682594,0.120337,0.008099,0.614251,0.4991226810150389
1995/5/31 0:00,0.678,1.6324,0.696233,0.683387,0.120337,0.008095,0.616713,0.4059027060462726
1995/6/1 0:00,0.677,1.6379,0.695265,0.68918,0.120337,0.008079,0.604778,0.3685144719012684
1995/6/2 0:00,0.6725,1.6345,0.692953,0.682361,0.120343,0.007976,0.602047,0.43153365031436736
1995/6/3 0:00,0.6685,1.6312,0.694203,0.678841,0.120337,0.007882,0.600601,0.5795
1995/6/4 0:00,0.6702,1.6395,0.696621,0.680735,0.120337,0.007915,0.607165,0.4204630825448703
1995/6/5 0:00,0.676,1.6355,0.702494,0.679579,0.120337,0.007921,0.613874,0.35136794890903916
1995/6/6 0:00,0.6716,1.6363,0.703977,0.680041,0.120349,0.007829,0.606796,0.4015733664028743
1995/6/7 0:00,0.667,1.647,0.701951,0.68937,0.120337,0.007757,0.604595,0.576
1995/6/8 0:00,0.6659,1.6455,0.703334,0.687805,0.120337,0.007803,0.612182,0.5266069160440395
1995/6/9 0:00,0.6655,1.6484,0.702642,0.682454,0.120351,0.007775,0.611808,0.41372443571311046
1995/6/10 0:00,0.6713,1.6448,0.703977,0.682361,0.120337,0.00783,0.615764,0.5772
1995/6/11 0:00,0.6785,1.6453,0.702445,0.682035,0.120337,0.007929,0.617284,0.2631251100074148
1995/6/12 0:00,0.6825,1.6472,0.701754,0.682128,0.120337,0.007976,0.619579,0.6193921553084318
1995/6/13 0:00,0.6796,1.6525,0.704871,0.68055,0.120337,0.007933,0.610128,0.43836427826096364
1995/6/14 0:00,0.6745,1.646,0.703136,0.677048,0.120337,0.007887,0.609385,0.583
1995/6/15 0:00,0.668,1.645,0.70497,0.673809,0.12035,0.007836,0.605694,0.446435650566585
1995/6/16 0:00,0.6675,1.6325,0.70497,0.669389,0.120221,0.007787,0.605877,0.27185444519681545
1995/6/17 0:00,0.6672,1.6364,0.707064,0.668896,0.120337,0.007826,0.604047,0.4328569734013734
1995/6/18 0:00,0.668,1.6381,0.707214,0.670466,0.120337,0.007835,0.609013,0.5832
1995/6/19 0:00,0.667,1.6467,0.71048,0.669792,0.120337,0.007734,0.61106,0.5785
1995/6/20 0:00,0.6695,1.6561,0.708567,0.673265,0.120337,0.007737,0.616523,0.5466749758428572
1995/6/21 0:00,0.676,1.6658,0.70922,0.677277,0.120337,0.007798,0.625782,0.5862
1995/6/22 0:00,0.67,1.6682,0.707314,0.674536,0.120773,0.007728,0.623053,0.5514980444276532
1995/6/23 0:00,0.6715,1.6743,0.705965,0.676224,0.120337,0.007727,0.621311,0.3789349957532995
1995/6/24 0:00,0.6637,1.6711,0.704771,0.670916,0.120337,0.007682,0.622278,0.566
1995/6/25 0:00,0.6626,1.6678,0.705219,0.669389,0.120337,0.007667,0.620347,0.3536612681546589
1995/6/26 0:00,0.6645,1.6643,0.705119,0.666978,0.120337,0.007672,0.623247,0.563
1995/6/27 0:00,0.6655,1.679,0.703235,0.671051,0.120337,0.007676,0.62422,0.4226202467851153
1995/6/28 0:00,0.6716,1.6751,0.704325,0.671141,0.120337,0.007678,0.620733,0.43810466939348297
1995/6/29 0:00,0.67,1.6739,0.709069,0.669344,0.120337,0.007766,0.625,0.5626
1995/6/30 0:00,0.6742,1.686,0.708215,0.671366,0.120337,0.007769,0.625391,0.5647209796605028
1995/7/1 0:00,0.674,1.6825,0.706864,0.667913,0.120337,0.007682,0.628931,0.3841913439136377
1995/7/2 0:00,0.6631,1.6775,0.702988,0.657462,0.120337,0.007567,0.622278,0.4244253877332689
1995/7/3 0:00,0.6613,1.6765,0.705219,0.655953,0.120773,0.007502,0.618812,0.6607105396352828
1995/7/4 0:00,0.659,1.674,0.705467,0.652103,0.120337,0.007476,0.616333,0.5393709018298364
1995/7/5 0:00,0.6553,1.6665,0.704473,0.652869,0.120337,0.007491,0.615195,0.5493
1995/7/6 0:00,0.6568,1.6575,0.70373,0.653509,0.120773,0.007405,0.612933,0.46282841743375924
1995/7/7 0:00,0.6595,1.6635,0.70497,0.654236,0.120337,0.007423,0.617665,0.45638611020874115
1995/7/8 0:00,0.6597,1.6658,0.703087,0.653723,0.120337,0.007481,0.621504,0.40588993054852146
1995/7/9 0:00,0.657,1.6683,0.701951,0.662076,0.120337,0.007539,0.62383,0.3247562764547023
1995/7/10 0:00,0.655,1.6725,0.701705,0.66107,0.120337,0.00768,0.626959,0.5525
1995/7/11 0:00,0.6565,1.6718,0.700967,0.659805,0.120337,0.007754,0.630517,0.5462178921164387
1995/7/12 0:00,0.6553,1.6668,0.698324,0.661244,0.120337,0.007721,0.628141,0.552
1995/7/13 0:00,0.647,1.684,0.697107,0.670017,0.120337,0.007731,0.627353,0.23395054259840872
1995/7/14 0:00,0.649,1.683,0.694686,0.669792,0.120337,0.007725,0.625782,0.5518
1995/7/15 0:00,0.65,1.691,0.695943,0.664849,0.120337,0.007588,0.62383,0.5533
1995/7/16 0:00,0.649,1.684,0.699545,0.666445,0.120337,0.007584,0.624025,0.43507938415434055
1995/7/17 0:00,0.6455,1.6757,0.70028,0.669478,0.120337,0.007563,0.62422,0.45601033618049897
1995/7/18 0:00,0.6487,1.6762,0.698812,0.674536,0.120337,0.007614,0.626566,0.5597
1995/7/19 0:00,0.6515,1.6718,0.697983,0.673854,0.120337,0.007647,0.629802,0.5593
1995/7/20 0:00,0.6535,1.6665,0.697107,0.670691,0.120337,0.007681,0.628536,0.5615
1995/7/21 0:00,0.6507,1.6678,0.696379,0.671006,0.120793,0.007639,0.628536,0.26001674428194776
1995/7/22 0:00,0.6473,1.6733,0.695169,0.672948,0.120788,0.007571,0.625,0.28490804051355784
1995/7/23 0:00,0.644,1.6673,0.694927,0.669792,0.120337,0.007565,0.627943,0.5513
1995/7/24 0:00,0.6485,1.6702,0.695604,0.668673,0.120337,0.007573,0.629525,0.553
1995/7/25 0:00,0.652,1.6727,0.699203,0.666445,0.120337,0.007555,0.630915,0.27428330926661065
1995/7/26 0:00,0.652,1.6675,0.69735,0.671908,0.120804,0.007518,0.631313,0.5371436098975232
1995/7/27 0:00,0.645,1.666,0.696864,0.671366,0.120337,0.00752,0.632511,0.3999712073539378
1995/7/28 0:00,0.6412,1.6605,0.694927,0.674082,0.120337,0.007591,0.630915,0.42166333995787464
1995/7/29 0:00,0.637,1.661,0.694879,0.678656,0.120337,0.007534,0.619579,0.28799368097602157
1995/7/30 0:00,0.6373,1.6485,0.694444,0.680133,0.120337,0.007514,0.614439,0.240601005164464
1995/7/31 0:00,0.6355,1.638,0.69604,0.675904,0.120337,0.007526,0.617665,0.5448
1995/8/1 0:00,0.6371,1.63,0.697593,0.672948,0.120337,0.007528,0.615195,0.2020698137546362
1995/8/2 0:00,0.633,1.6347,0.698178,0.675447,0.120337,0.007463,0.607533,0.3939340077657953
1995/8/3 0:00,0.6276,1.6308,0.692137,0.675265,0.120337,0.007453,0.602591,0.3985905336490512
1995/8/4 0:00,0.627,1.6306,0.690608,0.673854,0.120337,0.00745,0.604047,0.533
1995/8/5 0:00,0.627,1.6278,0.689275,0.672088,0.120337,0.007441,0.60698,0.31630909191072815
1995/8/6 0:00,0.6221,1.6235,0.689798,0.672043,0.120337,0.007356,0.604961,0.2792832168643409
1995/8/7 0:00,0.6236,1.6232,0.68956,0.674536,0.120337,0.007335,0.604961,0.6804771721365164
1995/8/8 0:00,0.6255,1.6332,0.68975,0.677599,0.120337,0.007353,0.606061,0.5256532356321836
1995/8/9 0:00,0.6304,1.6305,0.690846,0.682827,0.120337,0.007372,0.610874,0.4477254798786704
1995/8/10 0:00,0.6315,1.6318,0.689845,0.682594,0.120337,0.007365,0.610501,0.36157671207272285
1995/8/11 0:00,0.6225,1.6365,0.687332,0.680272,0.120337,0.007279,0.60423,0.43496461687042665
1995/8/12 0:00,0.6215,1.6322,0.686436,0.679256,0.120337,0.00728,0.60006,0.533
1995/8/13 0:00,0.6219,1.6277,0.687002,0.677736,0.120337,0.007199,0.596837,0.4503748389126288
1995/8/14 0:00,0.626,1.6308,0.686295,0.674764,0.120337,0.00722,0.596837,0.44566847289098666
1995/8/15 0:00,0.615,1.6392,0.686436,0.677277,0.120337,0.007165,0.589275,0.5202078531115495
1995/8/16 0:00,0.6145,1.6388,0.687616,0.675676,0.120337,0.007196,0.595238,0.573006437140731
1995/8/17 0:00,0.6115,1.6385,0.688231,0.676682,0.120337,0.007229,0.597015,0.5245
1995/8/18 0:00,0.611,1.6395,0.686907,0.681431,0.120337,0.007225,0.592768,0.5245
1995/8/19 0:00,0.6005,1.6351,0.685589,0.677048,0.120337,0.00716,0.587372,0.3538375760463481
1995/8/20 0:00,0.5995,1.6324,0.685307,0.676956,0.120337,0.007113,0.583942,0.5077628063951409
1995/8/21 0:00,0.5955,1.6347,0.684838,0.676911,0.120337,0.00713,0.583499,0.45721636046656217
1995/8/22 0:00,0.587,1.6277,0.68171,0.671817,0.120337,0.007066,0.573066,0.5300162633282931
1995/8/23 0:00,0.5867,1.6292,0.680226,0.670916,0.120337,0.006981,0.573066,0.4973
1995/8/24 0:00,0.5925,1.6315,0.680967,0.668003,0.120337,0.006927,0.572574,0.5013
1995/8/25 0:00,0.5894,1.6315,0.678426,0.662471,0.120337,0.00683,0.570939,0.21924247134030148
1995/8/26 0:00,0.5925,1.6525,0.679902,0.66778,0.120337,0.006942,0.575871,0.4568687270013531
1995/8/27 0:00,0.6081,1.662,0.683293,0.670241,0.120337,0.007263,0.598623,0.428590256281885
1995/8/28 0:00,0.6067,1.6705,0.680735,0.668226,0.120337,0.007267,0.597015,0.41742665592687844
1995/8/29 0:00,0.627,1.6735,0.680504,0.669344,0.120337,0.007452,0.622278,0.5022969409367578
1995/8/30 0:00,0.611,1.672,0.679671,0.668003,0.120337,0.007252,0.605327,0.5043047632807861
1995/8/31 0:00,0.6078,1.6641,0.680365,0.66379,0.120337,0.007188,0.605327,0.5796349252568077
1995/9/1 0:00,0.6074,1.6683,0.680272,0.66313,0.120337,0.007105,0.60241,0.5166
1995/9/2 0:00,0.6054,1.6722,0.681756,0.662076,0.120337,0.007059,0.599341,0.5040569456397368
1995/9/3 0:00,0.603,1.6608,0.680596,0.655523,0.120337,0.007005,0.591191,0.506
1995/9/4 0:00,0.6075,1.6645,0.679302,0.654664,0.120337,0.007046,0.582072,0.5063
1995/9/5 0:00,0.6208,1.6695,0.679486,0.660066,0.120337,0.007231,0.593824,0.17867430177800578
1995/9/6 0:00,0.619,1.6616,0.682221,0.654236,0.120337,0.007212,0.591716,0.6705378609543303
1995/9/7 0:00,0.6115,1.6565,0.680921,0.651254,0.120337,0.00707,0.58651,0.5125
1995/9/8 0:00,0.6185,1.6471,0.681431,0.653595,0.120337,0.007176,0.587544,0.537057841421429
1995/9/9 0:00,0.6165,1.6442,0.678887,0.655523,0.120337,0.007134,0.58326,0.3293782901771199
1995/9/10 0:00,0.6195,1.6375,0.678794,0.654407,0.120337,0.007206,0.590842,0.5205
1995/9/11 0:00,0.6165,1.6369,0.678196,0.65445,0.120337,0.007163,0.585309,0.5166
1995/9/12 0:00,0.6125,1.6315,0.67714,0.648508,0.120337,0.007077,0.582072,0.6693639532232989
1995/9/13 0:00,0.614,1.6325,0.675676,0.649984,0.120337,0.00709,0.578536,0.514
1995/9/14 0:00,0.6165,1.6412,0.676315,0.658545,0.120337,0.007093,0.581903,0.5173
1995/9/15 0:00,0.6245,1.6355,0.676133,0.657678,0.120337,0.007151,0.592242,0.40185524876366807
1995/9/16 0:00,0.6234,1.6337,0.673401,0.659935,0.120337,0.007109,0.589275,0.5263584820261379
1995/9/17 0:00,0.629,1.6387,0.671592,0.66357,0.120337,0.00713,0.592417,0.4277078232095705
1995/9/18 0:00,0.6267,1.6427,0.671817,0.664452,0.120337,0.007163,0.584795,0.5280913374010577
1995/9/19 0:00,0.6301,1.648,0.672043,0.664673,0.120337,0.007202,0.588235,0.4347132595011977
1995/9/20 0:00,0.6263,1.643,0.670107,0.661244,0.120337,0.007123,0.584795,0.5251
1995/9/21 0:00,0.6211,1.642,0.668583,0.662252,0.120337,0.007087,0.584624,0.5206
1995/9/22 0:00,0.6168,1.6474,0.668762,0.661376,0.120337,0.007065,0.584112,0.33550118426046616
1995/9/23 0:00,0.6196,1.6594,0.667601,0.668986,0.120337,0.007096,0.584454,0.655354559154925
1995/9/24 0:00,0.609,1.6565,0.664894,0.666889,0.120337,0.00703,0.581058,0.543374682093749
1995/9/25 0:00,0.6115,1.6485,0.665646,0.670017,0.120337,0.007055,0.585309,0.41460390242894035
1995/9/26 0:00,0.6105,1.644,0.664938,0.672495,0.120337,0.00702,0.582411,0.3184036465600822
1995/9/27 0:00,0.6145,1.6415,0.66291,0.672495,0.120337,0.007017,0.582411,0.5173
1995/9/28 0:00,0.607,1.6349,0.661726,0.670466,0.120337,0.006913,0.578704,0.4326563366519539
1995/9/29 0:00,0.6035,1.6245,0.659848,0.665779,0.120337,0.006859,0.577034,0.5095
1995/9/30 0:00,0.605,1.633,0.660502,0.668003,0.120337,0.006904,0.578704,0.3557841872879957
1995/10/1 0:00,0.609,1.636,0.659848,0.670466,0.120337,0.006926,0.57971,0.5165
1995/10/2 0:00,0.604,1.6332,0.654365,0.670781,0.120337,0.006916,0.573723,0.5135
1995/10/3 0:00,0.5991,1.629,0.657073,0.667468,0.120337,0.006835,0.570613,0.509
1995/10/4 0:00,0.5985,1.6328,0.658892,0.667869,0.120337,0.006824,0.568666,0.5069
1995/10/5 0:00,0.5921,1.6295,0.657333,0.671366,0.120337,0.006796,0.567666,0.3631825281093478
1995/10/6 0:00,0.5945,1.629,0.659979,0.674082,0.120337,0.006845,0.570613,0.5027
1995/10/7 0:00,0.5975,1.6265,0.659196,0.671817,0.120337,0.006894,0.571919,0.6677971501285214
1995/10/8 0:00,0.594,1.6184,0.658501,0.662691,0.120337,0.006832,0.569152,0.3984864572158674
1995/10/9 0:00,0.5925,1.6162,0.656039,0.66538,0.120337,0.00686,0.566893,0.42436230895370525
1995/10/10 0:00,0.5938,1.6162,0.654236,0.662032,0.120337,0.006896,0.566412,0.46903624276750355
1995/10/11 0:00,0.594,1.6227,0.652103,0.66357,0.120337,0.006952,0.569152,0.5699729358883486
1995/10/12 0:00,0.5897,1.6275,0.653381,0.664673,0.120337,0.007013,0.571102,0.2086246939415695
1995/10/13 0:00,0.583,1.6363,0.648508,0.665336,0.120337,0.006899,0.565771,0.4925
1995/10/14 0:00,0.5792,1.641,0.645453,0.666844,0.120337,0.006946,0.565931,0.491
1995/10/15 0:00,0.576,1.6395,0.64487,0.665336,0.120337,0.006899,0.563539,0.7001233697873195
1995/10/16 0:00,0.5682,1.6385,0.639795,0.664319,0.120337,0.006924,0.563698,0.4213551767249665
1995/10/17 0:00,0.555,1.6405,0.634115,0.674764,0.120337,0.007032,0.565291,0.46889735162717694
1995/10/18 0:00,0.565,1.672,0.637267,0.688231,0.120337,0.007015,0.56338,0.4928
1995/10/19 0:00,0.572,1.676,0.635122,0.693626,0.120337,0.007097,0.56338,0.495
1995/10/20 0:00,0.5805,1.674,0.643708,0.694203,0.120337,0.007341,0.581734,0.24220080272116365
1995/10/21 0:00,0.583,1.6686,0.649984,0.692041,0.120337,0.007259,0.574053,0.6761908311721067
1995/10/22 0:00,0.581,1.6762,0.649562,0.704573,0.120337,0.007417,0.569476,0.3096547888736694
1995/10/23 0:00,0.5861,1.672,0.655093,0.701656,0.120337,0.007463,0.571102,0.5062
1995/10/24 0:00,0.5897,1.6581,0.655179,0.708065,0.120337,0.00757,0.579374,0.6503867144919115
1995/10/25 0:00,0.5875,1.662,0.657462,0.705965,0.120337,0.007329,0.573888,0.4259881054528009
1995/10/26 0:00,0.5966,1.6816,0.660284,0.719166,0.120337,0.007445,0.578035,0.2235667231894011
1995/10/27 0:00,0.5929,1.6775,0.659457,0.711896,0.120337,0.007506,0.577201,0.32977663281365227
1995/10/28 0:00,0.5945,1.6742,0.665779,0.717103,0.120337,0.007516,0.579542,0.2260090465389825
1995/10/29 0:00,0.5935,1.6758,0.664982,0.716589,0.120337,0.007412,0.579206,0.5447521541511557
1995/10/30 0:00,0.5937,1.684,0.655523,0.722022,0.120337,0.007583,0.580046,0.5385045913430929
1995/10/31 0:00,0.5875,1.6835,0.653808,0.719424,0.120337,0.00754,0.580383,0.2899550328622334
1995/11/1 0:00,0.5835,1.6845,0.655008,0.724375,0.120337,0.007496,0.576369,0.5378667201217221
1995/11/2 0:00,0.5855,1.6837,0.653808,0.719683,0.120337,0.007396,0.577034,0.4646862739271238
1995/11/3 0:00,0.5781,1.6798,0.65445,0.716589,0.120337,0.007329,0.578035,0.40062981432432815
1995/11/4 0:00,0.5836,1.6945,0.661376,0.720461,0.120337,0.007389,0.583942,0.4704861327610465
1995/11/5 0:00,0.5911,1.7023,0.661026,0.724375,0.120337,0.007402,0.591366,0.2581365191646183
1995/11/6 0:00,0.5863,1.704,0.661989,0.719424,0.120798,0.007369,0.58997,0.36997508514421856
1995/11/7 0:00,0.5975,1.7068,0.666134,0.719683,0.120799,0.007468,0.596837,0.5025
1995/11/8 0:00,0.593,1.6995,0.655222,0.724218,0.120802,0.007321,0.592347,0.2168274497346821
1995/11/9 0:00,0.597,1.7045,0.650872,0.733138,0.120802,0.007366,0.591611,0.3983329021681881
1995/11/10 0:00,0.594,1.7026,0.644953,0.739481,0.120802,0.007375,0.592768,0.29204142619957785
1995/11/11 0:00,0.594,1.6901,0.642261,0.74239,0.120802,0.007433,0.595593,0.5847922367196745
1995/11/12 0:00,0.5887,1.6833,0.64433,0.743937,0.120804,0.007625,0.595948,0.493
1995/11/13 0:00,0.6178,1.6968,0.654108,0.758725,0.120805,0.008066,0.605144,0.5113
1995/11/14 0:00,0.6183,1.7222,0.647878,0.773096,0.120806,0.008414,0.607533,0.44503149665924996
1995/11/15 0:00,0.6162,1.703,0.646831,0.755858,0.120806,0.008547,0.607533,0.5079493842456935
1995/11/16 0:00,0.6273,1.7015,0.645786,0.752672,0.120808,0.008414,0.612933,0.3387432824214193
1995/11/17 0:00,0.6294,1.7055,0.646621,0.750469,0.120806,0.008384,0.619579,0.5240601116974205
1995/11/18 0:00,0.631,1.7028,0.646705,0.755858,0.120805,0.008511,0.619195,0.4713245810576556
1995/11/19 0:00,0.6327,1.703,0.648088,0.760572,0.120808,0.008662,0.617475,0.1956278872884023
1995/11/20 0:00,0.6328,1.6995,0.645578,0.755572,0.120805,0.008737,0.617475,0.535
1995/11/21 0:00,0.6285,1.706,0.649773,0.742832,0.120804,0.008468,0.614817,0.5361840845993611
1995/11/22 0:00,0.6275,1.7005,0.643087,0.74184,0.120805,0.008558,0.618812,0.526
1995/11/23 0:00,0.6253,1.695,0.647962,0.74499,0.120799,0.008483,0.616903,0.41974345163313825
1995/11/24 0:00,0.6184,1.69,0.647459,0.747664,0.120805,0.00847,0.616143,0.5253
1995/11/25 0:00,0.6165,1.683,0.647249,0.742776,0.120806,0.008415,0.614817,0.5533360977406817
1995/11/26 0:00,0.6154,1.6722,0.649562,0.740905,0.120808,0.008432,0.613346,0.5202
1995/11/27 0:00,0.616,1.672,0.648508,0.741675,0.120805,0.008506,0.615764,0.4212226282360432
1995/11/28 0:00,0.6231,1.6758,0.645286,0.743384,0.120808,0.008525,0.616523,0.5258
1995/11/29 0:00,0.625,1.6735,0.648004,0.738116,0.120805,0.008587,0.614628,0.41440093650040066
1995/11/30 0:00,0.6252,1.6652,0.652529,0.740741,0.120806,0.008732,0.615574,0.4646122197687228
1995/12/1 0:00,0.6254,1.6577,0.656168,0.737518,0.120802,0.008658,0.616903,0.5303
1995/12/2 0:00,0.6286,1.6588,0.655867,0.731529,0.120805,0.00858,0.615764,0.6143771830982392
1995/12/3 0:00,0.632,1.663,0.658979,0.736106,0.120806,0.008514,0.616523,0.32282712304447525
1995/12/4 0:00,0.634,1.658,0.652955,0.727696,0.120804,0.008422,0.610501,0.4131555393930775
1995/12/5 0:00,0.6348,1.6585,0.651466,0.714541,0.120806,0.008198,0.602954,0.20689643079773412
1995/12/6 0:00,0.6223,1.658,0.646831,0.718391,0.120808,0.008138,0.603682,0.528
1995/12/7 0:00,0.632,1.6568,0.645453,0.716589,0.120809,0.008145,0.603865,0.32600290638045104
1995/12/8 0:00,0.6392,1.6635,0.644122,0.719062,0.120802,0.008151,0.604412,0.28546614091109185
1995/12/9 0:00,0.6385,1.6755,0.643087,0.728067,0.120805,0.008354,0.613121,0.40816433958608034
1995/12/10 0:00,0.6343,1.6775,0.645703,0.727802,0.120805,0.008244,0.612182,0.4520337521629954
1995/12/11 0:00,0.6457,1.672,0.642797,0.727431,0.120804,0.008235,0.612933,0.5038177397884043
1995/12/12 0:00,0.6437,1.6677,0.645161,0.720981,0.120804,0.008358,0.615574,0.5412
1995/12/13 0:00,0.6436,1.6542,0.647165,0.718804,0.120806,0.008311,0.613874,0.5981886674420692
1995/12/14 0:00,0.641,1.654,0.646329,0.710934,0.120806,0.008269,0.61106,0.4307394258594821
1995/12/15 0:00,0.6417,1.6582,0.645745,0.709723,0.120805,0.008275,0.610874,0.510008973838098
1995/12/16 0:00,0.64,1.6613,0.647668,0.71048,0.120806,0.00821,0.609756,0.5210779654827938
1995/12/17 0:00,0.6339,1.6522,0.650787,0.706614,0.120799,0.008114,0.606244,0.36833777119438205
1995/12/18 0:00,0.628,1.6485,0.656383,0.716178,0.120799,0.008116,0.606061,0.527
1995/12/19 0:00,0.6305,1.654,0.652316,0.725531,0.120799,0.008183,0.607718,0.46680178891745827
1995/12/20 0:00,0.631,1.6625,0.650703,0.729927,0.120802,0.008322,0.607165,0.270918619925784
1995/12/21 0:00,0.6245,1.6645,0.651975,0.731689,0.120804,0.008418,0.607533,0.5232
1995/12/22 0:00,0.6175,1.6615,0.651466,0.729395,0.120806,0.008379,0.602954,0.5597480885315186
1995/12/23 0:00,0.6204,1.653,0.650449,0.726956,0.120809,0.008359,0.602954,0.41205990039029233
1995/12/24 0:00,0.6155,1.654,0.647794,0.732118,0.120809,0.008365,0.603318,0.3079728864018506
1995/12/25 0:00,0.6165,1.658,0.647878,0.735132,0.120809,0.008469,0.606428,0.5155
1995/12/26 0:00,0.6195,1.667,0.648761,0.746491,0.120811,0.008542,0.607165,0.3980058730665383
1995/12/27 0:00,0.6208,1.6835,0.648424,0.752162,0.120811,0.008563,0.606061,0.40112016623026536
1995/12/28 0:00,0.6204,1.6885,0.64914,0.749738,0.120806,0.00869,0.608199,0.521
1995/12/29 0:00,0.6235,1.6853,0.648508,0.745434,0.120805,0.008567,0.606061,0.5222
1995/12/30 0:00,0.6187,1.6765,0.649773,0.743992,0.120805,0.008645,0.60698,0.5212768632815947
1995/12/31 0:00,0.6231,1.675,0.648424,0.741455,0.120806,0.008596,0.606612,0.5242185516518777
