PE,AT,V,AP,RH
463.26,14.96,41.76,1024.07,73.17
444.37,25.18,62.96,1020.04,59.08
488.56,5.11,39.4,1012.16,92.14
446.48,20.86,57.32,1010.24,76.64
473.9,10.82,37.5,1009.23,96.62
443.67,26.27,59.44,1012.23,58.77
467.35,15.89,43.96,1014.02,75.24
478.42,9.48,44.71,1019.12,66.43
472.6562194824219,14.64,45.0,1021.78,41.25
477.5,11.74,43.56,1015.14,70.72
453.02,17.99,43.72,1008.64,75.04
453.99,20.14,46.93,1014.66,64.22
437.66143798828125,24.34,73.5,1011.31,84.15
451.28,25.71,58.59,1012.77,61.83
433.99,26.19,69.34,1009.48,87.59
462.19,21.42,43.79,1015.76,43.08
467.61920166015625,18.21,45.0,1022.86,48.84
477.2,11.04,41.74,1022.6,77.51
459.85,14.45,52.75,1023.97,63.59
464.3,13.97,38.47,1015.15,55.28
468.27,17.76,42.42,1009.09,66.26
495.24,5.41,40.07,1019.16,64.77
483.8,7.76,42.28,1008.52,83.31
443.61,27.23,63.9,1014.3,47.19
436.06,27.36,48.6,1003.18,54.93
438.4151611328125,27.47,70.72,1009.97,74.62
464.16,14.6,39.31,1011.11,72.52
475.52,7.91,39.96,1023.57,88.44
484.41,5.81,35.79,1012.14,92.28
437.89,30.53,65.18,1012.69,41.85
443.80499267578125,23.87,63.94,1019.02,44.28
438.86,26.09,58.41,1013.64,64.58
434.3471374511719,29.27,66.85,1011.11,63.25
435.4986572265625,27.38,74.16,1010.08,78.61
442.5143737792969,24.81,63.94,1018.76,44.51
465.86,12.75,44.03,1007.29,89.46
444.37,24.66,63.73,1011.4,74.52
450.69,16.38,47.45,1010.08,88.86
469.0961608886719,13.91,39.35,1014.69,75.51
448.86,23.18,51.3,1012.04,78.64
447.14,22.47,47.45,1007.62,76.65
469.18,13.39,44.85,1017.24,80.44
481.2459411621094,9.28,41.54,1018.33,79.89
476.7,11.82,42.86,1014.12,88.28
474.99,10.27,40.64,1020.63,84.6
444.22,22.92,63.94,1019.28,42.69
461.33,16.0,37.87,1020.24,78.41
448.06,21.22,43.43,1010.96,61.07
474.6,13.46,44.71,1014.51,50.0
475.5960998535156,9.39,40.11,1029.14,77.29
431.407958984375,31.07,73.5,1010.58,43.66
467.41,12.82,38.62,1018.71,83.8
431.22503662109375,32.57,78.92,1011.6,66.47
473.62,8.11,42.18,1014.82,93.09
471.81,13.92,39.39,1012.94,80.52
444.0407409667969,23.04,59.43,1010.23,68.99
442.77,27.31,64.44,1014.65,57.27
491.49,5.91,39.33,1010.18,95.53
447.46,25.26,61.08,1013.68,71.72
443.4003601074219,27.97,58.84,1002.25,57.88
442.2716369628906,26.08,52.3,1007.03,63.34
446.22,29.01,65.71,1013.61,48.07
471.49,12.18,40.1,1016.67,91.87
463.5,13.76,45.87,1008.89,87.27
440.01,25.5,58.79,1016.02,64.4
441.03,28.26,65.34,1014.56,43.4
450.54449462890625,21.39,62.96,1019.49,72.24
477.4200134277344,7.26,40.69,1020.43,90.22
478.77,10.54,34.03,1018.71,74.0
433.31256103515625,27.71,74.34,998.14,71.85
438.89599609375,23.11,68.3,1017.83,86.62
477.61,7.51,41.01,1024.61,97.41
431.65,26.46,74.67,1016.65,84.44
430.57,29.34,74.34,998.58,81.55
481.09,10.32,42.28,1008.82,75.66
445.56,22.74,61.02,1009.56,79.41
475.74,13.48,39.85,1012.71,58.91
438.5999450683594,25.52,69.75,1010.36,90.06
446.15,21.58,67.25,1017.39,79.0
437.4408874511719,27.66,76.86,1001.31,69.47
436.69,26.96,69.45,1013.89,51.47
470.5866394042969,12.29,42.18,1016.53,83.13
466.6,15.86,43.02,1012.18,40.33
465.48,13.87,45.08,1024.42,81.69
441.34,24.09,73.68,1014.93,94.55
445.02435302734375,20.45,69.45,1012.53,91.81
462.7413635253906,15.07,39.3,1019.0,63.62
435.4762268066406,32.72,69.75,1009.6,49.35
459.12,18.23,58.96,1015.55,69.61
429.69,35.56,68.94,1006.56,38.75
456.7906799316406,18.36,51.43,1010.57,90.17
441.26654052734375,26.35,64.05,1009.81,81.24
442.84,25.92,60.95,1014.62,48.46
485.13,8.01,41.66,1014.49,76.72
459.12,19.63,52.72,1025.09,51.16
448.2513427734375,20.02,67.32,1012.05,76.34
480.8,10.08,40.72,1022.7,67.3
435.77911376953125,27.23,66.48,1005.23,52.38
444.2281188964844,23.37,63.77,1013.42,76.44
449.77,18.74,59.21,1018.3,91.55
466.143310546875,14.81,43.69,1017.19,71.9
447.3812561035156,23.1,51.3,1011.93,80.05
478.29,10.72,41.38,1021.6,63.77
428.54,29.46,71.94,1006.96,62.26
478.27,8.1,40.64,1020.66,89.04
440.08392333984375,27.29,62.66,1007.63,58.02
457.32,17.1,49.69,1005.53,81.82
470.404052734375,11.49,44.2,1018.79,91.14
441.9767761230469,23.69,65.59,1010.85,88.92
471.99,13.51,40.89,1011.03,84.83
479.81,9.64,39.35,1015.1,91.76
434.78,25.65,78.92,1010.83,86.56
446.58,21.59,61.87,1011.18,57.21
437.76,27.98,58.33,1013.92,54.25
459.36,18.8,39.72,1001.24,63.8
462.28,18.28,44.71,1016.99,33.71
466.5804443359375,13.55,43.48,1016.08,67.25
444.36,22.99,46.21,1010.71,60.11
438.64,23.94,59.39,1014.32,74.55
468.5947265625,13.74,34.03,1018.69,67.34
455.13,21.3,41.1,1001.86,42.75
450.22,27.54,66.93,1017.06,55.2
440.1148681640625,24.81,63.73,1009.34,83.61
482.98,4.97,42.85,1014.02,88.78
460.44,15.22,50.88,1014.19,100.12
444.97,23.88,54.2,1012.81,64.52
433.94,33.01,68.67,1005.2,51.41
439.73,25.98,73.18,1012.28,85.78
433.2635192871094,28.18,73.88,1005.89,75.41
445.2024841308594,21.67,60.84,1017.93,81.63
457.67,17.67,45.09,1014.26,51.92
452.9031066894531,21.37,57.76,1018.8,70.12
432.21,28.69,67.25,1017.71,53.83
457.66,16.61,43.77,1012.25,77.23
435.21,27.91,63.76,1010.27,65.67
448.22,20.97,47.43,1007.64,71.18
480.2779846191406,10.8,41.66,1013.79,81.96
446.53,20.61,62.91,1013.24,79.54
443.86114501953125,25.45,57.32,1011.7,47.09
433.54,30.16,69.34,1007.67,57.69
472.52,4.99,39.04,1020.45,78.89
474.77,10.51,44.78,1012.59,85.29
435.1,33.79,69.05,1001.62,40.13
450.74,21.34,59.8,1016.92,77.06
443.20111083984375,23.4,65.06,1014.32,67.38
426.56,32.21,68.14,1003.34,62.44
463.71,14.26,42.32,1016.0,77.43
443.4332580566406,27.71,66.93,1016.85,58.77
452.27,21.95,57.76,1018.02,67.72
445.78,25.76,63.94,1018.49,42.14
438.65,23.68,68.3,1017.93,84.16
480.15,8.28,40.77,1011.55,89.79
447.19,23.44,62.52,1016.46,67.21
441.4888000488281,25.32,48.41,1008.47,72.14
488.81,3.94,39.9,1008.06,97.49
455.75,17.3,57.76,1016.26,87.74
453.0921325683594,18.2,49.39,1018.83,96.3
457.68,21.43,46.97,1013.94,61.25
479.11,11.16,40.05,1014.95,88.38
432.84,30.38,74.16,1007.44,74.77
448.37,23.36,62.52,1016.18,68.18
447.06,21.69,47.45,1007.56,77.2
449.4285888671875,23.62,49.21,1014.1,49.54
445.21,21.87,61.45,1011.13,92.22
441.7,29.25,66.51,1015.53,33.65
450.93,20.03,66.86,1013.05,64.59
451.44,18.14,49.78,1002.95,100.09
441.29,24.23,56.89,1012.32,68.04
462.96002197265625,18.11,44.85,1014.48,48.94
483.3511047363281,6.57,43.65,1018.24,74.47
467.19,12.56,43.41,1016.93,81.02
463.426025390625,13.4,41.58,1020.5,71.17
439.08,27.1,52.84,1006.28,53.85
464.98907470703125,14.28,42.74,1028.79,70.67
468.8,16.29,44.34,1019.49,59.36
426.93,31.24,71.98,1004.66,57.17
474.83062744140625,10.57,37.73,1024.36,70.29
468.97,13.8,44.21,1022.93,83.37
433.97,25.3,71.58,1010.18,87.36
450.53,18.06,50.16,1009.52,100.09
444.51,25.42,59.04,1011.98,68.78
469.03,15.07,40.69,1015.29,70.98
466.56,11.75,71.14,1019.36,75.68
457.57,20.23,52.05,1012.15,47.49
440.13,27.31,59.54,1006.24,71.99
433.24,28.57,69.84,1003.57,66.55
452.55,17.9,43.72,1008.64,74.73
443.29,23.83,71.37,1002.04,64.78
431.76,27.92,74.99,1005.47,75.13
454.97,17.34,44.78,1007.81,56.38
451.7149353027344,17.94,63.07,1012.42,94.35
486.03,6.4,39.9,1007.75,86.55
472.79,11.78,39.96,1011.37,82.95
452.03,20.28,57.25,1010.12,88.42
447.3998107910156,21.04,54.2,1012.26,85.61
441.93,25.11,67.32,1014.49,58.39
435.48443603515625,30.28,70.98,1007.51,74.28
480.25,8.14,36.24,1013.15,87.85
466.68,16.86,39.63,1004.47,83.5
494.39,6.25,40.07,1020.19,65.24
454.72,22.35,54.42,1012.46,75.01
448.71,17.98,56.85,1012.28,84.52
457.6961364746094,21.19,42.48,1013.43,80.52
450.71,20.94,44.89,1009.64,75.14
444.01,24.23,58.79,1009.8,75.75
453.2,19.18,58.2,1017.46,76.72
450.87,20.88,57.85,1012.39,85.47
446.24774169921875,23.67,63.86,1019.67,57.95
465.09,14.12,39.52,1018.41,78.32
446.3736877441406,25.23,64.63,1020.59,52.2
488.9755554199219,6.54,39.33,1011.54,93.69
452.5841369628906,20.08,62.52,1017.99,75.74
443.1490783691406,24.67,63.56,1013.75,67.56
436.48,27.82,79.74,1008.37,69.46
460.84,15.55,42.03,1017.41,74.58
442.56,24.26,69.51,1013.43,53.23
467.3,13.45,41.49,1020.19,88.72
472.1781311035156,11.06,40.64,1021.47,96.16
442.2074890136719,24.91,52.3,1008.72,68.26
446.8653259277344,22.39,59.04,1011.78,86.39
475.4,11.95,40.69,1015.62,85.34
469.3,14.85,40.69,1014.91,72.64
463.57,10.11,41.62,1017.17,97.82
445.32,23.67,68.67,1006.71,77.22
461.03,16.14,44.21,1020.36,80.59
466.74,15.11,43.13,1014.99,46.91
444.04,24.14,59.87,1018.47,57.76
436.1673583984375,30.08,67.25,1017.6,53.09
463.762939453125,14.77,44.9,1020.5,84.31
437.0799865722656,27.6,69.34,1009.63,71.58
466.74,13.89,44.84,1023.66,92.97
435.88037109375,26.85,75.6,1017.43,74.55
473.59,12.41,40.96,1023.36,78.96
474.81,13.08,41.74,1020.75,64.44
454.75,18.93,44.06,1017.58,68.23
452.94,20.5,49.69,1009.6,70.81
435.83,30.72,69.13,1009.94,61.66
482.19,7.55,39.22,1014.53,77.76
466.66,13.49,44.47,1030.46,69.49
460.7061462402344,15.62,40.12,1013.03,96.26
447.82,24.8,64.63,1020.69,55.74
462.73,10.03,41.62,1014.55,95.61
447.98,22.43,63.21,1012.06,84.75
464.7635192871094,14.95,39.31,1009.15,75.3
442.42,24.78,58.46,1016.82,67.5
442.1474914550781,23.2,48.41,1008.64,80.92
467.08843994140625,14.01,39.0,1016.73,79.23
453.84,19.4,64.63,1020.38,81.1
436.92,30.15,67.32,1013.83,32.8
486.37,6.91,36.08,1021.82,84.31
440.43,29.04,60.07,1015.42,46.15
446.82,26.02,63.07,1010.94,53.96
484.91,5.89,39.48,1005.11,59.83
437.76,26.52,71.64,1008.27,75.3
438.91,28.53,68.08,1013.27,42.53
464.19,16.59,39.54,1007.97,70.58
442.19,22.95,67.79,1009.89,91.69
446.86,23.96,47.43,1008.38,63.55
457.15,17.48,44.2,1018.89,61.51
482.57,6.69,43.65,1020.14,69.55
474.00372314453125,10.25,41.26,1007.44,98.08
428.89,28.87,72.58,1008.69,79.34
475.2052917480469,12.04,40.23,1018.07,81.28
444.6343994140625,22.58,52.3,1009.04,78.99
464.78,15.12,52.05,1014.63,80.38
440.42,25.48,58.95,1017.02,51.16
428.95452880859375,27.87,70.79,1003.96,72.17
438.5,23.72,70.47,1010.65,75.39
438.28,25.0,59.43,1007.84,68.91
476.29,8.42,40.64,1022.35,96.38
448.46,22.46,58.49,1011.5,70.54
438.99,29.92,57.19,1008.62,45.8
471.8,11.68,39.22,1017.9,57.95
470.42633056640625,14.04,42.44,1012.74,81.89
449.82,19.86,59.14,1016.12,69.32
442.14,25.99,68.08,1013.13,59.14
441.46,23.42,58.79,1009.74,81.54
477.62,10.6,40.22,1011.37,85.81
446.76,20.97,61.87,1011.45,65.41
472.52,14.14,39.82,1012.46,81.15
471.58,8.56,40.71,1021.27,95.87
440.85,24.86,72.39,1001.15,90.24
432.8719482421875,29.0,77.54,1011.33,75.13
437.33,27.59,71.97,1008.64,88.22
476.1556091308594,10.45,40.71,1015.68,81.48
471.11,8.51,40.78,1023.51,89.84
439.17,29.82,66.51,1010.98,43.57
445.33,22.56,62.26,1012.11,63.16
473.71,11.38,39.22,1018.62,57.14
453.1952819824219,20.25,57.76,1016.28,77.76
440.99,22.42,59.43,1007.12,90.56
467.42,14.85,38.91,1014.48,60.98
444.14,25.62,58.82,1010.02,70.31
455.1634826660156,19.85,56.53,1020.57,74.05
467.87,13.67,54.3,1015.92,75.42
442.04,24.39,70.72,1009.78,82.25
471.36,16.07,44.58,1019.52,67.95
472.5607604980469,11.6,39.1,1009.81,100.09
431.33,31.38,70.83,1010.35,47.28
432.9549255371094,29.91,76.86,998.59,72.41
447.61,19.67,59.39,1014.07,77.67
443.87,27.18,64.79,1016.27,63.7
446.87,21.39,52.3,1009.2,79.77
465.74,10.45,41.01,1020.57,93.84
451.7298278808594,19.46,56.89,1014.02,84.95
445.7023620605469,23.55,62.96,1020.16,70.16
437.87,23.35,63.47,1011.78,84.24
483.51,9.26,41.66,1016.87,73.32
479.82818603515625,10.3,41.46,1018.21,86.17
452.1280517578125,20.94,58.16,1016.88,65.43
439.0661926269531,23.13,71.25,1002.49,94.59
469.4265441894531,12.77,41.5,1014.13,86.8
429.28,28.29,69.13,1009.29,58.18
448.9108581542969,19.13,59.21,1018.32,89.66
437.73,24.44,73.5,1011.49,87.39
460.21,20.32,44.6,1015.16,36.35
442.86,20.54,69.05,1001.6,79.62
482.99,12.16,45.0,1021.51,50.52
439.73162841796875,28.09,65.27,1013.27,51.96
478.48,9.25,41.82,1033.25,74.73
454.1010437011719,21.75,49.82,1015.01,78.33
434.6429443359375,23.7,66.56,1002.07,85.19
463.41375732421875,16.22,37.87,1022.36,83.13
438.28,24.75,69.45,1013.97,53.49
477.78265380859375,10.48,39.58,1011.81,88.86
426.85,29.53,70.79,1003.7,60.89
471.3066101074219,12.59,39.72,1017.76,61.14
455.38,23.5,54.42,1012.31,68.29
428.32,29.01,66.56,1006.44,57.62
480.35,9.75,42.49,1010.57,83.63
455.56,19.55,56.53,1020.2,78.1
447.66,21.05,58.33,1013.14,66.34
443.06,24.72,68.67,1006.74,79.02
452.43,21.19,58.86,1014.19,68.96
479.5701904296875,10.77,41.54,1019.94,71.13
431.66,28.68,73.77,1004.72,87.01
432.7000427246094,29.87,73.91,1004.53,74.3
445.2058410644531,22.99,68.67,1006.65,77.62
445.26,24.66,60.29,1018.0,59.56
431.64630126953125,32.63,69.89,1013.85,41.66
430.8610534667969,31.38,72.29,1008.73,73.27
439.86,23.87,60.27,1018.94,77.16
441.19659423828125,25.6,59.15,1013.31,67.02
434.72,27.62,71.14,1011.6,52.8
434.01,30.1,67.45,1014.23,39.04
474.4952697753906,12.19,41.17,1019.43,65.47
460.44,13.11,41.58,1020.43,74.32
436.4,28.29,68.67,1005.46,69.22
461.03,13.45,40.73,1018.7,93.88
479.08,10.98,41.54,1019.94,69.83
435.76,26.48,69.14,1009.31,84.11
460.14,13.07,45.51,1015.22,78.65
442.2,25.56,75.6,1017.37,69.31
447.69,22.68,50.78,1008.83,70.3
431.15,28.86,73.67,1006.65,68.23
445.0,22.7,63.56,1014.32,71.76
431.9494934082031,27.89,73.21,1001.32,85.88
466.8603515625,13.78,44.47,1027.94,71.09
445.33,28.14,51.43,1012.16,52.67
471.4778137207031,11.8,45.09,1013.21,89.68
473.9126892089844,10.71,39.61,1018.72,73.66
444.9680480957031,24.54,60.29,1017.42,58.94
474.29,11.54,40.05,1014.78,87.05
437.14,29.47,71.32,1008.07,67.0
434.4941101074219,29.24,69.05,1003.12,43.18
461.00653076171875,14.51,41.79,1009.72,80.62
446.19,22.91,60.07,1016.03,59.72
428.1,27.02,71.77,1006.38,72.1
468.46,13.49,44.47,1030.18,69.15
435.02,30.24,66.75,1017.95,55.66
445.52,23.19,48.6,1002.38,61.19
462.69,17.73,40.55,1003.36,74.62
455.75,18.62,61.27,1019.26,73.35
463.74,12.85,40.0,1015.89,68.85
436.1282653808594,32.33,69.68,1011.95,39.89
443.26,25.09,58.95,1016.99,53.16
430.06976318359375,29.45,69.13,1009.3,52.97
465.86,16.91,43.96,1013.32,79.87
462.3308410644531,14.09,45.87,1009.05,84.09
469.43,10.73,25.36,1009.35,100.15
440.75,23.2,49.3,1003.4,79.77
481.28021240234375,8.21,38.91,1015.82,88.99
479.87,9.3,40.56,1022.64,76.14
460.5442810058594,16.97,39.16,1005.7,69.13
439.5299377441406,23.69,71.97,1009.62,93.03
445.59,25.13,59.44,1012.38,77.92
481.87,9.86,43.56,1015.13,74.89
475.01,11.33,41.5,1013.58,88.7
436.54,26.95,48.41,1008.53,62.94
456.63,15.0,40.66,1016.28,89.62
451.69,20.76,62.52,1015.63,81.04
464.25921630859375,14.29,39.59,1010.93,94.53
446.1,19.74,67.71,1007.68,64.02
438.67,26.68,59.92,1009.94,70.57
464.0335998535156,14.24,41.4,1019.7,70.32
444.6,21.98,48.41,1008.42,84.86
440.26,22.75,59.39,1015.4,81.41
483.92,8.34,40.96,1023.28,89.45
475.0268859863281,11.8,41.2,1017.18,82.71
479.24,8.81,44.68,1023.06,93.93
434.92,30.05,73.68,1014.95,70.6
454.16,16.01,65.46,1014.0,87.68
447.58,21.75,58.79,1012.42,87.58
467.9,13.94,41.26,1021.67,74.4
426.29,29.25,69.13,1010.27,67.35
447.02,22.33,45.87,1007.8,63.61
460.29132080078125,16.43,41.79,1005.47,76.89
476.46,11.5,40.22,1010.31,78.08
437.48,23.53,68.94,1007.53,69.17
452.77,21.86,49.21,1014.61,53.31
491.54,6.17,39.33,1012.57,93.32
438.41,30.19,64.79,1017.22,42.47
476.1,11.67,41.93,1019.81,82.58
464.58,15.34,36.99,1007.87,94.59
467.74,11.5,40.78,1023.91,86.31
442.12,25.53,57.17,1010.0,72.57
453.34,21.27,57.5,1014.53,80.76
425.29,28.37,69.13,1010.44,71.93
449.63,28.39,51.43,1011.74,47.54
462.88,13.78,45.78,1025.27,95.72
464.67,14.6,42.32,1015.71,77.03
489.96,5.1,35.57,1027.17,80.49
482.38,7.0,38.08,1020.27,77.67
437.95,26.3,77.95,1009.45,78.72
429.2,30.56,71.98,1004.74,58.77
453.339599609375,21.09,46.63,1013.03,74.8
436.2983093261719,28.21,70.02,1010.58,51.34
464.1686096191406,15.84,49.69,1015.14,90.41
478.79,10.03,40.96,1024.57,91.1
455.7566833496094,20.37,52.05,1012.34,62.57
450.33,21.19,50.16,1005.81,84.27
434.83,33.73,69.88,1007.21,42.93
433.43,29.87,73.68,1015.1,40.96
456.02,19.62,62.96,1020.76,76.53
485.23,9.93,40.67,1018.08,69.74
473.57,9.43,37.14,1013.03,74.99
467.723876953125,14.24,39.58,1011.17,70.45
452.07,12.97,49.83,1008.69,91.49
482.6722717285156,7.6,41.04,1021.82,88.97
479.5989685058594,8.39,36.24,1013.39,89.13
444.9052429199219,25.41,48.06,1013.12,46.52
465.17,18.43,56.03,1020.41,60.55
477.8402099609375,10.31,39.82,1012.87,88.71
476.04,11.29,41.5,1013.39,89.15
441.76,22.61,49.3,1003.51,83.02
428.4474182128906,29.34,71.98,1005.19,75.19
444.77,18.87,67.71,1004.0,87.35
464.2466125488281,13.21,45.87,1008.58,85.66
472.9501953125,11.3,44.6,1018.19,91.66
431.0,29.23,72.99,1007.04,63.47
430.68,27.76,69.4,1004.27,72.25
436.42,29.26,67.17,1006.6,70.58
452.33,25.72,49.82,1016.19,60.1
443.380615234375,23.43,63.94,1010.64,89.29
435.75,25.6,63.76,1010.18,67.43
449.74,22.3,44.57,1008.48,67.58
432.8190002441406,27.91,72.24,1010.74,70.8
433.3818664550781,30.35,77.17,1009.55,63.62
451.15338134765625,21.78,47.43,1007.88,66.68
486.35,7.19,41.39,1018.12,90.76
453.18,20.88,59.8,1015.66,75.34
454.1282958984375,24.19,50.23,1015.73,59.77
480.26,9.98,41.54,1019.7,80.79
448.65,23.47,51.3,1011.89,74.1
458.41,26.35,49.5,1012.67,41.34
435.39,29.89,64.69,1006.37,58.78
450.21,19.29,50.16,1010.49,97.78
459.59,17.48,43.14,1018.68,74.85
443.3878479003906,25.21,75.6,1017.19,69.84
447.0736999511719,23.3,48.78,1018.17,75.36
466.3157653808594,15.42,37.85,1009.89,85.8
446.51275634765625,21.44,63.09,1016.56,90.11
428.5966491699219,29.45,68.27,1007.96,61.63
435.868408203125,29.69,47.93,1002.85,44.76
467.9,15.52,36.99,1006.86,89.7
475.72,11.47,43.67,1012.68,72.51
477.51,9.77,34.69,1027.72,74.98
436.73193359375,22.6,69.84,1006.37,79.59
477.9,8.24,39.61,1017.99,78.42
462.3668212890625,17.01,44.2,1019.18,61.23
467.53,19.64,44.6,1015.88,47.56
465.15,10.61,41.58,1021.08,93.06
474.28,12.04,40.1,1014.42,89.65
441.7641296386719,29.19,65.71,1013.85,50.5
452.84,21.75,45.09,1014.15,44.84
435.38,23.66,77.54,1008.5,85.32
435.42791748046875,27.05,75.33,1003.88,82.94
436.70318603515625,29.63,69.71,1009.04,67.26
468.49,18.2,39.63,1005.35,79.05
433.07,32.22,70.8,1009.9,62.03
434.0489807128906,26.88,73.56,1004.85,94.36
440.74,29.05,65.74,1013.29,60.02
474.49,8.9,39.96,1026.31,95.46
449.74,18.93,48.6,1005.72,84.92
436.73,27.49,63.76,1010.09,62.8
434.8924560546875,23.1,70.79,1006.53,90.81
473.93,11.22,43.13,1017.24,80.9
430.76934814453125,31.97,79.74,1007.03,55.84
466.83,13.32,43.22,1009.45,75.3
427.22,31.68,68.24,1005.29,37.34
442.6628723144531,23.69,63.77,1013.39,79.5
469.57,13.83,41.49,1020.11,87.29
459.89,18.32,66.51,1015.18,81.5
479.59,11.05,40.71,1024.91,76.42
440.92,22.03,64.69,1007.21,75.75
480.87,10.23,41.46,1020.45,84.95
441.9,23.92,66.54,1009.93,62.37
442.1232604980469,29.38,69.68,1011.35,49.25
465.16,17.35,42.86,1014.62,74.16
471.32,9.81,44.45,1021.19,90.55
485.43,4.97,40.64,1020.91,94.28
495.35,5.15,40.07,1012.27,63.31
449.12,21.54,58.49,1010.85,78.9
480.53,7.94,42.02,1006.22,90.97
455.2391662597656,18.77,50.66,1014.89,87.34
443.67,21.69,69.94,1010.7,80.8
477.52,10.07,44.68,1023.44,90.95
469.04217529296875,13.83,39.64,1012.52,69.97
472.54,10.45,39.69,1003.92,89.45
469.17,11.56,40.71,1015.85,76.08
435.21,23.64,70.04,1011.09,83.35
477.8184509277344,10.48,40.22,1004.81,92.16
475.89,13.09,39.85,1012.86,58.42
479.565673828125,10.67,40.23,1017.75,85.06
473.1805114746094,12.57,39.16,1016.53,88.91
462.16,14.45,43.34,1015.47,83.33
468.8271179199219,14.22,37.85,1011.24,88.49
484.71,6.97,41.26,1010.6,96.88
446.34,20.61,63.86,1015.43,73.86
467.2965393066406,14.67,42.28,1007.21,65.17
432.12,29.06,72.86,1004.23,69.41
462.63232421875,14.38,40.1,1015.51,81.23
431.5848388671875,32.51,69.98,1013.29,54.07
469.49,11.79,45.09,1013.16,89.17
485.107177734375,8.65,40.56,1023.23,78.85
480.9908447265625,9.75,40.81,1026.0,84.44
479.03,9.11,40.02,1031.1,83.02
436.12115478515625,23.39,69.13,1010.99,90.66
464.0477294921875,14.3,54.3,1015.16,75.29
452.71,17.49,63.94,1020.02,82.6
431.2230224609375,31.1,69.51,1010.84,45.4
457.09,19.77,56.65,1020.67,66.33
446.77,28.61,72.29,1011.61,45.33
460.76,13.52,41.48,1014.46,67.12
471.95,13.52,40.83,1008.31,84.14
453.29,17.57,46.21,1014.09,80.81
439.5558776855469,28.18,60.07,1016.34,49.13
464.73,14.29,46.18,1017.01,87.29
464.68,18.12,43.69,1016.91,52.95
430.59,31.27,73.91,1003.72,68.92
438.01,26.24,77.95,1014.19,85.21
482.15185546875,7.44,41.04,1021.84,88.56
436.39,29.78,74.78,1009.28,55.09
447.1394958496094,23.37,65.46,1016.25,48.64
479.91,10.62,39.58,1011.9,87.85
484.419189453125,5.84,43.02,1013.88,87.42
463.17,14.51,53.82,1016.46,62.75
471.26,11.31,42.02,1001.18,94.86
479.1365966796875,11.25,40.67,1011.64,63.54
473.78,9.18,39.42,1025.41,69.46
453.2259826660156,19.82,58.16,1016.76,74.66
446.27,24.77,58.41,1013.78,80.57
482.2,9.66,41.06,1021.21,84.7
450.489990234375,21.96,59.8,1016.72,72.6
464.48,18.59,43.14,1011.92,52.63
438.1,24.75,69.89,1015.29,82.01
445.6,24.37,63.47,1012.77,75.22
442.43,29.6,67.79,1010.37,51.05
436.67,25.32,61.25,1011.56,80.1
461.27728271484375,16.15,41.85,1016.54,81.58
454.1314392089844,15.74,71.14,1019.65,65.94
487.03,5.97,36.25,1029.65,86.74
462.32147216796875,15.84,52.72,1026.45,62.57
464.52410888671875,14.84,44.63,1019.28,57.37
469.52,12.25,48.79,1017.44,88.91
428.88,27.38,70.04,1011.18,72.26
474.3,8.76,41.48,1018.49,74.98
461.06,15.54,39.31,1009.69,71.19
465.57,18.71,39.39,1014.09,62.82
467.67,13.06,41.78,1012.3,55.31
466.99,12.72,40.71,1016.02,71.57
463.72,19.83,39.39,1013.73,59.16
443.78,27.23,49.16,1004.03,40.8
439.79534912109375,24.27,68.28,1005.43,67.63
470.6478271484375,11.8,40.66,1017.13,97.2
484.36,6.76,36.25,1028.31,91.16
442.16,25.99,63.07,1012.5,64.81
466.0237121582031,16.3,39.63,1004.64,85.61
462.48,16.5,49.39,1018.35,93.42
478.568359375,10.59,42.49,1009.59,77.36
437.04,26.05,65.59,1012.78,67.03
457.09,19.5,40.79,1003.8,89.45
450.6,22.21,45.01,1012.22,54.84
465.78,17.86,45.0,1023.25,53.48
427.1,29.96,70.04,1010.15,54.47
459.81,19.08,44.63,1020.14,43.36
447.36,23.59,47.43,1006.64,48.92
483.5865173339844,3.38,39.64,1011.0,81.22
433.36,26.39,66.49,1012.96,60.35
482.1272888183594,8.99,39.04,1021.99,75.98
469.53,10.91,41.04,1026.57,74.24
476.96,13.08,39.82,1012.27,85.21
446.42822265625,23.95,58.46,1017.5,68.46
462.55,15.64,43.71,1024.51,78.31
453.3914489746094,18.78,54.2,1012.05,89.25
456.78375244140625,20.65,50.59,1016.22,68.57
496.0338134765625,4.96,40.07,1011.8,67.38
444.3159484863281,23.51,57.32,1012.55,53.6
484.82,5.99,35.79,1011.56,91.69
441.0190734863281,23.65,66.05,1019.6,78.21
485.46,5.17,39.33,1009.68,94.19
457.81,26.38,49.5,1012.82,37.19
482.82958984375,6.02,43.65,1013.85,83.53
443.23,23.2,61.02,1009.63,79.45
474.29,8.57,39.69,1000.91,99.9
430.46,30.72,71.58,1009.98,50.39
455.71,21.52,50.66,1013.56,74.33
438.34,22.93,62.26,1011.25,83.66
485.83,5.71,41.31,1003.24,89.48
452.82,18.62,44.06,1017.76,64.59
435.04,27.88,68.94,1007.68,75.68
450.283203125,22.32,59.8,1016.82,64.18
465.81,14.55,42.74,1028.41,70.09
458.42,17.83,44.92,1025.04,70.58
470.22,9.68,39.96,1026.09,99.28
449.24,19.41,49.39,1020.84,81.89
469.0077209472656,13.22,44.92,1023.84,87.99
473.26,12.24,44.92,1023.74,88.21
452.82,19.21,58.49,1011.7,91.29
432.69,29.74,70.32,1008.1,52.72
444.13,23.28,60.84,1017.91,67.5
467.21,8.02,41.92,1029.8,92.05
445.98,22.47,48.6,1002.33,63.23
436.91,27.51,73.77,1002.42,90.88
455.01,17.51,44.9,1009.05,74.91
434.6543273925781,23.22,66.56,1002.47,85.39
477.06,11.73,40.64,1020.68,96.98
441.71,21.19,67.71,1006.65,56.28
495.76,5.48,40.07,1019.63,65.62
445.63,24.26,66.44,1011.33,55.32
462.432373046875,12.32,41.62,1012.88,88.88
438.03,31.26,68.94,1005.94,39.49
434.78,32.09,72.86,1003.47,54.59
444.67,24.98,60.32,1015.63,57.19
452.24,27.48,61.41,1012.2,45.06
450.92,21.04,45.09,1014.19,40.62
436.53,27.75,70.4,1006.65,90.21
435.53,22.79,71.77,1005.75,90.91
440.01,24.22,68.51,1013.23,74.96
443.1,27.06,64.45,1008.72,54.21
428.3956298828125,29.25,71.94,1007.18,63.62
436.25,26.86,68.08,1012.99,50.04
440.74,29.64,67.79,1009.99,51.23
451.5472412109375,19.92,63.31,1015.02,82.71
459.42,18.5,51.43,1010.82,92.04
439.6391296386719,23.71,60.23,1009.76,90.67
464.15,14.39,44.84,1023.55,91.14
459.1,19.3,56.65,1020.55,70.43
453.805419921875,24.65,52.36,1014.76,66.63
468.2587585449219,13.5,45.51,1015.33,86.95
478.02,9.82,41.26,1007.71,96.69
456.8,18.4,44.06,1017.36,70.88
441.324462890625,28.12,44.89,1009.18,47.14
463.88,17.15,43.69,1017.05,63.36
430.45,30.69,73.67,1006.14,60.58
441.6249694824219,28.82,65.71,1014.24,54.3
449.4385070800781,21.3,48.92,1010.92,65.09
431.59,30.58,70.04,1010.4,48.16
448.3737487792969,21.17,52.3,1009.36,81.51
475.58,9.87,41.82,1033.04,68.57
449.7974853515625,22.18,59.8,1016.77,73.16
446.4,24.39,63.21,1012.59,80.88
476.81,10.73,44.92,1025.1,85.4
474.9964599609375,9.38,40.46,1019.29,75.77
450.71,20.27,57.76,1016.66,75.76
439.70013427734375,24.82,66.48,1006.4,70.21
463.65997314453125,16.55,41.66,1011.45,55.53
445.18,20.73,59.87,1019.08,80.48
474.12,9.51,39.22,1015.3,72.41
483.91,8.63,43.79,1016.08,83.25
486.68,6.48,40.27,1010.55,82.12
465.27001953125,14.95,43.52,1022.43,94.75
481.4,5.76,45.87,1010.83,95.79
479.2,10.94,39.04,1021.81,86.02
462.9770812988281,15.87,41.16,1005.85,78.29
472.3,12.42,38.25,1012.76,82.23
446.51,29.12,58.84,1001.31,52.86
437.41717529296875,29.12,51.43,1005.93,60.66
460.056396484375,19.08,41.1,1001.96,62.77
437.91,31.06,67.17,1007.62,65.54
490.76,5.72,39.33,1009.96,95.4
440.8045654296875,26.52,65.06,1013.4,51.78
463.27,13.84,44.9,1007.58,63.62
473.99,13.03,39.52,1016.68,83.09
438.2088623046875,25.94,66.49,1012.83,61.81
459.01,16.64,53.82,1015.13,68.24
469.0642395019531,14.13,40.75,1016.05,72.41
471.91,13.65,39.28,1012.97,79.64
465.15,14.5,44.47,1028.2,66.95
446.66,19.8,51.19,1008.25,91.98
439.5133361816406,25.2,63.76,1009.78,64.96
447.14,20.66,51.19,1008.81,88.93
471.8651428222656,12.07,43.71,1025.53,85.62
437.7312927246094,25.64,70.72,1010.16,84.0
440.04,23.33,72.99,1009.33,89.41
444.82,29.41,64.05,1009.82,67.4
457.26,16.6,53.16,1014.5,76.75
428.83,27.53,72.58,1009.13,89.06
449.07,20.62,43.43,1009.93,64.02
434.6224060058594,26.02,71.94,1009.38,64.12
471.03,12.75,44.2,1017.59,81.22
465.56,12.87,48.04,1012.47,100.13
442.83,25.77,62.96,1019.86,58.07
460.2690734863281,14.84,41.48,1017.26,63.42
474.25,7.41,40.71,1023.07,83.32
477.97,8.87,41.82,1033.3,74.28
472.16,9.69,40.46,1019.1,71.91
456.08,16.17,46.97,1014.22,85.8
453.81744384765625,26.24,49.82,1014.9,55.58
463.71,13.78,43.22,1011.31,69.7
433.72,26.3,67.07,1006.26,63.79
456.4,17.37,57.76,1016.0,86.59
448.43,23.6,48.98,1015.41,48.28
481.16729736328125,8.3,36.08,1020.63,80.42
457.07,18.86,42.18,1001.16,98.58
451.0,22.12,49.39,1019.8,72.83
440.28,28.41,75.6,1018.48,56.07
437.47,29.42,71.32,1002.26,67.13
446.4776306152344,18.61,67.71,1004.07,84.49
426.6,27.57,69.84,1004.91,68.37
470.87,12.83,41.5,1013.12,86.07
478.37,9.64,39.85,1012.9,83.82
452.25518798828125,19.13,58.66,1013.32,74.86
470.22,15.92,40.56,1020.79,53.52
434.54,24.64,72.24,1011.37,80.61
442.89,27.62,63.9,1013.11,43.56
479.03,8.9,36.24,1013.29,89.35
472.5706481933594,9.55,43.99,1020.5,97.28
475.2721252441406,10.57,36.71,1022.62,80.49
450.3041076660156,19.8,57.25,1010.84,88.9
440.4782409667969,25.63,56.85,1012.68,49.7
446.00048828125,24.7,58.46,1015.58,68.64
463.6,15.26,46.18,1013.68,98.58
447.47,20.06,52.84,1004.21,82.12
447.92,19.84,56.89,1013.23,78.32
473.3449401855469,11.49,44.63,1020.44,86.04
437.6162109375,23.74,72.43,1007.99,91.36
448.27,22.62,51.3,1012.36,81.02
430.385498046875,29.53,72.39,998.47,76.05
449.09,21.32,48.14,1016.57,71.81
449.2191162109375,20.3,58.46,1015.93,82.13
459.3263244628906,16.97,44.92,1025.21,74.27
479.28,12.07,41.17,1013.54,71.32
483.11,7.46,41.82,1032.67,74.59
450.75,19.2,54.2,1011.46,84.44
437.97,28.64,66.54,1010.43,43.39
468.7999572753906,13.56,41.48,1008.53,87.2
457.75,17.4,44.9,1020.5,77.11
469.33,14.08,40.1,1015.48,82.81
433.28,27.11,69.75,1009.74,85.67
444.64,20.92,70.02,1010.23,95.58
463.1,16.18,44.9,1021.3,74.46
460.91,15.57,44.68,1022.01,90.02
480.2078857421875,10.37,39.04,1023.95,81.93
448.9541015625,19.6,59.21,1017.65,86.29
474.51,9.22,40.92,1021.83,85.43
435.02,27.76,72.99,1007.81,71.66
435.45,28.68,70.72,1009.43,71.33
452.38,20.95,48.14,1013.3,67.72
480.41,9.06,39.3,1019.73,84.23
478.4961242675781,9.21,39.72,1019.54,74.44
468.87,13.65,42.74,1026.58,71.48
434.01,31.79,76.2,1007.89,56.3
466.36,14.32,44.6,1013.85,68.13
435.28,26.28,75.23,1011.44,68.35
486.46,7.69,43.02,1014.51,85.23
462.2898254394531,14.44,40.1,1015.51,79.78
468.37,9.19,41.01,1022.14,98.98
471.3599548339844,13.35,41.39,1019.17,72.87
440.32,23.04,74.22,1009.52,90.93
485.32,4.83,38.44,1015.35,72.94
464.8374328613281,17.29,42.86,1014.38,72.3
475.4626159667969,8.73,36.18,1013.66,77.74
433.62274169921875,26.21,70.32,1007.0,78.29
447.49,23.72,58.62,1016.65,69.1
435.60723876953125,29.27,64.69,1006.85,55.79
492.09,10.4,40.43,1025.46,75.09
475.36,12.19,40.75,1015.13,88.98
452.56,20.4,54.9,1016.68,64.26
427.84,34.3,74.67,1015.98,25.89
433.95,27.56,68.08,1010.8,59.18
433.9709167480469,30.9,70.8,1008.48,67.48
460.0788879394531,14.85,58.59,1014.04,89.85
468.4019470214844,16.42,40.56,1020.36,50.62
452.42,16.45,63.31,1015.96,83.97
472.17,10.14,42.02,1003.19,96.51
481.83,9.53,41.44,1018.01,80.09
456.55181884765625,17.01,49.15,1021.83,84.02
449.6343078613281,23.94,62.08,1022.47,61.97
463.4,15.95,49.25,1019.04,88.51
473.57,11.15,41.26,1022.67,81.83
433.72,25.56,70.32,1009.07,90.63
431.85,27.16,66.44,1011.2,73.37
433.47,26.71,77.95,1012.13,77.5
432.84,29.56,74.22,1007.45,57.46
436.6,31.19,70.94,1007.29,51.91
489.3455810546875,6.86,41.17,1020.12,79.14
477.16,12.36,41.74,1020.58,69.24
441.06,32.82,68.31,1010.44,41.85
440.86,25.3,70.98,1007.22,95.1
477.94,8.71,41.82,1033.08,74.53
474.47,13.34,40.8,1026.56,64.85
470.67,14.2,43.02,1012.18,57.07
447.31,23.74,65.34,1013.7,62.9
466.8,16.9,44.88,1018.14,72.21
428.5453796386719,28.54,71.94,1007.4,65.99
434.75,30.15,69.88,1007.2,73.67
469.52,14.33,42.86,1010.82,88.59
438.9,25.57,59.43,1008.88,61.19
429.56,30.55,70.04,1010.51,49.37
437.3345642089844,28.04,74.33,1013.53,48.65
442.87,26.39,49.16,1005.68,56.18
464.3232421875,15.3,41.76,1022.57,71.56
480.8431396484375,6.03,41.14,1028.04,87.46
471.08,13.49,44.63,1019.12,70.02
438.4011535644531,27.67,59.14,1016.51,61.2
443.2040710449219,24.19,65.48,1018.8,60.54
443.5,24.44,59.14,1016.74,71.82
440.9799499511719,29.86,64.79,1017.37,44.8
435.3575744628906,30.2,69.59,1008.9,67.32
487.57,7.99,41.38,1021.95,78.77
464.64,9.93,41.62,1013.76,96.02
470.92,11.03,42.32,1017.26,90.56
444.39,22.34,63.73,1014.37,83.19
440.8487854003906,25.33,48.6,1002.54,68.45
449.61,18.87,52.08,1005.25,99.19
435.02,25.97,69.34,1009.43,88.11
458.67,16.58,43.99,1021.81,79.29
461.74,14.35,46.18,1016.63,87.76
438.31,25.06,62.39,1008.09,82.56
462.38,13.85,48.92,1011.68,79.24
463.9281005859375,16.09,44.2,1019.39,67.24
442.6015625,26.34,59.21,1013.37,58.98
444.64,23.01,58.79,1009.71,84.22
430.34,26.39,71.25,999.8,89.12
430.46,31.32,71.29,1008.37,50.07
456.79,16.64,45.87,1009.02,98.86
468.82,13.42,41.23,994.17,95.79
448.51,20.06,44.9,1008.79,70.06
467.9603576660156,14.8,44.71,1014.67,41.71
465.74,12.59,41.14,1025.79,86.55
430.21,26.7,66.56,1005.31,71.97
449.23,19.78,50.32,1008.62,96.4
453.91827392578125,15.17,49.15,1021.91,91.73
445.2349548339844,21.71,61.45,1010.97,91.62
466.13,19.09,39.39,1013.36,59.14
448.71,19.76,51.19,1008.38,92.56
469.25,14.68,41.23,998.43,83.71
451.8382568359375,21.3,66.86,1013.04,55.43
464.46,16.73,39.64,1008.94,74.91
471.13,12.26,41.5,1014.87,89.41
460.47283935546875,14.77,48.06,1010.92,69.81
451.09,18.26,59.15,1012.04,86.01
431.51,27.1,79.74,1005.43,86.05
467.4892883300781,14.72,40.83,1009.65,80.98
449.3661193847656,26.3,51.43,1012.05,63.62
460.2468566894531,16.48,48.92,1011.84,64.16
463.3593444824219,17.99,43.79,1016.13,75.63
453.54,20.34,59.8,1015.18,80.21
444.38,25.53,62.96,1019.81,59.7
440.52,31.59,58.9,1003.39,47.6
433.9089050292969,30.8,69.14,1007.68,63.78
481.96,10.75,45.0,1023.68,89.37
452.75,19.3,44.9,1008.89,70.55
481.28,4.71,39.42,1026.4,84.42
439.03,23.1,66.05,1020.28,80.62
435.75,32.63,73.88,1005.64,52.56
436.03,26.63,74.16,1009.72,83.26
445.6,24.35,58.49,1011.03,70.64
462.65,15.11,56.03,1020.27,89.95
438.66,29.1,50.05,1005.87,51.53
447.32,21.24,50.32,1008.54,84.83
479.3315734863281,6.16,39.48,1004.85,59.68
476.9543762207031,7.36,41.01,1024.9,97.88
480.565185546875,10.44,39.04,1023.99,85.03
440.63,26.76,48.41,1010.53,47.38
459.48,16.79,44.6,1014.27,48.08
490.78,10.76,40.43,1025.98,79.65
483.56,6.07,38.91,1019.25,83.39
432.1954345703125,27.33,73.18,1012.26,82.18
440.27,27.15,59.21,1013.49,51.71
445.34,22.35,51.43,1011.34,77.33
447.43,21.82,65.27,1013.86,72.81
439.91,21.11,69.94,1004.37,84.26
456.779541015625,19.95,50.59,1016.11,73.23
483.3543395996094,7.45,39.61,1017.88,79.73
466.7,15.36,41.66,1012.41,62.32
463.5,15.65,43.5,1021.39,78.58
436.21,25.31,74.33,1015.04,79.88
443.94,25.88,63.47,1011.95,65.87
439.63,24.6,63.94,1012.87,80.28
460.95,22.58,41.54,1013.21,71.33
448.69,19.69,59.14,1015.99,70.33
440.1937255859375,25.85,75.08,1006.24,57.73
473.51,10.06,37.83,1005.49,99.46
462.56,18.59,39.54,1008.56,68.61
455.60882568359375,18.27,50.16,1011.07,95.91
491.9739990234375,8.85,40.43,1025.68,80.42
429.52,30.04,68.08,1011.04,51.01
441.5203552246094,26.06,49.02,1007.59,74.08
467.54,14.8,38.73,1003.18,80.73
449.97,23.93,64.45,1015.35,54.71
436.62,23.72,66.48,1003.61,73.75
475.6921691894531,11.44,40.55,1023.37,88.43
447.26,20.28,63.86,1016.04,74.66
439.76,27.9,63.13,1011.8,70.04
441.14862060546875,24.74,59.39,1015.23,74.64
455.14,14.8,58.2,1018.29,85.11
485.5,8.22,41.03,1021.76,82.97
444.1,27.56,66.93,1016.81,55.59
432.33,32.07,70.94,1006.91,49.9
471.23,9.53,44.03,1008.87,89.99
463.89,13.61,42.34,1017.93,91.61
445.54,22.2,51.19,1009.2,82.95
446.0120544433594,21.36,59.54,1007.99,92.62
445.12,23.25,63.86,1017.82,59.64
443.31,23.5,59.21,1018.29,63.0
484.16,8.46,39.66,1015.14,85.38
477.76,8.19,40.69,1019.86,85.23
430.28,30.67,71.29,1008.36,52.08
446.48,32.48,62.04,1010.39,38.05
481.03,8.99,36.66,1028.11,71.98
466.07,13.77,47.83,1007.41,90.66
447.47,19.05,67.32,1013.2,83.14
455.93,21.19,55.5,1019.83,65.22
479.62,10.12,40.0,1021.15,91.67
455.06,24.93,47.01,1014.28,66.04
475.06,8.47,40.46,1019.87,78.19
438.89,24.52,56.85,1012.59,54.47
429.15167236328125,28.55,69.84,1003.38,67.26
452.6,20.58,50.9,1011.89,72.56
451.75,18.31,46.21,1010.46,82.15
430.66,27.18,71.06,1008.16,86.32
488.609130859375,4.43,38.91,1019.04,88.17
439.82,26.02,74.78,1010.04,72.78
460.73,15.75,39.0,1015.91,69.58
449.7,22.99,60.95,1015.14,69.86
440.3476867675781,25.52,59.15,1013.88,65.37
439.84,27.04,65.06,1013.33,52.37
485.86,6.42,35.57,1025.58,79.63
458.1,17.04,40.12,1011.81,83.14
479.92,10.79,39.82,1012.89,88.25
458.29,20.41,56.03,1019.94,55.85
489.45,7.36,40.07,1017.29,52.55
434.0,28.08,73.42,1012.17,62.74
431.24,24.74,69.13,1010.69,90.08
436.616455078125,28.32,47.93,1003.26,54.5
467.46,16.71,40.56,1019.48,49.88
433.3414001464844,30.7,71.58,1010.0,48.96
452.1,18.42,58.95,1016.95,86.77
472.41,10.62,42.02,999.83,96.66
442.14,22.18,69.05,1002.75,70.84
442.3753967285156,22.38,49.3,1003.56,83.83
463.07,13.94,41.58,1020.76,68.22
445.71,21.24,60.84,1017.99,82.22
484.2145080566406,6.76,39.81,1017.11,87.9
440.45,26.73,68.84,1010.75,66.83
481.83,7.24,38.06,1020.6,85.36
467.6,10.84,40.62,1015.53,60.9
450.88,19.32,52.84,1004.29,83.51
430.0158996582031,29.0,69.13,1001.22,52.96
453.4709167480469,23.38,54.42,1013.95,73.02
428.94,31.17,69.51,1010.51,43.11
439.86,26.17,48.6,1002.59,61.41
433.44,30.9,73.42,1011.21,65.32
438.23,24.92,73.68,1015.12,93.68
436.95,32.77,71.32,1007.68,42.39
470.19,14.37,40.56,1021.67,68.18
484.66,8.36,40.22,1011.6,89.18
430.81,31.45,68.27,1007.56,64.79
433.37,31.6,73.17,1010.05,43.48
456.1371765136719,17.9,48.98,1014.17,80.4
455.8379821777344,20.35,50.9,1012.6,72.43
463.09,16.21,41.23,995.88,80.0
464.56,19.36,44.6,1016.25,45.65
449.2218017578125,21.04,65.46,1017.22,63.02
470.9,14.05,40.69,1015.66,74.39
450.89,23.48,64.15,1021.08,57.77
445.04,21.91,63.76,1009.85,76.8
443.84814453125,24.42,63.07,1011.49,67.39
460.38,14.26,40.92,1022.07,73.96
446.8,21.38,58.33,1013.05,72.75
465.05,15.71,44.06,1018.34,71.69
482.01556396484375,5.78,40.62,1016.55,84.98
484.7458801269531,6.77,39.81,1017.01,87.68
447.09,23.84,49.21,1013.85,50.36
452.02,21.17,58.16,1017.16,68.11
453.9355773925781,19.94,58.96,1014.16,66.27
480.99,8.73,41.92,1029.41,89.72
467.68,16.39,41.67,1012.96,61.07
458.76,15.28,40.0,1016.65,65.0
437.9,22.05,59.92,1009.06,93.74
450.29,18.63,48.92,1011.37,71.72
468.72,15.0,41.17,1015.57,64.82
445.22,20.46,59.21,1018.42,85.89
472.82,11.97,45.51,1016.84,81.47
439.8759765625,26.59,59.92,1009.97,70.09
468.2237854003906,13.76,45.08,1023.77,80.48
449.2859191894531,21.41,59.43,1010.27,74.54
470.59,12.45,37.92,1008.03,61.87
477.07,10.62,39.64,1010.65,62.15
470.11,12.33,37.73,1022.46,59.3
457.44,15.63,44.9,1009.38,82.8
450.38,19.11,50.16,1010.88,100.09
453.38,21.83,41.1,1001.91,41.79
454.9,22.02,64.45,1012.57,47.87
430.3534851074219,26.54,71.98,1005.8,91.16
484.4034729003906,6.9,39.81,1016.74,88.24
471.6116027832031,13.05,34.03,1018.31,64.99
458.36749267578125,19.61,45.01,1014.84,64.42
442.18,26.26,63.73,1010.45,70.61
432.7897644042969,30.56,71.25,1000.3,70.55
447.4907531738281,21.81,63.77,1014.28,83.66
442.66,26.65,58.41,1013.53,65.83
449.01,25.18,57.5,1015.07,60.76
452.66,17.8,46.48,1007.27,81.31
430.11,33.27,66.44,1010.63,43.47
440.54,29.94,65.74,1012.4,46.94
482.6923522949219,8.51,34.69,1026.96,75.34
476.02,9.45,36.71,1024.24,83.28
438.99,24.27,60.23,1011.84,77.8
473.36,11.28,42.44,1014.62,99.78
476.4031982421875,7.93,41.01,1023.64,97.23
467.9,14.3,42.99,1007.32,73.72
442.69,24.31,63.86,1019.47,58.54
435.9945983886719,29.3,70.04,1010.95,61.23
445.58,20.43,63.09,1016.46,91.78
459.69,10.94,39.69,1004.5,86.29
442.01,23.04,57.32,1011.23,64.27
442.38,25.37,44.89,1009.27,63.06
444.67779541015625,21.1,49.16,1006.76,86.08
447.5292663574219,20.4,57.85,1011.14,92.47
448.0,20.51,48.6,1005.29,80.7
473.5621032714844,12.15,38.78,1013.34,95.05
465.9131164550781,15.27,41.16,1009.0,84.12
442.082275390625,23.78,60.27,1018.02,78.06
441.9,22.01,60.84,1017.55,83.82
435.2901306152344,24.72,77.54,1008.39,81.03
435.75,28.84,73.03,1013.99,76.05
439.96,26.53,54.2,1012.9,66.73
456.87,19.82,41.67,1012.92,51.92
466.0683898925781,16.69,40.56,1019.92,51.43
455.34,20.36,56.53,1020.25,72.96
446.98,18.6,68.28,1003.27,84.21
475.02,12.54,40.1,1015.73,84.29
463.7607421875,14.54,46.18,1015.29,94.48
428.26,30.97,67.9,1005.98,55.6
433.36456298828125,26.54,71.14,1007.52,72.04
444.16,25.2,59.21,1017.54,55.53
468.82,13.17,38.52,1018.5,83.77
480.28302001953125,8.53,40.77,1009.85,90.95
445.91,24.06,58.2,1017.46,48.04
474.77,12.25,41.38,1021.81,59.0
472.85,14.7,40.8,1025.78,50.96
466.6127014160156,15.75,39.39,1014.38,76.29
435.30413818359375,29.45,74.16,1010.49,64.87
434.3,30.22,68.3,1014.91,34.9
429.03,26.96,72.58,1009.23,89.62
452.52,18.48,58.59,1015.61,85.14
456.11,17.78,50.66,1015.09,91.9
484.04437255859375,6.64,39.04,1018.84,74.94
446.05609130859375,21.83,63.13,1013.4,85.82
469.0032043457031,13.92,39.58,1012.5,80.28
474.8994445800781,12.14,40.27,1007.57,73.22
466.51,15.64,38.28,1014.39,76.93
461.5,16.0,44.9,1020.5,80.89
481.34,9.75,43.69,1016.81,82.42
467.09,13.56,43.67,1011.34,94.02
488.01,7.94,40.56,1023.25,80.84
448.1,20.46,54.2,1011.4,84.0
448.64,18.23,62.26,1011.48,91.35
446.57,23.14,63.94,1017.49,53.19
448.66,20.55,46.21,1013.21,73.18
440.44,23.58,49.3,1003.8,74.62
463.37,14.51,42.77,1017.47,81.95
476.3603515625,10.05,40.71,1015.51,84.21
436.84,26.91,61.5,1009.47,55.26
464.09429931640625,15.66,41.35,1001.68,86.26
437.220458984375,30.07,69.82,1010.39,57.53
440.07,24.28,68.31,1009.94,77.08
473.67,12.57,39.3,1019.57,72.44
473.96,11.01,42.02,995.24,98.62
437.62,23.3,72.99,1008.54,92.11
437.42,28.76,60.23,1010.03,58.24
450.22,21.4,68.28,1008.2,60.34
435.53,30.33,68.67,1006.0,54.99
443.54,18.89,67.71,1003.92,86.12
454.23,18.83,47.83,1005.58,77.07
471.6,12.32,43.69,1016.26,83.18
438.85479736328125,25.15,68.51,1013.25,72.31
459.9074401855469,17.06,52.9,1019.76,80.9
440.68,23.68,49.02,1007.53,86.05
472.0896911621094,11.95,39.82,1013.4,92.51
441.51,25.39,58.79,1015.85,62.59
479.56,11.52,40.8,1024.31,73.49
455.32,19.69,56.65,1020.86,73.41
434.7933044433594,26.1,74.16,1009.42,85.4
436.42,27.44,74.9,1003.85,76.65
439.6,27.35,66.05,1017.62,55.26
437.04,25.7,69.45,1013.86,56.91
448.11,24.54,58.66,1011.63,57.62
465.01,14.87,41.23,997.39,82.06
471.09735107421875,14.05,40.35,1011.52,66.21
432.82,25.69,73.18,1012.64,86.35
426.64,31.01,67.69,1005.06,46.16
481.95,9.46,42.28,1008.67,78.16
482.19,7.71,40.77,1021.93,87.04
463.6101989746094,15.69,37.64,1016.0,83.88
443.04046630859375,26.45,64.27,1013.23,60.92
450.41790771484375,22.86,60.08,1017.2,67.11
449.26,21.61,49.39,1019.41,78.2
432.82,25.66,77.54,1008.22,78.42
444.71,22.48,71.29,1008.15,75.41
451.88,21.58,63.87,1015.27,63.15
436.1219177246094,25.94,77.24,1007.97,84.82
462.66,16.45,44.68,1018.6,85.14
441.7470397949219,27.88,63.87,1017.79,40.0
442.06951904296875,26.62,65.12,1016.0,43.24
436.75,27.94,49.16,1004.22,35.46
481.2362976074219,5.02,45.87,1007.8,99.22
437.0,31.87,71.22,1006.16,45.66
447.57,24.49,68.61,1010.56,64.03
430.9,30.42,67.69,1006.23,54.19
444.44,20.85,59.21,1012.9,75.97
470.88,13.18,40.03,1017.75,82.29
487.07,5.37,38.68,1017.76,76.48
432.6,31.81,69.88,1007.94,55.91
453.3447265625,20.55,48.98,1016.1,63.89
441.6541442871094,22.49,69.84,1006.78,73.76
473.625,12.57,39.18,1023.09,77.28
433.5751953125,27.35,69.48,1008.51,65.81
457.35,17.82,49.15,1020.73,70.25
442.76,23.25,56.9,1006.82,76.37
471.13,9.37,40.11,1024.94,75.03
444.89,24.43,58.2,1017.18,46.84
453.52410888671875,20.04,49.39,1020.62,78.84
473.0,10.06,43.22,1014.1,85.7
443.3,21.44,50.78,1008.87,87.56
439.41583251953125,29.04,62.26,1010.63,56.6
478.87,8.83,41.26,1023.04,86.08
440.87,24.19,46.21,1010.79,62.04
468.81,11.97,41.04,1026.42,70.75
458.46,19.43,52.9,1017.16,67.41
457.54,15.59,45.09,1013.41,91.97
462.21,13.23,42.34,1018.02,97.49
462.56,16.34,41.16,1006.36,75.52
437.5,28.1,61.02,1011.28,59.05
434.24,26.08,70.32,1012.32,89.0
444.84844970703125,24.44,52.84,1006.39,49.05
455.6556091308594,18.37,58.96,1015.5,67.79
443.57,22.93,51.19,1009.3,82.8
429.28,29.67,73.67,1006.48,64.98
472.59,12.15,43.71,1025.78,93.69
462.09,15.67,45.17,1018.73,94.74
460.63,14.7,48.6,1006.91,85.65
438.97,27.33,52.84,1005.88,56.16
474.1637878417969,12.55,38.91,1012.58,75.44
425.98,31.42,69.13,1009.34,57.16
467.4432067871094,15.44,39.54,1007.49,82.14
444.7489318847656,24.19,47.45,1008.26,64.25
481.02,6.05,41.14,1027.69,86.93
471.64,13.94,42.86,1012.35,88.78
480.0991516113281,5.79,45.87,1010.23,95.41
442.57,27.01,69.75,1009.78,81.29
481.3,9.59,38.56,1017.01,60.1
435.36,27.46,69.98,1013.28,63.73
441.92,22.63,70.47,1008.0,82.27
432.98,28.11,77.95,1009.38,72.81
451.4,18.87,44.06,1013.42,68.78
453.99,15.5,49.25,1021.41,77.92
488.58,3.73,39.42,1024.4,82.42
428.52,26.41,68.24,1010.6,77.79
456.56,17.83,66.86,1011.65,77.31
469.7403869628906,13.44,37.85,1009.78,99.13
461.6803894042969,14.62,46.18,1014.75,96.81
464.41,19.7,43.79,1015.93,47.39
489.62,6.06,41.17,1019.67,84.7
465.76,15.89,38.73,1001.45,74.37
436.89,31.63,69.59,1008.66,61.81
468.35,18.99,44.58,1018.29,54.71
460.95,13.96,40.92,1022.65,73.08
454.23,20.21,54.9,1016.82,66.56
457.9828186035156,15.14,49.64,1023.78,75.0
466.17,18.97,44.85,1014.86,46.31
448.13,21.36,52.3,1007.95,79.38
435.09,29.48,64.69,1006.44,64.46
448.8111877441406,21.1,62.66,1011.19,83.49
431.82,26.51,70.32,1010.3,57.4
437.35,30.93,61.5,1009.81,41.46
478.99,11.64,41.44,1016.4,73.18
483.58,7.26,36.08,1021.47,83.15
468.53,16.36,44.88,1018.34,76.0
449.36,17.43,63.09,1019.87,92.77
473.1,10.37,37.5,1013.19,79.25
439.65,22.8,49.16,1006.4,77.05
447.29,21.0,70.02,1010.22,95.11
479.69,12.68,45.0,1022.54,77.19
471.68426513671875,12.35,44.2,1017.81,82.49
485.04,7.09,43.13,1017.91,92.37
438.53,28.9,68.12,1011.87,46.56
437.42,26.82,69.05,1004.62,40.0
474.2971496582031,11.02,40.71,1020.3,86.64
459.31,14.95,43.72,1010.28,93.62
458.87,16.58,44.68,1021.5,83.38
430.46,31.73,73.42,1010.8,61.81
482.26,8.58,38.38,1021.03,84.37
430.8,28.08,73.17,1011.19,73.1
428.8861083984375,31.01,67.83,1007.95,43.57
448.6,26.94,59.87,1011.66,58.34
462.87,10.2,41.62,1016.52,98.09
484.04,9.2,39.99,1011.73,85.95
432.57,27.69,70.32,1012.2,82.27
435.05535888671875,25.71,71.14,1010.02,66.39
465.78,18.22,39.63,1005.11,79.0
462.19,16.81,42.42,1008.95,74.25
430.38,30.63,74.22,1007.47,46.52
469.93,12.11,38.28,1013.56,93.21
449.57,23.75,60.29,1017.36,64.04
427.06,33.96,68.94,1006.93,47.39
439.47,29.35,54.2,1013.07,42.45
442.97,23.07,50.05,1006.9,86.98
469.71,12.91,41.66,1013.37,71.52
484.14,6.25,39.04,1019.65,71.27
449.66,19.8,58.79,1017.04,87.71
429.0760498046875,31.38,68.27,1006.79,52.79
470.8,10.62,39.96,1025.37,96.64
484.0,6.89,43.65,1019.87,72.77
465.7,16.3,38.73,1001.79,73.45
473.17,14.82,44.58,1020.13,74.88
440.81,22.97,63.94,1010.5,88.47
437.55,31.15,66.25,1008.89,61.08
468.43,15.69,41.93,1021.3,52.69
434.2251892089844,26.65,66.48,1005.7,65.09
445.42,29.38,73.42,1011.49,54.96
459.38,16.77,49.39,1018.61,95.86
440.67,22.77,70.32,1012.04,82.43
459.73,15.91,44.99,1010.93,62.81
442.93,24.33,68.08,1013.02,64.81
457.17,19.69,56.65,1020.79,66.94
430.18,31.76,66.54,1003.02,49.64
466.64,14.47,42.86,1031.55,66.73
428.8966064453125,27.2,72.43,1006.75,80.67
461.38,17.29,44.06,1016.24,77.56
442.46246337890625,25.44,63.13,1011.74,77.83
464.01,16.98,43.7,1015.07,53.51
447.01,22.65,68.67,1006.67,77.42
438.2249450683594,26.41,60.93,1007.16,66.02
448.2017822265625,19.78,63.09,1019.01,78.39
451.41424560546875,19.26,65.61,1015.03,85.74
449.9793701171875,22.25,59.8,1016.79,69.02
480.36,7.1,35.77,1015.39,92.1
457.26,18.53,39.72,1001.26,64.08
434.68,30.47,77.3,1002.13,63.7
438.76,27.34,71.64,1008.12,72.22
437.65,29.8,69.34,1009.36,64.74
446.91,22.69,65.12,1016.35,72.02
452.94,18.58,49.25,1019.92,60.24
466.8773193359375,14.16,44.06,1018.92,76.34
432.67,28.33,78.92,1011.15,70.04
432.5,28.31,70.32,1007.88,47.0
454.7052307128906,21.5,50.59,1017.08,65.28
440.29,29.24,64.33,1011.5,64.14
436.0,25.15,66.49,1012.71,63.46
463.5637512207031,15.48,53.82,1016.1,64.77
458.18,16.07,47.83,1006.99,86.49
458.01,18.02,53.16,1013.41,82.84
466.69091796875,14.99,41.35,1004.56,98.9
438.55,29.62,71.8,1011.05,63.13
441.6,25.04,63.86,1018.92,52.79
471.27239990234375,11.45,40.8,1027.74,78.6
461.96,18.96,44.58,1016.66,71.95
437.5412902832031,26.54,66.51,1015.39,51.22
453.27,22.3,67.25,1017.33,75.85
469.6,14.7,41.39,1018.84,68.19
483.57,9.14,40.6,1015.34,88.91
489.26,6.14,38.5,1012.4,75.35
469.2777099609375,11.24,42.34,1021.3,95.19
435.8551025390625,30.55,71.06,1009.33,73.38
464.82,14.9,52.05,1015.11,77.33
474.37,10.25,37.14,1013.14,70.73
489.38,3.26,41.31,996.32,100.0
440.87,27.54,75.6,1018.26,57.89
466.06,13.65,44.6,1017.99,87.04
449.71270751953125,22.08,41.1,1002.19,46.69
429.53,24.93,69.05,1001.02,85.14
430.53,27.58,71.97,1008.51,87.99
439.22,32.14,75.08,1005.35,49.92
461.7678527832031,16.98,44.85,1015.48,51.77
470.46,13.25,34.03,1018.94,72.1
443.8,25.9,48.92,1009.82,35.42
439.98480224609375,30.27,64.05,1011.93,65.72
449.08,22.37,50.78,1008.84,82.06
448.75,21.93,57.17,1009.81,81.15
433.32,29.65,74.9,1003.22,71.09
458.46,18.32,42.18,1002.27,95.99
450.31,22.76,44.05,1006.95,74.07
485.21,8.95,43.56,1015.04,81.53
469.09,13.12,44.21,1019.57,89.29
449.93,21.18,44.57,1007.27,73.67
459.4,16.71,46.18,1011.61,95.82
465.84,15.01,43.56,1014.65,61.82
432.82,25.96,68.08,1011.34,71.57
430.1895751953125,33.4,69.98,1013.29,47.78
453.0,17.4,63.09,1020.84,92.58
486.8,6.49,35.57,1025.4,79.67
482.79,6.01,35.79,1011.26,90.72
433.82,29.97,69.14,1007.92,66.74
445.02,21.33,63.86,1020.33,72.13
438.08,23.27,64.69,1006.84,70.53
445.19,28.3,59.27,1010.92,61.83
482.0,5.74,45.87,1011.44,95.94
444.3254699707031,21.67,50.32,1008.41,85.99
456.4944152832031,20.06,47.03,1013.66,83.23
480.38,8.25,37.49,1009.02,81.09
444.74,22.61,50.32,1008.41,79.4
432.92,26.31,71.29,1009.87,84.16
449.48,25.03,57.5,1014.96,62.23
478.52,11.44,41.39,1019.59,79.95
441.00909423828125,25.14,49.02,1007.56,79.02
437.32080078125,30.91,69.75,1010.23,59.36
434.2338562011719,31.54,71.06,1008.4,71.77
464.25,12.24,44.9,1020.31,82.22
490.41,6.65,39.33,1011.29,92.85
476.72,8.31,40.46,1020.07,78.18
444.43,22.72,50.05,1007.0,88.24
445.45,22.78,58.59,1012.84,65.55
436.64,25.63,72.99,1008.2,86.8
482.25,6.01,35.79,1011.05,91.33
451.46,20.21,65.06,1016.46,73.36
475.611572265625,7.47,40.64,1020.47,94.8
450.99,19.73,69.51,1013.14,61.84
471.44,13.57,39.39,1014.01,82.12
464.9007263183594,14.8,42.77,1019.14,76.53
474.7,10.41,44.68,1023.53,91.38
476.9676818847656,12.33,39.85,1012.53,66.04
437.7,26.65,73.18,1012.27,83.12
449.24,19.09,56.51,1015.58,92.56
469.4635009765625,12.81,45.51,1015.46,79.97
475.85,9.99,36.71,1023.57,83.53
474.97,13.02,40.1,1014.43,87.32
470.1106872558594,14.15,39.28,1013.5,77.63
460.57,19.46,47.03,1013.9,88.86
446.95,23.19,42.67,1007.83,63.31
452.18,20.25,58.59,1012.99,65.98
436.04,31.9,69.4,1003.4,57.76
462.01,20.76,44.58,1017.09,57.47
461.78,20.51,42.23,1013.25,71.83
440.81,22.56,70.98,1005.66,95.95
436.5523681640625,25.64,68.14,1005.48,56.11
442.86,23.63,58.79,1017.2,67.68
466.2470397949219,15.3,43.14,1015.11,71.35
487.3,6.79,39.37,1019.79,72.39
441.83,23.89,48.41,1010.48,62.31
440.8,26.23,63.56,1013.57,65.81
470.1084289550781,12.5,45.51,1015.8,82.82
443.39,21.97,68.12,1012.53,75.12
437.21,24.11,66.51,1015.35,56.01
464.13,18.24,49.5,1014.37,79.36
450.0637512207031,19.7,52.84,1004.86,89.72
458.66,19.15,57.76,1019.62,74.89
469.47,14.79,39.52,1017.95,71.97
443.36956787109375,25.13,68.63,1013.57,43.44
440.5,23.02,59.21,1011.74,83.18
437.65,34.35,77.17,1009.26,59.33
436.0735168457031,23.95,66.48,1003.55,73.68
444.0404968261719,25.52,63.94,1017.81,41.54
449.9073791503906,23.56,42.67,1008.01,66.76
441.29,26.67,59.44,1012.01,58.83
458.73,18.7,66.51,1015.14,79.23
442.5059509277344,25.89,63.56,1013.82,64.51
440.2060241699219,27.25,50.05,1006.53,60.64
455.3,16.73,58.59,1015.02,89.61
431.251220703125,30.67,77.95,1015.28,61.67
466.52,13.98,54.3,1015.58,74.91
435.59,25.42,69.71,1009.29,82.5
455.18,21.57,66.49,1014.76,68.19
440.4910583496094,23.66,67.17,1007.24,87.56
471.12,13.87,42.99,1007.45,81.52
478.12,9.42,41.4,1029.6,87.43
473.0743408203125,13.61,39.85,1012.78,58.12
441.94,23.84,59.87,1019.11,59.59
441.56988525390625,31.09,59.57,1010.67,60.5
489.3858337402344,3.98,35.47,1017.22,86.53
426.53,29.28,74.33,1011.66,72.37
447.01,23.55,58.79,1010.78,78.47
458.1930847167969,17.37,48.92,1011.91,58.4
457.8944396972656,18.34,44.63,1000.76,89.27
468.8915100097656,13.86,40.83,1008.76,82.4
439.14,27.36,58.33,1013.86,56.7
440.74,27.71,54.2,1012.72,47.25
485.06,8.46,40.8,1023.57,81.27
441.29,25.18,47.93,1002.92,60.33
447.29,21.82,63.9,1014.48,92.53
464.5191650390625,15.61,40.89,1010.48,80.26
430.7028503417969,30.4,71.97,1008.42,76.28
472.64,10.54,42.02,997.5,99.77
468.96,10.59,39.96,1025.87,97.05
473.0757751464844,12.52,41.44,1016.08,68.94
426.61,32.92,69.05,1000.74,39.61
440.69,21.14,69.94,1008.87,79.74
446.4093017578125,26.33,64.45,1013.12,43.31
436.77,27.19,71.58,1010.85,76.1
455.9853210449219,19.64,56.53,1019.6,76.19
457.74,15.52,58.59,1014.12,91.22
474.46,12.95,41.38,1021.97,53.83
486.39,6.43,36.08,1022.73,85.03
436.23,25.21,60.37,1006.01,73.14
459.81,21.24,41.67,1012.6,49.27
469.73,9.63,41.14,1027.99,87.89
442.78,24.32,58.79,1016.8,65.61
450.68,17.47,63.31,1015.28,88.22
470.23,14.54,39.39,1013.87,76.39
454.142822265625,20.74,49.69,1010.91,69.1
478.85,8.75,40.77,1021.99,86.46
437.29,27.67,69.59,1009.13,82.15
450.92,23.21,58.66,1012.24,65.31
483.0606689453125,7.49,39.81,1019.03,87.29
484.7471008300781,7.82,38.91,1015.58,90.11
479.68,7.77,35.77,1016.53,73.79
442.85,22.84,50.05,1005.59,79.49
480.01,10.48,41.93,1017.17,92.81
481.46,10.2,41.46,1020.23,84.54
445.25,27.24,68.08,1013.23,51.96
477.57,9.37,42.32,1015.15,82.96
449.2462463378906,24.12,58.66,1011.55,58.96
464.7289123535156,14.54,43.14,1010.26,82.98
431.83306884765625,31.23,66.75,1017.48,36.55
479.48,5.41,45.87,1008.47,97.51
439.21,15.61,38.52,1018.4,80.99
438.9147033691406,26.9,59.14,1016.18,70.88
437.43,23.95,73.67,1007.32,87.67
480.38,9.2,40.03,1017.05,92.46
480.1445007324219,9.51,43.79,1016.02,79.81
477.51,8.51,41.26,1023.17,87.79
459.12,19.66,51.43,1010.17,84.19
440.7395324707031,27.33,51.43,1006.18,67.6
449.02,21.43,63.94,1017.28,57.49
465.54,14.97,43.67,1011.13,87.33
443.85,21.97,69.23,1012.25,86.45
480.48,8.34,40.77,1010.84,90.01
444.513427734375,21.86,60.27,1016.06,90.48
433.6012268066406,24.59,71.94,1006.89,88.52
435.41,26.26,73.06,1009.35,91.65
432.49,26.76,71.94,1008.81,64.62
438.44,30.98,69.82,1009.17,50.63
451.99462890625,19.22,65.06,1015.05,82.5
434.94,25.72,70.47,1010.44,70.57
458.23968505859375,22.37,41.54,1013.74,72.21
443.18,26.05,44.89,1009.83,56.36
452.2910461425781,20.8,50.9,1012.07,73.16
431.28,29.1,77.95,1010.01,71.48
477.5689697265625,11.17,40.27,1009.54,74.56
465.3950500488281,11.35,40.73,1019.37,96.05
452.5819396972656,18.12,63.09,1019.32,89.21
463.62,16.97,42.86,1013.92,74.8
474.07,10.22,38.18,1018.01,70.7
472.7533264160156,13.1,40.55,1007.59,95.46
454.74,18.22,45.09,1013.62,75.56
491.4966125488281,4.15,39.9,1008.84,96.68
448.81201171875,19.15,59.21,1018.41,88.9
460.59,15.87,39.31,1009.95,66.78
480.212890625,8.05,40.8,1028.01,89.56
448.49,18.81,61.87,1009.71,70.47
449.81,23.95,51.86,1014.24,68.28
467.1763610839844,13.21,41.2,1016.63,74.1
481.52,9.38,43.7,1015.45,90.47
438.39,27.41,59.21,1013.3,50.93
450.55,18.42,63.94,1020.47,74.47
452.0169372558594,19.51,44.05,1008.52,78.38
433.18377685546875,28.5,76.86,999.49,77.47
467.98,11.97,42.32,1016.95,88.32
485.2,3.0,39.64,1011.0,80.14
475.53,12.11,41.17,1019.46,62.59
470.27,12.32,41.26,1022.42,79.74
479.86,8.83,36.3,1027.08,72.69
453.54,20.08,49.69,1008.34,69.88
429.86,32.12,69.98,1013.31,54.3
456.7228698730469,18.68,56.65,1020.38,80.26
432.66,28.33,68.27,1008.09,50.37
435.39,25.14,67.32,1013.96,41.78
429.3785095214844,31.43,69.89,1014.8,56.22
439.5720520019531,29.54,72.29,1011.0,42.0
435.21,24.94,74.33,1014.3,75.34
430.62,26.49,67.69,1004.61,78.13
450.82,23.89,64.27,1013.37,75.22
470.13,14.41,40.83,1009.82,80.43
431.8460388183594,29.3,68.08,1011.23,56.23
437.7,23.09,69.71,1009.75,91.35
432.8,23.23,71.77,1005.01,88.1
432.97,28.86,67.9,1006.29,57.19
477.69,7.4,41.04,1024.44,90.9
441.48,25.23,61.86,1013.0,76.18
435.52447509765625,26.69,79.74,1008.29,73.79
445.7021789550781,23.99,45.87,1007.63,52.62
437.35,31.65,66.25,1008.57,59.05
483.63,8.94,43.13,1014.82,76.66
452.5638732910156,15.79,58.86,1015.85,91.91
477.5,11.43,40.22,1010.84,81.04
445.12,21.14,67.71,1006.38,56.78
441.19287109375,25.21,65.34,1013.94,65.04
478.52,10.42,39.35,1015.21,89.75
485.0213317871094,4.84,38.5,1011.96,81.62
437.55,21.57,69.23,1011.94,81.73
456.27,20.86,39.72,1001.73,56.38
473.16,11.06,37.92,1008.76,67.32
455.85,15.86,40.66,1016.23,86.74
443.3246765136719,22.12,60.77,1018.01,83.87
436.94,30.2,71.8,1011.13,60.66
483.49,7.91,37.8,1020.59,61.0
453.4,17.1,62.1,1020.39,93.63
468.01812744140625,13.06,44.2,1018.95,85.68
445.91,20.73,69.94,1009.9,82.12
474.0942077636719,10.69,36.71,1022.08,83.28
460.50775146484375,17.28,44.06,1018.15,66.93
477.12,8.13,39.96,1026.07,95.84
457.17,19.4,39.53,1007.96,63.38
444.00146484375,25.21,59.21,1017.37,55.06
451.03,25.67,58.59,1013.0,62.34
477.38,7.31,42.18,1014.75,86.75
445.22198486328125,24.27,57.85,1012.81,63.48
450.5,25.8,65.38,1009.3,52.28
464.14,20.68,42.04,1010.2,63.43
446.22,21.26,50.32,1008.41,87.22
471.98602294921875,11.2,35.76,1019.24,64.59
456.28,20.0,39.53,1007.59,62.09
478.03,10.34,41.46,1017.75,89.73
478.34,7.72,41.14,1025.11,96.75
437.91,26.79,77.95,1009.9,80.22
446.1347961425781,21.26,60.84,1018.43,78.83
467.97857666015625,12.85,40.92,1023.04,84.04
430.29,28.07,70.32,1007.17,67.02
461.7,17.72,39.99,1007.34,72.3
434.1850891113281,26.43,75.33,1004.09,86.48
441.45,27.39,67.07,1006.17,58.2
441.65,30.18,65.74,1012.63,47.74
436.5537109375,25.45,67.83,1009.47,57.97
474.3443908691406,11.72,41.54,1020.04,66.84
483.1,8.43,40.6,1015.39,91.81
464.42333984375,16.18,41.66,1010.01,65.62
466.14678955078125,13.33,54.3,1016.77,80.32
453.54,26.18,52.36,1013.46,56.65
484.3896789550781,8.57,41.17,1020.18,72.47
449.9878234863281,21.22,59.15,1014.68,59.71
437.95660400390625,26.53,65.18,1012.77,64.37
470.92,12.34,40.1,1015.77,92.26
450.54,19.54,44.57,1007.19,78.93
479.89,9.68,41.44,1015.19,87.34
449.22,18.19,66.54,1012.9,86.05
434.51,31.25,68.94,1005.99,49.61
428.62,26.8,72.58,1008.94,78.24
465.64,16.82,41.66,1010.49,63.14
442.093994140625,29.52,64.79,1017.53,44.83
433.18,26.93,72.99,1007.33,78.85
479.0,9.45,41.4,1027.06,87.35
462.81,13.98,44.84,1023.6,89.09
432.26,29.15,73.42,1011.43,66.49
478.34,10.28,39.61,1020.43,69.09
442.94,21.24,63.47,1011.86,97.02
449.5,11.41,41.4,1019.01,78.59
456.87,20.15,39.72,1001.85,59.32
476.7271423339844,11.39,40.27,1009.04,73.13
447.3351745605469,22.07,50.78,1008.6,61.33
428.75,28.28,69.48,1008.56,61.3
475.21,9.96,41.26,1022.9,83.83
448.67724609375,21.69,44.57,1005.84,71.53
469.12,13.93,44.21,1022.26,82.4
439.9356384277344,23.63,60.93,1006.41,83.06
459.48,16.39,52.75,1024.42,54.61
467.8455810546875,13.93,44.9,1022.15,85.93
464.23,14.5,41.76,1023.94,84.42
449.21,18.84,67.32,1012.63,81.89
442.8463134765625,27.19,64.27,1013.06,58.13
445.66,20.95,70.72,1009.96,87.73
463.81,14.49,41.92,1030.3,56.62
432.27,24.77,71.94,1006.77,88.86
450.35,21.14,48.78,1020.39,86.2
437.651611328125,28.4,59.27,1012.03,59.75
448.49,17.69,65.46,1013.72,67.28
441.44,23.39,63.94,1010.54,89.94
449.88,20.98,43.77,1010.67,62.73
486.76,7.24,41.17,1020.35,80.56
447.8669128417969,22.17,65.61,1014.71,70.91
462.0350646972656,19.23,41.67,1012.53,48.86
475.44,10.82,41.55,1004.55,65.14
459.83892822265625,16.7,50.66,1014.86,94.87
449.0,19.83,51.19,1008.13,91.29
435.87,29.99,74.9,1003.84,64.43
441.21,25.02,60.77,1016.71,69.85
479.41912841796875,8.85,40.22,1008.61,90.6
473.2,9.87,40.81,1017.17,84.25
439.2440185546875,24.04,72.43,1008.02,87.2
429.93115234375,26.45,69.13,1001.53,89.64
435.7,27.58,57.19,1007.88,52.95
459.25408935546875,16.53,53.29,1018.64,87.47
438.24,29.24,60.23,1009.62,59.71
457.5526428222656,15.52,40.0,1017.0,66.27
430.67,28.47,67.69,1004.79,56.51
480.8,8.27,35.76,1020.11,75.25
438.4,26.75,64.79,1017.79,54.31
434.36,22.64,72.24,1011.07,98.55
451.22650146484375,19.59,66.54,1012.73,85.84
456.61,18.56,42.18,1001.46,99.59
476.0599060058594,9.35,44.03,1011.02,88.11
433.24,28.5,72.99,1007.02,67.13
438.22,23.42,73.17,1012.07,88.39
431.27,22.66,68.3,1017.73,86.92
430.0077819824219,32.0,71.85,1008.44,53.59
446.7199401855469,21.11,65.94,1009.83,71.91
438.8017272949219,26.34,69.04,1009.44,72.06
465.57,20.94,44.78,1008.14,35.7
448.4245910644531,20.54,59.39,1014.07,84.15
481.78,8.16,39.64,1011.21,85.56
433.6610412597656,29.11,74.9,1003.31,74.01
454.67083740234375,20.16,57.76,1019.34,72.1
450.54,24.87,68.61,1011.19,55.69
436.06,25.86,59.92,1009.92,73.95
433.2428283691406,27.26,73.18,1012.58,74.83
428.90496826171875,28.59,69.84,1003.79,67.31
482.8,8.75,40.22,1008.96,90.53
476.62,9.11,40.64,1020.68,86.91
436.4859313964844,22.98,69.84,1005.55,84.1
473.2984619140625,11.28,43.41,1017.91,81.03
439.68,26.12,75.6,1017.41,72.31
430.23,32.9,68.51,1012.95,50.09
463.05,17.31,44.71,1017.43,35.4
477.78,5.25,42.85,1013.75,89.67
444.69,22.57,62.4,1009.77,86.05
447.06,20.41,50.32,1008.45,93.12
472.0172119140625,12.29,40.03,1017.62,89.64
438.3149719238281,24.3,69.94,1007.02,62.14
465.1312561035156,11.56,41.62,1012.5,91.42
470.8431091308594,14.21,39.16,1016.5,85.09
437.62,24.96,68.12,1011.27,70.22
434.01,28.16,70.4,1003.77,83.17
448.4936218261719,22.86,47.43,1009.75,61.54
465.07,14.43,45.08,1023.23,83.98
433.4083557128906,29.3,67.69,1007.17,55.5
460.26,22.61,42.8,1014.24,69.71
447.5190124511719,19.83,59.21,1012.67,96.42
441.10443115234375,26.17,59.92,1010.01,73.75
483.27,5.78,45.87,1012.65,88.8
475.0,8.77,40.46,1019.68,77.84
438.6774597167969,24.48,69.13,1002.88,69.43
464.1216125488281,15.29,41.1,1005.75,85.53
476.5362548828125,9.44,43.99,1020.31,98.06
442.23,26.4,48.41,1008.51,66.95
450.38,21.95,60.95,1015.22,75.09
452.31,22.42,60.08,1017.71,67.46
443.31,24.32,65.48,1017.55,59.02
443.72,30.15,72.51,1009.37,50.64
476.45,6.86,40.02,1031.5,77.94
458.69,14.46,45.87,1008.26,89.44
487.06231689453125,4.73,41.31,999.77,93.44
478.7889709472656,10.27,38.38,1022.16,70.77
453.94,20.37,54.9,1016.94,65.86
483.55,8.12,43.02,1013.56,85.26
433.637451171875,28.57,69.34,1007.98,65.55
459.81,18.81,49.15,1020.79,67.09
441.97,28.62,63.77,1012.82,55.77
469.0682067871094,13.96,40.83,1009.89,84.86
432.51,30.47,72.86,1004.02,66.35
439.31,29.13,66.56,1006.63,52.85
441.5467529296875,24.41,56.9,1006.58,77.94
469.79,14.56,45.51,1015.39,69.84
483.982177734375,7.11,39.9,1008.82,87.76
481.44,7.92,39.54,1011.51,84.41
464.3,14.56,41.76,1023.82,85.36
463.83,17.45,42.28,1007.64,69.19
432.7551574707031,29.75,70.32,1007.35,55.8
467.71,14.86,37.85,1010.58,86.8
472.62,10.57,36.71,1022.11,82.39
433.1743469238281,30.09,76.2,1006.64,61.02
485.6304626464844,6.82,41.03,1022.12,87.63
465.16,15.4,41.16,1005.34,80.22
484.4845886230469,7.31,43.02,1014.19,86.43
425.61,32.56,68.94,1007.12,58.18
480.146240234375,9.77,39.04,1023.73,76.06
430.24,29.22,72.39,1000.87,77.39
468.86,14.33,38.73,1003.52,85.92
443.78,23.36,74.93,1016.57,71.91
456.07,15.23,44.9,1007.75,81.34
439.53955078125,26.82,65.27,1013.6,53.85
432.75,32.41,72.86,1003.69,58.04
469.83,12.92,39.35,1014.56,88.29
460.17,16.92,44.6,1017.34,58.75
451.37,17.18,63.09,1020.67,93.58
441.1973876953125,29.31,64.84,1010.49,53.97
439.32708740234375,27.04,48.41,1008.57,60.73
469.130615234375,13.21,43.71,1024.5,86.59
476.42,12.3,39.85,1012.59,73.38
463.6,14.66,41.76,1022.12,78.13
436.56,29.1,73.9,1007.47,59.48
445.25,24.54,60.23,1011.55,72.78
442.29,25.24,68.67,1006.76,76.95
435.79,24.81,66.44,1011.19,69.96
480.4,8.75,36.3,1015.61,57.53
456.85089111328125,18.01,44.2,1018.84,55.72
433.15,28.44,67.07,1006.08,50.42
474.26,13.56,40.75,1016.05,74.64
471.99,8.13,71.14,1018.94,86.7
463.46,18.97,44.78,1007.87,47.98
442.2,25.66,70.02,1010.89,68.14
444.93,24.32,66.25,1009.09,91.89
458.05,16.7,46.18,1011.4,95.51
476.5882568359375,7.61,43.22,1014.8,86.92
482.37,9.01,38.56,1016.67,63.61
467.3138732910156,14.98,39.58,1011.78,75.07
437.18,30.24,67.32,1014.07,46.53
472.46,13.53,38.73,1004.86,85.38
462.9178161621094,16.73,43.79,1016.25,73.58
475.59,11.94,39.28,1017.04,89.88
449.04,25.68,67.79,1010.66,69.51
448.9469909667969,17.84,61.27,1020.1,70.68
448.7864990234375,22.66,61.27,1019.29,55.43
464.6513977050781,15.69,44.6,1014.06,61.51
442.5,22.88,63.91,1009.63,87.82
427.15,30.78,73.67,1005.97,58.7
457.16357421875,18.44,45.38,1014.3,86.02
464.02,12.03,41.58,1015.09,90.43
438.42205810546875,27.74,74.78,1010.05,60.82
433.5,33.01,69.88,1006.71,53.25
479.33,10.56,41.54,1019.92,78.95
434.82,28.8,71.58,1010.51,59.87
457.3654479980469,18.0,44.06,1016.8,78.88
465.7098693847656,15.27,38.73,1002.83,77.77
485.57,6.26,41.31,1002.04,87.54
477.65,9.24,41.4,1018.34,84.91
455.27447509765625,19.65,51.3,1014.81,90.23
445.65,21.32,49.02,1008.81,85.81
484.94,8.43,40.69,1020.36,87.28
459.9,23.49,42.8,1013.96,65.31
457.8759765625,17.88,46.97,1013.73,67.78
444.0163879394531,24.7,44.57,1008.24,57.62
442.23,28.4,74.93,1013.65,48.6
438.09,24.59,60.37,1005.31,76.81
452.93,18.28,60.1,1009.72,85.79
475.8016052246094,10.08,37.92,1010.47,66.37
462.3,14.48,46.18,1015.83,92.15
448.25,24.77,48.92,1010.25,47.04
431.29,26.13,79.74,1005.61,90.27
484.9781799316406,7.61,38.06,1021.16,83.22
443.6351623535156,22.06,59.21,1012.84,87.06
452.39,20.51,39.72,1002.25,47.97
445.44,22.99,56.57,1013.93,78.77
464.63,14.05,39.59,1011.2,94.54
474.36,10.95,40.81,1016.19,77.96
473.82,11.84,40.05,1014.54,86.78
445.0,20.76,51.19,1009.0,87.23
466.87640380859375,12.89,48.14,1017.48,83.95
430.22,26.62,72.43,1006.79,82.74
465.87,15.8,41.1,1003.0,77.36
458.92,17.8,43.72,1008.71,78.5
478.65,5.5,39.04,1021.46,78.91
471.1542663574219,12.38,44.2,1020.23,81.5
457.02,17.14,44.2,1018.91,62.18
477.34,9.41,39.61,1016.14,78.38
466.92291259765625,14.44,41.2,1015.96,81.97
475.13,11.68,40.55,1022.21,85.76
460.01,17.48,49.39,1021.51,84.53
472.12,13.87,41.74,1021.42,64.02
436.0859069824219,23.57,70.04,1011.06,82.79
464.72,15.85,49.69,1015.48,88.65
435.48,25.59,73.5,1011.19,81.52
461.18,13.95,71.14,1019.76,75.51
461.0826721191406,17.12,49.5,1014.79,87.03
437.1,23.99,67.69,1007.9,78.57
442.62,24.41,52.3,1006.28,70.33
437.28,30.25,71.8,1010.87,60.4
472.15,13.38,40.89,1010.48,92.55
430.6723937988281,27.55,73.68,1013.62,81.13
439.37,25.16,77.3,1000.73,86.4
430.19,34.15,68.51,1010.75,37.02
465.94,12.68,40.73,1017.66,92.08
444.95,24.64,58.49,1011.2,72.67
446.31,25.38,70.94,1007.87,73.59
434.43,31.35,71.32,1005.99,62.35
477.0,7.79,41.01,1024.0,97.2
453.16,19.19,63.31,1016.88,66.58
466.52,11.8,42.34,1020.25,93.54
451.71,20.47,63.07,1012.79,88.67
437.7308654785156,24.82,71.94,1010.5,64.67
434.64,29.6,71.58,1010.34,52.56
474.49652099609375,9.48,40.11,1025.49,73.81
435.47491455078125,28.42,73.4,1011.39,62.72
478.29,11.86,39.85,1013.0,66.92
470.44,14.48,40.89,1011.39,82.18
486.79,4.71,42.07,1005.35,82.26
444.29864501953125,21.7,60.77,1018.07,88.15
432.02850341796875,28.97,67.9,1006.19,65.81
468.22,14.1,44.84,1025.09,79.42
470.05,11.74,40.71,1020.64,82.15
446.85,23.82,48.92,1010.48,44.45
450.67,23.01,44.05,1006.56,74.95
433.3236999511719,25.77,68.08,1010.99,73.58
440.58,27.0,59.15,1013.12,61.39
469.4710388183594,11.92,40.62,1015.91,55.4
468.6543884277344,12.83,41.67,1012.84,84.29
465.82513427734375,13.69,43.22,1009.94,74.64
466.2,14.17,42.86,1030.94,66.47
463.5205383300781,12.82,41.58,1020.37,81.06
455.93,16.7,46.18,1012.6,96.15
480.96,6.5,41.14,1028.15,86.78
486.4,8.28,40.56,1023.29,79.44
435.75,28.46,69.75,1009.46,79.75
437.4,27.16,56.85,1012.07,39.05
469.98443603515625,14.12,42.86,1011.84,88.29
478.19,10.8,40.69,1014.3,87.44
449.8124084472656,21.4,44.57,1005.7,73.09
450.76,26.45,54.5,1014.96,65.55
441.04,27.39,66.93,1017.16,53.75
442.46,25.78,47.93,1003.67,67.23
478.8,9.5,37.36,1015.13,63.41
437.96533203125,25.1,74.87,1010.01,79.41
430.92,31.98,70.17,999.43,59.42
471.49,11.71,40.05,1014.49,86.09
464.23,13.81,40.2,1013.66,88.16
448.9,21.95,68.63,1012.8,61.55
483.6778259277344,6.94,39.61,1017.74,81.43
471.19,14.26,42.86,1011.33,88.37
446.59,19.04,50.12,1010.53,100.09
468.2635803222656,14.65,39.28,1014.04,77.98
448.41,22.35,65.61,1016.27,73.93
436.05,33.33,73.03,1014.2,42.28
461.59375,12.32,41.62,1012.16,88.37
436.29,29.55,66.25,1009.38,69.55
463.06,14.81,42.77,1017.83,75.09
454.4,19.48,58.66,1013.32,73.16
449.82,28.01,51.43,1011.6,49.2
425.68,31.46,70.79,1003.54,59.51
470.2148742675781,13.98,40.71,1022.72,71.83
432.74,27.32,73.42,1012.07,86.3
445.3,24.75,63.57,1010.47,84.24
438.25,28.29,61.86,1011.87,64.17
432.7818908691406,26.24,70.36,1005.4,82.43
481.18,9.54,41.17,1019.79,65.61
441.75,27.44,52.3,1008.15,58.92
449.67,20.86,51.3,1012.03,92.46
481.7732238769531,7.69,36.24,1013.08,88.37
453.29705810546875,22.97,64.15,1021.0,70.61
460.76,20.24,56.03,1019.78,59.8
483.797607421875,8.5,39.16,1014.1,86.64
452.01,19.38,63.56,1013.13,83.54
446.76,21.31,58.05,1012.94,88.39
433.56,32.98,71.32,1003.67,49.78
434.91,26.49,78.92,1010.82,83.42
436.15,32.14,68.31,1010.48,42.15
476.1,9.45,43.5,1018.89,84.29
464.15,15.06,39.3,1019.63,63.32
461.1048889160156,15.7,44.21,1021.26,86.83
448.31,21.47,57.19,1006.45,75.8
479.10040283203125,9.08,36.71,1025.07,81.32
432.77,25.72,72.39,1003.01,86.38
448.37,20.25,63.91,1009.27,97.97
444.99,23.7,62.91,1012.26,57.89
434.66705322265625,31.84,71.37,1003.51,46.22
463.4305725097656,13.15,41.14,1026.72,80.31
479.16357421875,10.33,41.44,1015.24,86.72
433.8835144042969,29.23,77.3,1002.71,65.24
445.52,20.29,65.27,1013.17,74.94
479.53,12.65,41.93,1023.07,65.05
443.03,25.06,65.46,1014.37,38.82
444.62,23.0,63.78,1015.85,70.46
452.13,21.9,47.43,1006.8,60.48
445.85,23.76,58.41,1013.85,85.38
481.38,10.05,41.17,1018.98,83.71
443.8056335449219,24.81,59.43,1009.42,54.64
448.06585693359375,25.69,64.45,1013.05,42.0
467.22,14.1,44.92,1023.95,89.5
480.89739990234375,10.17,41.46,1020.01,84.86
462.52,16.57,53.82,1015.17,63.69
465.42,19.02,44.85,1014.57,43.37
466.27,14.8,40.2,1012.87,88.35
434.27,29.39,69.89,1013.92,47.36
442.13,25.38,63.87,1018.7,52.48
463.71,13.52,42.34,1017.97,95.34
445.05523681640625,22.31,51.19,1009.38,79.72
457.75982666015625,17.55,43.14,1018.86,76.0
474.26,12.83,44.88,1017.86,87.88
434.35,26.77,74.22,1008.87,74.68
445.27,24.49,65.46,1015.77,44.95
467.0,15.21,43.56,1012.92,56.61
431.97,31.15,67.45,1014.85,42.11
451.96,19.45,38.52,1017.99,62.86
461.96,17.68,45.17,1017.5,77.57
443.75,22.01,58.46,1016.26,75.99
471.4655456542969,13.6,42.86,1013.37,87.52
462.13,17.63,40.55,1002.27,73.42
444.4,23.74,52.3,1008.88,76.34
452.0,21.34,51.61,1010.11,80.7
484.65,6.48,36.24,1013.62,92.03
442.3978576660156,24.32,59.14,1017.46,80.14
473.56,13.8,39.82,1012.37,83.69
434.89,30.74,71.77,1006.24,53.38
431.8022155761719,26.52,77.17,1008.71,92.32
448.3258056640625,24.01,46.93,1013.3,52.24
434.69207763671875,25.12,71.58,1010.18,87.5
429.38,33.26,68.51,1012.49,52.68
489.11,3.38,41.31,998.79,97.76
457.50445556640625,15.77,58.16,1016.09,82.56
469.820556640625,10.75,45.01,1018.73,93.16
463.31,18.04,44.85,1015.13,48.4
454.32373046875,20.79,50.59,1017.75,73.35
439.96,24.85,70.09,1006.56,70.09
468.8059997558594,14.87,35.71,1015.53,57.7
475.6153869628906,10.93,39.22,1019.44,64.94
472.9305725097656,9.51,40.46,1018.84,70.12
440.12,27.57,60.07,1016.52,54.75
440.99,26.13,48.06,1013.5,47.67
465.88,11.72,40.92,1023.35,88.55
451.93,13.32,41.7,1020.22,88.3
461.52716064453125,15.65,54.3,1018.0,69.66
434.08,28.98,70.8,1008.19,73.45
445.841064453125,21.96,48.6,1004.87,76.27
450.551513671875,21.29,47.45,1008.85,71.6
450.18,22.0,51.3,1012.87,85.79
461.54,16.49,49.39,1018.1,93.13
441.93,23.57,63.91,1011.65,80.74
438.01,22.72,69.13,1010.81,92.43
432.38,26.06,71.73,1009.65,77.02
434.13397216796875,31.11,74.16,1012.2,58.86
459.01,17.34,45.01,1013.22,77.71
449.1,24.42,64.79,1016.12,69.32
428.61,28.88,71.98,1005.37,74.24
466.75,14.28,42.77,1020.06,81.77
472.9335632324219,12.28,40.92,1023.23,89.14
459.29852294921875,19.92,38.52,1018.15,60.68
479.6839294433594,7.98,40.77,1008.69,98.65
430.59,29.17,72.99,1006.86,64.92
444.39,20.71,58.79,1017.48,86.67
448.3105773925781,25.15,62.91,1012.23,48.22
459.79,18.45,42.44,1013.45,63.52
432.32598876953125,27.96,77.24,1007.23,78.51
459.53,22.61,45.38,1013.92,62.91
476.4569091796875,10.62,39.64,1010.51,68.55
483.8286437988281,7.55,38.08,1019.37,76.32
430.7405700683594,28.84,74.67,1016.52,67.43
443.98,23.55,65.94,1011.76,58.44
464.66,19.11,44.85,1014.76,45.86
438.3180847167969,25.87,67.79,1011.16,79.88
473.51,11.68,40.55,1017.31,99.82
432.3441467285156,27.51,73.67,1005.71,76.75
470.5764465332031,14.43,39.82,1012.56,78.52
434.01995849609375,30.22,74.9,1003.57,67.15
454.6797180175781,18.41,44.9,1008.97,73.81
431.3018493652344,29.56,71.14,1011.42,53.18
430.07,31.54,77.24,1007.83,62.98
442.29,25.16,43.21,1011.73,88.69
436.97,30.75,73.88,1005.62,57.95
457.9422607421875,16.71,46.18,1012.06,96.6
448.22,20.29,63.09,1019.03,76.07
441.99,25.16,54.2,1012.69,58.02
437.73,22.56,66.48,1003.82,77.46
438.7046203613281,32.81,75.08,1005.09,42.0
432.5536193847656,27.04,69.98,1008.5,75.41
474.91,10.58,42.34,1022.32,94.01
444.48,22.91,66.44,1011.23,63.43
433.73,31.35,68.67,1005.26,66.85
474.824951171875,10.55,41.55,1005.02,63.24
440.93,21.53,70.02,1010.33,95.95
472.22,13.42,38.91,1012.81,73.82
465.85662841796875,14.26,44.47,1028.81,72.19
444.6,21.89,74.78,1010.35,80.39
454.63,22.98,51.95,1006.83,74.92
452.6078796386719,18.63,61.27,1019.69,73.67
437.01,26.28,73.06,1008.06,90.7
477.55096435546875,10.12,41.55,1005.78,62.34
438.4669189453125,34.53,73.03,1013.53,36.74
433.6046142578125,25.55,71.64,1009.09,79.35
436.95,25.41,68.94,1007.21,69.2
444.9,25.59,65.46,1014.47,37.89
436.0213317871094,23.09,69.13,1010.93,90.07
480.6081848144531,10.31,40.67,1017.61,69.61
434.99,30.1,66.25,1009.38,65.41
464.36,16.81,42.86,1013.83,77.11
445.3285827636719,21.87,69.45,1014.04,71.19
433.96575927734375,26.75,43.21,1012.29,87.28
438.12,26.3,69.05,1005.37,41.7
428.79,27.19,64.96,1006.71,73.99
436.55,24.15,71.73,1009.76,85.16
433.14,29.28,77.17,1009.4,76.3
466.51,13.61,38.47,1015.1,54.98
447.4401550292969,22.04,57.32,1012.54,62.17
479.56,9.86,38.38,1018.22,85.35
437.3279113769531,25.81,66.51,1016.53,62.19
463.13,14.29,39.59,1012.36,92.38
436.3379211425781,23.15,69.48,1011.07,85.83
486.09,4.96,39.4,1003.58,92.22
449.89,19.11,58.95,1017.07,85.49
451.859130859375,21.84,60.29,1017.23,66.89
434.4140625,27.4,77.24,1007.65,78.13
440.23,24.63,63.9,1014.53,75.24
438.7187805175781,24.37,68.14,1005.22,59.27
446.38,27.16,59.87,1011.78,58.84
472.6946105957031,10.67,42.02,996.55,99.94
472.5995178222656,11.2,37.5,1013.81,72.81
435.89,25.67,68.3,1017.16,74.19
436.1618347167969,25.93,69.34,1008.91,79.43
445.54,25.71,52.84,1006.32,53.29
438.5,22.98,73.17,1011.94,90.13
449.87,21.94,62.52,1015.99,74.56
443.79,22.67,68.08,1013.0,66.59
430.4369201660156,27.28,72.58,1009.21,89.96
455.25,20.24,56.53,1020.29,77.75
435.62,27.92,69.23,1013.21,44.43
429.031005859375,31.95,70.79,1003.8,55.25
476.81,11.41,40.1,1014.27,91.17
445.47,23.74,63.9,1014.73,81.9
468.84,18.74,44.34,1019.4,55.16
477.53,11.22,41.66,1008.96,72.38
450.08,22.53,62.39,1007.84,86.4
436.83,26.31,77.95,1012.45,77.22
474.74395751953125,10.23,42.07,1017.93,91.1
477.2517395019531,9.07,36.3,1015.26,56.81
478.87,8.42,37.49,1009.22,82.15
485.73529052734375,4.87,42.85,1012.69,94.72
435.0010070800781,26.91,74.99,1005.64,78.98
478.27130126953125,10.77,41.44,1016.72,75.27
444.95,22.93,58.2,1017.75,54.09
451.9098815917969,20.19,44.57,1009.2,72.13
445.64,25.18,61.08,1013.08,80.75
460.01,14.1,41.16,1021.26,73.87
445.83,20.79,68.28,1001.42,76.77
430.85,30.56,72.39,999.96,69.81
457.99,17.67,53.16,1013.59,83.31
474.6961364746094,12.66,40.35,1011.37,82.77
454.76,17.28,65.94,1013.62,89.97
477.70648193359375,9.47,40.81,1026.44,91.87
456.18,20.32,39.72,1001.38,57.21
463.47,18.2,52.72,1025.87,54.26
484.235107421875,7.81,40.71,1023.32,82.08
435.9486083984375,29.46,49.3,1003.88,54.1
441.47,22.68,70.47,1010.86,82.8
441.14,25.76,65.48,1017.82,54.77
444.1279602050781,23.3,52.84,1003.97,72.16
454.3097229003906,25.21,49.82,1016.44,63.14
452.38525390625,18.82,61.27,1019.5,72.23
435.85,28.71,64.69,1006.52,68.38
483.3732604980469,7.0,41.55,1001.43,97.12
465.4501953125,18.41,42.44,1012.66,65.93
435.18865966796875,29.06,71.64,1005.54,69.84
470.44,9.88,37.83,1005.68,97.61
448.0816955566406,20.06,60.77,1017.19,88.73
471.7173156738281,11.39,43.72,1010.91,98.83
434.68341064453125,28.7,71.64,1007.11,69.85
447.42,22.55,47.45,1008.65,67.9
438.83,28.08,59.14,1016.16,58.08
449.05,21.05,61.87,1009.69,62.81
461.40679931640625,14.47,48.14,1017.28,87.36
482.17,8.05,38.38,1021.14,86.39
475.9,13.41,45.0,1022.31,76.29
472.95,8.9,41.4,1030.83,85.63
453.28,18.83,48.98,1016.33,74.23
440.96,24.17,48.78,1018.08,75.14
438.4486389160156,26.73,49.02,1007.75,67.73
446.8769226074219,21.54,58.41,1013.99,86.34
439.77,26.12,63.31,1013.97,51.6
442.1,21.73,50.32,1008.51,84.62
443.12,28.28,61.47,1009.44,60.89
443.96,25.61,60.32,1015.77,56.48
431.43,25.28,70.32,1006.91,81.74
441.4200439453125,23.88,67.9,1005.99,67.58
431.0942077636719,34.6,64.96,1003.3,34.32
465.38,16.32,43.14,1014.72,70.43
441.29,23.56,67.79,1010.14,89.72
480.54,9.93,39.04,1023.78,77.08
437.35,24.93,73.5,1011.28,83.09
431.83,28.11,70.98,1007.76,85.6
441.9,29.2,64.84,1009.94,55.37
472.16,8.66,41.01,1022.51,98.55
482.16,9.35,41.03,1021.33,66.75
439.67,23.04,64.27,1014.29,80.23
485.73,7.38,41.22,1016.47,96.29
444.3196716308594,25.09,65.46,1015.29,40.13
486.6443786621094,5.47,38.68,1017.33,72.71
427.45,26.11,69.84,1002.57,84.99
485.3360900878906,6.62,42.49,1008.74,94.57
449.11,21.61,58.62,1017.61,76.07
432.25128173828125,29.97,70.32,1007.44,53.26
425.64,28.79,70.79,1003.83,65.9
451.99,23.9,61.41,1011.95,67.87
430.88,32.84,74.67,1015.89,31.81
478.35992431640625,11.11,40.55,1023.91,87.12
467.83,14.28,43.02,1012.97,49.44
448.2896728515625,19.94,61.87,1009.7,66.6
470.92,12.25,44.85,1014.13,85.25
465.69024658203125,15.15,37.64,1014.37,89.82
476.81,9.08,40.46,1019.48,77.37
434.41,26.58,70.98,1008.96,77.36
453.47,19.31,60.07,1014.86,69.37
432.0030212402344,33.3,80.18,1011.09,63.98
482.0442199707031,9.33,42.49,1008.93,82.59
442.60260009765625,26.96,65.34,1015.05,46.93
465.89,16.72,44.34,1019.26,63.77
464.27,14.38,45.09,1012.95,86.1
431.92,32.36,73.91,1003.88,59.84
447.24,27.08,63.78,1015.04,50.8
444.99,21.45,60.84,1017.86,82.8
450.05963134765625,20.25,58.33,1013.25,68.92
452.80352783203125,20.52,57.76,1017.03,81.19
430.32,26.04,68.08,1010.82,75.58
450.9768371582031,18.42,60.1,1009.77,86.75
476.03,8.06,39.96,1024.23,94.48
434.01,28.8,74.9,1003.48,75.01
441.14,23.34,73.5,1011.43,89.74
437.26,26.61,56.85,1012.48,48.84
432.76239013671875,29.24,74.67,1015.81,59.95
471.46,12.65,44.0,1023.03,88.73
476.84,12.08,40.75,1015.84,86.9
475.053955078125,12.76,40.27,1006.58,49.34
441.01226806640625,25.65,49.3,1003.73,68.48
456.84,17.92,50.66,1012.62,93.0
454.69,16.45,41.48,1016.64,45.21
442.31,22.22,59.14,1017.32,83.41
462.05,18.56,42.28,1007.75,60.89
456.1612548828125,19.69,56.65,1020.84,72.14
446.93,20.27,63.56,1014.24,86.55
440.0,21.47,70.32,1011.72,88.36
468.19,10.1,41.58,1021.26,94.06
431.39,29.36,68.94,1007.5,79.91
450.81,18.62,59.15,1012.85,82.54
451.9709777832031,20.55,63.86,1015.12,73.98
483.6593322753906,8.57,40.69,1020.87,84.15
463.6,14.45,43.71,1025.26,84.23
434.8753356933594,31.17,70.98,1007.19,67.34
431.27,31.54,77.24,1008.23,70.19
467.8,14.19,43.71,1024.38,83.03
445.04,29.35,69.04,1008.55,61.78
438.64,29.63,69.59,1008.3,72.53
471.79,11.21,44.03,1007.95,93.03
466.493896484375,13.74,41.16,1010.74,87.69
442.7872314453125,25.53,59.57,1010.65,82.04
426.35,31.67,69.89,1013.88,39.33
434.25,26.63,74.22,1007.44,78.5
444.42,24.66,58.86,1013.86,56.39
455.8946228027344,20.12,45.09,1013.73,57.78
478.79,9.52,39.61,1021.18,73.78
462.0257263183594,13.65,41.58,1020.56,72.17
437.99,25.44,66.54,1011.9,56.76
468.6849670410156,12.41,41.16,1017.45,93.64
472.19,14.05,41.39,1019.06,68.54
442.66973876953125,24.94,63.94,1012.72,73.71
483.39501953125,6.08,35.79,1011.08,90.59
442.69,28.84,75.6,1018.41,53.96
485.38,7.51,43.02,1014.35,86.46
440.63,23.88,69.94,1007.48,61.0
427.83,31.88,66.44,1009.25,64.06
433.52,28.27,66.56,1007.36,55.99
451.11,23.96,51.3,1011.81,71.81
444.65,22.44,63.47,1012.02,91.08
470.1,14.01,38.91,1015.86,69.24
441.2,29.17,64.79,1016.43,61.05
465.86602783203125,14.53,39.0,1016.48,76.36
430.78,31.42,70.17,999.3,61.22
445.75,23.64,58.49,1011.4,74.2
450.53,26.25,52.09,1013.2,53.12
489.09,6.72,39.85,1011.84,84.66
446.9679260253906,21.9,63.13,1011.54,81.83
449.03,20.11,51.19,1007.82,92.06
430.57,29.22,73.18,1012.22,64.91
428.77,31.25,69.51,1010.25,36.83
486.19,8.13,39.99,1011.71,87.89
445.27,22.35,66.44,1011.19,65.41
473.39,13.87,38.01,1022.61,84.22
479.66,9.27,36.3,1026.93,72.13
469.38,17.32,45.0,1022.19,40.45
465.3072509765625,13.2,45.01,1013.96,78.78
460.22,15.83,45.01,1013.39,81.9
475.79290771484375,9.44,41.4,1027.64,86.22
440.09,26.17,48.92,1009.87,34.43
461.4604797363281,16.37,44.0,1024.61,78.26
477.93,10.74,40.05,1015.45,87.33
469.54,15.45,45.0,1023.63,70.74
433.3059387207031,28.54,76.86,1000.09,74.67
444.61,23.29,62.91,1013.35,68.25
481.18,9.54,41.17,1019.79,65.61
446.33,21.04,50.32,1008.41,90.19
443.13,23.56,60.77,1017.93,76.34
472.7875061035156,13.12,39.18,1023.11,64.33
438.15,26.03,70.32,1008.81,71.35
473.43,10.15,43.41,1018.4,82.07
438.3433532714844,25.87,59.43,1008.34,65.83
440.46,23.1,72.99,1008.85,90.54
443.9,22.35,63.94,1010.32,93.02
457.76,23.46,47.01,1014.41,69.19
432.51,29.76,73.56,1008.07,84.85
443.44,23.45,66.25,1009.1,90.28
435.26,33.18,72.29,1009.51,58.35
437.79,28.85,66.54,1010.73,43.27
433.31378173828125,25.37,66.75,1017.94,79.26
486.91,7.38,44.71,1020.27,70.55
479.45,10.9,41.46,1016.66,86.2
460.24,20.6,45.38,1014.93,75.78
471.77,13.43,40.1,1015.82,87.9
437.05889892578125,24.73,71.14,1009.07,68.87
448.71,24.36,68.61,1010.27,63.78
434.1060791015625,24.62,72.24,1011.39,83.94
474.07,10.87,37.5,1011.43,95.56
444.81,24.82,59.27,1012.76,72.34
453.05,25.31,49.82,1014.62,62.15
449.62,18.77,52.08,1004.02,99.86
447.83,21.5,61.5,1008.43,78.13
480.54,10.07,41.39,1019.89,70.53
437.28,27.92,68.3,1015.02,51.04
439.2239990234375,24.96,65.18,1012.68,76.19
448.75,20.67,70.02,1010.42,94.09
436.9,29.13,70.72,1009.61,67.49
441.07,24.47,75.23,1012.43,75.25
461.86,16.16,25.88,1009.58,72.24
452.7,21.32,59.8,1016.26,76.26
458.8,20.32,39.72,1002.0,51.71
435.34,24.32,71.14,1011.71,71.65
494.91,4.77,39.33,1011.32,68.98
446.7,20.87,63.31,1012.27,79.51
439.94,28.17,63.13,1012.44,66.61
428.69,29.64,69.51,1012.13,44.65
443.14,25.25,62.91,1012.51,62.64
443.2943420410156,22.25,60.77,1017.8,82.19
442.4302062988281,22.49,71.29,1008.24,75.8
429.06,29.16,73.17,1010.96,67.77
464.8863830566406,14.49,44.84,1024.09,86.55
465.41,11.95,41.48,1013.44,74.83
430.81,26.99,72.99,1008.0,76.1
430.39,26.36,73.68,1013.99,86.44
478.63,9.91,39.64,1010.57,75.82
448.67,23.94,51.95,1008.61,73.42
441.81927490234375,22.84,59.39,1014.61,80.36
469.1603698730469,13.64,44.88,1019.85,56.86
455.66,20.01,43.77,1012.13,65.53
464.8398132324219,18.58,44.6,1016.61,48.15
429.99,25.69,72.43,1006.86,86.38
431.12,26.98,72.58,1008.55,78.5
470.35,13.73,45.08,1023.55,81.64
434.55712890625,28.67,69.14,1008.24,72.68
436.7630310058594,29.22,75.23,1010.49,48.73
440.48,25.67,74.78,1010.24,68.87
449.34,22.67,62.52,1016.47,65.63
460.33,16.44,44.0,1024.48,76.51
440.37,23.26,59.14,1016.98,76.29
448.4209289550781,21.14,58.05,1012.98,87.27
431.11,31.68,73.68,1014.85,64.0
479.74,8.8,41.26,1008.08,96.52
458.53,18.13,49.39,1021.29,82.52
437.96,22.68,59.54,1004.32,95.44
469.31,14.56,40.69,1015.48,73.73
436.15,29.28,75.08,1005.21,59.0
463.99,14.0,43.34,1016.37,85.51
438.242431640625,23.76,74.22,1009.2,92.98
450.039794921875,20.98,60.1,1011.07,79.44
437.85,27.61,59.54,1005.84,71.27
483.36,8.86,40.8,1028.18,91.0
444.4969787597656,25.64,63.87,1017.14,49.25
471.34,13.5,41.44,1015.72,68.36
427.98,33.94,74.67,1015.94,28.16
468.98,11.72,39.18,1024.19,68.53
440.1995544433594,28.61,69.75,1009.82,71.7
451.95,20.11,57.25,1010.36,88.89
429.8,30.61,67.69,1004.97,47.46
446.92462158203125,22.04,58.05,1013.11,85.22
442.13,27.62,67.51,1012.38,60.25
443.6221008300781,24.09,63.94,1017.59,51.02
446.62,23.22,63.07,1012.91,77.59
451.86,16.2,65.46,1013.97,89.84
473.97,9.7,40.11,1026.61,75.48
448.58,22.85,60.29,1017.29,61.92
441.26,31.18,69.04,1008.19,49.72
464.05,15.43,39.64,1008.58,87.99
453.2168273925781,24.57,49.5,1014.22,56.31
479.9482116699219,9.52,40.96,1023.48,86.49
439.645263671875,26.38,66.49,1013.89,43.06
441.25,26.32,69.71,1009.39,67.05
440.98,25.92,50.16,1003.95,71.3
473.4052734375,12.19,40.05,1014.77,84.39
455.59,19.79,44.9,1008.66,72.68
467.6,9.76,41.01,1019.66,97.59
463.0,16.74,41.16,1006.87,74.24
477.24,11.34,41.54,1020.25,75.83
443.4015808105469,25.9,47.45,1007.8,55.96
458.66,16.63,43.77,1012.25,75.09
459.62677001953125,17.45,50.9,1012.16,83.8
453.1304016113281,23.34,45.61,1012.73,74.09
442.64,24.41,58.59,1012.62,64.52
468.29,12.31,44.78,1011.15,77.34
472.63,10.35,37.14,1013.37,69.26
428.4658508300781,33.43,66.44,1010.29,53.45
482.24456787109375,5.64,40.62,1015.76,85.98
438.96,24.8,61.02,1009.86,71.75
448.47064208984375,24.33,46.93,1013.72,48.27
467.29,14.87,38.28,1014.65,80.24
485.11,7.66,41.92,1031.96,82.48
438.31,27.61,69.68,1012.79,77.01
438.51,23.4,72.99,1009.48,88.82
473.01,13.98,44.58,1016.48,77.59
451.36981201171875,18.12,58.95,1017.82,86.16
454.47,17.12,48.6,1007.38,79.15
487.92,9.56,44.71,1021.13,64.6
444.53,24.85,58.05,1011.5,70.12
477.3,11.63,41.5,1013.6,87.11
464.72,17.19,43.14,1014.34,68.62
465.77294921875,15.68,43.7,1015.09,58.96
439.66,23.64,69.94,1005.2,64.53
472.45,10.19,44.63,1020.58,91.64
432.59,27.71,70.32,1008.63,64.05
482.95,9.12,41.54,1018.61,79.26
460.86,15.78,48.6,1007.24,84.23
432.59,27.55,68.08,1011.42,60.71
465.32,14.5,39.0,1017.04,75.75
449.52,23.88,51.95,1005.37,75.25
434.74,25.01,66.56,1004.55,82.46
446.49,22.36,58.79,1011.77,87.51
442.83,27.76,44.89,1009.4,50.15
480.5090637207031,9.95,43.56,1014.85,82.62
449.26,17.48,58.95,1016.49,90.35
453.96,17.35,47.83,1006.71,80.57
469.73565673828125,12.82,43.5,1022.38,84.32
435.75,28.86,49.3,1003.93,52.85
432.58233642578125,33.41,77.95,1010.3,59.72
468.28,13.63,43.5,1022.12,84.32
433.3219909667969,24.49,70.79,1005.51,88.65
443.18585205078125,25.58,63.47,1011.44,66.81
445.44,24.25,74.93,1013.07,69.31
481.05,9.59,38.56,1017.52,61.89
452.26,23.27,64.15,1020.98,71.18
437.7789306640625,23.09,70.47,1010.76,79.89
427.21,28.35,70.32,1009.22,47.13
451.93939208984375,19.62,68.63,1012.26,68.05
435.61,29.13,47.93,1002.5,49.1
443.03,21.92,66.54,1012.49,79.82
467.42559814453125,12.52,40.24,1020.45,97.41
451.06,18.17,52.08,1001.91,100.09
441.27,27.5,65.59,1011.23,65.37
465.5872802734375,14.48,39.0,1016.75,75.97
452.6,19.41,46.63,1013.23,86.28
446.45,24.43,47.45,1007.68,65.18
439.56,25.45,63.76,1009.96,67.78
479.64,10.07,39.66,1015.37,83.78
451.77,18.85,48.06,1012.52,67.88
446.04,24.65,64.63,1020.52,53.45
453.09,18.99,62.1,1020.0,76.76
474.643310546875,8.8,39.42,1025.17,68.72
472.75,10.16,41.79,1021.35,52.4
433.57,27.75,77.24,1007.48,78.37
448.01,23.43,61.47,1007.84,87.11
432.11,28.62,69.98,1013.3,68.53
460.4,15.82,43.34,1014.52,79.07
445.1858215332031,22.61,44.05,1005.69,76.74
446.4,23.96,60.95,1015.01,65.24
430.67,29.81,73.67,1005.6,60.91
434.73,26.98,70.94,1007.99,68.16
487.2864685058594,7.64,41.17,1020.01,75.14
460.1040344238281,20.07,42.23,1012.86,74.11
451.0,19.05,59.21,1017.99,89.53
438.82,26.27,58.33,1013.81,60.43
450.0211181640625,22.45,57.76,1017.55,58.6
432.71832275390625,26.52,73.21,1002.3,95.38
439.0252685546875,24.73,69.94,1006.09,59.15
445.37,26.11,70.36,1007.64,70.12
477.03,10.87,38.38,1020.85,69.78
486.05,7.19,38.91,1016.53,88.61
469.34,14.91,39.28,1014.57,75.23
457.26,19.5,52.72,1025.21,50.21
447.18,22.96,68.61,1011.15,76.62
438.76,29.74,56.9,1007.15,41.91
464.67,16.03,41.23,996.35,82.04
463.65,17.35,52.72,1026.31,58.01
477.23114013671875,11.26,39.35,1015.47,99.28
442.0,27.82,59.15,1012.74,42.78
427.69,28.15,71.94,1006.73,68.21
463.6,14.66,42.77,1019.37,79.79
438.6357421875,26.56,49.02,1007.65,70.78
460.32,15.49,42.07,1018.01,78.07
430.3323669433594,29.29,73.18,1012.4,66.65
446.61,21.69,57.17,1011.75,82.63
431.99,33.67,80.18,1010.83,60.87
446.18,20.79,57.32,1012.47,70.09
438.1849670410156,23.35,71.85,1009.32,73.48
443.03009033203125,27.01,43.77,1011.18,46.58
432.54,27.71,69.13,1001.63,51.45
445.72,23.48,49.16,1002.7,70.22
456.34,17.77,43.72,1009.01,77.7
441.9,22.24,69.23,1011.83,79.37
447.09,24.6,57.85,1012.92,69.56
450.6046142578125,19.06,50.16,1011.36,99.64
451.95,14.56,47.45,1009.52,91.14
431.93,26.62,71.73,1009.32,80.1
444.85,23.03,59.04,1011.85,81.24
466.29,13.73,41.92,1031.01,64.92
462.25,13.79,42.07,1018.27,88.06
438.62,23.46,73.18,1012.07,88.14
458.28,19.58,52.9,1017.46,64.64
475.73,12.76,43.7,1015.13,65.34
486.94,6.93,43.13,1018.61,88.31
476.9374694824219,10.63,39.61,1020.0,72.42
461.01,17.46,39.99,1008.52,69.73
482.49,6.15,40.77,1022.42,88.57
486.3,6.9,44.71,1019.7,71.21
438.64,25.77,59.39,1014.76,69.99
441.9088134765625,27.86,63.07,1011.11,56.81
483.67840576171875,7.91,41.79,1021.86,54.92
440.11,22.35,63.47,1013.21,82.52
452.4717712402344,17.65,62.1,1019.63,84.3
460.2,16.96,52.9,1019.61,81.86
455.7,18.71,53.16,1013.26,82.64
442.271728515625,24.22,61.86,1013.39,80.11
438.08,23.61,59.39,1015.11,78.84
466.7864685058594,14.01,45.08,1023.28,82.49
433.0326843261719,31.33,76.86,997.85,64.43
468.43,12.86,44.77,1018.75,74.73
463.8316650390625,16.4,38.01,1022.2,73.05
444.11,22.49,58.82,1009.73,85.19
442.35,23.75,61.5,1008.16,69.14
439.3619384765625,28.92,66.51,1015.5,34.51
475.53,12.11,41.17,1019.46,62.59
468.85,13.64,43.71,1024.41,84.46
435.4,28.52,57.82,1004.81,57.82
446.04,24.79,59.21,1017.9,53.83
438.610595703125,24.27,60.37,1005.13,77.16
442.58,31.59,62.7,1009.3,50.16
448.79083251953125,23.25,51.86,1013.54,78.34
441.31,22.1,58.33,1013.71,69.09
446.5337219238281,24.97,54.2,1012.68,74.25
469.34,11.96,43.41,1017.42,79.44
426.22,35.03,68.27,1006.55,43.82
448.88,17.97,65.94,1012.92,88.22
436.45,24.24,70.32,1009.38,82.83
486.1697998046875,5.04,40.64,1021.35,93.63
461.46527099609375,17.18,40.55,1000.47,72.03
470.9784240722656,11.24,25.36,1009.26,97.47
431.76,32.69,72.86,1003.57,56.84
431.44,27.6,73.42,1011.91,83.66
485.98,7.5,38.06,1021.96,83.45
448.6719970703125,22.15,43.77,1010.81,60.08
455.57,18.18,44.63,1020.41,48.64
468.4,17.19,37.2,1011.84,67.59
474.79,10.42,43.79,1016.22,90.75
466.09,12.74,49.83,1007.44,91.47
441.0928039550781,27.43,56.85,1011.86,36.76
441.54,23.68,68.12,1011.18,72.45
470.21,13.83,42.86,1030.77,75.09
466.61,16.58,41.93,1022.36,45.24
478.96,13.41,45.0,1021.65,45.24
460.35,16.61,50.9,1013.18,85.26
490.91,3.99,39.9,1009.74,96.81
448.3,23.39,63.21,1011.91,84.57
466.0799865722656,14.42,41.16,1004.32,88.42
484.33673095703125,7.11,43.13,1018.96,87.82
467.9,13.7,45.64,1019.18,92.66
440.1409912109375,24.43,65.18,1012.57,77.83
435.22,27.39,69.14,1008.82,78.35
449.1,26.94,62.91,1011.68,41.3
461.4996643066406,19.09,42.44,1012.93,63.59
459.62,15.46,44.6,1017.7,68.2
440.17,31.94,74.99,1002.05,34.12
473.19,10.58,41.49,1020.43,91.9
447.1,19.95,58.46,1017.45,89.46
482.67,5.82,40.62,1016.79,85.04
469.9373474121094,12.72,44.9,1007.6,71.8
462.87,14.87,54.3,1017.17,71.57
435.08,29.17,67.45,1014.1,46.85
468.71588134765625,14.13,43.7,1015.94,80.89
442.6746520996094,22.67,60.77,1017.56,79.43
437.7008056640625,28.01,64.69,1007.61,58.45
440.59,30.93,70.83,1010.61,46.13
442.47,23.01,66.54,1009.86,64.53
431.67340087890625,32.53,77.95,1014.76,58.1
445.49,26.57,44.57,1007.76,50.39
474.35321044921875,11.64,40.1,1015.5,87.05
463.6274108886719,16.31,42.28,1007.45,77.77
460.11,20.03,45.01,1012.73,56.89
448.40435791015625,20.79,65.59,1014.9,77.0
465.33489990234375,17.3,42.24,1017.07,64.52
449.67,25.86,61.08,1013.51,67.5
473.72,9.8,41.82,1032.98,67.55
438.24,25.42,75.6,1017.39,77.63
433.3451843261719,28.75,77.24,1008.92,77.17
454.26,18.58,46.97,1014.25,74.09
435.14,22.56,70.79,1005.85,93.09
446.05,23.05,48.98,1015.64,49.33
441.21,26.78,52.3,1008.52,61.23
479.42,10.13,39.18,1024.09,85.48
441.18,31.97,69.04,1008.5,47.69
478.07,8.95,36.18,1014.08,76.94
480.86,7.57,39.61,1018.66,85.73
434.83,25.97,43.21,1011.9,88.73
440.31,24.56,60.27,1017.63,74.5
438.42,30.71,64.05,1011.75,62.81
469.8993835449219,13.8,39.39,1013.85,81.95
453.19,20.21,58.12,1015.36,79.18
456.6773376464844,16.77,45.01,1013.47,81.42
443.75,29.18,71.43,1011.65,59.49
459.6258850097656,17.86,52.9,1015.71,67.99
491.25,4.24,39.9,1009.28,96.74
444.35,24.11,59.27,1011.02,78.18
461.8407287597656,15.5,40.12,1012.79,96.75
469.7626953125,9.62,41.01,1019.43,97.99
491.4,5.05,35.57,1027.03,80.02
433.14825439453125,26.81,71.29,1009.65,80.69
463.7480773925781,15.68,39.16,1006.09,75.62
445.62,21.85,63.86,1020.16,68.84
433.59,30.98,67.45,1015.18,45.4
426.91,30.14,67.69,1006.54,57.05
431.45,29.89,71.29,1009.0,55.72
436.7020568847656,29.42,56.9,1006.51,53.6
436.19,26.6,61.02,1010.26,66.16
455.27,19.64,48.06,1014.81,74.96
468.4,13.16,54.3,1017.33,82.43
430.14,33.17,70.4,1004.45,58.0
468.88,16.14,44.71,1014.83,39.41
434.86,25.34,71.06,1007.74,92.52
445.9,21.12,63.56,1014.16,81.42
471.8228759765625,13.41,39.35,1015.1,79.32
468.15,13.38,40.12,1013.92,96.96
462.5404052734375,17.27,43.52,1021.37,76.73
457.5046691894531,16.69,46.18,1010.8,96.8
482.6739807128906,7.8,39.04,1018.46,66.5
439.33,27.14,75.23,1011.47,63.14
448.1779479980469,21.08,44.05,1008.13,72.52
425.9934387207031,32.23,69.13,1000.61,55.1
463.3854064941406,13.48,40.73,1017.59,94.81
474.8356018066406,10.45,40.0,1019.01,89.01
436.43,25.43,70.17,1000.46,87.84
485.3718566894531,7.09,39.37,1020.07,73.26
430.44,31.24,74.22,1007.74,48.77
447.9773864746094,21.92,61.87,1009.68,58.83
467.48,10.74,52.75,1021.75,75.41
463.97,13.67,41.48,1017.51,63.54
471.61,9.79,39.69,1002.36,93.86
472.31,14.04,39.64,1011.09,87.22
443.18109130859375,24.43,61.25,1011.66,85.24
466.73,14.88,42.28,1007.26,71.3
476.22,10.68,38.38,1020.79,72.33
465.9613037109375,14.22,42.32,1015.54,77.23
464.41,14.47,44.66,1016.33,93.52
483.6828308105469,7.19,40.81,1015.22,85.65
472.04,11.73,37.92,1008.24,65.13
477.34,10.94,43.67,1012.36,73.3
466.96,14.44,39.0,1017.06,76.02
438.7459716796875,24.53,74.78,1009.9,78.34
438.84,29.72,54.2,1012.86,38.48
455.72,17.52,44.05,1008.87,85.67
464.657470703125,12.99,44.0,1025.22,90.27
480.63,10.04,39.66,1015.84,82.31
432.9466552734375,30.5,66.75,1017.55,38.2
437.19,33.11,69.75,1008.88,42.08
472.11700439453125,13.41,40.89,1010.85,89.61
442.28,26.98,74.78,1009.77,69.54
462.64,15.19,42.03,1017.38,71.66
438.03,28.24,64.69,1007.35,61.14
438.5,29.04,60.07,1014.88,47.23
466.79,13.74,45.08,1024.97,84.79
471.24,12.58,39.72,1017.85,57.74
458.2452392578125,17.3,47.45,1010.29,87.13
427.65576171875,28.0,69.05,1000.82,65.24
461.6,15.15,53.82,1016.34,62.59
445.39,25.47,65.34,1015.3,50.31
446.9994201660156,20.78,68.28,1008.75,60.87
438.52,26.12,49.02,1008.63,72.04
460.3329162597656,13.78,40.73,1017.55,94.28
435.71,26.28,68.14,1005.61,53.17
433.03,27.76,75.33,1003.69,79.62
462.7574768066406,18.26,49.64,1024.92,62.82
484.44,6.4,39.18,1024.6,86.83
452.73,26.31,44.57,1007.51,52.6
430.2829895019531,32.89,73.68,1014.45,52.34
484.18,6.74,36.08,1020.36,86.98
441.18,22.69,65.18,1012.47,80.9
431.77,33.11,77.54,1010.36,50.99
446.55,22.28,58.86,1014.08,66.47
442.69,28.84,75.6,1018.41,53.96
430.82,31.75,74.99,1003.25,53.33
475.01,9.6,41.82,1032.93,72.63
443.15,21.54,69.48,1011.04,80.48
466.26,13.33,38.47,1015.42,58.27
472.57733154296875,12.73,37.73,1021.89,61.76
430.63,28.73,68.24,1008.31,56.85
481.09,9.0,43.13,1020.25,81.32
432.7915954589844,31.1,68.51,1012.99,54.3
434.08,28.81,56.86,1005.82,56.86
464.31,14.95,42.74,1027.66,66.71
459.36,23.04,48.06,1014.16,54.99
437.13,24.04,68.94,1007.62,69.11
441.9649658203125,27.69,65.34,1014.31,46.59
445.1,28.82,64.79,1016.74,56.34
445.92,25.23,69.34,1009.51,82.87
480.56,8.77,40.77,1011.54,89.58
485.36,7.61,44.71,1019.41,70.48
439.25,28.37,75.6,1017.48,55.19
455.2,21.82,50.66,1013.74,73.6
464.40484619140625,14.82,42.74,1028.04,69.81
464.1799011230469,13.97,52.05,1012.05,85.36
437.29,31.74,72.25,1012.21,41.62
428.93,27.27,72.58,1009.25,89.31
445.71826171875,23.95,58.79,1010.45,74.34
430.16,29.08,66.54,1004.67,64.5
441.51,28.3,64.33,1011.23,68.88
469.4775085449219,12.66,43.67,1012.49,95.96
433.08,30.12,74.16,1013.13,63.56
445.67,29.44,65.51,1014.82,56.49
443.93,25.95,59.92,1010.05,76.05
433.7,32.5,71.37,1003.75,43.8
448.17,23.97,44.57,1007.35,62.71
448.551513671875,21.97,58.12,1015.29,77.47
430.64,32.17,73.21,1001.43,69.86
466.71,12.35,40.73,1019.03,95.53
458.04,18.03,53.16,1013.06,82.03
426.96,32.07,71.29,1008.43,44.95
435.76,31.39,69.59,1008.28,62.86
468.14,11.92,40.62,1016.66,55.25
474.27,10.65,41.78,1013.66,70.04
435.2,31.24,68.3,1015.89,42.84
483.24,9.13,39.04,1022.36,74.6
435.68,23.39,71.25,1005.22,93.7
466.5929260253906,11.95,42.03,1017.58,90.89
426.88,33.3,68.14,1003.02,53.43
448.66,24.27,61.47,1007.84,80.85
455.81,18.13,39.72,1002.75,58.85
454.32525634765625,21.9,55.5,1018.85,60.27
439.01,27.52,67.9,1005.65,59.52
457.5526428222656,16.76,48.14,1012.92,65.74
475.59,12.77,36.71,1013.29,86.4
462.09,16.44,53.82,1015.4,63.16
433.548828125,29.01,70.32,1007.26,60.55
452.9210510253906,18.9,57.5,1016.21,93.9
441.85,22.33,71.94,1011.06,82.85
439.46,26.58,59.39,1014.49,65.87
460.4545593261719,17.36,52.9,1015.42,69.97
443.65,28.18,64.84,1009.22,56.04
441.939697265625,24.63,59.57,1010.45,85.36
465.74,13.62,40.2,1014.2,85.05
459.59,16.62,54.3,1017.99,63.76
461.34967041015625,17.33,41.35,999.51,68.36
447.69,20.72,63.94,1017.17,59.83
486.9,6.89,39.37,1020.21,74.17
435.99,33.61,69.88,1007.4,42.51
442.4435119628906,27.38,59.21,1012.74,53.53
443.5314025878906,23.21,63.94,1013.56,80.23
430.6,26.13,71.25,999.8,88.47
462.09,15.18,44.2,1019.6,72.45
482.11,5.66,39.42,1024.7,78.52
464.38,15.75,36.99,1007.67,93.8
436.47998046875,29.45,75.6,1018.12,50.68
442.89,20.12,69.45,1013.23,88.48
437.98,22.8,73.17,1011.87,91.57
426.82,29.93,71.85,1008.43,66.64
429.12,29.25,72.99,1006.85,61.15
433.9651184082031,34.14,74.34,1000.19,43.56
450.17,19.47,58.79,1016.8,87.26
442.03,24.03,58.46,1015.71,70.15
472.935546875,12.71,43.02,1012.25,62.68
451.4,26.6,61.41,1012.35,54.42
442.94,27.09,65.61,1014.22,48.13
430.12,26.44,71.77,1006.68,81.45
447.26,28.31,65.71,1014.67,59.29
484.63,10.87,44.71,1021.38,58.22
427.82,29.54,69.48,1008.91,56.07
456.31,15.98,41.48,1017.0,55.73
434.24,24.27,70.47,1008.96,78.31
433.1864929199219,29.78,70.98,1007.82,77.59
438.36,24.05,64.69,1006.63,69.2
432.20050048828125,28.59,80.18,1011.36,89.18
467.1682434082031,13.97,40.24,1018.32,88.72
486.49859619140625,11.56,40.43,1025.48,74.75
454.2964782714844,20.07,49.21,1012.34,56.8
430.48,31.19,68.3,1014.86,39.1
444.63,18.39,67.71,1003.77,92.48
476.9406433105469,9.78,43.8,1022.25,69.64
435.32,29.26,69.34,1009.76,58.64
477.40655517578125,9.53,38.38,1020.49,80.08
445.36,22.32,48.41,1008.68,79.11
462.73,18.95,42.23,1013.01,79.4
468.0483093261719,11.55,42.34,1020.78,94.56
442.78,27.3,65.12,1016.24,44.87
449.54,22.1,68.63,1015.19,59.05
449.94,17.12,68.28,1003.56,94.29
462.67,14.85,45.87,1009.37,84.65
478.3608703613281,10.33,40.69,1014.25,84.46
452.82,19.45,46.33,1013.39,99.52
476.63,12.16,40.81,1025.79,70.97
482.56,7.65,36.3,1016.5,65.51
488.80462646484375,4.31,38.5,1011.75,82.08
452.5483703613281,19.04,43.43,1009.25,68.74
428.72,26.02,70.79,1004.21,79.12
444.71,26.09,60.29,1017.72,50.83
439.6696472167969,27.14,65.27,1013.26,55.17
447.71820068359375,22.67,58.2,1016.91,60.75
489.7561950683594,7.28,40.67,1020.16,72.7
430.56,25.62,73.17,1011.65,86.45
450.07,22.33,59.8,1016.84,67.09
440.5829772949219,23.93,68.28,1005.16,69.91
438.79,29.07,51.43,1006.22,61.58
460.19,15.79,50.88,1014.58,99.9
427.91,28.81,64.96,1000.46,68.05
460.19,17.07,44.9,1020.74,70.18
428.37,32.51,69.98,1011.92,49.45
449.3832092285156,22.11,59.8,1016.74,73.9
457.14,18.41,62.1,1020.4,78.1
431.3970031738281,28.9,71.25,1000.73,77.24
476.02,10.47,44.21,1017.87,85.34
473.66,10.09,37.14,1012.99,72.59
434.31,27.09,73.5,1011.34,76.06
457.67,17.44,44.89,1009.9,80.54
444.57,23.76,58.82,1011.75,77.34
433.19,31.11,69.05,1002.37,41.56
442.2467956542969,23.86,63.77,1014.6,82.37
468.80535888671875,15.09,40.89,1010.15,92.0
480.38,9.26,39.61,1021.18,84.58
460.4937744140625,15.83,52.75,1024.3,58.34
480.6,9.96,39.66,1015.23,82.98
452.76,19.3,65.59,1014.07,81.98
449.23,19.91,51.19,1008.0,90.23
449.94,23.18,51.43,1011.56,81.83
458.821533203125,19.13,45.38,1014.72,81.95
445.4654846191406,24.6,63.78,1017.25,60.33
433.74,29.38,74.9,1003.25,72.19
430.54,29.15,69.48,1008.68,55.78
432.56,31.03,69.59,1007.77,63.96
450.88,21.84,45.09,1013.94,46.11
485.54156494140625,6.28,43.02,1013.72,88.13
444.5,22.48,50.32,1008.47,83.58
430.11,31.51,71.97,1007.84,71.18
464.3034362792969,15.67,41.1,1004.1,77.93
473.6664733886719,13.24,39.16,1016.52,86.66
461.51,17.1,43.52,1020.3,70.51
427.70697021484375,32.32,67.9,1006.08,37.93
446.58,23.51,63.78,1016.1,69.79
470.6061096191406,13.58,40.75,1016.05,76.45
470.92,12.43,40.27,1007.08,61.56
466.2038879394531,16.37,39.64,1009.19,76.92
486.01,7.64,43.79,1016.17,84.45
450.92718505859375,21.03,59.8,1015.86,76.63
436.76,33.37,73.88,1005.8,47.94
451.51,18.92,62.26,1012.05,85.99
451.6886291503906,20.61,48.78,1020.8,85.05
448.7095947265625,22.38,63.31,1014.76,73.8
428.72,30.2,73.67,1006.31,62.14
431.37,31.02,70.4,1006.24,77.86
455.2755432128906,17.64,57.76,1016.28,85.04
444.0,28.85,58.33,1013.78,41.39
440.04,22.4,70.94,1008.06,84.52
448.69,19.13,68.61,1010.65,94.92
443.8064270019531,23.79,59.44,1012.53,79.48
439.18,22.12,60.37,1008.75,92.13
433.34,29.14,67.45,1015.51,46.47
458.04,20.17,56.03,1019.47,56.77
431.32,29.3,74.16,1007.72,81.92
482.82,5.7,40.62,1016.07,84.94
434.9186096191406,25.5,68.08,1011.13,72.86
450.62,16.06,47.45,1009.97,88.09
443.1817626953125,27.75,65.34,1014.8,45.91
436.56,25.12,66.56,1009.22,65.62
446.12,22.78,62.44,1011.79,75.43
432.5266418457031,29.3,69.48,1010.1,53.69
476.6451110839844,8.01,40.02,1031.33,85.01
464.03,16.58,38.01,1023.5,60.14
449.98,17.08,58.86,1016.04,87.46
462.244384765625,17.54,44.58,1016.56,79.0
444.7,26.93,56.9,1006.25,77.79
443.49,22.52,67.32,1011.4,66.2
464.58,13.48,46.18,1018.15,88.38
472.41,9.05,40.0,1015.48,80.91
456.53,19.93,56.65,1020.7,62.82
441.79,29.68,64.33,1011.2,57.73
431.14,30.52,70.04,1010.62,54.47
473.6363830566406,12.54,40.8,1024.56,68.97
436.08,27.6,69.05,1003.87,42.01
461.49,18.48,46.48,1007.53,82.57
459.85,15.24,48.6,1007.08,86.49
488.36,4.41,42.07,1005.54,68.85
461.9,15.82,44.88,1018.59,78.88
437.59,24.65,72.43,1007.99,90.05
461.57,19.02,52.72,1025.44,51.9
435.27,23.32,69.13,1010.75,91.84
439.18896484375,23.99,68.12,1012.92,70.68
471.55816650390625,10.12,39.96,1025.98,98.63
473.5321044921875,12.53,43.56,1014.8,74.05
449.99,18.11,52.08,1002.51,100.09
440.12,24.94,59.07,1008.89,84.79
440.96,30.92,59.57,1010.87,62.43
467.72430419921875,12.68,45.01,1013.86,83.26
449.2,25.41,66.49,1014.06,51.09
468.63,14.12,39.4,1008.02,76.45
430.8899230957031,28.33,64.96,999.71,69.66
463.06646728515625,14.77,49.15,1020.56,80.27
437.55,29.0,70.72,1009.51,67.72
449.9271240234375,18.02,49.78,1003.86,100.09
475.14,11.55,40.6,1014.44,87.06
460.77,15.31,52.75,1025.21,55.22
470.39,12.36,37.73,1021.36,65.45
448.69134521484375,19.45,58.95,1017.79,93.46
443.89,27.05,67.79,1010.99,71.37
481.42,9.73,40.22,1011.48,87.88
473.32,11.11,37.5,1013.68,73.67
464.64,13.01,41.58,1020.82,78.41
470.799072265625,11.76,40.96,1023.22,81.31
467.33,17.58,39.63,1004.84,80.43
439.8,27.54,51.43,1012.3,54.82
434.190185546875,29.79,77.17,1009.68,64.0
465.53,13.83,40.2,1013.28,90.44
432.2186279296875,32.05,77.24,1008.06,67.09
434.68,28.14,76.86,1000.7,70.17
435.21490478515625,34.11,73.56,1006.77,45.92
435.6348571777344,22.83,70.79,1006.36,92.07
450.27,21.04,47.43,1007.15,64.82
475.96,12.39,40.75,1016.05,81.91
434.2491149902344,27.7,72.24,1011.02,67.6
462.8037414550781,16.62,39.99,1007.07,77.14
439.4001159667969,25.27,67.07,1006.34,66.35
475.80755615234375,9.52,41.26,1020.55,89.73
446.01,17.74,58.33,1013.55,81.8
441.77,22.9,49.3,1003.45,80.95
461.14,14.86,43.14,1019.21,99.14
435.41,26.71,66.25,1008.11,79.28
472.7185974121094,13.42,42.86,1013.88,85.13
432.98,25.82,72.39,1003.4,86.33
463.1,15.14,44.21,1019.97,83.86
478.04,10.17,41.17,1018.58,87.72
441.08,27.44,65.59,1010.76,68.67
440.15,23.94,63.21,1013.52,83.12
436.15,25.16,74.33,1014.55,76.7
470.89,12.88,42.74,1026.25,74.54
435.47,31.87,67.32,1013.65,36.69
447.92,22.18,65.46,1016.74,54.02
481.59,9.41,41.54,1019.48,82.19
473.76,12.17,40.6,1013.59,88.62
439.38,30.57,69.71,1008.94,59.99
435.04,28.16,70.98,1008.51,72.12
474.1,9.72,43.41,1016.25,76.39
477.75,11.9,39.16,1016.53,84.59
484.12,7.1,41.74,1022.25,91.07
479.44,11.47,40.27,1005.39,77.4
436.5341796875,28.19,67.45,1013.97,49.76
477.4225769042969,9.75,36.66,1026.21,70.12
481.61,7.55,43.65,1019.09,61.71
454.426513671875,19.9,56.53,1020.52,78.05
473.53424072265625,12.45,40.56,1017.84,66.52
474.88,9.15,39.61,1018.11,75.29
463.1,14.38,40.66,1016.34,92.37
444.06,26.16,67.9,1005.81,61.02
457.88,22.63,45.61,1014.14,73.06
428.79,30.51,70.79,1004.55,56.05
440.89,26.2,60.07,1014.75,59.41
445.35,25.77,69.04,1009.66,65.49
462.92,14.74,44.47,1028.29,67.87
459.98,17.02,44.85,1014.38,62.66
457.6705322265625,17.68,53.16,1013.09,82.79
472.77,8.93,40.46,1019.03,71.0
478.638671875,9.49,40.69,1015.09,91.31
437.1,23.48,72.99,1009.61,88.16
449.01,22.69,49.21,1012.64,46.83
468.8,12.65,44.34,1019.4,71.45
465.75,12.79,44.68,1022.51,99.55
469.48,13.01,41.17,1017.26,76.2
431.67,30.76,69.14,1007.63,71.24
446.48065185546875,22.56,47.43,1006.72,54.82
453.22,20.7,58.16,1016.73,68.19
456.09,21.09,50.9,1012.42,69.09
443.73,26.35,59.44,1012.16,63.73
426.3,35.1,68.27,1006.96,43.51
467.12,14.43,38.28,1014.76,79.76
463.57,16.32,43.56,1014.4,59.77
471.5303649902344,12.21,40.64,1020.31,83.84
431.84,32.13,69.98,1013.3,55.85
431.32,25.68,70.32,1009.08,90.48
439.06,24.4,62.26,1011.62,70.1
484.49,6.41,40.81,1026.57,93.51
443.8,23.38,65.06,1014.12,59.36
433.11566162109375,30.21,75.33,1002.24,66.71
458.08,22.88,50.23,1016.11,63.77
435.99,27.99,71.58,1010.68,68.99
457.8,16.01,49.64,1026.35,77.75
442.88,31.08,59.57,1010.76,60.49
438.83441162109375,23.09,70.02,1010.58,77.85
444.35,21.03,69.05,1002.17,75.35
454.18,12.05,49.83,1008.54,95.11
463.107421875,14.73,54.3,1016.75,67.13
425.11,32.56,68.14,1004.02,35.04
490.11,6.99,40.07,1014.83,54.36
459.96,18.84,40.79,1005.18,92.46
490.81,6.18,41.38,1020.23,81.38
463.65,13.72,49.83,1006.88,89.49
440.72,29.48,59.27,1010.99,51.23
470.53,14.35,39.39,1012.92,82.41
451.38,19.47,43.43,1011.66,69.93
431.29,26.92,73.17,1011.42,76.94
432.56,26.16,70.04,1009.63,73.22
451.05,19.77,49.39,1019.02,91.03
437.99,26.92,62.44,1011.09,70.8
440.87,27.54,75.6,1018.26,57.89
459.6235046386719,18.75,41.1,1001.97,59.6
429.71,26.29,68.24,1010.71,76.95
441.33,27.16,65.61,1014.21,47.93
468.49,16.0,39.16,1016.37,77.63
475.02,10.38,37.73,1021.5,75.02
431.39,30.29,74.16,1008.77,75.23
436.8107604980469,24.69,71.73,1010.13,70.54
471.15,14.16,40.89,1010.78,82.86
475.25042724609375,9.97,39.99,1010.09,95.0
442.87,21.96,51.43,1007.28,89.96
439.75,32.43,68.31,1010.09,42.22
435.79,27.99,69.89,1013.94,51.25
455.21,18.15,45.01,1013.06,72.4
482.43,8.83,43.56,1014.9,81.55
432.4136047363281,26.62,70.36,1005.15,84.99
443.57,32.96,68.31,1010.39,42.33
450.64,24.67,68.61,1010.71,57.47
430.82,27.06,70.47,1007.0,72.37
438.38,25.0,69.71,1009.23,80.92
468.13104248046875,15.47,38.73,1001.13,77.61
459.1,17.36,41.23,998.08,63.46
439.35,29.62,70.02,1010.09,43.1
471.05,13.54,40.69,1015.85,77.55
439.55,24.52,59.15,1014.03,74.83
478.9531555175781,9.73,38.56,1017.18,61.81
452.86,20.6,65.12,1015.53,71.57
435.78,25.16,68.08,1010.89,70.16
440.42,20.86,63.73,1008.54,96.83
473.74,10.31,45.01,1018.42,93.67
445.81,20.37,69.48,1011.04,84.31
459.78,17.58,44.9,1020.52,71.48
458.64,19.04,51.86,1018.05,79.01
434.44,25.38,71.73,1009.97,72.6
433.2547912597656,32.81,77.17,1009.17,53.13
450.0764465332031,19.41,67.32,1012.34,78.8
439.01,21.73,69.05,1001.31,86.64
444.48675537109375,22.29,56.89,1014.39,84.89
432.6961975097656,29.39,71.14,1010.97,53.88
455.85,20.08,58.12,1015.53,80.84
442.48,16.51,51.86,1022.37,81.18
468.6200256347656,14.47,42.99,1009.78,91.15
461.66339111328125,17.37,40.55,1001.19,71.42
460.25,17.03,43.99,1021.5,82.32
441.74,25.91,67.07,1005.66,60.12
480.2222595214844,6.03,40.78,1025.53,98.68
432.27,31.9,73.42,1010.82,60.58
450.6,20.03,47.45,1009.04,77.56
436.449462890625,31.23,68.67,1005.82,52.1
467.04681396484375,13.8,45.08,1023.99,79.72
471.97,15.52,41.93,1022.97,52.92
451.67,23.68,51.3,1011.86,71.24
438.30859375,23.25,70.32,1009.28,86.52
442.47,24.58,49.02,1008.85,79.32
476.1379089355469,8.3,36.3,1015.97,60.62
476.8424072265625,9.27,42.02,1004.29,95.05
467.12,15.52,42.86,1015.09,83.48
429.41,30.71,68.24,1006.15,34.15
469.51,11.47,25.36,1008.27,95.4
433.13140869140625,30.51,70.94,1007.64,59.42
435.59,26.43,66.48,1004.36,55.9
431.1214294433594,28.65,70.32,1008.46,58.13
449.6580810546875,21.38,49.21,1012.49,53.77
448.3939514160156,19.97,59.21,1017.87,83.46
456.21234130859375,19.38,54.9,1017.08,70.46
463.08111572265625,17.77,44.6,1016.97,54.25
488.99,7.04,41.74,1021.91,88.55
432.4283447265625,30.3,69.51,1011.8,50.43
461.27,14.91,43.34,1015.15,81.56
433.89,26.87,69.23,1012.71,54.54
446.91,18.86,51.43,1010.27,86.0
453.46,20.77,43.77,1010.76,63.12
469.41,12.2,44.77,1018.64,76.1
454.72,16.17,41.79,1005.78,78.8
471.72,11.69,35.76,1019.02,55.6
487.33,9.17,40.67,1019.03,66.21
472.6946105957031,10.82,42.02,996.03,99.34
442.5662841796875,23.08,48.41,1008.44,82.35
468.57,12.74,39.13,1008.19,94.81
438.01,26.85,57.19,1007.9,60.04
433.44,28.44,69.4,1003.98,73.51
467.29,14.02,42.86,1030.86,68.36
457.21,14.57,41.79,1007.61,82.85
471.66,15.4,40.69,1015.1,70.25
461.816162109375,16.75,42.23,1013.81,84.98
434.28,29.83,68.67,1005.33,71.15
436.3,26.25,66.56,1008.29,60.65
443.66,27.17,63.09,1015.59,68.33
428.27,27.49,71.94,1008.25,68.29
467.5458984375,11.7,41.16,1017.98,95.71
440.29,24.37,73.42,1010.19,76.01
436.17,26.14,61.02,1010.13,66.71
462.25,15.91,38.62,1016.2,63.63
476.9,9.24,41.4,1030.72,87.36
469.93,14.09,41.66,1009.25,71.4
472.9,10.61,37.5,1008.8,100.13
433.2494812011719,28.72,76.86,999.31,71.74
460.97,16.61,25.88,1009.34,65.47
442.81,24.35,51.86,1014.34,67.22
435.65,26.95,72.24,1011.16,73.14
469.6,13.89,41.49,1020.02,86.47
450.0,20.98,47.43,1007.39,68.15
447.02,24.74,63.87,1016.91,55.65
455.77874755859375,16.12,45.87,1008.15,86.12
463.66595458984375,20.94,44.58,1016.98,59.65
453.88,21.01,58.96,1014.33,61.8
482.22894287109375,6.52,35.57,1025.37,78.32
467.07,13.14,43.71,1024.47,87.42
469.25,13.93,44.47,1025.35,81.54
464.5,14.46,45.87,1009.21,84.09
443.76,21.83,62.91,1011.07,91.34
475.43,9.97,41.26,1020.6,91.14
466.87,15.09,43.13,1015.71,54.36
433.76,25.63,71.58,1010.14,87.57
436.8442077636719,24.17,71.58,1010.16,89.96
464.67,18.6,43.56,1013.9,51.16
426.31,31.05,69.13,1000.38,58.49
475.01,10.19,37.14,1012.74,73.48
467.78,13.26,41.78,1009.77,61.69
477.67,9.66,41.82,1033.19,73.19
441.9164733886719,23.6,62.44,1011.52,78.12
458.15,15.91,71.14,1019.7,72.65
486.6030578613281,8.79,40.67,1019.5,66.3
429.0076599121094,30.88,67.83,1008.97,54.99
450.9630126953125,20.98,60.07,1016.26,67.18
467.441162109375,14.2,42.86,1031.96,69.59
442.7309265136719,25.69,57.32,1012.34,44.18
436.74,23.65,59.92,1010.19,89.53
463.92,15.48,44.99,1011.94,69.95
471.48,10.64,39.61,1018.33,66.81
470.63,14.48,38.92,1015.6,90.05
477.0939636230469,10.47,43.14,1010.35,86.86
442.7043151855469,24.65,63.86,1018.37,56.15
460.87,16.2,45.76,1014.73,89.84
437.39,28.61,52.84,1006.0,45.73
438.8,23.13,61.47,1008.96,85.5
472.14422607421875,13.55,42.99,1007.58,97.55
455.9386901855469,18.71,54.9,1017.12,74.79
462.54,14.35,49.83,1006.39,91.23
434.74,29.79,69.34,1008.82,65.13
438.12,29.64,54.2,1013.0,39.56
462.17669677734375,15.11,45.01,1017.01,84.39
445.61,25.02,60.29,1017.49,54.75
443.5,23.61,49.16,1002.39,65.63
466.75,16.05,38.28,1014.38,73.89
449.74,19.59,59.87,1018.28,84.83
441.85,23.23,56.89,1012.87,75.43
473.84,9.41,43.5,1021.0,88.74
489.16,6.63,39.37,1020.33,76.18
430.75,27.89,69.88,1007.99,85.62
447.29,22.54,51.95,1007.29,79.28
474.87,14.0,40.8,1026.17,54.82
486.26,6.87,39.85,1012.66,83.34
435.72,30.47,70.02,1009.65,62.03
435.5724182128906,27.33,68.94,1007.04,61.83
470.2,13.7,34.03,1018.82,69.07
442.9,22.03,59.43,1006.88,82.05
430.90899658203125,30.32,74.22,1008.31,53.14
465.3,17.13,43.79,1016.09,58.94
428.83,26.3,71.94,1006.64,85.12
454.776123046875,17.55,48.78,1016.81,91.27
439.6,23.34,59.14,1017.47,78.91
446.87,23.26,58.2,1016.72,57.98
484.54,8.07,41.17,1019.4,86.43
446.33,24.45,68.63,1013.38,45.35
454.97,18.41,49.69,1006.66,80.55
451.6805725097656,18.22,58.2,1017.09,81.92
465.26,16.54,42.86,1014.85,78.0
438.56109619140625,30.01,65.18,1012.87,43.95
437.8199768066406,29.19,67.51,1011.48,55.55
466.2700500488281,14.58,41.92,1030.42,61.96
452.55,19.41,64.45,1009.44,64.05
450.139892578125,18.95,65.48,1018.17,71.85
473.694580078125,11.36,40.75,1016.34,85.19
445.87,23.79,58.49,1011.0,75.39
466.77,16.55,41.93,1022.71,42.73
448.51,21.43,59.14,1015.91,64.4
450.4296569824219,18.98,60.1,1010.09,85.34
464.58,16.38,55.5,1019.8,82.44
442.38,23.26,59.21,1017.71,67.16
438.54,22.55,69.84,1006.57,76.29
473.5280456542969,10.01,40.78,1023.71,88.11
446.44781494140625,23.33,54.2,1012.47,79.48
448.4279479980469,20.89,68.63,1012.6,69.52
465.25,14.18,53.82,1016.9,64.57
473.34,8.94,42.07,1018.9,85.93
428.25,28.61,69.84,1004.02,67.26
437.1375427246094,28.59,75.08,1005.58,60.3
466.24,13.91,40.24,1017.03,85.93
429.15,32.21,71.85,1008.25,58.09
459.77,15.34,43.5,1021.18,79.44
435.7313232421875,27.0,69.34,1008.88,74.4
440.56,23.63,65.59,1013.1,76.95
488.4347229003906,6.79,38.5,1012.61,72.46
470.84,9.01,40.77,1022.37,90.3
459.69073486328125,17.92,44.2,1018.97,53.8
486.55,9.05,40.67,1015.57,75.48
435.7686462402344,24.17,73.18,1011.72,86.1
442.0052490234375,26.92,63.73,1010.29,68.6
461.8343505859375,15.59,52.75,1024.3,59.93
480.13,10.17,41.46,1019.34,83.04
472.86,10.66,37.5,1009.42,95.86
430.8225402832031,32.48,69.89,1013.98,46.39
433.92,29.05,68.24,1007.88,42.67
430.0222473144531,32.91,73.68,1014.49,50.62
494.43,6.1,40.07,1020.21,67.24
442.2706298828125,25.11,63.21,1012.21,83.58
472.4710388183594,7.89,71.14,1018.4,86.49
438.7104187011719,22.82,69.94,1004.65,73.47
461.96,14.13,43.41,1015.26,55.63
478.55,9.32,36.3,1027.9,77.02
473.31,11.86,40.55,1019.82,91.45
469.06,10.05,40.46,1018.71,67.38
476.7,11.22,40.22,1011.01,81.67
429.55,31.68,70.79,1004.05,54.5
474.55,10.27,42.34,1022.69,92.78
477.36,9.34,40.77,1012.14,90.81
430.01,28.83,66.44,1008.47,77.49
443.09,24.01,67.17,1007.44,86.87
473.31,9.68,41.48,1018.24,71.04
465.996337890625,14.86,44.71,1018.3,49.46
438.63,8.74,36.3,1015.18,61.97
455.8,16.55,46.18,1009.97,96.54
440.94,27.65,48.41,1008.54,58.25
479.95,10.1,41.17,1019.18,84.87
438.9465637207031,28.75,64.84,1009.61,58.24
451.1725769042969,18.75,63.09,1018.19,87.84
469.1495056152344,18.32,45.0,1022.67,46.38
430.3583984375,28.62,68.24,1010.15,69.31
472.64373779296875,11.46,39.1,1010.17,100.15
465.17822265625,13.92,43.41,1015.12,61.64
440.7210998535156,22.89,74.78,1009.79,81.57
448.83,21.13,47.43,1006.97,64.26
435.93,24.78,68.94,1007.29,70.56
460.43,17.03,47.83,1004.94,79.68
442.86,25.41,65.12,1016.01,53.39
443.9751281738281,21.47,60.93,1006.46,87.83
478.75,10.8,41.39,1019.74,74.08
472.76,11.67,36.18,1016.03,61.44
456.0486755371094,19.61,56.65,1020.64,63.74
449.2,21.48,47.43,1006.88,63.54
443.82098388671875,21.48,66.91,1008.58,84.49
468.7840270996094,14.17,43.13,1014.94,48.62
448.87,24.15,64.63,1020.72,58.06
433.74,28.81,69.23,1013.14,39.18
454.6009826660156,16.53,46.18,1010.2,95.42
440.08,22.1,68.12,1012.71,79.77
459.01263427734375,16.22,50.88,1014.33,100.09
477.8125,10.9,40.67,1016.66,65.09
465.6782531738281,13.9,40.2,1013.13,89.91
433.2738037109375,30.61,77.17,1009.49,73.19
481.27,5.9,45.87,1013.25,87.0
481.50958251953125,5.67,45.87,1008.91,93.29
450.82366943359375,17.82,65.94,1013.44,88.13
471.04,9.34,41.49,1020.58,97.59
441.85595703125,27.07,66.93,1017.32,55.38
431.85845947265625,25.52,71.98,1006.89,86.94
430.42,33.37,79.05,1007.19,62.64
438.2967529296875,22.25,66.54,1004.64,89.15
439.75,28.34,63.77,1013.7,61.13
433.246337890625,32.87,71.32,1004.36,54.69
477.52,9.84,40.72,1022.21,77.79
463.09,15.8,53.82,1015.87,68.48
441.52,21.96,71.85,1009.38,75.98
481.77,8.3,40.35,1012.37,98.17
472.9589538574219,8.39,36.3,1015.39,62.23
472.31,12.55,39.58,1010.68,76.9
443.13,24.37,65.61,1014.5,65.67
435.59,33.43,69.88,1006.86,44.84
469.3822937011719,13.04,41.04,1026.27,69.75
474.82,13.52,39.39,1012.91,84.03
477.5,11.46,38.91,1012.34,77.37
443.63,19.75,57.32,1010.76,79.29
480.4,7.19,39.37,1019.67,70.77
437.83,26.76,70.98,1007.64,90.51
425.14,29.67,71.98,1005.16,67.75
429.32,32.86,66.44,1010.98,44.99
473.09,10.02,52.75,1021.93,73.68
463.2814636230469,17.41,40.55,1003.91,76.87
443.05926513671875,26.53,65.61,1014.29,50.9
442.6,29.82,69.75,1010.09,65.02
432.26,30.56,69.14,1007.49,71.0
461.45,13.92,43.5,1021.14,88.44
456.7190246582031,19.94,38.52,1018.4,55.9
459.72,21.03,44.78,1007.99,36.82
435.77,31.33,65.18,1011.97,36.62
464.12,11.7,41.16,1019.58,87.49
460.5253601074219,16.94,50.59,1018.75,94.22
432.28,26.06,67.83,1009.26,66.37
467.3,15.39,42.28,1007.35,81.35
473.9734191894531,10.98,37.5,1011.12,97.51
439.2,28.41,74.16,1010.29,72.09
491.6777648925781,4.88,40.27,1012.66,74.51
494.84,6.58,40.67,1020.18,71.07
461.16,13.79,40.0,1016.02,70.17
430.53,27.16,71.32,1007.81,89.07
475.89,7.65,41.01,1024.31,97.17
463.47,16.3,41.16,1007.88,76.61
446.22,23.04,63.86,1019.83,59.78
452.94,25.74,65.38,1009.6,54.34
442.69,24.31,44.05,1006.16,73.3
441.6,23.43,69.23,1013.09,63.48
461.73,14.91,46.9,1019.59,98.1
437.991943359375,31.28,75.08,1005.39,49.53
437.0190124511719,25.84,67.83,1009.26,59.55
452.2064514160156,24.57,49.82,1016.82,65.25
462.5456848144531,13.42,48.04,1011.63,99.32
441.3622741699219,25.31,65.59,1011.16,79.71
440.87,22.78,59.92,1011.28,88.78
450.67,20.19,58.86,1014.3,71.64
466.69,17.98,39.63,1005.42,82.12
444.0,22.71,75.23,1010.48,76.86
464.46,13.68,41.7,1019.19,84.07
435.6,24.87,65.75,1006.45,65.75
481.9039001464844,7.53,41.74,1022.45,90.85
453.26,24.97,68.61,1011.0,55.04
469.00531005859375,13.55,40.71,1019.13,75.44
479.76,8.66,40.11,1032.86,75.31
456.85,16.84,45.01,1016.14,75.74
447.34,23.05,68.67,1006.69,76.43
451.24,17.7,49.78,1005.19,100.09
449.30853271484375,19.39,68.61,1011.09,96.51
437.55,30.05,56.9,1007.02,41.96
449.61,19.82,63.9,1013.19,78.96
455.52,19.1,56.53,1020.18,76.38
460.87,17.47,43.56,1014.15,54.71
446.67,23.86,45.87,1007.71,48.73
441.81951904296875,26.31,63.77,1014.15,69.36
436.02,26.74,69.89,1013.96,51.82
473.74,9.94,40.46,1018.9,68.51
431.38,27.01,71.25,1000.46,87.95
446.2,21.01,51.19,1008.44,81.49
435.15,34.97,73.56,1006.57,44.69
450.75,22.51,68.63,1015.1,57.19
447.11,21.03,67.45,1015.01,68.59
439.14,29.05,75.6,1017.63,51.16
442.8973693847656,23.6,57.17,1009.84,74.27
481.69,5.62,43.65,1017.9,77.43
446.37,21.16,65.48,1016.99,72.79
450.05,21.89,58.62,1016.15,74.59
476.803955078125,9.66,40.05,1015.78,89.06
440.6,25.69,59.07,1006.89,82.34
481.89,8.33,38.08,1018.94,73.78
484.21,7.32,41.22,1015.42,97.25
460.33,21.11,41.67,1012.44,52.86
475.07,12.25,40.75,1016.02,82.4
448.15,24.57,51.95,1005.8,70.07
458.1897277832031,16.64,48.92,1011.55,78.76
476.89,11.57,41.54,1020.13,69.14
438.92,29.23,75.6,1017.72,52.26
426.76,32.37,67.83,1008.32,57.39
443.69,26.17,58.86,1014.52,51.28
486.8636779785156,6.05,38.68,1017.46,66.13
482.7091369628906,8.64,41.66,1014.14,80.44
443.2,25.91,75.6,1018.23,62.65
436.64,25.02,59.92,1009.9,76.27
435.84,25.96,68.08,1010.86,67.07
442.65,25.5,59.27,1012.92,68.88
461.59246826171875,14.85,45.01,1013.12,85.53
456.54,19.06,44.63,1004.23,84.43
466.1866149902344,15.22,41.67,1013.18,67.17
433.094970703125,26.07,71.37,1008.6,79.48
486.07,7.62,44.71,1020.56,69.96
459.25,16.94,49.64,1024.43,69.22
434.1187744140625,26.18,69.14,1006.54,85.95
446.526123046875,21.91,48.7,1006.89,83.97
447.2871398925781,23.24,63.78,1017.1,63.8
442.56,22.48,50.05,1005.55,82.36
464.7850341796875,12.8,41.16,1022.43,86.19
433.81,26.17,66.54,1002.23,75.6
427.04,29.71,73.18,1012.35,63.06
486.91,7.41,39.16,1015.23,90.66
456.5703430175781,16.25,58.16,1018.34,78.59
474.57,14.28,44.84,1024.84,79.09
443.1347351074219,22.12,47.93,1005.5,84.47
446.1744689941406,23.06,63.9,1013.54,65.28
472.5,13.46,39.85,1012.76,72.94
439.4,26.76,49.02,1007.96,70.05
445.7637634277344,28.57,51.43,1012.02,47.79
476.31,10.31,38.18,1018.02,70.1
434.12,28.47,69.23,1013.18,40.73
480.74896240234375,8.35,40.77,1011.77,90.25
445.0616149902344,24.42,57.32,1011.46,55.92
441.7197265625,25.64,50.05,1006.97,67.72
478.05,7.69,39.96,1023.9,89.18
470.7809753417969,11.54,45.51,1017.19,83.02
466.15,15.62,40.89,1007.01,79.21
456.25,18.74,45.09,1014.24,41.54
447.9031982421875,20.12,65.94,1009.93,76.24
451.9,17.85,48.14,1017.16,86.68
460.88,17.21,52.9,1019.91,77.31
444.2299499511719,20.99,67.07,1005.17,82.41
462.81,17.69,46.36,1019.55,86.64
453.87,20.58,49.15,1021.42,56.15
471.26141357421875,12.04,38.25,1013.08,82.45
435.6040954589844,29.07,71.64,1006.07,69.53
444.66,21.81,65.46,1013.97,52.16
485.36,9.48,40.8,1023.82,78.98
468.7131042480469,13.69,44.85,1016.89,79.87
438.26,32.18,69.75,1009.94,52.91
437.44,23.48,60.23,1011.91,79.48
434.52,27.82,76.09,1007.83,76.07
436.27667236328125,25.26,74.33,1014.79,79.56
468.45,14.12,42.99,1007.13,78.16
442.59,23.14,60.27,1018.51,80.54
457.71,17.74,50.88,1015.56,89.78
480.71,10.15,41.17,1019.38,82.3
484.21,8.35,43.79,1016.2,85.23
448.4385681152344,20.35,68.61,1011.17,86.69
452.2090148925781,22.06,45.61,1014.3,77.75
462.42,15.64,44.21,1020.17,83.28
479.77490234375,9.32,36.66,1027.46,70.76
443.3837585449219,29.28,65.71,1013.76,48.05
481.1234130859375,7.52,39.61,1018.61,78.96
442.78,29.08,67.79,1010.91,55.96
484.93,7.55,42.85,1011.21,93.25
445.32,26.51,44.57,1007.56,52.23
440.47,26.52,63.94,1018.23,42.41
483.5306701660156,8.07,41.17,1019.4,86.43
442.23,25.35,63.21,1012.31,80.16
465.37,11.36,41.48,1012.8,76.16
476.99,11.89,40.64,1021.29,97.16
452.8011779785156,20.19,66.86,1012.97,64.7
447.89,20.04,48.92,1011.14,68.92
478.88,10.32,39.28,1016.56,94.13
469.08,12.01,41.48,1017.75,66.67
441.44,23.08,61.86,1013.44,84.64
449.53680419921875,19.81,66.54,1013.88,80.09
442.8,24.1,71.29,1007.96,67.56
467.34,14.47,39.58,1011.31,69.85
430.86,32.25,77.54,1010.46,54.57
475.29,9.51,40.81,1015.69,82.52
468.77880859375,12.63,41.48,1009.61,87.69
434.94,30.91,76.2,1008.53,58.08
478.82,8.38,39.22,1015.03,75.14
433.54,22.63,57.17,1009.83,77.43
487.48,5.71,40.77,1022.49,87.9
469.0654602050781,13.09,43.67,1012.22,91.91
445.22,22.72,62.4,1010.28,80.79
436.0832824707031,23.67,72.24,1011.22,90.45
464.58,18.19,43.96,1011.87,79.68
451.85772705078125,25.58,47.01,1014.5,63.53
480.83,6.79,40.0,1019.01,81.83
454.26,19.05,62.96,1020.48,83.04
441.5,25.32,63.77,1014.55,74.69
469.8,15.09,39.52,1017.05,72.43
438.34,23.44,72.24,1011.28,88.03
485.19,8.26,44.71,1020.85,68.82
465.32,17.22,36.71,1013.77,67.92
433.72,27.46,68.08,1013.06,46.49
472.31,11.52,40.03,1017.56,87.87
440.75,27.55,63.13,1012.92,71.29
487.1970520019531,6.5,38.5,1013.92,90.1
465.85,13.35,39.58,1012.41,83.45
446.2040710449219,21.5,59.87,1019.05,76.56
442.57,22.46,48.41,1008.66,80.85
444.37,22.05,63.31,1012.39,76.95
460.03,18.28,41.1,1002.0,65.69
463.64,14.56,53.82,1016.37,64.46
435.05,26.0,70.47,1009.61,74.66
466.95,13.14,40.66,1016.47,94.76
447.13,24.17,59.44,1012.66,78.53
434.94,26.11,73.17,1009.8,65.18
479.1323547363281,9.38,44.77,1020.41,85.26
454.7851257324219,18.77,49.21,1012.2,58.69
479.97,10.0,39.66,1016.83,78.91
471.59,10.1,44.03,1008.11,90.29
477.8,10.35,40.27,1005.09,92.42
471.07,12.95,40.1,1015.31,86.01
444.51171875,21.76,47.93,1005.34,86.28
454.13,25.06,52.36,1014.7,67.98
478.54437255859375,8.39,52.72,1026.06,86.76
439.48,23.56,71.85,1009.67,74.78
442.7673645019531,23.58,58.82,1009.68,81.38
457.4,20.71,45.61,1013.64,82.39
469.2113342285156,13.4,41.78,1010.2,64.57
478.27,10.36,41.46,1017.53,92.04
466.65167236328125,13.67,42.32,1015.41,79.04
434.45,29.35,71.58,1010.07,61.8
483.12,6.61,36.24,1013.57,91.8
473.47,13.92,39.85,1012.64,68.03
442.16,27.18,62.66,1009.89,52.83
477.89,11.41,41.54,1019.94,66.49
430.17,26.61,69.13,1002.05,51.97
446.22,20.32,67.71,1007.42,63.71
453.26,20.97,44.63,1007.64,73.69
457.12,25.34,49.5,1013.25,50.8
443.73,6.22,39.85,1012.05,86.88
472.6510009765625,11.87,36.43,1023.42,79.5
473.845703125,11.92,41.2,1016.99,81.24
431.28,28.15,71.25,1000.51,81.04
440.77,28.01,65.34,1014.68,46.86
457.74,16.51,41.79,1007.1,74.03
466.46,13.51,39.31,1012.18,75.19
451.29,18.34,65.94,1013.27,85.42
463.87,10.04,41.62,1013.36,95.17
454.12,20.3,56.53,1020.27,76.49
450.26,18.6,56.85,1012.34,80.24
448.0616455078125,19.79,51.19,1008.77,94.72
468.75,11.18,39.61,1018.56,68.0
478.34,10.91,40.1,1014.07,91.45
453.66,18.92,46.93,1009.89,77.98
465.717041015625,14.1,42.18,1015.05,78.25
436.33,24.69,59.92,1010.12,80.58
446.44903564453125,23.61,43.77,1011.81,56.08
450.15,27.0,60.96,1012.36,58.97
470.85,15.87,45.0,1021.92,40.0
431.77,30.2,74.34,1004.17,74.77
464.32,14.18,39.3,1020.1,67.48
477.003662109375,11.23,43.67,1012.57,72.1
439.4825744628906,32.95,75.08,1005.32,47.7
447.54,24.33,46.93,1013.83,44.59
479.23,9.55,38.08,1019.34,68.38
441.3,27.58,65.27,1013.51,50.43
441.0,25.56,58.82,1010.44,70.23
485.4532470703125,5.74,37.8,1021.37,74.47
477.86,8.22,41.82,1032.77,71.63
443.12,23.18,59.04,1011.44,79.28
435.4242858886719,26.91,70.02,1010.75,59.48
460.73,16.14,54.3,1017.93,65.68
447.58,20.69,50.78,1008.71,91.95
433.37,24.18,66.48,1003.3,70.99
482.66,2.8,39.64,1011.01,82.96
447.34,25.26,65.61,1014.43,58.35
470.35,10.11,52.75,1021.79,76.08
458.2298278808594,17.44,45.01,1013.65,75.13
438.6555480957031,25.37,59.14,1017.27,78.07
467.79,9.45,41.92,1029.32,91.09
473.0,10.39,39.69,1003.31,89.6
434.6883239746094,26.2,74.67,1016.69,84.38
448.15,22.85,47.43,1008.13,66.36
470.0326843261719,12.65,44.03,1007.13,85.23
466.6181945800781,15.14,41.93,1020.95,61.26
434.1348571777344,28.51,70.02,1010.58,54.68
436.43,22.55,70.79,1006.19,92.56
441.02471923828125,24.35,66.49,1012.48,62.12
461.46,12.64,41.79,1016.38,92.65
442.0133056640625,24.2,64.33,1011.15,84.23
483.28,7.52,41.66,1015.2,78.41
454.32,21.54,58.12,1015.33,78.67
447.8335266113281,23.43,60.32,1015.34,69.34
441.35,23.24,63.76,1010.1,79.16
437.17266845703125,24.67,69.14,1006.25,88.51
478.24,6.77,40.78,1024.86,96.58
432.03,31.94,69.98,1013.32,56.17
446.26141357421875,20.83,49.02,1009.45,91.92
482.31,8.37,39.99,1010.36,93.26
467.14,13.75,44.47,1029.63,70.74
439.16,30.82,70.36,1006.47,58.79
442.03,25.16,57.17,1009.86,75.7
446.7792053222656,22.1,65.48,1019.3,66.96
458.06,18.7,52.72,1024.84,57.72
449.0263671875,19.76,58.79,1017.37,89.09
436.96,28.45,69.23,1013.07,39.46
461.05181884765625,13.58,49.83,1008.9,86.8
443.17,20.83,67.32,1011.76,73.11
484.47,5.85,41.55,1001.95,99.41
464.95,16.99,40.89,1011.54,64.51
476.2751770019531,10.68,37.92,1009.59,65.05
469.61,14.65,35.4,1016.16,60.26
431.7,26.2,71.14,1007.92,72.95
439.9525451660156,32.74,68.31,1010.23,41.29
463.6054992675781,15.78,41.16,1008.43,80.25
473.86,12.41,39.28,1017.08,87.02
439.73,25.36,60.07,1015.06,66.11
452.8,20.56,60.08,1017.79,78.08
443.45654296875,24.92,63.86,1019.19,59.24
435.4253845214844,31.88,67.32,1013.64,35.1
452.127685546875,24.51,51.86,1014.64,67.57
483.5,8.48,40.05,1015.89,90.25
434.04,27.76,71.97,1008.53,86.97
477.8,12.08,41.39,1019.45,78.3
437.92,23.56,73.18,1012.18,87.98
475.88,11.77,41.06,1021.45,76.63
444.74,21.37,65.94,1010.73,75.09
464.3656005859375,14.02,43.34,1016.06,85.8
457.61,17.53,44.9,1020.5,71.1
470.6298522949219,14.89,35.71,1015.1,55.11
469.5,14.81,43.7,1015.1,60.72
428.28,28.99,68.24,1008.75,66.57
434.74249267578125,30.49,70.32,1011.34,66.33
441.71,21.59,66.54,1004.88,90.54
441.34,24.46,61.9,1013.88,87.16
444.3171691894531,21.63,50.16,1005.7,84.84
452.1,21.46,46.63,1012.97,71.29
488.8043518066406,5.7,40.35,1012.18,91.57
431.96,27.11,70.04,1009.76,71.25
475.040771484375,9.95,41.82,1033.09,69.44
447.8,18.68,46.0,1002.2,97.17
448.9553527832031,18.41,65.94,1010.23,84.71
453.49,19.02,49.25,1019.75,58.29
440.97772216796875,26.25,61.02,1011.47,71.22
456.5,18.07,63.31,1016.65,72.81
436.49395751953125,26.17,70.47,1010.25,68.96
447.7550964355469,23.83,49.21,1012.93,46.79
444.1946105957031,21.11,59.39,1013.87,85.29
473.76,13.9,42.86,1030.82,71.89
432.93,26.64,73.56,1004.98,93.31
460.18,21.5,45.38,1013.88,64.28
476.81,11.61,41.17,1019.57,58.82
484.0204162597656,6.13,39.48,1005.17,53.5
471.23,12.72,40.6,1013.45,86.16
460.66,17.29,44.63,1019.6,41.98
426.5,31.8,69.05,1000.77,49.82
451.0,19.16,43.43,1012.36,72.59
437.6880187988281,23.62,73.67,1007.0,90.8
486.2,7.87,41.17,1020.33,77.77
441.71,25.78,59.15,1013.61,66.68
428.73,29.29,72.58,1007.39,72.85
434.6392822265625,29.58,76.2,1008.37,60.73
442.99713134765625,24.29,63.57,1010.29,87.3
444.9783630371094,25.25,58.46,1015.54,70.76
425.12,31.74,72.58,1007.26,59.58
487.84,7.39,39.85,1011.63,83.61
432.65179443359375,28.5,79.74,1006.75,87.09
445.3,29.98,67.22,1014.22,52.69
445.5478515625,22.94,61.5,1008.25,73.45
433.06,25.85,70.36,1005.59,78.23
443.51,21.09,74.93,1015.11,81.93
438.0,27.28,47.93,1003.46,59.22
441.22,23.86,59.21,1013.02,73.6
474.07,13.33,40.64,1020.92,91.47
440.2573547363281,23.66,60.37,1006.91,87.13
456.5217590332031,16.8,44.9,1009.14,79.78
442.51,22.12,57.19,1007.56,76.5
439.91,24.82,57.19,1007.82,71.46
490.96,11.09,40.43,1025.47,74.97
483.38,7.64,40.81,1026.67,95.24
439.43,27.78,60.07,1014.66,53.74
485.95,6.49,38.68,1017.94,64.81
478.69,10.97,40.6,1015.0,87.59
440.39,25.27,63.91,1009.82,75.48
463.77,14.07,43.34,1015.79,86.0
455.94,18.9,47.83,1005.31,77.79
484.8463439941406,4.49,38.44,1015.47,76.96
486.93182373046875,5.94,39.9,1007.84,86.33
453.0565490722656,21.94,64.15,1021.2,61.75
445.83,21.35,59.04,1012.28,95.71
480.38,7.94,35.77,1017.04,63.22
451.97,23.6,60.08,1017.51,63.02
439.06,29.73,67.25,1017.64,37.79
479.8655090332031,10.51,39.04,1023.95,85.35
478.7341613769531,8.7,36.24,1013.34,89.5
438.0302429199219,29.6,69.82,1010.49,61.66
445.40228271484375,24.26,56.57,1013.86,70.35
450.46,20.61,60.1,1010.84,80.57
465.29,14.2,38.62,1017.83,77.57
479.1648254394531,8.77,42.49,1010.7,86.78
434.47,27.38,69.4,1004.57,74.12
473.54,12.98,39.64,1013.95,74.39
430.17,32.38,73.91,1004.05,61.69
448.17,19.2,58.71,1009.8,84.62
437.24,27.37,63.73,1009.79,65.25
454.54,18.77,58.66,1010.34,87.25
447.6723327636719,21.95,59.43,1010.29,74.67
434.76,26.73,77.95,1012.31,78.35
456.35,16.02,71.14,1019.75,70.42
452.3489074707031,18.86,46.48,1007.28,78.47
448.51,21.7,64.44,1014.95,73.33
458.61822509765625,20.25,44.78,1007.93,40.16
479.23,11.42,41.38,1021.98,60.19
490.47,6.37,41.03,1022.23,80.36
468.93,14.54,42.99,1009.27,90.88
445.68,24.43,58.05,1011.88,71.39
464.14,15.92,37.64,1014.93,83.73
430.42,27.51,71.29,1009.43,76.92
446.8782043457031,23.64,60.95,1014.92,64.91
484.08,9.0,41.54,1018.83,79.61
432.2,28.98,73.42,1011.25,72.9
455.5,18.31,50.9,1011.87,86.83
460.2,15.82,44.2,1018.96,66.73
468.55,14.88,41.66,1009.4,67.15
445.66,27.49,63.78,1015.43,47.45
479.9003601074219,10.74,41.46,1016.76,84.59
450.7679748535156,18.21,62.26,1011.97,87.28
461.7904052734375,17.2,40.55,1000.68,72.67
479.66,8.66,36.25,1028.22,86.96
463.08,20.59,42.04,1009.78,62.77
449.72637939453125,22.86,58.96,1014.03,54.96
448.2,23.31,68.63,1014.73,51.57
465.09,16.71,42.99,1007.72,75.35
489.96,4.97,38.91,1018.99,89.86
432.79,31.95,70.8,1008.38,66.26
468.54,13.89,35.71,1016.4,65.49
437.35,26.92,51.43,1012.29,59.33
437.6,23.0,60.37,1005.34,83.73
444.19,25.95,59.27,1010.9,70.42
467.83,14.84,38.91,1013.78,69.27
442.4,22.5,70.94,1008.04,82.39
431.326171875,31.84,77.95,1014.9,55.35
465.28,19.35,39.39,1013.91,61.53
437.4,24.26,67.69,1008.48,66.74
443.93,21.95,68.08,1012.91,69.36
450.54,16.07,65.46,1013.88,87.11
430.83,30.21,79.74,1006.82,54.03
473.12,13.66,45.0,1021.97,79.04
479.4627685546875,9.76,39.16,1014.19,85.4
461.6419982910156,15.69,39.3,1019.03,60.57
492.12,5.29,41.38,1020.62,83.83
442.48,26.72,65.61,1014.41,52.01
466.64,12.68,41.4,1021.59,78.57
440.12,29.24,64.33,1011.49,65.08
463.3,19.09,43.14,1012.34,45.75
486.24969482421875,5.06,40.64,1021.49,93.7
445.28,26.23,70.72,1009.73,73.44
433.09,27.15,73.9,1007.57,74.42
447.16,23.47,65.61,1014.57,69.83
465.49,19.78,44.71,1015.7,29.43
471.19,13.07,40.83,1010.0,84.84
482.96,8.52,38.5,1013.16,64.06
479.0,10.39,40.96,1023.51,84.73
438.54132080078125,30.2,56.9,1006.89,42.69
440.66,23.93,64.05,1013.09,86.02
449.96099853515625,21.11,43.43,1010.1,62.62
457.54840087890625,16.59,41.79,1006.67,73.9
438.29,30.52,70.4,1003.9,64.33
462.66,15.74,43.71,1024.7,78.38
448.43,21.25,44.05,1005.69,81.87
475.24,12.25,44.58,1016.47,81.15
484.29144287109375,6.49,43.65,1020.41,72.78
461.34,14.1,48.92,1011.6,84.39
449.8,24.62,58.66,1011.43,56.61
460.6401062011719,16.0,43.34,1013.89,78.39
434.73,28.67,66.25,1007.96,76.36
428.3499755859375,29.18,68.24,1010.04,68.04
439.4805908203125,26.8,68.31,1011.04,61.48
461.82928466796875,16.76,43.67,1011.27,70.55
475.08221435546875,9.44,39.82,1013.26,91.55
476.06,11.44,34.03,1018.57,74.06
474.1,13.45,43.14,1015.5,74.33
456.64,16.46,61.27,1020.02,74.54
464.61,12.91,40.73,1017.66,93.66
444.28,18.58,64.45,1009.68,67.57
470.58258056640625,13.1,40.03,1017.79,84.48
460.57,13.45,41.16,1022.04,82.96
479.24,10.01,43.7,1015.73,91.97
462.74,17.32,41.67,1013.23,68.07
450.07,21.49,61.27,1019.81,63.21
445.36,23.56,49.16,1003.31,66.98
471.4375305175781,11.02,38.28,1013.51,95.66
431.03,33.62,77.17,1009.38,63.71
491.6142578125,4.56,40.27,1011.13,80.24
464.84,14.87,41.76,1022.26,78.21
477.8733215332031,10.77,44.78,1012.87,84.16
451.49,21.45,60.08,1017.92,72.7
467.1228332519531,13.24,54.3,1017.05,81.99
451.2800598144531,22.64,58.66,1011.68,60.97
472.46221923828125,11.72,40.55,1020.74,86.22
447.88,26.74,59.87,1012.5,62.88
452.84,12.51,49.83,1008.61,94.27
480.05,9.88,39.66,1017.81,76.05
437.67,25.0,68.14,1005.35,57.13
437.07,25.51,73.56,1006.59,96.63
480.71,11.22,41.93,1023.13,69.35
446.46,21.7,49.02,1008.74,82.8
449.11688232421875,19.83,63.94,1019.81,75.05
466.47,12.34,40.62,1016.28,53.6
470.79,10.4,45.01,1018.58,93.48
466.17,13.61,42.34,1017.78,88.84
441.7765197753906,25.55,58.95,1017.12,51.84
468.58,13.2,41.78,1010.49,64.96
435.2569885253906,25.88,66.48,1004.24,63.16
468.14,14.75,41.16,1009.58,86.96
481.52,7.82,40.72,1022.17,88.13
470.88,11.7,25.36,1008.65,92.11
489.18,6.37,40.81,1025.98,91.0
443.45,23.98,50.32,1008.41,67.75
441.0,24.8,59.87,1018.79,60.79
444.99,23.89,50.16,1004.88,73.94
429.62,27.88,70.79,1005.06,72.5
483.04,7.19,39.4,1011.45,90.65
448.43,24.2,60.95,1014.82,59.42
432.13,33.82,72.29,1008.67,46.95
462.63,14.69,54.3,1018.01,73.4
434.46,24.82,74.87,1010.28,73.54
468.282470703125,12.59,40.03,1018.76,85.4
454.2292785644531,19.05,44.06,1017.02,73.76
485.7561340332031,5.51,35.57,1026.3,78.97
427.4,33.7,68.27,1007.16,50.41
438.59,26.05,56.85,1012.78,59.09
467.62,14.45,39.58,1012.41,79.0
431.9322204589844,30.48,70.04,1010.73,53.7
456.89,19.68,56.65,1020.75,67.25
458.13,21.34,48.06,1014.49,63.23
447.84,23.03,65.12,1016.29,69.8
441.93,24.2,59.07,1009.25,88.25
443.67,24.54,48.06,1013.02,55.18
429.72,32.27,71.85,1008.06,59.28
480.68,7.61,41.26,1009.05,97.32
461.56,13.86,41.58,1020.69,70.74
443.482421875,24.35,59.21,1018.21,54.46
435.2,29.12,67.32,1014.21,48.8
450.33,18.03,58.86,1015.99,89.03
478.74,10.59,41.54,1019.94,72.52
433.47,27.69,69.98,1008.52,60.93
461.3164978027344,15.21,50.88,1014.24,100.11
460.86,16.92,50.9,1013.27,82.97
437.24,26.16,63.76,1010.03,68.77
464.8965759277344,13.78,38.47,1015.2,57.8
453.4204406738281,17.66,60.08,1017.22,86.96
429.31,30.12,73.18,1012.29,61.32
464.13,17.69,44.34,1019.31,61.12
445.079345703125,23.14,58.95,1017.52,66.25
467.97,13.98,39.18,1009.61,89.12
438.3846435546875,24.41,69.48,1008.34,76.13
459.66,14.38,44.78,1010.8,66.58
442.0976257324219,22.75,70.94,1008.03,81.95
442.7786560058594,26.94,65.61,1014.31,49.73
453.9,18.8,47.83,1005.86,76.77
445.01,24.45,65.12,1015.92,57.19
434.08,23.77,69.13,1011.05,89.41
448.58,24.62,68.31,1010.45,75.18
446.7,18.85,67.32,1012.91,82.37
442.63,21.94,56.85,1011.01,77.72
444.77,25.61,58.86,1013.9,54.9
453.2,18.97,43.43,1012.72,75.69
446.4481506347656,23.46,51.19,1009.6,73.22
443.44,21.04,74.87,1009.09,88.25
485.7695007324219,4.23,38.44,1016.46,76.64
443.651123046875,24.42,63.31,1012.64,71.8
440.64,23.1,59.43,1007.36,85.96
441.33,24.98,58.98,1010.34,78.56
438.93,32.96,73.03,1013.56,54.03
442.3868713378906,22.1,71.29,1008.2,75.38
427.56,32.27,71.85,1007.88,56.01
465.5018310546875,12.36,52.75,1026.04,68.71
471.61,13.11,41.44,1015.55,74.45
468.36,13.18,52.72,1024.67,75.96
488.4975891113281,8.03,40.67,1020.13,70.87
462.28,15.49,39.0,1016.01,71.31
429.5,30.02,68.24,1009.8,65.73
470.03,14.73,40.35,1011.15,65.2
484.6130065917969,4.78,42.85,1013.07,94.72
426.52,30.3,71.98,1004.4,55.6
477.38,9.63,40.27,1009.96,81.03
476.08251953125,13.24,39.85,1012.64,59.99
448.02,22.93,63.13,1011.6,77.09
457.77,14.55,42.74,1027.29,66.64
441.6092834472656,26.42,59.27,1012.9,65.38
464.63,18.88,43.69,1016.77,46.88
436.29,24.47,70.94,1008.07,81.55
464.0768737792969,14.81,42.03,1017.43,72.54
468.70538330078125,12.8,42.18,1016.27,83.9
480.05,9.72,39.66,1018.31,76.07
454.37,17.74,44.2,1018.87,58.59
430.88,29.65,71.25,1001.07,73.97
453.03,22.19,62.96,1019.54,67.96
438.39453125,29.79,62.66,1008.5,48.51
434.47,27.13,69.45,1013.9,51.16
435.88,24.62,70.47,1010.55,72.71
432.73,28.65,68.27,1006.96,52.78
434.66644287109375,31.86,69.59,1008.61,59.74
442.43,27.56,63.9,1013.23,45.97
469.75,12.29,40.71,1019.71,83.09
480.7147521972656,8.84,42.49,1010.28,89.09
435.84,30.62,64.69,1006.23,52.06
492.06,3.99,39.64,1011.53,83.58
446.54,23.38,58.82,1012.27,77.87
431.81,27.46,66.54,1002.39,67.09
436.32,29.22,60.23,1009.73,61.5
447.1,22.22,48.98,1015.87,53.18
487.33,6.8,39.37,1020.24,73.29
489.451416015625,4.49,40.27,1012.01,76.5
442.4403991699219,22.53,74.87,1009.91,93.21
440.74,23.63,60.37,1005.0,81.66
476.92,10.06,39.61,1020.87,74.01
478.37,11.09,42.44,1014.18,92.81
484.45,7.64,38.18,1017.65,78.51
427.25,33.95,68.14,1002.33,48.98
429.31,32.38,69.05,1000.76,45.85
474.5780334472656,9.42,41.4,1029.99,88.41
448.37,25.92,60.32,1016.05,52.51
451.23,18.5,52.08,1006.23,100.09
464.6766052246094,13.12,48.04,1011.93,100.07
430.56,34.33,69.05,1000.89,37.9
438.84,29.29,70.02,1010.13,46.93
456.11,16.4,44.9,1009.22,82.31
450.57,21.44,62.96,1020.27,79.85
476.0,11.45,41.17,1017.98,84.64
464.51,14.62,44.84,1023.41,85.17
435.69,29.29,57.19,1008.3,60.11
477.49,10.16,40.8,1028.13,86.39
445.61,25.45,69.59,1008.51,83.17
432.2488708496094,31.98,73.42,1010.66,60.06
433.25,25.93,66.56,1004.97,76.35
435.8095397949219,32.51,71.22,1005.62,47.6
469.9,11.38,52.75,1026.19,72.71
478.5862731933594,10.39,40.22,1009.77,83.27
467.42,13.6,41.2,1015.92,85.05
444.42,30.11,62.04,1010.69,47.96
432.35009765625,33.24,74.34,1002.58,45.05
435.84,25.59,62.39,1006.37,74.06
445.36,24.33,60.32,1015.49,59.95
436.76,28.92,61.02,1011.19,56.13
454.52044677734375,15.62,58.59,1013.91,97.6
483.26,7.49,36.08,1020.27,85.69
468.8,18.33,44.34,1019.55,51.69
445.71,21.38,44.05,1005.69,81.66
436.22,24.13,73.18,1012.62,91.52
484.0,9.53,40.23,1017.74,89.05
483.38,8.83,41.92,1031.8,78.97
451.78,26.37,54.5,1014.48,66.31
466.0508728027344,15.04,41.35,1004.29,99.1
444.1065368652344,25.13,51.95,1005.42,62.05
444.73,22.26,69.04,1010.48,84.33
436.16,31.07,70.32,1011.74,65.91
431.4792175292969,30.74,79.05,1005.78,73.19
465.2999572753906,13.08,43.14,1019.39,99.74
431.69,26.18,69.84,1005.13,72.89
469.75,14.22,40.83,1009.2,81.32
477.23,10.95,40.22,1010.04,78.96
432.66,30.62,66.75,1017.68,53.68
429.48,26.96,73.68,1013.81,84.77
448.82,23.25,63.78,1016.01,72.01
487.17,8.0,34.03,1018.98,78.67
472.6579284667969,12.66,41.2,1015.88,89.12
437.65,23.04,74.99,1005.44,92.86
434.88,31.41,74.16,1011.1,57.05
433.972900390625,29.51,75.6,1017.92,50.61
447.1595764160156,21.96,58.79,1012.1,88.74
436.89,26.45,75.6,1017.42,74.5
464.35,12.79,44.03,1007.46,95.93
466.36,14.63,41.23,998.96,86.4
463.61,14.74,42.77,1017.71,76.59
441.92,23.56,66.49,1012.21,53.86
460.23895263671875,17.34,44.06,1015.84,74.88
469.1650695800781,13.26,45.51,1015.99,69.82
451.89,19.46,60.07,1014.81,66.61
428.68695068359375,29.96,67.83,1008.0,44.05
445.8,21.38,60.84,1017.94,82.83
459.0569152832031,19.48,39.72,1001.75,55.41
472.95,12.99,41.93,1020.25,74.64
436.6602478027344,25.79,75.6,1017.46,75.63
474.4785461425781,11.46,39.3,1019.53,76.86
435.6272277832031,26.38,71.58,1011.02,80.9
489.14276123046875,5.23,35.57,1026.23,79.38
465.01,15.36,41.35,1002.4,91.67
475.42,9.19,40.62,1017.78,68.91
493.9,5.89,40.07,1018.99,63.13
427.62,34.29,68.51,1009.58,32.25
452.84,19.21,60.07,1014.94,70.02
465.39,14.02,40.66,1017.05,84.14
430.09320068359375,29.12,67.83,1008.05,46.86
488.9588623046875,2.58,39.42,1028.68,69.03
463.36,12.61,41.58,1020.17,85.18
455.51,20.48,60.29,1017.16,72.1
482.96,7.3,43.65,1019.33,67.62
444.02,22.7,66.44,1011.19,68.36
441.61578369140625,29.78,65.74,1012.13,44.96
463.3857421875,15.3,43.34,1013.23,82.73
477.001708984375,10.39,44.85,1014.22,78.42
463.8648986816406,13.1,49.83,1007.29,92.79
445.56,24.92,48.92,1010.11,36.53
479.16,10.89,44.2,1018.3,86.32
487.45,6.81,38.56,1016.5,70.99
442.65,23.63,71.29,1008.01,70.07
430.12,32.39,79.74,1006.92,58.58
454.2,20.64,49.21,1014.86,58.47
435.56,26.89,70.32,1012.39,87.17
453.66876220703125,19.02,50.66,1013.04,85.25
448.0553283691406,20.78,58.86,1016.02,77.29
479.3424987792969,8.72,36.25,1029.31,85.73
457.9590148925781,22.45,41.54,1012.69,70.89
443.09,24.2,50.78,1008.74,59.32
478.21,10.8,40.22,1011.25,84.57
438.19,31.48,69.75,1008.9,45.66
458.41,19.09,66.51,1015.11,76.38
446.02,24.38,63.91,1009.53,79.11
452.11,19.46,46.33,1013.77,89.62
434.4922790527344,26.63,73.68,1015.15,85.13
477.16729736328125,10.26,39.13,1010.94,87.78
433.5046081542969,31.01,71.37,1003.4,55.06
487.9813232421875,3.95,38.44,1016.75,79.65
434.7,25.99,74.67,1016.59,83.39
462.78,18.25,43.14,1011.51,55.16
462.6,14.46,53.82,1016.55,68.11
434.1662292480469,29.09,70.98,1007.86,80.35
469.18,12.53,42.03,1017.57,81.57
446.9435729980469,20.35,67.71,1005.85,63.97
492.12,5.82,41.38,1021.06,86.91
469.3813781738281,10.52,41.01,1020.35,93.58
465.89,14.1,41.04,1026.11,74.25
442.65,21.98,55.97,1009.12,89.51
446.34930419921875,23.6,65.48,1017.44,61.26
445.11,26.53,63.87,1017.38,48.53
439.42333984375,28.22,51.43,1006.06,63.72
435.34,26.13,73.21,1002.12,92.02
488.05,4.11,38.44,1015.9,81.79
429.18,30.75,73.5,1011.02,54.76
468.86,13.27,42.28,1008.3,86.2
468.53753662109375,11.91,43.22,1008.75,76.57
449.48,18.24,59.15,1012.0,84.4
435.94,30.01,62.34,1005.28,62.34
469.215576171875,11.41,40.62,1015.56,57.62
472.43,14.39,40.35,1011.33,64.86
448.58,20.75,60.77,1017.91,86.06
473.5871887207031,11.36,38.25,1013.22,86.16
441.0,27.94,63.07,1010.75,38.57
475.14,11.28,40.55,1006.23,97.78
434.12,14.69,49.64,1023.43,78.17
443.06,24.23,59.04,1011.91,71.79
478.6175537109375,9.44,41.79,1020.16,72.26
448.21,21.83,57.85,1012.49,75.16
470.28,14.79,38.73,999.83,86.45
440.3869323730469,23.29,68.51,1013.19,77.81
449.71258544921875,21.75,65.12,1015.53,66.0
460.67,17.33,53.16,1013.16,82.93
457.28,17.53,50.66,1012.74,91.51
453.86,22.61,54.42,1014.74,75.87
471.82,13.34,40.83,1008.09,85.85
469.4,15.85,49.69,1015.33,89.24
467.701416015625,12.43,43.22,1008.93,77.42
453.62,20.34,46.63,1013.16,79.08
466.88,14.52,44.84,1023.51,88.51
436.38,31.92,75.33,1001.81,61.97
440.15,22.89,73.11,1006.66,73.11
448.98,20.84,51.19,1008.63,84.11
450.08941650390625,18.81,52.08,1005.77,98.86
434.26116943359375,28.95,66.75,1018.22,60.48
449.57,16.82,47.45,1010.19,88.48
476.87,11.2,41.38,1021.65,61.89
482.2627868652344,9.13,39.16,1014.14,86.17
456.33,15.24,45.87,1009.46,85.95
486.79,5.68,40.35,1012.11,92.86
436.72,30.32,64.69,1006.35,51.36
463.99,17.89,44.6,1014.48,42.51
430.98,33.38,71.06,1008.1,64.83
443.73,26.19,65.61,1014.51,54.52
474.11,12.59,44.34,1017.01,85.57
463.8526306152344,17.62,43.69,1016.49,67.92
451.81268310546875,22.06,64.15,1021.07,68.66
471.42,18.28,45.0,1022.47,43.03
457.89,16.62,52.05,1011.96,67.81
442.43,22.83,65.18,1012.24,79.74
463.51,12.04,40.78,1025.21,85.97
451.3428955078125,19.51,50.16,1010.33,94.37
431.77,24.65,71.98,1006.46,91.11
464.0404052734375,16.14,44.63,1019.44,47.85
455.09,19.27,50.9,1011.72,83.14
483.72,6.5,38.68,1017.8,62.9
480.58,6.43,39.61,1017.51,83.8
444.66,23.46,57.85,1012.7,65.54
481.6539611816406,5.68,40.77,1022.49,90.6
456.04248046875,20.12,56.53,1020.34,75.59
437.58,27.75,66.54,1010.21,46.37
466.04193115234375,14.32,45.08,1023.24,84.53
437.13,28.29,47.93,1002.6,53.23
463.6356506347656,15.08,42.77,1018.43,73.19
476.31,10.98,41.39,1017.54,85.31
431.26,31.85,73.91,1003.6,60.22
456.61,19.54,50.66,1014.7,84.53
439.29,23.17,62.39,1008.04,89.42
452.7193603515625,20.28,62.52,1017.89,75.67
468.590576171875,10.08,41.16,1023.14,96.03
444.88,28.5,74.87,1009.67,53.78
459.19,15.16,40.73,1017.7,86.37
434.95,28.02,68.08,1013.44,44.46
447.41,25.38,65.34,1012.87,62.49
431.3140563964844,27.55,64.96,999.73,57.34
481.36,6.45,40.02,1032.08,79.7
466.58,14.43,43.5,1021.86,83.14
470.98,14.22,39.39,1014.16,80.22
477.61,12.1,40.27,1005.53,68.37
477.81732177734375,9.83,38.56,1017.35,62.8
428.69,32.0,73.17,1009.94,40.48
472.2699279785156,11.83,45.09,1013.11,88.52
439.09417724609375,29.92,67.22,1014.09,50.62
476.15,7.22,41.01,1025.19,97.27
468.9,13.07,38.47,1015.16,57.26
478.73,10.08,43.14,1010.67,85.9
433.71,23.89,70.04,1011.16,84.9
451.13,18.88,44.06,1013.81,68.54
446.33,20.68,68.61,1011.2,84.81
470.8653564453125,13.99,36.71,1013.43,83.13
486.81,7.4,41.03,1022.09,74.83
476.48046875,11.77,40.0,1021.08,85.08
447.21,22.64,63.73,1013.88,84.22
454.85,18.13,66.86,1012.9,78.84
438.2323913574219,23.18,72.99,1009.01,90.09
430.86279296875,29.45,68.24,1007.45,32.81
479.7,10.2,41.17,1019.56,82.46
439.54,26.57,48.06,1013.23,40.24
444.99,22.78,49.16,1002.29,64.28
443.91,25.59,61.08,1013.19,77.28
456.205810546875,18.66,56.53,1020.13,80.04
432.68,24.66,69.94,1006.56,60.91
439.06,21.9,66.54,1004.76,89.99
471.19,12.12,38.28,1013.65,90.19
468.61,14.95,42.99,1008.75,90.76
460.6404113769531,19.31,52.72,1024.93,53.93
432.44,30.93,73.42,1010.98,56.42
447.76,26.27,62.91,1011.97,48.06
454.89,19.46,66.86,1012.74,66.2
461.21,15.56,40.12,1013.72,89.78
476.09,8.99,41.26,1020.52,91.96
444.76,22.16,58.82,1009.61,87.16
441.61,24.43,59.87,1019.08,60.57
452.3,20.78,62.52,1017.58,73.3
432.45,29.51,76.09,1007.39,71.5
476.44,12.4,40.35,1011.46,79.49
431.5,28.92,72.43,1007.03,66.14
475.03,13.03,42.86,1014.39,86.25
436.12,28.73,73.91,1004.91,70.17
431.26,26.43,77.17,1008.67,92.59
457.01,17.61,56.53,1019.5,82.3
452.60711669921875,21.79,46.21,1012.89,72.0
485.76318359375,5.11,42.07,1004.28,81.8
472.69,12.85,40.35,1011.29,81.27
443.55,25.03,47.93,1003.02,62.89
435.7620849609375,25.35,66.56,1008.75,66.88
440.67,28.95,73.4,1011.33,55.14
446.01,19.72,51.19,1008.51,95.28
426.13,30.03,67.9,1006.22,52.61
479.03,8.7,39.72,1020.0,78.75
463.63336181640625,14.94,42.77,1018.06,75.35
481.58,7.07,37.49,1010.35,87.19
462.41,21.12,47.24,1003.79,70.55
484.21,8.6,42.28,1008.58,80.15
476.99,10.33,44.92,1025.34,85.67
458.42,16.79,49.25,1021.21,68.8
458.4481506347656,16.16,41.79,1007.53,76.21
445.4,22.52,64.27,1014.34,82.77
449.6036682128906,22.11,59.8,1016.86,70.14
466.84130859375,14.11,45.08,1023.27,83.22
447.83,24.97,68.61,1011.08,58.94
451.5726623535156,19.22,62.1,1019.43,79.19
470.66,13.72,44.47,1027.2,68.89
433.64862060546875,24.58,71.94,1006.85,89.02
480.98,9.16,42.44,1014.43,93.67
451.34442138671875,20.92,57.76,1017.22,75.86
438.46,26.7,70.32,1011.04,86.41
480.8380126953125,9.04,44.68,1023.14,90.73
478.4496765136719,10.16,39.3,1019.71,81.21
489.43585205078125,3.85,35.47,1016.78,85.31
443.9476013183594,22.7,64.05,1012.65,89.69
433.3,28.54,69.59,1008.84,78.62
427.31,31.54,72.58,1007.61,65.57
474.21575927734375,10.48,36.71,1023.18,81.37
465.52,16.77,42.28,1007.53,73.19
453.0345764160156,17.84,52.08,1006.65,100.09
442.5606384277344,21.76,60.27,1018.96,85.06
474.76,12.24,40.96,1023.52,81.09
453.8,13.25,49.83,1008.76,88.21
459.26,17.28,44.92,1024.39,76.08
431.48,34.96,68.94,1006.17,59.26
434.43,28.51,74.78,1009.84,59.06
429.401123046875,32.29,64.96,1002.13,42.61
463.82,15.6,44.68,1018.35,85.91
438.73,26.91,71.64,1004.59,83.54
437.88,23.55,73.18,1011.85,87.97
464.24,15.49,54.3,1017.59,71.26
453.58,19.68,62.96,1020.41,82.26
436.41,24.87,60.37,1005.48,76.21
437.93,24.73,69.05,1003.25,66.44
471.92,11.31,39.61,1018.74,68.9
463.09,15.24,37.87,1020.52,84.49
438.29,23.16,57.69,1007.91,84.7
464.4447937011719,14.81,40.71,1018.54,73.0
459.84,13.97,41.16,1020.88,74.88
442.21,23.25,71.29,1008.05,71.36
441.0260314941406,22.47,59.43,1006.02,85.21
459.0684509277344,16.38,45.64,1020.47,89.28
450.26,19.73,68.63,1012.41,74.12
432.1276550292969,30.24,69.88,1007.9,61.46
436.61,28.13,61.25,1013.12,62.57
434.07,24.6,75.23,1012.04,76.77
445.0993957519531,21.64,50.32,1008.41,86.32
435.09,29.03,69.51,1009.8,47.04
444.08,25.02,59.44,1012.49,73.65
436.18,23.32,69.23,1011.75,75.59
470.39,11.48,44.6,1018.29,90.76
466.2,13.83,41.23,993.31,93.94
433.2254638671875,26.77,68.08,1010.83,63.48
458.55,15.34,40.73,1018.03,86.19
436.53,28.14,43.21,1011.82,69.32
481.86,8.6,36.66,1026.4,81.23
449.9,21.86,58.49,1010.88,76.79
480.5256652832031,7.71,36.25,1027.92,89.84
448.96,22.7,48.14,1014.06,60.09
437.63134765625,27.21,66.49,1013.57,40.11
459.79,24.58,48.98,1014.96,38.75
478.35,10.06,39.61,1020.69,69.49
437.52,26.34,68.67,1006.54,72.48
447.4031982421875,20.48,51.43,1007.4,90.7
485.08,6.19,41.31,1002.48,88.8
472.01,13.08,44.9,1020.47,86.46
442.37,21.87,74.87,1009.28,85.4
460.19,18.91,43.14,1013.56,58.34
472.21466064453125,11.92,38.25,1013.13,84.92
474.2915344238281,12.27,41.17,1019.39,52.18
491.32,5.17,35.57,1026.68,79.86
462.7,15.93,25.88,1009.45,72.83
446.62,22.21,61.87,1010.9,54.22
447.7165222167969,20.84,65.06,1016.88,71.93
449.02,22.53,58.62,1016.28,72.78
454.88,16.27,56.89,1013.74,84.36
435.4659729003906,27.37,69.23,1013.25,48.02
464.7,13.18,43.72,1010.59,99.09
434.0460205078125,27.69,73.91,1005.23,75.71
465.62,14.0,41.78,1010.96,48.37
445.61,18.88,65.94,1010.43,85.54
438.85,24.18,59.92,1009.88,79.54
449.52,19.19,50.16,1011.12,99.91
435.94,28.37,67.07,1005.65,56.13
440.53,27.55,65.59,1011.6,63.99
486.18731689453125,5.96,36.25,1029.4,88.63
441.98,28.52,70.02,1010.34,54.21
441.16,26.49,59.44,1012.09,57.84
440.52,22.65,60.93,1006.43,85.13
488.0,7.04,39.37,1019.37,69.11
434.14,30.13,78.05,1010.99,61.5
429.6506042480469,29.32,71.29,1008.34,51.51
473.76,10.46,41.26,1020.65,92.24
456.81,19.62,52.05,1012.09,50.02
475.43011474609375,10.71,41.93,1018.23,90.88
442.24,26.06,64.05,1012.0,84.05
474.04,8.2,41.14,1025.24,96.26
438.5,25.32,60.37,1006.19,73.94
468.87,15.75,39.16,1016.31,77.99
435.04,30.26,76.2,1008.44,62.1
479.2203369140625,9.86,42.49,1009.16,81.41
467.0749816894531,20.56,43.79,1015.85,45.7
441.94,27.28,44.89,1009.02,49.9
448.13,22.89,62.39,1007.84,88.16
437.98,27.59,50.05,1005.71,57.03
434.22,31.11,72.25,1012.34,44.45
466.29,13.8,40.2,1013.12,90.59
452.15,21.8,62.39,1007.84,89.04
469.863525390625,14.28,39.39,1013.82,77.52
474.931640625,9.99,41.82,1033.14,68.36
450.93,17.65,59.87,1018.58,94.65
457.08,19.47,50.9,1012.77,77.33
463.49,16.64,39.64,1008.7,81.79
457.05,16.95,40.12,1012.59,87.87
434.38,25.95,69.51,1009.36,66.82
472.42,14.09,41.2,1016.45,67.27
476.9461669921875,11.21,39.85,1013.01,75.55
457.9849853515625,20.25,55.5,1020.03,69.33
457.44,17.72,48.14,1013.26,65.09
467.43,13.78,38.28,1014.8,81.19
488.85,5.57,42.85,1013.55,92.14
455.53,18.23,60.95,1016.74,78.85
438.97,23.89,65.18,1012.46,78.29
433.557373046875,32.16,66.25,1008.17,56.88
439.13,25.62,63.13,1013.84,83.49
461.56,21.69,42.23,1013.05,67.55
465.31,13.9,45.08,1023.29,83.43
436.3603820800781,25.88,74.67,1016.66,81.09
441.228759765625,25.03,61.86,1012.84,80.85
459.2880554199219,17.7,50.88,1015.44,89.57
467.2,13.98,40.24,1017.19,87.45
434.15,23.36,72.24,1010.99,94.41
433.44,26.55,73.67,1005.74,79.41
452.64,25.16,47.01,1014.99,64.0
440.52,23.82,63.76,1009.8,68.94
436.0252990722656,29.86,70.8,1010.22,70.36
442.6,25.42,66.05,1016.74,68.92
479.12,8.33,39.72,1020.24,82.84
443.7739562988281,26.2,65.18,1011.42,47.82
431.0517578125,31.49,73.5,1010.71,40.16
434.8771057128906,28.05,70.36,1006.73,64.42
475.77,9.7,37.14,1012.79,75.2
462.54,15.94,44.85,1014.29,67.57
446.68,18.52,58.41,1013.77,99.89
463.53,14.5,40.66,1016.81,82.93
429.25,25.66,71.77,1006.76,84.76
442.18,24.29,62.91,1013.04,65.85
463.900146484375,13.87,49.83,1006.76,89.14
485.24,6.1,43.65,1018.07,75.85
439.29,21.91,70.32,1009.17,90.57
434.04931640625,29.34,70.94,1007.82,62.43
444.9,23.93,65.59,1011.09,87.26
485.1002197265625,7.77,40.27,1010.25,83.65
428.87,28.07,74.33,1012.0,71.69
432.0,28.34,73.68,1015.05,76.73
450.5537109375,18.59,65.06,1015.75,80.72
440.57,28.68,61.86,1011.78,62.67
446.18,19.01,58.46,1017.14,90.99
448.8846130371094,21.29,51.43,1011.31,90.12
468.7660217285156,9.78,52.75,1022.97,78.31
461.16,19.65,42.23,1013.04,75.9
478.31,8.54,38.08,1019.75,71.24
449.76,21.39,58.05,1013.03,86.44
472.22,13.25,43.7,1013.61,76.05
465.9447021484375,13.53,42.03,1017.52,84.02
483.2,5.35,35.79,1013.23,93.53
440.26,32.0,65.74,1011.22,46.16
435.17,26.92,68.27,1008.11,61.73
436.67,25.82,59.43,1008.08,65.25
441.49,26.41,65.59,1010.69,73.78
483.7688903808594,4.27,39.64,1010.99,84.85
459.0704650878906,17.79,44.9,1020.5,69.72
456.97,17.47,58.16,1016.36,82.26
431.64,28.53,76.86,999.08,75.77
436.42,28.37,68.12,1012.41,45.87
436.36,22.88,71.73,1010.11,86.96
465.05,10.16,41.62,1013.15,94.3
494.9,4.59,39.33,1010.85,71.78
481.77,9.23,39.66,1019.44,76.11
438.32,23.81,66.51,1016.96,70.16
453.7309875488281,17.98,60.1,1009.61,84.11
467.47,12.38,45.09,1013.26,90.55
470.77435302734375,12.88,44.34,1016.03,88.51
445.7969665527344,23.26,63.56,1013.64,71.3
436.1614685058594,25.98,68.12,1011.36,66.86
478.7129211425781,10.01,41.17,1018.78,86.84
480.68,8.55,36.25,1029.54,85.23
460.436279296875,16.85,50.9,1013.26,83.94
450.05,23.48,66.49,1014.41,62.61
451.45,19.64,46.33,1013.33,98.99
439.37,22.0,59.54,1004.55,95.25
446.64,22.54,63.91,1012.15,84.91
430.55,28.18,77.54,1011.99,74.72
435.17,31.04,74.67,1015.85,43.32
482.63,10.81,45.0,1023.45,85.89
454.99,21.84,55.5,1019.28,62.17
447.2,24.96,69.68,1011.37,63.12
439.67572021484375,22.19,70.02,1011.03,82.49
434.64,31.01,74.16,1010.89,56.52
457.5,19.05,55.5,1020.25,75.76
456.29,17.37,58.49,1012.2,91.14
438.41,24.07,73.46,1006.61,73.46
444.97430419921875,23.0,66.05,1020.61,80.29
457.01,20.05,42.48,1012.29,85.09
445.84,24.03,45.87,1007.55,52.48
431.69,31.44,79.74,1006.95,56.99
477.37,7.36,41.01,1025.49,96.48
446.64,20.53,65.06,1016.69,73.47
433.6935729980469,29.21,72.25,1012.72,71.85
449.5967102050781,20.68,63.86,1015.73,74.36
435.56,32.96,69.75,1008.86,40.23
439.86,26.29,56.85,1012.68,60.33
430.49,29.25,78.87,1012.05,84.28
429.29,31.91,69.89,1014.59,54.51
490.03,6.67,39.33,1011.07,91.96
467.53,14.56,40.89,1010.94,79.57
451.74,20.3,58.41,1014.05,86.38
448.9256286621094,20.74,58.2,1017.54,70.66
445.75,23.51,58.79,1016.44,65.38
432.53,32.32,76.09,1006.63,62.96
434.65,25.79,75.6,1017.46,75.63
440.5405578613281,22.26,70.47,1008.32,84.22
483.884765625,5.53,35.79,1013.48,94.19
456.94,16.05,65.46,1013.92,87.99
463.77874755859375,9.98,41.62,1013.56,95.77
452.51,18.47,62.1,1019.86,82.57
434.55,26.55,69.45,1013.92,52.22
433.29,27.67,71.64,1004.41,78.14
433.26,29.63,66.75,1018.08,58.46
484.0831604003906,9.32,41.39,1020.03,70.21
430.32,29.04,76.09,1007.52,75.44
451.16851806640625,19.27,65.12,1015.63,73.48
446.6646423339844,21.55,44.05,1005.69,84.05
474.79,8.35,40.46,1019.23,73.26
441.58013916015625,24.71,61.9,1013.78,85.82
447.31,21.85,58.33,1013.03,66.39
479.03,11.2,41.54,1019.94,67.18
434.4177551269531,25.21,69.48,1010.99,75.27
446.64,21.75,50.12,1009.36,94.41
438.528564453125,23.59,71.73,1009.69,87.06
444.71,27.57,68.31,1010.48,55.87
455.69854736328125,15.03,40.66,1016.58,84.08
488.98,3.6,35.19,1018.73,99.1
439.48,27.81,66.51,1016.11,48.48
446.0828552246094,21.41,50.32,1008.61,84.47
488.82,6.4,41.17,1019.54,85.37
430.9017028808594,31.03,69.98,1011.33,52.16
466.51446533203125,14.09,44.84,1023.65,94.29
433.5676574707031,31.38,71.32,1009.17,60.42
434.91,30.21,71.32,1006.19,67.57
437.2727355957031,23.81,73.17,1012.13,86.13
444.15,21.4,59.21,1017.84,78.01
468.31,15.14,37.85,1010.33,84.3
453.6,16.34,41.48,1015.92,48.24
442.3555908203125,25.64,63.47,1012.33,68.35
464.1029357910156,14.2,40.92,1022.26,71.71
430.26,29.91,74.33,1013.22,39.76
440.2470397949219,22.64,70.98,1005.71,95.65
427.63,32.5,73.68,1014.65,55.72
444.5140075683594,25.73,62.66,1010.15,54.66
432.72,32.35,77.95,1014.76,60.88
465.46,18.1,45.0,1023.05,48.41
461.1756896972656,15.32,45.01,1013.3,83.72
448.11,21.41,54.2,1011.37,82.28
458.64,18.87,52.05,1012.02,53.46
438.65,27.3,57.19,1008.08,63.48
466.6024169921875,14.2,45.51,1015.36,74.85
480.94281005859375,8.61,43.8,1021.9,74.35
436.82,27.98,74.78,1009.46,63.11
441.65,23.97,63.86,1018.09,57.62
448.25,20.63,43.77,1010.71,62.34
436.8445739746094,23.63,73.18,1012.29,88.81
436.36,24.84,71.73,1009.84,82.41
436.76806640625,25.76,71.06,1007.93,90.4
484.31,6.77,38.18,1017.8,81.13
445.1,21.75,67.45,1014.89,67.09
468.4,18.21,41.85,1014.67,56.86
438.56,23.09,73.5,1011.4,89.76
438.7,21.28,70.32,1011.55,88.05
434.9418029785156,29.04,70.72,1009.55,66.58
472.43,11.98,39.35,1014.97,98.05
465.79,11.4,52.75,1023.31,75.7
488.03,4.32,35.47,1017.8,88.51
468.78,15.77,39.82,1013.01,79.1
466.3511962890625,17.75,42.24,1016.86,61.52
450.66,19.26,58.46,1015.74,84.64
439.67,23.85,69.45,1013.99,60.6
449.1,26.77,64.45,1013.26,44.56
443.7638854980469,25.2,61.08,1013.04,74.28
448.61,21.84,59.07,1008.84,96.5
455.25,20.17,58.12,1015.41,79.47
444.7117919921875,21.74,60.27,1015.82,88.96
433.72,27.53,70.32,1007.75,49.31
455.23,21.95,50.66,1013.92,70.94
481.51,8.03,37.8,1020.47,60.67
471.05,15.25,39.16,1016.18,79.39
434.8000183105469,32.16,71.32,1005.5,60.23
442.75,24.81,67.17,1007.71,84.37
470.37,14.85,43.13,1016.02,55.29
428.56500244140625,28.32,72.58,1007.77,78.35
444.8262023925781,22.21,61.5,1008.34,76.22
479.88,5.53,40.64,1020.78,97.25
437.33,25.31,60.75,1008.65,79.35
459.42,15.86,43.5,1021.22,75.38
443.1007995605469,23.47,60.77,1017.19,75.36
463.7438659667969,14.08,43.41,1015.59,54.15
462.65,20.15,49.5,1013.47,66.7
471.47,13.07,43.13,1016.93,70.02
434.57,26.75,69.45,1013.88,53.65
450.13,32.31,62.04,1010.41,39.39
436.92,30.18,61.5,1009.8,36.81
477.78,9.15,41.82,1032.88,75.11
484.17,8.57,40.23,1017.53,90.46
447.96,24.68,48.06,1013.83,54.97
489.03,5.97,40.35,1012.3,94.1
471.28,17.54,42.42,1008.97,67.67
446.46,24.98,60.32,1016.39,63.12
436.14,25.54,60.37,1006.49,71.54
440.0,27.45,64.34,1007.12,65.87
457.01,23.24,45.01,1012.21,45.23
474.45,11.04,45.51,1017.53,83.42
461.15,17.06,58.96,1013.83,73.95
489.04,3.82,35.47,1016.62,84.34
463.11,12.1,44.77,1019.1,75.85
470.8,11.72,40.55,1021.54,85.13
462.77,14.66,42.07,1018.14,84.68
444.07183837890625,22.45,63.77,1014.57,87.44
435.36,23.46,72.43,1008.0,90.55
432.0474853515625,30.15,70.32,1007.58,54.14
431.72,31.74,79.74,1007.07,61.47
445.3310546875,21.4,74.93,1014.58,80.85
464.62,16.56,42.99,1007.48,74.45
450.46,27.45,59.74,1011.34,58.58
471.26,13.69,40.83,1008.53,84.81
473.13,12.67,42.86,1014.06,89.9
448.26,19.77,65.06,1016.22,74.95
435.42,28.04,70.32,1011.28,78.16
474.57,13.35,41.16,1011.32,89.12
440.28,20.54,68.12,1012.23,81.06
452.56,21.67,57.76,1018.32,68.21
451.42,25.61,52.36,1014.1,62.9
457.73,18.03,53.16,1013.1,81.42
486.82098388671875,5.85,40.77,1022.44,84.77
466.46,10.38,40.92,1021.53,95.18
438.3895568847656,23.36,73.18,1011.96,89.15
470.0047607421875,12.91,41.16,1011.9,89.19
458.961669921875,15.35,41.79,1008.38,81.13
435.17,30.69,74.16,1012.71,60.89
437.17,30.58,65.18,1011.61,37.43
449.48,18.15,58.46,1017.42,88.24
472.53,12.38,40.6,1013.86,85.35
428.0305480957031,34.65,74.67,1016.03,26.67
469.3013610839844,10.99,43.5,1021.1,93.64
428.96,33.72,74.33,1011.4,37.51
461.36,19.09,44.63,1019.91,39.32
445.29,21.43,63.94,1012.68,99.68
435.76,34.33,74.34,1001.74,42.75
433.5976257324219,30.59,70.04,1010.28,50.56
433.72,32.0,73.17,1009.92,42.47
489.68,3.96,35.47,1016.79,83.81
429.99,32.45,66.44,1011.21,50.18
437.53,28.91,58.33,1013.84,39.72
431.0080871582031,32.26,71.29,1008.41,48.58
438.9884948730469,23.39,74.22,1009.83,86.05
425.55,29.27,69.89,1015.21,67.16
459.18,16.37,43.5,1021.26,72.4
464.4192810058594,18.68,43.69,1016.68,48.88
447.25,24.86,65.34,1012.99,60.33
481.28,5.12,40.78,1025.45,96.88
439.81,32.55,73.03,1014.36,44.83
463.0928955078125,19.81,43.56,1013.39,38.13
474.42,8.46,39.42,1025.05,69.36
446.4979553222656,23.71,68.63,1014.54,46.04
430.1793518066406,30.52,71.77,1006.22,56.4
446.16,22.79,68.63,1012.99,55.78
455.76,19.05,53.16,1013.22,82.8
439.1365966796875,25.72,66.86,1007.47,69.14
483.39,9.64,40.56,1022.51,78.62
433.1864929199219,29.49,70.98,1007.83,79.08
446.05,23.4,49.16,1002.85,69.82
477.23,10.36,43.67,1011.95,78.15
460.47,16.74,39.16,1005.68,71.17
463.384033203125,17.07,41.35,1005.88,83.43
431.21,27.43,64.96,999.72,67.94
447.6590270996094,23.1,60.08,1017.69,65.44
429.39,28.25,71.77,1006.36,67.03
434.12,30.92,78.05,1011.0,59.62
444.09,26.75,58.33,1013.55,45.47
481.7604064941406,6.62,41.14,1027.33,86.24
472.5516357421875,12.69,40.75,1016.05,82.92
461.13,18.04,44.88,1017.96,66.3
456.4,19.15,56.53,1019.95,84.1
474.07,12.08,40.24,1016.63,92.32
459.445068359375,15.67,48.78,1013.76,88.92
428.54,34.63,74.33,1011.7,31.45
482.83,7.46,41.26,1009.63,96.51
456.4583740234375,19.61,56.53,1019.69,77.13
473.28,10.96,41.93,1019.28,87.38
440.15,24.15,63.13,1013.8,92.1
484.81,8.09,38.5,1012.99,67.31
446.83,21.59,48.06,1012.72,77.13
446.33,25.03,59.21,1017.28,56.96
464.3448791503906,10.24,41.58,1021.17,94.34
446.87,24.2,57.85,1013.05,70.29
449.49,20.24,58.41,1013.73,99.59
433.32,31.82,73.68,1014.8,40.58
464.17,14.17,39.59,1010.99,94.08
478.65,10.07,34.69,1028.09,70.52
428.44,29.79,68.24,1009.19,65.49
471.96,12.51,43.67,1013.24,91.55
450.24,18.91,59.21,1017.76,90.49
479.78,7.98,39.61,1018.57,77.04
439.72,31.67,69.68,1012.38,46.52
450.209716796875,17.59,65.48,1018.96,81.34
443.44,25.96,60.32,1016.17,55.51
468.94,15.35,35.4,1016.3,57.12
448.58,22.39,48.14,1014.56,64.31
430.3917541503906,30.85,67.45,1014.53,32.99
449.66,24.02,64.63,1020.49,55.17
464.33,16.25,40.89,1011.09,62.7
449.07,24.33,46.93,1013.51,52.63
430.2978515625,28.78,64.96,999.75,56.43
441.3,25.01,59.54,1007.91,80.93
445.05,22.98,58.46,1016.06,72.69
458.16,17.85,46.48,1007.79,83.59
437.75,24.24,71.58,1010.15,91.14
481.24,5.09,42.85,1013.78,91.34
475.37,12.68,40.69,1014.46,79.77
436.46,29.56,52.84,1006.09,42.17
458.67,18.46,42.18,1001.47,97.61
470.99,10.07,40.46,1018.65,69.2
447.3448181152344,21.49,56.9,1007.47,66.66
458.96,16.69,53.82,1015.39,63.62
439.9251403808594,28.77,58.33,1013.73,36.6
464.91,15.03,42.44,1014.25,94.52
431.03,28.62,70.32,1008.87,46.67
454.16,14.84,71.14,1019.61,66.78
442.71,23.33,58.95,1017.93,66.37
441.53,26.1,66.25,1009.25,84.52
467.28,12.72,39.13,1008.36,92.59
438.5,26.34,69.45,1013.87,54.15
434.62,30.54,70.17,999.42,64.32
483.42,7.09,43.65,1019.6,72.1
442.13,23.47,59.22,1013.44,83.33
484.03,9.78,41.93,1023.18,75.05
471.79,13.61,41.74,1021.66,62.83
440.91,24.96,74.99,1008.25,80.52
444.36,25.68,59.44,1012.33,67.29
445.72,23.01,59.44,1012.82,82.62
439.06,30.28,58.9,1005.03,54.59
480.71,5.86,40.62,1017.03,85.06
475.02,9.68,39.61,1015.63,74.5
435.4692077636719,26.04,71.14,1011.66,68.95
476.3348693847656,12.0,39.35,1015.48,82.51
464.37,15.45,46.63,1012.6,85.47
435.2,30.09,69.48,1009.51,53.24
476.1258544921875,11.23,41.17,1019.36,56.85
473.6242980957031,10.59,41.93,1017.7,92.91
448.98,19.89,51.43,1007.33,92.08
473.56,14.35,40.71,1023.09,69.5
481.56,5.47,40.62,1018.66,83.61
462.2808837890625,16.11,44.92,1025.37,79.85
440.43951416015625,26.03,59.07,1007.3,82.52
439.9,30.61,68.84,1011.18,52.5
442.28,22.54,63.07,1011.71,81.64
475.07,11.67,40.23,1017.65,82.48
474.22,11.71,41.44,1015.37,79.95
469.42,10.91,39.61,1018.44,64.38
432.43,29.53,70.94,1007.22,70.68
435.46,30.54,69.14,1007.25,70.46
480.62,10.72,45.0,1023.22,86.95
437.58,25.54,48.41,1010.51,55.34
444.21,24.89,64.27,1013.52,64.65
437.53021240234375,29.33,52.84,1006.04,44.3
473.78,9.33,39.96,1024.55,98.58
449.25,20.76,58.18,1007.8,99.22
438.9230041503906,28.78,60.07,1014.54,49.03
463.33,19.62,43.56,1012.89,37.6
447.2192077636719,24.92,60.95,1014.88,60.58
468.19140625,11.33,41.16,1019.05,87.13
441.1131896972656,22.12,63.91,1009.61,90.83
460.41,18.27,51.43,1010.38,88.39
464.0707702636719,15.9,41.35,1005.35,92.89
458.8,14.67,71.14,1019.84,77.72
467.65,17.94,37.2,1012.64,68.11
451.64,18.92,44.63,1020.32,47.81
456.72,15.27,56.89,1013.28,86.92
450.33,16.31,68.28,1003.98,98.62
487.4090576171875,4.99,41.03,1022.33,83.11
441.84,24.07,71.97,1008.83,94.87
447.4,20.03,62.26,1012.15,82.54
464.93,15.83,41.67,1013.39,74.12
433.02,25.44,70.17,1000.65,91.89
440.28,23.38,52.84,1005.27,82.98
441.02386474609375,30.17,64.79,1017.06,43.81
430.37,29.97,73.06,1009.41,78.26
486.14,6.86,42.49,1007.95,93.96
451.97,21.87,49.39,1019.99,67.05
444.88,20.46,51.43,1007.31,93.25
474.94,12.03,40.1,1015.32,85.39
429.66,32.21,68.3,1014.94,49.38
434.98,33.08,69.75,1009.03,43.69
484.15,5.66,35.79,1013.86,94.42
447.43,19.35,50.12,1005.43,100.1
444.09,23.43,51.43,1011.31,73.55
472.02,11.18,37.5,1013.32,74.32
441.37,28.37,72.86,1004.81,53.52
471.47,11.49,39.22,1016.35,53.11
454.58,18.87,43.43,1009.16,69.5
453.29,20.3,59.8,1015.24,78.75
468.43,12.39,49.83,1007.6,92.43
433.1817626953125,33.13,74.34,999.57,48.34
450.51959228515625,18.26,59.15,1012.38,85.74
475.5638122558594,11.21,41.06,1021.75,77.0
456.13,18.19,44.06,1017.24,78.73
474.23,12.6,41.74,1022.13,67.89
450.09,20.18,43.43,1011.31,65.11
450.53,22.89,65.34,1015.53,61.0
468.91,12.19,44.63,1018.96,80.91
440.9,25.86,59.07,1008.59,81.28
452.82,15.33,52.05,1014.15,80.56
450.83,17.3,62.1,1020.28,88.06
477.19,11.52,40.75,1016.23,85.18
432.85,32.09,79.74,1006.92,61.5
435.68,24.82,72.99,1007.81,84.72
429.0,27.85,66.44,1008.48,77.15
434.8328552246094,25.72,74.67,1016.64,75.93
438.45,25.61,74.22,1010.26,75.15
453.18035888671875,22.18,45.09,1014.04,43.13
465.33,13.92,41.16,1003.83,88.69
462.87,14.26,44.2,1019.81,76.46
438.33,27.02,71.25,1000.48,87.86
468.63,14.29,37.85,1009.98,92.81
475.85,11.23,41.17,1019.36,56.85
463.55474853515625,17.57,43.7,1015.53,67.22
469.14495849609375,12.67,41.16,1016.92,92.8
440.52,27.42,65.74,1013.43,69.42
466.69,15.63,43.02,1012.57,40.32
466.67,13.74,44.21,1023.26,84.2
434.14,29.61,67.07,1005.91,39.28
428.89,30.39,66.54,1002.7,59.15
460.94,15.24,44.45,1020.56,66.13
464.71,12.52,42.34,1018.67,95.29
447.57,24.56,51.86,1014.43,68.85
455.05,16.39,58.59,1014.58,90.34
468.88,10.64,41.04,1025.0,93.59
454.34,18.06,65.48,1018.79,77.95
472.6187744140625,12.81,44.58,1016.49,80.76
475.74,10.03,42.18,1017.3,85.99
447.86,22.74,58.12,1015.16,79.58
455.5,20.65,41.67,1012.76,45.27
485.2,8.19,41.66,1016.57,75.38
464.16,14.08,39.31,1011.67,72.0
478.2335510253906,8.74,40.03,1016.81,93.37
437.06,28.9,68.84,1011.64,64.44
464.79,13.95,40.2,1013.18,90.77
477.27,7.89,40.46,1019.61,74.53
442.15,25.17,64.79,1017.87,63.26
431.31390380859375,26.94,68.24,1010.49,76.58
461.58,14.08,40.73,1017.52,91.49
457.92,14.32,40.78,1024.49,73.84
440.67,24.63,59.57,1010.45,85.36
433.0836181640625,26.59,69.13,1009.27,73.96
471.56,11.62,39.72,1018.4,68.06
464.5,17.32,43.7,1015.13,61.66
456.435546875,20.39,64.15,1021.31,62.35
479.53,11.64,41.39,1017.36,83.4
452.91815185546875,22.08,55.5,1018.42,58.46
457.98,17.77,52.9,1020.11,81.51
436.19,22.43,69.84,1006.94,75.54
453.62,21.87,66.86,1013.01,57.39
432.49,25.59,72.43,1007.88,82.98
454.64,15.24,40.0,1017.34,65.16
480.66,8.14,37.49,1009.04,80.33
444.57,21.2,59.39,1014.04,85.06
477.04,10.9,39.64,1010.58,64.88
464.18,17.23,41.1,1002.45,68.88
463.71,14.03,49.83,1006.64,90.01
481.91,8.42,42.28,1008.4,87.78
438.97,29.09,47.93,1003.05,48.13
489.44,4.08,35.19,1018.87,97.07
430.36,29.72,68.08,1010.72,53.46
484.51,5.98,41.31,1001.66,89.5
429.1995849609375,28.83,64.96,1000.05,63.57
464.26,12.9,43.41,1015.92,59.15
438.56,34.61,73.03,1013.61,36.91
454.11,18.32,47.83,1005.06,87.21
430.2798156738281,27.37,72.58,1008.16,79.94
460.7447204589844,16.02,44.21,1020.97,85.64
442.4977722167969,22.1,74.87,1009.4,85.78
483.5148620605469,6.93,39.81,1017.25,87.29
486.26,6.75,39.37,1020.26,70.99
439.43,25.42,67.25,1017.92,68.61
449.76092529296875,23.05,58.86,1013.84,62.21
465.60498046875,7.23,41.22,1015.23,98.04
442.0,22.59,59.43,1005.85,84.02
479.53,9.06,39.66,1019.64,76.98
475.61,11.82,41.17,1019.5,55.74
437.4,25.14,60.93,1007.44,76.71
432.93,25.21,70.04,1009.51,76.13
474.4956970214844,10.54,41.93,1016.64,93.52
437.24456787109375,32.42,75.08,1004.82,41.62
467.68,19.88,44.6,1015.52,37.85
439.3,24.73,70.72,1009.82,88.79
463.68,12.67,48.14,1017.41,83.63
474.01,11.02,40.81,1016.31,78.13
455.07,18.09,48.92,1010.6,52.11
464.99,19.67,44.71,1015.46,31.46
454.67,19.96,56.03,1020.59,64.95
474.46,12.3,40.69,1015.74,82.58
446.93,21.99,51.19,1009.19,82.58
432.0641174316406,25.35,71.98,1006.83,88.44
483.55,6.22,38.68,1017.87,69.41
465.41,15.69,37.87,1021.18,84.38
448.84,21.44,60.32,1015.2,81.1
450.26,24.27,63.9,1013.5,61.09
443.93,21.55,60.27,1017.42,92.59
452.6429138183594,23.74,49.5,1013.2,49.51
474.02,11.94,44.2,1017.97,82.93
438.2754211425781,23.45,70.04,1010.99,79.2
462.8482360839844,17.36,44.63,1020.49,54.21
449.93719482421875,17.51,68.28,1004.36,94.87
448.27,22.23,46.93,1013.09,58.02
439.51,27.01,52.3,1007.78,60.38
460.49,19.96,39.53,1006.16,62.77
440.99,24.43,65.27,1013.25,55.4
442.86,24.26,61.02,1009.78,76.68
435.13,23.45,66.48,1003.66,75.83
462.3426818847656,15.95,42.24,1017.71,69.32
453.99200439453125,23.03,54.42,1014.42,74.98
461.6146240234375,15.47,48.98,1016.42,89.85
471.38,7.71,40.71,1021.53,95.48
458.19,14.27,41.48,1014.83,62.7
476.13018798828125,11.02,41.17,1018.18,86.86
438.51,23.25,72.99,1009.17,89.85
463.1816101074219,13.45,45.87,1008.42,87.74
467.54,12.87,39.3,1020.64,74.38
483.17,8.16,39.3,1019.39,85.38
438.31829833984375,27.93,73.68,1015.41,49.95
453.33,20.12,58.12,1015.47,79.38
459.06,16.5,39.72,1003.05,65.99
449.143310546875,18.92,67.71,1008.19,64.53
435.90032958984375,26.04,74.67,1016.68,81.2
450.77,19.23,45.01,1012.24,72.91
435.327880859375,31.11,74.87,1009.11,54.86
435.5146789550781,25.45,74.33,1015.53,80.95
464.9512634277344,14.56,25.88,1009.46,78.22
438.1677551269531,28.18,49.3,1003.97,55.56
449.95,21.9,57.76,1017.45,66.89
442.11138916015625,22.04,59.14,1017.34,84.75
426.98,29.83,71.98,1004.32,67.55
445.84,25.21,75.6,1017.19,69.84
434.032470703125,31.11,71.8,1010.81,56.08
451.38,18.94,48.7,1008.5,94.83
445.24,23.34,59.44,1012.67,80.76
445.22,22.5,59.54,1007.99,93.63
430.96,32.38,77.24,1007.7,61.15
482.99,7.39,39.81,1019.45,85.02
442.11,21.84,59.39,1015.77,88.12
464.5249328613281,14.72,43.34,1013.07,85.61
455.31,24.67,49.5,1013.62,59.42
441.77,23.17,51.19,1009.5,76.15
446.28,19.66,59.87,1018.75,87.6
435.92,23.95,59.92,1010.15,86.37
429.04302978515625,31.07,64.96,1005.2,58.93
430.41,27.03,71.14,1010.33,66.25
471.05,10.96,37.5,1013.46,79.54
485.66,7.84,41.39,1018.21,91.92
437.7633972167969,31.3,67.17,1007.27,62.99
459.67,15.76,44.89,1010.33,85.06
453.45,23.09,45.01,1012.25,43.95
459.87,16.9,38.58,1014.09,70.11
451.97,17.98,59.15,1012.09,83.03
463.49,13.86,40.66,1017.15,83.82
460.59954833984375,15.47,46.48,1007.69,91.07
475.55,7.11,40.77,1022.4,90.95
433.82,29.52,77.24,1008.55,76.24
486.33,7.94,40.6,1015.3,92.14
433.27,29.7,57.35,1005.63,57.35
453.1694030761719,23.5,50.23,1017.51,75.15
449.31,20.03,60.77,1017.23,87.82
480.35,8.49,36.25,1029.7,84.41
476.9691162109375,12.48,40.67,1011.24,61.1
477.85,9.96,42.03,1017.78,82.39
460.93,16.64,44.9,1021.02,70.34
468.8934326171875,14.35,35.71,1016.1,60.86
484.1293029785156,9.07,40.67,1014.41,70.39
475.61,12.57,41.66,1009.11,70.74
477.91,9.32,37.73,1022.14,79.49
431.73,27.17,67.17,1006.76,81.59
456.02,24.48,50.23,1017.03,66.89
483.82,6.69,36.24,1013.35,91.09
467.7553405761719,14.89,39.58,1012.26,77.58
440.21,22.32,47.93,1004.07,86.95
481.53,7.64,39.85,1012.78,88.09
440.18170166015625,25.34,59.39,1014.02,73.58
485.02,6.05,42.85,1013.09,91.88
458.25,16.72,53.82,1015.46,66.9
449.59,20.82,52.84,1004.13,79.42
441.41,18.94,46.93,1010.22,75.45
436.7,22.72,69.84,1005.96,83.9
443.1246643066406,22.02,69.45,1013.84,75.75
463.8064270019531,15.67,38.62,1015.76,66.29
485.0832214355469,6.17,40.07,1013.7,58.99
453.35,20.14,46.33,1013.24,83.39
449.73,28.05,62.6,1017.01,46.46
471.55255126953125,9.77,41.44,1017.69,78.26
448.41583251953125,18.91,56.9,1006.98,84.07
466.2,15.55,43.02,1011.97,44.66
464.57,11.95,41.58,1015.83,89.35
466.81,15.33,37.2,1013.4,78.99
444.94,25.62,60.29,1017.81,51.24
443.92,26.75,56.57,1013.76,57.93
450.18,19.37,63.09,1018.79,81.52
479.04962158203125,10.32,41.46,1017.98,87.66
463.37,16.85,41.35,1006.14,79.21
466.59,12.42,43.8,1023.13,79.8
446.68,20.3,48.41,1007.48,89.66
466.1,14.1,42.74,1026.92,67.25
472.22,11.77,42.03,1017.63,79.35
446.73,26.16,59.87,1013.24,71.92
430.34381103515625,26.85,69.84,1002.84,81.31
473.17816162109375,12.86,40.6,1013.6,84.85
462.6387634277344,14.12,40.92,1022.46,73.28
471.48,12.87,39.3,1019.26,71.55
437.85,26.23,59.14,1016.98,75.54
479.0117492675781,10.63,40.67,1017.13,66.12
459.72,15.62,41.76,1023.82,66.17
432.95587158203125,25.95,73.77,1001.35,92.67
458.58,18.77,39.54,1009.39,63.35
474.32,10.22,45.01,1018.27,93.62
456.16,17.67,50.88,1015.64,90.55
442.5,20.89,70.32,1011.22,89.68
446.71514892578125,22.5,58.79,1017.48,73.02
429.8172607421875,32.45,68.3,1015.26,44.12
471.78,10.31,44.63,1020.55,88.62
448.74,20.08,63.09,1019.0,77.06
445.61,28.28,56.9,1006.38,64.99
484.7482604980469,8.4,38.5,1013.67,69.13
444.72,24.31,67.79,1010.64,76.15
475.7,7.53,41.16,1023.19,91.28
432.45,25.17,72.39,1001.69,90.51
479.97,6.9,40.62,1018.48,78.84
447.81,23.03,44.89,1010.26,59.85
470.63,13.17,38.91,1016.55,74.47
438.2268981933594,25.09,69.68,1012.18,91.33
459.1160888671875,19.13,40.79,1004.47,91.7
436.6,29.56,73.88,1005.77,66.45
432.566650390625,31.93,70.4,1005.27,73.71
470.93,13.8,42.99,1007.16,67.28
441.18,27.61,49.16,1005.01,35.63
465.81,16.36,43.99,1021.34,85.13
432.35,27.27,72.24,1010.69,78.09
454.29,20.27,56.65,1020.75,67.12
443.44,22.28,60.27,1018.98,84.12
438.904052734375,26.99,62.26,1011.13,71.27
440.75,25.79,67.17,1007.89,81.38
440.99,29.49,69.71,1009.34,56.35
434.0,25.85,67.69,1007.7,70.14
439.58,25.82,69.68,1012.69,89.94
438.4,24.67,68.14,1004.96,58.15
430.3,30.09,64.96,1001.29,56.04
471.7299499511719,11.27,40.62,1017.03,61.94
454.36,20.28,68.63,1012.42,70.31
458.75,19.36,39.54,1008.97,58.92
463.6606750488281,15.37,41.96,1011.58,96.76
465.69,13.79,45.08,1023.3,83.59
436.77545166015625,24.35,73.17,1012.2,85.88
447.8203125,20.51,63.09,1016.39,92.99
443.91,21.93,61.45,1008.92,98.54
433.72601318359375,28.24,71.58,1010.1,67.92
444.35,25.19,64.44,1014.75,64.38
431.34002685546875,31.71,73.5,1010.63,40.17
441.54,24.88,63.31,1014.23,55.76
429.85,30.65,71.98,1004.92,63.39
427.91,29.01,68.08,1010.74,52.51
473.0674743652344,10.06,42.02,999.37,98.65
464.57,14.66,41.92,1030.81,68.88
433.11,26.12,68.51,1013.06,68.96
441.15,23.92,61.87,1009.63,54.16
442.92,21.88,59.39,1015.58,87.19
465.0625305175781,16.0,42.86,1013.88,81.74
440.36,24.74,59.21,1012.18,74.2
494.61,6.93,40.67,1020.17,71.16
470.87,12.26,39.96,1011.79,79.06
468.6856689453125,14.44,40.8,1025.05,56.59
467.25,11.85,42.07,1017.92,93.45
452.57,21.35,57.76,1017.36,73.1
443.743408203125,27.31,65.12,1016.05,45.98
448.42,23.59,43.77,1010.85,55.98
463.9620666503906,11.94,40.66,1016.61,96.11
454.35,24.97,50.23,1015.6,56.79
442.45367431640625,24.78,57.19,1008.08,65.4
482.7174987792969,8.18,43.69,1017.16,88.16
461.81,13.75,40.66,1016.41,93.31
466.2371520996094,15.52,43.7,1015.8,76.27
462.68060302734375,14.98,43.99,1022.66,83.34
459.04,13.42,40.78,1025.03,77.51
437.81,24.05,72.24,1011.32,88.94
436.2441711425781,29.75,74.87,1009.1,56.5
465.2596740722656,17.89,42.42,1008.92,65.08
432.19,27.84,72.39,1001.18,83.46
449.63,18.24,58.46,1017.38,86.92
475.0560607910156,12.0,41.17,1019.48,58.71
471.62,12.23,43.69,1016.46,84.4
453.47,22.67,64.15,1021.02,70.49
463.89,16.73,37.2,1012.94,74.04
445.93,21.65,56.89,1013.13,66.07
451.62,21.18,45.01,1012.57,48.05
446.44,21.06,67.07,1004.9,84.09
464.14,13.88,48.79,1017.28,79.4
454.45,19.08,46.93,1010.6,75.21
462.59,17.48,40.89,1011.39,62.45
466.22,16.23,43.69,1016.4,68.9
437.9613342285156,24.99,60.37,1005.66,74.87
470.04,12.53,44.03,1007.21,84.2
470.42,18.3,37.2,1012.23,68.09
485.58,7.51,41.66,1015.9,78.31
431.23,28.66,77.95,1009.56,69.07
451.44,25.6,63.9,1013.16,53.19
475.61,12.75,39.85,1012.51,62.37
451.87,17.19,58.86,1016.74,85.97
435.57,30.51,60.75,1009.86,51.0
479.24,8.23,40.77,1011.92,90.59
479.58,10.17,40.1,1014.05,91.9
432.20947265625,27.04,73.67,1006.82,77.45
466.77,10.74,40.92,1021.74,94.97
448.89,21.96,58.79,1010.51,87.32
444.38,23.14,62.26,1011.87,66.44
431.98968505859375,27.41,69.98,1008.51,65.49
437.78,25.61,67.69,1009.22,68.76
450.73,18.55,61.87,1008.45,65.3
440.74,30.55,66.25,1009.15,63.52
451.66,24.4,41.1,1002.14,38.75
437.01,25.17,68.08,1012.83,60.87
442.18,22.1,65.06,1014.56,71.5
471.43,11.48,42.02,1000.29,94.76
437.51,24.04,59.43,1007.6,76.98
473.9913024902344,12.74,41.38,1021.92,56.67
448.22,20.65,57.5,1016.04,87.45
480.47265625,9.6,41.03,1021.01,69.03
429.91,28.61,69.84,1004.24,67.74
460.48,16.58,37.64,1015.23,81.59
459.01,16.81,38.52,1018.26,75.21
474.87,5.46,40.81,1025.73,93.52
451.08,23.19,49.82,1014.59,70.52
474.57,11.86,40.27,1008.06,72.91
450.23,20.36,66.05,1015.86,87.19
443.93,25.14,63.47,1012.58,70.27
435.64,28.42,75.23,1010.25,56.8
468.64,10.96,45.01,1017.97,95.82
458.62,18.48,52.05,1012.41,68.2
465.64,16.48,41.35,1005.61,89.07
465.25,14.04,40.2,1013.29,89.54
451.95,22.24,41.1,1001.96,42.6
478.5702819824219,11.77,40.71,1024.55,72.49
438.4706726074219,32.41,58.9,1003.26,45.33
451.62,17.8,62.26,1011.81,89.81
451.33,19.08,59.15,1013.1,81.82
473.9389953613281,11.72,40.35,1012.08,83.98
436.0702209472656,27.92,68.12,1011.54,49.8
437.93,22.73,66.75,1018.13,84.06
432.76,30.67,72.86,1004.25,52.72
443.66,26.81,61.47,1009.68,68.34
461.39,15.39,39.31,1008.78,66.67
444.82769775390625,22.92,61.9,1013.27,78.32
438.37835693359375,29.53,71.43,1011.79,57.41
425.18,32.84,68.14,1003.59,43.88
454.25,15.78,41.48,1015.55,52.17
479.35,6.65,40.69,1020.11,89.84
463.18,14.64,53.82,1016.33,60.59
455.63,15.12,41.79,1007.16,82.35
434.03,28.36,69.88,1007.75,84.17
443.06,24.27,74.93,1012.73,73.81
438.7,27.77,51.43,1006.58,69.01
464.75830078125,11.17,39.72,1002.4,81.4
440.65,23.71,67.17,1007.27,90.2
435.46,28.12,73.42,1011.49,80.16
458.59,19.17,52.9,1016.56,65.23
455.2,19.67,44.89,1009.43,73.88
455.63,18.5,46.93,1015.0,66.81
462.5,16.36,39.99,1008.91,72.48
442.85,22.43,63.76,1009.84,75.27
431.47198486328125,30.8,73.56,1007.39,75.78
450.08642578125,22.07,60.08,1017.68,71.23
463.82,15.51,41.76,1022.81,69.55
436.0570068359375,29.78,69.71,1008.96,67.46
483.86,9.61,39.04,1023.45,75.66
432.43,31.99,53.53,1004.98,53.53
437.3572082519531,29.72,74.78,1009.32,55.25
466.63,15.47,43.13,1015.11,50.5
486.4267578125,4.62,38.44,1016.09,73.14
467.81,15.61,41.2,1016.12,75.28
485.35,7.35,41.66,1015.55,79.67
445.72,23.77,61.87,1009.8,54.83
475.6792297363281,10.88,44.63,1020.52,86.81
466.95,12.99,43.8,1023.16,64.65
453.56854248046875,22.99,46.93,1014.15,49.42
443.58905029296875,24.38,58.2,1016.93,51.61
433.95,25.14,69.13,1011.15,85.67
469.75,13.21,40.03,1018.12,82.98
470.38,13.56,39.18,1023.4,63.82
481.3,10.6,41.46,1021.23,89.02
466.3487243652344,12.78,41.04,1025.16,85.14
436.11322021484375,27.44,66.56,1005.51,69.28
443.3648376464844,23.09,51.19,1009.4,81.61
445.95,20.87,57.19,1006.5,77.0
460.66,14.58,42.07,1017.9,86.14
434.42,22.12,69.71,1009.7,90.22
452.386962890625,16.73,65.94,1013.79,90.19
465.72,14.92,41.16,1004.83,83.7
448.5,21.38,65.12,1015.73,68.02
470.95,10.55,41.92,1030.0,91.23
487.7366027832031,3.31,39.42,1024.05,84.31
463.3084716796875,16.23,43.52,1020.13,76.3
436.26,27.86,65.18,1012.87,55.53
466.1746520996094,13.63,43.22,1012.71,72.85
481.88,6.91,37.49,1011.05,82.07
483.03,8.62,39.54,1011.64,82.86
476.6,8.51,42.32,1015.08,84.89
428.75,31.3,70.79,1004.3,54.37
466.01,16.0,43.02,1012.37,39.2
476.12,11.44,44.2,1018.14,84.9
480.7185363769531,5.15,45.87,1008.02,98.36
440.929931640625,24.88,63.91,1009.41,77.75
433.56,27.52,74.67,1015.77,72.01
429.94097900390625,32.89,66.44,1009.94,60.55
481.64,9.98,39.66,1017.32,77.78
433.97,25.42,74.22,1009.04,88.55
444.10992431640625,26.04,52.84,1005.68,65.18
458.27,16.0,48.78,1013.9,88.64
464.5,14.4,40.2,1013.04,90.5
444.6756896972656,21.71,60.77,1017.95,85.07
434.02,27.72,69.88,1007.58,72.25
482.06,9.34,38.08,1019.56,67.74
425.4686279296875,31.12,68.14,1003.67,67.36
476.68,12.14,44.85,1014.36,60.04
475.32,12.24,40.96,1023.22,78.74
436.2786560058594,25.67,69.88,1007.84,83.32
439.74,28.6,61.86,1011.86,62.13
430.3838806152344,33.63,70.4,1004.02,53.6
452.5,20.23,57.76,1016.84,81.26
467.1614990234375,13.3,50.59,1019.38,92.96
450.20166015625,20.77,45.87,1008.07,76.22
456.0822448730469,20.0,56.53,1020.43,75.94
482.89837646484375,7.34,40.72,1023.01,80.08
444.91,21.71,65.27,1013.24,63.58
442.0048828125,25.16,58.82,1009.63,72.62
464.9290466308594,17.35,39.39,1013.18,67.67
451.5911865234375,21.6,66.86,1013.02,54.19
478.13,9.89,40.64,1020.59,98.35
466.66131591796875,13.32,44.9,1007.72,78.64
454.02740478515625,24.8,50.23,1016.62,63.13
442.13,26.38,44.89,1009.14,51.79
449.5626220703125,19.93,57.25,1010.6,89.34
479.6,9.33,36.3,1027.88,79.23
466.995361328125,13.85,45.08,1024.86,83.85
446.5650939941406,24.51,62.08,1022.58,57.44
439.92,27.78,68.67,1005.59,59.17
444.6644287109375,23.85,52.3,1005.9,70.95
471.42,13.75,40.89,1011.21,82.8
427.05,34.2,68.14,1002.7,56.09
444.54,19.04,68.28,1004.52,86.16
441.80224609375,24.85,67.9,1005.9,64.55
453.08,22.51,66.49,1014.59,63.03
445.298828125,26.88,60.96,1012.1,57.9
463.67,15.48,47.83,1004.88,81.68
439.27,23.56,73.67,1007.13,87.1
456.08,19.43,52.9,1018.35,61.12
429.21343994140625,29.97,67.9,1006.09,61.6
456.8874816894531,18.97,50.59,1016.01,74.9
434.38,21.37,81.56,1006.57,81.56
451.43,20.09,61.27,1020.05,70.71
435.75,22.41,66.56,1003.3,88.71
447.0794982910156,24.51,68.63,1014.15,45.1
434.893310546875,26.01,74.33,1015.69,81.22
436.5810241699219,28.32,68.12,1011.62,46.75
467.02,13.68,45.08,1024.91,85.26
474.51,8.83,41.14,1025.37,94.36
443.08306884765625,24.75,58.79,1009.87,71.97
437.43,30.64,74.87,1009.44,59.01
441.54,26.68,49.02,1008.4,68.01
440.9,23.38,48.6,1004.45,69.19
436.2515869140625,23.48,70.79,1006.7,88.57
467.16,14.03,49.15,1020.5,83.65
439.16,24.26,47.93,1003.87,70.44
462.41,13.08,42.32,1016.63,83.72
440.7909851074219,23.78,69.71,1008.79,83.17
440.7,27.71,75.23,1010.21,59.75
447.05,21.97,65.61,1016.09,73.29
464.989501953125,15.54,41.23,995.45,83.73
429.35,31.03,74.33,1011.55,63.45
429.41,31.12,69.13,1009.61,56.54
487.85,7.11,41.74,1022.35,90.68
461.71,13.07,42.18,1014.98,87.77
447.96,22.86,62.52,1016.23,70.67
481.66,6.14,40.62,1015.71,86.51
465.42,14.3,53.82,1016.64,63.9
458.96,17.93,44.63,1003.54,87.41
434.84,25.9,71.73,1010.18,74.83
447.13,23.72,58.62,1016.32,71.17
469.81,13.83,38.73,999.62,91.95
442.3779602050781,21.71,76.86,1006.71,76.86
432.3,28.76,66.56,1006.07,62.41
463.44,15.28,43.71,1024.32,81.24
469.1331481933594,13.95,38.73,1003.87,83.94
449.4,22.19,58.49,1010.91,77.03
448.32,22.75,58.86,1016.0,67.34
431.36,28.52,64.96,1005.9,70.79
438.73,23.9,61.47,1009.01,81.05
433.3717041015625,31.88,70.36,1006.2,57.51
480.04,10.4,42.44,1014.24,93.48
455.34,21.31,49.39,1020.18,71.35
431.22,29.72,71.97,1008.6,79.25
455.32,20.92,49.15,1021.15,49.76
474.72,13.48,40.35,1011.71,69.44
443.93,21.36,58.95,1018.35,78.87
484.05,6.75,39.9,1008.3,87.42
454.29,18.11,58.95,1016.61,89.17
430.89,26.2,71.73,1010.14,76.14
435.300537109375,22.89,80.25,1006.38,80.25
443.46978759765625,26.12,63.94,1017.97,44.81
479.65,9.84,40.22,1009.5,85.38
464.17,14.13,48.92,1011.72,78.06
479.43,9.05,36.3,1027.44,74.85
444.57,22.21,60.77,1018.21,84.96
454.71,18.73,40.12,1013.19,74.12
477.99,10.53,40.64,1020.62,98.43
446.33,21.47,58.79,1017.0,76.97
488.57,6.03,41.17,1019.81,84.2
445.53521728515625,23.55,65.12,1016.23,66.65
475.3488464355469,9.26,40.78,1023.61,88.48
468.35,14.18,42.99,1007.19,73.21
486.7257080078125,6.67,39.37,1020.31,73.56
443.09,24.1,71.97,1009.92,91.27
436.29,25.35,72.99,1007.65,84.09
448.09,23.21,58.49,1010.97,74.34
477.57,11.44,43.13,1014.88,63.88
466.93,12.75,40.64,1020.44,83.17
428.6,30.01,68.27,1006.88,51.67
448.7806701660156,27.18,61.41,1012.17,46.11
484.07,8.3,43.13,1020.02,83.11
434.08,26.2,71.73,1009.99,74.99
446.91,22.4,68.31,1009.52,83.5
469.1831359863281,14.66,43.13,1014.97,46.31
438.23,24.96,70.47,1007.73,76.48
440.15,26.5,66.05,1017.03,61.34
445.39,24.39,58.41,1013.65,80.93
488.67,3.91,35.47,1016.92,86.03
463.25347900390625,14.8,44.92,1024.06,91.67
477.22,10.22,39.64,1010.72,63.05
468.96502685546875,13.48,41.92,1030.2,65.96
453.86,17.83,43.72,1008.64,78.72
437.54,31.63,65.74,1010.83,50.59
438.48,23.16,69.94,1004.92,68.68
448.76,21.7,64.69,1007.93,78.37
465.3501892089844,13.92,41.16,1000.98,83.89
474.96,12.22,41.2,1016.81,81.22
449.45556640625,21.62,58.59,1012.93,67.05
479.30126953125,9.3,38.18,1017.19,71.51
432.07,32.55,70.94,1006.75,43.15
471.4617919921875,13.32,38.73,1005.37,88.48
446.15,19.83,59.44,1012.98,91.24
451.86,22.16,64.63,1020.81,68.47
455.60302734375,15.81,58.59,1014.41,90.03
440.58,24.46,68.61,1011.02,76.66
436.85,29.1,73.4,1011.35,57.31
443.53,24.37,70.02,1010.97,71.97
488.43,7.48,38.5,1014.01,77.35
480.96,8.58,40.72,1022.04,87.55
456.78765869140625,19.69,56.65,1020.82,71.54
461.457275390625,18.14,43.56,1012.83,47.1
461.96661376953125,18.21,39.54,1009.81,70.92
433.61,27.07,77.95,1012.34,76.64
465.7,15.62,38.28,1014.5,77.01
442.96,25.61,47.43,1008.62,54.51
472.28,15.41,42.44,1012.6,86.74
449.68,20.0,63.31,1017.06,63.1
442.87,25.87,57.32,1012.06,44.13
468.83,14.43,38.91,1013.28,70.26
476.57,9.14,38.91,1018.62,89.88
435.9,25.24,68.28,1000.26,78.17
442.15,27.06,43.77,1011.02,42.61
452.19,18.06,52.08,1003.73,100.09
447.71,23.15,58.79,1011.11,82.49
435.41,25.38,74.67,1016.61,81.34
436.79,30.65,65.18,1012.51,42.32
483.62,8.49,43.69,1016.93,85.63
434.2801818847656,29.86,69.34,1009.61,61.27
433.7788391113281,29.12,66.56,1006.9,49.79
477.76,10.35,38.38,1020.77,74.55
440.79,30.3,73.9,1006.72,55.13
455.76,21.31,46.97,1014.08,62.57
464.39,15.17,54.3,1017.38,72.11
473.79,11.87,40.55,1019.06,94.11
445.0714416503906,24.1,68.61,1010.97,74.87
433.78,23.92,73.17,1011.81,92.33
466.1278076171875,13.0,48.79,1017.14,85.23
450.13,24.14,41.1,1002.1,38.49
428.8456726074219,30.19,66.54,1004.39,61.43
441.57,22.08,69.94,1008.41,72.86
431.4401550292969,26.86,72.58,1009.22,88.39
469.57,13.55,40.1,1014.57,81.48
469.1658630371094,13.18,43.8,1023.18,61.21
484.9,7.2,40.35,1011.83,95.59
475.94,11.37,41.5,1013.57,88.82
471.1520690917969,13.93,39.64,1011.8,82.64
481.51,10.32,40.35,1011.64,84.05
458.28,16.32,50.88,1013.37,97.19
486.7,4.16,35.47,1017.72,88.49
426.2,28.26,72.43,1006.68,72.3
442.79,29.0,69.68,1012.78,66.09
432.4215087890625,31.63,68.3,1014.8,42.02
435.6641845703125,28.19,68.08,1013.41,43.93
465.82244873046875,13.93,40.2,1013.41,89.86
432.35,30.92,80.18,1010.11,72.47
445.8152770996094,19.89,69.48,1011.06,86.73
440.2681579589844,25.86,76.2,1005.73,69.35
474.9713439941406,10.81,44.63,1020.61,88.29
446.5446472167969,18.26,69.94,1004.1,97.39
449.81,18.61,63.09,1019.37,83.08
442.82,25.34,65.61,1014.61,57.51
445.54,21.28,70.72,1010.29,86.22
468.68548583984375,12.88,43.8,1023.19,59.18
426.6291809082031,33.68,68.14,1002.75,56.05
479.62,8.66,44.68,1022.99,95.45
485.73,8.26,40.96,1025.23,89.22
484.20599365234375,9.03,40.71,1025.98,81.94
468.84,14.85,39.39,1013.93,76.27
490.4830017089844,3.21,38.44,1016.9,86.34
462.84,15.71,39.3,1019.2,62.28
440.31,26.52,43.77,1011.49,46.98
471.52,14.18,40.69,1014.73,74.88
466.5397033691406,13.89,45.08,1024.64,82.29
477.67,10.12,41.78,1013.43,73.47
447.64,21.12,63.91,1009.33,96.14
439.69,26.68,63.73,1009.7,71.55
450.30609130859375,19.65,62.1,1019.46,77.82
442.23,23.47,69.71,1009.66,88.83
464.13,16.71,40.55,1004.45,81.64
484.63946533203125,5.21,35.79,1012.44,94.35
436.0096435546875,28.13,68.12,1012.6,44.71
476.6,12.14,45.0,1023.9,89.2
437.7574462890625,23.7,69.23,1011.73,73.18
433.39,29.52,75.33,1002.62,70.64
467.92,13.49,41.78,1010.66,63.34
438.47,28.24,65.74,1013.4,64.87
449.7,16.48,68.28,1004.27,99.89
466.15,14.01,42.74,1029.16,68.31
435.03,24.56,66.75,1018.5,77.47
438.96,28.94,71.64,1006.59,69.24
456.24,19.71,43.43,1009.58,65.71
475.2696228027344,11.06,41.5,1013.09,89.8
443.4764099121094,22.99,60.77,1017.97,78.47
451.14,19.87,48.14,1016.94,81.56
441.4890441894531,23.77,59.21,1011.97,80.08
448.07,20.99,50.12,1008.82,95.97
467.81,10.32,41.01,1021.04,95.3
438.4250793457031,26.72,56.9,1007.12,58.54
465.14,14.55,44.84,1023.83,87.6
482.69,4.89,45.87,1007.58,99.35
451.31,19.49,46.63,1013.11,88.01
445.82,24.44,59.21,1017.36,61.45
481.35,7.99,36.08,1020.08,83.2
449.1462707519531,27.28,51.43,1011.46,51.38
440.18,26.23,59.07,1008.2,78.93
480.82,9.46,41.4,1026.78,87.58
468.02,15.01,39.52,1017.53,72.0
441.68,24.86,63.47,1011.5,71.78
453.95196533203125,20.47,58.16,1016.97,68.6
437.44,27.09,49.3,1003.93,61.0
469.44,11.48,36.18,1017.03,61.62
488.7,7.84,40.07,1016.68,47.63
462.64,15.97,52.72,1024.72,65.97
429.6832580566406,29.55,67.69,1004.88,48.68
474.53240966796875,11.63,40.55,1022.89,87.12
450.37,22.96,45.01,1012.21,50.81
475.23,13.61,40.71,1022.36,72.87
441.14,22.17,70.47,1011.07,82.57
456.59,15.45,61.27,1019.87,79.21
440.3788757324219,25.08,61.02,1010.01,73.21
432.06,24.98,71.98,1006.59,90.61
453.4220275878906,20.57,44.9,1008.39,62.69
471.5058288574219,12.33,38.91,1017.24,79.84
480.9293212890625,8.29,36.08,1020.38,81.53
438.38336181640625,25.47,59.92,1010.08,77.18
433.46,28.2,66.75,1018.35,60.18
437.16,29.05,70.32,1011.33,72.5
442.3766174316406,27.03,65.12,1015.94,45.1
439.78,27.25,73.03,1014.15,68.52
431.74603271484375,30.71,71.85,1008.07,72.05
448.18,20.94,49.02,1008.91,87.32
482.8,9.06,43.79,1016.05,81.32
445.76,26.8,58.84,1001.2,65.03
440.96,25.77,65.48,1018.07,51.47
460.1295471191406,16.77,50.9,1013.24,84.4
472.51,11.73,37.92,1008.02,72.68
447.375244140625,19.72,65.94,1010.53,82.12
434.18,24.42,66.56,1002.04,84.7
450.0745544433594,18.68,59.14,1016.96,77.09
466.47,14.22,45.08,1023.26,84.41
448.72,23.81,57.5,1015.53,70.66
485.95,7.91,38.56,1016.48,68.94
452.75,21.32,45.01,1012.23,59.94
445.2929382324219,24.75,52.84,1005.47,69.61
441.7269287109375,26.81,56.57,1013.68,61.6
452.09,25.99,49.82,1015.95,58.56
474.76,10.59,41.26,1008.1,98.27
484.57,6.33,42.07,1004.25,77.1
447.07,22.26,44.89,1009.51,78.93
465.5,15.9,39.99,1007.03,78.49
441.2308044433594,23.14,58.18,1008.89,81.82
450.55,19.48,58.79,1017.6,88.72
467.68,13.19,44.88,1017.61,94.95
430.54,27.4,69.84,1002.98,76.48
441.99,29.41,59.27,1011.36,52.37
436.504150390625,25.22,71.85,1009.78,68.96
439.4594421386719,22.31,70.32,1009.22,89.53
485.05792236328125,7.64,42.28,1008.49,83.42
461.91,14.68,43.99,1023.36,86.79
462.59,15.12,48.92,1011.8,72.93
448.77,20.96,61.27,1019.99,67.32
486.07,5.95,39.48,1005.16,63.6
437.8,25.13,57.69,1007.43,78.43
466.42,11.58,40.66,1017.0,97.13
448.79,20.21,59.14,1016.0,70.38
459.0,16.64,43.14,1019.03,82.88
478.9698181152344,8.86,36.71,1025.64,79.65
458.59,19.72,47.03,1012.1,90.36
485.31,8.27,38.56,1016.47,66.6
431.25,30.19,68.08,1010.95,50.34
455.5484619140625,20.06,56.53,1020.38,75.16
465.6,13.16,43.41,1016.43,79.47
445.44781494140625,24.01,65.46,1014.17,43.02
478.8582458496094,9.78,40.03,1017.33,92.11
464.95703125,16.85,42.24,1017.43,66.01
463.78,15.12,39.16,1006.55,76.99
449.22,24.45,66.49,1014.24,58.15
481.46,9.14,42.44,1014.48,92.03
440.12,26.02,68.67,1006.73,75.19
457.28,21.46,51.61,1010.91,76.41
469.35,13.18,40.24,1016.81,86.71
487.4,5.79,38.68,1017.19,70.46
464.0643310546875,13.56,49.83,1007.01,89.86
467.91,11.95,42.07,1018.52,84.73
474.26,9.15,44.03,1012.45,81.67
429.48,28.96,66.54,1002.54,56.33
453.95,21.23,50.59,1017.42,69.26
477.23,10.73,40.35,1012.27,89.65
491.37,6.1,39.33,1010.4,95.34
444.26,25.5,63.91,1009.4,75.22
435.97,29.1,76.2,1006.28,60.22
448.32,22.58,58.12,1014.88,80.59
451.14276123046875,19.53,66.54,1013.72,81.46
450.46,20.07,51.3,1011.9,94.62
433.4,24.96,77.54,1008.25,80.6
443.8985900878906,21.08,63.13,1013.53,98.0
470.04,12.54,43.69,1017.26,83.59
484.03,6.64,35.19,1019.83,76.01
471.24,16.78,37.2,1011.97,68.94
442.2,25.56,75.6,1017.37,69.31
470.48,14.02,40.75,1016.05,70.65
433.4972839355469,29.45,70.02,1010.28,65.93
430.98,28.97,78.92,1011.71,88.5
482.97,6.11,38.68,1017.53,79.23
438.17,28.53,49.3,1003.83,59.69
437.3621520996094,31.71,69.04,1008.79,49.32
429.81,32.45,44.37,1005.05,44.37
432.1966552734375,30.53,73.21,1000.37,74.17
460.0585021972656,15.02,41.48,1015.19,58.69
441.52020263671875,24.91,58.69,1008.22,82.81
440.14,22.21,69.71,1009.69,96.85
447.46,24.51,65.12,1016.18,62.39
451.5,18.9,60.07,1016.02,71.38
438.28,28.51,76.09,1007.88,78.2
439.33,27.88,75.23,1011.33,58.91
442.6136474609375,24.33,49.16,1003.46,61.04
452.28,20.36,57.5,1014.36,82.96
474.0464172363281,11.15,40.64,1020.65,97.95
455.86,21.16,50.66,1014.13,72.77
433.82537841796875,30.47,70.83,1010.91,46.94
434.61,31.68,74.16,1011.3,55.94
461.78,19.8,49.15,1020.88,61.88
427.84,32.33,67.83,1008.11,57.48
449.60589599609375,18.67,58.46,1016.73,87.7
437.75,29.42,69.14,1007.32,75.04
431.37,27.84,71.32,1007.72,79.25
444.6,22.59,65.06,1014.36,62.44
465.9,10.38,41.01,1020.8,94.26
479.69,8.32,39.64,1010.93,78.21
431.18,30.34,71.25,1000.94,67.29
470.46,12.38,45.51,1016.15,81.37
475.5429992675781,11.23,43.7,1016.0,91.75
446.3,24.19,46.93,1013.4,49.39
438.89,30.17,75.08,1005.17,55.89
435.5682067871094,28.5,71.32,1002.54,69.35
460.54,14.78,38.58,1017.02,82.4
478.34,11.48,41.2,1012.88,90.04
478.88,9.59,34.69,1027.65,75.32
447.85,20.42,60.77,1017.65,87.07
447.07,20.76,58.79,1017.22,78.75
474.7,13.53,40.71,1023.83,61.59
430.87,34.4,77.95,1009.83,57.86
428.62,33.6,74.33,1012.31,35.66
488.57,6.03,41.17,1019.81,84.2
437.52,28.62,69.71,1009.67,62.12
462.28863525390625,19.72,44.78,1009.27,39.18
471.861083984375,11.54,40.77,1022.13,83.5
451.6942138671875,19.39,60.1,1010.28,83.31
474.74,9.59,37.14,1013.8,72.85
475.65,12.31,40.64,1020.71,94.6
441.57,23.61,63.94,1012.9,87.06
480.95391845703125,7.61,39.42,1024.93,74.77
449.8699645996094,18.51,58.46,1017.21,88.1
479.15,7.53,43.65,1018.58,64.85
468.01,10.5,52.72,1026.32,85.04
442.1083679199219,24.99,58.79,1016.37,67.16
494.3,6.15,40.07,1020.2,66.64
431.35,30.54,67.45,1014.37,32.97
469.67,13.44,39.39,1012.93,84.29
430.32,31.27,73.77,1003.27,71.48
465.25,16.13,39.99,1007.04,80.49
430.712158203125,30.97,67.69,1005.61,50.88
460.02,15.37,43.34,1014.84,80.37
455.72,21.25,66.86,1012.99,60.65
470.19,14.89,39.82,1013.23,82.49
482.9,6.65,40.77,1021.79,88.84
429.1103820800781,30.26,72.58,1007.0,65.51
431.99,33.71,69.98,1013.09,42.62
480.82,8.6,40.77,1011.8,89.45
432.65,29.0,75.33,1001.6,71.43
479.63,10.02,41.44,1017.37,77.65
437.94,28.75,64.69,1007.1,60.37
429.25,37.11,68.94,1006.23,31.15
435.02,30.06,67.25,1017.63,53.59
438.68,30.68,69.68,1012.86,56.56
434.95,30.08,73.42,1011.17,63.86
484.82830810546875,6.98,40.35,1011.92,94.72
432.07,29.17,73.17,1009.87,60.97
443.89,21.93,60.84,1017.8,82.61
465.2708740234375,15.11,43.67,1012.06,91.75
433.86749267578125,25.68,70.17,1001.38,85.89
435.0671691894531,30.44,56.24,1005.19,56.24
445.67,20.36,65.27,1011.73,70.8
439.4,26.47,47.43,1009.09,54.94
469.9893798828125,13.9,39.54,1007.01,81.33
441.85,21.81,60.27,1015.93,91.38
481.46,9.08,42.49,1010.67,85.35
430.9244689941406,32.31,77.95,1010.15,62.17
435.93,27.96,73.42,1011.11,71.93
481.29,9.23,42.44,1014.34,94.2
444.07763671875,25.66,61.08,1013.0,71.21
453.3145446777344,19.2,61.27,1020.02,65.53
444.89,24.81,59.87,1018.56,61.18
449.79,24.1,60.29,1008.2,61.81
430.4640808105469,28.33,68.14,1004.63,71.21
449.59,19.53,50.32,1009.71,94.46
434.2,29.37,74.78,1009.47,55.65
430.3,24.44,69.84,1005.34,80.37
435.2952575683594,31.35,67.32,1013.74,38.56
438.45,28.98,62.66,1009.1,52.62
447.45,21.05,63.09,1016.49,91.23
438.24,25.03,60.27,1017.9,72.04
463.75,14.78,54.3,1016.96,68.53
438.99,25.24,67.45,1013.56,50.91
458.05804443359375,16.7,50.88,1015.11,97.25
461.6300354003906,16.44,53.16,1014.82,75.29
432.88,25.18,71.98,1006.71,89.86
453.1268005371094,23.51,48.98,1014.63,41.56
458.97,20.56,64.45,1012.24,53.09
440.95,26.63,43.77,1011.33,49.3
429.4881286621094,27.4,69.13,1001.4,82.47
443.6,26.91,65.34,1014.19,50.7
445.22,23.75,67.9,1006.25,70.17
434.7582702636719,27.79,69.23,1012.86,45.71
445.02,27.41,63.07,1011.5,55.3
481.93,7.98,43.52,1022.45,97.68
474.8464660644531,11.98,44.58,1016.45,78.8
433.2866516113281,27.1,73.21,1002.97,89.68
468.8880615234375,12.93,45.51,1015.27,87.27
456.12,18.91,45.01,1012.9,59.81
433.4571838378906,26.9,66.48,1004.47,54.71
460.42,14.36,40.0,1016.16,68.79
482.5428466796875,8.81,43.56,1014.99,81.5
458.47,18.36,53.16,1013.31,83.18
472.9,11.48,37.92,1008.47,70.55
432.0,25.92,73.77,1001.27,94.28
477.2054748535156,11.01,43.69,1016.7,81.48
433.076416015625,26.31,66.48,1005.93,63.9
471.6,9.99,42.07,1018.78,85.68
475.59,12.84,40.8,1026.95,69.86
443.8101806640625,21.07,67.07,1004.64,86.16
459.5943603515625,17.7,38.52,1020.15,69.8
462.25,14.36,41.26,1021.16,73.43
447.16,24.0,58.05,1011.28,74.32
463.03,12.17,41.58,1013.89,88.98
449.44,19.58,50.12,1009.82,100.1
437.07,25.73,66.54,1010.07,55.97
439.1373596191406,23.85,74.22,1009.99,82.72
433.44,26.45,73.5,1010.31,74.33
450.39,20.95,44.89,1010.48,67.97
445.37,21.29,59.04,1012.49,84.23
460.02,14.32,71.14,1019.87,79.15
444.9,19.65,63.91,1009.26,99.08
436.94,28.09,77.95,1017.07,70.98
435.89,33.87,71.32,1007.91,39.48
455.52,13.72,41.62,1011.14,75.79
479.68,9.47,41.4,1026.49,87.9
425.21,32.19,69.13,1000.45,48.22
450.74,18.73,46.48,1007.19,79.23
485.96,6.09,43.65,1020.95,71.15
437.0778503417969,24.43,67.25,1017.99,74.27
432.11248779296875,25.24,66.54,1002.07,81.22
430.79,26.26,71.73,1009.59,80.06
439.11,26.15,64.27,1013.03,59.77
479.4,7.77,41.82,1032.72,72.8
442.87,27.92,63.07,1010.75,45.26
439.09,31.62,64.05,1010.94,58.93
467.18,12.47,45.01,1017.8,95.25
432.64599609375,31.41,74.16,1008.65,68.5
432.79,32.63,74.99,1002.42,40.07
448.91,21.97,58.12,1014.21,85.93
443.86,22.68,58.82,1010.11,82.8
473.23,10.82,44.63,1020.64,90.26
434.459228515625,32.37,68.67,1005.45,47.98
478.23,10.89,40.81,1025.82,81.18
430.2,25.45,70.04,1011.2,82.48
470.91,10.91,42.34,1021.83,94.99
483.77,6.75,39.4,1011.28,90.84
452.2464294433594,21.36,45.61,1013.43,83.64
454.92,23.45,45.61,1012.84,73.42
488.4994201660156,4.04,35.47,1017.51,87.35
467.7644958496094,15.4,38.73,1000.67,79.71
443.55,25.54,49.16,1003.64,47.4
445.53955078125,22.61,59.87,1019.12,66.12
480.6752014160156,8.62,39.66,1015.18,89.59
462.46,13.84,41.26,1020.92,74.74
443.82373046875,21.31,69.05,1002.46,73.42
439.28,28.54,58.33,1013.9,49.4
450.2504577636719,20.35,67.45,1015.14,69.22
446.26,24.54,65.46,1014.27,40.77
482.1,5.84,40.62,1018.58,82.73
436.6888732910156,26.47,69.51,1009.51,65.02
479.64,10.79,43.56,1015.15,73.01
456.32,18.3,44.06,1017.95,63.24
435.14691162109375,28.79,68.51,1013.02,62.84
444.22,23.07,49.02,1009.07,84.1
432.22,31.25,74.34,999.06,69.85
463.69,18.16,39.99,1007.73,70.54
437.27,25.06,74.33,1014.05,69.02
439.33,26.71,59.39,1014.24,66.45
436.89,26.45,75.6,1017.42,74.5
454.47,18.67,47.83,1005.12,82.97
477.84295654296875,10.29,40.0,1021.46,90.6
492.39,5.52,39.33,1009.74,95.25
450.8562927246094,23.41,54.42,1012.86,70.12
434.93,29.91,74.9,1003.36,69.34
459.39,19.92,46.97,1014.32,69.17
444.39,26.85,63.56,1013.25,52.84
448.09,23.59,58.62,1017.81,66.68
448.56,22.72,63.73,1012.63,82.14
451.86,20.3,62.52,1017.96,75.17
458.94,17.0,45.09,1013.52,88.32
483.82,8.89,41.54,1019.27,82.87
462.22265625,12.61,41.79,1015.82,91.9
427.41,28.9,71.94,1007.29,64.77
486.6899108886719,5.49,38.5,1012.18,79.33
466.05,12.91,42.07,1018.4,86.5
475.49,9.45,41.4,1027.34,86.66
431.11,27.47,69.98,1008.53,58.72
489.6,5.79,39.61,1021.64,85.41
443.31,21.92,49.02,1009.29,88.56
442.71,27.07,65.59,1012.14,63.93
451.44,20.6,66.86,1013.08,62.48
426.79,30.73,69.89,1015.0,58.9
440.29229736328125,26.31,48.6,1002.64,60.04
457.54,19.98,49.15,1021.56,63.89
450.9979553222656,21.31,58.66,1012.67,69.36
478.53,11.48,44.58,1016.43,80.15
436.33,23.33,73.18,1012.51,91.29
465.74,14.05,40.71,1016.36,68.58
477.68,10.06,34.69,1027.9,71.73
490.23,6.86,41.17,1020.12,79.14
435.57,28.87,57.19,1008.09,64.29
440.25811767578125,24.83,62.4,1010.13,70.18
470.81,10.42,39.96,1025.21,95.69
440.81,27.51,63.73,1009.97,66.14
441.53,23.97,68.67,1006.63,76.83
436.2455749511719,27.22,68.3,1016.84,64.88
482.34,11.54,45.0,1022.77,80.79
454.5,21.44,48.98,1014.4,54.22
447.27,25.1,61.47,1007.84,75.75
442.72,22.84,61.87,1010.63,51.67
449.54,26.03,69.68,1011.61,60.75
449.32,18.9,58.46,1016.74,87.65
472.2018737792969,11.75,42.32,1015.28,77.25
433.34,27.37,76.09,1007.52,89.12
456.4222106933594,17.73,43.72,1009.33,76.68
457.01,20.01,56.65,1020.77,74.46
483.82,7.89,39.37,1016.28,84.66
469.04,11.53,41.14,1025.63,88.54
467.4,13.46,41.4,1019.46,71.73
468.90972900390625,13.74,39.35,1014.82,77.48
468.45,13.77,43.13,1016.63,62.13
453.81,20.25,59.8,1015.3,82.69
474.71,10.75,40.81,1015.93,79.27
478.51,11.77,39.39,1012.9,85.8
473.51,9.29,39.96,1026.2,97.55
468.64,15.15,41.35,1006.3,86.16
458.1,16.96,44.9,1020.5,77.53
439.81,27.01,65.06,1013.16,53.02
463.96,12.74,44.03,1007.62,97.64
483.96282958984375,5.21,43.65,1017.64,78.62
476.9817810058594,8.18,40.02,1031.45,73.66
450.29052734375,20.13,60.07,1014.79,63.57
435.5519104003906,31.54,67.32,1013.79,36.99
451.37,19.79,64.45,1016.14,73.54
467.36627197265625,14.96,43.02,1012.77,42.93
471.9089660644531,9.0,40.78,1025.39,99.22
462.791748046875,16.47,38.01,1022.3,72.29
458.46,16.0,45.09,1014.31,60.02
437.06,25.42,73.17,1012.29,85.86
480.29,9.27,39.64,1010.79,79.56
483.12,6.85,37.49,1011.01,84.53
438.09,30.49,64.44,1013.43,51.73
483.05206298828125,4.81,42.85,1013.96,86.94
430.2164001464844,29.93,69.48,1009.21,54.59
440.76,21.93,60.84,1018.96,76.8
473.17,13.35,41.44,1015.9,66.04
434.97,32.44,77.95,1014.83,50.69
469.55,11.8,43.22,1008.57,78.01
447.73,24.4,60.32,1016.5,70.96
447.1882629394531,21.92,58.79,1010.09,89.7
480.8233642578125,8.27,37.7,1015.09,73.64
481.28338623046875,7.0,36.24,1013.15,89.64
452.99,20.74,59.8,1015.46,76.39
473.02,12.58,43.67,1014.36,91.72
447.9672546386719,24.22,62.08,1022.53,60.79
458.8798828125,18.43,44.63,1019.76,39.99
463.22,12.52,71.14,1019.49,76.11
449.09423828125,19.18,50.12,1005.99,100.09
467.99542236328125,13.51,44.9,1019.29,77.24
434.02,26.38,70.47,1007.36,76.91
476.4,11.65,41.54,1020.09,67.96
474.16,10.31,37.5,1008.55,99.31
463.35,15.37,50.59,1019.02,98.2
438.24,29.89,65.74,1012.95,51.36
433.6190490722656,31.53,70.36,1006.29,57.11
484.26,6.25,39.48,1004.82,52.71
443.27,29.09,70.02,1010.13,48.06
473.68,12.0,41.5,1013.21,86.75
454.21,18.61,47.83,1006.43,78.89
466.24,16.34,36.99,1006.99,90.06
440.13494873046875,28.12,58.33,1013.61,39.67
470.84686279296875,12.64,41.26,1020.79,83.66
445.6872253417969,26.1,62.91,1012.44,60.91
467.56,8.07,43.41,1016.02,76.26
430.9,27.5,68.24,1010.38,73.44
433.21,28.44,77.54,1011.73,77.3
430.8329162597656,28.31,71.85,1009.0,77.56
453.13,22.72,64.15,1021.14,60.34
448.91,22.79,44.57,1007.31,69.36
457.81,17.08,40.12,1012.17,81.5
457.22119140625,15.6,41.04,1025.48,64.43
444.01,22.07,48.41,1008.71,81.29
443.75,24.16,66.05,1016.45,73.27
464.0221252441406,14.93,39.16,1007.25,72.35
469.23,11.99,38.28,1013.65,91.31
460.84,16.85,52.9,1019.47,81.28
440.3578796386719,24.82,66.54,1010.0,60.36
440.16,21.67,69.71,1010.46,96.83
461.27,18.06,43.14,1013.95,62.21
427.55,30.05,66.44,1008.46,76.82
453.5,18.36,62.1,1019.9,79.09
426.55,32.02,67.83,1007.77,53.31
438.638671875,24.61,62.39,1006.39,79.08
485.46417236328125,8.41,39.16,1015.47,93.42
477.62,8.94,36.71,1025.5,80.45
443.58,22.57,63.94,1013.49,81.61
469.65,9.92,40.64,1020.39,95.41
440.22,26.51,50.05,1006.75,65.34
454.27239990234375,24.93,47.01,1015.12,64.8
441.4,24.43,58.95,1017.18,57.73
472.90362548828125,12.28,39.96,1011.76,77.07
474.31,9.75,35.76,1019.88,62.31
476.32,10.94,40.81,1026.03,80.79
441.76,25.37,68.31,1011.12,70.99
445.0,23.82,60.32,1016.61,75.29
476.6605529785156,9.26,40.11,1024.38,74.82
432.41,24.57,66.54,1004.44,83.15
430.98,29.55,72.29,1007.94,84.45
439.15,27.37,63.31,1012.89,60.11
473.31,11.83,38.25,1013.36,85.33
441.87,22.32,70.47,1010.97,83.16
482.61639404296875,5.8,45.87,1009.14,92.06
436.59,25.41,69.14,1006.4,87.4
436.39,24.89,66.49,1010.15,65.65
450.2220764160156,18.12,50.16,1009.82,100.09
435.35,28.14,61.47,1009.69,64.66
474.4,12.0,41.17,1019.48,58.71
467.95,15.62,35.4,1016.19,53.95
472.15185546875,11.29,35.76,1019.32,58.91
451.38,17.99,50.16,1009.98,100.09
482.22,4.87,42.85,1013.6,92.3
451.08,19.25,43.43,1012.01,73.26
472.65966796875,11.74,40.6,1013.91,90.57
475.36,13.43,43.69,1016.21,73.01
434.68,25.33,71.32,1007.05,85.31
467.72,19.26,44.34,1019.45,51.32
451.79,17.89,40.12,1011.99,76.52
438.49,30.57,58.9,1004.54,54.37
485.6,7.45,43.13,1019.31,86.32
438.08,24.03,66.54,1012.19,69.15
481.60382080078125,8.03,40.07,1016.06,47.46
434.66351318359375,28.06,70.04,1009.89,66.07
471.86,10.06,39.61,1018.22,70.22
473.73,9.68,40.77,1022.04,85.23
432.79058837890625,26.38,69.88,1008.42,86.25
474.49,10.84,39.18,1023.64,87.1
476.75,7.05,40.69,1020.53,89.67
461.12,13.34,41.79,1011.48,86.66
443.65,24.39,63.77,1013.3,77.53
438.442138671875,24.26,69.71,1008.98,81.58
474.52,8.23,41.01,1022.89,98.03
465.3202819824219,13.15,40.78,1024.13,79.59
430.16,31.35,71.97,1008.29,72.26
447.14,22.88,65.48,1017.33,66.26
444.61,25.44,56.57,1013.8,66.72
431.83837890625,27.79,71.85,1008.95,87.35
446.96,21.99,57.5,1015.87,80.72
474.68,13.35,40.27,1005.83,49.75
427.35,28.63,66.56,1005.88,64.73
470.2493896484375,12.78,44.6,1013.64,77.56
476.02,8.37,40.92,1021.82,86.03
474.57,11.93,38.78,1013.15,96.08
450.64,21.03,63.86,1014.84,71.72
442.54,27.2,65.12,1016.2,44.95
434.1,26.93,75.23,1010.19,62.12
468.1488952636719,12.76,42.32,1015.35,78.18
478.8696594238281,8.55,35.77,1016.15,73.32
467.95123291015625,14.66,40.89,1009.72,91.56
472.62,10.36,37.83,1005.87,98.56
440.8,21.54,66.54,1004.99,92.87
465.87,14.02,41.78,1011.26,48.62
476.88,12.35,40.8,1027.35,72.69
445.17,25.89,58.86,1014.16,52.95
447.95,22.05,61.27,1019.6,58.83
426.07,32.06,71.85,1007.9,56.44
447.3,24.55,57.5,1015.36,62.45
427.39,27.23,71.77,1006.59,77.94
449.98,24.29,57.5,1014.85,67.28
434.5675354003906,30.4,77.3,1002.44,59.42
431.23,26.5,66.75,1018.48,61.62
472.54,10.42,41.26,1008.48,96.76
458.09,15.79,44.89,1010.19,84.61
465.62,15.79,49.15,1020.62,76.22
433.68328857421875,30.3,73.67,1005.57,58.74
447.16,25.58,64.45,1011.07,61.47
468.37,12.36,48.04,1012.8,93.59
478.02,10.56,40.22,1005.08,89.71
425.75,30.01,69.13,1010.11,62.42
458.99,14.91,40.73,1017.44,86.91
464.0194396972656,15.9,41.35,1006.28,78.2
478.38,8.91,43.52,1022.78,98.0
439.2011413574219,26.88,61.5,1009.17,61.26
468.59942626953125,14.78,42.86,1015.32,84.75
433.8487243652344,30.95,71.58,1009.95,50.02
452.28,17.9,58.33,1013.6,85.81
468.82,13.96,39.54,1011.05,85.72
432.26,29.85,71.58,1010.04,58.66
456.71,14.07,40.78,1024.67,72.66
442.76,25.26,52.3,1006.65,64.64
478.37078857421875,10.07,40.92,1021.84,84.18
461.0623474121094,15.66,43.99,1021.18,88.62
480.746826171875,6.25,40.02,1032.14,80.22
435.1969299316406,27.71,69.51,1009.65,58.38
465.44,12.75,42.34,1018.17,94.67
446.17,21.44,51.19,1009.1,84.94
440.28,32.98,73.88,1006.31,47.55
430.72,27.54,74.22,1007.44,75.91
474.8,11.68,40.55,1006.48,96.16
479.53,8.02,39.04,1018.49,68.07
465.28143310546875,19.15,44.34,1019.54,48.09
440.64,18.53,63.91,1010.26,97.8
432.22,30.82,76.2,1007.47,59.3
438.62,22.9,67.25,1017.74,74.53
452.31,22.18,62.39,1007.84,85.74
489.3722229003906,3.69,38.44,1016.74,82.87
454.884033203125,19.89,44.9,1008.12,67.3
440.9774169921875,23.36,65.18,1012.35,78.09
467.15,13.58,44.47,1029.91,70.41
440.9219055175781,25.88,61.47,1007.93,68.71
487.94,6.57,39.37,1020.2,77.37
474.24,10.51,37.5,1010.7,96.29
433.25,26.14,72.99,1007.49,81.72
462.87,13.31,41.26,1020.83,79.55
468.9868469238281,14.01,42.99,1007.12,69.69
482.6262512207031,8.64,34.69,1026.79,80.88
434.85,24.88,73.17,1012.26,84.96
442.5061950683594,23.28,69.51,1013.31,53.0
441.88,25.6,58.46,1016.34,66.6
436.6322326660156,27.0,73.17,1009.82,64.43
439.4815368652344,25.69,62.26,1011.38,74.08
450.32,20.77,60.1,1011.11,81.09
474.929931640625,12.45,40.81,1025.63,66.26
431.33,27.32,66.54,1004.95,72.58
433.4097595214844,25.51,67.69,1004.53,80.03
460.94073486328125,17.45,49.64,1026.4,66.67
440.64,24.4,60.37,1006.77,82.43
454.6,18.98,38.52,1018.85,63.16
476.1782531738281,9.48,44.68,1023.29,92.9
466.7489013671875,12.04,41.58,1018.02,88.91
442.4421081542969,26.11,47.43,1009.01,56.09
432.26,25.28,71.94,1006.73,86.69
441.4510803222656,27.46,61.86,1012.39,66.09
469.59,12.42,40.24,1016.59,90.01
435.43,32.49,74.99,1002.19,34.58
450.83538818359375,26.16,52.36,1013.62,58.52
444.03,23.39,61.87,1010.35,48.91
456.92,21.12,49.15,1021.29,52.9
449.822998046875,19.94,65.46,1017.7,68.94
441.23,26.15,63.21,1012.31,76.44
470.39,13.93,38.91,1013.04,73.51
468.98065185546875,12.87,45.51,1015.3,86.67
430.93,28.29,68.08,1010.77,53.92
484.65,7.78,39.18,1024.62,85.15
453.28,21.11,58.12,1015.38,77.78
447.44,23.97,64.05,1012.23,90.18
444.35,25.71,66.05,1018.58,66.23
454.42,24.7,50.23,1016.23,62.03
479.17,10.32,38.91,1012.11,81.49
477.99,11.46,39.82,1012.09,86.2
475.96,10.53,41.26,1007.48,98.74
450.23,21.91,58.62,1015.95,72.87
438.17,25.35,65.18,1012.67,70.36
437.9,22.77,59.92,1009.67,94.09
437.85,22.28,59.92,1009.36,95.38
455.19,18.94,47.83,1005.18,78.59
483.61,6.92,41.26,1011.16,96.2
445.2593688964844,23.07,65.46,1014.07,46.77
470.88,13.89,43.7,1015.12,64.99
465.3798828125,14.13,53.82,1016.72,64.85
484.29,7.4,40.72,1022.56,87.67
482.3713073730469,6.17,36.25,1028.68,90.59
462.84,10.8,41.62,1012.84,93.84
433.2156982421875,32.77,72.86,1003.6,52.87
432.85,29.56,70.4,1006.49,82.95
441.67,31.05,62.7,1009.35,55.27
480.03570556640625,8.85,41.06,1020.99,86.05
431.37,31.15,69.59,1007.82,64.96
426.79,28.18,66.56,1005.69,65.67
480.0845642089844,10.24,41.17,1019.73,82.04
432.02,28.38,72.39,998.93,73.85
461.2,15.46,44.88,1017.52,93.32
449.9526062011719,19.97,59.14,1016.05,70.58
434.54,28.36,68.08,1013.34,42.82
466.3099060058594,15.09,44.34,1019.46,60.49
474.64,10.72,40.81,1016.51,80.26
461.15,16.37,52.9,1015.14,73.11
445.41,24.66,57.43,1013.17,71.82
444.78,26.44,54.2,1012.65,48.02
481.49,6.3,41.14,1027.45,86.11
443.02,23.56,49.16,1002.54,69.07
474.310546875,8.73,39.42,1025.63,69.87
468.61981201171875,14.49,42.86,1013.94,88.2
448.4,20.26,50.32,1009.81,93.12
475.89,13.56,40.8,1024.8,63.6
435.3289489746094,29.01,70.04,1010.02,57.35
453.7539978027344,19.78,54.42,1011.74,89.34
452.64,19.24,56.89,1014.29,72.97
487.79,8.36,40.71,1026.34,82.76
441.16,27.08,66.05,1017.91,59.1
477.9437561035156,9.3,43.14,1010.99,88.12
485.8,6.29,43.65,1020.68,70.14
451.95,21.33,60.1,1010.97,78.36
458.82,14.55,40.73,1018.36,89.12
445.11,24.54,44.89,1010.05,59.13
432.47,24.28,71.98,1006.34,90.45
442.48,23.45,69.04,1010.5,80.77
483.13,5.62,40.62,1015.81,85.34
454.62,20.82,57.76,1019.15,72.46
480.74,6.06,43.65,1014.36,83.94
444.0,21.24,44.3,1014.34,83.39
454.46,18.32,66.86,1012.02,70.0
471.32,9.44,40.0,1015.62,81.16
466.36,17.36,43.96,1013.02,79.59
430.07,26.95,70.79,1004.09,75.35
451.89,21.0,66.86,1013.06,59.7
436.5212097167969,29.36,78.05,1011.12,64.17
464.85,14.84,41.23,995.02,88.0
436.47,27.21,67.45,1013.83,43.26
440.49725341796875,25.44,75.23,1010.71,66.44
431.818115234375,30.84,66.75,1017.54,40.69
449.00750732421875,20.55,65.46,1013.87,58.09
467.1,12.27,49.83,1007.75,92.02
441.8,24.49,65.59,1011.52,85.12
431.47,26.65,74.16,1008.27,94.54
445.3774719238281,21.46,58.18,1007.45,95.33
430.94,27.24,71.25,1000.5,86.28
462.86,19.86,41.67,1012.31,53.9
433.94,34.48,74.34,1000.91,42.61
444.98,25.16,60.23,1011.21,68.31
450.14,18.93,59.39,1013.92,68.78
473.6,10.55,41.26,1007.77,99.1
446.8216857910156,21.86,63.09,1016.64,87.94
444.81,25.57,62.96,1019.92,58.34
459.6,13.73,50.59,1020.44,85.54
465.4012451171875,14.26,44.47,1028.11,66.81
429.3178405761719,31.28,69.51,1010.09,36.85
439.47,27.08,66.05,1017.33,54.68
468.47,11.87,44.6,1018.81,84.68
430.07,31.92,68.3,1015.58,41.55
438.24,25.42,75.6,1017.39,77.63
440.17584228515625,26.08,48.6,1003.61,57.8
463.81,16.88,43.67,1011.43,73.98
430.33,27.75,69.89,1015.41,73.01
433.4668273925781,27.37,71.06,1008.4,87.52
447.85,22.74,58.41,1013.92,84.03
433.7170104980469,27.17,73.5,1010.36,73.29
457.55,18.99,56.65,1020.46,77.16
431.4459228515625,27.19,71.32,1008.97,88.43
435.9866027832031,27.46,67.69,1004.7,70.15
463.39,16.66,41.16,1007.37,76.82
442.22,26.39,66.05,1018.24,61.27
465.36,14.31,42.86,1031.14,69.6
463.00421142578125,12.1,41.58,1014.41,90.22
477.71,11.56,39.28,1011.27,82.05
479.3064880371094,10.34,41.74,1020.07,79.17
447.67,20.76,59.21,1017.94,80.84
471.5102844238281,12.09,38.25,1013.61,81.28
483.8,7.68,38.06,1020.92,83.87
452.03,22.78,58.96,1013.65,57.06
469.33,15.42,40.56,1021.23,59.37
455.61553955078125,21.08,46.93,1014.49,63.33
477.45,7.25,41.14,1024.99,95.85
439.67,28.25,66.54,1011.02,43.77
436.79400634765625,29.82,43.21,1011.52,63.54
454.14,14.55,41.7,1018.58,80.8
444.39,21.88,69.71,1010.28,97.64
435.8634033203125,31.07,70.98,1007.24,72.03
447.3597717285156,23.08,64.44,1014.85,69.95
453.03,19.95,57.25,1011.08,88.04
447.74,21.89,63.94,1019.55,55.09
432.33,30.11,70.8,1008.57,69.25
466.14,15.1,41.35,1003.84,97.89
465.03,16.59,43.56,1012.88,59.61
463.64105224609375,14.71,44.0,1024.98,85.08
459.3663024902344,18.15,41.23,993.82,61.21
472.2665100097656,12.24,34.03,1018.44,69.27
482.78,7.71,38.06,1021.0,83.47
432.8349304199219,28.15,72.99,1007.62,70.03
441.51,25.11,56.89,1013.33,67.31
436.1848449707031,26.82,69.23,1013.28,50.86
467.76,20.58,54.5,1015.04,89.83
435.7916259765625,25.04,66.48,1004.12,63.01
437.3742370605469,29.56,51.43,1005.87,59.22
453.72,18.92,44.06,1017.47,68.75
467.11,14.72,41.23,997.91,82.69
451.7,22.76,57.5,1014.75,74.38
441.9,25.74,63.73,1010.88,70.87
474.08,10.34,37.5,1010.35,95.56
462.64,14.64,44.92,1025.54,91.12
479.8299560546875,9.41,34.69,1027.02,78.91
481.88,4.96,45.87,1007.32,98.78
434.32,32.73,69.88,1007.86,46.95
480.74,9.11,36.66,1026.47,74.79
449.45220947265625,21.52,46.21,1010.62,67.62
456.25,19.39,51.43,1011.06,94.35
436.95,26.99,68.12,1011.45,58.48
435.4,30.68,71.8,1010.81,61.4
439.14,31.23,75.08,1004.93,46.19
466.2,14.24,39.99,1009.3,83.75
482.9322814941406,9.31,43.56,1015.09,79.96
471.46,16.1,36.71,1013.58,74.41
442.44,21.33,50.32,1008.58,85.3
462.0529479980469,17.4,43.14,1018.51,75.31
470.96,10.59,25.36,1009.59,100.16
434.66,29.42,74.9,1004.11,64.53
454.343505859375,18.48,50.16,1011.45,99.92
434.24,26.91,70.47,1007.55,72.59
479.96,9.59,38.91,1011.87,81.3
447.12,25.01,68.63,1013.76,43.65
441.24,22.71,59.43,1005.68,83.52
438.95,26.55,60.23,1009.88,79.54
467.6,13.78,42.03,1017.51,84.94
436.31,28.32,71.64,1004.73,72.71
437.2068176269531,23.49,73.18,1012.4,90.05
448.73,22.76,49.21,1014.35,48.85
442.36,24.96,60.84,1018.13,59.51
449.54,20.31,45.87,1007.89,73.7
464.58,14.57,44.84,1023.46,87.2
439.8417663574219,27.17,61.02,1011.38,65.32
453.1542053222656,18.96,47.83,1006.15,75.61
428.87,29.23,68.14,1004.31,81.46
467.1671142578125,16.49,41.93,1022.92,44.98
463.69842529296875,20.08,44.6,1014.91,36.27
439.3,31.41,64.44,1013.84,49.49
462.1,12.12,40.0,1018.72,84.42
451.52,25.32,54.5,1015.5,68.17
447.06,20.21,69.94,1009.33,83.96
479.8207702636719,10.67,45.0,1022.99,85.91
449.4454345703125,22.44,58.16,1017.28,63.68
468.6275329589844,17.81,45.0,1022.32,43.84
445.3411560058594,20.85,48.7,1007.11,87.2
453.01,18.34,62.1,1020.52,78.6
430.55,29.6,71.14,1011.46,52.69
475.51,9.68,38.16,1015.54,79.67
431.36,28.69,73.18,1012.23,68.57
445.37,24.47,57.85,1013.05,66.34
453.1599426269531,19.6,48.14,1013.18,68.71
453.3,17.57,62.1,1019.51,86.14
443.9080505371094,26.21,56.85,1011.45,41.37
478.61,8.68,41.82,1032.83,73.62
443.48,24.94,62.96,1019.76,58.44
445.03,20.58,50.78,1008.87,91.18
458.5357360839844,17.79,40.12,1012.74,79.03
445.1,22.71,48.06,1012.82,67.81
445.59,25.53,59.57,1010.65,82.04
438.92,26.7,49.02,1007.68,67.97
442.71,27.43,63.87,1017.6,43.33
431.38995361328125,30.26,71.77,1006.24,58.98
435.57,29.08,67.07,1005.73,57.18
448.13,22.64,62.44,1011.82,75.07
439.427734375,23.75,68.51,1013.21,76.01
461.8474426269531,15.6,43.71,1024.88,80.37
439.3619384765625,28.55,66.51,1015.46,34.04
443.25,29.86,59.57,1011.24,64.02
465.28,15.63,37.87,1020.4,74.77
477.26,7.79,42.03,1017.74,91.48
433.9137878417969,30.06,69.14,1007.5,72.48
477.73,10.12,38.38,1018.22,85.93
477.588134765625,10.86,44.85,1014.15,88.36
428.5,26.37,70.79,1005.31,77.3
442.39,23.05,65.94,1010.99,69.73
442.12,25.89,48.41,1008.59,65.38
437.2162780761719,22.77,69.84,1005.75,84.26
463.4010314941406,21.5,44.58,1016.87,57.58
476.69,11.01,40.22,1011.13,83.09
470.96478271484375,13.53,42.86,1014.0,90.63
443.2,25.91,75.6,1018.23,62.65
468.88,13.93,42.86,1032.37,71.11
475.91,9.96,41.55,1002.59,65.86
451.1851501464844,18.25,60.1,1009.72,90.15
436.6879577636719,22.59,66.54,1005.11,92.62
447.4613037109375,24.99,48.92,1010.03,41.26
443.79,23.78,58.86,1015.7,62.95
479.64,10.31,42.49,1009.43,78.36
463.93,15.25,52.9,1014.86,76.87
448.51,22.49,61.27,1019.6,57.1
468.64,14.04,44.21,1021.93,86.12
447.35,20.65,48.41,1008.38,91.02
440.05,24.79,75.6,1017.07,68.23
453.4542236328125,19.7,54.42,1011.83,89.86
467.06,15.48,41.66,1009.55,66.74
464.81,11.09,41.58,1020.99,91.09
440.85,27.22,69.04,1008.89,70.62
438.67,26.64,62.44,1011.81,72.46
468.18,15.21,35.4,1016.31,58.26
435.94,31.85,73.21,1000.98,72.2
461.08,12.54,41.62,1010.86,83.42
470.68,14.17,42.99,1007.38,78.88
464.07,11.48,41.14,1027.67,90.5
467.01,14.87,41.2,1016.27,70.51
439.43,29.5,72.86,1004.63,52.17
439.98,25.77,63.31,1012.76,65.98
432.41,25.99,71.32,1007.17,83.23
459.85,18.8,44.71,1016.56,31.29
445.90313720703125,21.23,61.5,1008.98,82.14
453.58,25.09,65.38,1009.99,54.28
434.45,23.54,70.32,1010.89,80.76
466.06,13.71,43.41,1015.45,69.26
475.42,12.6,40.35,1011.89,80.88
447.06,21.19,52.3,1008.24,79.19
439.01,25.21,51.43,1006.43,78.55
445.87,25.87,63.47,1011.54,65.45
433.53,29.48,73.21,1000.67,79.35
477.75,11.62,41.54,1019.94,66.43
464.11,14.57,25.88,1008.92,69.16
469.11,9.73,41.01,1021.76,97.71
443.8,24.25,50.78,1008.82,60.55
452.89,19.44,60.07,1014.8,69.06
465.57,13.32,44.2,1020.02,78.78
437.62,30.57,69.82,1009.86,52.94
434.77,26.88,79.74,1006.54,93.7
469.25,13.93,40.24,1017.88,88.35
437.45,28.56,65.27,1013.28,49.95
434.88,27.26,66.56,1007.83,60.95
466.5107116699219,12.68,41.16,1020.09,83.32
452.4996337890625,17.03,58.49,1011.91,92.16
464.5082092285156,16.66,36.71,1013.68,70.66
467.7671203613281,14.07,42.86,1032.16,71.53
468.14,12.41,45.87,1004.78,80.02
489.62,6.06,41.17,1019.67,84.7
471.82,7.79,41.16,1023.17,97.11
431.18,26.8,72.58,1009.22,89.03
458.51,14.68,58.2,1018.5,83.3
442.76666259765625,27.3,56.85,1011.66,36.09
478.95,8.99,36.3,1027.08,73.98
452.7,21.39,51.3,1013.39,89.05
438.9712219238281,27.37,76.2,1006.03,67.07
444.7,25.02,50.78,1008.79,63.06
476.3546447753906,6.8,41.16,1023.17,95.4
474.2,11.01,40.05,1015.46,89.22
440.53,27.91,64.79,1017.7,48.29
464.8800354003906,16.52,42.24,1017.51,67.65
437.95,29.23,69.59,1009.0,71.41
434.0973205566406,25.91,68.08,1010.92,74.25
457.53,15.55,40.66,1016.21,88.5
425.75,32.67,67.83,1007.81,42.16
468.3946838378906,11.1,40.92,1021.98,94.14
455.9019775390625,21.89,45.38,1014.42,68.95
436.0885925292969,32.48,69.75,1009.05,40.47
471.439208984375,9.99,43.52,1022.95,99.67
455.22,18.87,62.96,1020.55,82.87
455.02,20.77,52.05,1012.22,45.61
483.88,6.61,38.68,1017.5,63.88
431.84,31.53,70.94,1007.11,50.04
472.7798767089844,12.93,43.13,1014.91,55.7
467.55,12.38,43.52,1022.98,100.0
437.35,32.2,69.68,1012.12,42.47
491.1,7.65,40.67,1020.14,72.37
465.85,15.51,36.71,1014.05,72.92
473.44,13.26,41.74,1021.89,63.32
442.2189025878906,21.16,78.11,1006.73,78.11
451.02,21.61,64.63,1020.86,69.73
466.81719970703125,13.95,41.49,1019.95,86.46
443.34,27.97,68.31,1010.64,55.91
442.0,26.63,64.44,1012.66,61.19
442.68707275390625,24.2,63.21,1012.25,79.86
484.67,8.23,43.79,1016.11,82.11
455.22,21.06,62.91,1011.92,75.52
455.48,16.02,44.9,1009.3,82.62
435.62,23.15,66.48,1003.71,76.0
434.34,24.44,69.13,1011.1,87.62
440.7598876953125,26.19,49.3,1003.69,65.88
452.3834533691406,20.09,63.94,1020.82,74.16
432.64,26.71,70.4,1007.59,82.63
474.81,10.63,37.5,1008.93,98.14
428.91,26.14,71.98,1005.98,82.45
439.42364501953125,25.9,59.54,1007.3,78.38
460.9534912109375,15.93,52.75,1024.57,58.71
470.14,13.09,43.02,1013.17,46.73
444.02,21.47,60.77,1018.06,85.73
472.04,13.57,42.99,1007.51,88.95
445.1307678222656,22.32,64.27,1014.35,82.98
458.74,22.08,41.54,1014.21,73.73
431.47601318359375,32.13,74.34,1003.34,56.39
460.27,18.32,42.28,1007.86,45.62
473.31,10.18,35.76,1019.71,66.7
437.08,23.07,69.23,1011.78,76.06
460.03,15.16,50.88,1013.88,100.11
473.22,12.24,41.2,1012.48,89.85
441.56,31.04,68.31,1010.54,42.74
435.3294677734375,32.34,74.99,1002.77,42.83
461.96,13.97,45.01,1017.44,89.15
447.91,26.24,51.43,1011.32,59.52
454.88,13.82,41.62,1011.48,77.66
476.91217041015625,9.55,39.66,1018.8,74.88
460.57,16.9,54.3,1017.97,60.57
446.93,24.47,58.05,1011.27,71.7
475.12255859375,11.6,40.69,1015.51,86.55
447.42,21.47,65.61,1015.92,76.22
489.8,4.15,39.9,1007.62,95.69
438.36,26.45,71.37,1008.0,77.06
434.9423828125,33.6,77.17,1009.01,47.53
467.89,16.2,38.73,1002.14,75.03
441.78,23.73,63.94,1010.7,87.1
437.37,27.45,66.25,1009.3,77.58
427.66,33.42,68.51,1011.91,45.83
439.94,28.91,70.72,1009.7,67.5
436.4558410644531,26.51,67.25,1017.85,64.17
486.73126220703125,5.66,40.0,1022.08,93.03
462.2,17.99,50.59,1015.9,77.28
479.22,10.77,41.46,1021.42,87.18
475.42,10.03,41.79,1020.35,66.42
484.55,8.69,40.81,1026.19,86.25
466.31,17.67,43.96,1011.68,82.13
466.05,9.98,41.01,1017.83,98.07
429.41,31.87,70.94,1006.94,50.78
463.24,15.74,43.34,1013.38,81.45
447.48,22.49,62.96,1020.21,78.99
430.06,32.21,70.94,1006.76,47.56
432.58,25.4,69.59,1008.58,82.22
472.63,10.87,42.02,1002.08,95.22
449.54,23.55,51.95,1006.0,76.46
438.1286315917969,27.29,67.32,1013.92,33.41
454.5,19.36,68.61,1010.85,94.87
468.27,10.2,41.01,1021.39,96.64
475.6590881347656,11.03,44.78,1013.16,83.85
474.61,8.97,44.03,1013.16,80.39
480.63,8.48,36.18,1013.31,75.15
442.74,26.56,56.57,1013.73,63.9
432.08,30.65,71.06,1008.61,76.76
490.57,6.44,39.33,1011.8,93.5
451.7787170410156,21.6,43.43,1010.28,61.87
464.44775390625,19.46,42.04,1011.3,60.45
472.68,12.19,40.05,1014.65,85.1
445.26,23.92,63.21,1012.52,86.51
435.79,27.11,66.49,1013.71,39.28
442.22,23.73,61.02,1009.71,78.7
440.4284362792969,28.36,60.23,1010.05,53.03
440.85,24.38,60.84,1017.85,62.23
444.08,23.07,57.17,1009.84,76.8
464.37,15.07,50.88,1014.33,100.12
435.97296142578125,29.58,66.51,1015.57,32.95
436.5,25.39,70.36,1006.76,73.62
463.22,14.79,47.83,1007.27,92.04
471.26,10.61,40.77,1022.09,83.62
463.71,19.12,44.85,1014.66,43.66
445.82,20.23,69.45,1013.0,89.79
434.11,29.03,43.21,1011.83,65.23
466.33,15.72,43.02,1011.98,45.74
447.89,20.72,68.61,1011.25,87.1
450.8616027832031,17.54,58.49,1012.35,91.56
433.01,27.71,72.99,1007.18,72.68
488.82,6.4,41.17,1019.54,85.37
441.4,24.49,65.06,1014.07,63.32
462.86029052734375,15.98,44.68,1018.48,85.94
435.13,28.85,71.32,1009.09,76.9
448.6500244140625,21.23,57.32,1010.99,75.17
433.1022033691406,27.78,73.56,1007.05,95.32
436.33,25.27,69.89,1015.21,79.33
432.45,30.46,66.75,1017.81,54.48
440.83355712890625,26.13,47.93,1002.81,66.19
438.46,25.95,59.14,1016.42,67.03
469.1186828613281,13.66,40.55,1005.46,96.02
454.4,17.79,45.01,1015.71,67.13
447.5709533691406,20.1,59.87,1018.97,87.23
442.47,23.21,62.44,1011.78,76.66
439.61,29.23,66.51,1011.11,53.12
453.36,20.16,60.1,1011.24,86.23
433.42,24.21,71.77,1004.52,84.96
444.0509948730469,26.13,57.32,1012.27,45.78
453.09,19.07,49.69,1007.22,76.79
476.67,9.68,41.06,1022.75,87.44
460.81,16.18,43.99,1021.97,80.96
464.23529052734375,11.57,39.72,1002.26,78.69
441.8515930175781,23.24,68.31,1009.71,80.8
486.7966003417969,5.02,40.64,1021.2,93.27
443.4188232421875,22.27,50.05,1007.1,89.34
438.3752746582031,34.51,73.03,1013.73,39.42
486.5817565917969,2.71,39.42,1026.66,81.11
473.7796630859375,12.93,36.71,1013.22,83.44
435.33,28.75,57.55,1004.77,57.55
473.0787048339844,10.03,42.02,998.6,99.9
471.23,13.33,39.39,1013.93,84.74
442.11,23.29,49.3,1003.88,74.12
474.171142578125,9.43,41.4,1028.81,85.83
442.578857421875,24.97,59.87,1018.7,59.94
480.6810302734375,8.95,38.56,1017.85,64.34
473.6101989746094,10.59,37.5,1013.14,81.56
443.15,29.33,64.84,1010.76,53.32
477.5,11.42,41.54,1020.21,71.57
439.18,27.66,69.75,1009.71,84.27
463.6794128417969,13.45,45.87,1008.73,87.06
439.03,27.76,65.59,1010.8,67.29
446.01,23.96,58.33,1013.37,59.97
467.44,13.04,45.09,1013.0,87.68
481.59,8.91,40.69,1015.11,89.65
452.2,24.22,49.82,1014.61,66.82
428.49,29.71,71.85,1008.81,70.86
441.15,21.96,69.94,1011.09,80.27
438.26,26.85,66.86,1006.78,69.4
446.09539794921875,22.91,68.63,1014.92,55.82
437.64,28.37,63.31,1013.18,49.02
476.6605529785156,9.04,40.11,1023.3,76.32
439.8692626953125,28.23,62.26,1010.88,60.86
436.42,28.84,74.9,1004.38,66.86
432.25,31.25,73.5,1010.81,45.2
473.49,13.04,40.69,1015.96,82.37
458.34,17.48,52.9,1020.03,76.47
433.5655822753906,26.78,73.06,1007.99,90.47
447.4411315917969,20.51,68.08,1012.73,78.05
449.7408142089844,19.8,67.71,1005.58,69.65
463.65,14.39,42.77,1017.36,83.28
447.26,26.35,59.87,1013.24,73.63
485.61,7.87,43.02,1014.67,83.58
439.64,27.56,65.59,1010.88,66.47
429.83,33.76,68.51,1011.33,38.35
449.48,23.74,62.96,1019.65,63.39
456.29,16.68,53.16,1014.32,78.02
472.17,13.58,39.28,1016.17,79.17
456.65,21.99,42.48,1011.77,74.04
440.44,23.68,59.27,1010.75,83.82
460.61480712890625,16.73,54.3,1017.96,59.44
470.82,11.12,44.92,1025.58,93.52
477.41,10.45,39.61,1020.23,73.39
488.0690002441406,6.38,40.07,1018.53,60.2
482.46,5.19,40.78,1025.24,95.07
461.46,14.66,47.83,1006.15,91.98
440.4188537597656,23.49,49.3,1003.35,77.96
443.4171447753906,24.31,65.34,1013.82,63.85
452.84,16.57,41.79,1005.82,72.25
467.45,14.43,44.84,1024.34,84.0
457.1,15.34,71.14,1019.79,77.56
473.41,9.75,52.72,1026.03,78.53
452.41,26.05,58.59,1012.32,49.83
482.85,10.5,40.8,1024.06,76.05
470.9,9.87,42.74,1024.61,87.74
442.69,24.31,65.94,1011.5,61.61
444.3221740722656,24.67,58.05,1011.31,69.95
437.15850830078125,24.18,66.48,1004.0,64.86
429.05,27.53,67.83,1009.4,53.73
463.3916320800781,15.21,52.75,1024.32,61.11
425.82,31.16,64.96,1001.71,44.85
449.84,20.15,65.59,1014.62,79.39
453.2,17.51,58.86,1016.78,83.63
445.01,25.56,60.32,1016.28,59.84
481.02,8.51,40.81,1015.54,83.16
467.24,8.96,40.05,1015.91,89.4
431.96,27.14,71.32,1007.8,87.99
438.92,29.23,75.6,1017.72,52.26
441.3112487792969,28.97,64.44,1014.55,54.67
483.43316650390625,5.21,41.31,1003.51,91.23
468.1162414550781,13.69,40.1,1014.38,83.57
460.58,18.34,45.64,1019.05,82.53
453.12,24.01,42.48,1011.39,55.1
428.74,25.54,69.13,1001.64,90.98
442.28,25.5,63.56,1013.85,64.69
434.3819580078125,29.07,72.51,1009.24,58.38
473.41,14.38,40.71,1023.46,66.12
438.1405029296875,25.89,66.49,1013.08,63.16
444.41,22.66,63.73,1013.24,83.95
462.522216796875,17.29,52.72,1024.71,62.32
469.33,13.43,50.59,1020.38,86.3
466.3279113769531,13.94,44.84,1023.69,95.3
440.79,24.31,66.49,1011.38,54.35
439.86,28.45,52.84,1006.18,43.16
473.54,11.67,37.73,1021.2,68.88
439.82,26.09,49.3,1003.79,66.19
438.57,27.66,59.21,1013.12,51.58
475.42,8.01,40.46,1019.42,76.15
442.91259765625,24.22,56.89,1013.81,70.02
458.6261291503906,14.77,58.2,1018.78,83.83
460.8231506347656,22.73,43.79,1015.61,42.66
476.20086669921875,8.95,43.13,1017.56,94.85
461.96,16.8,56.03,1020.65,85.26
450.25,21.8,51.3,1012.07,89.51
454.01,25.28,49.5,1013.95,52.79
443.72625732421875,23.19,67.07,1005.67,65.19
447.63,19.27,50.12,1007.61,100.11
445.79,25.87,44.57,1007.43,55.92
466.1632995605469,14.27,44.34,1018.95,71.44
460.91815185546875,15.66,41.7,1018.0,77.0
434.43,30.16,73.17,1010.74,58.99
472.57,13.42,40.35,1011.2,77.0
437.01,22.49,61.47,1009.14,90.23
440.13,27.2,59.74,1011.99,56.74
442.91,27.08,62.91,1011.9,62.58
445.09,23.5,50.78,1008.7,57.7
466.92,12.88,38.53,1010.95,87.16
436.82,30.05,69.34,1008.26,61.5
443.04,24.76,63.07,1012.73,70.39
448.04718017578125,21.51,65.48,1017.11,72.99
442.93,25.05,58.59,1013.37,66.14
431.6886291503906,30.81,71.97,1008.36,75.0
481.98,7.57,37.49,1009.73,83.07
442.64,25.23,58.82,1010.9,70.47
479.83,10.93,39.16,1016.54,90.56
446.9,25.08,58.49,1011.1,64.47
461.44,13.44,41.14,1026.41,77.26
461.7202453613281,16.05,41.96,1011.82,96.05
460.76,18.49,41.1,1001.9,59.99
448.1994323730469,20.85,56.89,1013.15,68.22
456.33,15.72,56.89,1013.35,85.06
471.3,12.93,38.73,1006.41,89.24
474.87,10.15,39.22,1020.09,68.75
433.72216796875,26.12,68.94,1007.12,67.08
459.6094970703125,15.97,45.01,1016.58,83.24
435.9340515136719,25.6,71.73,1010.15,68.99
444.06,27.77,63.87,1017.97,38.77
464.3794250488281,15.63,40.56,1018.68,59.44
473.61,9.44,44.03,1009.59,86.27
430.27,30.63,53.3,1004.91,53.3
454.18,17.68,39.08,1002.77,74.24
451.79,23.16,57.76,1017.74,63.79
444.83,27.52,69.68,1011.67,56.94
483.3,7.97,39.04,1018.51,65.17
459.9715576171875,17.62,43.52,1021.01,71.52
448.1781921386719,25.8,44.57,1008.0,52.56
436.74,22.33,70.79,1006.02,93.35
434.65,28.94,68.67,1005.39,75.24
444.68,26.72,67.79,1010.35,63.31
435.34,27.58,66.48,1004.82,51.23
431.19,26.94,73.21,1002.83,91.25
450.44,17.74,49.78,1004.9,100.09
475.04315185546875,11.91,40.69,1014.41,83.71
484.13,7.46,39.81,1018.62,86.73
458.7220153808594,18.34,50.59,1018.42,83.95
438.72,25.18,69.23,1013.26,57.45
438.16,25.71,71.64,1008.85,77.31
441.07,24.48,66.25,1009.42,88.17
475.3341064453125,8.87,41.16,1023.17,94.13
435.78,23.51,70.04,1011.02,81.39
465.61,13.3,37.9,997.41,91.51
472.76,11.69,39.22,1017.05,55.51
434.55,25.06,78.92,1010.74,90.7
443.76,20.6,59.15,1013.32,91.07
435.51,25.79,59.43,1008.61,64.3
477.2314147949219,10.29,40.56,1017.28,69.13
451.47,26.06,58.59,1012.41,55.22
435.2,25.8,71.58,1010.08,85.14
432.34722900390625,31.14,67.32,1013.93,38.37
450.3047790527344,22.01,49.39,1019.6,75.8
449.82,26.05,65.38,1009.43,52.1
453.83,17.82,56.89,1014.24,77.73
442.82,20.76,69.05,1001.89,77.86
477.52,11.64,40.22,1010.58,80.84
462.44,16.33,42.44,1013.98,84.9
473.59,10.23,42.32,1017.53,89.93
456.3,23.35,47.01,1015.03,73.9
484.34210205078125,7.7,40.35,1011.72,92.88
441.31,22.06,59.39,1015.26,85.04
461.21,17.14,40.55,1000.05,71.41
433.08,27.75,66.51,1015.42,39.0
468.43,14.58,42.99,1007.55,93.56
473.75,10.86,37.5,1013.36,75.56
480.54,7.87,42.85,1012.18,94.21
437.61,30.96,64.44,1013.63,49.64
466.4,19.55,42.04,1009.99,67.87
448.76409912109375,20.26,51.19,1008.9,93.47
473.08,11.61,40.81,1025.68,72.08
450.7195129394531,21.92,64.63,1020.42,65.22
464.06,14.22,45.01,1014.17,70.14
430.65,29.77,69.98,1013.32,69.6
445.26,25.96,63.77,1013.24,65.43
430.33,27.78,77.17,1009.11,86.54
449.64,22.49,56.9,1007.65,63.34
437.5667724609375,30.34,75.08,1005.32,52.97
439.83,23.78,49.3,1003.3,76.56
478.01,9.06,40.02,1031.16,82.04
437.09,27.51,49.3,1003.74,61.27
439.32,30.76,59.57,1010.66,61.76
469.94,13.86,37.85,1011.4,89.7
439.39,30.98,67.48,1009.96,58.92
442.07,31.01,69.04,1009.14,52.81
455.484130859375,16.58,45.87,1009.66,97.59
435.78,26.01,61.47,1009.54,75.01
436.8417663574219,32.42,65.74,1010.97,52.73
442.49,27.96,49.16,1004.8,35.64
441.75,22.73,63.73,1009.12,94.8
461.94,15.65,39.59,1012.8,87.63
459.90399169921875,18.22,49.25,1020.33,61.87
449.98,23.05,62.52,1016.5,65.65
438.83,22.95,70.98,1005.36,93.76
440.63,24.34,59.54,1004.01,87.07
462.6036071777344,17.44,44.88,1018.05,68.35
446.43,22.69,59.44,1012.97,83.47
445.1026611328125,21.31,50.78,1008.68,85.28
448.4708251953125,26.46,61.41,1012.41,56.58
444.55,26.06,65.34,1014.07,57.63
464.7,12.24,40.66,1017.4,96.22
488.64,3.95,35.47,1017.36,84.88
436.17,31.74,67.32,1013.69,36.59
434.09,27.01,43.21,1011.71,77.84
434.15,28.73,68.3,1016.53,55.73
445.33,24.34,50.16,1004.78,74.0
477.71,13.0,39.85,1012.57,61.56
449.1348571777344,18.62,65.48,1018.45,73.39
428.35,31.16,67.45,1014.69,32.25
444.19,21.75,60.27,1018.55,87.81
435.95,28.71,70.32,1011.78,76.53
435.3595275878906,23.7,70.04,1011.13,84.16
465.89,14.41,42.77,1019.84,82.54
447.95,23.83,64.15,1020.93,63.86
431.07,29.3,73.67,1005.64,65.31
446.18,23.38,48.78,1019.03,78.69
458.72,19.95,50.66,1013.21,81.98
479.56,9.68,40.22,1007.6,89.97
431.0325927734375,30.27,70.32,1007.93,51.61
434.35,25.82,66.49,1013.2,60.32
444.93,24.54,57.85,1013.02,65.61
452.69000244140625,19.82,46.63,1013.17,87.1
432.27825927734375,24.9,71.77,1006.24,85.25
449.63,18.83,58.46,1016.85,87.16
449.4,22.99,62.96,1019.6,65.05
467.44,14.28,37.2,1013.96,82.71
439.13,24.2,60.77,1016.92,71.65
442.81903076171875,22.91,61.86,1012.8,92.69
466.9505310058594,14.16,44.58,1020.75,77.42
453.67,21.46,50.59,1016.75,67.14
443.88,25.95,65.61,1014.36,52.54
478.27,10.36,43.67,1012.16,77.04
432.79,27.0,73.42,1012.2,87.28
480.364990234375,8.14,39.96,1023.41,88.86
444.5,20.86,67.25,1017.45,81.45
440.8,25.82,57.19,1007.99,62.95
431.44,27.25,69.98,1008.55,59.55
483.56,10.11,42.49,1010.22,82.11
449.4,23.99,58.62,1016.91,66.36
464.44,21.55,44.58,1017.2,46.64
465.96,13.18,40.73,1017.62,94.4
478.82,9.26,44.68,1023.22,91.44
441.94,26.3,59.07,1007.84,78.32
476.91,10.18,43.5,1022.84,88.7
440.068115234375,22.84,71.25,1001.9,96.45
449.8584899902344,20.36,60.1,1011.21,84.79
477.6147155761719,10.33,40.0,1021.35,90.84
454.06,20.46,66.05,1014.93,78.51
435.279541015625,26.0,69.89,1015.12,73.06
475.87,13.16,40.71,1021.99,77.91
447.77,21.39,52.3,1009.52,88.67
463.5459289550781,14.82,44.2,1018.98,72.8
462.98,14.38,40.73,1017.48,90.64
475.42,9.27,38.56,1017.69,62.49
438.66,26.58,62.39,1006.36,68.98
462.39,13.85,48.06,1011.13,75.2
437.16,24.58,56.9,1007.08,68.24
451.88,20.57,60.1,1011.16,83.45
457.03,18.26,60.95,1016.94,78.91
444.69,20.45,48.41,1010.81,86.7
448.545654296875,22.25,51.86,1013.08,83.64
447.36,19.82,57.85,1011.58,97.23
450.8810119628906,19.93,62.1,1019.94,76.41
435.22,28.97,73.5,1010.47,48.24
436.69,23.53,72.24,1010.84,94.33
488.30059814453125,4.47,35.19,1018.78,92.68
454.0181884765625,16.27,58.2,1018.47,80.03
439.49,22.32,69.48,1011.1,77.86
433.3044738769531,35.77,73.56,1006.36,36.31
461.14,14.42,48.92,1011.76,76.03
432.28265380859375,31.2,68.24,1005.71,34.84
435.1959533691406,29.16,55.68,1004.84,55.68
454.59,19.34,64.79,1018.03,84.77
439.72,25.31,65.48,1018.31,55.57
471.3,11.66,44.6,1018.39,89.98
453.76,17.16,58.86,1016.4,86.39
444.7402648925781,22.11,59.44,1012.82,84.67
439.82,23.35,59.92,1009.86,88.6
465.06,17.67,43.7,1015.26,58.76
440.51702880859375,24.11,68.3,1017.33,79.16
478.14031982421875,9.03,37.14,1012.79,76.27
454.09,20.2,50.9,1011.72,77.63
474.07,10.95,39.22,1015.69,62.3
481.3228454589844,6.92,39.61,1018.64,82.27
440.51,23.36,56.89,1014.23,78.34
460.29,16.63,39.16,1005.85,72.02
464.12,15.36,40.89,1007.59,86.08
475.64,9.15,39.61,1018.69,84.47
432.94,28.61,68.12,1011.71,47.57
473.63,12.45,40.1,1015.4,82.61
430.45,29.25,69.98,1010.74,57.42
442.664306640625,25.24,63.47,1011.3,66.21
470.02,11.98,44.6,1018.59,86.71
471.55,12.62,34.03,1019.06,74.78
433.92,24.14,69.23,1012.4,73.26
440.56,24.3,69.23,1013.17,59.91
451.87,22.49,62.52,1016.57,63.69
437.93,28.77,75.23,1010.01,59.0
476.1356201171875,7.21,42.03,1017.81,90.12
456.7076110839844,24.13,48.98,1014.74,40.13
443.11,28.14,65.34,1014.44,46.17
434.7461853027344,28.04,69.14,1007.16,80.38
442.51,21.18,70.02,1010.27,96.46
487.7086181640625,6.84,39.4,1011.9,93.75
435.4964599609375,26.92,64.69,1006.66,76.14
428.12,33.83,67.9,1005.94,29.86
477.22,11.81,40.75,1016.13,84.14
479.66,10.28,41.46,1018.44,85.23
485.89,6.72,38.91,1016.89,90.47
476.1864929199219,10.02,38.18,1017.43,68.4
473.55,8.64,39.69,1001.57,98.27
453.26776123046875,20.45,58.96,1014.53,65.36
460.5814208984375,20.01,45.09,1014.21,38.19
439.19,31.61,69.04,1008.11,47.96
463.52,14.69,53.82,1016.54,63.49
442.2091979980469,26.89,49.16,1003.84,41.22
435.56,24.41,73.67,1007.39,86.92
461.62,16.36,53.82,1015.05,71.95
475.15,14.08,41.93,1023.02,59.41
464.4388427734375,17.32,44.34,1019.52,56.24
481.4150085449219,10.38,40.71,1025.27,80.87
473.89,11.6,40.27,1008.55,72.12
456.21234130859375,19.54,54.9,1017.15,70.37
462.0642395019531,17.5,42.23,1013.37,86.87
480.39,6.04,41.14,1027.8,86.4
483.0,7.28,39.81,1017.61,87.56
440.24,23.45,69.05,1003.03,66.41
464.3868408203125,16.75,36.99,1006.42,87.18
436.32,24.01,60.84,1018.83,63.82
439.13,26.67,70.94,1007.7,56.56
469.64,11.57,44.63,1020.7,91.11
443.89,27.33,66.17,1011.06,64.55
465.09,14.51,44.84,1023.23,82.33
457.138671875,18.1,48.06,1015.47,82.47
433.75,33.58,77.54,1010.19,53.49
439.9501647949219,30.04,64.44,1014.46,52.19
455.41,23.91,50.23,1017.25,68.57
466.3203125,15.27,39.54,1010.64,81.91
462.7250061035156,13.41,49.83,1008.83,87.14
433.13,29.95,67.25,1017.68,51.91
437.22,27.0,71.25,1002.66,70.59
442.76,24.56,58.82,1011.42,72.47
454.47,18.84,61.27,1019.64,71.95
449.75,22.7,61.41,1012.08,78.08
439.20843505859375,23.21,74.22,1009.68,88.46
470.19,14.54,41.17,1015.15,67.78
437.1277160644531,26.45,74.33,1013.81,61.7
485.4613952636719,1.81,39.42,1026.92,76.97
434.41,22.95,66.54,1004.53,88.06
478.7,8.88,36.3,1015.27,56.96
471.4784851074219,13.44,39.64,1013.23,73.43
478.45,8.83,36.25,1028.86,85.6
463.47,15.57,38.78,1013.51,95.38
460.51,16.69,43.52,1021.78,80.87
449.43,22.53,60.95,1015.12,75.1
450.23,18.55,52.84,1004.45,86.82
452.89,22.81,58.96,1013.5,55.66
431.0,30.13,71.98,1004.95,63.62
469.75,14.04,40.83,1008.98,82.04
465.08,12.14,48.04,1011.8,100.13
441.6706237792969,25.18,56.89,1012.26,64.46
475.29718017578125,7.82,41.16,1023.3,87.7
444.97662353515625,22.2,59.21,1017.87,73.34
440.41864013671875,26.42,59.39,1013.95,66.03
482.55,9.29,39.04,1022.72,74.29
435.57,29.31,68.67,1006.18,63.38
449.75140380859375,19.24,58.33,1013.65,85.47
437.7392578125,27.22,66.49,1013.45,42.41
467.9746398925781,10.09,41.01,1019.89,96.55
427.94,30.47,68.24,1009.55,64.98
434.47,24.85,70.47,1006.64,85.37
459.43,17.75,55.5,1020.15,81.26
445.88,26.09,60.23,1010.74,60.88
475.06,12.21,44.34,1017.98,86.17
442.71,21.5,50.32,1008.65,81.68
480.49,9.18,42.44,1014.52,98.04
438.01,24.66,66.49,1010.83,70.06
444.9,18.56,67.71,1004.77,85.28
434.4713439941406,25.14,73.67,1006.94,88.51
460.43035888671875,12.08,49.83,1008.21,96.01
456.18,18.88,62.96,1020.62,82.01
447.5614318847656,26.59,60.96,1011.9,52.41
479.24,10.42,41.46,1021.04,89.16
474.02,13.03,39.35,1015.34,79.18
434.6,29.43,66.75,1017.63,42.72
439.49,27.86,61.5,1009.23,46.19
439.99,24.73,48.6,1004.03,63.37
449.91,20.74,58.12,1015.43,77.88
492.88,9.41,40.43,1025.68,79.49
456.54,19.33,58.96,1014.88,67.86
433.9131164550781,25.04,70.47,1006.82,84.75
454.02,19.35,43.43,1009.4,66.11
464.93,14.72,39.0,1016.42,76.42
440.84,26.88,74.78,1010.42,64.81
449.76,20.72,44.57,1008.96,72.57
483.26,9.0,39.18,1024.38,84.91
436.27484130859375,25.45,75.23,1011.41,73.33
465.3503723144531,13.23,52.72,1026.4,75.78
432.2335510253906,30.88,69.51,1011.48,46.58
436.26,23.32,66.48,1003.92,72.25
447.91,25.15,68.61,1011.03,53.59
444.87,19.67,60.77,1017.33,88.13
486.36,6.92,43.13,1018.26,89.23
464.1805419921875,14.74,43.71,1024.35,81.53
436.7,22.7,59.92,1011.05,90.84
471.45,13.85,41.39,1018.62,75.55
430.7271423339844,31.59,43.5,1005.12,43.5
461.31,17.27,40.55,1000.89,70.66
435.29,27.49,71.94,1006.62,73.35
438.72,26.71,70.72,1010.3,78.18
444.23,23.25,59.87,1018.69,66.4
441.78,30.13,68.94,1005.88,40.71
438.54,26.53,60.07,1016.55,54.79
474.7324523925781,12.02,43.69,1016.12,74.07
471.38,13.77,42.86,1030.72,77.3
439.61,26.97,67.32,1014.35,55.07
434.5129089355469,25.76,73.5,1011.44,81.36
464.6,14.43,35.85,1021.99,78.25
444.53,21.03,70.02,1010.21,95.69
436.7516784667969,24.45,70.02,1010.75,71.37
467.21,15.43,41.1,1005.2,85.06
455.35,17.48,46.21,1014.02,80.78
449.23,23.96,65.34,1015.52,56.82
433.87969970703125,25.77,71.37,1008.88,78.96
443.7635498046875,25.52,61.25,1012.84,75.98
469.9265441894531,14.52,40.35,1011.11,69.84
436.17,24.8,68.3,1018.01,80.41
432.24,30.8,73.17,1010.51,51.93
474.5,7.9,40.0,1018.74,79.55
481.94,10.25,41.46,1020.65,87.07
431.58,30.97,74.22,1007.93,49.74
478.4761657714844,10.7,44.77,1017.8,82.37
427.36,32.83,74.33,1011.44,50.42
466.55,11.35,40.66,1016.86,96.4
444.56,21.28,44.05,1005.69,83.2
467.41,12.9,44.63,1020.72,89.51
459.69,16.47,44.89,1010.04,82.01
432.6090087890625,31.18,77.95,1014.89,65.62
449.65,21.92,48.14,1013.44,67.8
479.06,9.46,36.66,1026.22,72.58
478.19,7.29,39.37,1019.24,73.46
442.16,24.05,61.87,1009.64,54.54
475.35,11.75,41.2,1012.7,89.86
436.71,28.82,71.8,1010.97,67.64
484.42,5.3,35.19,1019.33,93.86
471.42,14.17,41.67,1013.4,72.77
446.92724609375,21.63,60.84,1018.16,77.53
465.68,12.62,40.92,1021.85,81.41
484.59149169921875,6.94,38.91,1018.94,90.64
445.58795166015625,24.73,65.34,1015.42,52.8
466.73,14.94,41.35,1004.82,98.04
461.51055908203125,16.88,38.58,1014.72,73.99
473.484130859375,10.7,36.18,1018.16,63.15
454.64,25.21,50.23,1016.0,56.58
463.79,12.51,41.14,1027.36,87.86
432.51,30.7,74.22,1008.12,50.39
440.9163513183594,24.61,69.68,1012.06,92.47
449.13,22.4,58.12,1015.24,78.03
488.85,5.98,38.91,1016.5,91.83
450.1760559082031,20.06,62.1,1020.21,72.21
471.344482421875,12.7,39.72,1017.89,62.97
485.91717529296875,11.42,40.43,1025.5,75.85
440.65,24.23,49.3,1003.61,74.44
437.63,29.91,70.02,1010.18,64.1
441.97332763671875,22.87,71.29,1008.1,73.1
443.19,23.79,58.59,1013.94,72.5
468.01,17.4,44.58,1018.9,60.58
442.37,27.21,64.05,1010.08,76.69
477.0523681640625,10.23,41.46,1018.89,83.06
432.56,26.54,69.48,1010.7,66.09
429.8876037597656,32.46,74.33,1012.61,37.07
460.3871154785156,21.31,42.8,1014.1,75.77
472.36,13.4,40.89,1010.67,91.66
435.66,31.87,68.67,1005.64,48.85
439.96,26.05,73.88,1005.67,82.08
438.76,24.4,69.94,1005.75,58.1
465.47,11.88,41.58,1016.56,90.18
476.72,11.3,40.55,1005.97,97.99
455.64,16.83,46.48,1007.21,87.23
449.33,19.72,46.21,1010.54,77.74
434.7702331542969,30.74,69.59,1008.69,68.04
471.43,6.9,40.71,1021.78,94.8
483.98016357421875,7.7,40.72,1022.81,81.97
448.26,19.18,65.06,1015.99,77.06
438.79,24.26,68.14,1005.09,59.49
485.18,5.66,40.62,1015.87,84.97
458.68,14.97,58.2,1019.52,81.13
461.97,14.96,39.31,1010.52,71.28
466.24,13.9,44.0,1025.1,87.17
458.4418640136719,22.97,42.48,1012.84,64.71
435.213623046875,32.91,73.56,1007.02,55.03
443.66,26.56,65.59,1012.6,64.25
461.16,14.76,49.64,1026.31,75.67
474.4,12.5,41.38,1021.87,57.59
484.4792785644531,5.89,35.77,1019.78,79.58
442.34,25.11,58.79,1015.99,60.55
467.08,16.73,45.0,1023.44,60.68
481.4366455078125,6.93,41.14,1027.18,84.67
444.1,24.01,63.56,1014.19,64.31
474.169921875,10.33,40.62,1017.41,64.22
474.61,10.04,39.13,1011.26,88.91
483.5658264160156,7.73,37.8,1020.71,63.93
433.2937927246094,30.24,73.9,1006.74,56.39
471.0562744140625,10.35,39.82,1013.33,94.78
443.438720703125,23.19,58.82,1009.96,81.05
443.9877624511719,24.55,67.07,1005.66,63.58
432.830078125,29.01,66.44,1011.21,71.56
465.36,12.04,42.34,1019.72,94.67
436.46,29.85,61.85,1005.45,61.85
439.1606140136719,22.19,60.37,1008.45,92.43
477.75341796875,10.02,39.82,1012.86,89.47
438.6,28.09,63.31,1013.01,52.6
442.53,22.36,51.43,1007.47,87.33
433.4,30.7,69.59,1008.03,66.78
486.9453430175781,7.06,41.38,1021.94,83.55
462.69,14.07,45.09,1013.32,94.45
477.18,10.58,39.61,1020.39,71.69
453.83,20.59,59.8,1015.27,77.94
453.5,22.06,47.43,1009.85,76.85
436.67,31.61,75.08,1004.83,42.29
454.4973449707031,19.98,56.53,1020.22,73.53
468.09,11.02,40.0,1015.75,74.83
483.14,8.34,40.72,1023.62,83.75
468.92340087890625,14.69,35.71,1015.78,57.34
462.92437744140625,14.84,42.03,1017.47,79.27
480.06,7.67,35.77,1017.55,60.97
460.71142578125,16.76,43.77,1012.25,77.95
460.1187744140625,18.21,49.69,1013.54,80.16
478.68,7.85,37.8,1020.9,59.19
470.97,17.81,37.2,1011.98,67.27
481.08,9.23,37.36,1015.01,67.38
425.21,30.2,71.85,1008.25,59.1
427.01,28.86,73.18,1012.46,68.8
444.8748474121094,26.05,46.21,1011.31,55.25
469.63,17.46,42.42,1008.97,69.19
444.01,25.65,43.77,1011.65,46.18
435.56,26.81,74.9,1003.99,79.88
471.58,10.3,41.79,1021.09,49.39
426.35,30.07,70.04,1010.84,55.74
453.21685791015625,16.25,58.86,1015.94,86.52
430.3,31.09,74.22,1007.56,46.36
473.37,9.06,41.92,1029.9,90.88
445.2,21.4,47.93,1005.16,88.44
481.4834899902344,7.68,42.85,1012.51,91.51
433.1725769042969,30.26,77.24,1008.39,74.25
468.8,15.93,40.89,1011.57,74.55
437.18,23.25,69.45,1013.85,70.14
479.6689758300781,10.59,41.46,1016.87,85.7
446.7,18.86,50.78,1008.46,91.67
432.18,27.97,69.48,1010.4,57.24
430.3,30.17,76.86,998.23,73.61
470.41,15.19,41.43,1011.34,89.67
471.39,13.88,39.39,1014.08,80.48
487.32940673828125,11.26,40.43,1025.68,74.67
441.3193359375,25.36,74.99,1002.21,65.96
447.07781982421875,21.17,52.3,1009.67,88.88
429.01,30.62,66.54,1004.11,55.36
429.21,27.41,74.67,1016.57,80.16
476.21,11.82,41.74,1022.36,74.06
426.85,32.41,67.83,1008.54,55.96
471.32,12.59,39.18,1024.18,67.57
437.02,27.81,64.69,1006.59,71.75
429.7,25.1,71.77,1004.34,82.8
463.7882995605469,15.29,25.88,1009.21,66.0
464.69,16.37,39.99,1007.05,80.61
433.0651550292969,27.63,70.17,1000.42,85.22
442.68,21.11,74.78,1009.71,84.35
439.55,30.66,66.25,1007.67,63.03
463.58,14.57,37.86,1022.44,68.82
475.4770812988281,10.92,40.92,1021.84,83.03
457.9,16.23,43.72,1009.96,83.01
429.97,26.85,71.73,1010.06,65.24
433.19,33.5,70.8,1008.99,57.24
456.49,17.85,53.16,1013.05,82.72
481.56,7.54,37.7,1014.58,78.43
449.27,23.39,64.63,1020.45,58.22
456.55,18.03,53.16,1013.02,81.95
473.2,10.95,43.8,1022.61,63.46
450.8462829589844,18.0,52.08,1003.07,100.09
462.52,17.46,39.54,1008.21,74.24
470.06,11.88,40.64,1020.5,85.43
476.8,10.11,39.72,1019.1,69.68
451.92926025390625,26.36,54.5,1015.35,66.87
455.580322265625,16.41,41.48,1016.28,45.19
458.0086364746094,18.81,45.01,1015.28,65.91
440.43,26.44,69.34,1009.55,73.18
466.2,20.6,44.58,1017.67,48.36
441.58795166015625,29.32,63.77,1013.24,55.1
451.09,19.15,44.89,1009.6,74.52
444.75,21.09,67.07,1004.38,89.01
437.04107666015625,34.1,73.03,1014.01,41.26
454.21,20.02,58.66,1011.5,76.74
476.28,12.97,40.75,1016.05,79.67
440.96,28.31,64.79,1016.58,60.88
436.75,28.31,50.05,1005.75,50.17
449.28,19.29,67.71,1007.94,63.71
474.74493408203125,12.09,40.6,1013.85,85.72
431.92,31.12,68.94,1006.05,68.46
465.5671081542969,13.94,38.47,1015.03,53.9
439.4413146972656,27.59,59.21,1012.93,51.46
469.8870544433594,11.68,40.23,1018.49,83.43
468.8,13.8,44.34,1019.43,66.74
471.21160888671875,9.82,39.96,1024.72,97.69
432.1526794433594,26.92,78.92,1011.65,96.22
447.06,23.66,62.08,1022.42,64.13
468.52,12.34,43.22,1009.28,78.23
448.094482421875,23.81,46.93,1013.19,54.82
451.95,20.54,61.27,1019.6,61.87
456.97,14.79,41.04,1025.32,75.81
458.59,18.28,44.2,1018.83,52.88
434.1,26.9,69.59,1008.9,85.08
452.21,21.83,63.87,1018.93,63.07
454.26,21.85,59.8,1016.89,75.28
486.14,7.95,40.72,1023.7,84.19
463.64,16.09,50.59,1015.69,84.41
467.05,13.72,54.3,1017.89,79.08
481.24,9.56,41.55,1002.67,70.27
467.69,16.24,41.93,1021.66,44.91
425.28,31.91,67.83,1008.76,53.22
482.39,7.73,39.04,1018.61,68.23
429.21,28.35,71.14,1010.65,60.38
452.67822265625,19.6,60.95,1015.4,84.26
467.84,14.13,41.23,994.6,93.02
437.14,16.84,56.03,1020.25,70.37
467.9672546386719,14.76,43.79,1016.17,75.72
433.05,28.43,68.08,1011.32,58.19
458.59,23.71,50.23,1017.55,73.24
444.9,19.44,48.7,1008.66,94.71
435.46,22.78,71.77,1005.26,89.23
431.97,32.84,77.95,1014.68,45.8
455.8304443359375,18.06,56.65,1020.2,81.59
462.2821960449219,16.41,47.24,1015.75,88.78
465.5284118652344,10.05,41.58,1021.35,95.19
438.85,24.06,71.25,1002.39,92.18
475.79,8.63,39.96,1024.39,99.47
432.69,29.77,69.48,1009.8,52.6
479.0173645019531,9.2,40.77,1011.88,89.86
462.8,20.18,43.56,1013.14,39.16
462.54,16.26,38.58,1016.04,76.7
467.71,15.0,41.35,1006.6,86.95
490.79,4.0,39.9,1009.64,97.16
449.41,17.47,58.59,1014.03,97.13
483.86138916015625,4.78,42.85,1013.39,93.36
435.5046691894531,25.33,73.21,1002.19,97.24
481.4749450683594,7.03,41.74,1021.92,86.44
438.49,31.33,73.03,1014.18,49.28
484.85,6.76,37.49,1011.66,80.91
492.85,4.61,40.27,1012.32,77.28
439.4884338378906,23.21,73.42,1010.34,88.29
449.27,23.28,48.92,1010.23,41.55
479.2,5.95,37.8,1022.03,67.97
492.93,3.21,38.44,1017.11,84.86
431.10400390625,28.5,73.77,1002.82,86.38
472.57,12.93,41.39,1018.5,80.28
439.53,21.04,69.48,1011.07,89.92
448.66796875,23.84,49.21,1013.35,45.4
458.75,18.79,49.15,1021.69,70.16
462.6,13.83,44.45,1021.5,68.75
438.77,32.78,71.22,1005.12,48.77
440.05,24.79,75.6,1017.07,68.23
487.36,5.49,40.81,1014.43,90.41
443.82,21.67,61.45,1010.84,92.19
469.45513916015625,12.02,41.92,1030.1,84.45
479.02081298828125,10.46,41.06,1021.41,82.34
457.12,16.0,40.66,1016.12,89.23
430.22,29.35,68.51,1007.63,70.67
437.96,20.92,70.02,1011.06,85.63
432.75750732421875,32.39,74.16,1008.53,61.09
473.94,11.57,41.38,1021.71,61.49
453.31,19.13,66.86,1012.95,71.24
434.2364501953125,30.57,73.03,1013.75,73.68
484.97,8.27,40.69,1020.13,86.1
452.65,18.43,57.76,1016.13,87.34
428.71,29.79,67.69,1006.86,55.93
441.86981201171875,24.7,58.82,1009.4,75.91
464.23,13.57,41.4,1021.27,72.55
439.6014099121094,28.28,61.86,1012.07,64.49
429.31,32.07,67.83,1007.91,41.61
462.28,19.1,43.79,1016.02,77.34
444.26,22.69,54.2,1012.92,65.55
452.0,27.44,59.74,1010.99,56.42
469.64,9.81,71.14,1019.43,87.93
440.75,26.05,65.27,1013.69,56.46
432.93,25.96,71.64,1003.84,86.83
469.55,13.79,45.08,1025.02,84.36
451.5397644042969,20.13,43.43,1009.75,66.16
468.0262756347656,13.99,45.0,1023.83,77.92
451.39,23.0,57.76,1017.64,56.86
454.47,20.37,60.08,1017.44,76.33
449.51,19.16,63.09,1017.71,91.15
479.32,10.8,41.74,1020.24,78.62
453.24,19.12,45.01,1014.0,59.95
459.31,14.46,44.78,1007.64,67.03
452.02,17.75,49.78,1004.49,100.09
428.89,33.15,68.51,1012.9,51.91
429.64,32.16,68.14,1004.86,37.77
425.17,32.66,73.68,1014.64,40.88
440.67,24.34,66.05,1019.26,74.58
425.14,31.93,72.58,1006.9,56.27
475.57,9.18,42.18,1017.4,87.3
437.41,28.57,62.26,1010.75,62.12
460.39764404296875,16.63,53.82,1015.18,66.09
462.0298767089844,17.25,43.14,1018.34,76.17
432.47,32.06,69.88,1006.88,63.53
458.07,19.72,66.51,1015.07,74.7
479.01,10.22,41.74,1022.65,83.58
443.24,21.78,68.28,1001.0,79.3
448.59,16.34,47.45,1009.41,92.96
480.62,10.29,41.74,1019.9,80.51
468.85,13.5,44.92,1023.87,87.17
464.37,13.88,39.16,1010.8,75.69
430.36,31.26,76.09,1006.66,63.91
474.59,13.55,40.1,1015.7,86.68
466.95,12.8,44.9,1007.58,66.6
441.12,26.96,72.86,1004.86,59.17
472.45,11.49,35.76,1019.08,60.04
473.84,12.27,41.17,1019.39,52.18
431.77,30.95,73.06,1008.86,74.86
468.8978576660156,13.7,44.47,1027.51,70.77
433.45,30.28,79.74,1006.96,70.21
479.1653137207031,8.61,37.49,1009.35,82.62
439.69,27.18,59.27,1012.57,64.18
456.64,19.8,52.9,1017.75,66.67
474.58,12.88,40.64,1020.76,92.58
467.14,14.19,39.52,1018.34,77.25
466.78,15.15,39.58,1011.94,73.63
441.17059326171875,28.8,73.4,1011.34,54.01
482.382080078125,6.69,40.64,1020.54,92.83
442.43695068359375,26.43,58.41,1013.57,64.67
459.15,20.13,47.03,1012.59,83.03
468.51,14.24,39.52,1018.22,77.19
458.68,15.92,41.79,1006.24,79.42
428.92,30.74,73.67,1005.79,57.89
460.8794250488281,16.55,54.3,1017.95,60.84
463.06787109375,16.39,41.96,1011.7,94.85
457.0440368652344,19.73,56.65,1020.7,69.49
461.88,14.62,43.99,1023.6,86.7
472.8194885253906,10.12,40.0,1021.33,95.29
446.49,26.1,44.57,1007.47,55.15
475.04,11.23,39.72,1018.46,60.62
432.36,27.24,69.13,1009.28,70.85
450.88,21.48,61.27,1019.29,61.43
435.6753234863281,27.52,66.25,1008.21,78.8
467.5855712890625,13.74,43.71,1025.45,86.62
449.55,18.65,52.08,1005.48,99.94
463.0297546386719,17.38,43.14,1011.09,61.9
468.76,15.25,41.17,1016.0,62.05
479.4915466308594,8.04,40.64,1020.64,89.26
436.6687927246094,26.59,66.49,1013.32,49.76
483.94,8.49,39.61,1021.05,87.74
440.1,25.15,57.32,1012.41,41.84
451.92,22.02,46.93,1014.32,55.92
441.5,23.23,63.31,1012.52,75.1
483.6419982910156,7.78,40.8,1026.7,85.61
472.4167175292969,12.93,39.58,1010.93,75.9
489.4716491699219,6.87,40.07,1017.91,57.64
434.62,30.35,71.32,1009.17,64.61
440.92,25.89,48.41,1008.49,68.58
473.600341796875,8.11,41.92,1029.61,91.92
436.3419494628906,26.22,67.45,1013.7,44.04
468.78,12.64,41.49,1019.78,94.0
434.7511901855469,27.89,73.17,1009.85,64.22
457.89,21.11,58.66,1011.7,68.71
463.86,13.51,43.41,1015.94,75.22
436.7146301269531,25.07,77.95,1012.87,83.0
446.17,26.53,69.71,1009.88,76.26
459.47,16.13,43.48,1014.41,50.05
425.91,31.4,66.54,1003.55,57.73
447.7184143066406,22.65,57.85,1012.6,68.52
478.45,10.22,39.16,1015.71,96.2
447.5464782714844,22.72,65.61,1014.64,70.53
446.0600280761719,25.77,58.59,1012.51,55.84
470.69,13.6,39.82,1013.34,86.1
434.85,29.59,70.17,999.71,71.0
468.09,14.09,43.99,1021.02,94.39
470.06036376953125,13.67,40.71,1016.19,66.15
463.7314147949219,14.94,42.77,1018.9,73.95
467.79010009765625,14.77,41.39,1018.95,65.61
442.82,20.77,69.51,1012.96,62.89
475.09,12.75,42.86,1014.9,88.44
463.29,16.34,42.28,1008.08,52.8
467.11297607421875,14.24,41.16,1010.16,87.0
479.83,10.11,39.35,1015.19,90.74
442.83,23.38,59.07,1009.29,92.4
448.8,21.97,58.79,1010.93,86.7
452.03,17.66,62.1,1019.49,86.3
484.64,5.53,35.79,1011.19,94.01
437.19,23.48,73.67,1007.07,88.49
470.07,11.91,41.49,1019.69,96.39
470.33,10.17,40.46,1018.54,68.21
448.740966796875,21.96,48.78,1019.56,85.05
438.44586181640625,23.63,73.5,1011.46,89.39
433.42,32.28,75.33,1002.14,62.49
436.9131774902344,30.08,67.25,1017.57,47.77
429.9244079589844,30.25,68.24,1006.58,31.9
435.7133483886719,29.8,64.69,1006.6,54.43
452.95,16.58,41.79,1006.24,72.95
458.93,16.98,53.16,1013.95,82.8
439.34,29.83,71.43,1011.93,55.8
483.8,6.13,40.81,1026.31,91.66
460.294189453125,15.85,46.18,1013.14,97.8
473.88,13.27,40.27,1006.1,40.04
433.9041748046875,29.09,75.33,1001.61,71.06
451.2,18.96,50.16,1010.72,100.09
469.27,18.22,44.34,1019.35,56.78
456.37,19.07,44.63,1020.23,44.93
441.57,24.02,70.94,1008.0,79.55
438.9468078613281,24.35,70.04,1010.92,73.88
471.6489562988281,16.82,45.0,1022.05,37.28
435.49,23.79,50.16,1005.32,75.82
447.85,25.48,65.12,1016.12,53.66
448.04,23.56,51.86,1014.04,73.9
463.11016845703125,15.09,41.76,1022.4,76.22
454.53,18.77,49.39,1021.06,82.95
451.3,18.64,52.08,1004.24,99.9
477.56,9.77,44.68,1023.37,91.4
441.01,26.43,51.43,1006.3,71.48
485.67,4.95,42.07,1004.87,80.88
476.49,10.39,40.22,1004.95,91.65
457.66,18.9,56.03,1020.77,71.83
463.0566101074219,17.14,41.66,1010.97,57.66
435.29,28.28,68.67,1006.36,69.9
457.53,18.07,44.92,1024.72,69.15
429.47,28.06,68.24,1010.27,69.72
445.18,24.88,49.16,1006.04,64.54
427.76,31.46,66.54,1002.86,53.75
441.68,27.14,64.27,1012.71,54.4
447.37,22.05,48.14,1015.81,69.94
455.87,15.77,41.79,1007.96,80.69
448.33807373046875,18.18,67.71,1004.5,87.26
468.6512756347656,15.33,36.71,1013.99,73.89
442.9,25.98,60.95,1014.5,48.01
457.22698974609375,18.12,44.63,1001.26,89.72
444.48,23.84,63.47,1012.54,76.33
445.85,21.67,62.39,1007.98,92.96
432.17,23.86,66.54,1005.23,90.89
432.6,31.95,67.17,1007.11,61.58
454.4132385253906,17.96,47.83,1005.0,85.72
459.37,15.0,50.88,1014.04,100.12
443.61,21.97,58.95,1017.78,76.95
461.30029296875,19.27,43.14,1013.17,39.85
438.18,30.21,69.4,1003.69,62.89
482.39,8.51,38.5,1013.33,64.28
476.5995788574219,8.51,39.96,1026.34,96.1
480.4015197753906,7.8,43.65,1018.92,60.77
461.38,15.6,41.7,1019.15,84.1
482.16,10.03,43.13,1014.85,70.09
442.7332458496094,22.38,71.85,1009.56,74.91
472.8233947753906,11.77,40.92,1021.85,81.55
435.05,29.84,74.87,1009.64,61.39
435.23,32.51,73.56,1007.06,59.6
461.4317321777344,14.47,41.76,1021.98,78.41
449.17,21.93,62.91,1013.45,74.62
434.79,31.85,69.04,1008.35,46.09
444.27,23.66,61.86,1013.33,83.09
448.15,18.83,63.91,1010.8,96.18
435.51,26.54,69.34,1009.5,87.18
465.05,17.51,41.85,1016.25,72.03
465.78729248046875,14.14,39.59,1010.84,96.02
433.47,30.68,71.25,999.98,68.99
445.0989990234375,23.24,51.95,1006.21,78.08
433.89,29.77,67.07,1005.82,48.38
472.98,14.04,40.56,1018.4,65.79
444.85,26.38,59.92,1009.99,71.91
485.24,5.28,42.07,1003.82,80.84
465.4338073730469,12.37,46.97,1013.95,90.76
471.63,13.86,35.71,1015.21,63.16
470.07574462890625,14.73,39.82,1012.67,80.82
436.34,30.12,69.68,1012.89,60.64
468.27,19.68,44.34,1019.49,49.5
478.13,8.27,35.77,1015.3,73.36
484.03,5.21,35.79,1011.5,95.08
435.14,31.13,67.45,1015.02,41.34
434.45,28.93,72.99,1007.23,64.41
459.63,17.05,44.88,1017.69,88.19
468.1271057128906,12.61,43.22,1013.41,78.94
486.39,4.93,35.19,1018.04,92.94
490.5,5.73,40.35,1012.24,91.84
434.93,24.57,72.24,1011.44,79.19
466.5538024902344,15.55,39.63,1004.98,89.82
442.19,23.43,71.97,1009.42,94.27
450.7,20.67,63.56,1013.27,79.39
487.72,5.95,35.57,1025.84,77.61
451.38,18.11,43.43,1008.65,73.3
471.42852783203125,11.02,39.96,1025.64,93.58
446.42,23.37,63.87,1016.67,60.44
448.6,23.22,69.04,1009.65,89.05
475.76,12.31,41.06,1021.19,74.38
465.02508544921875,15.34,41.23,996.87,86.56
435.6512451171875,28.69,67.25,1017.71,44.6
472.77,11.34,43.67,1011.54,87.95
490.57,6.02,41.38,1021.2,88.71
472.27,11.2,42.02,999.99,96.69
478.98,9.09,41.92,1029.36,91.0
444.8,29.47,65.51,1014.71,58.28
442.21,23.12,69.71,1008.98,84.41
480.32,10.29,41.46,1020.84,89.03
470.0566101074219,13.36,39.64,1010.3,93.26
458.8349914550781,18.38,55.28,1020.22,68.33
442.5939025878906,22.76,49.02,1007.5,88.56
449.61,28.19,62.6,1017.34,46.95
459.27,24.16,48.98,1015.19,42.55
433.63,29.75,73.5,1011.13,67.31
444.83,25.38,62.96,1019.98,56.88
442.8104248046875,21.98,59.39,1015.25,84.52
475.21,9.82,36.18,1019.18,65.8
439.59,27.5,65.34,1014.93,47.46
479.36383056640625,7.84,43.52,1022.23,96.51
446.72,23.49,47.45,1008.46,66.18
473.72,10.91,37.92,1008.66,66.53
470.7680969238281,12.95,41.23,993.74,96.35
483.38,7.92,41.66,1014.84,76.12
457.29,21.98,55.5,1017.89,57.9
473.73,9.39,41.79,1021.6,50.09
434.83,30.04,67.25,1017.57,38.14
468.27215576171875,14.56,39.39,1014.23,80.61
469.7898254394531,12.26,43.48,1016.41,72.95
453.27,18.87,60.07,1015.15,70.91
458.63,21.16,45.38,1014.65,73.06
437.21221923828125,27.65,67.07,1005.65,60.42
455.17,16.03,65.46,1013.96,87.56
461.0,14.45,44.84,1023.28,82.79
475.44586181640625,11.76,39.28,1016.9,91.06
464.39,13.83,43.22,1010.62,70.8
484.0408020019531,6.18,41.55,1001.58,98.79
461.2556457519531,14.82,40.0,1016.32,66.3
429.0375671386719,32.1,69.98,1013.31,55.84
460.91,15.11,45.01,1014.35,65.03
430.14,28.76,69.48,1008.62,55.86
478.02,5.54,45.87,1008.69,95.91
442.46,23.97,62.44,1013.64,88.5
453.7539978027344,19.77,54.42,1011.73,89.26
435.71893310546875,22.42,71.77,1005.5,90.62
430.92,25.57,66.54,1005.22,83.48
461.23,22.29,43.79,1015.68,41.75
463.5704040527344,19.55,39.39,1013.55,57.82
481.13,6.13,40.64,1020.69,94.57
439.55,25.21,46.21,1010.87,59.35
450.02,16.78,58.95,1017.74,96.24
454.0570373535156,17.55,45.87,1008.07,80.98
459.30108642578125,18.88,40.79,1004.98,92.65
443.59,20.32,49.16,1007.47,91.12
481.29,2.64,39.64,1011.02,85.24
441.76,22.88,69.45,1014.02,65.13
476.281982421875,9.47,36.54,1007.93,77.65
438.1544189453125,31.98,64.05,1010.49,58.01
489.4,5.84,41.38,1020.34,82.41
442.02,25.23,60.84,1017.79,56.42
463.48,18.99,44.6,1014.7,40.11
432.78,28.16,73.21,1002.27,88.26
444.04,21.53,52.84,1005.06,88.22
437.67,23.13,72.24,1010.92,92.3
445.57,23.46,59.27,1010.6,79.79
436.09,28.62,59.14,1016.36,53.1
465.64,15.79,38.28,1014.4,74.84
454.62,23.19,45.61,1013.18,73.46
444.65,25.43,60.95,1014.62,51.39
435.31,31.52,76.2,1008.31,57.35
479.60662841796875,10.67,40.56,1022.39,77.92
483.43,6.25,39.64,1010.98,83.45
462.6986083984375,14.33,43.41,1015.43,55.4
427.67,27.62,68.27,1008.04,63.04
436.9760437011719,25.4,70.4,1006.8,94.78
479.4787902832031,9.83,41.17,1019.34,72.29
454.1650085449219,20.24,56.65,1020.72,62.9
435.59,28.42,73.5,1011.23,72.79
446.6693420410156,22.72,58.82,1012.54,77.72
433.31,24.59,72.24,1011.42,81.5
463.76,16.37,36.99,1006.37,90.11
483.63,8.52,41.55,1002.09,86.81
451.14,18.01,62.26,1011.89,89.29
437.8,27.02,72.58,1009.21,89.13
447.5328063964844,19.68,51.19,1008.64,94.88
474.44,10.38,43.02,1013.37,78.53
430.41,26.64,69.13,1010.6,79.23
484.35,8.09,43.02,1014.79,81.06
442.1829528808594,25.24,57.17,1010.44,74.0
448.66,21.8,65.94,1012.02,63.52
464.8122863769531,17.39,42.44,1013.72,73.79
466.06,16.84,39.63,1004.67,82.98
451.4795837402344,20.65,66.51,1014.94,71.83
467.32,15.56,41.1,1004.65,84.58
468.55,12.27,43.8,1023.21,57.0
486.2229919433594,5.6,38.91,1019.31,85.33
467.1,15.54,41.96,1011.78,97.46
450.96,22.83,58.62,1017.82,69.76
444.99,25.1,43.77,1010.9,49.68
446.19,20.91,58.2,1018.1,62.8
465.51,14.03,44.88,1019.6,57.63
453.05,20.71,46.63,1013.1,74.49
460.6439208984375,16.15,44.21,1020.76,85.41
488.512451171875,5.15,35.19,1018.63,93.94
433.73,25.89,74.22,1007.43,81.55
483.7290344238281,6.24,35.77,1019.24,70.7
435.23,26.35,69.48,1008.45,70.47
479.8,10.94,39.04,1021.62,86.41
483.74,7.61,39.37,1015.84,83.73
434.35,28.56,69.51,1012.45,46.59
472.10711669921875,13.0,39.28,1016.7,81.94
481.44,8.82,34.69,1026.81,82.54
436.06,27.22,66.48,1004.59,52.66
463.6356506347656,15.08,42.77,1018.67,73.89
478.94,7.67,42.85,1012.02,93.35
469.96,11.83,44.6,1018.49,89.06
441.2205505371094,29.44,64.33,1011.4,61.78
435.31,30.36,74.87,1008.96,61.87
431.1649475097656,32.26,73.68,1014.75,60.9
439.33,28.86,73.4,1011.37,58.76
479.7041931152344,9.28,40.22,1009.23,88.43
474.58,10.52,41.78,1013.54,71.52
436.9236755371094,26.9,60.93,1007.1,67.32
444.1204528808594,24.86,44.05,1005.69,66.65
466.04,13.39,49.83,1007.14,90.88
428.44,27.98,71.98,1005.58,81.0
436.8,26.95,70.8,1009.73,82.95
489.86,3.2,41.31,997.67,98.84
473.96,13.45,42.44,1012.79,83.12
457.14,20.08,54.42,1011.79,89.35
437.55,30.07,70.98,1007.74,75.68
476.01,7.5,40.02,1031.39,82.53
436.51,33.59,79.05,1007.79,63.55
435.48,30.39,70.98,1007.55,72.76
447.96,21.64,44.05,1007.73,74.79
473.3707580566406,13.08,39.28,1012.41,77.98
474.7,13.39,44.58,1016.5,79.26
433.77,22.94,58.05,1012.27,80.12
436.61,28.07,64.09,1005.41,64.09
449.37554931640625,20.27,63.09,1016.6,90.7
471.2813415527344,11.83,43.14,1010.06,88.14
444.98,21.25,67.71,1006.9,55.76
441.74,24.35,60.27,1017.6,75.45
472.06,12.41,41.44,1015.46,76.9
435.28,28.61,68.12,1012.23,46.45
436.608154296875,25.6,66.48,1006.16,69.34
472.84,13.11,42.99,1007.6,97.0
449.990234375,21.39,63.9,1013.44,70.95
471.3385314941406,12.41,37.92,1008.09,65.23
430.24,29.06,64.96,1000.88,62.07
452.91,18.38,62.1,1020.12,77.27
467.51,16.6,41.93,1022.01,48.98
434.15,31.18,74.34,1003.81,63.59
440.654052734375,27.88,62.66,1009.51,56.44
434.9699401855469,26.18,68.08,1012.92,55.7
468.27435302734375,15.07,39.82,1012.78,84.46
448.11,21.47,50.12,1009.19,93.68
476.3416442871094,10.35,44.2,1018.46,88.6
457.6,20.3,44.9,1008.25,64.08
440.12,26.94,66.48,1005.46,60.62
442.78,25.72,47.45,1007.74,58.35
441.91,24.19,58.95,1017.78,58.78
454.3836975097656,20.71,49.69,1010.26,69.97
482.22,7.81,39.64,1011.42,86.68
439.4,27.11,48.6,1002.78,53.39
455.45,21.26,51.43,1009.96,80.66
434.9,29.12,73.06,1009.98,80.21
457.1296691894531,17.3,43.72,1009.64,77.86
460.82,15.02,42.07,1017.89,83.68
462.2602844238281,12.79,41.62,1010.52,81.83
448.85,19.89,51.43,1007.38,91.79
458.5252380371094,18.39,38.52,1019.66,66.93
439.3677978515625,22.8,69.23,1011.8,76.95
446.19268798828125,21.98,58.79,1010.72,86.85
452.46337890625,20.01,68.63,1012.34,69.49
433.39,27.2,77.95,1009.48,78.53
469.44427490234375,14.07,42.99,1007.57,96.05
454.74,20.29,49.69,1008.94,69.91
435.0576477050781,28.22,76.2,1006.11,62.17
438.79,29.98,47.93,1002.46,42.73
465.2,18.55,43.69,1016.84,47.95
447.67,23.74,49.21,1012.78,42.5
456.04,19.13,42.18,1001.45,98.77
436.15,28.85,68.12,1012.05,46.31
454.05,22.76,58.96,1013.85,55.95
431.4026794433594,33.2,70.8,1008.75,59.41
431.77,30.85,70.94,1007.47,54.79
485.18,8.07,43.69,1017.05,87.34
436.62,24.78,66.49,1010.55,68.12
468.941650390625,12.45,43.67,1013.61,91.34
432.28,32.8,68.67,1005.27,44.53
436.29,29.7,57.19,1008.41,55.07
485.86,5.4,39.4,1011.45,91.84
463.9508972167969,15.85,42.28,1007.4,82.12
484.96,9.16,41.03,1021.3,76.08
451.8418884277344,21.53,59.8,1016.46,74.72
461.8563232421875,18.16,39.99,1008.13,68.5
468.13,12.31,44.03,1007.78,94.42
451.172607421875,23.77,64.15,1021.02,55.87
441.272216796875,24.94,67.69,1008.86,68.97
440.96,22.53,70.98,1005.48,93.95
453.08294677734375,17.04,56.03,1020.38,68.69
478.86,10.48,40.0,1021.35,88.52
482.83,7.08,39.99,1010.55,91.44
433.5502014160156,29.95,73.42,1011.44,66.32
462.6,13.56,42.34,1017.95,93.83
480.21,8.16,39.72,1020.54,82.11
457.58,18.95,46.21,1013.47,81.22
436.0912780761719,33.45,73.88,1006.23,44.14
438.623046875,28.03,60.23,1010.23,66.04
438.73,25.19,63.94,1012.78,75.15
441.41,29.9,64.79,1016.9,48.24
453.19,24.13,45.61,1012.63,71.36
437.82,25.6,56.9,1006.35,81.58
449.45,19.83,51.43,1007.36,91.64
472.1722717285156,11.75,40.55,1018.09,97.7
489.79,6.28,41.06,1020.96,90.91
434.67,26.12,70.47,1009.93,72.13
483.77081298828125,7.92,36.08,1021.01,81.84
462.4,13.63,40.92,1021.89,80.5
436.05,23.84,68.94,1007.45,71.35
495.23,5.25,40.07,1019.48,67.7
472.67,13.91,44.58,1021.36,78.98
473.05377197265625,10.63,44.2,1018.63,90.26
445.55,22.48,67.45,1014.77,63.9
440.1867980957031,27.36,66.54,1011.31,45.3
439.74,27.99,66.91,1008.47,59.63
427.82,30.93,71.85,1008.63,58.47
457.6978759765625,20.37,44.58,1016.77,66.22
483.95,7.01,37.8,1021.47,62.84
450.55,16.98,63.09,1020.44,95.18
436.88,30.03,70.02,1010.07,64.2
478.78,6.34,40.64,1020.62,94.39
469.32,14.59,35.71,1015.19,54.13
479.21,10.72,41.17,1019.68,60.71
436.44,26.89,56.85,1012.27,43.84
474.8689880371094,11.84,39.28,1016.97,90.52
426.62,29.59,71.77,1006.33,62.35
473.7644958496094,12.02,39.69,1006.05,84.66
463.91,18.89,43.56,1012.79,38.63
452.8869323730469,18.18,50.16,1010.22,99.73
440.31,27.82,52.84,1006.23,52.18
450.97,20.77,51.3,1013.89,88.72
431.4369812011719,28.21,73.06,1008.26,86.29
462.49395751953125,15.86,43.67,1011.11,82.24
435.25,25.65,69.23,1012.55,62.02
438.46,31.18,70.36,1006.38,56.74
475.48,10.05,40.23,1019.71,90.41
438.47,30.33,70.36,1006.72,70.31
433.34,26.19,73.77,1001.31,91.87
437.83,28.09,70.02,1010.84,51.29
452.203857421875,19.02,47.45,1007.44,76.76
465.37,15.49,40.89,1007.16,82.16
443.2035827636719,23.26,64.05,1012.96,88.31
460.6401062011719,15.99,43.34,1014.2,78.66
439.1861572265625,23.95,60.37,1004.96,79.48
433.71,30.91,70.32,1011.92,65.59
481.04583740234375,8.35,42.85,1010.46,90.13
489.52,7.0,38.5,1014.09,81.32
444.69,20.53,49.16,1007.11,90.02
440.92,25.04,65.48,1017.66,57.08
449.73,24.51,51.95,1005.57,63.53
445.41,21.23,68.08,1012.82,74.57
489.64,7.01,40.72,1024.0,86.37
459.64,16.78,41.35,1000.23,70.52
476.69,9.08,40.02,1031.2,75.34
433.96,30.78,69.14,1007.27,62.77
443.66,23.02,63.47,1012.21,80.61
435.81,25.56,74.67,1016.62,76.1
470.63,17.53,42.24,1016.9,60.95
454.65,21.12,62.96,1020.83,69.96
467.9704895019531,13.01,41.49,1019.82,92.86
489.59,7.47,40.07,1015.45,50.3
474.93,13.17,36.71,1012.82,72.76
466.9575500488281,15.25,43.02,1012.04,41.43
436.5595703125,28.89,70.72,1009.36,70.33
444.8,27.19,62.91,1011.57,53.66
445.5,21.46,74.87,1009.23,86.58
433.29,32.16,76.2,1008.04,51.74
433.82,25.42,68.08,1011.2,76.58
440.76,22.83,59.43,1005.51,83.93
455.24,15.63,41.79,1006.7,78.28
435.87,30.83,77.3,1001.7,57.85
461.6990661621094,15.78,43.99,1022.19,83.7
443.5,25.46,56.89,1012.59,62.9
465.69,20.57,44.78,1008.89,38.78
478.5,10.02,42.44,1014.57,99.16
464.68,11.61,52.75,1020.94,77.56
443.87,23.14,51.19,1009.56,77.2
468.12,15.04,38.01,1022.46,78.29
471.2795715332031,10.27,52.75,1026.19,76.78
443.29,21.19,74.93,1015.75,80.84
477.14,12.69,40.71,1021.62,80.19
434.91,28.37,71.64,1007.39,71.06
447.02,19.12,58.79,1017.34,92.45
450.28,23.49,64.63,1020.75,65.16
450.0751037597656,19.0,58.95,1018.05,83.38
476.4300842285156,11.58,41.74,1020.41,74.09
463.88,15.2,39.0,1016.1,72.76
462.6,15.71,40.12,1012.81,97.46
443.43,23.27,65.48,1019.05,61.36
450.43,19.78,62.1,1019.72,78.36
466.6260070800781,14.1,39.16,1008.19,74.05
446.29,19.62,58.79,1017.59,87.39
465.0,13.9,39.59,1011.84,94.74
436.16,31.37,74.87,1009.22,56.58
430.44,26.86,71.32,1007.38,81.14
458.19525146484375,18.35,57.76,1019.64,77.94
441.57,30.29,59.22,1013.05,60.46
441.21148681640625,25.91,58.98,1010.02,75.31
467.42,15.98,42.99,1008.24,83.78
462.19,15.72,41.76,1023.07,66.95
440.56463623046875,22.81,71.85,1009.61,75.17
464.94,13.73,41.78,1011.75,49.65
491.17,5.33,39.33,1009.61,94.97
462.34,14.71,52.72,1024.7,70.29
451.77587890625,24.26,42.8,1013.72,61.62
429.7267150878906,27.78,72.43,1006.72,74.53
458.37,16.5,53.29,1017.7,95.66
480.9776916503906,8.51,39.66,1015.16,86.61
430.38,18.6,58.71,1009.8,86.42
483.01,6.52,39.85,1012.55,86.36
465.58,14.76,40.71,1017.37,71.07
435.45,28.8,70.02,1010.76,49.61
475.9984436035156,11.53,41.39,1018.39,85.52
468.07,12.15,45.01,1018.89,90.02
472.4184875488281,9.61,44.03,1008.3,91.36
470.39,13.67,38.53,1009.3,81.85
430.86,25.88,71.73,1010.01,72.8
437.216064453125,26.82,66.51,1016.32,55.76
427.33,28.11,69.84,1004.68,67.08
440.62,28.9,60.07,1015.96,45.06
433.88,26.97,71.58,1010.13,75.16
429.8105163574219,26.84,71.94,1006.6,79.12
445.34,25.28,67.69,1009.05,68.54
478.32,9.02,38.08,1019.02,69.98
472.8450927734375,12.89,36.71,1013.36,87.29
459.83,17.35,39.72,1003.0,64.62
426.97,26.86,71.14,1007.11,76.61
470.74,15.43,39.16,1016.44,79.8
426.54,29.72,68.24,1009.92,66.42
433.42,31.4,70.32,1011.62,65.01
451.3712158203125,21.6,59.8,1016.9,76.59
448.97,7.06,41.74,1021.95,90.38
455.88,18.9,62.96,1020.69,80.57
441.3,27.77,63.9,1013.62,51.43
471.0972595214844,13.2,40.83,1007.75,94.98
446.6551208496094,22.59,60.32,1016.84,78.58
441.74,28.5,64.84,1011.47,54.41
436.08,27.98,67.9,1006.3,73.53
441.04,27.64,75.6,1017.35,54.78
481.03,9.6,37.73,1021.87,77.75
480.28,10.61,43.79,1016.03,76.33
432.8940124511719,31.41,76.09,1007.68,70.49
436.16,28.53,66.51,1015.9,40.68
486.76,7.24,41.17,1020.35,80.56
483.93585205078125,7.32,41.26,1010.11,95.18
437.76,26.93,67.07,1005.65,60.26
470.95,9.76,40.71,1020.88,91.82
448.61,22.85,59.15,1014.74,63.92
472.22,13.24,40.83,1007.9,87.53
437.76,29.14,61.5,1009.64,39.95
446.78094482421875,22.18,62.91,1012.14,68.86
459.96,15.07,43.48,1015.22,57.74
433.09796142578125,25.43,72.39,1002.65,88.13
467.5489501953125,14.64,39.58,1011.46,71.9
467.33,14.43,41.76,1024.02,83.57
486.15,8.44,41.17,1019.9,70.72
430.86749267578125,32.33,69.89,1014.18,50.93
443.4020080566406,23.62,61.87,1010.07,48.77
433.61846923828125,25.83,70.47,1006.24,81.83
455.21490478515625,17.74,49.69,1006.09,80.7
426.24,23.54,67.83,1009.44,65.48
436.94,26.07,69.23,1013.32,54.03
435.81,27.38,77.24,1008.25,82.49
448.56,23.54,41.1,1002.05,38.05
436.35,28.73,50.05,1005.79,52.4
468.19,14.93,43.02,1012.11,45.56
431.65118408203125,34.76,68.94,1006.75,41.31
440.7,23.64,63.31,1014.5,61.83
440.93,29.84,58.9,1005.24,56.18
478.3,10.33,40.6,1015.0,88.62
440.5539245605469,25.74,59.07,1007.37,79.89
431.32,31.92,75.33,1002.13,65.73
471.1048278808594,13.97,39.16,1016.05,84.6
441.77,25.44,61.25,1012.57,87.65
469.12,12.88,44.71,1018.73,51.95
478.8759460449219,7.74,42.49,1009.07,90.11
471.70703125,11.8,43.99,1020.86,98.44
479.18,11.87,40.67,1011.43,62.92
465.64,18.41,42.04,1011.69,64.88
473.46,12.65,44.34,1014.74,92.81
480.47,7.05,43.65,1018.41,72.36
470.2444152832031,12.6,41.5,1013.07,86.22
430.33,30.69,71.98,1004.53,65.86
429.25,27.76,72.58,1009.04,84.96
456.58,16.31,52.75,1024.4,55.69
441.04,25.21,63.21,1012.24,85.14
433.33428955078125,29.53,77.54,1010.39,66.13
436.129150390625,26.71,76.86,1002.86,74.5
462.44,15.94,41.76,1023.32,67.17
466.16,7.33,41.16,1023.17,92.43
459.8788146972656,14.31,40.78,1024.3,76.41
461.88,12.57,41.79,1014.99,87.8
430.2093200683594,30.61,69.13,1009.32,55.17
457.1848449707031,14.94,40.0,1017.69,65.43
463.823974609375,14.65,44.84,1023.39,87.76
443.7,25.76,74.87,1010.18,65.15
436.68,24.4,71.14,1009.7,59.26
430.2534484863281,34.18,78.05,1010.71,66.77
444.22308349609375,23.02,67.25,1017.17,72.0
480.38,8.22,40.77,1009.11,95.61
486.12,7.16,38.56,1019.17,70.1
436.97,28.32,77.95,1014.61,77.17
468.53,15.5,44.34,1019.21,65.21
440.55,26.79,62.44,1011.51,72.46
464.79,13.62,42.34,1017.87,89.67
478.05,8.86,40.23,1017.57,90.47
487.71,7.14,44.71,1019.98,71.9
445.57666015625,27.29,64.45,1013.46,45.35
443.75,24.06,58.98,1010.66,81.16
456.2600402832031,18.36,56.65,1020.29,82.0
458.85,13.83,40.78,1024.85,73.08
449.12,21.43,60.95,1015.27,75.49
451.05,19.08,58.59,1013.42,68.88
430.8,31.46,71.29,1008.57,41.79
437.38,24.54,66.49,1011.1,69.14
472.82,10.41,41.01,1020.12,94.27
478.75,10.49,42.49,1009.81,78.92
460.06,15.03,44.45,1020.94,65.57
477.1633605957031,8.53,40.02,1031.27,85.57
467.02764892578125,14.64,39.31,1008.84,79.3
449.12,24.31,58.62,1017.29,64.44
432.22,33.95,80.18,1010.3,56.69
478.6623840332031,10.39,40.22,1006.59,87.77
456.29,19.69,56.65,1020.77,62.83
453.15,21.45,45.09,1013.83,52.26
432.94,26.04,72.43,1006.82,84.88
436.4480895996094,24.39,71.85,1009.73,72.24
456.55,19.69,39.72,1001.49,60.34
468.23,15.37,43.67,1011.9,91.48
445.1,22.3,57.19,1006.4,75.28
465.13,18.64,43.79,1016.01,51.17
485.1,7.3,39.72,1020.85,77.83
437.2461853027344,28.59,68.08,1013.2,42.96
464.032958984375,14.48,44.06,1018.73,75.88
477.27,10.16,41.55,1005.69,58.04
431.93,30.75,71.25,1000.07,65.47
471.86,12.54,44.03,1007.05,84.03
434.78,27.28,78.92,1011.05,75.48
445.19,23.54,65.27,1013.78,64.28
443.0148620605469,26.68,62.91,1012.33,60.78
481.58,9.88,40.0,1021.4,92.06
481.23,9.27,40.22,1008.1,89.24
444.2091369628906,26.38,65.12,1016.1,47.57
439.32,26.64,58.69,1007.99,75.68
445.51,23.63,58.62,1016.45,69.97
454.23052978515625,24.39,51.86,1014.92,59.98
443.86,23.09,63.76,1009.82,72.36
438.67,32.38,67.17,1006.97,60.04
442.19,27.44,58.9,1003.86,66.74
478.7160339355469,9.37,44.77,1020.61,87.31
425.66,30.96,71.77,1006.26,52.76
465.63,12.06,48.04,1010.01,100.13
446.7,20.1,58.95,1018.46,80.87
479.08,9.64,36.66,1027.1,70.11
428.58,28.02,71.77,1006.5,72.41
435.09,25.24,71.14,1008.73,79.39
440.87969970703125,24.96,60.27,1018.68,69.97
439.77,27.5,49.3,1004.02,59.23
460.6,20.83,44.78,1008.51,35.9
428.9140319824219,28.44,69.84,1003.25,68.24
441.76,21.89,58.05,1011.31,85.71
460.31,16.87,52.05,1012.7,71.63
443.1124572753906,23.48,51.43,1007.13,84.83
464.02,15.23,37.87,1020.17,85.02
437.6777038574219,23.57,66.75,1018.06,80.19
443.31,22.17,60.27,1018.21,89.55
430.6690673828125,30.97,69.13,1009.78,58.92
447.03,23.84,49.21,1013.6,47.63
443.54,23.55,61.87,1009.65,54.83
465.0240173339844,17.32,42.24,1017.35,62.96
459.47027587890625,21.61,41.54,1014.5,75.62
464.86,12.85,41.14,1027.04,86.29
441.84539794921875,22.39,58.18,1008.52,87.48
443.84454345703125,22.22,66.05,1016.15,80.58
443.51,24.67,70.94,1007.99,75.64
486.9793701171875,6.76,39.22,1013.91,77.0
469.34,13.35,39.18,1023.24,61.98
474.5118103027344,11.43,44.78,1013.43,82.45
469.63,13.18,37.91,1018.09,88.84
431.3018493652344,29.53,71.14,1011.39,53.41
442.44,25.07,56.85,1011.25,51.99
433.88,28.36,66.75,1017.71,52.6
432.32,32.67,77.95,1014.62,50.73
442.6066589355469,22.3,74.87,1009.69,86.18
453.3589172363281,16.85,49.78,1005.61,100.1
484.51,7.0,39.81,1017.47,87.65
469.92,12.74,41.5,1012.94,86.28
430.5843811035156,32.88,72.29,1008.5,62.74
458.06,17.46,53.29,1018.07,91.01
442.58,29.05,64.84,1011.1,51.39
472.67,11.32,36.18,1015.03,64.68
450.5,19.65,57.85,1011.73,93.89
451.8352355957031,22.69,64.45,1012.82,45.03
431.95,28.31,74.34,998.42,79.23
441.7,27.97,66.17,1010.81,63.73
443.31,21.45,69.94,1010.5,82.17
453.38,21.45,66.05,1014.81,73.73
461.87,20.51,45.38,1014.29,69.14
462.48,14.57,44.45,1021.42,66.23
448.33,22.21,48.14,1015.08,66.8
466.72,15.06,41.85,1016.78,88.23
441.6423645019531,24.84,59.22,1013.18,83.08
440.53,24.44,47.93,1003.13,67.04
441.30584716796875,27.05,59.15,1012.83,56.31
432.6287841796875,33.92,77.95,1010.15,58.89
469.9,15.42,39.82,1012.89,83.54
437.78,26.87,74.99,1002.48,71.91
481.2803955078125,8.69,41.04,1026.87,80.28
462.86,14.19,49.83,1006.52,90.72
455.25714111328125,18.23,45.01,1012.24,73.86
441.9407958984375,25.47,56.89,1013.02,63.21
470.94,12.62,40.83,1010.06,81.52
465.65,13.61,42.34,1017.57,91.35
439.58013916015625,23.91,67.69,1008.28,66.71
466.2065124511719,14.73,39.52,1017.01,74.21
444.16,21.62,50.05,1007.2,92.9
466.51373291015625,15.29,38.73,1000.9,81.17
439.02,23.66,72.43,1008.0,89.49
443.99884033203125,25.14,60.29,1017.91,53.3
445.07,22.56,48.92,1010.7,51.63
473.16,13.56,39.58,1011.05,73.62
430.12,28.74,71.14,1011.53,48.6
482.37,6.93,38.68,1017.61,61.28
468.1257629394531,13.52,39.3,1018.99,69.22
439.87,28.69,67.79,1011.01,66.4
483.3537292480469,7.9,43.79,1016.14,83.05
453.99,19.5,65.12,1015.53,73.87
449.6555480957031,22.27,48.98,1014.47,49.33
443.85,27.83,59.57,1011.22,71.05
443.94,25.34,64.27,1013.38,66.02
446.72,23.57,67.9,1006.08,70.12
432.73,29.73,73.06,1010.27,84.84
434.22,27.63,64.96,1006.3,75.38
463.28,17.28,39.99,1007.09,74.25
460.1,20.58,39.53,1005.68,62.09
439.46,24.6,49.3,1003.72,72.26
432.0,29.98,76.09,1007.62,75.6
474.4952697753906,12.19,41.17,1019.43,65.47
428.27,30.71,68.27,1007.76,68.04
441.07,24.92,63.94,1017.7,44.92
439.46,25.94,60.75,1007.22,64.76
433.23,23.92,71.98,1006.22,92.96
470.56695556640625,11.04,39.96,1025.75,94.44
443.95,22.1,65.94,1009.79,67.57
458.26,19.45,41.1,1001.88,52.16
442.6969299316406,24.56,63.21,1013.79,82.38
435.5137634277344,31.86,73.88,1005.6,57.68
455.12,22.49,45.61,1013.1,75.69
448.30804443359375,19.13,50.78,1008.51,87.54
453.47,20.55,68.63,1012.5,67.07
468.91,15.92,41.2,1016.04,73.37
462.05,18.4,43.69,1016.59,52.44
471.92962646484375,12.73,44.34,1015.11,93.55
477.84,7.68,39.96,1023.73,87.48
469.53,14.02,44.85,1016.54,75.73
439.84,30.94,64.44,1014.36,53.76
472.99,9.42,41.4,1030.38,87.8
477.69,11.12,41.54,1020.13,75.07
489.0599670410156,3.92,41.31,999.22,95.26
448.93,20.38,66.54,1013.95,77.8
433.25,25.6,73.67,1005.78,84.82
443.7,23.22,59.15,1014.58,75.18
438.39,25.14,60.37,1006.63,77.17
484.75,7.92,42.28,1008.55,81.68
441.29,24.77,69.71,1009.86,85.56
439.05,30.36,69.82,1010.02,54.22
448.0224609375,21.81,65.06,1014.6,66.41
429.08,27.12,70.32,1009.94,52.67
480.3175354003906,8.97,39.66,1021.63,78.94
439.41571044921875,23.31,60.37,1005.17,82.75
442.07000732421875,20.8,69.45,1013.7,82.48
480.25,9.31,41.39,1018.3,93.68
438.81,27.5,59.54,1004.88,72.7
477.47,10.47,41.06,1022.24,81.16
467.23,13.86,50.59,1019.2,97.22
441.8,23.42,50.05,1006.79,86.45
465.3922424316406,15.56,41.1,1003.55,76.92
460.57,16.96,46.36,1019.91,89.11
453.25,18.68,62.1,1019.78,83.67
468.14,18.33,49.64,1025.36,62.57
445.98,13.78,40.1,1014.49,81.86
474.63,12.19,41.06,1021.35,74.98
457.11,15.56,41.04,1025.8,64.81
433.1,32.87,70.8,1009.54,59.85
440.26,25.76,57.32,1011.93,43.61
476.27,11.27,40.69,1014.35,86.63
437.12371826171875,26.69,70.36,1006.82,68.29
483.12,6.45,35.77,1018.86,67.84
444.38,23.86,74.93,1016.88,71.44
443.5054626464844,27.16,47.43,1009.17,45.79
432.33,33.97,72.29,1008.98,44.32
477.91,10.37,40.03,1017.47,90.47
434.99,25.15,71.14,1011.68,70.33
474.82745361328125,10.52,41.48,1018.0,68.99
426.66,28.88,66.56,1006.26,59.15
448.71,19.89,68.08,1012.65,80.25
460.7325744628906,19.31,43.56,1013.65,41.54
435.58,7.14,41.22,1016.6,97.09
432.72,28.18,71.14,1011.56,48.03
441.32,26.08,57.32,1012.2,47.06
442.12,29.01,64.79,1017.62,44.31
452.5225830078125,21.84,58.86,1014.13,69.67
459.07568359375,16.82,49.15,1020.68,72.07
445.03,29.03,67.79,1010.86,54.03
469.324462890625,14.78,41.17,1016.42,67.42
465.14,15.55,43.71,1024.34,79.61
435.98,30.22,70.32,1011.63,65.97
437.11,25.97,68.12,1013.11,61.97
454.3859558105469,19.21,53.16,1013.18,81.64
453.36,18.94,48.7,1007.82,92.88
445.32,22.2,44.05,1007.34,75.13
434.18,26.9,77.95,1017.47,75.58
463.51,16.58,46.18,1010.4,96.29
473.1517028808594,10.72,35.76,1019.71,62.26
469.61,13.64,34.03,1018.32,62.2
434.92620849609375,24.34,70.79,1006.82,85.66
430.29,30.9,73.68,1014.95,40.9
488.32,7.76,39.61,1021.63,80.67
478.8531188964844,9.08,36.18,1020.24,68.37
483.66,9.45,39.04,1023.08,75.81
440.17,28.71,51.43,1006.4,64.79
441.2408142089844,25.3,49.3,1003.67,69.08
442.08,24.47,48.6,1002.49,75.04
456.07,15.59,52.05,1013.67,78.55
434.99,29.72,77.95,1014.9,72.73
434.38,32.81,71.32,1007.69,47.29
425.2,29.2,70.79,1004.8,63.74
433.34,25.34,70.47,1006.46,83.94
474.8537902832031,10.37,37.83,1006.5,90.99
462.7,13.12,52.75,1023.69,67.5
463.2958679199219,14.8,44.21,1021.59,89.24
476.91,11.51,41.06,1021.3,78.11
462.78,14.4,41.26,1021.41,73.11
445.76,22.36,58.79,1016.69,73.6
456.68,20.61,44.63,1008.54,77.54
467.39,13.86,41.78,1010.75,57.9
477.54,12.27,39.82,1012.18,85.58
464.5179748535156,13.13,50.59,1020.26,87.44
438.44,25.1,60.37,1005.83,72.53
477.67,8.47,42.02,1005.37,92.73
451.40948486328125,21.18,60.1,1011.02,78.19
477.5067138671875,11.02,43.02,1012.32,66.54
441.0310974121094,28.69,58.33,1013.67,34.1
462.4,18.85,41.1,1001.95,61.75
438.71,29.83,62.66,1007.98,47.07
429.793212890625,27.63,71.98,1005.45,82.88
455.97,17.7,49.21,1015.16,67.91
448.52,22.69,48.14,1013.7,62.05
476.9957275390625,10.56,39.13,1010.19,87.12
468.87,14.86,44.85,1016.19,67.43
442.84,27.24,44.89,1009.61,51.89
446.2379455566406,22.74,61.87,1009.66,55.03
437.03,25.31,61.5,1009.31,63.31
437.25,29.13,68.3,1014.96,37.08
483.49,8.42,43.14,1011.62,80.32
433.2371520996094,30.76,73.17,1009.89,50.43
438.02,28.46,49.16,1004.61,38.1
462.2023620605469,18.15,41.67,1012.75,52.69
432.05,28.71,71.64,1005.21,71.11
476.71,9.65,44.68,1022.9,98.08
485.57,7.28,38.56,1018.96,67.98
456.86,16.26,44.89,1010.48,86.57
445.3562927246094,25.86,60.32,1015.91,53.37
473.22,11.6,39.96,1011.65,80.79
448.17,21.43,63.47,1011.95,94.47
433.94,28.0,74.22,1008.68,66.0
428.85,28.83,72.43,1006.69,67.04
471.1,12.42,43.14,1015.88,79.48
432.67,33.37,71.37,1003.75,45.26
488.48,7.41,40.81,1026.15,88.96
466.37,14.54,42.77,1019.61,81.82
439.4596862792969,26.63,61.47,1008.18,69.0
426.47,29.87,69.13,1001.08,72.75
466.62,14.97,42.28,1007.31,79.25
425.41,34.62,69.05,1000.68,38.35
431.31,32.11,78.05,1010.36,58.78
486.34,4.69,39.42,1024.58,79.35
454.43,17.1,48.98,1016.48,85.63
471.94,13.77,42.86,1012.86,88.83
453.17,21.75,59.8,1016.65,72.94
447.15,24.98,58.05,1011.69,69.97
434.1261291503906,26.48,73.06,1008.07,90.73
458.74,13.78,40.0,1018.38,68.67
490.07,5.54,41.38,1020.47,82.91
440.09,22.07,69.94,1011.18,80.86
438.68,30.45,43.21,1011.35,63.59
446.99,21.79,61.45,1011.11,91.78
461.63,15.81,54.3,1017.8,68.45
484.90777587890625,6.86,38.08,1019.62,77.37
471.61,10.23,43.72,1011.18,97.93
447.28,22.09,65.59,1015.54,72.44
439.25,28.37,75.6,1017.48,55.19
467.01,10.07,40.92,1021.43,97.15
444.3466796875,26.02,59.57,1011.16,76.93
445.3462219238281,25.96,60.95,1014.52,50.03
471.19,11.3,25.36,1008.66,96.18
460.58,15.12,41.04,1025.95,69.67
465.58,15.08,37.85,1009.85,85.9
426.5189208984375,32.95,67.9,1005.88,45.15
443.95025634765625,23.8,48.6,1002.43,67.32
487.49,6.86,41.38,1021.35,90.78
454.88,17.3,58.59,1015.52,87.17
433.48,26.85,75.6,1017.43,74.55
449.81,26.82,60.96,1012.25,57.41
486.2,7.87,41.17,1020.33,77.77
458.6154479980469,15.58,40.66,1016.34,87.42
442.72,24.39,60.84,1018.5,61.73
473.88,11.93,41.38,1021.76,57.63
484.84027099609375,6.67,36.08,1022.31,83.51
438.41,29.45,68.84,1011.64,59.7
443.56781005859375,22.26,60.77,1018.26,85.94
454.48,25.64,47.01,1014.81,62.29
445.9,22.46,58.33,1013.21,68.68
443.04046630859375,24.12,51.43,1006.55,83.77
428.72,31.85,68.3,1014.76,47.06
443.84,25.63,58.86,1014.86,52.75
465.36480712890625,17.09,42.42,1009.03,72.01
433.61,26.22,69.89,1015.46,76.63
474.72,8.26,39.42,1025.89,70.53
437.96759033203125,23.2,73.17,1012.0,89.92
449.09,20.92,63.86,1020.49,72.98
486.84,6.67,39.37,1019.99,75.61
428.20904541015625,29.6,71.94,1007.07,62.65
439.5981140136719,23.27,67.9,1006.17,71.01
432.62,28.43,63.31,1013.44,49.99
466.3381042480469,13.84,42.18,1015.74,79.76
477.5762939453125,11.42,40.35,1011.55,82.71
435.39,23.66,69.51,1012.9,52.59
434.2085266113281,26.09,70.4,1007.41,85.37
456.605712890625,18.5,47.03,1013.97,93.6
465.1604919433594,16.28,42.99,1007.5,77.27
473.62,8.61,41.04,1024.81,95.6
438.87,26.11,62.44,1010.68,72.59
485.27,5.0,40.64,1021.05,94.84
438.33,22.95,63.94,1013.91,81.52
461.9294128417969,15.92,39.16,1006.59,71.32
444.34600830078125,23.07,65.27,1013.24,58.38
438.5,26.42,59.54,1007.02,76.28
474.0111083984375,11.64,38.25,1013.33,85.79
453.22,17.11,49.78,1007.25,100.09
485.13916015625,7.17,41.92,1031.97,83.86
429.67,27.52,66.48,1004.99,52.54
479.95,8.25,43.14,1011.3,87.1
444.54,24.49,59.87,1018.4,59.95
438.8,28.19,71.97,1008.85,84.67
461.8,17.76,40.55,1002.82,73.77
446.57,20.9,67.71,1007.16,59.02
441.9832763671875,22.31,61.45,1009.25,98.56
484.99,8.88,41.54,1019.05,80.77
455.57,20.01,52.9,1018.05,58.88
442.0916748046875,23.36,59.15,1013.71,86.64
443.8143310546875,25.54,61.08,1013.14,71.15
451.03,24.5,58.66,1011.54,57.92
471.8,12.68,43.7,1016.07,86.89
474.35,11.52,39.18,1023.43,83.29
440.26,28.08,64.44,1013.02,64.34
440.79,28.66,74.93,1014.04,51.26
440.49,30.02,69.04,1009.68,56.01
474.04833984375,9.53,40.62,1015.57,75.49
453.96,18.58,63.78,1016.24,78.74
475.43,8.91,40.11,1022.87,78.39
439.65,26.44,59.15,1013.35,60.71
438.62,23.86,73.5,1011.34,87.32
429.84,30.02,73.5,1010.52,44.91
469.52,12.17,49.83,1008.05,96.44
446.32,25.58,61.08,1013.37,71.27
475.61,12.73,40.27,1005.68,68.77
476.83,10.74,44.85,1014.25,71.61
462.5683898925781,15.25,46.36,1019.69,95.83
434.89324951171875,27.35,77.95,1012.14,74.14
439.204345703125,30.28,67.22,1014.39,53.32
448.2430419921875,24.88,51.43,1011.28,67.38
432.1296691894531,33.74,69.98,1012.51,43.3
440.56,32.57,65.74,1011.03,46.27
433.0,27.54,68.27,1008.12,56.42
464.95,16.09,44.71,1017.86,42.74
444.66,23.86,52.84,1006.56,48.94
436.63250732421875,27.78,70.8,1009.81,79.57
448.45,24.11,68.63,1014.34,45.28
485.6082458496094,6.39,35.57,1025.53,77.23
471.27,14.16,39.28,1015.63,77.29
472.94,13.43,43.56,1013.02,66.36
464.13,20.11,42.04,1010.79,60.31
476.12,7.32,39.42,1026.15,76.51
468.43,13.71,45.08,1023.35,82.93
438.0,21.49,68.28,1004.68,80.64
466.21,15.25,39.58,1012.1,73.05
456.2054138183594,19.81,56.65,1020.62,67.99
434.16,25.71,71.73,1009.72,75.29
479.7866516113281,9.0,36.3,1027.11,75.89
436.8,28.85,57.19,1008.2,58.4
459.23,14.66,40.73,1017.45,88.57
451.1,21.94,57.5,1014.64,78.52
438.87,26.48,66.54,1011.61,51.9
441.2191467285156,24.08,49.3,1003.23,70.42
442.83404541015625,25.95,63.47,1011.77,66.22
450.44,19.76,62.1,1020.07,73.55
494.87,5.07,40.07,1019.32,66.17
490.83,5.62,41.38,1020.91,86.21
485.96,6.8,37.8,1021.09,70.02
441.12,24.77,57.17,1010.66,73.0
459.65,18.59,44.63,1003.99,86.22
470.85,11.17,44.77,1018.2,79.6
452.32,25.87,47.01,1014.67,61.87
462.96,15.46,37.64,1014.57,87.53
445.43,22.63,58.41,1013.69,90.32
436.77,29.59,74.78,1009.45,55.75
443.99,22.25,60.84,1018.07,73.67
432.34,31.53,74.99,1003.93,58.29
455.1,17.95,49.21,1012.05,59.44
430.6848449707031,29.45,64.96,1005.52,59.92
438.14,31.31,64.44,1014.24,51.08
489.25,8.41,40.67,1019.97,69.2
452.5,22.85,60.08,1018.05,67.12
466.15,16.02,39.54,1007.73,72.81
466.7698059082031,15.12,43.79,1016.37,75.62
462.1734313964844,14.47,48.79,1017.05,69.87
478.1,12.1,41.17,1013.72,75.61
462.48,15.38,43.99,1022.42,83.41
446.0,22.16,65.48,1017.22,70.51
434.53,26.31,72.39,1001.16,88.43
460.15,15.14,39.72,1002.96,72.52
440.6222839355469,26.49,61.86,1012.55,74.24
440.03,23.06,56.85,1012.5,64.03
461.242919921875,16.21,50.9,1012.46,84.45
480.08,8.76,41.82,1033.29,76.5
472.45,11.92,40.55,1016.91,100.07
441.32,28.64,73.4,1011.48,52.84
449.14,17.95,59.15,1012.73,84.27
439.3,33.82,73.03,1013.49,42.17
470.02,5.82,40.78,1024.82,96.01
451.26,20.41,48.06,1012.62,76.21
427.58,31.23,72.58,1006.61,60.8
490.64788818359375,6.58,40.07,1014.22,55.44
468.5836486816406,13.1,41.48,1009.0,87.41
459.2074890136719,20.13,40.33,1005.31,85.42
435.51,29.12,74.87,1009.85,62.51
448.73,19.57,68.61,1011.13,96.4
432.3,25.38,72.24,1010.76,89.64
469.4560546875,12.56,41.4,1019.23,74.26
436.99,28.25,57.19,1007.99,67.9
433.8692321777344,27.24,77.17,1009.37,81.51
462.12,16.41,44.92,1024.27,84.16
442.75,26.1,63.56,1013.12,61.0
462.0451354980469,17.37,41.23,998.79,68.44
426.84,31.81,66.44,1011.21,53.55
465.5,13.83,45.08,1024.2,80.52
427.11,28.43,73.18,1012.52,71.05
470.36,12.07,38.25,1012.67,81.66
458.56,14.73,58.2,1019.45,82.48
452.52,16.65,56.89,1013.52,87.44
447.15,22.56,60.29,1018.19,67.53
441.16,23.76,61.5,1009.15,68.52
468.87,14.72,38.91,1015.17,61.75
448.38,22.63,58.49,1010.94,72.7
452.16,21.82,58.66,1011.71,64.37
449.34,20.88,47.45,1007.5,76.21
464.63,18.4,43.96,1012.4,77.81
447.67,23.29,65.61,1014.81,70.27
435.9,26.65,74.67,1015.73,77.32
436.89,24.62,72.43,1007.97,84.36
428.67,27.94,69.84,1003.11,70.47
432.07,27.96,68.51,1007.26,63.21
434.67,25.52,71.73,1009.91,79.55
486.18,9.28,41.38,1021.96,72.22
446.6335754394531,20.5,51.19,1009.0,91.79
454.85,24.38,47.01,1015.17,68.96
437.84710693359375,25.69,59.54,1004.05,81.69
467.20294189453125,13.86,44.21,1022.6,83.56
437.6,31.44,64.44,1014.04,49.15
436.3,26.88,69.51,1012.76,45.03
441.4914855957031,27.83,69.04,1009.69,63.79
441.58,29.66,59.22,1013.25,61.2
476.74,11.49,41.54,1020.17,70.91
485.6,5.62,41.31,1001.37,89.16
431.3648681640625,31.0,71.77,1006.29,48.56
427.83,28.18,71.85,1008.78,82.88
492.84088134765625,5.76,40.07,1013.22,62.99
468.23,14.73,36.99,1007.32,90.84
446.01,24.91,57.17,1010.88,72.97
436.3923034667969,25.12,77.95,1009.26,82.95
449.02435302734375,21.42,56.89,1014.39,84.05
451.8215637207031,26.06,54.5,1015.52,67.12
448.31,21.14,58.98,1009.05,94.36
488.2,6.91,39.37,1019.58,71.02
465.5688171386719,13.97,53.82,1016.81,62.32
464.27,14.64,42.77,1017.59,79.6
428.1080017089844,31.58,66.54,1003.26,54.0
479.3,10.27,41.44,1017.04,77.09
479.8,7.94,43.65,1018.75,59.45
479.52,9.32,36.3,1027.67,73.25
464.77,11.87,41.58,1017.29,90.3
460.3,22.58,43.79,1015.66,44.18
449.6092834472656,19.2,59.21,1017.84,89.56
429.5622863769531,30.18,68.24,1009.31,64.06
427.65,26.27,71.98,1005.72,86.15
464.55,19.39,43.14,1012.75,44.21
469.8501892089844,12.81,44.34,1015.55,90.37
432.09918212890625,30.93,69.98,1013.33,62.1
446.46,20.03,57.19,1007.31,81.69
434.94,27.34,71.29,1008.32,56.51
456.71038818359375,17.7,48.98,1015.79,83.18
449.72,20.61,65.61,1014.91,83.82
466.99,13.82,40.2,1013.19,90.11
431.69,31.77,76.09,1007.4,73.36
435.64,26.55,69.45,1013.88,55.39
452.08,20.42,62.96,1020.34,84.0
446.8087158203125,20.76,59.04,1012.51,85.39
436.095703125,26.08,76.86,1003.3,79.49
435.56,22.86,66.48,1003.77,71.22
430.1,30.33,70.32,1007.75,52.49
441.22,27.22,67.9,1005.73,57.29
443.24,25.22,69.88,1007.17,80.26
462.65,15.3,38.62,1017.19,70.63
444.2281188964844,24.01,50.16,1004.22,75.32
476.22,8.01,40.62,1015.62,86.43
464.4836730957031,19.31,44.71,1016.13,30.59
442.88,22.07,70.72,1010.52,82.96
437.83,27.31,68.14,1005.73,50.74
449.5963439941406,19.89,50.78,1008.85,92.97
464.7334289550781,14.07,46.18,1017.77,87.83
475.96,12.07,40.81,1025.63,68.02
440.97,31.19,69.68,1012.6,52.06
435.03,26.7,62.26,1011.0,71.64
447.52,21.94,58.79,1010.3,88.21
474.92,12.19,40.23,1017.76,81.44
468.5285339355469,13.03,41.26,1022.17,79.79
426.48,28.55,74.33,1011.77,73.34
466.63,15.73,38.73,1002.48,76.91
462.73358154296875,16.22,41.35,1000.96,79.59
437.76,27.44,47.93,1002.71,59.44
444.4339904785156,25.51,64.27,1013.28,61.85
458.06,19.14,56.65,1020.84,82.97
458.3,16.5,44.2,1018.94,63.59
466.860595703125,13.78,45.51,1015.56,69.92
464.18,13.29,71.14,1019.63,75.09
432.2,27.06,77.17,1008.71,90.6
467.71,13.67,44.92,1023.6,85.35
468.69,14.7,44.9,1021.87,83.9
472.9,11.48,37.5,1014.38,69.75
453.2,16.95,58.86,1015.96,87.8
445.8563537597656,22.3,50.78,1008.85,81.27
441.9,27.37,70.72,1009.77,67.87
452.68,18.61,44.06,1016.91,75.01
436.6136474609375,27.98,74.87,1010.02,66.44
478.3441467285156,9.39,39.66,1019.22,75.33
446.51,22.19,48.78,1017.84,76.01
443.77,25.48,60.29,1017.55,51.22
433.16,27.51,71.32,1007.59,80.02
480.54,11.37,39.16,1016.54,87.05
480.84771728515625,8.68,43.14,1011.94,79.06
442.5,25.3,59.43,1009.15,58.3
467.48,12.82,48.14,1017.47,81.45
457.5100402832031,20.31,49.69,1011.57,69.03
454.2103576660156,23.0,49.5,1014.15,66.68
461.64,14.24,45.01,1013.54,88.68
454.79,20.17,50.66,1014.38,82.09
483.54,7.69,38.06,1020.72,83.47
436.72,30.36,69.04,1009.6,58.73
432.88,29.12,66.51,1015.69,37.9
434.65,27.01,67.98,1006.01,67.98
436.6,24.24,72.43,1008.02,86.4
443.33,22.49,58.71,1009.75,76.43
434.64,23.76,70.32,1012.13,78.84
453.02,18.09,43.72,1008.64,74.15
464.8879089355469,15.96,41.66,1011.93,55.47
448.57,25.54,61.08,1013.77,69.64
437.9024353027344,22.96,70.79,1005.68,93.93
465.82,14.76,39.64,1010.37,81.99
463.09,16.16,52.05,1013.19,75.37
445.1297912597656,22.36,59.44,1013.1,84.74
440.04,25.79,65.27,1013.26,55.35
452.0460205078125,18.78,63.09,1019.22,80.2
483.43,6.49,36.3,1016.52,69.1
458.1064453125,19.4,49.69,1012.89,75.53
488.5722961425781,6.16,38.5,1012.83,93.68
466.5,15.31,41.35,1005.09,95.25
481.15,5.74,40.62,1016.31,84.91
433.0727844238281,30.31,77.24,1008.02,67.84
435.08,24.54,72.24,1011.43,74.1
437.41,22.97,72.24,1011.15,95.85
445.34,22.45,59.87,1018.92,72.73
467.4537353515625,13.9,41.17,1016.84,72.9
453.31,17.78,52.08,1006.9,100.09
470.71,9.59,40.11,1026.05,74.27
472.6760559082031,11.91,44.45,1021.39,84.49
438.15,31.26,70.36,1006.49,60.47
450.4868469238281,23.82,64.15,1020.96,60.11
439.9298400878906,25.02,69.75,1010.04,91.86
437.02,25.47,70.36,1005.79,77.73
438.32,27.13,59.54,1004.33,73.27
442.23,24.6,48.78,1018.1,73.71
437.47,24.95,76.16,1006.2,76.16
476.58,7.55,41.04,1027.03,83.32
425.58,34.24,74.67,1016.24,25.56
459.47,19.94,44.9,1008.52,74.69
440.2613830566406,27.14,63.13,1013.38,75.68
431.66168212890625,28.56,74.22,1007.45,69.6
473.4,13.05,44.34,1018.47,81.2
438.34552001953125,26.72,74.87,1010.18,70.74
469.0408935546875,12.5,43.67,1013.99,90.91
445.9003601074219,20.62,68.12,1012.33,79.88
463.7877502441406,16.17,38.01,1022.19,70.99
478.3385314941406,9.58,38.08,1019.49,67.54
434.35443115234375,25.42,73.21,1001.91,93.78
433.62139892578125,30.31,70.36,1006.55,59.92
442.9,23.76,51.19,1009.69,70.87
431.3916320800781,29.42,79.74,1007.24,61.26
483.88,8.8,42.32,1017.91,86.8
430.1546936035156,27.16,72.58,1009.24,90.26
448.01544189453125,19.75,49.02,1009.38,92.89
438.31,30.44,68.84,1010.97,55.34
458.91,18.6,41.67,1013.07,64.23
451.63,19.65,45.01,1014.18,56.77
463.47,15.99,49.21,1015.17,76.4
476.42,8.73,41.26,1020.54,91.37
464.95,15.99,39.63,1006.09,89.92
480.9517822265625,5.56,45.87,1006.99,96.48
481.45,8.88,39.66,1015.21,88.29
491.38,5.42,41.38,1020.77,86.02
477.89,8.97,36.24,1013.21,90.77
452.2879333496094,18.18,61.87,1008.64,66.28
469.58099365234375,12.87,41.5,1013.51,85.72
465.3640441894531,14.23,46.18,1017.39,87.29
452.77,18.17,66.86,1011.29,78.48
454.28,19.73,49.69,1007.78,73.02
447.3025207519531,25.36,61.41,1011.89,55.64
445.58,29.78,73.42,1011.27,52.79
437.81,32.0,58.9,1003.48,51.38
443.6702575683594,18.64,67.71,1003.84,89.63
469.06,13.16,43.71,1024.44,85.68
479.43,7.64,40.02,1031.58,71.19
470.84,11.87,41.78,1012.97,64.79
448.82,20.56,59.14,1016.02,68.59
467.19,11.41,39.61,1018.69,69.44
451.39471435546875,26.11,52.36,1013.9,59.62
455.7,19.06,56.65,1020.82,82.14
473.47,9.13,40.02,1031.08,74.76
485.398193359375,8.44,41.17,1019.9,70.72
464.8330383300781,14.44,42.32,1015.61,76.85
489.95,6.3,39.33,1010.63,94.26
466.7356262207031,13.47,44.88,1017.56,93.23
461.55,20.66,41.54,1014.68,79.7
445.55,23.62,45.87,1007.75,58.69
458.57,16.69,46.18,1011.0,97.85
439.6275634765625,28.01,44.89,1008.98,48.52
450.36,21.73,64.63,1020.84,68.9
430.07,30.35,69.51,1009.95,39.24
481.791015625,8.67,36.66,1026.8,84.36
441.8739013671875,30.51,59.57,1011.08,61.94
433.67,26.12,66.75,1017.86,79.02
473.38,13.11,38.73,1005.89,89.02
452.8,21.41,62.39,1007.84,88.83
471.16,12.33,45.51,1016.49,79.2
436.3287658691406,24.02,77.54,1008.33,83.92
482.77,9.37,38.56,1016.84,62.07
476.909423828125,11.26,44.92,1023.63,88.99
435.85,30.12,69.71,1009.1,52.02
489.36,4.65,35.19,1018.23,94.78
435.99,28.21,70.8,1010.45,77.92
432.11,30.83,71.58,1009.92,48.8
488.17,6.59,39.37,1020.34,77.92
450.25,21.84,64.69,1007.57,77.34
432.07,31.63,70.17,999.4,59.94
487.78,4.7,39.9,1007.45,91.02
434.85565185546875,31.11,75.33,1002.32,64.25
458.28851318359375,18.21,41.23,993.11,62.29
477.93,9.82,39.64,1010.79,69.22
460.16,16.77,38.01,1023.04,65.5
462.83,16.88,39.99,1007.08,74.29
440.59,21.08,70.32,1011.39,88.79
436.41937255859375,22.79,69.13,1010.87,91.47
438.2655334472656,26.96,62.39,1008.14,73.95
436.96,30.87,67.32,1013.78,34.54
459.39,19.74,45.38,1015.11,80.67
437.2071533203125,24.22,71.14,1009.38,64.53
462.11,16.27,44.21,1020.56,82.22
465.0786437988281,14.41,46.18,1016.25,88.88
481.41,10.48,41.38,1021.97,65.22
464.9373779296875,14.24,44.84,1023.6,94.06
441.00555419921875,23.08,74.78,1009.85,83.67
429.84,25.77,73.68,1014.18,87.53
453.55,17.94,62.1,1019.81,82.65
475.8037414550781,9.43,41.4,1028.42,84.92
457.12,13.98,41.79,1010.6,83.84
446.62,25.02,47.45,1008.07,60.42
437.46,30.99,69.82,1009.41,50.84
446.75,17.17,63.09,1020.54,95.98
459.76,19.4,42.44,1013.19,58.63
440.33,24.1,68.08,1012.73,65.24
473.1563720703125,12.07,39.99,1009.7,93.27
481.08,9.55,40.72,1023.12,68.06
470.93,9.57,52.75,1022.32,75.4
439.19,21.74,70.32,1011.88,85.95
432.64239501953125,30.99,68.51,1008.0,71.35
455.83,17.88,45.87,1008.39,93.63
457.45,17.51,53.16,1013.13,82.86
484.42,7.79,43.13,1019.67,85.35
431.60888671875,31.56,66.44,1008.91,64.16
439.71,30.58,68.84,1011.34,51.29
471.69,13.35,39.64,1010.1,93.3
449.73,17.9,67.71,1004.3,89.59
444.89,21.94,50.32,1008.44,86.98
425.74,31.49,69.13,1009.33,53.9
483.5,8.48,42.49,1010.77,88.68
433.24725341796875,26.85,73.77,1001.2,90.13
446.3000793457031,26.75,60.96,1012.05,56.77
450.84,24.91,64.45,1013.02,42.34
441.71,23.03,68.08,1012.63,70.37
472.18,12.99,40.55,1007.52,94.15
445.83551025390625,23.79,48.06,1012.92,60.03
443.5310363769531,23.42,63.07,1011.72,75.81
431.4026794433594,32.09,69.4,1003.1,56.91
446.56,21.78,51.43,1007.45,88.71
425.19,31.92,69.13,1000.77,58.91
447.12,22.79,50.78,1008.65,58.39
472.9570007324219,10.52,42.18,1014.9,95.67
485.3257141113281,7.64,42.28,1008.46,84.29
468.55,15.8,41.2,1016.08,77.83
456.77,17.3,46.21,1013.56,87.57
428.67,18.26,61.27,1019.1,74.74
457.98,14.03,41.79,1008.07,83.32
445.8,24.55,58.86,1015.22,60.53
442.64,24.6,57.32,1012.48,45.14
436.47,25.04,70.36,1006.56,75.91
449.65,32.31,62.04,1010.45,38.01
454.15,21.17,64.15,1021.25,62.38
475.01,9.15,40.11,1023.82,75.4
446.56,27.34,63.78,1016.5,48.4
470.7262878417969,11.7,43.41,1016.08,62.27
433.03350830078125,27.58,73.06,1009.63,88.31
454.67,20.53,54.9,1016.61,61.28
480.3919372558594,9.55,41.44,1015.07,85.94
479.2204895019531,9.94,41.44,1015.21,87.02
483.11,6.71,40.72,1022.78,80.69
439.93719482421875,31.09,64.05,1011.32,61.14
456.2,17.23,40.12,1013.52,81.55
448.17,18.27,58.2,1018.34,72.73
477.38,9.06,36.3,1015.14,58.71
466.87,14.66,41.66,1012.89,62.41
446.88,23.79,58.2,1016.77,55.88
439.54,31.33,58.9,1003.77,52.34
466.75,10.26,43.14,1019.68,98.97
432.62,33.75,64.96,1002.54,39.28
454.35,18.72,60.07,1015.81,70.55
447.06,20.71,58.18,1007.63,98.44
435.86,28.87,71.97,1008.74,82.61
464.9781494140625,12.63,48.04,1013.0,100.13
469.12,13.69,34.03,1018.45,65.76
441.51,20.3,67.32,1013.49,80.9
471.24,14.93,42.44,1012.65,86.8
431.53,25.43,69.13,1002.2,86.44
433.64,24.85,71.98,1005.97,95.09
460.47,14.67,45.01,1014.28,67.91
487.87,3.63,38.44,1016.16,87.38
432.0,28.54,72.99,1007.42,67.87
467.98,15.26,41.2,1016.0,76.06
429.33,29.88,68.08,1011.14,55.78
487.09,5.65,40.72,1022.46,85.17
476.2197570800781,9.2,39.82,1013.19,91.25
456.72,18.85,44.63,1009.06,84.75
442.48,28.16,61.47,1009.19,62.53
469.34,13.15,42.44,1014.51,99.53
459.77813720703125,16.97,50.9,1012.31,82.65
462.26,17.33,42.28,1007.97,50.33
458.4064025878906,17.39,46.21,1013.94,82.73
440.92,26.26,65.06,1013.58,52.72
464.59,13.72,45.01,1014.07,77.0
469.2198181152344,10.99,44.63,1020.67,90.09
480.3704528808594,8.94,41.74,1022.55,90.74
446.4925537109375,22.5,59.43,1010.31,72.17
446.67938232421875,23.62,68.63,1013.18,50.57
462.53,17.17,44.68,1018.72,83.58
469.56,12.47,38.25,1012.74,82.89
465.6,16.65,46.18,1010.6,95.69
437.97,24.56,71.94,1006.81,89.59
444.52,25.49,47.45,1007.89,57.04
478.16,7.33,40.0,1018.96,80.76
463.93,20.52,43.79,1015.9,68.1
463.03424072265625,13.61,41.16,1020.49,75.09
457.4988098144531,22.5,45.38,1014.11,65.08
438.65972900390625,28.24,65.27,1013.43,48.74
435.17,30.04,67.25,1017.65,52.84
465.73284912109375,14.38,44.84,1024.59,81.68
448.43,24.78,68.63,1013.96,43.7
455.28,19.99,40.79,1003.15,87.55
464.07080078125,16.01,43.69,1017.12,62.43
427.3,29.09,72.43,1006.86,65.47
470.31,13.31,40.03,1017.73,84.48
437.84,33.34,69.88,1007.65,42.72
441.59930419921875,26.88,59.21,1013.54,58.13
462.16,15.69,37.87,1022.63,87.71
431.95,27.58,78.05,1010.83,94.98
451.86676025390625,20.51,63.86,1020.65,75.36
470.67,13.56,39.52,1016.61,78.35
443.9297790527344,22.64,59.27,1012.58,83.55
434.27,30.29,71.58,1010.01,54.03
465.7220764160156,10.15,41.62,1015.86,97.4
447.49,23.07,57.5,1015.7,75.47
478.1962890625,7.29,40.96,1023.01,90.78
436.74322509765625,25.34,69.48,1008.4,74.79
449.043701171875,19.66,58.79,1017.17,84.16
457.94,17.77,56.53,1019.57,79.89
466.8297424316406,14.34,42.86,1031.75,66.81
469.34,14.4,42.99,1010.3,89.72
453.07891845703125,18.31,62.1,1020.38,79.02
467.4945373535156,13.56,40.03,1017.73,83.76
483.7652587890625,6.17,41.31,1002.49,87.59
449.45,25.04,51.95,1005.56,66.53
465.24,14.49,41.16,1000.5,82.17
447.6673583984375,22.31,43.43,1010.64,56.44
459.6657409667969,16.38,46.97,1013.6,73.67
445.66,23.48,65.12,1015.82,60.83
469.6,11.58,39.69,1005.17,86.55
461.82,14.74,43.99,1023.13,86.31
465.2,15.33,42.28,1008.19,66.15
439.03,26.14,69.14,1007.1,88.27
432.38,32.86,68.51,1008.43,46.78
435.54,28.88,63.76,1010.16,56.34
440.6679382324219,27.59,54.2,1013.1,51.61
441.3453369140625,21.85,69.94,1010.89,79.4
486.6153869628906,6.58,43.02,1014.03,84.95
456.56,20.38,62.52,1017.85,75.56
476.54,9.53,38.18,1018.43,75.33
457.98,16.76,53.16,1014.13,81.87
431.14,32.31,68.94,1006.11,71.78
471.36,10.22,39.96,1025.05,96.05
480.18,10.72,39.35,1015.35,86.43
453.2458801269531,21.68,64.15,1021.09,70.88
445.4,21.13,51.43,1007.43,88.72
434.82,29.14,75.23,1010.15,54.87
474.97,12.04,43.69,1016.58,80.16
474.28,10.1,41.4,1024.29,85.94
443.26,28.72,68.14,1005.82,46.52
438.6388854980469,28.84,60.23,1009.7,59.0
450.19,18.68,52.84,1004.65,88.27
458.78,16.5,44.63,1020.58,64.11
440.3,27.18,64.44,1012.81,61.27
451.21,20.08,58.79,1017.32,81.59
456.1612548828125,19.64,56.65,1020.79,73.88
430.19,27.77,62.26,1010.88,66.45
433.34,31.4,71.06,1008.44,74.77
490.02,3.68,39.64,1011.31,84.05
471.85,11.89,40.03,1019.53,89.48
484.36785888671875,7.63,40.56,1023.13,81.01
431.66,26.38,71.73,1010.04,69.45
448.56,22.89,48.98,1014.55,48.21
457.49688720703125,17.98,53.29,1018.29,83.46
459.69,14.22,48.6,1006.26,88.05
450.4063720703125,22.35,57.76,1017.92,68.18
443.6868896484375,22.2,57.17,1009.82,78.43
458.25,16.89,49.21,1015.19,70.39
444.66,22.51,59.21,1018.35,71.97
466.25,15.11,42.99,1007.53,85.75
435.9,25.15,73.67,1007.42,85.48
462.8057556152344,15.47,44.9,1021.59,81.74
476.8878479003906,11.1,40.0,1021.29,86.58
445.82,20.78,60.84,1018.66,80.4
443.7857666015625,20.94,68.12,1012.43,78.2
486.049560546875,5.52,42.85,1012.77,93.82
462.94,16.19,36.99,1007.37,92.4
429.18,27.06,72.58,1009.24,90.31
455.57,19.92,48.98,1014.32,64.99
454.72,18.53,61.27,1019.84,75.22
475.07,12.21,41.67,1012.88,85.19
474.9755554199219,11.59,40.05,1014.96,86.22
427.61,26.61,72.43,1007.71,75.82
458.36,18.4,44.92,1024.88,64.89
437.6031494140625,24.8,66.51,1016.74,65.72
438.42,25.47,60.75,1007.27,65.91
431.58,28.57,75.33,1003.16,76.14
432.41,31.01,73.5,1010.92,48.61
444.59,24.38,57.17,1009.85,74.46
439.88,28.46,60.23,1010.2,63.38
454.98,18.16,43.72,1008.64,75.22
478.47,10.6,41.17,1018.38,87.92
439.52,24.19,68.94,1007.37,70.83
471.9551696777344,12.2,39.72,1018.07,54.83
435.45,27.95,73.5,1010.42,58.01
433.75,30.38,71.58,1010.17,50.45
440.55,28.48,54.2,1013.14,49.51
468.18878173828125,11.3,43.14,1019.56,99.83
427.9,29.19,70.32,1008.28,55.42
437.96,30.75,71.22,1006.47,48.06
468.49,12.37,43.22,1009.1,76.06
443.73,25.75,60.95,1014.75,53.3
438.49,28.18,67.17,1006.84,75.55
448.47,21.89,74.93,1016.11,77.88
445.3,24.79,50.78,1008.78,61.88
433.71,30.86,70.32,1011.88,62.68
467.43878173828125,13.51,43.22,1009.63,75.02
445.86,29.35,68.31,1010.46,46.2
448.46,19.98,60.77,1017.72,90.71
462.51,21.77,42.23,1013.03,67.44
460.61,12.43,41.62,1011.87,80.57
459.86,3.4,39.64,1011.1,83.43
436.55,24.73,74.22,1010.15,79.83
436.16,25.54,70.47,1009.28,73.5
438.42,25.88,63.73,1009.48,77.17
438.0013427734375,23.07,70.47,1008.64,83.37
435.66,30.66,70.98,1007.6,72.08
459.75,13.77,41.58,1020.63,72.94
466.68,12.57,43.8,1023.2,56.85
437.54,31.1,71.32,1008.09,45.87
443.76,22.24,64.27,1012.97,89.54
438.24,29.08,52.84,1006.14,40.09
455.29,19.35,39.72,1002.5,51.24
440.99,28.88,54.89,1007.16,46.6
438.38,31.7,70.36,1006.26,58.18
469.18,13.25,44.92,1024.11,89.34
459.2514343261719,18.55,41.1,1002.02,65.16
433.07,28.69,71.29,1009.22,68.35
467.7859191894531,13.74,42.74,1029.54,70.0
443.87,23.97,64.33,1010.54,84.65
460.44,18.44,39.72,1001.14,66.83
453.5111083984375,16.88,56.89,1014.01,82.1
467.23114013671875,12.82,46.18,1018.53,88.46
487.63,7.18,38.56,1016.49,70.37
446.09,24.34,62.96,1019.7,61.44
438.25,26.63,62.44,1010.86,70.82
466.6889343261719,11.43,41.16,1022.81,92.04
433.65,27.24,66.75,1017.78,69.6
462.6,15.01,42.77,1018.21,73.22
475.6536865234375,11.21,40.75,1016.45,86.14
434.96,31.46,71.8,1010.75,54.88
471.54052734375,13.65,42.86,1015.41,87.67
468.02,9.57,39.82,1013.12,89.15
475.12176513671875,11.46,44.85,1014.3,63.24
441.58,25.03,60.84,1017.69,59.23
464.88,14.6,44.84,1023.58,88.21
432.93,28.88,73.68,1015.25,47.73
467.95,13.82,44.84,1023.72,95.24
483.7347717285156,7.87,41.06,1020.91,87.64
490.34,2.34,39.42,1028.47,69.68
435.47,23.58,70.04,1010.95,76.32
443.04,21.49,70.32,1009.07,92.25
465.5,15.84,41.66,1009.69,62.81
448.46,25.82,61.08,1013.64,66.4
475.13,10.18,40.81,1015.79,81.42
437.07342529296875,28.4,69.34,1009.76,70.4
474.94,12.35,41.38,1021.99,55.38
464.4752197265625,16.52,43.7,1015.08,58.36
474.65,9.6,42.03,1017.66,92.27
485.5062255859375,7.54,38.56,1016.49,69.1
469.7262878417969,8.04,41.92,1029.7,92.21
471.1896057128906,11.82,41.26,1020.74,91.14
447.2222595214844,21.62,48.78,1020.06,85.09
456.83,15.41,44.78,1007.69,65.17
441.81,26.47,63.13,1013.72,79.4
436.43,31.5,74.16,1011.72,56.42
466.3268127441406,12.24,49.83,1007.9,94.28
470.44036865234375,13.52,41.44,1015.81,65.97
479.5028991699219,10.02,39.66,1016.34,79.98
445.07,21.01,44.05,1010.61,64.12
479.31,8.35,43.52,1022.78,97.34
469.5469665527344,14.12,39.52,1016.79,75.89
434.37,35.2,73.56,1006.56,45.72
432.52,25.28,72.39,1002.28,89.43
468.0409851074219,14.3,41.93,1020.6,65.38
457.66,19.32,52.9,1016.86,68.2
446.34,22.04,69.51,1013.25,56.15
443.77,28.07,66.17,1010.58,64.11
450.31,23.09,60.95,1015.02,68.78
435.9,27.17,61.25,1013.03,70.43
435.61,26.44,71.64,1004.55,85.53
440.2,27.23,44.05,1005.69,58.91
464.6084289550781,17.68,40.89,1011.24,61.37
434.01,27.18,79.05,1008.99,94.32
435.69,27.89,68.12,1012.78,48.72
468.92,13.5,54.3,1016.2,77.46
444.2,28.11,66.17,1010.51,65.16
440.31,28.75,70.02,1010.33,46.55
433.63,25.56,74.99,1005.41,85.75
470.96,12.84,50.59,1020.08,88.08
454.14,20.18,56.53,1020.3,77.1
436.24,25.65,69.45,1013.95,50.42
454.4332275390625,21.08,52.05,1012.28,45.25
464.8293151855469,14.33,45.51,1015.42,71.55
436.37,29.13,62.26,1010.51,52.94
425.34,31.73,74.67,1016.38,44.51
455.69,18.0,53.16,1013.02,82.47
475.37,12.39,44.58,1016.38,84.95
440.58,28.26,63.13,1012.0,68.35
470.86,14.59,42.44,1012.7,83.92
460.73,16.22,46.36,1020.04,91.73
441.32,25.99,59.54,1007.78,74.48
451.13,20.84,59.8,1016.96,75.05
431.16,26.85,74.16,1008.66,93.8
483.21258544921875,7.24,39.04,1019.0,68.69
463.9193115234375,14.01,43.34,1016.95,83.41
458.58270263671875,17.66,44.9,1020.5,71.33
473.66,11.6,40.96,1023.95,86.83
453.39,16.72,44.78,1007.75,56.79
473.20281982421875,12.77,40.71,1014.66,72.81
473.5916748046875,11.08,38.16,1014.45,74.99
475.47,8.96,40.02,1031.21,82.32
467.37,9.86,41.01,1018.49,98.71
454.02,17.18,46.0,1002.74,100.1
464.27,14.5,53.82,1016.81,62.89
437.27,24.01,65.18,1012.57,76.02
438.282958984375,24.79,67.83,1009.32,61.46
467.96,11.67,44.6,1018.09,92.53
441.1023864746094,21.28,70.32,1011.06,90.12
441.7408752441406,20.96,69.48,1011.04,82.63
431.68,26.57,73.21,1002.31,92.51
459.63,16.43,48.06,1010.73,61.26
444.06,26.22,65.34,1015.17,47.25
452.31,24.88,52.36,1014.45,68.39
477.07,12.22,40.71,1021.25,80.83
445.90496826171875,22.28,58.12,1014.54,83.27
475.2502746582031,9.14,37.36,1015.22,78.06
438.73,27.34,70.98,1008.82,71.42
444.19,24.9,58.49,1011.06,65.14
472.14,13.26,40.83,1007.97,90.63
457.8,21.86,64.45,1015.83,63.36
467.51,18.55,41.85,1015.24,62.47
435.0299072265625,26.26,74.9,1003.85,81.94
479.9253234863281,5.15,40.78,1025.34,95.84
478.24,10.8,39.58,1011.99,87.54
437.81,27.99,71.64,1007.79,72.67
453.78,18.4,50.16,1011.51,98.07
471.93,15.17,36.71,1013.5,77.44
471.0972595214844,13.18,40.83,1007.67,95.44
431.38,30.37,67.45,1015.35,45.6
433.3,24.88,71.94,1006.85,87.32
462.03,14.87,42.77,1017.94,75.06
442.73,20.34,69.45,1012.76,91.05
485.75,5.71,40.77,1022.51,89.58
436.12,28.62,79.74,1008.12,65.39
473.46,12.75,39.58,1010.8,77.31
456.69,19.76,48.92,1010.48,46.57
448.89,19.75,54.2,1011.43,83.5
475.9973449707031,11.61,41.17,1019.57,58.82
480.21,9.63,43.02,1012.4,68.41
440.26,26.65,63.78,1015.32,53.95
446.23,24.63,65.38,1010.43,40.68
453.8,19.94,56.53,1020.48,76.43
467.74,15.18,43.67,1011.59,92.58
444.433349609375,25.79,63.9,1014.39,60.49
478.17138671875,12.64,40.71,1024.2,65.21
438.52,21.7,70.32,1009.12,91.3
474.91,12.19,40.23,1017.45,82.07
431.72,27.73,67.69,1007.47,59.42
443.9316711425781,20.83,70.72,1009.56,89.37
456.2,16.7,46.18,1011.2,96.84
479.91,8.27,39.64,1011.0,84.64
435.9546813964844,27.17,67.45,1015.67,49.03
465.63,14.92,46.18,1014.21,98.82
439.2150573730469,27.47,66.86,1006.1,70.2
478.7770690917969,9.72,41.44,1015.17,84.41
446.57,19.97,50.78,1008.75,92.7
457.3546447753906,18.37,51.86,1018.8,74.3
471.78,14.85,40.8,1025.38,53.29
438.86,22.92,60.37,1007.05,89.94
465.09,15.2,40.55,1005.0,88.4
439.69842529296875,28.07,61.47,1008.68,64.83
479.21,10.72,41.17,1019.68,60.71
459.73101806640625,16.09,48.78,1015.78,91.12
455.43743896484375,18.68,53.29,1018.16,75.01
469.64,14.48,40.83,1009.42,81.74
442.54,28.41,61.47,1008.94,56.56
430.66,24.03,62.44,1010.96,79.88
430.67425537109375,28.31,74.33,1011.89,69.77
443.01,21.79,60.93,1006.44,87.68
427.72,28.53,69.84,1004.46,68.03
477.62,9.84,36.66,1026.7,70.02
429.0321044921875,34.66,74.33,1012.0,32.19
453.38,21.99,58.96,1014.09,61.3
438.0141906738281,23.69,73.67,1007.19,86.73
449.36,21.94,64.69,1007.39,77.58
460.45,14.51,49.83,1006.27,91.65
466.24,13.72,45.09,1012.95,87.41
463.12,15.03,43.71,1025.07,83.25
487.18,6.99,39.37,1020.19,75.06
437.19024658203125,28.03,68.67,1005.52,58.16
477.93,10.9,41.93,1014.96,96.24
491.84,5.51,41.03,1022.28,84.5
460.0,17.02,51.86,1021.53,81.28
465.03,14.39,44.21,1019.77,85.7
442.07,24.05,70.4,1006.83,92.35
449.07,20.99,50.78,1008.55,75.14
448.08,21.02,61.5,1008.52,77.74
425.69,31.01,69.13,1000.93,62.96
462.76531982421875,12.38,41.62,1012.37,84.15
440.7844543457031,23.37,70.94,1008.01,81.28
464.12,12.22,40.78,1024.02,85.46
460.75,15.28,48.14,1012.55,69.65
446.11,25.09,57.43,1013.2,70.42
452.59,23.87,50.39,1012.96,76.05
467.6520690917969,15.43,40.89,1010.63,73.03
448.54,24.34,48.78,1018.0,73.44
434.51,25.09,71.58,1010.17,86.01
459.52,16.37,53.16,1014.89,74.84
476.12,11.8,41.54,1020.0,65.85
442.66,24.85,68.37,1006.5,68.37
461.58,17.16,40.55,1000.26,72.21
468.0433044433594,13.09,54.3,1017.61,82.38
479.28,10.25,41.46,1018.67,84.41
440.78656005859375,28.39,65.51,1014.52,66.48
435.01,31.55,69.75,1010.12,58.36
445.44,23.84,49.21,1013.1,44.72
464.44,14.46,42.86,1031.34,69.84
442.32,24.16,65.06,1013.88,58.96
446.93255615234375,20.82,63.77,1014.28,86.37
453.77,17.0,49.78,1005.32,100.1
470.4,11.45,45.01,1018.88,92.12
457.43,18.26,58.96,1014.04,69.7
477.9718933105469,10.74,43.67,1011.75,80.1
445.39,20.89,67.71,1006.12,59.12
475.1173400878906,11.82,41.54,1019.96,67.65
442.2039489746094,25.44,65.06,1013.82,55.72
436.75213623046875,29.92,69.75,1009.12,67.15
449.16,21.11,58.49,1011.6,80.44
462.86,14.6,53.82,1016.28,64.83
443.8,25.96,63.78,1016.95,49.47
461.909423828125,18.32,39.53,1008.15,64.85
445.91,21.36,68.28,1007.6,72.37
464.59,15.7,42.99,1007.51,76.05
441.14,26.82,75.08,1005.93,60.81
464.56,15.22,41.35,1003.12,95.45
436.37,27.68,69.34,1008.28,70.9
427.21,27.14,70.32,1007.08,73.08
442.6,28.99,54.2,1012.79,41.9
429.8386535644531,32.55,69.89,1013.87,40.09
442.6,27.01,63.78,1016.72,47.89
483.27,6.31,42.07,1004.61,77.74
448.8475646972656,23.31,60.08,1017.14,64.35
479.61,10.66,41.93,1016.12,94.16
427.51,26.82,64.96,999.72,63.55
470.0807800292969,12.36,45.09,1013.05,88.4
482.26,10.2,40.67,1016.15,73.2
433.03,29.17,74.34,1004.51,82.02
474.27239990234375,12.03,40.75,1015.93,85.07
430.1482238769531,31.27,69.13,1009.45,57.01
435.25,24.8,72.24,1011.58,83.61
434.71,24.43,72.43,1008.03,85.56
440.74,24.14,63.21,1012.28,89.08
438.27581787109375,28.13,56.9,1007.17,51.66
458.7055969238281,19.15,39.72,1001.49,58.62
476.2009582519531,11.05,40.75,1016.55,87.08
438.28,25.23,66.44,1011.37,51.3
434.59,26.86,70.47,1007.18,72.38
462.51,12.15,71.14,1019.56,86.06
466.8,18.5,41.85,1015.81,64.78
453.42,21.93,58.96,1014.23,58.58
472.51556396484375,10.14,45.01,1018.12,94.32
464.5531005859375,14.04,48.79,1017.62,75.25
440.17,24.14,60.07,1016.56,58.08
470.43292236328125,13.48,41.44,1015.64,71.46
464.62,14.26,43.34,1017.24,81.54
447.22,19.99,65.94,1012.28,75.42
460.602294921875,16.52,53.16,1014.68,76.82
445.67,22.75,58.79,1011.44,84.47
458.26,15.31,40.66,1016.46,84.64
445.27,21.33,58.46,1016.17,79.73
428.27,30.28,74.67,1016.45,55.76
455.95,19.08,44.63,1020.05,41.07
451.84,23.94,51.95,1008.18,71.87
450.93,21.12,62.52,1015.62,78.98
440.98,22.61,60.27,1018.81,83.27
460.06,14.85,44.63,1020.67,75.76
440.53948974609375,27.26,63.77,1014.07,66.58
433.04,31.96,71.29,1008.39,47.51
439.25,25.3,58.46,1015.91,69.71
447.26,24.49,65.61,1014.71,63.47
435.47,24.44,72.99,1008.38,91.66
457.74,17.89,44.78,1010.03,53.78
471.1598205566406,11.92,43.8,1022.96,60.49
443.68,23.34,63.73,1012.1,79.11
454.02,18.89,66.86,1012.38,71.96
450.14,18.63,50.16,1010.21,97.13
443.9942321777344,24.43,60.07,1015.59,59.99
478.21,9.83,41.17,1019.34,72.29
459.83,16.68,43.14,1018.39,76.48
449.08,22.29,45.01,1012.4,51.58
486.83,5.63,39.22,1013.35,77.67
469.25,13.72,34.03,1018.57,65.95
468.46,13.02,45.51,1015.24,80.05
479.18,8.9,40.77,1011.67,90.26
433.5766906738281,26.44,71.73,1009.52,81.75
440.47,27.07,74.87,1010.09,58.97
433.47,27.74,70.32,1009.58,50.29
435.13,31.5,70.32,1011.44,64.09
453.13,21.81,43.77,1011.97,64.72
463.7462158203125,15.86,49.69,1015.59,87.26
446.87,20.31,69.94,1009.7,86.53
444.01,23.23,64.69,1008.12,76.6
449.96,18.39,52.08,1006.53,100.09
432.0017395019531,30.68,73.67,1005.63,57.05
429.93,29.09,67.07,1005.99,41.39
435.14,27.35,60.75,1008.98,67.56
429.15,28.46,73.67,1005.67,71.21
430.7,31.21,66.44,1008.57,65.76
450.0,18.89,63.09,1018.47,84.85
436.66,26.71,68.3,1015.07,62.7
464.07,13.52,42.07,1017.91,90.21
442.62,24.17,48.41,1008.46,76.19
484.4251708984375,7.67,41.66,1016.25,77.0
448.24566650390625,19.44,59.21,1018.5,88.35
433.83,27.0,69.4,1004.86,82.2
465.26,18.16,43.96,1012.78,78.33
450.6485595703125,19.28,65.46,1013.77,64.24
463.44,15.43,38.58,1016.58,81.17
461.2331848144531,16.32,43.5,1021.3,72.6
440.17938232421875,33.12,68.31,1010.3,42.29
485.29,8.48,38.5,1013.5,66.51
445.5063781738281,20.76,70.72,1009.73,89.04
456.6673278808594,18.76,52.9,1016.27,64.7
439.91,24.5,60.77,1017.15,73.66
425.91,32.4,68.14,1004.44,34.53
451.2701721191406,17.82,65.48,1019.64,86.6
436.64,27.27,67.9,1006.36,62.12
450.1290283203125,20.14,65.06,1014.81,80.01
442.6031188964844,24.8,65.48,1018.56,62.05
436.4242858886719,26.42,71.06,1008.12,87.32
463.5055847167969,15.34,41.96,1012.08,100.12
435.94,28.66,50.05,1006.08,47.74
465.48,14.2,52.75,1025.64,61.02
439.68,26.12,75.6,1017.41,72.31
439.93,24.14,62.66,1007.33,73.27
454.86,23.43,54.42,1013.58,70.99
474.2,10.41,36.71,1022.02,84.56
440.22,23.27,60.84,1019.13,67.24
457.3316650390625,18.36,53.16,1013.14,79.89
458.55,15.8,40.66,1016.15,88.24
442.451171875,22.95,63.94,1013.87,80.37
452.41,19.79,60.1,1010.47,84.04
431.39,34.43,68.51,1010.17,34.09
435.91,26.31,68.51,1013.26,68.66
468.53,11.94,44.6,1018.69,85.33
468.57,10.82,39.96,1025.53,95.89
462.37,17.49,40.55,1001.73,73.15
447.16,26.23,59.87,1012.93,66.62
465.65460205078125,7.26,41.22,1014.86,97.82
474.75,9.42,41.4,1029.21,86.4
465.1206359863281,16.85,39.64,1008.82,80.81
447.04,26.31,52.09,1013.39,53.59
432.6216125488281,30.69,69.89,1013.9,42.85
465.29,16.55,39.64,1009.07,77.8
456.28,16.29,50.88,1013.79,99.15
470.63,12.49,38.25,1012.61,83.32
479.32,10.15,41.46,1019.56,81.79
449.38,21.71,58.05,1013.07,85.75
467.29,13.92,44.47,1029.36,70.86
445.87548828125,24.04,51.95,1006.13,73.92
444.8451843261719,20.03,69.45,1013.47,86.66
441.36,31.7,76.09,1007.06,72.39
434.79,26.0,69.88,1007.99,87.07
435.66,25.35,74.33,1015.29,77.84
451.42,24.49,49.82,1017.09,64.02
443.2041320800781,24.27,63.87,1018.88,53.96
443.5,24.51,58.79,1016.11,61.7
467.21,12.06,52.72,1024.53,80.05
452.73,18.53,48.98,1014.24,74.29
464.45,18.31,42.23,1012.88,79.32
443.4134216308594,24.97,63.86,1018.64,52.01
473.22,10.02,39.96,1024.88,96.85
434.92,25.45,72.24,1011.44,80.54
438.06,26.74,49.02,1008.18,67.59
449.07,23.45,51.95,1005.23,76.17
477.03,11.1,44.85,1014.27,65.08
442.5579833984375,24.16,60.29,1018.09,63.49
487.33,5.45,39.04,1020.07,77.05
441.45,24.99,51.43,1006.95,79.63
450.5,18.32,65.94,1012.74,86.77
440.4495849609375,21.63,71.85,1009.44,76.89
480.7691345214844,8.53,38.18,1017.54,76.49
440.3,28.85,59.27,1011.69,51.8
447.09,23.23,60.32,1016.73,78.35
485.01,4.93,38.44,1015.65,71.47
462.18,18.76,44.71,1015.15,30.83
440.02,25.52,67.17,1007.33,85.12
465.99,12.38,48.04,1012.78,100.13
461.9670715332031,16.05,43.14,1010.67,79.36
433.46,26.75,70.32,1007.61,54.09
439.31,30.03,68.84,1011.41,53.82
448.51,24.78,50.16,1004.56,70.22
443.75,26.97,64.45,1009.43,53.96
440.68,27.98,67.17,1007.32,75.29
452.79,26.33,61.41,1011.9,52.1
472.13,11.34,45.17,1018.32,96.24
462.79,18.8,44.78,1009.65,46.0
483.12,5.23,40.78,1025.13,92.74
478.8,10.8,39.28,1010.7,82.62
464.38,19.32,44.71,1015.3,28.81
430.15,33.15,70.4,1003.72,53.98
472.47,12.8,39.16,1015.94,89.83
456.6956787109375,19.3,46.93,1014.83,66.71
443.72711181640625,26.33,60.06,1005.86,41.57
432.44,30.8,70.94,1007.06,63.09
444.87,21.52,66.51,1015.32,72.85
453.79,18.63,45.87,1007.98,79.9
456.17,16.69,44.78,1010.41,58.18
462.3057861328125,12.49,41.62,1011.37,82.68
432.92,32.06,75.33,1001.96,63.15
482.5428466796875,8.82,43.56,1014.95,81.54
447.1888427734375,25.14,64.63,1020.63,54.0
441.19,21.71,60.27,1015.74,89.76
451.35,19.65,44.89,1009.76,75.36
450.8507385253906,22.63,58.96,1013.62,56.67
476.73,11.82,41.67,1012.94,84.51
448.88,18.41,44.89,1009.75,77.24
429.6798400878906,32.09,70.4,1003.73,55.65
432.46,33.4,70.8,1009.17,57.01
472.3096923828125,11.83,44.21,1019.37,85.31
488.3177185058594,6.33,39.33,1012.06,93.16
463.93,15.02,37.64,1016.49,83.28
437.34,28.93,74.78,1009.48,56.4
468.28851318359375,14.81,39.58,1011.62,73.64
457.64,13.25,41.62,1010.8,77.81
450.33,18.27,65.94,1013.09,84.72
441.54,23.77,51.43,1006.67,84.09
472.13861083984375,12.8,44.34,1016.52,86.73
464.3316955566406,13.94,47.83,1004.83,81.2
468.57,16.44,43.96,1013.66,76.31
440.1,29.53,64.44,1013.22,59.75
431.691162109375,29.1,70.4,1003.97,77.57
481.37,6.04,41.14,1027.92,87.12
434.97,25.11,62.26,1011.12,78.01
463.09,17.13,42.86,1014.15,73.6
458.6,20.54,49.15,1021.02,56.0
465.93,14.02,44.47,1028.02,68.97
471.79,10.22,37.83,1005.94,93.53
435.56,31.46,77.17,1009.26,59.61
442.26,23.64,71.25,1004.92,93.87
436.33,26.69,59.21,1012.55,57.59
434.98,25.1,69.89,1015.42,85.81
488.82,6.23,40.96,1022.49,93.15
470.06,13.74,38.73,1004.34,82.82
443.67,27.35,61.47,1008.43,70.65
435.6961364746094,26.84,70.36,1007.41,71.47
436.4465637207031,23.69,77.54,1009.32,89.7
454.15,21.06,50.59,1016.42,66.12
473.1219787597656,12.28,43.67,1012.69,70.23
447.5946960449219,22.35,58.59,1013.99,79.78
487.24,6.12,40.81,1014.77,88.15
429.62384033203125,32.31,66.44,1009.6,63.92
471.85,9.1,39.42,1025.28,68.78
465.98,12.99,42.34,1018.04,96.25
433.64,25.75,71.14,1008.33,77.12
447.48,22.92,58.62,1016.37,71.38
476.49,12.33,39.28,1011.84,80.01
469.17,13.66,41.67,1013.43,80.56
447.1686096191406,22.24,60.07,1015.93,62.25
464.95654296875,13.48,41.26,1021.92,78.24
442.25,26.6,63.07,1011.97,61.3
431.23,31.82,71.29,1008.44,41.7
452.5055236816406,18.35,62.1,1019.97,78.36
433.59,31.44,72.86,1003.74,61.45
449.6,19.94,50.78,1008.78,92.07
455.82,18.13,60.1,1009.67,84.75
467.03,12.28,42.34,1019.19,95.8
453.94,18.6,60.1,1009.91,87.13
450.99,21.01,60.1,1010.93,78.6
441.12884521484375,27.64,75.6,1017.35,54.78
463.67,13.47,41.14,1026.09,82.96
482.17,7.96,38.91,1016.35,89.17
455.96,16.81,45.87,1008.7,98.0
443.47,22.69,58.46,1017.74,75.21
433.45,25.74,68.94,1007.7,67.56
485.23,5.75,42.07,1004.24,78.23
434.7555236816406,29.54,74.99,1005.0,69.69
440.9527893066406,27.36,63.31,1013.7,51.58
473.01,11.75,35.76,1018.99,57.92
464.5,12.02,40.66,1017.27,96.72
432.5914611816406,31.02,69.51,1011.16,47.64
447.42,20.11,50.78,1008.73,93.24
461.23,12.24,41.62,1013.38,90.26
438.75,29.11,74.78,1009.6,56.93
472.65,12.58,43.67,1012.86,94.01
442.8056640625,25.21,59.21,1013.19,62.85
431.77,25.64,68.08,1011.06,71.06
469.52,15.5,39.16,1016.24,78.13
440.16,28.61,70.36,1006.95,73.06
483.86,6.57,42.07,1004.48,74.82
430.85,29.5,71.14,1011.27,52.81
439.66,27.4,66.48,1004.71,51.5
448.92,22.06,43.43,1010.46,58.01
434.6,23.35,71.77,1005.99,90.79
480.490478515625,6.76,40.62,1015.67,87.16
446.99493408203125,20.62,48.41,1007.37,87.51
436.99,27.2,65.18,1011.47,47.14
435.66,24.17,71.25,1003.9,90.36
470.31,12.88,44.0,1022.71,88.58
428.9,29.23,74.22,1008.49,57.88
468.37,11.62,43.48,1016.66,76.32
436.50457763671875,28.41,66.91,1008.22,57.93
434.3014831542969,29.25,67.32,1013.88,38.57
487.84,5.43,39.9,1007.5,86.27
477.7038879394531,10.28,39.64,1010.45,74.15
479.78,7.95,37.49,1009.32,80.8
459.78,17.33,53.16,1013.77,82.77
471.93,11.02,41.26,1020.69,92.13
467.46,14.41,43.13,1016.32,59.55
456.18,19.69,56.65,1020.72,70.86
487.1444396972656,6.65,38.5,1014.01,87.6
480.18670654296875,8.88,36.66,1026.61,76.16
455.63482666015625,16.46,48.6,1006.08,89.0
451.17,20.2,60.1,1010.66,84.24
438.67,22.87,74.22,1009.36,93.05
437.99,28.83,71.32,1006.28,75.65
464.7,16.7,36.99,1006.19,89.33
452.3627624511719,22.36,64.15,1021.05,68.43
450.86,23.96,46.93,1013.98,47.22
439.43,23.19,60.75,1008.33,82.0
435.91,25.65,68.08,1011.27,75.26
472.72,13.22,40.83,1007.82,92.72
452.77,18.75,44.9,1007.99,75.76
444.42,28.02,63.9,1013.96,46.2
447.9,23.09,63.91,1012.23,83.25
444.44,26.21,65.12,1016.06,44.31
427.28,33.8,64.96,1004.88,49.37
442.12,26.45,47.43,1008.87,53.25
432.01,30.82,78.87,1012.06,70.69
460.53,14.22,44.99,1012.0,75.28
437.31,29.45,75.6,1018.12,50.68
480.05,6.99,35.19,1019.32,68.95
443.74,22.43,55.97,1008.97,85.98
454.78,16.57,63.31,1016.19,81.02
436.57,23.75,66.54,1004.41,85.44
430.5880432128906,29.05,71.85,1008.6,78.69
466.78,13.28,43.8,1023.17,63.98
481.7294006347656,7.76,37.7,1014.82,76.47
466.79205322265625,14.93,39.39,1014.31,80.68
452.6448974609375,18.5,47.45,1009.23,83.21
443.5257263183594,24.35,58.79,1010.13,72.1
439.99,26.66,70.02,1010.88,58.37
464.14,12.05,48.04,1009.14,100.13
469.23,14.79,39.54,1007.25,82.54
474.17,10.33,43.99,1020.7,96.68
442.3,28.23,64.05,1011.98,75.23
438.29,24.91,69.89,1015.25,82.39
438.07672119140625,23.82,73.67,1007.26,88.16
473.1113586425781,10.44,37.83,1006.31,97.2
431.93,28.74,70.32,1008.15,45.99
429.58,30.7,67.69,1005.92,51.58
452.25018310546875,17.12,58.95,1016.74,90.41
486.58,6.71,40.96,1022.71,91.89
430.91,29.08,70.83,1007.98,51.95
477.17,12.48,39.85,1012.93,60.23
465.20428466796875,15.92,44.85,1015.84,59.99
461.0810241699219,16.37,54.3,1017.94,63.63
466.87677001953125,12.05,40.55,1016.63,100.14
446.84,21.55,44.57,1006.03,71.54
470.47,13.52,40.83,1009.94,87.53
441.78,24.21,70.98,1007.02,95.57
440.79,24.87,58.33,1013.76,54.55
430.06,28.55,72.43,1007.2,65.82
439.3569030761719,26.93,62.44,1011.02,70.05
459.72,18.59,41.1,1001.93,58.16
440.61,23.59,59.43,1009.96,65.8
445.17,23.83,50.32,1008.41,72.23
459.2193298339844,17.86,50.88,1015.59,88.28
463.4,17.01,50.59,1015.8,80.95
448.92,20.04,58.2,1017.56,74.31
443.13,27.32,76.09,1007.77,74.64
439.24,31.13,64.05,1011.51,61.27
457.704833984375,19.69,56.65,1020.86,70.02
473.72900390625,12.0,39.96,1011.73,77.77
487.19,7.97,38.5,1013.84,72.36
477.57,8.14,41.26,1020.61,91.28
437.65,28.07,68.08,1013.13,44.67
471.922607421875,13.44,40.69,1014.54,77.97
461.97,14.8,43.99,1022.89,85.25
456.07,16.98,43.99,1021.65,81.17
463.32,15.29,44.88,1018.85,73.67
457.74,19.35,64.15,1021.37,68.53
441.05,21.65,58.18,1008.33,95.28
440.94,22.18,59.39,1014.82,85.31
433.63,28.15,74.9,1003.67,76.32
475.523681640625,7.74,39.96,1025.78,95.81
441.6719055175781,26.48,51.43,1006.76,74.3
438.42,27.6,67.25,1017.78,54.25
472.9,10.57,41.26,1008.32,97.96
436.65997314453125,23.28,68.28,1000.79,81.35
465.24,14.6,44.47,1028.46,69.96
437.08477783203125,30.6,72.29,1010.54,41.52
445.82,25.4,65.34,1013.11,53.93
459.73,16.52,44.88,1017.61,90.08
479.03,10.42,44.85,1014.18,88.36
460.6150207519531,15.55,45.09,1014.33,62.19
472.88,14.12,41.39,1018.73,76.51
463.57757568359375,16.57,43.7,1015.67,71.95
431.19,34.09,68.51,1009.0,32.96
461.93,22.25,43.79,1015.78,52.68
455.11,21.51,48.92,1010.36,38.27
494.21,5.37,40.07,1012.75,63.58
434.8231201171875,26.94,71.14,1011.63,62.74
438.3756103515625,22.57,68.3,1017.43,87.69
450.04,24.33,46.93,1013.61,53.02
444.4035339355469,21.3,59.39,1013.83,84.53
425.3,30.9,69.4,1003.53,66.69
459.95,16.29,53.82,1014.97,73.15
466.953125,12.46,40.73,1017.53,93.47
441.5163269042969,28.44,74.93,1013.88,52.0
459.59,17.85,45.64,1020.11,82.94
442.49,25.56,50.05,1005.67,69.29
439.02,23.85,72.43,1008.01,88.34
451.7430114746094,19.83,46.33,1013.27,96.4
443.3,24.12,62.44,1013.83,88.02
450.01,22.54,61.27,1019.12,54.02
485.2618408203125,8.94,41.38,1021.5,79.45
461.7,16.0,43.34,1013.58,78.87
433.0870361328125,32.83,74.16,1007.57,60.2
440.1290588378906,24.6,67.69,1008.67,67.69
451.94,17.9,52.08,1006.41,100.09
449.53582763671875,23.81,60.08,1017.29,62.66
429.09716796875,30.55,68.24,1009.43,63.84
465.88,14.39,44.85,1014.19,75.16
489.1,8.36,40.67,1014.99,73.65
444.09,29.03,67.79,1010.67,55.42
458.12,17.68,44.92,1024.55,69.7
470.76416015625,13.51,40.1,1014.29,86.34
454.16,19.11,60.29,1017.1,76.62
461.74,17.46,40.22,1006.7,91.96
451.16,23.7,64.45,1012.87,38.24
469.37,13.68,44.47,1027.81,69.53
438.53,26.39,49.02,1007.62,70.82
477.2,8.05,40.62,1018.16,73.67
461.29,18.4,40.79,1006.18,92.36
463.83,14.75,40.66,1016.7,81.65
431.11163330078125,31.66,73.91,1004.49,68.13
479.91,5.28,45.87,1008.25,97.88
439.63,24.42,65.94,1011.25,65.04
480.96240234375,8.68,39.61,1021.54,77.98
434.89,25.68,68.27,1008.05,68.48
466.86,18.19,41.85,1014.93,61.37
486.53,4.44,38.44,1016.14,75.35
462.72,14.42,44.88,1019.35,59.17
475.6,10.57,41.55,1003.62,67.89
445.73,27.83,72.29,1012.04,48.86
439.693603515625,28.94,62.26,1010.64,50.41
481.85,11.02,44.58,1016.4,83.57
439.14,29.05,75.6,1017.63,51.16
431.6888427734375,31.37,76.86,997.34,62.94
485.92,7.54,40.72,1023.82,85.15
441.86,27.57,70.36,1007.18,71.1
449.7137451171875,18.81,52.08,1004.43,99.6
463.9,14.54,41.16,1000.0,81.34
480.502197265625,9.55,40.67,1018.56,70.72
452.37,18.55,46.48,1007.34,80.67
466.83,14.59,41.23,999.48,86.66
439.45,28.7,49.16,1004.42,36.51
459.21038818359375,14.63,40.0,1018.03,63.4
436.92,29.4,57.19,1008.34,53.95
444.85,20.76,57.25,1011.01,90.31
467.61,15.03,35.71,1015.26,56.55
458.49,13.42,40.92,1022.84,75.89
428.48,35.01,74.67,1016.1,26.3
463.89,17.34,47.03,1013.36,98.13
432.65,26.2,72.24,1011.3,78.29
465.61,17.48,44.71,1014.99,36.71
483.56,7.75,38.06,1020.83,83.39
453.4,18.99,59.27,1012.15,89.39
438.1657409667969,26.8,49.3,1003.86,62.75
427.2562255859375,31.7,69.13,1000.29,46.27
449.99,22.83,41.1,1002.0,38.62
450.3934326171875,22.42,62.52,1016.83,63.27
474.9,13.78,39.85,1012.7,71.99
446.09,24.81,60.95,1014.72,54.71
444.46,25.37,58.33,1013.49,51.42
450.1546325683594,21.24,44.57,1008.72,72.57
475.31561279296875,11.61,39.69,1006.85,83.69
457.7,15.79,49.21,1015.08,75.8
489.96,6.84,41.06,1021.04,89.59
431.26,25.53,71.85,1009.19,74.7
489.07,3.51,35.47,1017.53,86.56
482.8,7.0,35.77,1018.21,64.84
466.2,12.71,43.8,1023.15,71.16
435.23,25.33,71.73,1009.78,77.78
433.84,30.91,79.74,1006.92,56.32
458.57,17.79,43.52,1020.65,68.29
435.71,32.15,72.29,1010.13,50.19
454.14,16.96,63.31,1016.42,77.09
432.19,26.48,68.14,1004.83,55.96
456.44,19.88,47.03,1012.27,91.99
458.4316711425781,16.18,50.88,1014.06,100.09
474.94,10.59,38.38,1021.58,68.23
462.12,17.51,39.54,1010.22,71.53
449.01,23.63,63.57,1011.05,87.96
436.28,24.6,71.73,1010.08,78.77
431.02,28.01,73.18,1012.25,75.02
434.47,23.67,71.77,1004.76,86.13
463.16729736328125,15.21,43.5,1021.6,82.06
481.96,9.38,41.44,1015.09,86.8
456.75,14.93,41.79,1008.88,81.48
435.1227722167969,28.18,73.03,1014.18,67.72
440.68,24.86,60.77,1016.85,71.24
474.1943359375,12.14,40.83,1010.56,78.31
430.7,31.24,72.39,999.47,68.17
439.14,25.2,65.59,1013.0,71.34
442.38616943359375,27.02,61.86,1012.38,70.28
440.0237731933594,27.09,59.15,1013.02,55.18
472.6574401855469,13.7,42.86,1030.68,79.77
484.32,6.61,38.91,1015.77,92.31
474.09,10.1,41.79,1019.36,78.07
439.4,23.02,69.94,1007.94,64.66
444.46,23.69,58.05,1012.08,74.26
440.73,22.5,64.69,1007.03,74.92
454.46,19.66,42.18,1001.51,95.75
443.52,24.71,60.77,1016.67,69.7
463.21,15.62,41.23,992.89,83.99
467.92,15.28,44.58,1016.45,83.07
453.29,20.67,57.5,1014.42,81.89
454.78,20.79,50.66,1013.39,77.93
441.2996520996094,24.54,48.41,1008.61,73.53
445.63641357421875,25.21,64.63,1020.56,51.31
426.3345642089844,34.18,67.9,1005.87,30.34
430.2978515625,29.85,68.24,1007.01,30.99
457.725341796875,18.37,44.89,1010.61,86.74
457.5176086425781,19.87,49.69,1012.23,68.57
439.77,25.28,66.25,1009.77,84.55
467.5138244628906,13.47,43.34,1012.75,87.04
464.0732116699219,13.7,43.22,1012.01,71.57
442.67,20.91,59.14,1017.25,74.7
446.34,19.09,65.94,1012.53,81.06
474.15,9.33,44.03,1011.73,86.04
478.71,10.11,44.85,1014.2,84.81
434.4,28.64,69.23,1013.11,37.13
433.055908203125,29.86,69.34,1007.76,54.12
443.09,24.42,62.66,1007.65,71.57
466.38739013671875,13.49,43.41,1015.75,57.86
437.15887451171875,30.1,47.93,1002.64,42.06
478.48,9.43,43.69,1017.28,91.8
443.98,24.78,50.78,1008.81,62.97
454.39,20.6,60.08,1017.84,75.92
470.39,14.77,39.16,1016.12,81.88
453.54,17.26,49.78,1007.38,100.06
452.82,24.48,64.45,1014.69,51.43
443.84,25.57,44.05,1005.79,65.14
475.61,11.82,41.17,1019.5,55.74
433.08,25.46,70.32,1010.65,64.7
443.54,23.75,59.07,1007.73,88.82
440.66,24.2,59.43,1009.69,62.3
428.76,27.62,72.43,1007.54,71.33
465.02239990234375,14.4,42.18,1015.47,77.7
465.22,14.1,43.34,1012.91,86.45
481.0093688964844,6.07,41.14,1027.57,86.98
453.14190673828125,17.31,58.49,1011.8,92.77
481.55,9.19,42.44,1014.38,94.24
464.63427734375,17.5,42.44,1012.55,76.85
451.1052551269531,20.57,63.78,1016.76,74.0
467.44,12.28,41.49,1019.73,94.79
440.85,22.99,61.02,1009.88,81.56
439.83,28.38,64.05,1010.19,71.84
459.73,17.57,44.06,1015.43,72.75
482.7816467285156,8.36,38.91,1016.27,88.82
488.63,4.86,39.4,1012.73,91.39
470.84,16.7,40.56,1019.04,50.9
491.77,6.22,39.33,1012.31,93.23
446.69,27.47,63.78,1016.07,48.47
441.1,21.99,71.85,1009.5,74.77
437.37,24.67,61.5,1009.06,72.77
481.29888916015625,8.62,42.49,1009.06,86.93
446.779541015625,18.14,67.71,1003.82,95.69
450.25,20.33,57.76,1016.47,75.35
444.4,26.1,58.9,1004.18,71.63
490.68,4.0,39.9,1008.46,97.21
440.3564147949219,22.26,60.37,1008.14,92.37
450.08,23.57,64.15,1020.95,68.19
462.63,17.7,43.69,1016.98,61.98
478.70111083984375,9.47,41.4,1026.21,89.08
460.75,16.69,50.9,1013.21,84.98
475.7633056640625,9.82,41.04,1026.72,77.28
478.88,10.78,41.93,1015.56,95.71
445.5206604003906,25.63,48.92,1009.99,34.64
475.88,9.29,35.77,1015.34,63.29
472.1817321777344,9.86,37.83,1005.05,100.15
474.0577087402344,11.37,40.56,1017.56,64.8
434.2628173828125,25.79,70.4,1007.11,86.03
439.8282470703125,24.93,70.32,1007.34,61.25
440.28,28.41,75.6,1018.48,56.07
473.87,9.25,41.26,1020.51,91.21
434.8005065917969,26.49,71.73,1010.07,74.48
467.22,15.98,39.64,1009.31,81.21
442.85,20.77,56.85,1012.4,83.63
471.84,13.69,41.74,1021.19,60.86
444.2623596191406,26.03,64.44,1012.75,62.24
474.16,9.43,41.4,1028.03,84.98
428.6,26.37,69.84,1002.71,83.51
488.53,7.64,41.17,1020.01,75.14
449.98,28.76,51.43,1011.88,49.79
436.37,27.84,68.08,1013.34,46.19
478.05,9.42,39.64,1010.86,74.03
446.67,25.08,51.43,1011.8,71.98
445.2908935546875,21.73,61.45,1010.27,91.59
484.7235107421875,5.18,41.31,1000.59,92.14
446.1308288574219,21.17,58.46,1017.71,83.98
435.02,22.52,66.48,1003.87,78.29
461.61,12.76,41.48,1014.06,70.34
435.84,27.71,62.39,1006.43,68.21
449.11,24.66,48.78,1018.39,71.79
480.53,7.2,40.02,1031.71,69.89
485.94,6.14,39.4,1011.21,90.87
442.0,23.0,60.27,1018.72,84.25
472.52,13.26,42.99,1007.58,94.26
449.06,22.34,52.84,1004.05,73.96
472.08,12.31,37.73,1023.3,63.01
444.43,23.63,58.98,1010.99,81.16
438.35,23.39,68.51,1013.09,78.6
426.87,28.8,71.77,1006.41,66.03
436.62847900390625,23.28,72.24,1011.3,90.5
433.05523681640625,28.6,71.22,1003.15,58.33
463.33,15.89,41.7,1018.93,82.68
460.170166015625,15.46,42.07,1017.9,81.12
445.66,22.86,62.4,1010.59,78.24
443.46,20.9,67.07,1005.43,82.85
454.41,17.75,49.25,1020.86,63.67
444.04,25.93,60.29,1017.62,50.03
444.23,23.99,50.32,1008.41,67.4
452.5,18.76,56.53,1020.04,86.62
488.12,7.44,38.5,1012.81,70.27
440.27,25.18,65.06,1013.64,55.77
475.69,9.12,41.49,1020.58,96.23
447.8234558105469,20.01,59.87,1019.0,84.12
430.0,30.66,73.77,1003.13,78.09
432.52,32.2,72.29,1008.61,69.94
464.25,14.77,44.47,1028.38,71.18
470.66,13.48,39.35,1014.56,81.25
447.14,20.64,61.86,1012.81,99.97
456.57,17.42,44.06,1016.63,82.15
453.44,18.76,58.79,1016.66,88.22
433.24,31.16,69.88,1007.01,68.28
458.93499755859375,18.05,56.03,1020.69,77.87
474.71,7.29,41.04,1024.06,89.19
429.97,30.36,68.08,1010.76,51.32
481.56,8.81,43.14,1012.46,73.99
451.13116455078125,21.17,59.8,1016.06,77.73
464.26,18.0,43.7,1015.4,61.28
468.92,13.2,44.9,1022.43,87.68
441.37,28.16,70.72,1009.81,65.32
472.07,14.84,43.69,1016.31,68.67
433.9984130859375,30.2,70.02,1009.85,63.39
480.98,6.53,42.85,1012.65,91.6
431.18,29.51,75.6,1017.92,50.61
469.38,12.58,39.72,1018.08,64.25
469.59,12.12,38.28,1013.7,91.27
490.5,3.74,35.19,1018.58,98.84
432.99,30.98,71.29,1008.78,47.7
466.53,14.09,44.47,1029.08,72.36
442.2760314941406,24.84,56.89,1012.15,67.24
465.77,14.79,44.06,1018.53,74.79
483.19,9.7,40.71,1025.63,80.34
438.15130615234375,28.55,65.27,1013.34,48.95
461.0444030761719,20.98,42.23,1012.9,70.7
466.89,15.86,39.82,1013.12,77.37
465.2858581542969,15.29,41.35,1006.32,82.56
466.47491455078125,13.31,42.18,1016.0,83.94
465.97,16.78,39.63,1005.84,87.91
453.45,19.66,45.01,1014.42,60.14
444.1307373046875,23.73,59.15,1014.08,62.65
431.81,33.63,77.54,1009.82,58.04
434.48,25.56,69.13,1002.46,68.26
434.7,27.95,77.54,1010.12,78.97
435.69830322265625,26.92,67.25,1017.74,61.68
480.11,10.2,41.46,1019.12,83.26
453.1333923339844,16.09,65.46,1013.84,85.52
435.58,33.82,77.17,1008.96,58.91
467.2,13.85,44.9,1019.11,76.79
469.79,15.24,39.39,1013.01,74.24
468.598876953125,10.03,43.72,1011.46,96.89
453.02874755859375,17.2,58.49,1012.06,92.01
475.73,12.72,40.64,1021.11,93.24
435.27,25.97,70.32,1007.48,57.01
478.76409912109375,10.1,40.22,1007.1,90.36
474.57,10.48,37.5,1009.81,95.26
434.93212890625,25.84,69.14,1009.22,88.47
455.44,18.51,48.06,1015.14,79.83
450.86,22.82,60.08,1017.95,65.71
481.21929931640625,8.76,40.96,1025.21,90.72
489.22,6.49,39.33,1010.85,91.85
453.99,21.01,50.9,1012.24,70.82
468.74,13.31,40.1,1014.81,82.11
439.73,26.13,71.64,1004.16,87.18
489.2012939453125,5.34,39.22,1012.73,81.42
485.3,8.72,40.72,1023.48,77.87
435.06,25.32,71.94,1009.94,62.93
440.78,25.68,58.41,1013.71,70.61
442.25,24.04,60.77,1017.62,75.23
447.73,20.21,60.84,1018.5,82.73
443.0705261230469,25.97,57.32,1012.13,47.48
442.98,25.68,46.21,1011.01,57.53
448.04,19.51,66.51,1015.28,80.75
436.61,27.57,71.32,1002.59,76.68
481.31,10.15,41.46,1019.78,83.56
469.02,13.75,41.49,1019.9,88.23
476.68,11.02,41.44,1015.28,83.53
457.09,19.44,39.53,1006.99,63.18
464.0,14.83,53.82,1016.57,63.47
438.8538818359375,25.59,61.5,1009.12,68.0
435.25,27.29,71.32,1006.39,81.59
431.66,31.04,66.54,1003.83,53.05
431.75,28.15,72.24,1010.88,62.39
437.0916442871094,25.3,71.29,1007.86,62.98
473.24163818359375,10.76,40.78,1023.81,87.96
482.21,6.81,37.49,1010.74,88.25
434.09,25.41,77.54,1009.68,89.09
473.66,9.82,37.83,1005.29,100.07
468.14,15.3,43.67,1011.75,95.31
474.08,12.64,40.69,1015.86,82.06
468.41,12.51,41.92,1031.21,64.66
450.89,17.78,58.95,1016.32,89.61
440.2026672363281,28.4,75.23,1011.12,55.01
483.71,7.49,39.81,1018.2,85.96
474.75,11.67,42.74,1025.92,79.57
430.48,28.68,70.32,1008.51,45.73
477.53,10.24,39.28,1010.13,81.61
457.91,22.95,45.61,1013.65,73.92
480.6,7.95,41.26,1008.48,97.92
487.8,5.72,40.81,1025.78,92.46
438.8717041015625,24.24,68.3,1018.03,81.51
429.84,30.01,73.18,1012.23,60.9
474.68,9.36,44.03,1010.3,87.2
447.3,22.44,63.86,1020.0,64.83
445.91204833984375,21.39,64.27,1011.71,95.39
440.0,26.78,66.54,1010.14,49.01
458.67,16.76,45.09,1014.28,57.71
473.05,10.12,43.72,1011.33,97.62
449.85,19.84,65.48,1019.54,76.6
436.42,28.32,66.54,1010.28,45.6
475.17,8.25,41.26,1020.59,91.84
444.09,24.2,68.67,1006.72,78.08
433.82,28.32,71.32,1008.02,78.82
445.71661376953125,22.29,61.27,1019.05,58.23
438.41351318359375,29.05,69.71,1009.03,64.25
452.06,17.34,46.48,1007.18,83.15
465.74,17.25,39.39,1014.27,67.8
463.06,13.82,42.32,1016.32,81.19
435.8454895019531,27.05,77.95,1009.57,76.56
460.7,15.99,43.5,1021.34,73.22
443.74,26.01,58.41,1013.56,70.84
440.38,31.31,67.48,1009.71,57.06
445.9020080566406,25.57,65.46,1014.81,38.58
463.61,16.74,38.01,1022.63,69.19
456.04,20.35,56.53,1020.23,70.05
487.05,6.71,39.37,1020.28,71.15
468.22,12.84,39.54,1011.47,89.86
427.62,29.57,67.83,1009.19,55.74
456.7,20.46,51.43,1010.06,83.79
432.58,29.29,71.14,1011.49,49.97
474.92,10.13,38.16,1013.57,79.04
438.2821960449219,26.93,59.54,1004.02,75.5
469.35,14.39,43.56,1012.97,59.17
489.1,5.18,40.27,1010.84,81.64
452.67,20.1,57.17,1011.96,87.68
480.08,8.53,43.14,1012.25,78.88
444.8992919921875,24.1,52.84,1006.47,47.58
483.74,9.29,34.03,1018.84,74.81
442.4,22.07,58.95,1017.98,75.83
435.82,23.57,61.47,1009.27,84.17
452.96,20.45,59.8,1015.13,79.21
464.86,9.97,41.62,1013.99,96.02
437.81,26.62,76.2,1006.06,69.13
434.99456787109375,27.11,69.59,1008.56,79.2
453.27,19.51,48.78,1021.03,86.33
457.71221923828125,18.01,54.9,1017.04,77.82
467.01,14.41,40.71,1016.78,69.77
434.33,24.66,72.24,1011.35,77.45
477.05,10.59,41.54,1019.94,73.88
472.47,12.28,40.55,1005.72,98.56
474.4740295410156,11.19,40.64,1020.57,84.49
468.8706359863281,14.62,42.86,1015.56,84.5
474.16,10.05,37.14,1012.64,75.97
439.1620788574219,24.91,71.29,1008.29,69.06
437.8816833496094,30.96,69.82,1009.6,51.55
436.23,30.31,74.16,1010.69,58.81
456.41,17.47,43.77,1012.25,76.78
437.4,30.36,71.8,1010.9,63.27
443.66,25.06,44.57,1007.39,56.07
460.43,20.57,42.8,1013.1,75.48
455.9908142089844,17.79,46.21,1010.38,85.25
459.11,18.51,50.9,1012.95,82.71
472.7941589355469,13.21,40.56,1018.12,64.49
433.3075256347656,30.24,68.3,1016.21,48.25
435.47,24.4,67.45,1015.63,57.1
475.98260498046875,8.72,40.02,1031.32,78.09
478.3,11.16,40.96,1023.49,83.7
451.1673278808594,20.28,48.78,1017.4,82.51
484.2,8.57,41.17,1020.18,72.47
431.23,31.2,73.17,1010.28,53.23
443.1,21.83,63.07,1011.57,87.02
464.6766357421875,14.43,44.47,1028.57,70.7
432.19,31.35,70.8,1010.11,66.37
475.13,12.27,41.17,1019.41,58.1
463.86,10.09,41.62,1015.21,96.56
485.3464660644531,5.24,38.68,1018.03,78.65
482.82,7.14,39.4,1011.68,91.84
482.02,6.63,39.42,1024.81,72.58
440.5,27.37,65.06,1013.09,50.92
435.82,30.39,71.8,1010.87,64.11
451.5,15.75,47.45,1009.86,86.68
443.68,28.82,71.43,1011.51,58.58
443.78,24.0,75.23,1010.69,72.46
428.35198974609375,28.17,72.43,1007.37,68.92
430.55,27.2,78.05,1010.15,90.2
425.27,30.08,68.14,1003.99,77.38
481.2811584472656,9.65,41.03,1021.09,64.97
436.19,28.15,70.72,1009.76,73.38
435.2,27.21,68.12,1012.96,54.69
464.95,14.65,41.92,1030.61,63.07
435.58,32.18,65.74,1010.89,46.52
477.8,7.57,41.14,1028.23,87.97
440.57,27.2,49.16,1005.33,46.73
445.75,25.89,59.22,1013.4,80.17
438.963134765625,25.01,66.56,1009.68,64.94
433.04,26.68,68.08,1011.41,67.33
456.4,17.72,50.9,1012.02,85.55
432.71,28.62,70.94,1007.38,53.0
448.97503662109375,27.06,61.41,1011.99,45.23
438.26,24.27,74.99,1007.73,82.49
429.86,32.15,69.98,1013.3,55.13
461.49,17.08,38.58,1015.41,73.42
456.71,22.08,45.61,1014.02,75.71
464.82,13.27,52.75,1025.86,65.12
426.25,30.24,68.24,1009.68,64.67
472.5,13.13,40.75,1016.05,80.87
442.4,26.2,63.56,1013.39,67.07
465.8,9.74,41.01,1019.12,98.39
444.34,23.83,58.79,1009.77,78.13
440.87,24.49,60.27,1018.96,72.62
437.87,26.66,64.27,1012.83,58.88
461.34,14.42,44.66,1016.1,93.89
483.54,10.76,44.58,1016.41,79.24
446.94,21.79,58.2,1017.21,66.74
480.74432373046875,9.51,38.38,1022.77,73.82
467.46,11.06,41.16,1018.52,89.14
440.6829528808594,27.69,69.71,1009.9,69.91
455.58,20.48,39.72,1001.61,57.32
450.25,22.03,64.79,1017.95,76.2
480.9528503417969,5.81,45.87,1009.63,94.38
464.45,12.23,41.58,1018.76,87.66
478.29,6.29,40.78,1024.75,96.37
444.26,24.64,58.79,1009.82,73.96
437.257568359375,24.05,67.83,1009.35,63.8
472.80126953125,11.06,36.71,1021.67,80.44
433.59,32.49,71.32,1005.03,57.12
449.59,19.69,57.32,1012.41,75.51
446.22003173828125,23.82,44.89,1009.39,74.69
475.9,11.0,40.23,1019.08,86.5
473.56,10.15,41.14,1025.5,91.54
439.07696533203125,23.41,74.99,1007.22,84.55
446.23,19.31,67.71,1005.31,77.15
429.5390625,30.34,68.08,1010.85,49.4
446.26,25.2,57.5,1015.19,59.62
436.31,28.26,69.23,1013.01,42.1
438.86328125,23.39,73.5,1011.37,88.48
484.2469177246094,5.98,39.61,1017.27,84.86
427.22,29.62,73.18,1012.21,61.6
443.36614990234375,22.59,70.32,1007.07,74.39
447.93,21.53,58.05,1012.9,87.57
461.87677001953125,15.86,38.62,1016.65,67.51
474.71,12.36,40.56,1022.11,72.99
451.98,21.09,59.8,1016.94,76.95
439.52,25.07,60.27,1018.13,70.33
425.21,31.12,67.69,1005.3,50.46
435.74969482421875,30.27,64.69,1006.3,53.69
449.6,19.48,63.09,1019.28,78.04
467.33270263671875,12.95,43.71,1025.63,90.7
439.45,23.62,67.45,1014.63,59.8
446.5985107421875,18.93,67.71,1005.04,82.4
465.75,14.57,42.18,1015.13,74.89
450.2804870605469,22.75,57.76,1017.83,66.54
437.49,25.5,67.83,1009.29,61.29
434.8,29.67,66.51,1015.6,34.1
431.2601623535156,25.88,69.13,1002.44,85.67
468.7228698730469,14.57,39.28,1015.1,76.94
459.6,13.44,42.34,1018.0,96.65
454.7232971191406,18.67,44.06,1017.13,77.18
434.96,29.53,71.97,1008.6,79.25
457.9706115722656,18.31,52.9,1015.99,66.14
461.1997985839844,13.09,41.62,1011.82,83.14
439.25,26.56,52.3,1007.4,62.04
472.16,10.46,37.5,1013.12,76.74
456.70013427734375,20.73,41.1,1001.86,47.51
433.1021423339844,28.82,77.24,1008.35,78.93
435.5948181152344,28.52,70.72,1009.64,66.76
462.373291015625,16.13,53.82,1015.63,63.08
449.34,22.82,64.63,1020.78,66.73
438.36,22.84,67.32,1013.77,64.67
442.24,30.56,69.04,1009.29,55.73
436.77,29.9,74.99,1002.28,59.76
485.1,8.47,41.03,1021.72,70.16
435.21,27.89,70.94,1007.54,49.18
473.46435546875,12.12,41.17,1017.68,78.72
451.28,20.42,45.01,1012.23,66.5
438.12,33.2,73.88,1005.67,48.48
443.86328125,23.62,56.85,1011.11,64.44
462.55,14.79,46.48,1007.46,92.4
455.58,19.94,44.63,1004.73,78.48
456.93,17.16,53.16,1013.2,82.85
479.23,8.67,40.77,1011.81,89.4
441.41,21.41,56.9,1007.03,79.41
484.75,7.93,42.28,1008.43,85.57
438.04,29.7,67.17,1007.31,66.56
456.21,15.84,41.04,1025.64,63.43
435.056396484375,25.63,69.89,1015.17,77.42
482.49,5.71,45.87,1012.04,93.42
440.36,25.31,67.9,1006.34,68.04
434.67,29.65,72.86,1004.26,69.63
448.79,20.0,69.48,1011.05,85.51
460.44,13.78,41.16,1021.65,75.77
464.36,14.14,43.34,1017.1,81.77
434.11,23.65,71.98,1006.09,93.39
466.87213134765625,15.33,43.13,1015.41,53.17
443.24578857421875,26.98,43.77,1010.95,40.8
431.26,29.29,70.36,1006.64,60.82
426.1,30.85,68.94,1007.31,68.99
474.22,11.35,38.91,1017.93,83.45
442.98,30.26,59.22,1013.18,61.08
430.46,28.16,71.94,1007.69,68.17
435.2534484863281,34.03,73.56,1006.49,51.07
450.4115295410156,20.15,58.59,1014.13,91.96
460.14,17.01,50.9,1013.23,82.03
471.8,9.88,40.71,1015.34,84.32
474.2648620605469,12.71,41.39,1019.3,74.2
432.68,30.89,74.87,1008.99,56.58
479.22,10.84,40.27,1005.24,87.27
443.29083251953125,27.34,59.87,1012.06,59.04
464.65,14.81,44.88,1019.1,66.7
452.21,18.2,45.01,1013.82,68.14
442.92694091796875,22.7,60.84,1019.15,71.48
444.53,22.43,63.94,1012.76,93.24
435.6,30.0,61.5,1009.4,48.63
437.72,25.72,59.21,1012.37,66.62
440.08,20.88,56.85,1010.91,84.28
444.51,28.31,66.17,1009.75,72.66
466.05,12.42,41.58,1019.49,86.31
452.83,21.35,58.16,1017.21,67.66
433.62,26.66,73.56,1006.9,99.27
455.86,16.61,45.87,1009.34,97.93
458.61,17.14,58.16,1018.59,77.22
461.9,20.98,42.23,1013.12,67.37
467.8558044433594,13.41,54.3,1016.48,79.28
457.3624267578125,11.99,49.83,1008.33,95.2
454.19,17.27,44.9,1007.85,78.8
439.78,22.58,59.14,1017.2,80.91
451.61492919921875,18.89,58.66,1010.96,84.07
441.51,22.41,70.98,1005.67,95.03
440.3780822753906,24.06,69.94,1005.47,60.46
435.01,30.37,76.09,1006.95,65.93
473.45,13.42,41.74,1020.96,61.8
474.97,10.63,42.28,1008.37,92.68
470.8876953125,10.94,25.36,1009.47,100.1
431.62,31.0,77.95,1010.14,65.97
475.81207275390625,8.47,41.26,1020.57,91.28
448.23,18.33,52.08,1001.78,100.09
436.36114501953125,28.43,69.59,1008.79,73.33
442.4375,24.97,58.95,1017.19,56.24
480.92,10.5,39.28,1016.55,91.75
437.61,27.35,77.95,1017.43,73.36
446.57,25.06,64.63,1020.66,54.93
430.19036865234375,29.39,68.24,1009.06,66.76
445.49,24.18,58.49,1011.3,77.82
464.95,15.75,39.99,1007.02,77.44
472.16,10.32,42.02,998.27,99.12
463.15753173828125,17.36,39.53,1008.28,68.87
474.50872802734375,12.27,41.17,1019.41,58.1
464.9224548339844,15.11,40.71,1017.96,69.31
445.6,22.2,63.94,1017.38,56.17
442.2144470214844,22.88,59.21,1011.51,86.93
439.03,28.96,75.23,1010.88,49.45
490.1708679199219,5.35,35.57,1027.12,80.81
452.33,20.2,64.45,1009.03,61.77
473.4530334472656,11.01,37.5,1015.08,73.36
462.12,15.5,44.92,1024.16,86.44
443.58,20.19,62.26,1011.37,89.69
442.31439208984375,24.95,64.33,1011.34,81.05
454.94,19.7,51.3,1014.88,88.1
440.51,28.57,65.27,1013.27,51.11
474.09,8.07,41.01,1023.26,97.5
445.3458251953125,19.68,68.28,1002.62,71.57
482.56939697265625,8.64,38.56,1016.51,66.03
472.32,10.53,37.5,1008.55,99.91
443.71,23.53,50.05,1005.63,78.4
433.71,24.9,67.25,1017.77,66.17
475.34,5.01,39.4,1003.69,91.9
439.06,22.66,69.84,1006.16,82.79
436.21,29.76,57.19,1008.59,51.1
448.55,26.3,61.41,1012.45,56.85
432.0,30.17,74.22,1007.46,49.27
484.22,8.02,40.23,1017.42,90.26
451.49,19.12,50.16,1011.52,99.71
465.89,14.87,42.18,1015.23,74.41
478.4450988769531,9.71,42.44,1014.29,94.03
435.5411071777344,24.33,77.54,1008.5,82.45
484.33,7.17,39.4,1011.48,90.38
443.3958435058594,24.61,62.96,1020.1,63.83
443.21,23.48,66.44,1011.28,61.11
439.59,23.7,70.32,1007.21,66.85
433.97,25.44,69.59,1008.22,80.73
453.5967102050781,17.46,62.1,1019.96,83.99
445.21484375,22.97,62.4,1010.25,75.18
454.2,26.22,49.82,1015.48,55.8
444.86,23.27,68.28,1005.01,74.83
465.45,11.76,41.58,1020.91,88.35
466.7569274902344,14.02,40.1,1015.56,82.44
460.03,16.65,49.69,1014.01,91.0
469.62,13.19,39.18,1023.67,66.78
429.57,31.32,74.33,1012.92,36.48
435.74,24.48,69.45,1013.86,62.39
452.3843688964844,21.6,62.52,1017.23,67.87
