date,HUFL,HULL,MUFL,MULL,LUFL,LULL,OT
2016/7/1 0:00,5.827000141,2.009000063,1.598999977,0.462000012,4.203000069,1.340000033,27.5902042388916
2016/7/1 1:00,5.69299984,2.075999975,1.491999984,0.425999999,4.142000198,1.371000051,27.626876831054688
2016/7/1 2:00,5.157000065,1.741000056,1.279000044,0.354999989,3.77699995,1.218000054,27.78700066
2016/7/1 3:00,5.090000153,1.942000031,1.279000044,0.391000003,3.806999922,1.279000044,27.780780792236328
2016/7/1 4:00,5.357999802,1.942000031,1.491999984,0.462000012,3.868000031,1.279000044,27.640705108642578
2016/7/1 5:00,5.625999928,2.142999887,1.527999997,0.532999992,4.051000118,1.371000051,27.766590118408203
2016/7/1 6:00,7.166999817,2.947000027,2.131999969,0.782000005,5.026000023,1.85800004,22.183027267456055
2016/7/1 7:00,7.434999943,3.282000065,2.309999943,1.031000018,5.086999893,2.223999977,23.1439991
2016/7/1 8:00,5.559000015,3.013999939,2.451999903,1.172999978,2.954999924,1.432000041,25.73188018798828
2016/7/1 9:00,4.554999828,2.545000076,1.91900003,0.816999972,2.680000067,1.371000051,24.19646644592285
2016/7/1 10:00,4.956999779,2.545000076,1.99000001,0.852999985,2.954999924,1.491999984,26.255739212036133
2016/7/1 11:00,5.760000229,2.545000076,2.203000069,0.852999985,3.441999912,1.491999984,26.779844284057617
2016/7/1 12:00,4.68900013,2.545000076,1.812000036,0.852999985,2.832999945,1.523000002,24.431745529174805
2016/7/1 13:00,4.68900013,2.678999901,1.77699995,1.243999958,3.107000113,1.613999963,23.55527687072754
2016/7/1 14:00,5.090000153,2.947000027,2.451999903,1.350000024,2.559000015,1.432000041,23.39097785949707
2016/7/1 15:00,5.090000153,3.148000002,2.486999989,1.350000024,2.588999987,1.523000002,23.617082595825195
2016/7/1 16:00,4.21999979,2.411000013,1.70599997,0.782000005,2.618999958,1.491999984,24.327621459960938
2016/7/1 17:00,4.756000042,2.344000101,1.63499999,0.711000025,3.075999975,1.491999984,28.742698669433594
2016/7/1 18:00,5.625999928,2.880000114,2.523000002,1.207999945,3.075999975,1.491999984,26.83685874938965
2016/7/1 19:00,5.492000103,3.013999939,2.451999903,1.207999945,3.015000105,1.552999973,28.043991088867188
2016/7/1 20:00,5.357999802,3.013999939,2.451999903,1.207999945,2.862999916,1.523000002,25.730432510375977
2016/7/1 21:00,5.090000153,2.947000027,2.381000042,1.207999945,2.680000067,1.523000002,23.401208877563477
2016/7/1 22:00,4.822999954,2.947000027,2.203000069,1.172999978,2.618999958,1.523000002,23.28779411315918
2016/7/1 23:00,4.622000217,2.880000114,2.131999969,1.136999965,2.467000008,1.491999984,23.42039680480957
2016/7/2 0:00,5.223999977,3.08100009,2.700999975,1.315000057,2.437000036,1.523000002,23.57640838623047
2016/7/2 1:00,5.157000065,3.013999939,2.878000021,1.350000024,2.345000029,1.432000041,22.9580020904541
2016/7/2 2:00,5.157000065,3.148000002,2.878000021,1.491999984,2.28399992,1.432000041,22.907033920288086
2016/7/2 3:00,5.157000065,3.08100009,2.914000034,1.491999984,2.193000078,1.401000023,22.919113159179688
2016/7/2 4:00,4.554999828,3.08100009,2.451999903,1.491999984,2.193000078,1.401000023,23.08095932006836
2016/7/2 5:00,5.425000191,3.282000065,3.092000008,1.70599997,2.437000036,1.462000012,23.137393951416016
2016/7/2 6:00,5.492000103,3.282000065,2.523000002,1.491999984,2.984999895,1.462000012,22.328567504882812
2016/7/2 7:00,5.625999928,3.214999914,2.486999989,1.491999984,3.075999975,1.523000002,27.247814178466797
2016/7/2 8:00,5.559000015,3.282000065,2.594000101,1.669999957,2.924000025,1.523000002,25.5690860748291
2016/7/2 9:00,5.223999977,3.214999914,2.559000015,1.56400001,2.680000067,1.462000012,23.5488338470459
2016/7/2 10:00,9.913000107,4.956999779,6.644999981,3.305000067,3.046000004,1.552999973,31.476842880249023
2016/7/2 11:00,11.78800011,5.425000191,8.173000336,2.523000002,3.686000109,1.674999952,29.670373916625977
2016/7/2 12:00,9.645000458,4.956999779,6.751999855,2.131999969,3.107000113,1.827999949,30.729944229125977
2016/7/2 13:00,10.38199997,5.760000229,7.461999893,2.559000015,2.984999895,1.76699996,20.19000053
2016/7/2 14:00,8.774000168,4.68900013,6.111999989,2.025000095,2.894000053,1.91900003,27.80329132080078
2016/7/2 15:00,10.44900036,5.157000065,6.965000153,2.451999903,2.772000074,1.735999942,26.720739364624023
2016/7/2 16:00,9.845999718,4.822999954,7.035999775,2.664999962,2.894000053,1.76699996,27.572967529296875
2016/7/2 17:00,9.913000107,4.822999954,6.894000053,2.415999889,3.229000092,1.735999942,29.531761169433594
2016/7/2 18:00,10.64999962,4.68900013,6.928999901,2.451999903,3.381000042,1.797000051,28.01978302001953
2016/7/2 19:00,10.11400032,4.354000092,6.644999981,1.812000036,3.107000113,1.735999942,32.17207336425781
2016/7/2 20:00,9.979999542,4.152999878,6.573999882,1.953999996,3.411000013,1.76699996,30.7108097076416
2016/7/2 21:00,9.31000042,4.21999979,6.005000114,2.131999969,3.229000092,1.85800004,27.585783004760742
2016/7/2 22:00,9.444000244,4.622000217,6.965000153,2.167999983,2.954999924,1.85800004,26.303014755249023
2016/7/2 23:00,9.444000244,4.287000179,6.822999954,2.559000015,2.588999987,1.735999942,25.7963924407959
2016/7/3 0:00,10.38199997,5.425000191,7.604000092,2.309999943,2.954999924,1.674999952,27.111120223999023
2016/7/3 1:00,9.779000282,5.223999977,6.71600008,2.842999935,2.650000095,1.674999952,28.20382308959961
2016/7/3 2:00,10.38199997,4.68900013,7.320000172,2.203000069,2.984999895,1.85800004,23.254976272583008
2016/7/3 3:00,9.779000282,4.152999878,6.822999954,1.99000001,2.528000116,1.674999952,27.609264373779297
2016/7/3 4:00,10.71700001,4.756000042,7.355999947,2.806999922,2.650000095,1.797000051,26.868324279785156
2016/7/3 5:00,10.31499958,4.68900013,7.390999794,2.451999903,2.924000025,1.85800004,26.925846099853516
2016/7/3 6:00,12.59200001,5.223999977,8.670999527,2.203000069,3.71600008,1.949000001,28.65618896484375
2016/7/3 7:00,11.11900043,4.622000217,7.888999939,2.842999935,3.625,1.91900003,30.60820960998535
2016/7/3 8:00,10.64999962,4.421000004,7.035999775,2.025000095,3.594000101,1.91900003,29.329362869262695
2016/7/3 9:00,10.04699993,4.21999979,6.43200016,1.669999957,3.686000109,1.949000001,30.224435806274414
2016/7/3 10:00,11.72099972,5.090000153,7.888999939,2.559000015,3.563999891,1.85800004,30.5961856842041
2016/7/3 11:00,12.12300014,5.357999802,8.065999985,2.486999989,4.081999779,1.91900003,29.145048141479492
2016/7/3 12:00,9.979999542,5.022999763,6.857999802,2.559000015,3.289999962,1.85800004,30.47605323791504
2016/7/3 13:00,9.243000031,4.956999779,6.289999962,2.630000114,3.137000084,1.888000011,31.72956657409668
2016/7/3 14:00,10.18099976,5.425000191,7.177999973,3.019999981,3.075999975,1.888000011,29.24860954284668
2016/7/3 15:00,9.645000458,5.425000191,7.106999874,2.664999962,3.015000105,1.827999949,31.16399956
2016/7/3 16:00,9.779000282,4.889999866,6.502999783,2.984999895,3.075999975,2.00999999,28.970792770385742
2016/7/3 17:00,11.11900043,5.157000065,7.320000172,2.914000034,3.806999922,1.980000019,31.410812377929688
2016/7/3 18:00,11.05200005,4.956999779,7.390999794,2.523000002,3.686000109,1.980000019,30.960365295410156
2016/7/3 19:00,10.7840004,4.889999866,7.214000225,2.486999989,3.594000101,1.888000011,29.16088104248047
2016/7/3 20:00,11.18599987,4.889999866,7.177999973,2.345000029,3.960000038,1.91900003,29.28204345703125
2016/7/3 21:00,10.44900036,4.889999866,6.610000134,2.309999943,3.806999922,2.040999889,29.34571075439453
2016/7/3 22:00,9.578000069,5.760000229,6.787000179,3.127000093,3.259000063,1.888000011,28.921646118164062
2016/7/3 23:00,9.31000042,5.760000229,6.610000134,3.055999994,3.167999983,1.888000011,29.05771255493164
2016/7/4 0:00,9.913000107,5.894000053,6.254000187,2.630000114,3.015000105,1.85800004,26.05833625793457
2016/7/4 1:00,8.975000381,4.956999779,6.289999962,2.664999962,2.862999916,1.827999949,29.15966033935547
2016/7/4 2:00,8.640000343,4.822999954,6.147999763,2.594000101,2.924000025,1.827999949,26.55561637878418
2016/7/4 3:00,9.175999641,5.492000103,5.578999996,2.381000042,2.862999916,1.85800004,24.556676864624023
2016/7/4 4:00,9.109000206,4.822999954,5.650000095,2.523000002,2.772000074,1.797000051,25.19623374938965
2016/7/4 5:00,9.845999718,5.559000015,5.96999979,2.948999882,3.107000113,1.888000011,25.70134735107422
2016/7/4 6:00,11.5880003,5.425000191,7.390999794,2.806999922,3.806999922,1.980000019,30.086170196533203
2016/7/4 7:00,11.78800011,6.09499979,7.214000225,2.984999895,3.898999929,2.040999889,29.906291961669922
2016/7/4 8:00,10.58300018,5.960999966,7.143000126,2.914000034,3.654999971,2.071000099,28.179445266723633
2016/7/4 9:00,11.5880003,6.296000004,7.568999767,3.055999994,3.471999884,2.00999999,29.13477897644043
2016/7/4 10:00,11.92199993,6.229000092,7.710999966,3.055999994,3.746000051,1.949000001,29.743207931518555
2016/7/4 11:00,12.32400036,5.559000015,8.421999931,3.233999968,4.203000069,1.980000019,29.87395477294922
2016/7/4 12:00,10.38199997,5.894000053,6.857999802,2.630000114,3.563999891,1.949000001,27.43476676940918
2016/7/4 13:00,10.04699993,5.425000191,6.751999855,3.019999981,3.319999933,1.949000001,29.704301834106445
2016/7/4 14:00,10.51599979,6.027999878,7.106999874,3.375999928,3.137000084,1.91900003,29.06950569152832
2016/7/4 15:00,10.71700001,6.09499979,6.787000179,3.019999981,3.167999983,2.00999999,29.512943267822266
2016/7/4 16:00,9.979999542,5.022999763,6.502999783,2.559000015,3.441999912,2.040999889,30.48256492614746
2016/7/4 17:00,11.31999969,5.090000153,7.355999947,2.451999903,3.868000031,2.040999889,29.370256423950195
2016/7/4 18:00,11.38700008,4.956999779,7.355999947,2.451999903,4.295000076,2.193000078,29.343904495239258
2016/7/4 19:00,9.376999855,3.88499999,6.894000053,2.239000082,2.467000008,1.187999964,28.347496032714844
2016/7/4 20:00,10.11400032,4.085999966,7.143000126,2.239000082,2.954999924,1.462000012,30.766796112060547
2016/7/4 21:00,10.38199997,4.822999954,6.894000053,2.309999943,3.503000021,2.00999999,28.616750717163086
2016/7/4 22:00,9.645000458,4.889999866,6.610000134,1.91900003,3.259000063,1.91900003,31.590011596679688
2016/7/4 23:00,12.72599983,6.497000217,9.345999718,3.482000113,3.167999983,1.980000019,28.98657989501953
2016/7/5 0:00,11.98900032,5.625999928,8.777000427,2.948999882,3.197999954,1.980000019,28.876728057861328
2016/7/5 1:00,12.52499962,6.296000004,8.954999924,3.163000107,3.137000084,2.00999999,28.782236099243164
2016/7/5 2:00,12.32400036,6.296000004,8.812999725,3.375999928,2.984999895,1.91900003,24.592058181762695
2016/7/5 3:00,10.71700001,5.425000191,8.065999985,2.878000021,2.832999945,1.85800004,27.32915496826172
2016/7/5 4:00,11.31999969,5.625999928,7.676000118,2.630000114,3.046000004,1.888000011,29.11734390258789
2016/7/5 5:00,10.85099983,4.68900013,6.822999954,1.883000016,3.319999933,2.040999889,30.427335739135742
2016/7/5 6:00,13.32900047,5.425000191,8.883999825,2.736000061,4.081999779,1.949000001,29.353239059448242
2016/7/5 7:00,11.45400047,5.223999977,7.853000164,2.772000074,3.654999971,2.00999999,31.00565528869629
2016/7/5 8:00,11.05200005,5.960999966,7.461999893,3.127000093,3.563999891,2.101999998,29.762069702148438
2016/7/5 9:00,10.98499966,6.027999878,7.532999992,2.700999975,3.411000013,2.040999889,30.110776901245117
2016/7/5 10:00,12.79300022,5.960999966,8.56400013,3.447000027,3.838000059,2.163000107,29.514564514160156
2016/7/5 11:00,13.39599991,6.429999828,8.741999626,3.482000113,4.598999977,2.253999949,31.09300041
2016/7/5 12:00,11.25300026,5.425000191,7.676000118,2.736000061,3.594000101,2.00999999,29.9443302154541
2016/7/5 13:00,9.913000107,4.554999828,6.681000233,2.309999943,3.319999933,1.91900003,29.14218521118164
2016/7/5 14:00,10.18099976,5.357999802,7.320000172,2.486999989,3.319999933,2.071000099,30.00823402404785
2016/7/5 15:00,10.85099983,5.223999977,7.249000072,2.415999889,3.319999933,1.949000001,28.980022430419922
2016/7/5 16:00,10.04699993,5.022999763,6.894000053,2.736000061,3.167999983,2.253999949,32.00799942
2016/7/5 17:00,11.92199993,5.425000191,7.923999786,2.878000021,4.386000156,2.101999998,29.49977684020996
2016/7/5 18:00,11.45400047,4.956999779,7.461999893,2.345000029,3.99000001,2.040999889,28.77771759033203
2016/7/5 19:00,10.85099983,4.68900013,7.071000099,2.345000029,3.806999922,1.949000001,27.553422927856445
2016/7/5 20:00,11.18599987,4.622000217,7.284999847,2.203000069,3.898999929,1.888000011,28.605932235717773
2016/7/5 21:00,10.64999962,4.68900013,6.894000053,2.167999983,3.806999922,2.00999999,28.010786056518555
2016/7/5 22:00,9.979999542,4.354000092,6.644999981,1.91900003,3.563999891,1.980000019,30.718278884887695
2016/7/5 23:00,11.85499954,5.760000229,7.81799984,2.700999975,3.259000063,1.949000001,28.708271026611328
2016/7/6 0:00,10.38199997,5.090000153,6.467000008,2.842999935,3.015000105,1.827999949,30.24854850769043
2016/7/6 1:00,10.71700001,5.425000191,7.498000145,2.309999943,2.832999945,1.91900003,26.4323673248291
2016/7/6 2:00,10.85099983,5.357999802,7.81799984,2.878000021,2.832999945,1.85800004,27.307186126708984
2016/7/6 3:00,9.779000282,5.157000065,5.96999979,2.345000029,3.167999983,2.131999969,27.265010833740234
2016/7/6 4:00,9.376999855,4.487999916,6.254000187,2.273999929,3.015000105,2.040999889,29.338645935058594
2016/7/6 5:00,11.38700008,5.559000015,7.853000164,2.842999935,3.259000063,2.345000029,29.45087432861328
2016/7/6 6:00,11.85499954,4.487999916,8.208999634,2.096999884,3.868000031,1.85800004,29.434770584106445
2016/7/6 7:00,12.52499962,6.162000179,9.131999969,3.625,3.532999992,1.888000011,29.778322219848633
2016/7/6 8:00,12.72599983,6.362999916,9.345999718,3.375999928,3.71600008,1.980000019,28.384292602539062
2016/7/6 9:00,11.11900043,4.756000042,7.177999973,2.131999969,3.349999905,1.980000019,29.683120727539062
2016/7/6 10:00,11.78800011,4.889999866,8.031000137,2.451999903,3.563999891,1.85800004,29.44749641418457
2016/7/6 11:00,13.12800026,4.956999779,8.670999527,2.772000074,3.99000001,1.91900003,29.201257705688477
2016/7/6 12:00,10.58300018,4.756000042,7.0,2.061000109,2.954999924,1.644999981,27.81485366821289
2016/7/6 13:00,10.31499958,5.290999889,7.498000145,2.345000029,3.046000004,1.70599997,29.775362014770508
2016/7/6 14:00,9.444000244,5.022999763,6.965000153,2.203000069,2.650000095,1.644999981,26.142911911010742
2016/7/6 15:00,10.44900036,4.21999979,7.0,2.381000042,2.710999966,1.583999991,26.640783309936523
2016/7/6 16:00,9.845999718,4.085999966,7.071000099,1.91900003,2.710999966,1.552999973,27.73073387145996
2016/7/6 17:00,10.98499966,4.756000042,7.639999866,2.630000114,3.289999962,1.644999981,30.317468643188477
2016/7/6 18:00,10.71700001,4.287000179,7.320000172,2.096999884,3.319999933,1.644999981,29.446598052978516
2016/7/6 19:00,9.175999641,3.549999952,6.005000114,1.56400001,3.107000113,1.613999963,31.5219783782959
2016/7/6 20:00,9.645000458,4.152999878,6.254000187,1.457000017,3.411000013,1.735999942,31.39759063720703
2016/7/6 21:00,8.505999565,2.880000114,5.436999798,0.745999992,3.532999992,1.827999949,26.419109344482422
2016/7/6 22:00,10.51599979,3.348999977,7.106999874,1.279000044,3.259000063,1.644999981,29.54599953
2016/7/6 23:00,13.39599991,4.68900013,10.23400021,2.381000042,3.259000063,1.674999952,26.069019317626953
2016/7/7 0:00,12.59200001,5.157000065,9.204000473,2.309999943,2.772000074,1.613999963,26.61855697631836
2016/7/7 1:00,14.19999981,6.229000092,11.19400024,3.447000027,2.559000015,1.552999973,28.99372100830078
2016/7/7 2:00,12.59200001,6.229000092,10.9090004,3.696000099,2.528000116,1.523000002,30.173561096191406
2016/7/7 3:00,14.2670002,6.362999916,11.12199974,3.872999907,2.832999945,1.674999952,26.797447204589844
2016/7/7 4:00,12.59200001,5.090000153,9.204000473,2.772000074,2.680000067,1.827999949,27.241260528564453
2016/7/7 5:00,13.73099995,5.625999928,10.66100025,2.984999895,3.229000092,1.76699996,26.612329483032227
2016/7/7 6:00,15.13700008,5.760000229,11.22900009,2.948999882,3.319999933,1.644999981,26.37999916
2016/7/7 7:00,14.2670002,5.960999966,10.80300045,3.197999954,3.381000042,1.797000051,27.151735305786133
2016/7/7 8:00,12.52499962,5.090000153,9.31000042,3.055999994,3.075999975,1.797000051,27.711828231811523
2016/7/7 9:00,12.32400036,5.559000015,8.670999527,2.842999935,3.015000105,1.674999952,29.208393096923828
2016/7/7 10:00,13.26200008,6.09499979,9.807999611,2.842999935,3.441999912,1.76699996,28.015695571899414
2016/7/7 11:00,12.32400036,4.956999779,8.244000435,2.559000015,3.99000001,1.735999942,28.993438720703125
2016/7/7 12:00,9.645000458,3.617000103,6.787000179,1.598999977,3.046000004,1.523000002,38.905330657958984
2016/7/7 13:00,10.51599979,4.554999828,7.390999794,2.131999969,2.802000046,1.552999973,25.60304832458496
2016/7/7 14:00,9.376999855,3.818000078,6.573999882,1.56400001,2.650000095,1.552999973,30.4852294921875
2016/7/7 15:00,9.109000206,3.684000015,6.610000134,1.598999977,2.588999987,2.131999969,26.45509910583496
2016/7/7 16:00,9.243000031,3.415999889,6.538000107,1.70599997,2.984999895,1.552999973,27.976285934448242
2016/7/7 17:00,10.44900036,4.21999979,7.320000172,2.096999884,3.229000092,1.523000002,33.41861343383789
2016/7/7 18:00,11.05200005,4.287000179,7.604000092,1.99000001,3.471999884,1.674999952,31.334104537963867
2016/7/7 19:00,10.11400032,4.085999966,6.857999802,1.953999996,3.259000063,1.644999981,30.713483810424805
2016/7/7 20:00,11.11900043,4.152999878,7.427000046,1.91900003,3.746000051,1.674999952,31.31995391845703
2016/7/7 21:00,10.44900036,3.282000065,7.106999874,1.279000044,3.594000101,1.70599997,29.687314987182617
2016/7/7 22:00,10.51599979,3.88499999,7.355999947,1.598999977,3.167999983,1.674999952,32.64099884
2016/7/7 23:00,11.85499954,5.357999802,8.883999825,3.197999954,3.075999975,1.552999973,33.56547927856445
2016/7/8 0:00,11.85499954,4.756000042,8.883999825,2.984999895,2.954999924,1.523000002,29.738916397094727
2016/7/8 1:00,10.38199997,4.756000042,7.994999886,2.630000114,2.497999907,1.340000033,26.439422607421875
2016/7/8 2:00,11.18599987,5.223999977,8.706000328,2.594000101,2.375999928,1.401000023,29.45718765258789
2016/7/8 3:00,10.24800014,4.554999828,7.747000217,2.736000061,2.437000036,1.491999984,25.97505760192871
2016/7/8 4:00,10.91800022,4.085999966,8.244000435,2.594000101,2.315000057,1.462000012,26.842300415039062
2016/7/8 5:00,12.6590004,5.223999977,9.416999817,2.700999975,2.894000053,1.613999963,27.2242431640625
2016/7/8 6:00,13.59700012,5.425000191,9.737000465,2.984999895,3.471999884,1.644999981,27.759294509887695
2016/7/8 7:00,10.38199997,4.085999966,7.214000225,2.025000095,3.289999962,1.644999981,29.798614501953125
2016/7/8 8:00,9.979999542,4.554999828,6.71600008,2.273999929,3.289999962,1.797000051,29.14218521118164
2016/7/8 9:00,9.645000458,4.019000053,6.894000053,2.594000101,3.015000105,1.644999981,30.962955474853516
2016/7/8 10:00,11.72099972,4.756000042,7.994999886,2.167999983,3.381000042,1.735999942,29.451751708984375
2016/7/8 11:00,11.78800011,4.21999979,8.031000137,2.131999969,3.928999901,1.827999949,27.947267532348633
2016/7/8 12:00,10.44900036,4.085999966,7.355999947,1.812000036,3.167999983,1.674999952,31.467025756835938
2016/7/8 13:00,10.18099976,3.415999889,6.857999802,1.741000056,3.046000004,1.613999963,32.15957260131836
2016/7/8 14:00,12.92700005,5.022999763,6.751999855,1.527999997,5.696000099,2.223999977,29.999998092651367
2016/7/8 15:00,10.18099976,4.21999979,6.573999882,1.741000056,3.015000105,1.644999981,32.90473556518555
2016/7/8 16:00,9.444000244,3.549999952,6.610000134,1.279000044,2.924000025,1.613999963,30.81909942626953
2016/7/8 17:00,10.31499958,4.085999966,7.177999973,2.096999884,3.229000092,1.644999981,29.57163429260254
2016/7/8 18:00,10.71700001,3.88499999,7.106999874,1.741000056,3.563999891,1.674999952,30.494434356689453
2016/7/8 19:00,10.18099976,3.617000103,6.467000008,1.421000004,3.594000101,1.674999952,32.86931610107422
2016/7/8 20:00,11.85499954,4.085999966,7.639999866,1.56400001,4.263999939,1.85800004,28.57468032836914
2016/7/8 21:00,12.72599983,4.354000092,8.244000435,2.131999969,4.295000076,1.76699996,27.758655548095703
2016/7/8 22:00,14.06599998,5.357999802,9.666000366,2.239000082,3.77699995,1.70599997,25.85281753540039
2016/7/8 23:00,18.15200043,8.840999603,12.40200043,4.19299984,5.81799984,3.046000004,28.711620330810547
2016/7/9 0:00,14.60200024,5.960999966,11.30000019,3.339999914,3.259000063,1.76699996,26.522140502929688
2016/7/9 1:00,14.53499985,6.162000179,11.69099998,3.90899992,3.046000004,1.644999981,26.896713256835938
2016/7/9 2:00,14.40100002,6.296000004,11.72700024,3.944000006,2.802000046,1.613999963,26.060182571411133
2016/7/9 3:00,13.9989996,6.497000217,10.94499969,3.197999954,2.710999966,1.674999952,27.873889923095703
2016/7/9 4:00,14.06599998,6.296000004,11.30000019,3.482000113,2.832999945,2.00999999,28.291101455688477
2016/7/9 5:00,14.2670002,5.425000191,10.8380003,3.019999981,3.319999933,1.76699996,26.819841384887695
2016/7/9 6:00,14.60200024,5.69299984,10.8739996,3.055999994,3.289999962,1.735999942,25.749679565429688
2016/7/9 7:00,9.109000206,2.611999989,6.395999908,1.065999985,2.740999937,1.523000002,31.418577194213867
2016/7/9 8:00,11.45400047,3.415999889,8.279999733,1.101999998,3.137000084,1.76699996,28.77199936
2016/7/9 9:00,9.779000282,3.549999952,6.005000114,1.70599997,3.289999962,1.644999981,29.086193084716797
2016/7/9 10:00,10.85099983,4.21999979,6.573999882,1.243999958,3.471999884,1.797000051,29.14331817626953
2016/7/9 11:00,10.51599979,3.48300004,6.610000134,1.350000024,3.868000031,1.735999942,30.31999969
2016/7/9 12:00,9.779000282,3.617000103,5.899000168,0.852999985,3.229000092,1.70599997,32.50276565551758
2016/7/9 13:00,10.24800014,3.750999928,6.610000134,1.243999958,3.046000004,1.552999973,37.77967834472656
2016/7/9 14:00,9.645000458,4.019000053,6.822999954,1.56400001,3.046000004,1.552999973,37.540008544921875
2016/7/9 15:00,9.578000069,3.818000078,6.361000061,1.491999984,3.075999975,1.613999963,33.052215576171875
2016/7/9 16:00,11.98900032,4.152999878,6.43200016,1.527999997,5.604000092,2.193000078,29.124032974243164
2016/7/9 17:00,10.7840004,3.818000078,6.644999981,1.207999945,3.868000031,1.888000011,28.52653694152832
2016/7/9 18:00,10.11400032,3.415999889,6.254000187,1.207999945,3.686000109,2.040999889,27.051790237426758
2016/7/9 19:00,9.444000244,3.148000002,5.96999979,1.101999998,3.411000013,1.644999981,29.8586483001709
2016/7/9 20:00,11.31999969,3.48300004,7.427000046,1.812000036,4.051000118,1.674999952,30.51476287841797
2016/7/9 21:00,13.52999973,4.756000042,9.522999763,2.700999975,3.898999929,1.462000012,30.50189208984375
2016/7/9 22:00,12.45800018,5.827000141,8.918999672,3.552999973,3.503000021,1.583999991,32.965824127197266
2016/7/9 23:00,13.32900047,5.357999802,9.593999863,2.451999903,3.289999962,1.552999973,31.581066131591797
2016/7/10 0:00,15.27099991,6.229000092,9.737000465,2.736000061,5.482999802,2.00999999,28.237201690673828
2016/7/10 1:00,15.53899956,6.09499979,10.51799965,3.163000107,5.208000183,2.040999889,29.468366622924805
2016/7/10 2:00,15.13700008,6.362999916,9.630000114,3.233999968,4.934000015,1.91900003,27.146791458129883
2016/7/10 3:00,14.40100002,5.894000053,8.493000031,2.984999895,4.934000015,1.980000019,27.574508666992188
2016/7/10 4:00,14.13300037,5.157000065,8.598999977,2.451999903,4.965000153,1.949000001,27.12879180908203
2016/7/10 5:00,13.9989996,4.354000092,8.706000328,2.131999969,5.269000053,2.040999889,25.472980499267578
2016/7/10 6:00,14.93700027,5.625999928,9.026000023,1.91900003,5.81799984,2.101999998,27.861106872558594
2016/7/10 7:00,13.32900047,4.554999828,7.710999966,1.457000017,5.573999882,2.193000078,28.621028900146484
2016/7/10 8:00,10.85099983,4.554999828,7.320000172,2.203000069,3.197999954,1.76699996,28.736488342285156
2016/7/10 9:00,9.845999718,4.287000179,6.857999802,1.812000036,3.167999983,1.70599997,32.172481536865234
2016/7/10 10:00,10.24800014,3.951999903,6.857999802,1.70599997,3.381000042,1.797000051,30.83220672607422
2016/7/10 11:00,11.85499954,4.019000053,7.604000092,1.812000036,4.142000198,1.735999942,30.097902297973633
2016/7/10 12:00,8.572999954,3.282000065,5.578999996,1.136999965,2.984999895,1.523000002,26.43720817565918
2016/7/10 13:00,8.640000343,3.08100009,5.507999897,1.031000018,2.710999966,1.432000041,27.807126998901367
2016/7/10 14:00,8.305999756,2.411000013,5.188000202,0.711000025,2.924000025,1.523000002,31.56954002380371
2016/7/10 15:00,8.774000168,3.348999977,6.147999763,1.350000024,2.528000116,1.432000041,28.924291610717773
2016/7/10 16:00,8.038000107,2.545000076,5.614999771,0.888000011,2.467000008,1.340000033,32.254905700683594
2016/7/10 17:00,9.175999641,2.746000051,6.289999962,1.136999965,3.229000092,1.432000041,33.626243591308594
2016/7/10 18:00,9.444000244,3.214999914,6.395999908,1.421000004,3.167999983,1.523000002,37.33885192871094
2016/7/10 19:00,8.505999565,2.880000114,5.791999817,1.101999998,2.710999966,1.309999943,32.445274353027344
2016/7/10 20:00,10.04699993,3.08100009,6.857999802,1.279000044,3.167999983,1.309999943,37.17449951171875
2016/7/10 21:00,9.711999893,2.075999975,6.395999908,0.603999972,3.289999962,1.309999943,36.95208740234375
2016/7/10 22:00,9.979999542,3.08100009,7.0,1.315000057,2.862999916,1.309999943,35.0919075012207
2016/7/10 23:00,9.979999542,3.549999952,7.214000225,1.883000016,2.680000067,1.279000044,31.835933685302734
2016/7/11 0:00,13.59700012,5.357999802,8.989999771,2.700999975,4.873000145,1.797000051,27.37091827392578
2016/7/11 1:00,13.59700012,4.889999866,8.493000031,1.91900003,4.568999767,1.674999952,30.00173568725586
2016/7/11 2:00,12.12300014,4.085999966,7.071000099,1.77699995,4.598999977,1.674999952,29.98604393005371
2016/7/11 3:00,11.98900032,3.951999903,7.568999767,1.598999977,4.477000237,1.735999942,31.40797233581543
2016/7/11 4:00,11.98900032,4.21999979,7.568999767,1.598999977,4.355999947,1.91900003,28.5767822265625
2016/7/11 5:00,12.99400043,4.421000004,7.853000164,1.598999977,4.568999767,1.674999952,31.1309871673584
2016/7/11 6:00,13.79800034,4.085999966,8.137999535,2.096999884,5.269000053,1.76699996,28.39999771118164
2016/7/11 7:00,12.99400043,4.152999878,8.173000336,2.025000095,5.208000183,1.888000011,29.03860855102539
2016/7/11 8:00,9.979999542,3.818000078,7.249000072,1.56400001,2.894000053,1.432000041,34.913448333740234
2016/7/11 9:00,10.11400032,3.88499999,6.644999981,1.669999957,2.772000074,1.371000051,29.93461036682129
2016/7/11 10:00,9.845999718,3.348999977,6.787000179,1.812000036,2.405999899,1.491999984,29.34134864807129
2016/7/11 11:00,10.98499966,3.617000103,7.143000126,1.598999977,3.503000021,1.371000051,38.48982620239258
2016/7/11 12:00,8.371999741,2.812999964,5.507999897,0.569000006,2.680000067,1.218000054,31.797645568847656
2016/7/11 13:00,8.907999992,2.880000114,5.791999817,0.745999992,2.588999987,1.187999964,33.83307647705078
2016/7/11 14:00,9.041999817,3.013999939,6.289999962,0.995000005,2.588999987,1.279000044,33.725074768066406
2016/7/11 15:00,9.243000031,3.214999914,6.361000061,1.031000018,2.680000067,1.156999946,33.60079574584961
2016/7/11 16:00,8.23900032,2.812999964,5.721000195,1.243999958,2.528000116,1.248999953,32.33364486694336
2016/7/11 17:00,8.975000381,2.880000114,5.934000015,1.243999958,3.015000105,1.248999953,33.49290084838867
2016/7/11 18:00,8.505999565,2.344000101,5.578999996,0.745999992,2.894000053,1.156999946,32.232601165771484
2016/7/11 19:00,7.836999893,2.075999975,5.223999977,0.532999992,2.588999987,1.126999974,31.250574111938477
2016/7/11 20:00,9.175999641,1.942000031,6.183000088,0.603999972,2.894000053,0.975000024,32.86199188232422
2016/7/11 21:00,9.175999641,2.009000063,6.218999863,0.603999972,2.954999924,0.975000024,32.9697151184082
2016/7/11 22:00,8.371999741,3.013999939,6.289999962,1.207999945,2.437000036,0.944000006,33.327884674072266
2016/7/11 23:00,10.91800022,3.549999952,9.026000023,2.309999943,2.131999969,0.883000016,30.459335327148438
2016/7/12 0:00,11.52099991,3.549999952,9.593999863,2.309999943,1.980000019,0.822000027,32.801475524902344
2016/7/12 1:00,11.52099991,4.152999878,9.593999863,2.700999975,1.735999942,0.670000017,24.83217430114746
2016/7/12 2:00,12.12300014,4.554999828,10.3409996,3.482000113,1.827999949,0.791999996,30.079845428466797
2016/7/12 3:00,11.92199993,4.085999966,10.16300011,2.948999882,1.797000051,0.822000027,29.29242515563965
2016/7/12 4:00,11.72099972,3.818000078,9.522999763,2.451999903,1.797000051,0.822000027,32.99300003
2016/7/12 5:00,11.11900043,3.348999977,8.918999672,2.415999889,2.101999998,0.883000016,32.02975845336914
2016/7/12 6:00,11.11900043,3.818000078,8.635000229,1.84800005,2.559000015,1.036000013,33.9070015
2016/7/12 7:00,9.444000244,2.27699995,6.894000053,1.386000037,2.00999999,0.731000006,33.24283218383789
2016/7/12 8:00,8.706999779,3.08100009,6.681000233,1.598999977,2.375999928,1.065999985,33.86028289794922
2016/7/12 9:00,8.907999992,2.411000013,6.467000008,1.527999997,2.405999899,0.975000024,33.8256950378418
2016/7/12 10:00,10.11400032,2.678999901,6.965000153,1.421000004,2.862999916,1.187999964,35.35224151611328
2016/7/12 11:00,10.85099983,3.013999939,7.320000172,1.77699995,3.349999905,1.126999974,34.984527587890625
2016/7/12 12:00,9.376999855,1.875,6.005000114,0.958999991,2.894000053,1.156999946,36.08800125
2016/7/12 13:00,9.779000282,2.344000101,6.254000187,0.497000009,2.862999916,1.097000003,36.30695343017578
2016/7/12 14:00,9.51099968,2.009000063,6.467000008,0.958999991,2.862999916,1.218000054,36.18488693237305
2016/7/12 15:00,9.243000031,2.812999964,6.822999954,0.888000011,2.618999958,1.309999943,33.84879684448242
2016/7/12 16:00,8.774000168,1.942000031,6.111999989,0.462000012,2.710999966,1.126999974,34.4072265625
2016/7/12 17:00,9.645000458,2.678999901,6.395999908,1.136999965,3.075999975,1.156999946,37.108360290527344
2016/7/12 18:00,9.109000206,2.142999887,5.96999979,0.603999972,3.107000113,1.097000003,34.259971618652344
2016/7/12 19:00,8.572999954,1.875,5.507999897,0.462000012,3.075999975,1.065999985,33.549659729003906
2016/7/12 20:00,10.85099983,2.142999887,7.143000126,0.532999992,3.746000051,1.097000003,36.59174728393555
2016/7/12 21:00,10.98499966,2.142999887,7.284999847,0.603999972,3.746000051,1.065999985,37.523834228515625
2016/7/12 22:00,12.79300022,2.746000051,9.807999611,1.70599997,3.259000063,0.913999975,35.59982681274414
2016/7/12 23:00,16.00799942,5.69299984,13.11200047,3.482000113,2.832999945,1.004999995,29.07532501220703
2016/7/13 0:00,19.15600014,6.229000092,13.71700001,4.014999866,5.026000023,1.523000002,32.801048278808594
2016/7/13 1:00,16.81200027,5.894000053,12.18900013,3.411000013,4.873000145,1.462000012,31.712446212768555
2016/7/13 2:00,17.61599922,5.960999966,12.72200012,3.588999987,4.721000195,1.491999984,32.63206481933594
2016/7/13 3:00,16.34300041,5.760000229,11.37100029,2.948999882,4.477000237,1.491999984,29.93930435180664
2016/7/13 4:00,18.01799965,7.099999905,13.46800041,3.90899992,4.477000237,1.523000002,30.732765197753906
2016/7/13 5:00,18.15200043,7.032999992,13.39700031,4.086999893,4.659999847,1.523000002,30.99140739440918
2016/7/13 6:00,16.20899963,4.822999954,10.51799965,2.700999975,5.056000233,1.552999973,30.222612380981445
2016/7/13 7:00,13.4630003,4.085999966,8.065999985,1.457000017,5.238999844,1.827999949,28.840312957763672
2016/7/13 8:00,10.31499958,3.415999889,6.928999901,1.315000057,2.802000046,1.462000012,29.79913330078125
2016/7/13 9:00,8.840999603,3.148000002,6.751999855,1.457000017,2.040999889,1.126999974,33.87861633300781
2016/7/13 10:00,10.24800014,3.282000065,6.610000134,1.172999978,3.107000113,1.309999943,36.15042495727539
2016/7/13 11:00,8.572999954,2.009000063,6.502999783,0.852999985,2.163000107,1.065999985,34.46585464477539
2016/7/13 12:00,8.774000168,2.142999887,5.721000195,0.425999999,2.650000095,1.004999995,34.089393615722656
2016/7/13 13:00,9.51099968,1.60800004,6.040999889,0.425999999,2.862999916,1.097000003,36.15800095
2016/7/13 14:00,8.774000168,2.075999975,6.040999889,0.816999972,2.375999928,1.004999995,34.04863739013672
2016/7/13 15:00,9.31000042,2.142999887,6.218999863,0.995000005,2.924000025,1.126999974,36.250972747802734
2016/7/13 16:00,8.305999756,2.27699995,5.721000195,0.924000025,2.618999958,1.097000003,34.39674377441406
2016/7/13 17:00,8.975000381,2.27699995,5.96999979,0.782000005,3.015000105,1.279000044,34.889007568359375
2016/7/13 18:00,8.840999603,2.142999887,5.721000195,0.603999972,3.107000113,1.126999974,35.771934509277344
2016/7/13 19:00,9.041999817,2.344000101,5.862999916,0.603999972,3.441999912,1.126999974,35.16563415527344
2016/7/13 20:00,11.25300026,2.611999989,7.177999973,0.852999985,4.111999989,1.187999964,36.795814514160156
2016/7/13 21:00,11.98900032,3.415999889,8.598999977,2.167999983,3.928999901,1.187999964,32.748573303222656
2016/7/13 22:00,12.52499962,3.818000078,9.630000114,1.598999977,3.259000063,0.975000024,36.397151947021484
2016/7/13 23:00,13.59700012,4.622000217,10.97999954,2.842999935,3.107000113,1.065999985,30.68760108947754
2016/7/14 0:00,14.60200024,5.357999802,11.19400024,2.878000021,2.862999916,1.036000013,30.21832847595215
2016/7/14 1:00,13.4630003,4.554999828,10.8739996,2.984999895,2.467000008,0.883000016,27.857421875
2016/7/14 2:00,12.25699997,3.88499999,9.522999763,2.131999969,2.467000008,0.944000006,30.036617279052734
2016/7/14 3:00,12.25699997,4.68900013,10.66100025,2.984999895,2.253999949,0.913999975,28.11001968383789
2016/7/14 4:00,11.5880003,3.684000015,8.847999573,1.70599997,2.101999998,0.883000016,34.29817581176758
2016/7/14 5:00,11.92199993,3.348999977,9.274999619,1.99000001,2.101999998,0.883000016,32.63713073730469
2016/7/14 6:00,11.52099991,3.684000015,9.559000015,2.273999929,2.528000116,0.944000006,32.011451721191406
2016/7/14 7:00,8.774000168,2.678999901,5.862999916,1.136999965,2.315000057,1.065999985,33.3442268371582
2016/7/14 8:00,7.971000195,3.08100009,5.96999979,1.598999977,2.375999928,1.279000044,31.997451782226562
2016/7/14 9:00,8.305999756,2.411000013,5.862999916,1.279000044,2.375999928,1.156999946,33.631587982177734
2016/7/14 10:00,9.376999855,2.344000101,6.502999783,1.172999978,2.802000046,1.248999953,33.554256439208984
2016/7/14 11:00,10.04699993,3.148000002,6.857999802,0.782000005,3.167999983,1.097000003,37.49929428100586
2016/7/14 12:00,8.23900032,2.075999975,5.68599987,0.391000003,2.588999987,1.036000013,34.21711349487305
2016/7/14 13:00,8.305999756,2.27699995,6.005000114,0.852999985,2.650000095,0.975000024,34.499610900878906
2016/7/14 14:00,7.903999805,2.210000038,5.401000023,0.782000005,2.467000008,1.036000013,30.046661376953125
2016/7/14 15:00,12.18999958,4.68900013,10.02099991,2.559000015,2.253999949,0.913999975,28.209712982177734
2016/7/14 16:00,7.836999893,1.541000009,5.295000076,0.675000012,2.467000008,1.279000044,31.055255889892578
2016/7/14 17:00,7.903999805,1.60800004,4.619999886,-0.107000001,3.167999983,1.126999974,28.293453216552734
2016/7/14 18:00,6.429999828,0.938000023,3.980000019,-0.284000009,2.467000008,1.126999974,28.830524444580078
2016/7/14 19:00,7.836999893,1.340000033,5.188000202,0.035999998,2.710999966,1.065999985,29.745075225830078
2016/7/14 20:00,8.975000381,1.406999946,5.68599987,0.035999998,3.259000063,0.975000024,34.75971984863281
2016/7/14 21:00,8.305999756,0.670000017,5.223999977,-0.425999999,3.107000113,0.975000024,35.76004409790039
2016/7/14 22:00,8.104999542,0.80400002,5.436999798,-0.319999993,2.650000095,0.883000016,34.362701416015625
2016/7/14 23:00,10.11400032,2.545000076,7.639999866,1.136999965,2.588999987,0.913999975,32.376983642578125
2016/7/15 0:00,13.19499969,4.019000053,8.421999931,2.096999884,4.782000065,1.462000012,31.86104393005371
2016/7/15 1:00,13.32900047,4.287000179,8.279999733,1.953999996,4.447000027,1.309999943,31.645132064819336
2016/7/15 2:00,13.86499977,4.354000092,8.989999771,1.812000036,4.263999939,1.309999943,31.531614303588867
2016/7/15 3:00,11.98900032,3.214999914,7.710999966,1.421000004,4.142000198,1.340000033,35.407615661621094
2016/7/15 4:00,11.85499954,3.415999889,7.106999874,0.782000005,4.234000206,1.432000041,34.61100006
2016/7/15 5:00,11.85499954,2.678999901,7.498000145,0.958999991,4.386000156,1.340000033,36.054893493652344
2016/7/15 6:00,11.11900043,2.009000063,6.361000061,0.603999972,4.873000145,1.462000012,37.02406692504883
2016/7/15 7:00,11.98900032,2.947000027,6.005000114,0.782000005,4.994999886,1.674999952,31.068777084350586
2016/7/15 8:00,8.975000381,2.344000101,6.183000088,0.888000011,2.559000015,1.279000044,34.152915954589844
2016/7/15 9:00,9.51099968,3.013999939,7.035999775,1.953999996,2.375999928,1.097000003,31.8411922454834
2016/7/15 10:00,10.11400032,3.549999952,6.965000153,1.56400001,2.954999924,1.432000041,35.46949005126953
2016/7/15 11:00,10.31499958,3.617000103,7.320000172,1.101999998,3.289999962,1.097000003,36.37079620361328
2016/7/15 12:00,8.640000343,2.27699995,5.721000195,0.391000003,2.588999987,0.975000024,34.1104850769043
2016/7/15 13:00,8.907999992,2.477999926,6.111999989,0.816999972,2.618999958,1.126999974,34.08442306518555
2016/7/15 14:00,9.31000042,2.545000076,6.361000061,0.816999972,2.528000116,1.156999946,33.84096908569336
2016/7/15 15:00,8.171999931,2.27699995,5.791999817,1.065999985,2.223999977,1.097000003,33.45317840576172
2016/7/15 16:00,7.836999893,2.210000038,5.507999897,0.782000005,2.680000067,1.156999946,30.261760711669922
2016/7/15 17:00,8.505999565,2.210000038,5.578999996,0.497000009,3.229000092,1.401000023,32.866424560546875
2016/7/15 18:00,7.234000206,1.340000033,4.619999886,0.0,2.588999987,1.097000003,22.44099998
2016/7/15 19:00,6.96600008,1.139000058,4.441999912,-0.035999998,2.467000008,0.975000024,23.50938606262207
2016/7/15 20:00,7.166999817,1.139000058,4.762000084,0.0,2.437000036,0.852999985,23.672698974609375
2016/7/15 21:00,8.371999741,2.947000027,6.218999863,1.207999945,2.437000036,1.036000013,33.31660842895508
2016/7/15 22:00,9.109000206,2.210000038,7.568999767,0.958999991,2.00999999,0.883000016,33.20854949951172
2016/7/15 23:00,8.907999992,2.678999901,7.639999866,1.527999997,1.949000001,0.883000016,32.64924240112305
2016/7/16 0:00,8.505999565,2.210000038,6.644999981,0.782000005,1.644999981,0.852999985,29.721620559692383
2016/7/16 1:00,10.04699993,3.08100009,8.031000137,1.669999957,1.735999942,0.822000027,26.526653289794922
2016/7/16 2:00,10.85099983,3.750999928,8.741999626,1.99000001,1.462000012,0.760999978,28.411251068115234
2016/7/16 3:00,8.907999992,2.947000027,7.639999866,1.598999977,1.491999984,0.791999996,30.401615142822266
2016/7/16 4:00,9.51099968,2.009000063,7.320000172,1.065999985,1.371000051,0.670000017,29.33428192138672
2016/7/16 5:00,9.578000069,2.477999926,7.853000164,0.958999991,1.644999981,0.670000017,27.9279995
2016/7/16 6:00,9.645000458,2.210000038,7.604000092,0.782000005,2.163000107,0.731000006,33.111019134521484
2016/7/16 7:00,6.229000092,1.875,4.122000217,0.354999989,2.131999969,1.004999995,24.93342399597168
2016/7/16 8:00,6.96600008,2.746000051,4.93900013,0.711000025,2.101999998,1.065999985,28.737550735473633
2016/7/16 9:00,7.301000118,1.60800004,5.117000103,0.319999993,2.101999998,0.975000024,31.44499969
2016/7/16 10:00,8.840999603,2.27699995,6.395999908,0.958999991,2.588999987,1.126999974,34.34825134277344
2016/7/16 11:00,9.243000031,2.142999887,6.43200016,0.995000005,3.015000105,1.156999946,35.28432846069336
2016/7/16 12:00,6.429999828,1.273000002,4.263999939,0.284000009,2.345000029,1.004999995,23.25490379333496
2016/7/16 13:00,6.697999954,2.27699995,4.547999859,0.354999989,2.253999949,1.036000013,24.923171997070312
2016/7/16 14:00,7.769999981,2.678999901,4.93900013,1.207999945,2.193000078,1.097000003,29.678762435913086
2016/7/16 15:00,8.104999542,2.344000101,5.828000069,1.065999985,2.193000078,1.065999985,33.68124008178711
2016/7/16 16:00,7.099999905,2.142999887,5.329999924,1.350000024,2.131999969,1.065999985,30.002731323242188
2016/7/16 17:00,7.836999893,2.210000038,5.366000175,0.958999991,2.528000116,1.036000013,30.259613037109375
2016/7/16 18:00,7.301000118,1.741000056,4.477000237,0.354999989,2.528000116,1.097000003,27.928874969482422
2016/7/16 19:00,6.697999954,1.20599997,4.229000092,-0.035999998,2.405999899,1.004999995,23.506620407104492
2016/7/16 20:00,7.836999893,1.20599997,4.974999905,0.0,2.862999916,0.975000024,29.77579116821289
2016/7/16 21:00,7.434999943,1.273000002,4.584000111,-0.354999989,2.650000095,0.975000024,25.3359375
2016/7/16 22:00,8.104999542,2.009000063,6.005000114,0.958999991,2.253999949,0.852999985,33.878326416015625
2016/7/16 23:00,7.836999893,1.807999969,5.366000175,0.782000005,2.071000099,0.883000016,29.6789493560791
2016/7/17 0:00,10.18099976,2.746000051,8.598999977,1.669999957,1.91900003,0.852999985,33.02118682861328
2016/7/17 1:00,10.04699993,2.947000027,8.173000336,1.598999977,1.827999949,0.883000016,32.98598861694336
2016/7/17 2:00,9.779000282,3.08100009,7.747000217,2.131999969,1.735999942,0.822000027,22.210533142089844
2016/7/17 3:00,8.43900013,2.27699995,6.787000179,1.207999945,1.583999991,0.760999978,31.23399925
2016/7/17 4:00,9.041999817,1.942000031,7.604000092,1.491999984,1.552999973,0.700999975,29.202335357666016
2016/7/17 5:00,9.31000042,2.210000038,7.568999767,1.243999958,1.85800004,0.975000024,32.96718215942383
2016/7/17 6:00,11.45400047,3.214999914,8.883999825,1.421000004,2.437000036,0.791999996,34.06775665283203
2016/7/17 7:00,7.703000069,2.009000063,5.68599987,0.711000025,2.375999928,1.065999985,34.25358200073242
2016/7/17 8:00,7.836999893,2.210000038,5.650000095,0.745999992,2.345000029,1.036000013,34.25899887
2016/7/17 9:00,7.769999981,2.142999887,5.366000175,1.101999998,2.650000095,1.248999953,29.002275466918945
2016/7/17 10:00,9.175999641,3.08100009,6.43200016,1.172999978,2.894000053,1.218000054,32.714866638183594
2016/7/17 11:00,9.645000458,2.477999926,6.610000134,1.350000024,3.107000113,1.004999995,37.16651153564453
2016/7/17 12:00,7.636000156,1.807999969,5.188000202,0.248999998,2.405999899,0.975000024,30.996536254882812
2016/7/17 13:00,8.038000107,1.541000009,5.010000229,0.497000009,2.437000036,1.036000013,31.17957305908203
2016/7/17 14:00,8.371999741,2.411000013,6.147999763,1.031000018,2.193000078,0.975000024,32.046268463134766
2016/7/17 15:00,8.371999741,2.344000101,5.899000168,0.852999985,2.345000029,1.065999985,34.640995025634766
2016/7/17 16:00,7.703000069,2.142999887,5.472000122,1.065999985,2.223999977,0.975000024,28.46929168701172
2016/7/17 17:00,8.505999565,2.545000076,5.791999817,1.172999978,2.710999966,1.126999974,33.58854293823242
2016/7/17 18:00,8.305999756,1.942000031,5.543000221,0.532999992,2.710999966,1.097000003,31.86545753479004
2016/7/17 19:00,8.104999542,1.674000025,5.366000175,0.319999993,2.710999966,1.065999985,32.00166320800781
2016/7/17 20:00,9.913000107,1.674000025,6.395999908,0.284000009,3.381000042,0.975000024,37.02030944824219
2016/7/17 21:00,10.24800014,0.536000013,6.502999783,-0.745999992,3.289999962,0.913999975,39.62255096435547
2016/7/17 22:00,12.45800018,3.684000015,9.807999611,2.131999969,2.528000116,0.822000027,31.391260147094727
2016/7/17 23:00,14.2670002,4.287000179,11.65499973,2.878000021,2.467000008,0.760999978,29.66326332092285
2016/7/18 0:00,14.53499985,3.951999903,10.16300011,2.061000109,4.568999767,1.340000033,31.470117568969727
2016/7/18 1:00,15.8739996,5.157000065,11.37100029,2.772000074,4.355999947,1.309999943,30.943716049194336
2016/7/18 2:00,15.13700008,4.152999878,10.09200001,2.167999983,4.447000027,1.401000023,29.520183563232422
2016/7/18 3:00,14.46800041,4.21999979,9.593999863,2.131999969,4.324999809,1.462000012,29.538471221923828
2016/7/18 4:00,12.18999958,3.282000065,7.923999786,0.888000011,4.172999859,1.340000033,34.9620018
2016/7/18 5:00,12.79300022,2.746000051,8.244000435,0.958999991,4.416999817,1.371000051,36.83090591430664
2016/7/18 6:00,13.19499969,2.947000027,8.635000229,1.031000018,4.751999855,1.401000023,35.666419982910156
2016/7/18 7:00,13.59700012,4.152999878,8.635000229,1.279000044,4.903999805,1.674999952,30.884553909301758
2016/7/18 8:00,9.913000107,2.545000076,7.710999966,1.207999945,2.588999987,1.126999974,32.96260070800781
2016/7/18 9:00,8.104999542,1.942000031,6.111999989,0.603999972,2.375999928,1.309999943,33.963836669921875
2016/7/18 10:00,8.975000381,2.880000114,6.43200016,0.852999985,2.772000074,1.279000044,34.11281967163086
2016/7/18 11:00,9.31000042,3.08100009,6.43200016,1.031000018,3.229000092,1.279000044,36.44717025756836
2016/7/18 12:00,7.636000156,1.674000025,5.046000004,0.284000009,2.437000036,1.036000013,31.12101936340332
2016/7/18 13:00,8.23900032,2.075999975,5.68599987,0.639999986,2.345000029,0.913999975,33.87059783935547
2016/7/18 14:00,8.706999779,2.009000063,6.43200016,0.745999992,2.437000036,1.004999995,34.28896713256836
2016/7/18 15:00,7.903999805,2.27699995,5.436999798,0.675000012,2.832999945,1.126999974,31.762754440307617
2016/7/18 16:00,8.43900013,1.741000056,5.578999996,0.462000012,2.802000046,1.156999946,31.813709259033203
2016/7/18 17:00,8.505999565,2.075999975,5.472000122,0.497000009,3.015000105,1.309999943,34.18919372558594
2016/7/18 18:00,8.371999741,1.942000031,5.543000221,0.391000003,3.289999962,1.340000033,32.8675537109375
2016/7/18 19:00,8.171999931,1.741000056,5.329999924,0.319999993,2.832999945,1.036000013,31.24401092529297
2016/7/18 20:00,10.51599979,2.075999975,6.822999954,0.497000009,3.686000109,1.126999974,36.557796478271484
2016/7/18 21:00,11.45400047,1.674000025,8.065999985,0.178000003,3.563999891,1.156999946,38.55436325073242
2016/7/18 22:00,12.45800018,3.415999889,9.949999809,1.77699995,2.862999916,0.883000016,33.89330291748047
2016/7/18 23:00,12.05599976,3.348999977,10.05599976,1.77699995,2.437000036,0.883000016,32.58075714111328
2016/7/19 0:00,13.59700012,4.085999966,11.37100029,2.486999989,2.315000057,0.852999985,28.00772476196289
2016/7/19 1:00,13.79800034,4.085999966,11.30000019,3.163000107,1.827999949,0.670000017,33.62599945
2016/7/19 2:00,12.72599983,4.354000092,10.8380003,2.486999989,1.827999949,0.670000017,28.673887252807617
2016/7/19 3:00,11.38700008,3.214999914,9.593999863,2.381000042,1.70599997,0.731000006,26.241634368896484
2016/7/19 4:00,12.52499962,4.152999878,10.5539999,2.203000069,1.70599997,1.004999995,22.05485725402832
2016/7/19 5:00,12.05599976,3.08100009,10.23400021,1.812000036,1.888000011,0.731000006,33.68209457397461
2016/7/19 6:00,10.7840004,2.545000076,8.777000427,1.065999985,2.253999949,0.913999975,32.85200119
2016/7/19 7:00,8.572999954,2.075999975,6.147999763,0.284000009,2.315000057,1.065999985,34.28386306762695
2016/7/19 8:00,8.706999779,2.545000076,5.578999996,1.56400001,2.618999958,1.126999974,30.665586471557617
2016/7/19 9:00,9.645000458,2.678999901,6.894000053,0.888000011,2.559000015,1.309999943,33.91539764404297
2016/7/19 10:00,9.645000458,2.477999926,6.751999855,0.782000005,3.107000113,1.036000013,37.56017303466797
2016/7/19 11:00,9.51099968,2.545000076,6.183000088,0.782000005,3.259000063,1.126999974,36.93288040161133
2016/7/19 12:00,7.703000069,1.807999969,4.903999805,0.354999989,2.253999949,0.852999985,30.09947967529297
2016/7/19 13:00,7.903999805,1.741000056,5.223999977,0.425999999,2.223999977,0.852999985,30.092559814453125
2016/7/19 14:00,7.501999855,1.473999977,5.791999817,0.711000025,2.040999889,0.852999985,33.78080368041992
2016/7/19 15:00,9.578000069,2.746000051,6.894000053,0.995000005,1.980000019,0.913999975,33.60067367553711
2016/7/19 16:00,7.903999805,2.075999975,5.507999897,0.852999985,2.740999937,1.279000044,30.246999740600586
2016/7/19 17:00,8.371999741,1.875,5.472000122,0.391000003,2.924000025,1.218000054,32.08125305175781
2016/7/19 18:00,7.836999893,1.674000025,4.974999905,0.178000003,2.710999966,1.065999985,31.45063591003418
2016/7/19 19:00,7.636000156,1.541000009,5.081999779,0.213,2.618999958,1.065999985,31.309185028076172
2016/7/19 20:00,9.645000458,1.541000009,6.361000061,0.462000012,3.319999933,1.065999985,36.9990234375
2016/7/19 21:00,9.578000069,1.875,6.183000088,0.284000009,3.015000105,1.036000013,38.132972717285156
2016/7/19 22:00,8.43900013,1.807999969,5.934000015,0.745999992,2.345000029,0.731000006,33.84827423095703
2016/7/19 23:00,10.64999962,2.411000013,8.065999985,1.279000044,2.163000107,0.700999975,32.382774353027344
2016/7/20 0:00,13.52999973,4.019000053,8.208999634,1.56400001,4.568999767,1.401000023,34.11387634277344
2016/7/20 1:00,13.32900047,3.48300004,8.847999573,1.63499999,4.295000076,1.371000051,35.682823181152344
2016/7/20 2:00,12.25699997,2.947000027,7.960000038,1.598999977,4.234000206,1.279000044,36.17702102661133
2016/7/20 3:00,11.18599987,3.214999914,7.214000225,1.243999958,4.142000198,1.279000044,36.179664611816406
2016/7/20 4:00,11.78800011,1.942000031,7.0,0.816999972,4.203000069,1.309999943,35.88167190551758
2016/7/20 5:00,12.25699997,2.411000013,7.177999973,0.816999972,4.447000027,1.371000051,36.03770446777344
2016/7/20 6:00,13.12800026,3.415999889,8.031000137,1.065999985,4.903999805,1.491999984,35.22598648071289
2016/7/20 7:00,11.11900043,2.880000114,6.218999863,0.248999998,5.026000023,1.644999981,32.58407211303711
2016/7/20 8:00,8.038000107,2.142999887,5.791999817,0.995000005,2.618999958,1.097000003,34.40000153
2016/7/20 9:00,8.706999779,3.08100009,6.254000187,1.279000044,2.802000046,1.248999953,32.48170471191406
2016/7/20 10:00,10.38199997,2.812999964,7.071000099,1.243999958,2.710999966,1.156999946,33.20867156982422
2016/7/20 11:00,10.18099976,2.880000114,6.894000053,1.136999965,3.503000021,1.097000003,36.545406341552734
2016/7/20 12:00,8.038000107,1.942000031,5.650000095,0.391000003,2.528000116,0.944000006,34.15899658203125
2016/7/20 13:00,8.706999779,2.210000038,5.96999979,0.213,2.802000046,1.065999985,34.24090576171875
2016/7/20 14:00,9.376999855,2.210000038,6.71600008,1.065999985,2.680000067,1.187999964,33.64057540893555
2016/7/20 15:00,9.376999855,2.545000076,6.395999908,0.711000025,2.710999966,1.279000044,33.82179260253906
2016/7/20 16:00,8.505999565,2.075999975,5.791999817,0.675000012,2.650000095,1.279000044,34.21556854248047
2016/7/20 17:00,8.975000381,2.142999887,5.899000168,0.639999986,2.984999895,1.126999974,31.03077507019043
2016/7/20 18:00,9.041999817,1.807999969,5.721000195,0.284000009,2.862999916,1.156999946,34.22514724731445
2016/7/20 19:00,8.505999565,2.210000038,5.578999996,0.497000009,3.046000004,1.065999985,34.401893615722656
2016/7/20 20:00,11.98900032,2.27699995,7.498000145,0.354999989,4.507999897,1.248999953,35.9469986
2016/7/20 21:00,11.98900032,1.875,7.923999786,-0.142000005,4.172999859,1.097000003,37.048038482666016
2016/7/20 22:00,15.27099991,4.085999966,11.19400024,2.203000069,3.625,1.036000013,30.50391387939453
2016/7/20 23:00,14.93700027,4.085999966,10.9090004,2.345000029,3.046000004,1.156999946,31.084808349609375
2016/7/21 0:00,15.20400047,4.622000217,12.04599953,2.700999975,2.802000046,0.975000024,27.717599868774414
2016/7/21 1:00,16.94599915,5.357999802,14.67599964,4.122000217,2.588999987,0.913999975,32.544776916503906
2016/7/21 2:00,15.20400047,4.889999866,12.79300022,3.163000107,2.163000107,0.883000016,35.31399918
2016/7/21 3:00,13.93200016,5.090000153,11.90400028,3.197999954,2.131999969,0.883000016,30.494144439697266
2016/7/21 4:00,13.73099995,4.085999966,11.05099964,2.273999929,2.040999889,0.822000027,29.44693374633789
2016/7/21 5:00,13.52999973,3.148000002,11.37100029,1.669999957,2.193000078,0.822000027,32.680850982666016
2016/7/21 6:00,14.19999981,3.88499999,11.76200008,1.91900003,2.437000036,0.883000016,30.644756317138672
2016/7/21 7:00,13.79800034,4.21999979,11.37100029,1.883000016,2.559000015,1.097000003,29.910114288330078
2016/7/21 8:00,13.93200016,4.554999828,10.97999954,2.984999895,2.954999924,1.248999953,29.012081146240234
2016/7/21 9:00,12.92700005,4.554999828,9.593999863,2.167999983,2.772000074,1.279000044,28.020469665527344
2016/7/21 10:00,10.91800022,3.617000103,7.427000046,1.812000036,3.349999905,1.340000033,35.740360260009766
2016/7/21 11:00,11.52099991,3.348999977,8.031000137,1.491999984,3.319999933,1.248999953,37.20656204223633
2016/7/21 12:00,9.376999855,2.477999926,5.899000168,0.142000005,2.862999916,1.004999995,34.24365997314453
2016/7/21 13:00,10.04699993,2.411000013,7.106999874,0.639999986,3.015000105,1.036000013,38.151493072509766
2016/7/21 14:00,9.913000107,2.411000013,7.035999775,0.782000005,2.832999945,0.975000024,33.65538024902344
2016/7/21 15:00,8.23900032,1.340000033,5.96999979,0.569000006,2.071000099,0.760999978,32.98637008666992
2016/7/21 16:00,8.23900032,2.075999975,6.111999989,0.675000012,2.131999969,0.944000006,34.05189895629883
2016/7/21 17:00,9.376999855,2.210000038,6.218999863,0.603999972,3.349999905,1.401000023,37.007720947265625
2016/7/21 18:00,9.444000244,2.880000114,5.934000015,0.391000003,3.441999912,1.371000051,36.96538543701172
2016/7/21 19:00,8.907999992,1.60800004,5.68599987,0.178000003,3.167999983,1.097000003,35.685646057128906
2016/7/21 20:00,12.59200001,2.142999887,7.853000164,0.391000003,4.598999977,1.156999946,37.61330032348633
2016/7/21 21:00,14.53499985,3.88499999,10.44699955,1.84800005,4.842999935,1.248999953,35.03300095
2016/7/21 22:00,14.19999981,3.951999903,10.44699955,2.451999903,4.142000198,1.065999985,31.431488037109375
2016/7/21 23:00,15.06999969,5.022999763,11.12199974,3.092000008,3.806999922,1.097000003,33.028743743896484
2016/7/22 0:00,17.81699944,6.162000179,11.97500038,3.588999987,5.81799984,1.583999991,36.65100098
2016/7/22 1:00,18.15200043,6.296000004,13.07699966,3.696000099,5.269000053,1.491999984,32.24701690673828
2016/7/22 2:00,16.27599907,6.09499979,11.19400024,4.19299984,4.965000153,1.462000012,31.901857376098633
2016/7/22 3:00,15.27099991,5.290999889,9.772000313,2.451999903,4.813000202,1.401000023,30.155818939208984
2016/7/22 4:00,12.52499962,3.684000015,7.782000065,1.99000001,4.630000114,1.371000051,35.52500153
2016/7/22 5:00,13.32900047,4.421000004,8.31499958,2.025000095,4.873000145,1.401000023,30.915241241455078
2016/7/22 6:00,12.85999966,4.487999916,8.102000237,2.096999884,4.903999805,1.491999984,31.55809211730957
2016/7/22 7:00,12.32400036,4.019000053,7.427000046,2.486999989,4.903999805,1.76699996,27.974266052246094
2016/7/22 8:00,10.51599979,3.818000078,7.888999939,2.239000082,2.832999945,1.156999946,29.273229598999023
2016/7/22 9:00,11.92199993,4.889999866,8.847999573,2.948999882,2.832999945,1.218000054,29.36603546142578
2016/7/22 10:00,11.5880003,3.214999914,7.568999767,1.527999997,3.289999962,1.401000023,36.873714447021484
2016/7/22 11:00,11.5880003,3.08100009,7.676000118,1.136999965,3.77699995,1.279000044,36.58464050292969
2016/7/22 12:00,10.51599979,2.611999989,7.355999947,0.888000011,3.259000063,1.065999985,37.00299835
2016/7/22 13:00,11.5880003,2.142999887,7.249000072,0.782000005,3.746000051,1.248999953,37.27755355834961
2016/7/22 14:00,11.38700008,2.812999964,8.031000137,0.958999991,3.471999884,1.156999946,37.7936897277832
2016/7/22 15:00,11.11900043,2.142999887,7.320000172,0.852999985,3.137000084,1.218000054,38.0869140625
2016/7/22 16:00,10.11400032,3.282000065,6.71600008,0.711000025,3.349999905,1.401000023,36.23460006713867
2016/7/22 17:00,10.51599979,2.812999964,7.106999874,1.065999985,3.806999922,1.401000023,35.85530090332031
2016/7/22 18:00,9.845999718,2.344000101,6.610000134,0.995000005,3.71600008,1.248999953,37.085628509521484
2016/7/22 19:00,9.845999718,2.009000063,6.361000061,0.391000003,3.563999891,1.218000054,36.84263610839844
2016/7/22 20:00,14.2670002,2.746000051,8.741999626,0.639999986,5.421999931,1.309999943,37.80943298339844
2016/7/22 21:00,14.66899967,1.942000031,8.847999573,0.497000009,5.513000011,1.279000044,37.55419158935547
2016/7/22 22:00,16.47699928,4.152999878,11.54899979,2.273999929,4.568999767,1.004999995,29.9475154876709
2016/7/22 23:00,14.80300045,2.947000027,9.949999809,1.172999978,4.203000069,1.126999974,35.50422668457031
2016/7/23 0:00,14.53499985,3.282000065,10.9090004,3.872999907,3.563999891,0.944000006,31.311552047729492
2016/7/23 1:00,13.66399956,4.354000092,10.5539999,2.096999884,3.259000063,0.913999975,31.242658615112305
2016/7/23 2:00,12.85999966,3.951999903,9.843000412,2.309999943,2.924000025,0.944000006,30.49256134033203
2016/7/23 3:00,13.32900047,4.152999878,10.73200035,2.061000109,2.680000067,0.883000016,30.29509735107422
2016/7/23 4:00,12.6590004,4.019000053,9.522999763,1.70599997,2.650000095,1.004999995,31.275123596191406
2016/7/23 5:00,11.72099972,3.282000065,8.954999924,1.883000016,2.650000095,0.975000024,33.24984359741211
2016/7/23 6:00,11.31999969,3.282000065,8.777000427,1.031000018,2.772000074,1.065999985,33.28614044189453
2016/7/23 7:00,11.92199993,4.019000053,9.31000042,2.381000042,2.680000067,1.126999974,29.45606231689453
2016/7/23 8:00,10.11400032,3.214999914,7.071000099,1.136999965,3.015000105,1.248999953,37.433658599853516
2016/7/23 9:00,11.11900043,3.549999952,7.960000038,1.491999984,3.046000004,1.523000002,40.73099899
2016/7/23 10:00,11.18599987,2.678999901,7.81799984,1.101999998,3.806999922,1.371000051,37.415489196777344
2016/7/23 11:00,11.78800011,2.880000114,7.782000065,0.995000005,4.111999989,1.279000044,36.223915100097656
2016/7/23 12:00,11.85499954,3.013999939,7.284999847,0.425999999,3.868000031,1.218000054,36.20704650878906
2016/7/23 13:00,12.72599983,3.013999939,7.923999786,0.888000011,4.142000198,1.097000003,36.53549575805664
2016/7/23 14:00,12.45800018,2.411000013,7.853000164,0.958999991,4.234000206,1.218000054,36.723323822021484
2016/7/23 15:00,12.12300014,2.210000038,7.81799984,0.782000005,3.77699995,1.126999974,36.29494094848633
2016/7/23 16:00,11.11900043,2.746000051,7.355999947,0.958999991,3.71600008,1.248999953,38.1068115234375
2016/7/23 17:00,11.31999969,3.214999914,7.710999966,1.065999985,3.898999929,1.279000044,35.47906494140625
2016/7/23 18:00,11.25300026,2.880000114,7.214000225,0.924000025,3.928999901,1.309999943,36.764862060546875
2016/7/23 19:00,11.25300026,2.344000101,7.355999947,0.816999972,3.928999901,1.065999985,36.01413345336914
2016/7/23 20:00,13.59700012,2.477999926,9.913999557,0.816999972,3.746000051,0.731000006,37.67792510986328
2016/7/23 21:00,16.07500076,3.48300004,10.02099991,0.675000012,5.96999979,1.340000033,37.48139953613281
2016/7/23 22:00,16.40999985,3.88499999,11.22900009,1.207999945,5.026000023,1.156999946,35.71525192260742
2016/7/23 23:00,16.20899963,3.951999903,11.44200039,1.63499999,4.690999985,1.126999974,34.553306579589844
2016/7/24 0:00,17.07999992,5.559000015,10.23400021,2.451999903,6.671000004,1.674999952,28.2235107421875
2016/7/24 1:00,18.21899986,4.889999866,12.04599953,2.131999969,6.427000046,1.674999952,27.87959861755371
2016/7/24 2:00,18.62000084,5.357999802,11.93999958,2.167999983,5.81799984,1.491999984,32.34295654296875
2016/7/24 3:00,17.75,5.357999802,11.37100029,2.700999975,5.604000092,1.613999963,27.66200828552246
2016/7/24 4:00,15.06999969,4.956999779,10.23400021,2.345000029,5.513000011,1.613999963,26.528331756591797
2016/7/24 5:00,16.1420002,4.756000042,10.66100025,1.812000036,5.482999802,1.70599997,28.16956329345703
2016/7/24 6:00,15.13700008,4.354000092,9.701000214,1.669999957,5.361000061,1.613999963,27.83269500732422
2016/7/24 7:00,15.53899956,4.956999779,9.807999611,2.273999929,5.329999924,1.735999942,25.867353439331055
2016/7/24 8:00,11.11900043,3.750999928,8.031000137,1.527999997,3.167999983,1.279000044,39.07967758178711
2016/7/24 9:00,11.72099972,4.085999966,8.208999634,1.598999977,3.107000113,1.309999943,36.63203811645508
2016/7/24 10:00,12.25699997,3.415999889,8.670999527,2.203000069,3.868000031,1.309999943,32.7313346862793
2016/7/24 11:00,12.92700005,3.415999889,8.741999626,1.491999984,4.507999897,1.340000033,35.15121078491211
2016/7/24 12:00,12.79300022,2.477999926,8.670999527,1.031000018,4.203000069,1.126999974,36.2878532409668
2016/7/24 13:00,14.19999981,3.750999928,9.416999817,1.491999984,4.813000202,1.279000044,35.74200439453125
2016/7/24 14:00,13.19499969,2.678999901,8.706000328,1.065999985,4.659999847,1.340000033,36.13835144042969
2016/7/24 15:00,12.52499962,3.617000103,8.527999878,0.995000005,4.172999859,1.248999953,37.43849563598633
2016/7/24 16:00,12.25699997,3.282000065,8.279999733,1.315000057,4.051000118,1.218000054,35.52177429199219
2016/7/24 17:00,12.18999958,3.214999914,8.031000137,1.243999958,4.234000206,1.340000033,35.784523010253906
2016/7/24 18:00,11.78800011,2.812999964,7.604000092,0.958999991,4.172999859,1.309999943,36.314022064208984
2016/7/24 19:00,13.19499969,3.415999889,8.598999977,1.491999984,4.630000114,1.401000023,35.31236267089844
2016/7/24 20:00,16.94599915,3.88499999,10.73200035,1.77699995,6.275000095,1.491999984,36.505558013916016
2016/7/24 21:00,17.2140007,3.348999977,10.625,0.745999992,6.610000134,1.583999991,38.5362548828125
2016/7/24 22:00,18.21899986,5.157000065,12.79300022,2.309999943,5.482999802,1.279000044,31.420612335205078
2016/7/24 23:00,17.95100021,5.022999763,12.89900017,2.736000061,5.086999893,1.309999943,32.52131652832031
2016/7/25 0:00,16.74500084,4.554999828,12.11699963,2.559000015,4.751999855,1.279000044,30.097890853881836
2016/7/25 1:00,16.27599907,4.152999878,11.79800034,2.415999889,4.111999989,1.187999964,30.493120193481445
2016/7/25 2:00,16.1420002,5.090000153,11.72700024,2.486999989,3.898999929,1.156999946,30.381881713867188
2016/7/25 3:00,15.13700008,4.085999966,11.12199974,2.381000042,3.471999884,1.248999953,31.703794479370117
2016/7/25 4:00,13.19499969,2.947000027,9.737000465,1.243999958,2.984999895,1.036000013,31.74463653564453
2016/7/25 5:00,12.6590004,3.282000065,9.204000473,1.527999997,2.862999916,1.004999995,34.54795837402344
2016/7/25 6:00,12.59200001,3.08100009,8.635000229,0.816999972,3.075999975,1.218000054,36.83658218383789
2016/7/25 7:00,5.022999763,1.741000056,1.457000017,0.319999993,3.137000084,1.340000033,28.325462341308594
2016/7/25 8:00,3.214999914,1.340000033,0.107000001,-0.071000002,3.046000004,1.309999943,29.311893463134766
2016/7/25 9:00,3.549999952,1.473999977,0.107000001,0.0,3.441999912,1.371000051,28.171493530273438
2016/7/25 10:00,4.019000053,1.273000002,0.142000005,0.0,3.838000059,1.218000054,26.898622512817383
2016/7/25 11:00,5.960999966,-0.40200001,2.559000015,-2.025000095,4.324999809,1.126999974,36.47212600708008
2016/7/25 12:00,13.93200016,1.674000025,8.918999672,0.319999993,4.386000156,1.156999946,37.24879455566406
2016/7/25 13:00,14.73600006,0.736999989,9.593999863,-1.527999997,4.965000153,1.248999953,41.933162689208984
2016/7/25 14:00,13.66399956,0.067000002,9.097000122,-1.741000056,4.659999847,1.218000054,44.5677375793457
2016/7/25 15:00,13.86499977,0.134000003,9.06099987,-1.953999996,4.416999817,1.097000003,44.51138687133789
2016/7/25 16:00,12.85999966,0.268000007,8.598999977,-1.527999997,4.234000206,1.248999953,41.899349212646484
2016/7/25 17:00,12.45800018,0.134000003,8.493000031,-1.63499999,4.051000118,1.187999964,45.65499878
2016/7/25 18:00,12.12300014,0.0,8.137999535,-1.812000036,4.111999989,1.248999953,44.99560546875
2016/7/25 19:00,13.26200008,0.335000008,8.635000229,-1.63499999,4.659999847,1.401000023,41.36399841
2016/7/25 20:00,17.61599922,1.139000058,11.15799999,-1.243999958,6.548999786,1.523000002,39.1275749206543
2016/7/25 21:00,17.75,0.80400002,11.22900009,-1.527999997,6.487999916,1.613999963,38.31608581542969
2016/7/25 22:00,17.34799957,1.473999977,11.79800034,-0.711000025,5.635000229,1.371000051,38.500308990478516
2016/7/25 23:00,16.07500076,1.541000009,11.40699959,-0.816999972,4.782000065,1.156999946,37.96617126464844
2016/7/26 0:00,17.88400078,2.27699995,11.01599979,-0.354999989,6.730999947,1.674999952,33.776390075683594
2016/7/26 1:00,18.41900063,2.611999989,11.76200008,-0.248999998,6.487999916,1.644999981,33.883758544921875
2016/7/26 2:00,15.8739996,1.741000056,9.87899971,-0.532999992,6.183000088,1.70599997,32.62672424316406
2016/7/26 3:00,16.00799942,1.807999969,10.27000046,-1.207999945,5.787000179,1.644999981,32.369258880615234
2016/7/26 4:00,12.92700005,0.80400002,7.427000046,-2.167999983,5.452000141,1.491999984,40.26071548461914
2016/7/26 5:00,12.92700005,0.938000023,7.639999866,-2.167999983,5.269000053,1.432000041,40.25851821899414
2016/7/26 6:00,12.99400043,1.273000002,8.065999985,-0.995000005,5.117000103,1.644999981,33.32604217529297
2016/7/26 7:00,13.79800034,1.60800004,8.065999985,-1.243999958,5.117000103,1.735999942,33.3636474609375
2016/7/26 8:00,11.05200005,0.602999985,8.456999779,-1.350000024,2.862999916,1.248999953,40.9832649230957
2016/7/26 9:00,11.65499973,0.670000017,8.421999931,-0.782000005,2.862999916,1.126999974,39.640045166015625
2016/7/26 10:00,13.32900047,0.870999992,9.522999763,-0.995000005,3.503000021,1.126999974,40.46187210083008
2016/7/26 11:00,14.33399963,0.938000023,9.559000015,-1.491999984,4.081999779,1.065999985,41.17959213256836
2016/7/26 12:00,14.93700027,0.670000017,9.737000465,-0.391000003,4.538000107,1.097000003,39.76934051513672
2016/7/26 13:00,15.73999977,0.736999989,9.87899971,-1.741000056,5.208000183,1.309999943,42.33405685424805
2016/7/26 14:00,15.40499973,0.536000013,9.701000214,-1.953999996,5.026000023,1.248999953,41.933162689208984
2016/7/26 15:00,13.59700012,0.670000017,9.23900032,-1.598999977,4.477000237,1.097000003,41.401588439941406
2016/7/26 16:00,13.32900047,0.602999985,8.989999771,-0.888000011,4.295000076,1.248999953,39.8809928894043
2016/7/26 17:00,13.12800026,1.473999977,8.670999527,-0.675000012,4.447000027,1.309999943,37.7939567565918
2016/7/26 18:00,12.79300022,1.072000027,8.350999832,-0.745999992,4.386000156,1.371000051,40.46986770629883
2016/7/26 19:00,13.93200016,1.273000002,8.918999672,-0.711000025,5.026000023,1.401000023,36.35007858276367
2016/7/26 20:00,18.75399971,2.611999989,11.86900043,0.035999998,6.883999825,1.491999984,39.413631439208984
2016/7/26 21:00,16.81200027,1.473999977,10.80300045,-0.852999985,6.883999825,1.523000002,39.38563919067383
2016/7/26 22:00,17.48200035,3.08100009,11.69099998,0.639999986,5.725999832,1.371000051,38.174705505371094
2016/7/26 23:00,17.41500092,3.282000065,11.65499973,0.639999986,5.300000191,1.279000044,37.364418029785156
2016/7/27 0:00,16.6779995,2.545000076,11.65499973,0.639999986,4.842999935,1.187999964,38.50282669067383
2016/7/27 1:00,14.40100002,2.678999901,10.23400021,0.532999992,4.386000156,1.126999974,37.253604888916016
2016/7/27 2:00,14.46800041,1.807999969,10.23400021,0.569000006,4.051000118,1.065999985,37.396549224853516
2016/7/27 3:00,14.2670002,2.210000038,10.12699986,0.354999989,3.746000051,1.097000003,37.54669952392578
2016/7/27 4:00,14.06599998,2.075999975,10.23400021,0.391000003,3.349999905,1.004999995,37.78401184082031
2016/7/27 5:00,12.6590004,2.27699995,9.522999763,0.319999993,3.229000092,0.975000024,38.09001922607422
2016/7/27 6:00,13.19499969,1.807999969,9.559000015,-0.284000009,3.137000084,1.097000003,38.2165641784668
2016/7/27 7:00,11.65499973,1.473999977,7.853000164,-0.178000003,3.349999905,1.371000051,38.503692626953125
2016/7/27 8:00,12.12300014,1.741000056,8.031000137,-0.603999972,3.411000013,1.340000033,37.951168060302734
2016/7/27 9:00,12.6590004,1.807999969,8.31499958,-0.354999989,3.654999971,1.340000033,38.223167419433594
2016/7/27 10:00,14.93700027,2.075999975,9.807999611,0.0,4.355999947,1.432000041,36.788692474365234
2016/7/27 11:00,15.47200012,1.541000009,10.30500031,-0.035999998,4.994999886,1.309999943,38.73744583129883
2016/7/27 12:00,16.27599907,2.009000063,10.3409996,-0.711000025,5.208000183,1.309999943,38.48035430908203
2016/7/27 13:00,16.61100006,1.942000031,10.3760004,-0.603999972,5.635000229,1.340000033,38.53527069091797
2016/7/27 14:00,16.07500076,1.942000031,10.3760004,-0.354999989,5.208000183,1.340000033,37.87630081176758
2016/7/27 15:00,15.13700008,1.875,10.51799965,-0.213,4.751999855,1.279000044,38.59938049316406
2016/7/27 16:00,12.99400043,1.406999946,8.954999924,-0.284000009,4.111999989,1.279000044,37.35997772216797
2016/7/27 17:00,12.85999966,1.139000058,8.706000328,-0.603999972,4.172999859,1.126999974,37.576194763183594
2016/7/27 18:00,12.72599983,0.938000023,8.350999832,-0.888000011,4.295000076,1.279000044,40.925941467285156
2016/7/27 19:00,14.13300037,1.20599997,9.131999969,-0.816999972,5.147999763,1.371000051,36.344966888427734
2016/7/27 20:00,19.15600014,2.344000101,12.08199978,-0.178000003,7.097000122,1.583999991,39.408607482910156
2016/7/27 21:00,18.2859993,1.60800004,11.61999989,-0.782000005,6.671000004,1.552999973,39.25453186035156
2016/7/27 22:00,19.42399979,2.27699995,13.32600021,0.354999989,5.725999832,1.279000044,38.486549377441406
2016/7/27 23:00,19.29000092,3.684000015,14.71100044,1.065999985,5.147999763,1.218000054,35.49094009399414
2016/7/28 0:00,21.43400002,3.818000078,14.17800045,0.497000009,7.126999855,1.70599997,34.05613708496094
2016/7/28 1:00,19.55800056,3.951999903,13.07699966,0.569000006,6.730999947,1.735999942,33.815399169921875
2016/7/28 2:00,18.95499992,3.684000015,12.47299957,1.031000018,6.366000175,1.613999963,31.748218536376953
2016/7/28 3:00,16.81200027,2.477999926,10.8739996,-0.035999998,5.940000057,1.674999952,33.923336029052734
2016/7/28 4:00,17.28100014,2.812999964,11.58399963,0.354999989,5.696000099,1.523000002,38.510643005371094
2016/7/28 5:00,17.07999992,3.415999889,11.72700024,0.603999972,5.604000092,1.644999981,32.257381439208984
2016/7/28 6:00,14.66899967,1.674000025,8.954999924,-1.065999985,5.90899992,1.85800004,29.378875732421875
2016/7/28 7:00,14.93700027,2.545000076,8.847999573,0.0,5.604000092,1.85800004,31.964527130126953
2016/7/28 8:00,11.11900043,1.541000009,7.888999939,-0.639999986,3.289999962,1.309999943,38.94794845581055
2016/7/28 9:00,12.39099979,1.60800004,8.706000328,-0.142000005,3.625,1.309999943,38.271751403808594
2016/7/28 10:00,14.2670002,2.27699995,9.593999863,-0.142000005,4.172999859,1.371000051,36.64890670776367
2016/7/28 11:00,14.2670002,1.875,9.593999863,-0.284000009,4.751999855,1.371000051,36.996864318847656
2016/7/28 12:00,15.60599995,0.80400002,9.772000313,-1.101999998,5.117000103,1.279000044,40.520259857177734
2016/7/28 13:00,16.20899963,2.075999975,11.26500034,-0.391000003,5.725999832,1.371000051,38.34271240234375
2016/7/28 14:00,16.07500076,1.807999969,10.23400021,-0.639999986,5.452000141,1.401000023,38.341861724853516
2016/7/28 15:00,15.40499973,1.674000025,10.16300011,-0.569000006,5.086999893,1.340000033,38.13423538208008
2016/7/28 16:00,13.9989996,1.473999977,9.416999817,-0.391000003,4.630000114,1.279000044,37.44356918334961
2016/7/28 17:00,13.52999973,1.406999946,8.706000328,-0.745999992,4.782000065,1.401000023,37.19650650024414
2016/7/28 18:00,12.99400043,1.340000033,8.527999878,-0.603999972,4.507999897,1.462000012,37.266212463378906
2016/7/28 19:00,13.86499977,2.746000051,9.593999863,0.532999992,4.994999886,1.462000012,36.85154724121094
2016/7/28 20:00,18.95499992,3.415999889,11.76200008,0.603999972,7.097000122,1.552999973,38.41795349121094
2016/7/28 21:00,18.41900063,2.611999989,11.65499973,0.248999998,6.791999817,1.432000041,39.40612030029297
2016/7/28 22:00,17.48200035,3.818000078,11.54899979,0.888000011,6.031000137,1.432000041,38.6072998046875
2016/7/28 23:00,17.41500092,3.415999889,12.43700027,1.56400001,5.421999931,1.309999943,36.06245422363281
2016/7/29 0:00,17.2140007,4.152999878,12.57900047,1.812000036,5.056000233,1.309999943,33.71601104736328
2016/7/29 1:00,15.00399971,3.148000002,10.66100025,0.852999985,4.538000107,1.187999964,36.23179626464844
2016/7/29 2:00,15.3380003,3.617000103,10.9090004,1.99000001,4.081999779,1.126999974,35.528587341308594
2016/7/29 3:00,13.59700012,3.08100009,9.416999817,1.457000017,3.960000038,1.248999953,35.82025146484375
2016/7/29 4:00,12.92700005,2.947000027,9.416999817,1.136999965,3.471999884,1.156999946,36.15755081176758
2016/7/29 5:00,13.79800034,2.344000101,9.949999809,0.319999993,3.349999905,1.097000003,38.274112701416016
2016/7/29 6:00,11.31999969,2.611999989,7.923999786,0.497000009,3.411000013,1.371000051,38.76100159
2016/7/29 7:00,12.79300022,3.214999914,9.380999565,1.457000017,3.381000042,1.340000033,36.06398391723633
2016/7/29 8:00,11.31999969,2.812999964,7.747000217,0.675000012,3.471999884,1.432000041,38.59646224975586
2016/7/29 9:00,13.12800026,3.415999889,9.416999817,1.243999958,3.77699995,1.340000033,35.02397537231445
2016/7/29 10:00,14.53499985,2.947000027,9.487999916,0.888000011,4.386000156,1.432000041,35.44637680053711
2016/7/29 11:00,13.52999973,2.947000027,9.949999809,1.136999965,3.868000031,0.975000024,35.82444381713867
2016/7/29 12:00,15.80700016,2.880000114,10.19900036,0.532999992,5.300000191,1.371000051,37.93801498413086
2016/7/29 13:00,16.87899971,2.477999926,10.4119997,0.852999985,5.84800005,1.523000002,38.840641021728516
2016/7/29 14:00,15.60599995,2.545000076,10.30500031,0.639999986,5.604000092,1.401000023,38.59267044067383
2016/7/29 15:00,15.20400047,2.477999926,9.807999611,0.675000012,5.208000183,1.371000051,38.09153747558594
2016/7/29 16:00,14.60200024,3.148000002,9.522999763,0.852999985,5.117000103,1.552999973,35.78219223022461
2016/7/29 17:00,13.9989996,3.08100009,9.168000221,0.816999972,4.873000145,1.491999984,35.3687629699707
2016/7/29 18:00,13.06099987,2.210000038,8.493000031,0.319999993,4.568999767,1.371000051,37.66244125366211
2016/7/29 19:00,13.9989996,2.411000013,9.026000023,0.213,5.056000233,1.340000033,37.07010269165039
2016/7/29 20:00,19.15600014,1.674000025,11.83300018,-1.101999998,7.34100008,1.644999981,33.72465896606445
2016/7/29 21:00,19.0890007,1.139000058,11.93999958,-1.527999997,7.218999863,1.644999981,34.827781677246094
2016/7/29 22:00,20.29500008,2.947000027,14.49800014,0.178000003,6.610000134,1.552999973,39.15525817871094
2016/7/29 23:00,19.35700035,2.812999964,13.75199986,-0.071000002,5.96999979,1.491999984,39.38561248779297
2016/7/30 0:00,21.56800079,3.684000015,13.75199986,0.213,7.888999939,1.980000019,31.77726173400879
2016/7/30 1:00,21.03199959,3.684000015,13.75199986,0.425999999,7.40199995,1.797000051,31.77726173400879
2016/7/30 2:00,19.55800056,2.545000076,12.82800007,-0.035999998,6.974999905,1.888000011,31.574880599975586
2016/7/30 3:00,19.02199936,2.075999975,11.90400028,0.142000005,6.395999908,1.70599997,33.73179626464844
2016/7/30 4:00,17.61599922,3.013999939,11.40699959,-0.319999993,6.214000225,1.76699996,31.415315628051758
2016/7/30 5:00,17.01300049,2.545000076,11.12199974,-0.391000003,6.06099987,1.827999949,31.644460678100586
2016/7/30 6:00,16.40999985,2.344000101,10.4119997,-0.248999998,5.940000057,1.827999949,31.160795211791992
2016/7/30 7:00,16.47699928,4.421000004,10.4829998,1.101999998,5.879000187,1.980000019,28.028675079345703
2016/7/30 8:00,14.60200024,4.085999966,10.27000046,0.888000011,3.806999922,1.552999973,33.770694732666016
2016/7/30 9:00,13.26200008,2.746000051,9.168000221,0.425999999,4.295000076,1.552999973,37.293670654296875
2016/7/30 10:00,15.3380003,3.617000103,10.625,1.279000044,4.568999767,1.432000041,35.38529968261719
2016/7/30 11:00,16.34300041,3.549999952,10.66100025,0.782000005,5.300000191,1.583999991,36.33354568481445
2016/7/30 12:00,17.28100014,3.282000065,10.94499969,0.816999972,5.664999962,1.401000023,36.595401763916016
2016/7/30 13:00,17.75,2.746000051,11.30000019,0.782000005,6.152999878,1.491999984,38.848976135253906
2016/7/30 14:00,17.2140007,3.549999952,11.37100029,0.639999986,5.940000057,1.491999984,39.454471588134766
2016/7/30 15:00,16.47699928,2.678999901,10.27000046,0.391000003,5.482999802,1.462000012,38.33938217163086
2016/7/30 16:00,15.00399971,2.880000114,9.984999657,0.745999992,5.026000023,1.401000023,37.92942810058594
2016/7/30 17:00,14.40100002,2.344000101,9.23900032,0.425999999,4.994999886,1.432000041,37.09634780883789
2016/7/30 18:00,13.86499977,2.210000038,8.954999924,0.284000009,4.994999886,1.371000051,36.729759216308594
2016/7/30 19:00,11.11900043,2.009000063,9.131999969,0.425999999,1.888000011,0.731000006,36.31403350830078
2016/7/30 20:00,17.34799957,1.072000027,12.89900017,-0.675000012,4.234000206,0.975000024,39.960330963134766
2016/7/30 21:00,17.54899979,0.201000005,12.97000027,-1.812000036,4.538000107,1.065999985,41.174556732177734
2016/7/30 22:00,19.29000092,3.282000065,15.70600033,0.603999972,3.960000038,0.944000006,36.242652893066406
2016/7/30 23:00,20.96500015,3.684000015,16.41699982,1.243999958,5.300000191,1.309999943,35.49856185913086
2016/7/31 0:00,21.36700058,3.617000103,16.34600067,0.532999992,4.659999847,1.248999953,38.26902389526367
2016/7/31 1:00,21.36700058,3.617000103,16.34600067,0.532999992,4.659999847,1.248999953,38.26902389526367
2016/7/31 2:00,21.36700058,3.617000103,16.34600067,0.532999992,4.659999847,1.248999953,38.26902389526367
2016/7/31 3:00,21.36700058,3.617000103,16.34600067,0.532999992,4.659999847,1.248999953,38.26902389526367
2016/7/31 4:00,21.36700058,3.617000103,16.34600067,0.532999992,4.659999847,1.248999953,38.26902389526367
2016/7/31 5:00,21.36700058,3.617000103,16.34600067,0.532999992,4.659999847,1.248999953,38.26900101
2016/7/31 6:00,21.36700058,3.617000103,16.34600067,0.532999992,4.659999847,1.248999953,38.26902389526367
2016/7/31 7:00,21.36700058,3.617000103,16.34600067,0.532999992,4.659999847,1.248999953,38.26902389526367
2016/7/31 8:00,21.36700058,3.617000103,16.34600067,0.532999992,4.659999847,1.248999953,38.26902389526367
2016/7/31 9:00,21.36700058,3.617000103,16.34600067,0.532999992,4.659999847,1.248999953,38.26902389526367
2016/7/31 10:00,21.36700058,3.617000103,16.34600067,0.532999992,4.659999847,1.248999953,38.26902389526367
2016/7/31 11:00,21.36700058,3.617000103,16.34600067,0.532999992,4.659999847,1.248999953,38.26902389526367
2016/7/31 12:00,21.36700058,3.617000103,16.34600067,0.532999992,4.659999847,1.248999953,38.26902389526367
2016/7/31 13:00,21.36700058,3.617000103,16.34600067,0.532999992,4.659999847,1.248999953,38.26902389526367
2016/7/31 14:00,21.36700058,3.617000103,16.34600067,0.532999992,4.659999847,1.248999953,38.26902389526367
2016/7/31 15:00,21.36700058,3.617000103,16.34600067,0.532999992,4.659999847,1.248999953,38.26902389526367
2016/7/31 16:00,21.36700058,3.617000103,16.34600067,0.532999992,4.659999847,1.248999953,38.26902389526367
2016/7/31 17:00,21.36700058,3.617000103,16.34600067,0.532999992,4.659999847,1.248999953,38.26902389526367
2016/7/31 18:00,21.36700058,3.617000103,16.34600067,0.532999992,4.659999847,1.248999953,38.26902389526367
2016/7/31 19:00,21.36700058,3.617000103,16.34600067,0.532999992,4.659999847,1.248999953,38.26902389526367
2016/7/31 20:00,21.36700058,3.617000103,16.34600067,0.532999992,4.659999847,1.248999953,38.26902389526367
2016/7/31 21:00,21.36700058,3.617000103,16.34600067,0.532999992,4.659999847,1.248999953,38.26902389526367
2016/7/31 22:00,21.36700058,3.617000103,16.34600067,0.532999992,4.659999847,1.248999953,38.26902389526367
2016/7/31 23:00,21.36700058,3.617000103,16.34600067,0.532999992,4.659999847,1.248999953,38.26902389526367
2016/8/1 0:00,20.49600029,3.818000078,15.92000008,1.279000044,4.659999847,1.156999946,35.43634033203125
2016/8/1 1:00,19.69199944,3.951999903,15.45800018,1.457000017,4.263999939,1.065999985,33.53276062011719
2016/8/1 2:00,18.08499908,2.545000076,13.68099976,0.284000009,3.898999929,1.065999985,37.88336944580078
2016/8/1 3:00,18.21899986,2.812999964,14.71100044,0.745999992,3.77699995,1.218000054,38.1112174987793
2016/8/1 4:00,15.80700016,1.541000009,12.54399967,0.284000009,3.197999954,1.065999985,37.92406463623047
2016/8/1 5:00,16.07500076,2.477999926,13.71700001,0.425999999,3.075999975,0.975000024,38.614906311035156
2016/8/1 6:00,18.01799965,3.214999914,14.17800045,0.816999972,3.259000063,1.248999953,37.476470947265625
2016/8/1 7:00,15.94099998,5.157000065,12.72200012,2.664999962,3.107000113,1.248999953,32.32455062866211
2016/8/1 8:00,14.53499985,3.750999928,10.66100025,1.172999978,3.471999884,1.401000023,35.564579010009766
2016/8/1 9:00,11.98900032,2.142999887,8.102000237,0.497000009,3.197999954,1.218000054,38.08987808227539
2016/8/1 10:00,13.12800026,2.812999964,8.598999977,0.711000025,3.746000051,1.309999943,38.22190856933594
2016/8/1 11:00,13.39599991,2.746000051,8.847999573,0.319999993,4.386000156,1.248999953,37.51144027709961
2016/8/1 12:00,14.73600006,2.344000101,9.274999619,0.462000012,4.630000114,1.309999943,38.405494689941406
2016/8/1 13:00,15.60599995,2.812999964,10.05599976,0.603999972,5.208000183,1.279000044,38.6066780090332
2016/8/1 14:00,15.06999969,3.214999914,9.593999863,0.569000006,4.782000065,1.248999953,37.90089797973633
2016/8/1 15:00,13.73099995,2.142999887,9.487999916,0.248999998,4.386000156,1.248999953,37.6351432800293
2016/8/1 16:00,12.72599983,2.27699995,8.493000031,0.391000003,4.234000206,1.248999953,37.9273681640625
2016/8/1 17:00,12.6590004,2.411000013,8.598999977,0.603999972,4.051000118,1.309999943,38.18497848510742
2016/8/1 18:00,10.71700001,1.473999977,6.610000134,-0.178000003,4.051000118,1.279000044,36.422203063964844
2016/8/1 19:00,11.98900032,1.674000025,7.853000164,0.0,4.172999859,1.279000044,37.02477264404297
2016/8/1 20:00,18.01799965,1.273000002,11.72700024,-1.243999958,6.395999908,1.462000012,39.12006378173828
2016/8/1 21:00,19.29000092,1.541000009,13.46800041,-1.031000018,6.456999779,1.462000012,39.21324920654297
2016/8/1 22:00,18.5529995,1.674000025,13.11200047,-0.425999999,5.544000149,1.371000051,38.47465133666992
2016/8/1 23:00,19.95999908,3.88499999,14.99600029,1.101999998,5.361000061,1.432000041,34.385833740234375
2016/8/2 0:00,22.30400085,3.214999914,15.13799953,0.354999989,7.218999863,1.980000019,31.348472595214844
2016/8/2 1:00,20.83099937,3.684000015,14.35599995,0.711000025,6.671000004,1.70599997,34.04814147949219
2016/8/2 2:00,21.29999924,3.88499999,14.56900024,0.816999972,6.395999908,1.644999981,32.86170196533203
2016/8/2 3:00,19.29000092,4.956999779,13.36100006,1.99000001,6.214000225,1.76699996,28.528728485107422
2016/8/2 4:00,19.0890007,5.022999763,13.46800041,2.381000042,5.725999832,1.613999963,26.259075164794922
2016/8/2 5:00,18.41900063,5.157000065,12.97000027,2.131999969,5.664999962,1.735999942,26.727142333984375
2016/8/2 6:00,16.61100006,4.354000092,11.05099964,1.279000044,5.725999832,1.76699996,26.822235107421875
2016/8/2 7:00,16.07500076,4.554999828,11.22900009,2.273999929,4.903999805,1.70599997,24.593563079833984
2016/8/2 8:00,13.26200008,4.21999979,10.19900036,2.203000069,3.289999962,1.552999973,31.010440826416016
2016/8/2 9:00,12.6590004,2.411000013,9.168000221,0.425999999,3.441999912,1.371000051,37.830326080322266
2016/8/2 10:00,13.4630003,3.214999914,9.380999565,0.958999991,4.386000156,1.523000002,36.113094329833984
2016/8/2 11:00,14.2670002,2.411000013,9.487999916,0.319999993,4.782000065,1.432000041,37.14981460571289
2016/8/2 12:00,14.80300045,2.411000013,9.843000412,0.532999992,4.873000145,1.309999943,38.90200043
2016/8/2 13:00,14.46800041,2.210000038,9.843000412,0.603999972,4.751999855,1.309999943,38.59511947631836
2016/8/2 14:00,12.05599976,1.473999977,7.994999886,-0.213,4.172999859,1.340000033,37.38937759399414
2016/8/2 15:00,11.18599987,2.545000076,7.390999794,0.284000009,3.71600008,1.371000051,38.108089447021484
2016/8/2 16:00,10.44900036,1.875,6.894000053,0.178000003,3.806999922,1.309999943,36.64877700805664
2016/8/2 17:00,10.98499966,2.210000038,6.894000053,0.354999989,3.563999891,1.248999953,37.866519927978516
2016/8/2 18:00,8.640000343,1.541000009,5.68599987,0.035999998,2.984999895,1.156999946,31.464101791381836
2016/8/2 19:00,9.51099968,0.80400002,6.361000061,-0.319999993,3.167999983,0.883000016,40.19843292236328
2016/8/2 20:00,12.99400043,1.541000009,8.56400013,0.0,4.568999767,1.036000013,37.736724853515625
2016/8/2 21:00,11.5880003,0.736999989,7.355999947,-0.782000005,4.142000198,1.126999974,39.21199035644531
2016/8/2 22:00,12.6590004,2.009000063,8.635000229,0.462000012,3.625,1.036000013,38.110042572021484
2016/8/2 23:00,15.00399971,3.013999939,11.58399963,1.172999978,3.319999933,1.004999995,35.90065383911133
2016/8/3 0:00,14.66899967,3.549999952,11.97500038,1.598999977,2.924000025,0.944000006,34.98849868774414
2016/8/3 1:00,13.79800034,3.148000002,10.6960001,1.421000004,2.740999937,0.975000024,34.043697357177734
2016/8/3 2:00,9.578000069,1.20599997,7.284999847,0.354999989,2.315000057,0.975000024,33.112342834472656
2016/8/3 3:00,9.376999855,0.938000023,7.177999973,0.0,2.131999969,0.731000006,32.280616760253906
2016/8/3 4:00,9.578000069,1.340000033,7.568999767,0.142000005,2.131999969,0.822000027,32.6800651550293
2016/8/3 5:00,8.371999741,0.268000007,6.289999962,-0.958999991,2.223999977,0.760999978,32.5
2016/8/3 6:00,9.913000107,0.670000017,7.143000126,-0.569000006,2.650000095,0.822000027,36.68793487548828
2016/8/3 7:00,9.779000282,1.807999969,7.427000046,0.248999998,2.315000057,0.822000027,33.25801086425781
2016/8/3 8:00,6.631000042,0.536000013,4.051000118,-1.136999965,2.437000036,1.036000013,28.750835418701172
2016/8/3 9:00,6.96600008,1.20599997,4.65500021,-0.142000005,2.772000074,1.097000003,22.73937225341797
2016/8/3 10:00,4.622000217,-0.40200001,1.953999996,-2.096999884,2.680000067,1.004999995,36.02681350708008
2016/8/3 11:00,3.013999939,1.004999995,0.0,0.0,2.954999924,0.913999975,31.718093872070312
2016/8/3 12:00,2.27699995,1.004999995,0.0,0.0,2.375999928,0.913999975,31.68114471435547
2016/8/3 13:00,2.411000013,0.938000023,0.0,0.0,2.467000008,0.852999985,31.6682071685791
2016/8/3 14:00,2.545000076,0.938000023,0.0,0.0,2.497999907,0.883000016,31.674442291259766
2016/8/3 15:00,2.27699995,0.938000023,0.0,-0.071000002,2.437000036,0.944000006,31.93799973
2016/8/3 16:00,5.357999802,2.344000101,2.948999882,1.350000024,2.375999928,0.852999985,24.359825134277344
2016/8/3 17:00,8.640000343,3.750999928,5.650000095,2.381000042,3.046000004,1.097000003,34.32899857
2016/8/3 18:00,8.43900013,4.287000179,5.366000175,2.559000015,2.954999924,0.883000016,25.14373207092285
2016/8/3 19:00,8.171999931,3.348999977,5.543000221,2.381000042,2.618999958,0.731000006,27.3040828704834
2016/8/3 20:00,10.64999962,3.951999903,7.249000072,2.700999975,3.411000013,0.760999978,32.37501525878906
2016/8/3 21:00,9.243000031,3.148000002,6.573999882,1.953999996,2.954999924,0.760999978,31.44639015197754
2016/8/3 22:00,8.706999779,4.085999966,6.183000088,2.700999975,2.375999928,0.731000006,26.651363372802734
2016/8/3 23:00,8.572999954,4.956999779,7.106999874,3.802000046,2.467000008,0.852999985,25.59087562561035
2016/8/4 0:00,9.444000244,4.622000217,6.928999901,2.736000061,1.91900003,0.700999975,24.890714645385742
2016/8/4 1:00,9.041999817,4.68900013,7.035999775,3.055999994,2.163000107,0.760999978,25.439050674438477
2016/8/4 2:00,8.43900013,3.750999928,6.361000061,3.411000013,1.949000001,0.822000027,26.39569854736328
2016/8/4 3:00,8.23900032,4.354000092,6.289999962,3.019999981,1.980000019,0.852999985,23.480798721313477
2016/8/4 4:00,7.903999805,3.951999903,5.366000175,2.309999943,1.70599997,1.004999995,18.74532699584961
2016/8/4 5:00,8.305999756,4.019000053,5.756999969,2.309999943,2.253999949,0.852999985,26.33806610107422
2016/8/4 6:00,8.774000168,4.287000179,6.644999981,2.594000101,2.650000095,0.852999985,27.645238876342773
2016/8/4 7:00,8.640000343,4.68900013,5.721000195,3.482000113,2.467000008,1.004999995,24.026214599609375
2016/8/4 8:00,8.706999779,4.822999954,6.040999889,3.588999987,2.467000008,0.944000006,24.816667556762695
2016/8/4 9:00,9.109000206,4.21999979,6.254000187,2.772000074,2.223999977,0.913999975,26.324390411376953
2016/8/4 10:00,10.85099983,4.622000217,7.960000038,3.197999954,2.862999916,0.883000016,27.295068740844727
2016/8/4 11:00,8.907999992,4.21999979,5.614999771,2.061000109,3.594000101,1.126999974,31.949129104614258
2016/8/4 12:00,8.23900032,3.48300004,5.650000095,2.239000082,2.710999966,1.004999995,29.215665817260742
2016/8/4 13:00,8.104999542,3.750999928,5.899000168,2.309999943,2.315000057,0.822000027,27.911714553833008
2016/8/4 14:00,7.434999943,3.282000065,5.578999996,2.486999989,2.253999949,0.883000016,26.536983489990234
2016/8/4 15:00,8.104999542,3.951999903,5.721000195,2.594000101,2.405999899,0.913999975,27.205883026123047
2016/8/4 16:00,7.636000156,3.951999903,5.046000004,2.736000061,2.315000057,0.944000006,25.936946868896484
2016/8/4 17:00,8.305999756,3.951999903,5.721000195,2.664999962,2.559000015,0.913999975,26.628366470336914
2016/8/4 18:00,8.23900032,3.88499999,5.472000122,2.559000015,2.862999916,1.126999974,28.378202438354492
2016/8/4 19:00,8.104999542,3.684000015,5.223999977,2.381000042,2.772000074,1.004999995,28.043249130249023
2016/8/4 20:00,10.91800022,3.684000015,7.461999893,2.345000029,3.563999891,0.883000016,32.98012161254883
2016/8/4 21:00,9.979999542,3.951999903,6.538000107,2.345000029,3.349999905,1.004999995,32.32609558105469
2016/8/4 22:00,10.7840004,4.085999966,8.137999535,2.948999882,2.832999945,0.975000024,25.266698837280273
2016/8/4 23:00,12.52499962,6.09499979,10.8380003,4.300000191,2.497999907,0.944000006,30.211030960083008
2016/8/5 0:00,13.79800034,6.027999878,11.86900043,4.690999985,2.131999969,0.822000027,23.945392608642578
2016/8/5 1:00,11.65499973,5.492000103,9.630000114,3.76699996,2.101999998,0.822000027,28.556577682495117
2016/8/5 2:00,13.86499977,6.09499979,11.01599979,4.903999805,2.040999889,0.852999985,25.015321731567383
2016/8/5 3:00,11.45400047,5.625999928,9.843000412,3.980000019,2.071000099,0.852999985,27.502357482910156
2016/8/5 4:00,13.39599991,6.027999878,10.8739996,4.300000191,2.00999999,0.852999985,30.422380447387695
2016/8/5 5:00,12.12300014,5.625999928,9.737000465,3.980000019,2.223999977,0.852999985,28.704389572143555
2016/8/5 6:00,14.2670002,6.027999878,12.11699963,4.441999912,2.437000036,0.760999978,33.69599915
2016/8/5 7:00,13.4630003,6.96600008,11.19400024,4.833000183,2.618999958,1.156999946,25.226308822631836
2016/8/5 8:00,10.85099983,5.894000053,8.208999634,4.263999939,2.650000095,1.340000033,23.668481826782227
2016/8/5 9:00,9.979999542,5.157000065,7.249000072,3.375999928,2.954999924,1.523000002,30.204437255859375
2016/8/5 10:00,11.11900043,4.756000042,7.427000046,3.197999954,3.319999933,1.401000023,34.62773132324219
2016/8/5 11:00,10.98499966,5.223999977,7.214000225,3.411000013,3.441999912,1.371000051,35.24399948
2016/8/5 12:00,8.23900032,3.818000078,5.791999817,2.630000114,2.772000074,1.036000013,29.156883239746094
2016/8/5 13:00,9.041999817,4.487999916,6.324999809,2.273999929,2.862999916,1.004999995,26.2066593170166
2016/8/5 14:00,8.907999992,4.554999828,6.254000187,2.842999935,2.437000036,1.036000013,26.19241714477539
2016/8/5 15:00,9.041999817,3.818000078,6.005000114,2.203000069,2.315000057,1.065999985,28.581335067749023
2016/8/5 16:00,8.43900013,4.019000053,5.791999817,2.630000114,2.588999987,1.097000003,29.038528442382812
2016/8/5 17:00,9.243000031,4.085999966,6.040999889,2.842999935,3.046000004,1.279000044,29.31619644165039
2016/8/5 18:00,8.23900032,3.750999928,5.436999798,2.772000074,2.802000046,1.248999953,25.90227699279785
2016/8/5 19:00,8.038000107,3.415999889,5.401000023,2.239000082,2.588999987,0.852999985,27.045045852661133
2016/8/5 20:00,10.51599979,3.549999952,7.214000225,2.381000042,3.229000092,0.791999996,33.40541076660156
2016/8/5 21:00,9.376999855,3.617000103,6.43200016,2.451999903,2.924000025,0.822000027,33.27399826
2016/8/5 22:00,11.25300026,5.157000065,8.38599968,3.660000086,2.710999966,0.913999975,31.248899459838867
2016/8/5 23:00,12.52499962,5.559000015,9.593999863,3.411000013,2.437000036,1.156999946,30.881975173950195
2016/8/6 0:00,14.60200024,5.760000229,9.31000042,3.588999987,4.873000145,1.491999984,31.762161254882812
2016/8/6 1:00,13.4630003,6.362999916,9.593999863,3.90899992,4.477000237,1.432000041,30.904163360595703
2016/8/6 2:00,13.39599991,5.960999966,9.87899971,4.19299984,4.203000069,1.371000051,30.18709373474121
2016/8/6 3:00,13.06099987,5.894000053,9.026000023,3.838000059,4.234000206,1.340000033,30.988523483276367
2016/8/6 4:00,13.12800026,6.296000004,8.989999771,3.447000027,4.234000206,1.491999984,32.68296432495117
2016/8/6 5:00,13.93200016,6.296000004,9.416999817,3.411000013,4.507999897,1.401000023,31.783329010009766
2016/8/6 6:00,13.79800034,6.229000092,9.23900032,3.233999968,4.873000145,1.340000033,32.92377853393555
2016/8/6 7:00,12.52499962,6.027999878,7.461999893,3.197999954,4.659999847,1.552999973,33.67210006713867
2016/8/6 8:00,9.243000031,5.492000103,6.751999855,3.233999968,2.467000008,1.036000013,28.2714900970459
2016/8/6 9:00,9.711999893,5.357999802,7.320000172,3.305000067,2.467000008,1.065999985,28.12063980102539
2016/8/6 10:00,11.38700008,4.756000042,7.676000118,3.233999968,3.015000105,1.065999985,32.71855926513672
2016/8/6 11:00,11.5880003,4.822999954,7.568999767,3.055999994,3.289999962,1.036000013,31.969120025634766
2016/8/6 12:00,10.04699993,4.487999916,6.822999954,3.055999994,2.924000025,1.036000013,24.52509880065918
2016/8/6 13:00,10.11400032,4.622000217,7.604000092,2.700999975,3.167999983,0.975000024,31.42369270324707
2016/8/6 14:00,9.913000107,4.085999966,7.461999893,2.664999962,2.894000053,1.036000013,31.29335594177246
2016/8/6 15:00,9.645000458,4.554999828,7.071000099,2.984999895,3.167999983,1.156999946,29.519495010375977
2016/8/6 16:00,9.779000282,4.68900013,6.681000233,3.019999981,3.229000092,1.156999946,30.04316520690918
2016/8/6 17:00,10.04699993,4.554999828,6.751999855,2.772000074,3.289999962,1.218000054,33.12456512451172
2016/8/6 18:00,9.645000458,4.421000004,6.502999783,2.806999922,3.107000113,1.126999974,33.632713317871094
2016/8/6 19:00,9.913000107,3.88499999,6.538000107,2.381000042,3.289999962,1.126999974,33.021583557128906
2016/8/6 20:00,13.86499977,4.554999828,9.23900032,2.664999962,4.690999985,1.065999985,29.835468292236328
2016/8/6 21:00,12.32400036,4.287000179,8.279999733,2.345000029,4.051000118,1.097000003,29.707149505615234
2016/8/6 22:00,12.25699997,4.956999779,8.883999825,3.055999994,3.381000042,1.004999995,32.1082878112793
2016/8/6 23:00,12.05599976,5.357999802,9.026000023,3.696000099,3.167999983,1.065999985,33.8370018
2016/8/7 0:00,11.98900032,5.559000015,9.345999718,3.625,2.772000074,0.944000006,30.810787200927734
2016/8/7 1:00,11.38700008,5.357999802,9.204000473,3.625,2.497999907,0.852999985,30.41360092163086
2016/8/7 2:00,10.85099983,5.492000103,9.026000023,3.944000006,2.223999977,0.852999985,25.905363082885742
2016/8/7 3:00,9.243000031,5.090000153,7.143000126,3.339999914,2.163000107,0.822000027,27.34665870666504
2016/8/7 4:00,9.645000458,4.889999866,7.071000099,3.375999928,2.101999998,1.156999946,27.873823165893555
2016/8/7 5:00,9.175999641,4.287000179,7.035999775,3.305000067,2.345000029,0.822000027,22.56211280822754
2016/8/7 6:00,10.44900036,5.223999977,8.706000328,3.625,2.253999949,0.670000017,27.925050735473633
2016/8/7 7:00,10.98499966,5.625999928,8.670999527,3.980000019,2.28399992,0.852999985,27.998889923095703
2016/8/7 8:00,8.305999756,5.357999802,6.610000134,4.086999893,2.223999977,0.913999975,27.424718856811523
2016/8/7 9:00,9.913000107,4.756000042,7.143000126,3.482000113,2.894000053,1.187999964,28.004018783569336
2016/8/7 10:00,11.05200005,5.022999763,7.710999966,3.092000008,3.137000084,1.126999974,34.3447265625
2016/8/7 11:00,11.45400047,5.492000103,7.81799984,3.019999981,3.686000109,1.097000003,31.861997604370117
2016/8/7 12:00,11.05200005,4.152999878,7.106999874,2.948999882,3.503000021,1.156999946,33.18305969238281
2016/8/7 13:00,11.98900032,5.022999763,7.888999939,3.447000027,3.838000059,1.065999985,33.6402473449707
2016/8/7 14:00,11.72099972,5.090000153,8.173000336,3.163000107,3.77699995,1.218000054,35.8769989
2016/8/7 15:00,11.92199993,5.492000103,8.244000435,3.305000067,3.532999992,1.218000054,33.31269454956055
2016/8/7 16:00,10.64999962,4.756000042,6.822999954,3.197999954,3.381000042,1.156999946,30.66145133972168
2016/8/7 17:00,10.91800022,4.622000217,7.177999973,3.092000008,3.898999929,1.248999953,30.385358810424805
2016/8/7 18:00,9.979999542,4.487999916,6.502999783,2.806999922,3.71600008,1.065999985,31.29512596130371
2016/8/7 19:00,10.7840004,4.085999966,7.071000099,2.559000015,3.71600008,1.036000013,31.777267456054688
2016/8/7 20:00,15.40499973,5.223999977,10.12699986,3.339999914,5.390999794,1.309999943,33.22498321533203
2016/8/7 21:00,14.2670002,5.090000153,9.274999619,3.411000013,4.903999805,1.187999964,32.44977951049805
2016/8/7 22:00,13.19499969,5.69299984,9.168000221,3.625,4.142000198,1.156999946,33.09000015258789
2016/8/7 23:00,14.86999989,6.229000092,11.33600044,4.229000092,3.563999891,1.036000013,32.03446960449219
2016/8/8 0:00,15.47200012,4.822999954,12.04599953,3.305000067,3.197999954,1.004999995,31.951812744140625
2016/8/8 1:00,14.40100002,6.631000042,11.72700024,4.690999985,2.984999895,1.036000013,24.9973087310791
2016/8/8 2:00,12.6590004,6.162000179,10.4829998,4.157999992,2.740999937,1.004999995,29.18874740600586
2016/8/8 3:00,12.59200001,5.960999966,9.913999557,4.051000118,2.528000116,0.944000006,28.606325149536133
2016/8/8 4:00,12.72599983,6.229000092,10.05599976,4.122000217,2.497999907,0.913999975,29.944759368896484
2016/8/8 5:00,13.39599991,5.559000015,10.58899975,4.725999832,2.497999907,0.852999985,25.125102996826172
2016/8/8 6:00,13.26200008,5.894000053,10.4829998,4.513000011,2.710999966,1.036000013,27.888113021850586
2016/8/8 7:00,11.65499973,5.827000141,9.204000473,4.086999893,2.984999895,1.248999953,26.273326873779297
2016/8/8 8:00,10.24800014,5.223999977,7.143000126,3.233999968,2.680000067,1.126999974,28.99813461303711
2016/8/8 9:00,9.645000458,4.622000217,6.502999783,3.019999981,2.862999916,1.156999946,28.318836212158203
2016/8/8 10:00,11.92199993,5.625999928,7.747000217,3.305000067,3.503000021,1.309999943,32.626773834228516
2016/8/8 11:00,12.12300014,5.559000015,8.173000336,3.588999987,3.654999971,1.218000054,34.54000092
2016/8/8 12:00,11.45400047,4.554999828,8.137999535,2.878000021,3.503000021,1.218000054,33.64603805541992
2016/8/8 13:00,12.18999958,4.354000092,7.853000164,2.700999975,3.625,1.065999985,31.019245147705078
2016/8/8 14:00,11.78800011,5.492000103,8.279999733,3.411000013,3.503000021,1.218000054,33.204471588134766
2016/8/8 15:00,12.05599976,5.625999928,8.38599968,3.482000113,3.654999971,1.156999946,33.57563781738281
2016/8/8 16:00,11.31999969,5.492000103,7.747000217,3.802000046,3.686000109,1.218000054,32.546566009521484
2016/8/8 17:00,11.18599987,5.357999802,7.498000145,3.339999914,3.654999971,1.309999943,34.50581359863281
2016/8/8 18:00,10.31499958,4.756000042,6.71600008,2.984999895,3.625,1.309999943,30.08548355102539
2016/8/8 19:00,11.45400047,4.622000217,7.604000092,2.914000034,3.838000059,1.126999974,32.095943450927734
2016/8/8 20:00,16.6779995,3.951999903,10.80300045,1.598999977,5.725999832,1.552999973,35.59600067
2016/8/8 21:00,17.01300049,5.625999928,11.76200008,3.197999954,5.300000191,1.309999943,32.80849838256836
2016/8/8 22:00,18.21899986,5.559000015,13.71700001,3.127000093,4.568999767,1.248999953,31.255895614624023
2016/8/8 23:00,17.81699944,5.090000153,13.36100006,2.984999895,4.081999779,1.218000054,30.64557456970215
2016/8/9 0:00,20.62999916,6.296000004,14.28499985,3.305000067,6.183000088,1.735999942,29.26786994934082
2016/8/9 1:00,19.55800056,5.760000229,13.50300026,3.019999981,5.664999962,1.674999952,26.212650299072266
2016/8/9 2:00,19.22299957,5.827000141,13.57400036,3.019999981,5.300000191,1.613999963,25.553680419921875
2016/8/9 3:00,17.95100021,8.23900032,12.43700027,4.762000084,5.300000191,1.613999963,25.07405662536621
2016/8/9 4:00,17.81699944,7.434999943,12.26000023,4.833000183,5.026000023,1.613999963,24.81330680847168
2016/8/9 5:00,18.01799965,8.038000107,12.40200043,4.65500021,4.934000015,1.523000002,29.5555362701416
2016/8/9 6:00,18.88800049,6.362999916,12.86400032,3.552999973,5.513000011,1.735999942,29.55034828186035
2016/8/9 7:00,18.21899986,6.429999828,12.26000023,3.127000093,5.361000061,1.827999949,28.41883659362793
2016/8/9 8:00,13.4630003,5.223999977,10.66100025,3.447000027,3.197999954,1.371000051,33.23515701293945
2016/8/9 9:00,11.38700008,5.223999977,8.031000137,3.375999928,2.894000053,1.340000033,33.62295913696289
2016/8/9 10:00,12.52499962,6.027999878,8.670999527,4.051000118,3.471999884,1.401000023,31.740537643432617
2016/8/9 11:00,11.92199993,5.827000141,8.208999634,2.984999895,3.838000059,1.340000033,31.55867576599121
2016/8/9 12:00,12.12300014,5.223999977,8.031000137,3.163000107,3.71600008,1.218000054,34.59211349487305
2016/8/9 13:00,12.92700005,4.956999779,8.244000435,3.092000008,4.081999779,1.279000044,34.18899918
2016/8/9 14:00,12.12300014,5.559000015,8.350999832,3.588999987,4.051000118,1.371000051,33.785804748535156
2016/8/9 15:00,11.45400047,5.559000015,7.853000164,3.055999994,3.441999912,1.279000044,32.78125762939453
2016/8/9 16:00,11.25300026,5.357999802,7.568999767,3.375999928,3.532999992,1.279000044,34.028987884521484
2016/8/9 17:00,10.91800022,5.157000065,7.568999767,3.375999928,3.381000042,1.340000033,31.639039993286133
2016/8/9 18:00,10.11400032,4.554999828,6.822999954,2.878000021,3.471999884,1.248999953,32.629764556884766
2016/8/9 19:00,10.31499958,4.354000092,6.787000179,2.772000074,3.532999992,1.126999974,32.57891082763672
2016/8/9 20:00,14.06599998,4.554999828,9.097000122,2.700999975,5.056000233,1.218000054,30.189388275146484
2016/8/9 21:00,14.13300037,5.022999763,10.66100025,3.411000013,4.477000237,1.097000003,32.72758865356445
2016/8/9 22:00,15.8739996,6.09499979,11.69099998,4.370999813,3.928999901,1.065999985,32.27568817138672
2016/8/9 23:00,15.3380003,6.09499979,11.30000019,3.90899992,3.654999971,1.097000003,32.21555709838867
2016/8/10 0:00,17.88400078,7.703000069,14.03600025,4.903999805,3.289999962,1.065999985,31.23399925
2016/8/10 1:00,16.54400063,6.497000217,13.07699966,4.762000084,2.832999945,0.913999975,25.478229522705078
2016/8/10 2:00,16.40999985,6.56400013,13.21899986,5.258999825,2.710999966,0.944000006,24.251747131347656
2016/8/10 3:00,14.80300045,7.032999992,12.72200012,4.974999905,2.618999958,1.004999995,25.85413360595703
2016/8/10 4:00,14.66899967,6.831999779,12.01099968,4.65500021,2.559000015,0.975000024,28.04118537902832
2016/8/10 5:00,14.93700027,6.429999828,12.57900047,4.833000183,2.802000046,1.004999995,25.253576278686523
2016/8/10 6:00,16.94599915,6.497000217,13.00599957,4.93900013,3.015000105,1.065999985,30.656953811645508
2016/8/10 7:00,15.53899956,7.636000156,12.93500042,5.329999924,2.924000025,1.248999953,28.082746505737305
2016/8/10 8:00,14.19999981,7.099999905,10.66100025,4.796999931,3.319999933,1.340000033,28.14458656311035
2016/8/10 9:00,11.65499973,3.684000015,8.244000435,1.70599997,3.563999891,1.462000012,37.81093978881836
2016/8/10 10:00,11.72099972,5.022999763,7.994999886,3.269000053,4.020999908,1.432000041,34.400428771972656
2016/8/10 11:00,12.6590004,5.223999977,8.065999985,3.127000093,4.142000198,1.462000012,33.78260803222656
2016/8/10 12:00,11.72099972,4.554999828,7.888999939,2.914000034,4.081999779,1.432000041,32.78657531738281
2016/8/10 13:00,13.39599991,5.357999802,8.208999634,2.842999935,4.324999809,1.371000051,32.162288665771484
2016/8/10 14:00,13.06099987,5.69299984,8.56400013,3.872999907,4.142000198,1.309999943,31.949684143066406
2016/8/10 15:00,12.25699997,4.956999779,8.279999733,3.127000093,3.868000031,1.279000044,33.95132064819336
2016/8/10 16:00,11.92199993,5.625999928,7.853000164,3.552999973,3.868000031,1.523000002,33.262413024902344
2016/8/10 17:00,11.5880003,5.492000103,7.710999966,3.802000046,3.99000001,1.552999973,31.638872146606445
2016/8/10 18:00,10.7840004,4.889999866,6.894000053,2.878000021,3.99000001,1.432000041,32.850399017333984
2016/8/10 19:00,11.85499954,4.487999916,7.747000217,2.700999975,4.203000069,1.218000054,31.72599983
2016/8/10 20:00,17.01300049,3.818000078,10.9090004,1.56400001,6.122000217,1.340000033,37.76908874511719
2016/8/10 21:00,15.80700016,4.287000179,10.3760004,1.812000036,5.544000149,1.309999943,32.40752029418945
2016/8/10 22:00,15.3380003,4.354000092,10.7670002,2.167999983,4.598999977,1.097000003,28.64727783203125
2016/8/10 23:00,15.20400047,4.956999779,10.02099991,2.239000082,4.598999977,1.340000033,29.68600082
2016/8/11 0:00,16.54400063,7.234000206,10.16300011,4.300000191,6.518000126,1.797000051,28.046159744262695
2016/8/11 1:00,14.66899967,6.362999916,8.989999771,4.157999992,6.031000137,1.644999981,27.131376266479492
2016/8/11 2:00,14.86999989,6.56400013,8.38599968,4.370999813,5.81799984,1.70599997,29.61599922
2016/8/11 3:00,14.93700027,6.96600008,8.954999924,4.690999985,5.664999962,1.797000051,25.289094924926758
2016/8/11 4:00,14.46800041,7.301000118,8.350999832,4.300000191,5.513000011,1.76699996,28.781709671020508
2016/8/11 5:00,13.06099987,6.631000042,7.853000164,3.872999907,5.421999931,1.583999991,32.2942008972168
2016/8/11 6:00,14.60200024,5.960999966,8.812999725,4.122000217,5.482999802,1.735999942,27.679882049560547
2016/8/11 7:00,10.04699993,5.357999802,6.894000053,3.838000059,3.167999983,1.432000041,30.595029830932617
2016/8/11 8:00,11.25300026,6.229000092,7.782000065,3.696000099,3.289999962,1.491999984,34.7511100769043
2016/8/11 9:00,11.38700008,5.157000065,8.031000137,3.517999887,3.532999992,1.432000041,35.95101547241211
2016/8/11 10:00,12.72599983,5.960999966,8.635000229,3.305000067,3.99000001,1.462000012,32.071022033691406
2016/8/11 11:00,13.86499977,4.019000053,8.883999825,1.953999996,4.538000107,1.401000023,31.44499969
2016/8/11 12:00,13.73099995,4.956999779,8.847999573,3.339999914,4.538000107,1.340000033,32.75178909301758
2016/8/11 13:00,14.73600006,5.69299984,9.31000042,2.878000021,5.208000183,1.462000012,30.71759796142578
2016/8/11 14:00,14.53499985,6.09499979,9.097000122,3.269000053,4.751999855,1.401000023,32.29552459716797
2016/8/11 15:00,13.26200008,5.425000191,9.06099987,3.197999954,4.507999897,1.432000041,33.33271026611328
2016/8/11 16:00,12.45800018,5.492000103,8.38599968,3.76699996,4.172999859,1.279000044,32.024349212646484
2016/8/11 17:00,11.45400047,5.022999763,7.284999847,3.019999981,4.263999939,1.462000012,33.388553619384766
2016/8/11 18:00,6.631000042,2.210000038,2.486999989,0.675000012,4.111999989,1.371000051,26.3865909576416
2016/8/11 19:00,10.24800014,3.617000103,6.183000088,2.061000109,4.111999989,1.097000003,33.10576629638672
2016/8/11 20:00,17.48200035,4.085999966,11.30000019,2.061000109,6.06099987,1.432000041,33.999454498291016
2016/8/11 21:00,17.14699936,4.487999916,11.05099964,2.096999884,5.756999969,1.340000033,31.585283279418945
2016/8/11 22:00,17.95100021,5.625999928,13.04100037,2.984999895,5.177999973,1.340000033,31.120243072509766
2016/8/11 23:00,17.48200035,6.162000179,12.97000027,3.980000019,4.690999985,1.432000041,32.58140563964844
2016/8/12 0:00,18.15200043,5.357999802,13.82299995,3.482000113,4.203000069,1.279000044,32.3663330078125
2016/8/12 1:00,16.94599915,6.027999878,13.18299961,3.233999968,3.928999901,1.218000054,32.16123962402344
2016/8/12 2:00,16.61100006,5.760000229,13.32600021,3.269000053,3.503000021,1.097000003,29.61599922
2016/8/12 3:00,15.40499973,6.831999779,12.36600018,4.796999931,2.954999924,1.065999985,28.820051193237305
2016/8/12 4:00,14.73600006,7.099999905,11.90400028,4.93900013,2.984999895,1.065999985,25.106531143188477
2016/8/12 5:00,13.66399956,5.960999966,10.44699955,3.90899992,2.772000074,0.944000006,28.246288299560547
2016/8/12 6:00,12.99400043,5.894000053,10.3409996,3.90899992,2.772000074,1.004999995,27.85700035
2016/8/12 7:00,13.06099987,6.229000092,10.12699986,4.19299984,2.954999924,1.218000054,30.534587860107422
2016/8/12 8:00,12.92700005,6.697999954,9.487999916,3.90899992,3.197999954,1.491999984,31.051427841186523
2016/8/12 9:00,11.72099972,5.69299984,8.065999985,5.117000103,3.441999912,1.583999991,29.630470275878906
2016/8/12 10:00,13.59700012,6.027999878,8.989999771,3.76699996,3.928999901,1.552999973,31.872793197631836
2016/8/12 11:00,13.66399956,6.296000004,9.097000122,3.375999928,4.263999939,1.371000051,32.361663818359375
2016/8/12 12:00,13.52999973,5.357999802,9.131999969,3.092000008,4.447000027,1.371000051,33.47888946533203
2016/8/12 13:00,14.60200024,5.559000015,9.772000313,3.447000027,4.813000202,1.309999943,31.79700089
2016/8/12 14:00,14.19999981,5.625999928,9.131999969,3.019999981,4.477000237,1.340000033,30.450162887573242
2016/8/12 15:00,13.9989996,4.956999779,8.989999771,3.163000107,4.081999779,1.309999943,33.547454833984375
2016/8/12 16:00,12.6590004,4.889999866,8.635000229,2.948999882,4.020999908,1.371000051,32.123130798339844
2016/8/12 17:00,12.85999966,5.090000153,8.421999931,2.948999882,4.203000069,1.432000041,31.975399017333984
2016/8/12 18:00,11.72099972,5.090000153,7.461999893,3.055999994,4.203000069,1.491999984,33.259220123291016
2016/8/12 19:00,12.39099979,4.889999866,8.065999985,3.055999994,4.324999809,1.279000044,32.35162353515625
2016/8/12 20:00,18.01799965,4.085999966,11.65499973,1.77699995,6.395999908,1.401000023,35.345157623291016
2016/8/12 21:00,17.81699944,3.549999952,11.19400024,0.852999985,6.275000095,1.462000012,38.76190948486328
2016/8/12 22:00,21.43400002,6.96600008,15.63500023,4.441999912,5.635000229,1.309999943,32.064292907714844
2016/8/12 23:00,19.89299965,5.827000141,14.67599964,3.233999968,5.056000233,1.309999943,31.23399925
2016/8/13 0:00,20.96500015,5.960999966,14.67599964,3.127000093,6.578999996,1.674999952,29.175989151000977
2016/8/13 1:00,20.76399994,6.56400013,14.21399975,3.055999994,6.366000175,1.644999981,28.043176651000977
2016/8/13 2:00,18.21899986,4.68900013,12.33100033,2.203000069,5.879000187,1.552999973,31.45631217956543
2016/8/13 3:00,18.62000084,6.09499979,13.11200047,3.305000067,5.787000179,1.613999963,30.488248825073242
2016/8/13 4:00,18.88800049,5.492000103,12.82800007,2.700999975,5.635000229,1.85800004,27.57841682434082
2016/8/13 5:00,16.40999985,5.022999763,11.33600044,2.594000101,5.361000061,1.613999963,26.024206161499023
2016/8/13 6:00,15.47200012,4.152999878,9.701000214,1.598999977,5.664999962,1.70599997,29.132598876953125
2016/8/13 7:00,15.40499973,5.559000015,9.666000366,2.415999889,5.573999882,1.949000001,26.26523208618164
2016/8/13 8:00,14.19999981,5.223999977,10.51799965,2.914000034,3.259000063,1.552999973,31.250200271606445
2016/8/13 9:00,12.18999958,4.085999966,8.38599968,4.086999893,3.686000109,1.523000002,32.518245697021484
2016/8/13 10:00,13.86499977,6.229000092,9.131999969,3.980000019,4.234000206,1.371000051,30.612255096435547
2016/8/13 11:00,14.73600006,6.229000092,9.274999619,3.625,4.873000145,1.401000023,33.79559326171875
2016/8/13 12:00,14.73600006,5.827000141,9.737000465,3.802000046,4.751999855,1.279000044,30.863630294799805
2016/8/13 13:00,15.13700008,5.894000053,10.19900036,3.838000059,5.269000053,1.432000041,31.336618423461914
2016/8/13 14:00,15.27099991,6.162000179,9.913999557,3.517999887,5.177999973,1.552999973,34.19618225097656
2016/8/13 15:00,14.93700027,5.492000103,9.559000015,3.197999954,4.690999985,1.371000051,32.13041305541992
2016/8/13 16:00,13.19499969,5.290999889,8.777000427,3.233999968,4.447000027,1.218000054,33.42173385620117
2016/8/13 17:00,13.06099987,5.357999802,8.741999626,3.305000067,4.416999817,1.340000033,33.15655517578125
2016/8/13 18:00,12.79300022,5.090000153,8.279999733,3.339999914,4.598999977,1.491999984,33.27568054199219
2016/8/13 19:00,13.86499977,5.69299984,9.416999817,3.552999973,4.965000153,1.340000033,31.965173721313477
2016/8/13 20:00,19.89299965,6.96600008,12.61499977,4.086999893,7.188000202,1.644999981,28.71109962463379
2016/8/13 21:00,18.95499992,7.434999943,11.97500038,4.263999939,6.945000172,1.583999991,33.20847702026367
2016/8/13 22:00,19.35700035,5.223999977,12.93500042,2.239000082,6.0,1.491999984,32.318336486816406
2016/8/13 23:00,18.08499908,4.21999979,12.50800037,2.451999903,5.604000092,1.462000012,31.455841064453125
2016/8/14 0:00,18.01799965,5.827000141,13.53899956,2.948999882,4.721000195,1.187999964,30.47393226623535
2016/8/14 1:00,19.15600014,5.960999966,14.92500019,3.696000099,4.324999809,1.187999964,31.116785049438477
2016/8/14 2:00,17.54899979,5.827000141,13.32600021,3.163000107,4.142000198,1.218000054,30.92631721496582
2016/8/14 3:00,16.00799942,7.434999943,12.04599953,5.578999996,3.746000051,1.156999946,27.71537208557129
2016/8/14 4:00,14.93700027,6.362999916,11.65499973,4.441999912,3.471999884,1.371000051,30.17900085
2016/8/14 5:00,14.06599998,5.559000015,10.6960001,3.588999987,3.471999884,1.156999946,33.247806549072266
2016/8/14 6:00,13.73099995,6.162000179,10.16300011,4.157999992,3.289999962,1.097000003,32.23703384399414
2016/8/14 7:00,13.9989996,7.099999905,10.09200001,4.335000038,3.137000084,1.309999943,30.75168228149414
2016/8/14 8:00,10.64999962,6.497000217,7.604000092,3.838000059,3.532999992,1.552999973,29.41411018371582
2016/8/14 9:00,11.98900032,6.229000092,8.065999985,3.872999907,3.654999971,1.523000002,32.91725158691406
2016/8/14 10:00,13.73099995,4.487999916,9.168000221,1.883000016,4.416999817,1.552999973,31.55588150024414
2016/8/14 11:00,14.46800041,4.152999878,9.701000214,1.812000036,4.965000153,1.491999984,32.18080520629883
2016/8/14 12:00,14.86999989,4.019000053,10.02099991,1.70599997,5.329999924,1.70599997,28.132814407348633
2016/8/14 13:00,16.47699928,4.152999878,10.44699955,1.491999984,5.696000099,1.523000002,34.771453857421875
2016/8/14 14:00,16.07500076,4.554999828,10.30500031,1.56400001,5.177999973,1.371000051,32.52223587036133
2016/8/14 15:00,15.27099991,4.487999916,9.737000465,1.56400001,4.782000065,1.371000051,32.12247085571289
2016/8/14 16:00,14.06599998,5.357999802,9.274999619,3.127000093,4.751999855,1.644999981,28.04677963256836
2016/8/14 17:00,13.59700012,5.894000053,8.847999573,3.872999907,4.690999985,1.432000041,31.092857360839844
2016/8/14 18:00,12.52499962,5.090000153,8.244000435,3.233999968,4.263999939,1.187999964,33.66352081298828
2016/8/14 19:00,13.66399956,5.492000103,8.989999771,3.482000113,4.630000114,1.340000033,33.05205154418945
2016/8/14 20:00,19.0890007,4.756000042,12.15299988,1.84800005,6.914000034,1.523000002,34.35221862792969
2016/8/14 21:00,18.35300064,4.085999966,11.72700024,1.56400001,6.671000004,1.491999984,36.24159622192383
2016/8/14 22:00,17.28100014,5.022999763,11.51299953,2.345000029,6.092000008,1.462000012,32.329505920410156
2016/8/14 23:00,16.40999985,4.622000217,11.12199974,2.273999929,5.361000061,1.371000051,28.901853561401367
2016/8/15 0:00,19.55800056,6.162000179,12.40200043,2.772000074,7.28000021,1.91900003,30.382530212402344
2016/8/15 1:00,17.54899979,5.894000053,11.19400024,2.806999922,6.671000004,1.76699996,28.80233383178711
2016/8/15 2:00,16.61100006,6.96600008,10.27000046,4.406000137,6.214000225,1.76699996,28.046159744262695
2016/8/15 3:00,15.67300034,7.099999905,9.913999557,4.300000191,5.725999832,1.674999952,26.775741577148438
2016/8/15 4:00,14.80300045,6.296000004,8.38599968,3.76699996,5.90899992,1.76699996,28.877283096313477
2016/8/15 5:00,16.07500076,6.96600008,9.559000015,4.300000191,5.84800005,1.76699996,27.193876266479492
2016/8/15 6:00,15.94099998,7.166999817,9.593999863,3.76699996,5.90899992,1.797000051,26.44468879699707
2016/8/15 7:00,15.13700008,7.769999981,8.954999924,4.300000191,5.84800005,2.131999969,27.43697166442871
2016/8/15 8:00,11.25300026,6.56400013,7.923999786,3.872999907,3.503000021,1.462000012,32.288917541503906
2016/8/15 9:00,11.92199993,6.697999954,8.527999878,3.944000006,3.411000013,1.371000051,31.3327579498291
2016/8/15 10:00,14.2670002,6.764999866,9.204000473,3.802000046,4.386000156,1.371000051,29.86173439025879
2016/8/15 11:00,14.66899967,6.56400013,9.451999664,3.980000019,4.721000195,1.309999943,31.29180908203125
2016/8/15 12:00,15.13700008,5.625999928,9.843000412,3.872999907,4.994999886,1.432000041,31.391624450683594
2016/8/15 13:00,16.27599907,4.487999916,11.15799999,1.99000001,5.269000053,1.432000041,30.675344467163086
2016/8/15 14:00,16.27599907,4.019000053,11.22900009,2.309999943,4.994999886,1.401000023,30.08210563659668
2016/8/15 15:00,15.40499973,4.085999966,10.05599976,1.491999984,4.965000153,1.491999984,34.068458557128906
2016/8/15 16:00,14.13300037,4.487999916,9.666000366,2.131999969,4.507999897,1.674999952,24.148691177368164
2016/8/15 17:00,13.59700012,5.894000053,9.168000221,3.838000059,4.477000237,1.401000023,31.023193359375
2016/8/15 18:00,12.72599983,5.425000191,8.244000435,3.375999928,4.447000027,1.401000023,33.422645568847656
2016/8/15 19:00,14.33399963,5.625999928,9.204000473,3.375999928,4.994999886,1.371000051,30.725257873535156
2016/8/15 20:00,19.29000092,4.487999916,12.43700027,2.131999969,7.006000042,1.491999984,31.4566707611084
2016/8/15 21:00,18.88800049,4.152999878,12.47299957,2.025000095,6.395999908,1.371000051,34.1829719543457
2016/8/15 22:00,20.22800064,6.09499979,14.3210001,3.552999973,5.604000092,1.340000033,34.705039978027344
2016/8/15 23:00,18.95499992,5.827000141,14.21399975,3.092000008,5.300000191,1.401000023,31.136049270629883
2016/8/16 0:00,20.09399986,5.157000065,14.4630003,3.233999968,4.934000015,1.371000051,31.61115074157715
2016/8/16 1:00,17.34799957,5.425000191,13.36100006,3.127000093,4.234000206,1.156999946,31.981075286865234
2016/8/16 2:00,17.28100014,6.697999954,13.25500011,4.762000084,3.746000051,1.126999974,29.90908432006836
2016/8/16 3:00,15.40499973,4.756000042,12.04599953,2.415999889,3.686000109,1.097000003,29.67698860168457
2016/8/16 4:00,16.40999985,5.157000065,12.57900047,3.197999954,3.319999933,1.065999985,32.92549514770508
2016/8/16 5:00,14.33399963,5.625999928,11.15799999,4.122000217,3.229000092,1.065999985,30.746950149536133
2016/8/16 6:00,11.38700008,5.492000103,8.173000336,3.233999968,3.289999962,1.097000003,32.38772964477539
2016/8/16 7:00,10.44900036,4.956999779,7.604000092,2.984999895,3.046000004,1.309999943,31.636085510253906
2016/8/16 8:00,8.774000168,4.354000092,5.507999897,2.842999935,3.319999933,1.279000044,28.21659278869629
2016/8/16 9:00,10.31499958,4.889999866,6.538000107,2.772000074,3.625,1.309999943,33.598915100097656
2016/8/16 10:00,12.05599976,4.822999954,7.390999794,2.664999962,4.142000198,1.552999973,31.72599983
2016/8/16 11:00,12.99400043,5.625999928,7.639999866,2.914000034,4.598999977,1.491999984,31.76093864440918
2016/8/16 12:00,13.06099987,5.357999802,8.031000137,2.523000002,4.903999805,1.432000041,31.23987579345703
2016/8/16 13:00,14.66899967,5.223999977,8.421999931,2.736000061,5.725999832,1.552999973,31.535175323486328
2016/8/16 14:00,13.59700012,4.889999866,8.208999634,2.664999962,5.361000061,1.552999973,32.200313568115234
2016/8/16 15:00,13.12800026,5.157000065,7.532999992,2.381000042,4.903999805,1.340000033,31.44292449951172
2016/8/16 16:00,11.85499954,4.287000179,7.390999794,2.203000069,4.477000237,1.462000012,30.532697677612305
2016/8/16 17:00,11.25300026,3.818000078,6.751999855,1.953999996,4.477000237,1.340000033,35.48087692260742
2016/8/16 18:00,10.91800022,3.750999928,6.467000008,1.953999996,4.447000027,1.552999973,34.54000092
2016/8/16 19:00,11.92199993,3.88499999,7.0,2.025000095,4.934000015,1.309999943,33.278507232666016
2016/8/16 20:00,16.40999985,5.357999802,9.451999664,2.309999943,7.40199995,1.491999984,31.681610107421875
2016/8/16 21:00,18.35300064,4.019000053,11.86900043,1.207999945,6.518000126,1.674999952,31.447656631469727
2016/8/16 22:00,18.82099915,5.559000015,12.57900047,2.061000109,5.879000187,1.401000023,33.72788619995117
2016/8/16 23:00,18.35300064,5.425000191,13.36100006,2.486999989,5.329999924,1.279000044,30.318870544433594
2016/8/17 0:00,18.01799965,5.827000141,13.75199986,2.984999895,4.630000114,1.218000054,30.492074966430664
2016/8/17 1:00,18.15200043,5.357999802,13.36100006,3.305000067,4.386000156,1.218000054,31.548080444335938
2016/8/17 2:00,17.07999992,4.68900013,13.32600021,2.984999895,3.868000031,1.156999946,29.39490509033203
2016/8/17 3:00,14.06599998,6.296000004,11.15799999,4.051000118,3.503000021,1.065999985,31.049209594726562
2016/8/17 4:00,14.19999981,5.960999966,11.33600044,4.263999939,3.107000113,1.340000033,28.42000008
2016/8/17 5:00,12.32400036,4.554999828,9.026000023,2.914000034,3.107000113,1.126999974,31.615917205810547
2016/8/17 6:00,12.92700005,5.157000065,9.06099987,3.092000008,3.319999933,1.218000054,33.930057525634766
2016/8/17 7:00,10.11400032,4.68900013,8.38599968,3.588999987,2.253999949,0.852999985,25.512714385986328
2016/8/17 8:00,10.18099976,5.827000141,7.214000225,3.233999968,2.862999916,1.248999953,28.800065994262695
2016/8/17 9:00,12.05599976,5.960999966,8.244000435,3.625,3.441999912,1.432000041,33.312782287597656
2016/8/17 10:00,14.06599998,6.56400013,9.807999611,4.014999866,4.172999859,1.491999984,30.24407196044922
2016/8/17 11:00,14.40100002,6.429999828,9.913999557,4.19299984,4.538000107,1.371000051,30.525625228881836
2016/8/17 12:00,15.00399971,5.960999966,9.772000313,3.660000086,4.598999977,1.613999963,27.221437454223633
2016/8/17 13:00,16.54400063,5.894000053,11.19400024,3.838000059,5.421999931,1.613999963,27.41628646850586
2016/8/17 14:00,16.00799942,6.697999954,10.5539999,3.944000006,5.329999924,1.644999981,26.429466247558594
2016/8/17 15:00,15.20400047,6.229000092,10.02099991,4.051000118,4.934000015,1.644999981,27.71133804321289
2016/8/17 16:00,13.73099995,5.492000103,8.883999825,3.127000093,4.598999977,1.552999973,32.64332962036133
2016/8/17 17:00,13.32900047,5.157000065,8.883999825,3.305000067,4.295000076,1.523000002,32.98578643798828
2016/8/17 18:00,12.59200001,5.090000153,8.244000435,3.055999994,4.263999939,1.491999984,32.139991760253906
2016/8/17 19:00,13.52999973,4.68900013,8.777000427,2.594000101,4.659999847,1.340000033,30.296855926513672
2016/8/17 20:00,18.62000084,5.69299984,11.61999989,2.984999895,7.006000042,1.491999984,33.264076232910156
2016/8/17 21:00,17.95100021,5.827000141,11.30000019,3.055999994,6.730999947,1.735999942,28.748823165893555
2016/8/17 22:00,17.61599922,6.631000042,11.76200008,4.335000038,5.940000057,1.552999973,33.77639389038086
2016/8/17 23:00,17.88400078,5.960999966,12.72200012,3.588999987,5.300000191,1.401000023,32.455020904541016
2016/8/18 0:00,20.89800072,6.96600008,12.61499977,2.878000021,7.218999863,1.888000011,28.560096740722656
2016/8/18 1:00,19.0890007,8.171999931,11.72700024,4.690999985,6.762000084,1.91900003,27.28326988220215
2016/8/18 2:00,16.47699928,6.764999866,10.05599976,4.19299984,6.335000038,1.76699996,28.621740341186523
2016/8/18 3:00,16.54400063,7.099999905,10.4119997,4.335000038,5.96999979,1.76699996,28.046159744262695
2016/8/18 4:00,14.66899967,6.162000179,8.989999771,3.375999928,5.604000092,1.76699996,28.563261032104492
2016/8/18 5:00,16.07500076,6.96600008,10.3760004,4.65500021,5.635000229,1.797000051,24.778085708618164
2016/8/18 6:00,15.20400047,7.234000206,9.772000313,4.014999866,5.940000057,1.91900003,27.454431533813477
2016/8/18 7:00,14.46800041,7.032999992,7.994999886,3.838000059,5.84800005,1.949000001,29.7757625579834
2016/8/18 8:00,11.38700008,6.09499979,8.777000427,4.335000038,3.503000021,1.552999973,32.12657928466797
2016/8/18 9:00,12.59200001,6.631000042,8.812999725,4.014999866,3.503000021,1.523000002,31.196386337280273
2016/8/18 10:00,14.06599998,5.827000141,9.31000042,3.76699996,4.538000107,1.462000012,29.626983642578125
2016/8/18 11:00,14.66899967,5.894000053,9.380999565,3.872999907,4.721000195,1.552999973,30.553821563720703
2016/8/18 12:00,15.40499973,6.027999878,9.807999611,3.019999981,5.238999844,1.491999984,32.449440002441406
2016/8/18 13:00,16.20899963,5.894000053,10.51799965,3.163000107,5.90899992,1.644999981,29.110185623168945
2016/8/18 14:00,15.53899956,5.760000229,10.3760004,3.411000013,5.390999794,1.523000002,31.75884246826172
2016/8/18 15:00,15.53899956,6.56400013,10.02099991,3.552999973,5.329999924,1.552999973,32.85882568359375
2016/8/18 16:00,14.19999981,5.559000015,9.380999565,3.339999914,5.086999893,1.583999991,31.48316764831543
2016/8/18 17:00,14.2670002,5.625999928,9.274999619,3.447000027,5.026000023,1.613999963,26.413461685180664
2016/8/18 18:00,13.12800026,5.357999802,8.350999832,3.019999981,4.751999855,1.613999963,29.276329040527344
2016/8/18 19:00,14.13300037,4.487999916,9.026000023,2.345000029,5.086999893,1.371000051,28.0428466796875
2016/8/18 20:00,19.82600021,4.421000004,12.47299957,1.527999997,7.370999813,1.76699996,28.540802001953125
2016/8/18 21:00,18.75399971,4.68900013,12.11699963,1.953999996,6.822999954,1.552999973,33.20533752441406
2016/8/18 22:00,22.17000008,6.631000042,16.06200027,3.588999987,6.0,1.491999984,34.34176254272461
2016/8/18 23:00,21.03199959,6.497000217,15.45800018,3.127000093,5.725999832,1.401000023,32.78268814086914
2016/8/19 0:00,21.16600037,6.631000042,16.06200027,3.980000019,4.934000015,1.340000033,31.97528648376465
2016/8/19 1:00,19.15600014,6.09499979,14.35599995,3.233999968,4.659999847,1.248999953,33.30598449707031
2016/8/19 2:00,19.55800056,5.960999966,14.99600029,3.660000086,4.386000156,1.309999943,31.10748863220215
2016/8/19 3:00,17.95100021,6.362999916,13.82299995,3.269000053,4.172999859,1.279000044,30.62450408935547
2016/8/19 4:00,17.75,6.162000179,14.0010004,3.660000086,3.71600008,1.218000054,33.38252258300781
2016/8/19 5:00,16.47699928,5.625999928,13.25500011,2.842999935,3.746000051,1.248999953,29.537797927856445
2016/8/19 6:00,16.00799942,5.157000065,12.50800037,2.415999889,3.838000059,1.309999943,30.395545959472656
2016/8/19 7:00,16.1420002,7.769999981,12.04599953,5.223999977,3.654999971,1.552999973,27.302886962890625
2016/8/19 8:00,14.93700027,5.69299984,11.19400024,3.055999994,3.746000051,1.583999991,30.043672561645508
2016/8/19 9:00,15.47200012,5.223999977,11.05099964,2.664999962,4.081999779,1.613999963,26.45989227294922
2016/8/19 10:00,14.60200024,5.827000141,10.05599976,3.76699996,5.177999973,1.552999973,30.190433502197266
2016/8/19 11:00,15.8739996,6.429999828,10.73200035,3.980000019,5.482999802,1.491999984,31.818138122558594
2016/8/19 12:00,17.41500092,5.69299984,10.97999954,3.730999947,5.787000179,1.613999963,30.312915802001953
2016/8/19 13:00,17.41500092,4.68900013,11.61999989,1.91900003,5.81799984,1.401000023,33.046329498291016
2016/8/19 14:00,16.27599907,4.152999878,10.5539999,1.315000057,5.147999763,1.401000023,33.96514892578125
2016/8/19 15:00,15.73999977,5.492000103,10.66100025,4.19299984,5.026000023,1.371000051,31.02019500732422
2016/8/19 16:00,14.73600006,5.559000015,9.701000214,3.019999981,4.994999886,1.613999963,26.586395263671875
2016/8/19 17:00,14.19999981,5.357999802,9.204000473,3.019999981,5.026000023,1.432000041,30.903003692626953
2016/8/19 18:00,13.26200008,4.68900013,8.456999779,2.594000101,4.782000065,1.491999984,29.796825408935547
2016/8/19 19:00,16.1420002,4.756000042,10.09200001,2.381000042,6.122000217,1.491999984,30.615564346313477
2016/8/19 20:00,20.02700043,4.487999916,12.57900047,1.527999997,7.522999763,1.76699996,28.54107093811035
2016/8/19 21:00,19.02199936,4.152999878,12.15299988,1.421000004,7.28000021,1.797000051,29.206769943237305
2016/8/19 22:00,22.70599937,8.572999954,16.16799927,4.547999859,6.335000038,1.613999963,27.265892028808594
2016/8/19 23:00,23.6439991,6.96600008,17.3409996,4.19299984,5.787000179,1.552999973,33.21044158935547
2016/8/20 0:00,19.75900078,6.429999828,14.81799984,3.980000019,5.238999844,1.432000041,31.790653228759766
2016/8/20 1:00,19.95999908,6.229000092,15.42199993,3.872999907,4.782000065,1.309999943,34.89199829
2016/8/20 2:00,17.81699944,5.357999802,13.50300026,2.984999895,4.447000027,1.218000054,30.586870193481445
2016/8/20 3:00,17.28100014,5.492000103,12.82800007,2.700999975,4.142000198,1.279000044,31.037208557128906
2016/8/20 4:00,15.8739996,6.497000217,12.29500008,4.370999813,3.806999922,1.279000044,30.75182342529297
2016/8/20 5:00,14.2670002,4.622000217,10.8739996,2.594000101,3.625,1.279000044,29.618560791015625
2016/8/20 6:00,15.13700008,6.429999828,11.76200008,4.263999939,3.686000109,1.156999946,30.73324203491211
2016/8/20 7:00,15.47200012,6.764999866,11.65499973,4.762000084,3.532999992,1.309999943,29.142696380615234
2016/8/20 8:00,15.53899956,7.636000156,11.65499973,5.046000004,3.654999971,1.462000012,27.57855796813965
2016/8/20 9:00,14.86999989,7.434999943,10.8739996,4.300000191,3.838000059,1.432000041,30.672380447387695
2016/8/20 10:00,17.48200035,6.831999779,12.22399998,4.903999805,4.965000153,1.523000002,29.88184928894043
2016/8/20 11:00,15.13700008,5.559000015,9.666000366,2.842999935,4.994999886,1.552999973,31.0499324798584
2016/8/20 12:00,10.31499958,4.421000004,6.005000114,2.239000082,4.295000076,1.218000054,29.40591049194336
2016/8/20 13:00,11.45400047,4.554999828,7.143000126,2.630000114,4.051000118,1.218000054,33.27399826
2016/8/20 14:00,10.91800022,4.019000053,6.965000153,2.486999989,4.142000198,1.309999943,31.70711326599121
2016/8/20 15:00,10.51599979,4.421000004,7.177999973,2.772000074,3.503000021,1.218000054,32.188987731933594
2016/8/20 16:00,9.711999893,3.750999928,7.320000172,2.381000042,2.802000046,0.913999975,29.72975730895996
2016/8/20 17:00,11.38700008,4.085999966,7.284999847,2.096999884,4.081999779,1.309999943,33.98089599609375
2016/8/20 18:00,7.903999805,2.411000013,5.578999996,1.457000017,2.28399992,0.670000017,27.48194122314453
2016/8/20 19:00,8.907999992,2.545000076,6.395999908,1.56400001,2.528000116,0.670000017,31.913524627685547
2016/8/20 20:00,12.12300014,3.214999914,8.493000031,1.953999996,3.594000101,0.760999978,36.37086868286133
2016/8/20 21:00,14.40100002,4.554999828,9.87899971,2.736000061,4.598999977,1.036000013,29.166404724121094
2016/8/20 22:00,14.40100002,5.827000141,10.19900036,3.375999928,3.868000031,1.036000013,31.012588500976562
2016/8/20 23:00,15.27099991,7.166999817,12.40200043,4.833000183,3.381000042,1.036000013,30.245052337646484
2016/8/21 0:00,14.60200024,6.296000004,11.08699989,4.263999939,3.259000063,0.975000024,31.630640029907227
2016/8/21 1:00,15.06999969,6.96600008,12.22399998,4.833000183,2.924000025,1.004999995,28.86947250366211
2016/8/21 2:00,13.79800034,6.96600008,11.15799999,4.65500021,2.772000074,1.004999995,26.8111572265625
2016/8/21 3:00,13.32900047,6.631000042,11.30000019,5.010000229,2.559000015,0.975000024,25.069154739379883
2016/8/21 4:00,13.06099987,5.625999928,10.05599976,3.802000046,2.315000057,0.913999975,29.078330993652344
2016/8/21 5:00,11.92199993,3.013999939,9.451999664,1.70599997,2.345000029,0.883000016,32.704837799072266
2016/8/21 6:00,13.4630003,4.085999966,11.05099964,2.273999929,2.680000067,0.913999975,29.24399185180664
2016/8/21 7:00,13.32900047,4.822999954,10.16300011,3.233999968,2.559000015,1.004999995,30.33344268798828
2016/8/21 8:00,12.6590004,4.354000092,9.487999916,2.594000101,2.650000095,1.036000013,27.467578887939453
2016/8/21 9:00,10.58300018,3.08100009,7.960000038,1.63499999,2.740999937,1.126999974,33.653709411621094
2016/8/21 10:00,10.98499966,5.157000065,7.747000217,3.339999914,3.349999905,1.126999974,34.16858673095703
2016/8/21 11:00,10.98499966,4.822999954,7.532999992,2.984999895,3.806999922,0.944000006,32.61336135864258
2016/8/21 12:00,10.18099976,4.421000004,6.965000153,2.523000002,3.319999933,1.065999985,30.860607147216797
2016/8/21 13:00,11.31999969,4.421000004,7.071000099,2.630000114,3.654999971,1.097000003,31.626052856445312
2016/8/21 14:00,11.18599987,4.152999878,7.143000126,2.594000101,3.532999992,1.156999946,33.22306823730469
2016/8/21 15:00,10.91800022,4.756000042,7.071000099,2.630000114,3.229000092,1.065999985,31.04108238220215
2016/8/21 16:00,9.979999542,3.951999903,6.857999802,2.273999929,3.167999983,1.156999946,32.95319747924805
2016/8/21 17:00,10.18099976,3.818000078,6.644999981,2.309999943,3.503000021,1.126999974,33.47489547729492
2016/8/21 18:00,9.376999855,3.750999928,5.791999817,2.273999929,3.349999905,1.065999985,30.842845916748047
2016/8/21 19:00,9.979999542,3.684000015,6.361000061,2.309999943,3.471999884,0.975000024,33.55323028564453
2016/8/21 20:00,14.53499985,4.487999916,9.23900032,2.594000101,5.300000191,1.156999946,28.918182373046875
2016/8/21 21:00,14.60200024,4.085999966,10.27000046,2.664999962,4.659999847,1.036000013,31.935483932495117
2016/8/21 22:00,14.53499985,3.818000078,10.16300011,2.096999884,4.111999989,1.126999974,34.20301818847656
2016/8/21 23:00,15.73999977,5.022999763,11.65499973,3.163000107,3.594000101,1.097000003,32.900699615478516
2016/8/22 0:00,20.02700043,6.831999779,14.0010004,4.157999992,5.756999969,1.613999963,28.249618530273438
2016/8/22 1:00,19.15600014,6.162000179,13.43200016,4.406000137,5.361000061,1.491999984,32.695125579833984
2016/8/22 2:00,18.08499908,6.429999828,12.47299957,4.122000217,5.026000023,1.462000012,31.56244468688965
2016/8/22 3:00,16.20899963,6.229000092,11.40699959,3.447000027,5.026000023,1.552999973,33.00470733642578
2016/8/22 4:00,17.88400078,5.625999928,12.86400032,3.660000086,4.965000153,1.583999991,32.731834411621094
2016/8/22 5:00,15.80700016,4.889999866,10.6960001,3.092000008,4.507999897,1.340000033,32.290225982666016
2016/8/22 6:00,15.80700016,5.157000065,11.22900009,3.055999994,4.751999855,1.401000023,31.537410736083984
2016/8/22 7:00,13.86499977,6.631000042,8.812999725,3.944000006,4.598999977,1.583999991,30.3013916015625
2016/8/22 8:00,9.845999718,4.554999828,7.888999939,3.625,1.91900003,0.822000027,24.065885543823242
2016/8/22 9:00,8.640000343,4.554999828,6.395999908,3.269000053,1.980000019,0.822000027,25.848323822021484
2016/8/22 10:00,10.85099983,5.425000191,7.106999874,3.482000113,3.229000092,1.218000054,31.802413940429688
2016/8/22 11:00,10.51599979,4.152999878,7.355999947,2.948999882,2.954999924,1.036000013,26.32923126220703
2016/8/22 12:00,9.376999855,4.287000179,6.928999901,2.664999962,2.680000067,0.944000006,26.601736068725586
2016/8/22 13:00,9.175999641,4.421000004,6.822999954,2.451999903,2.772000074,1.004999995,27.337949752807617
2016/8/22 14:00,9.711999893,4.421000004,6.395999908,2.345000029,2.832999945,1.097000003,27.166223526000977
2016/8/22 15:00,8.975000381,3.818000078,6.361000061,2.630000114,2.772000074,1.004999995,30.188854217529297
2016/8/22 16:00,8.907999992,4.152999878,6.254000187,2.842999935,2.618999958,1.004999995,27.505558013916016
2016/8/22 17:00,10.04699993,4.287000179,6.681000233,2.772000074,3.381000042,1.279000044,32.962406158447266
2016/8/22 18:00,8.907999992,3.88499999,5.862999916,2.415999889,3.015000105,1.097000003,31.335159301757812
2016/8/22 19:00,10.71700001,4.019000053,7.0,2.451999903,3.71600008,1.097000003,31.645004272460938
2016/8/22 20:00,12.52499962,4.019000053,8.137999535,2.486999989,4.355999947,1.097000003,31.91602325439453
2016/8/22 21:00,13.32900047,4.354000092,9.487999916,2.594000101,3.928999901,0.975000024,29.963289260864258
2016/8/22 22:00,13.59700012,3.750999928,10.02099991,2.061000109,3.289999962,1.036000013,35.396541595458984
2016/8/22 23:00,13.86499977,3.549999952,10.9090004,2.594000101,3.046000004,0.975000024,35.264129638671875
2016/8/23 0:00,14.13300037,4.287000179,11.54899979,3.127000093,2.772000074,0.975000024,28.00002098083496
2016/8/23 1:00,14.33399963,4.889999866,12.33100033,2.914000034,2.528000116,0.852999985,30.279916763305664
2016/8/23 2:00,14.06599998,4.756000042,11.33600044,2.594000101,2.497999907,0.883000016,27.01300049
2016/8/23 3:00,13.32900047,6.497000217,10.94499969,4.263999939,2.253999949,0.852999985,29.392988204956055
2016/8/23 4:00,13.59700012,6.497000217,10.8380003,5.046000004,2.163000107,0.822000027,25.059106826782227
2016/8/23 5:00,11.18599987,5.425000191,9.416999817,3.980000019,2.131999969,0.731000006,29.746910095214844
2016/8/23 6:00,13.52999973,6.162000179,10.80300045,4.584000111,2.588999987,0.822000027,26.871620178222656
2016/8/23 7:00,11.98900032,6.09499979,9.31000042,4.547999859,2.375999928,0.975000024,26.47974395751953
2016/8/23 8:00,12.39099979,5.894000053,9.345999718,4.051000118,2.437000036,1.004999995,28.603679656982422
2016/8/23 9:00,9.979999542,4.956999779,6.822999954,3.055999994,2.497999907,1.065999985,27.58538818359375
2016/8/23 10:00,11.05200005,5.625999928,7.747000217,3.163000107,3.411000013,1.097000003,32.2260856628418
2016/8/23 11:00,12.39099979,5.492000103,8.883999825,3.696000099,3.532999992,1.036000013,33.74509048461914
2016/8/23 12:00,11.05200005,4.421000004,7.106999874,2.559000015,3.503000021,1.279000044,33.54973602294922
2016/8/23 13:00,12.12300014,4.956999779,7.639999866,3.092000008,3.654999971,1.065999985,33.86048889160156
2016/8/23 14:00,11.78800011,4.889999866,7.604000092,2.914000034,3.532999992,1.036000013,32.39902114868164
2016/8/23 15:00,10.98499966,4.822999954,7.994999886,3.127000093,3.349999905,1.248999953,35.081214904785156
2016/8/23 16:00,10.58300018,4.622000217,7.427000046,2.630000114,3.229000092,1.187999964,32.492156982421875
2016/8/23 17:00,10.64999962,5.022999763,7.284999847,3.092000008,3.411000013,1.156999946,31.755523681640625
2016/8/23 18:00,9.779000282,3.88499999,6.467000008,2.345000029,3.319999933,1.065999985,32.30612564086914
2016/8/23 19:00,11.25300026,3.951999903,7.284999847,2.273999929,3.928999901,1.156999946,30.88199997
2016/8/23 20:00,15.60599995,5.559000015,10.12699986,3.163000107,5.573999882,1.036000013,33.398414611816406
2016/8/23 21:00,14.13300037,4.956999779,9.097000122,2.878000021,4.994999886,1.248999953,31.43916130065918
2016/8/23 22:00,13.73099995,6.09499979,9.666000366,3.90899992,4.172999859,1.187999964,32.27024841308594
2016/8/23 23:00,13.39599991,6.09499979,10.02099991,4.086999893,3.625,1.065999985,32.301780700683594
2016/8/24 0:00,14.46800041,6.027999878,11.58399963,4.833000183,3.107000113,1.065999985,29.83195686340332
2016/8/24 1:00,13.59700012,6.362999916,10.4119997,4.619999886,3.441999912,1.065999985,28.89453887939453
2016/8/24 2:00,11.98900032,5.760000229,9.451999664,3.944000006,2.650000095,0.852999985,27.888944625854492
2016/8/24 3:00,12.39099979,6.497000217,10.12699986,4.868000031,2.588999987,0.944000006,24.794782638549805
2016/8/24 4:00,10.04699993,5.022999763,7.320000172,3.233999968,2.497999907,0.944000006,27.027450561523438
2016/8/24 5:00,11.92199993,5.960999966,9.026000023,4.051000118,2.618999958,0.944000006,27.803499221801758
2016/8/24 6:00,11.45400047,5.290999889,8.635000229,3.339999914,2.588999987,0.822000027,30.75543212890625
2016/8/24 7:00,12.12300014,6.429999828,9.737000465,4.477000237,2.437000036,1.004999995,29.04334831237793
2016/8/24 8:00,10.64999962,5.492000103,7.994999886,3.76699996,2.497999907,1.126999974,26.73841094970703
2016/8/24 9:00,10.71700001,5.559000015,7.568999767,3.802000046,2.497999907,1.065999985,25.74399185180664
2016/8/24 10:00,11.5880003,5.357999802,7.710999966,3.552999973,3.197999954,1.126999974,33.26057434082031
2016/8/24 11:00,11.72099972,4.756000042,8.137999535,3.055999994,3.77699995,1.065999985,32.26210403442383
2016/8/24 12:00,11.65499973,4.956999779,7.427000046,2.523000002,3.471999884,1.156999946,32.762542724609375
2016/8/24 13:00,13.4630003,4.554999828,8.670999527,2.700999975,4.081999779,1.126999974,31.02006721496582
2016/8/24 14:00,11.72099972,5.157000065,8.777000427,3.127000093,3.898999929,1.248999953,34.23519515991211
2016/8/24 15:00,12.85999966,5.69299984,9.204000473,3.872999907,3.594000101,1.126999974,31.79054832458496
2016/8/24 16:00,10.91800022,5.090000153,7.639999866,3.339999914,3.319999933,1.218000054,31.759645462036133
2016/8/24 17:00,10.85099983,4.756000042,7.461999893,3.305000067,3.471999884,1.126999974,30.419511795043945
2016/8/24 18:00,9.845999718,3.951999903,6.502999783,2.451999903,3.289999962,1.065999985,32.81560134887695
2016/8/24 19:00,10.7840004,3.684000015,7.106999874,2.239000082,3.71600008,1.248999953,33.051998138427734
2016/8/24 20:00,15.06999969,4.622000217,9.666000366,2.700999975,5.300000191,1.156999946,30.33416175842285
2016/8/24 21:00,13.79800034,4.622000217,8.598999977,2.806999922,5.177999973,1.340000033,30.192590713500977
2016/8/24 22:00,15.13700008,6.429999828,11.76200008,4.406000137,4.081999779,1.097000003,30.819812774658203
2016/8/24 23:00,15.40499973,3.818000078,11.90400028,2.203000069,3.503000021,1.004999995,32.89737319946289
2016/8/25 0:00,17.28100014,5.559000015,12.47299957,2.984999895,5.604000092,1.583999991,31.98674774169922
2016/8/25 1:00,16.07500076,4.152999878,10.51799965,2.061000109,5.238999844,1.432000041,31.622386932373047
2016/8/25 2:00,13.79800034,3.348999977,9.097000122,1.63499999,4.873000145,1.371000051,34.80792236328125
2016/8/25 3:00,13.59700012,5.760000229,9.345999718,3.76699996,4.630000114,1.340000033,30.552270889282227
2016/8/25 4:00,12.99400043,5.69299984,8.598999977,3.269000053,4.447000027,1.248999953,32.31879425048828
2016/8/25 5:00,13.59700012,5.492000103,8.847999573,3.411000013,4.538000107,1.309999943,32.79594802856445
2016/8/25 6:00,13.79800034,5.960999966,9.23900032,3.90899992,4.507999897,1.218000054,30.926939010620117
2016/8/25 7:00,15.27099991,5.090000153,10.02099991,2.273999929,4.477000237,1.432000041,29.682720184326172
2016/8/25 8:00,10.58300018,3.348999977,8.777000427,2.594000101,2.28399992,0.944000006,29.482608795166016
2016/8/25 9:00,10.51599979,5.559000015,7.390999794,3.163000107,2.467000008,0.944000006,27.47939109802246
2016/8/25 10:00,11.38700008,5.492000103,7.747000217,3.163000107,3.075999975,1.065999985,32.14899826
2016/8/25 11:00,11.5880003,5.223999977,7.994999886,3.019999981,3.594000101,1.065999985,33.35317611694336
2016/8/25 12:00,10.58300018,4.019000053,7.249000072,2.486999989,3.289999962,1.004999995,32.032981872558594
2016/8/25 13:00,12.72599983,4.956999779,8.527999878,2.664999962,3.806999922,1.036000013,32.54757308959961
2016/8/25 14:00,11.85499954,5.492000103,8.208999634,3.517999887,3.77699995,1.248999953,34.59326171875
2016/8/25 15:00,12.45800018,4.822999954,8.244000435,3.055999994,3.746000051,1.340000033,31.81171989440918
2016/8/25 16:00,10.85099983,4.152999878,7.390999794,2.630000114,3.381000042,1.248999953,33.154701232910156
2016/8/25 17:00,11.05200005,4.68900013,7.498000145,2.948999882,3.594000101,1.097000003,32.67020797729492
2016/8/25 18:00,10.24800014,4.21999979,6.71600008,2.630000114,3.532999992,1.156999946,33.40508270263672
2016/8/25 19:00,12.32400036,4.287000179,8.031000137,2.381000042,4.355999947,1.156999946,31.265689849853516
2016/8/25 20:00,16.00799942,3.08100009,10.19900036,1.172999978,5.725999832,1.126999974,36.38935852050781
2016/8/25 21:00,16.47699928,4.622000217,11.51299953,2.559000015,4.873000145,1.187999964,29.70209312438965
2016/8/25 22:00,16.00799942,4.152999878,12.15299988,2.025000095,4.111999989,1.097000003,31.554519653320312
2016/8/25 23:00,16.47699928,5.157000065,12.64999962,3.588999987,3.77699995,1.248999953,33.322303771972656
2016/8/26 0:00,18.01799965,6.09499979,14.3920002,3.90899992,3.532999992,1.126999974,32.704715728759766
2016/8/26 1:00,16.54400063,5.625999928,13.96500015,3.517999887,3.107000113,0.944000006,31.736387252807617
2016/8/26 2:00,15.53899956,4.554999828,12.79300022,2.948999882,2.588999987,0.883000016,30.24040412902832
2016/8/26 3:00,15.3380003,7.301000118,13.25500011,5.188000202,2.375999928,0.822000027,26.579349517822266
2016/8/26 4:00,15.73999977,5.290999889,13.04100037,3.197999954,2.650000095,0.883000016,32.33849334716797
2016/8/26 5:00,14.86999989,6.96600008,12.40200043,4.619999886,2.772000074,0.913999975,26.66200066
2016/8/26 6:00,13.73099995,5.625999928,11.44200039,4.263999939,2.437000036,0.852999985,27.858991622924805
2016/8/26 7:00,11.72099972,5.760000229,9.843000412,4.014999866,2.00999999,0.913999975,27.367677688598633
2016/8/26 8:00,10.31499958,6.162000179,8.421999931,4.833000183,1.888000011,0.852999985,23.37197494506836
2016/8/26 9:00,9.444000244,5.760000229,7.249000072,4.300000191,2.315000057,1.036000013,25.379087448120117
2016/8/26 10:00,10.18099976,5.022999763,6.502999783,3.375999928,2.710999966,1.279000044,28.622390747070312
2016/8/26 11:00,9.109000206,4.956999779,6.395999908,3.055999994,2.832999945,1.097000003,29.028188705444336
2016/8/26 12:00,7.636000156,3.818000078,4.93900013,2.309999943,2.163000107,0.975000024,25.647083282470703
2016/8/26 13:00,8.171999931,3.684000015,5.295000076,2.594000101,2.345000029,1.036000013,27.43499947
2016/8/26 14:00,7.568999767,4.354000092,5.117000103,2.486999989,2.772000074,1.097000003,27.11429214477539
2016/8/26 15:00,7.368000031,4.085999966,5.578999996,2.736000061,1.888000011,0.883000016,25.695096969604492
2016/8/26 16:00,6.764999866,3.750999928,4.762000084,2.594000101,2.040999889,0.944000006,26.410181045532227
2016/8/26 17:00,7.636000156,3.415999889,5.081999779,2.309999943,2.497999907,1.004999995,26.45514488220215
2016/8/26 18:00,6.296000004,3.08100009,4.441999912,2.025000095,1.888000011,0.700999975,25.634904861450195
2016/8/26 19:00,6.296000004,2.477999926,4.441999912,1.56400001,1.76699996,0.547999978,17.931398391723633
2016/8/26 20:00,6.96600008,2.611999989,5.010000229,1.883000016,1.980000019,0.547999978,20.649898529052734
2016/8/26 21:00,7.434999943,2.545000076,4.868000031,0.816999972,2.559000015,0.883000016,26.26738166809082
2016/8/26 22:00,11.05200005,4.152999878,8.847999573,3.269000053,2.193000078,0.852999985,31.46942138671875
2016/8/26 23:00,11.25300026,3.08100009,9.630000114,1.70599997,2.163000107,1.004999995,33.79429244995117
2016/8/27 0:00,15.47200012,5.357999802,10.7670002,2.806999922,4.598999977,1.491999984,30.778926849365234
2016/8/27 1:00,15.13700008,4.354000092,10.51799965,3.019999981,4.295000076,1.462000012,29.334806442260742
2016/8/27 2:00,15.06999969,6.429999828,11.12199974,4.335000038,4.172999859,1.371000051,30.19327163696289
2016/8/27 3:00,15.20400047,6.631000042,11.15799999,4.796999931,4.111999989,1.340000033,28.549089431762695
2016/8/27 4:00,14.40100002,5.625999928,10.44699955,3.944000006,4.355999947,1.401000023,29.470022201538086
2016/8/27 5:00,16.94599915,5.492000103,12.29500008,2.984999895,4.447000027,1.309999943,30.828006744384766
2016/8/27 6:00,18.21899986,7.501999855,12.79300022,5.188000202,5.086999893,1.613999963,23.1439991
2016/8/27 7:00,14.19999981,4.822999954,9.131999969,2.309999943,4.782000065,1.85800004,23.56599998
2016/8/27 8:00,12.12300014,4.085999966,9.204000473,2.594000101,2.467000008,1.340000033,26.994131088256836
2016/8/27 9:00,9.51099968,3.148000002,6.857999802,1.350000024,2.345000029,1.340000033,31.297876358032227
2016/8/27 10:00,9.711999893,4.421000004,6.43200016,3.375999928,2.618999958,1.248999953,24.757204055786133
2016/8/27 11:00,9.31000042,4.68900013,6.361000061,2.451999903,3.229000092,1.065999985,32.01893615722656
2016/8/27 12:00,7.301000118,3.951999903,5.188000202,2.486999989,2.375999928,1.065999985,27.360239028930664
2016/8/27 13:00,7.368000031,3.617000103,4.93900013,2.451999903,2.345000029,1.187999964,27.721418380737305
2016/8/27 14:00,8.171999931,4.68900013,5.436999798,2.664999962,2.345000029,1.218000054,27.694177627563477
2016/8/27 15:00,8.23900032,3.88499999,5.295000076,2.381000042,2.193000078,1.065999985,26.894018173217773
2016/8/27 16:00,7.234000206,3.88499999,4.833000183,2.948999882,2.315000057,1.036000013,23.862443923950195
2016/8/27 17:00,8.305999756,4.21999979,5.543000221,2.664999962,2.710999966,1.036000013,27.309175491333008
2016/8/27 18:00,7.568999767,3.750999928,5.010000229,2.415999889,2.528000116,1.004999995,26.52099991
2016/8/27 19:00,6.631000042,3.282000065,4.335000038,2.061000109,2.253999949,0.975000024,26.06710433959961
2016/8/27 20:00,7.501999855,3.282000065,5.081999779,2.239000082,2.315000057,0.822000027,25.67192840576172
2016/8/27 21:00,7.166999817,2.678999901,4.65500021,1.491999984,2.467000008,0.913999975,23.72956657409668
2016/8/27 22:00,9.109000206,3.951999903,6.610000134,2.700999975,2.101999998,0.852999985,28.590314865112305
2016/8/27 23:00,10.91800022,5.223999977,8.598999977,3.411000013,2.163000107,0.913999975,27.819913864135742
2016/8/28 0:00,9.51099968,4.822999954,7.071000099,3.625,1.888000011,0.760999978,25.488309860229492
2016/8/28 1:00,8.505999565,4.421000004,6.076000214,2.664999962,1.735999942,0.731000006,18.013996124267578
2016/8/28 2:00,6.56400013,3.818000078,5.401000023,2.523000002,1.613999963,0.700999975,22.29999924
2016/8/28 3:00,7.368000031,3.415999889,5.828000069,2.878000021,1.583999991,0.731000006,23.86481285095215
2016/8/28 4:00,8.104999542,3.348999977,5.899000168,2.806999922,1.613999963,0.639999986,23.386911392211914
2016/8/28 5:00,7.836999893,4.085999966,6.289999962,2.486999989,1.85800004,0.670000017,27.219453811645508
2016/8/28 6:00,8.171999931,3.148000002,6.005000114,2.239000082,2.497999907,0.822000027,28.94598960876465
2016/8/28 7:00,9.444000244,4.287000179,6.928999901,3.092000008,2.618999958,1.065999985,21.66699982
2016/8/28 8:00,8.975000381,3.282000065,5.899000168,1.031000018,2.650000095,1.156999946,31.567655563354492
2016/8/28 9:00,8.43900013,4.756000042,5.258999825,2.948999882,2.497999907,1.156999946,24.588825225830078
2016/8/28 10:00,9.845999718,5.022999763,6.183000088,2.772000074,3.289999962,1.371000051,30.680923461914062
2016/8/28 11:00,9.578000069,4.956999779,6.822999954,3.233999968,2.984999895,1.248999953,26.673561096191406
2016/8/28 12:00,6.96600008,3.348999977,4.547999859,1.812000036,2.315000057,0.975000024,25.500879287719727
2016/8/28 13:00,8.43900013,4.085999966,5.578999996,2.878000021,2.467000008,1.097000003,27.57600021
2016/8/28 14:00,8.505999565,4.756000042,5.791999817,2.594000101,2.253999949,1.156999946,27.788911819458008
2016/8/28 15:00,6.831999779,3.348999977,4.690999985,2.594000101,2.131999969,1.097000003,26.908626556396484
2016/8/28 16:00,7.301000118,4.085999966,4.974999905,2.630000114,2.253999949,1.004999995,27.350082397460938
2016/8/28 17:00,7.903999805,3.750999928,5.223999977,2.381000042,2.740999937,1.036000013,26.49215316772461
2016/8/28 18:00,7.703000069,3.48300004,4.93900013,2.239000082,2.680000067,1.065999985,26.886394500732422
2016/8/28 19:00,6.96600008,3.08100009,4.547999859,1.91900003,2.375999928,0.944000006,27.64599991
2016/8/28 20:00,8.371999741,3.617000103,5.472000122,2.203000069,2.802000046,0.944000006,26.92565155029297
2016/8/28 21:00,7.368000031,3.348999977,4.903999805,2.451999903,2.375999928,0.822000027,25.81699944
2016/8/28 22:00,8.104999542,3.818000078,5.96999979,2.381000042,2.253999949,0.944000006,28.38329315185547
2016/8/28 23:00,8.505999565,4.354000092,5.899000168,2.594000101,2.193000078,0.944000006,25.12201690673828
2016/8/29 0:00,6.429999828,3.750999928,4.513000011,2.451999903,2.071000099,0.883000016,25.51152992248535
2016/8/29 1:00,7.703000069,3.750999928,5.899000168,2.523000002,1.949000001,0.883000016,26.21428871154785
2016/8/29 2:00,7.501999855,4.019000053,6.147999763,2.842999935,1.797000051,0.822000027,26.653799057006836
2016/8/29 3:00,7.099999905,4.019000053,4.762000084,2.736000061,1.85800004,0.852999985,25.047605514526367
2016/8/29 4:00,6.362999916,3.348999977,4.263999939,2.451999903,1.85800004,0.913999975,25.008119583129883
2016/8/29 5:00,7.368000031,3.013999939,5.258999825,2.486999989,2.071000099,0.791999996,26.70370101928711
2016/8/29 6:00,10.7840004,4.487999916,7.676000118,3.055999994,2.740999937,1.036000013,23.538087844848633
2016/8/29 7:00,8.305999756,4.756000042,5.578999996,2.523000002,2.467000008,1.218000054,27.05572509765625
2016/8/29 8:00,8.572999954,4.622000217,5.543000221,3.375999928,2.710999966,1.340000033,21.685667037963867
2016/8/29 9:00,8.975000381,5.223999977,6.254000187,3.552999973,2.740999937,1.340000033,26.00135040283203
2016/8/29 10:00,10.04699993,5.425000191,6.681000233,3.163000107,2.984999895,1.309999943,27.55845832824707
2016/8/29 11:00,9.845999718,4.756000042,6.681000233,2.948999882,3.289999962,1.309999943,30.091136932373047
2016/8/29 12:00,8.371999741,4.019000053,5.650000095,2.239000082,2.375999928,1.065999985,28.444734573364258
2016/8/29 13:00,8.774000168,4.622000217,5.828000069,2.914000034,2.528000116,1.156999946,24.857404708862305
2016/8/29 14:00,8.640000343,4.68900013,5.650000095,2.842999935,2.467000008,1.187999964,28.426998138427734
2016/8/29 15:00,8.706999779,4.756000042,5.472000122,2.948999882,2.588999987,1.187999964,24.178604125976562
2016/8/29 16:00,8.975000381,4.956999779,6.361000061,3.163000107,2.618999958,1.218000054,28.840179443359375
2016/8/29 17:00,8.774000168,4.554999828,6.361000061,2.948999882,2.710999966,1.218000054,27.903972625732422
2016/8/29 18:00,7.836999893,3.951999903,5.295000076,2.239000082,2.559000015,1.065999985,26.180696487426758
2016/8/29 19:00,7.434999943,3.148000002,4.833000183,1.953999996,2.528000116,0.944000006,27.762178421020508
2016/8/29 20:00,8.371999741,3.415999889,5.721000195,2.273999929,2.650000095,0.760999978,27.51289176940918
2016/8/29 21:00,10.38199997,3.818000078,7.427000046,2.594000101,2.375999928,0.852999985,29.3394832611084
2016/8/29 22:00,9.645000458,4.889999866,7.782000065,3.696000099,1.949000001,0.822000027,26.643875122070312
2016/8/29 23:00,10.91800022,5.625999928,8.883999825,3.802000046,1.949000001,0.913999975,24.83200073
2016/8/30 0:00,14.86999989,6.497000217,10.12699986,4.725999832,4.295000076,1.401000023,28.54793357849121
2016/8/30 1:00,14.66899967,7.099999905,10.3409996,4.584000111,4.081999779,1.340000033,28.46453285217285
2016/8/30 2:00,13.66399956,6.764999866,9.451999664,4.086999893,4.020999908,1.340000033,30.943422317504883
2016/8/30 3:00,13.52999973,6.296000004,9.666000366,4.014999866,3.898999929,1.309999943,31.62479019165039
2016/8/30 4:00,12.99400043,6.09499979,8.670999527,4.406000137,4.172999859,1.371000051,31.721477508544922
2016/8/30 5:00,15.06999969,6.831999779,9.949999809,4.014999866,4.751999855,1.432000041,31.162843704223633
2016/8/30 6:00,15.3380003,7.099999905,10.3760004,3.944000006,5.208000183,1.613999963,26.119529724121094
2016/8/30 7:00,16.20899963,6.027999878,11.65499973,3.375999928,4.965000153,1.76699996,28.534900665283203
2016/8/30 8:00,12.99400043,5.559000015,10.09200001,3.197999954,2.680000067,1.401000023,28.24026107788086
2016/8/30 9:00,9.779000282,4.622000217,7.284999847,3.019999981,2.375999928,1.156999946,25.981273651123047
2016/8/30 10:00,9.645000458,4.68900013,6.787000179,3.375999928,2.862999916,1.218000054,28.52495002746582
2016/8/30 11:00,9.913000107,4.756000042,7.0,3.055999994,3.015000105,1.126999974,29.467350006103516
2016/8/30 12:00,8.43900013,3.88499999,5.401000023,2.167999983,2.345000029,0.944000006,24.919836044311523
2016/8/30 13:00,8.572999954,4.354000092,6.324999809,2.914000034,2.223999977,1.004999995,23.512346267700195
2016/8/30 14:00,8.505999565,4.822999954,5.791999817,3.163000107,2.253999949,1.065999985,24.31260108947754
2016/8/30 15:00,7.903999805,4.68900013,6.111999989,3.588999987,2.223999977,1.097000003,25.662904739379883
2016/8/30 16:00,7.903999805,4.554999828,5.436999798,2.984999895,2.437000036,1.218000054,23.349895477294922
2016/8/30 17:00,8.907999992,4.421000004,5.899000168,3.019999981,2.772000074,1.248999953,23.597843170166016
2016/8/30 18:00,8.104999542,4.085999966,5.366000175,2.664999962,2.680000067,1.097000003,28.77199936
2016/8/30 19:00,7.769999981,3.617000103,5.188000202,2.167999983,2.588999987,1.036000013,26.818784713745117
2016/8/30 20:00,8.572999954,3.88499999,5.899000168,2.594000101,2.559000015,0.883000016,26.19200897216797
2016/8/30 21:00,9.51099968,3.617000103,7.532999992,2.523000002,2.253999949,0.852999985,29.573299407958984
2016/8/30 22:00,11.45400047,5.290999889,9.31000042,4.513000011,2.101999998,0.760999978,30.70528793334961
2016/8/30 23:00,12.79300022,3.818000078,10.9090004,2.273999929,1.949000001,0.791999996,31.428565979003906
2016/8/31 0:00,13.79800034,4.622000217,12.36600018,3.055999994,1.85800004,0.822000027,25.044591903686523
2016/8/31 1:00,13.79800034,4.622000217,12.36600018,3.055999994,1.85800004,0.822000027,25.044591903686523
2016/8/31 2:00,13.79800034,4.622000217,12.36600018,3.055999994,1.85800004,0.822000027,25.044591903686523
2016/8/31 3:00,13.79800034,4.622000217,12.36600018,3.055999994,1.85800004,0.822000027,25.044591903686523
2016/8/31 4:00,13.79800034,4.622000217,12.36600018,3.055999994,1.85800004,0.822000027,25.044591903686523
2016/8/31 5:00,13.79800034,4.622000217,12.36600018,3.055999994,1.85800004,0.822000027,25.044591903686523
2016/8/31 6:00,13.79800034,4.622000217,12.36600018,3.055999994,1.85800004,0.822000027,25.044591903686523
2016/8/31 7:00,13.79800034,4.622000217,12.36600018,3.055999994,1.85800004,0.822000027,25.044591903686523
2016/8/31 8:00,13.79800034,4.622000217,12.36600018,3.055999994,1.85800004,0.822000027,25.044591903686523
2016/8/31 9:00,13.79800034,4.622000217,12.36600018,3.055999994,1.85800004,0.822000027,25.044591903686523
2016/8/31 10:00,13.79800034,4.622000217,12.36600018,3.055999994,1.85800004,0.822000027,25.044591903686523
2016/8/31 11:00,13.79800034,4.622000217,12.36600018,3.055999994,1.85800004,0.822000027,25.044591903686523
2016/8/31 12:00,13.79800034,4.622000217,12.36600018,3.055999994,1.85800004,0.822000027,25.044591903686523
2016/8/31 13:00,13.79800034,4.622000217,12.36600018,3.055999994,1.85800004,0.822000027,25.044591903686523
2016/8/31 14:00,13.79800034,4.622000217,12.36600018,3.055999994,1.85800004,0.822000027,25.044591903686523
2016/8/31 15:00,13.79800034,4.622000217,12.36600018,3.055999994,1.85800004,0.822000027,25.04400063
2016/8/31 16:00,13.79800034,4.622000217,12.36600018,3.055999994,1.85800004,0.822000027,25.044591903686523
2016/8/31 17:00,13.79800034,4.622000217,12.36600018,3.055999994,1.85800004,0.822000027,25.044591903686523
2016/8/31 18:00,13.79800034,4.622000217,12.36600018,3.055999994,1.85800004,0.822000027,25.044591903686523
2016/8/31 19:00,13.79800034,4.622000217,12.36600018,3.055999994,1.85800004,0.822000027,25.044591903686523
2016/8/31 20:00,13.79800034,4.622000217,12.36600018,3.055999994,1.85800004,0.822000027,25.044591903686523
2016/8/31 21:00,13.79800034,4.622000217,12.36600018,3.055999994,1.85800004,0.822000027,25.044591903686523
2016/8/31 22:00,13.79800034,4.622000217,12.36600018,3.055999994,1.85800004,0.822000027,25.044591903686523
2016/8/31 23:00,13.79800034,4.622000217,12.36600018,3.055999994,1.85800004,0.822000027,25.044591903686523
2016/9/1 0:00,16.00799942,7.234000206,10.8739996,4.619999886,4.538000107,1.552999973,28.202159881591797
2016/9/1 1:00,14.53499985,6.229000092,9.701000214,4.051000118,4.295000076,1.797000051,26.621061325073242
2016/9/1 2:00,14.40100002,4.487999916,9.772000313,2.061000109,4.477000237,1.583999991,29.96102523803711
2016/9/1 3:00,14.60200024,6.429999828,10.30500031,4.370999813,4.324999809,1.523000002,30.529029846191406
2016/9/1 4:00,12.32400036,5.157000065,8.598999977,3.305000067,4.324999809,1.552999973,33.155853271484375
2016/9/1 5:00,13.86499977,6.229000092,9.23900032,4.122000217,4.782000065,1.552999973,30.58444595336914
2016/9/1 6:00,14.60200024,4.287000179,9.737000465,1.457000017,5.147999763,1.735999942,27.511003494262695
2016/9/1 7:00,15.8739996,5.894000053,10.66100025,3.339999914,5.086999893,1.91900003,27.265804290771484
2016/9/1 8:00,10.38199997,3.549999952,7.214000225,1.84800005,2.680000067,1.401000023,29.945331573486328
2016/9/1 9:00,9.51099968,3.684000015,6.822999954,2.096999884,2.710999966,1.309999943,31.105262756347656
2016/9/1 10:00,10.18099976,3.818000078,7.0,1.315000057,3.046000004,1.401000023,37.584381103515625
2016/9/1 11:00,10.7840004,3.818000078,7.320000172,1.527999997,3.319999933,1.309999943,36.374305725097656
2016/9/1 12:00,8.774000168,4.487999916,6.005000114,2.772000074,2.437000036,1.126999974,28.00899314880371
2016/9/1 13:00,8.171999931,3.818000078,5.791999817,2.486999989,2.405999899,0.944000006,28.04193115234375
2016/9/1 14:00,8.43900013,3.951999903,5.828000069,2.630000114,2.467000008,1.218000054,28.894662857055664
2016/9/1 15:00,9.243000031,3.617000103,6.928999901,1.527999997,2.650000095,1.187999964,32.93231964111328
2016/9/1 16:00,9.51099968,3.48300004,6.610000134,1.598999977,2.650000095,1.613999963,28.942842483520508
2016/9/1 17:00,9.444000244,3.08100009,6.467000008,1.491999984,2.924000025,1.218000054,35.91130447387695
2016/9/1 18:00,8.305999756,4.152999878,5.68599987,2.736000061,2.650000095,1.097000003,29.07373809814453
2016/9/1 19:00,8.907999992,3.88499999,5.828000069,2.345000029,2.954999924,1.036000013,28.33783721923828
2016/9/1 20:00,9.779000282,3.818000078,6.573999882,2.381000042,3.259000063,1.065999985,34.15540313720703
2016/9/1 21:00,9.041999817,3.214999914,5.934000015,1.84800005,3.046000004,1.097000003,33.031280517578125
2016/9/1 22:00,9.31000042,4.287000179,6.183000088,2.381000042,2.862999916,1.065999985,29.616670608520508
2016/9/1 23:00,10.7840004,5.090000153,7.960000038,3.980000019,2.345000029,0.975000024,26.94300079
2016/9/2 0:00,12.12300014,6.09499979,9.451999664,3.980000019,2.28399992,1.065999985,29.859573364257812
2016/9/2 1:00,10.91800022,5.69299984,8.208999634,3.90899992,2.253999949,1.004999995,25.28921127319336
2016/9/2 2:00,10.51599979,5.760000229,8.56400013,4.086999893,2.163000107,1.036000013,25.556791305541992
2016/9/2 3:00,9.578000069,4.956999779,7.853000164,3.233999968,2.071000099,1.004999995,26.993749618530273
2016/9/2 4:00,10.38199997,4.822999954,8.56400013,3.447000027,1.949000001,0.944000006,25.665908813476562
2016/9/2 5:00,11.05200005,5.559000015,9.131999969,4.051000118,2.040999889,0.852999985,28.844314575195312
2016/9/2 6:00,12.52499962,3.951999903,9.23900032,2.309999943,2.710999966,1.004999995,29.231246948242188
2016/9/2 7:00,11.05200005,3.818000078,8.350999832,2.096999884,2.680000067,1.371000051,32.66081237792969
2016/9/2 8:00,10.91800022,4.554999828,8.456999779,2.594000101,2.832999945,1.462000012,25.886756896972656
2016/9/2 9:00,10.31499958,6.362999916,7.604000092,3.944000006,2.954999924,1.462000012,27.744369506835938
2016/9/2 10:00,10.7840004,6.296000004,7.532999992,3.838000059,3.107000113,1.491999984,29.52501106262207
2016/9/2 11:00,10.31499958,5.290999889,7.390999794,3.872999907,3.289999962,1.340000033,30.139192581176758
2016/9/2 12:00,8.907999992,4.554999828,5.543000221,2.167999983,2.862999916,1.309999943,26.279953002929688
2016/9/2 13:00,9.243000031,4.554999828,6.040999889,2.630000114,2.954999924,1.309999943,27.070344924926758
2016/9/2 14:00,8.975000381,5.290999889,6.040999889,3.127000093,3.075999975,1.371000051,26.656030654907227
2016/9/2 15:00,9.845999718,5.223999977,6.610000134,3.127000093,2.894000053,1.309999943,31.12506675720215
2016/9/2 16:00,9.444000244,4.354000092,6.538000107,2.878000021,2.832999945,1.340000033,25.961238861083984
2016/9/2 17:00,9.51099968,4.68900013,6.43200016,3.019999981,3.075999975,1.248999953,30.237985610961914
2016/9/2 18:00,8.774000168,4.287000179,5.756999969,2.664999962,2.984999895,1.218000054,26.068126678466797
2016/9/2 19:00,9.376999855,4.085999966,6.218999863,2.486999989,3.107000113,1.097000003,33.056884765625
2016/9/2 20:00,10.18099976,4.085999966,6.681000233,2.523000002,3.441999912,1.156999946,33.03219985961914
2016/9/2 21:00,9.109000206,3.415999889,6.040999889,2.061000109,3.015000105,1.097000003,32.52216720581055
2016/9/2 22:00,10.38199997,4.889999866,7.994999886,3.375999928,2.528000116,1.036000013,27.119197845458984
2016/9/2 23:00,11.85499954,5.425000191,9.131999969,3.411000013,2.559000015,1.097000003,31.360145568847656
2016/9/3 0:00,12.6590004,5.69299984,7.853000164,3.127000093,4.813000202,1.735999942,29.917362213134766
2016/9/3 1:00,15.94099998,7.368000031,11.33600044,4.833000183,4.568999767,1.644999981,23.77901268005371
2016/9/3 2:00,14.40100002,6.764999866,9.772000313,4.441999912,4.447000027,1.583999991,30.51740264892578
2016/9/3 3:00,12.85999966,6.497000217,8.173000336,4.086999893,4.507999897,1.583999991,31.5419979095459
2016/9/3 4:00,14.06599998,5.69299984,8.777000427,3.944000006,4.598999977,1.674999952,26.734233856201172
2016/9/3 5:00,14.93700027,6.899000168,9.913999557,4.300000191,4.630000114,1.644999981,26.133399963378906
2016/9/3 6:00,16.87899971,7.301000118,11.76200008,4.65500021,5.421999931,1.827999949,25.477861404418945
2016/9/3 7:00,13.9989996,6.899000168,9.416999817,4.441999912,5.117000103,1.827999949,25.719375610351562
2016/9/3 8:00,8.43900013,5.69299984,6.040999889,3.517999887,2.710999966,1.523000002,23.814546585083008
2016/9/3 9:00,9.31000042,5.760000229,6.822999954,3.802000046,2.832999945,1.432000041,24.386117935180664
2016/9/3 10:00,11.05200005,5.625999928,7.320000172,3.90899992,3.259000063,1.432000041,31.685869216918945
2016/9/3 11:00,10.7840004,4.956999779,7.320000172,3.127000093,3.471999884,1.401000023,31.886260986328125
2016/9/3 12:00,9.979999542,4.822999954,6.894000053,3.375999928,2.772000074,1.126999974,27.917648315429688
2016/9/3 13:00,10.71700001,5.157000065,7.071000099,2.772000074,2.954999924,1.248999953,31.800209045410156
2016/9/3 14:00,9.578000069,5.090000153,6.928999901,3.696000099,2.772000074,1.340000033,25.87196922302246
2016/9/3 15:00,8.840999603,5.223999977,6.610000134,3.092000008,2.650000095,1.218000054,30.31999969
2016/9/3 16:00,8.774000168,4.889999866,6.395999908,3.696000099,2.618999958,1.218000054,29.136600494384766
2016/9/3 17:00,9.31000042,4.822999954,6.43200016,3.163000107,2.954999924,1.309999943,29.258060455322266
2016/9/3 18:00,7.903999805,4.019000053,5.258999825,2.700999975,2.650000095,1.097000003,26.718259811401367
2016/9/3 19:00,9.041999817,3.549999952,5.96999979,2.167999983,3.015000105,1.004999995,30.807350158691406
2016/9/3 20:00,9.444000244,3.549999952,6.289999962,2.131999969,3.046000004,0.944000006,34.859249114990234
2016/9/3 21:00,10.51599979,4.152999878,7.676000118,2.451999903,2.740999937,0.913999975,28.781728744506836
2016/9/3 22:00,10.38199997,4.354000092,7.81799984,2.914000034,2.375999928,0.944000006,22.409221649169922
2016/9/3 23:00,12.05599976,5.223999977,8.989999771,3.872999907,2.467000008,1.065999985,30.40010643005371
2016/9/4 0:00,11.11900043,4.822999954,8.954999924,3.90899992,2.345000029,1.036000013,29.571922302246094
2016/9/4 1:00,11.31999969,5.157000065,9.630000114,4.513000011,2.071000099,0.913999975,29.62755584716797
2016/9/4 2:00,11.72099972,4.956999779,8.989999771,3.944000006,2.071000099,0.944000006,29.64501953125
2016/9/4 3:00,11.5880003,5.69299984,9.559000015,3.980000019,1.888000011,0.883000016,27.319717407226562
2016/9/4 4:00,10.38199997,5.157000065,8.421999931,3.233999968,1.980000019,0.883000016,27.812971115112305
2016/9/4 5:00,11.11900043,4.822999954,9.23900032,3.339999914,2.040999889,0.852999985,30.586193084716797
2016/9/4 6:00,13.19499969,6.027999878,10.73200035,3.944000006,2.710999966,1.004999995,29.222274780273438
2016/9/4 7:00,11.72099972,4.889999866,8.883999825,3.197999954,2.710999966,1.218000054,32.3209342956543
2016/9/4 8:00,10.11400032,4.554999828,7.676000118,3.055999994,2.710999966,1.279000044,26.280582427978516
2016/9/4 9:00,8.572999954,4.354000092,5.96999979,2.664999962,2.618999958,1.279000044,27.362171173095703
2016/9/4 10:00,9.979999542,4.487999916,7.106999874,2.984999895,2.740999937,1.248999953,24.060504913330078
2016/9/4 11:00,9.109000206,3.88499999,6.254000187,2.415999889,2.924000025,1.126999974,28.004594802856445
2016/9/4 12:00,7.166999817,3.013999939,4.619999886,1.56400001,2.528000116,1.097000003,25.7393741607666
2016/9/4 13:00,7.301000118,2.880000114,4.868000031,1.63499999,2.497999907,1.097000003,27.099681854248047
2016/9/4 14:00,7.166999817,3.148000002,4.833000183,1.812000036,2.315000057,1.036000013,28.84199905
2016/9/4 15:00,7.301000118,3.415999889,4.903999805,2.131999969,2.497999907,1.126999974,27.29885482788086
2016/9/4 16:00,7.368000031,3.88499999,5.046000004,2.594000101,2.253999949,1.156999946,27.270357131958008
2016/9/4 17:00,8.23900032,3.750999928,5.436999798,2.309999943,2.772000074,1.126999974,28.376657485961914
2016/9/4 18:00,6.96600008,3.282000065,4.584000111,2.061000109,2.375999928,1.004999995,25.93560791015625
2016/9/4 19:00,7.703000069,3.08100009,5.081999779,1.953999996,2.618999958,0.852999985,26.8314151763916
2016/9/4 20:00,7.903999805,3.08100009,5.081999779,1.883000016,2.740999937,0.883000016,26.35288429260254
2016/9/4 21:00,6.899000168,3.750999928,4.441999912,2.096999884,2.528000116,0.883000016,25.695308685302734
2016/9/4 22:00,8.505999565,4.68900013,6.147999763,3.339999914,2.223999977,0.883000016,24.629714965820312
2016/9/4 23:00,9.444000244,5.357999802,7.320000172,3.660000086,1.949000001,0.852999985,27.514089584350586
2016/9/5 0:00,12.52499962,6.96600008,11.44200039,5.862999916,1.888000011,0.852999985,23.53185272216797
2016/9/5 1:00,12.32400036,6.697999954,10.12699986,4.903999805,1.735999942,0.791999996,21.01289176940918
2016/9/5 2:00,11.65499973,6.56400013,9.274999619,4.263999939,1.644999981,0.852999985,26.049625396728516
2016/9/5 3:00,12.25699997,6.831999779,10.3760004,5.223999977,1.76699996,0.975000024,24.440401077270508
2016/9/5 4:00,12.52499962,6.162000179,10.23400021,4.513000011,1.949000001,0.944000006,29.758930206298828
2016/9/5 5:00,10.31499958,5.157000065,8.102000237,3.838000059,2.131999969,0.944000006,26.346521377563477
2016/9/5 6:00,13.66399956,6.56400013,10.3409996,4.868000031,2.710999966,1.065999985,25.02833366394043
2016/9/5 7:00,12.18999958,6.831999779,9.23900032,4.762000084,2.528000116,1.218000054,24.5510006
2016/9/5 8:00,10.24800014,7.032999992,7.782000065,4.370999813,2.559000015,1.401000023,24.30681800842285
2016/9/5 9:00,9.041999817,6.027999878,6.538000107,3.305000067,2.680000067,1.279000044,29.915441513061523
2016/9/5 10:00,9.913000107,4.956999779,6.928999901,3.305000067,2.862999916,1.279000044,29.1955623626709
2016/9/5 11:00,9.979999542,4.354000092,6.467000008,2.878000021,2.772000074,1.156999946,28.261842727661133
2016/9/5 12:00,8.371999741,4.287000179,5.68599987,2.415999889,2.437000036,1.036000013,26.453325271606445
2016/9/5 13:00,7.903999805,4.354000092,5.578999996,2.451999903,2.467000008,1.156999946,26.40506935119629
2016/9/5 14:00,7.836999893,4.822999954,5.721000195,3.127000093,2.223999977,1.065999985,23.72884750366211
2016/9/5 15:00,7.703000069,4.287000179,5.828000069,3.163000107,2.345000029,1.097000003,23.160062789916992
2016/9/5 16:00,7.501999855,4.21999979,5.117000103,2.948999882,2.345000029,1.097000003,24.243322372436523
2016/9/5 17:00,8.43900013,4.152999878,5.614999771,2.664999962,2.740999937,1.097000003,29.92656898498535
2016/9/5 18:00,7.501999855,3.88499999,4.868000031,2.381000042,2.559000015,1.065999985,27.85700035
2016/9/5 19:00,8.038000107,3.348999977,5.223999977,2.025000095,2.772000074,1.004999995,28.0219669342041
2016/9/5 20:00,8.038000107,3.282000065,5.329999924,2.061000109,2.710999966,0.944000006,26.917621612548828
2016/9/5 21:00,7.099999905,3.148000002,4.65500021,1.953999996,2.467000008,0.913999975,26.459911346435547
2016/9/5 22:00,7.703000069,3.48300004,4.762000084,2.096999884,2.193000078,0.944000006,25.847667694091797
2016/9/5 23:00,7.836999893,3.88499999,5.68599987,2.239000082,2.253999949,0.975000024,25.95800018
2016/9/6 0:00,11.78800011,5.827000141,7.532999992,3.625,4.507999897,1.613999963,30.25149154663086
2016/9/6 1:00,9.913000107,5.425000191,8.38599968,4.229000092,1.949000001,0.944000006,26.015846252441406
2016/9/6 2:00,11.25300026,4.756000042,6.857999802,2.806999922,4.234000206,1.462000012,32.85966110229492
2016/9/6 3:00,10.71700001,5.022999763,6.928999901,3.233999968,4.234000206,1.523000002,31.540178298950195
2016/9/6 4:00,10.7840004,5.157000065,7.249000072,3.233999968,4.263999939,1.583999991,31.466205596923828
2016/9/6 5:00,12.18999958,5.425000191,7.676000118,2.948999882,4.386000156,1.371000051,32.1660041809082
2016/9/6 6:00,13.39599991,4.554999828,8.244000435,2.948999882,4.934000015,1.462000012,30.73073959350586
2016/9/6 7:00,11.72099972,5.357999802,6.538000107,2.878000021,4.721000195,1.552999973,33.36745071411133
2016/9/6 8:00,8.975000381,4.21999979,6.538000107,3.447000027,2.131999969,1.187999964,26.15918731689453
2016/9/6 9:00,8.774000168,4.68900013,6.502999783,3.625,2.28399992,1.156999946,27.947046279907227
2016/9/6 10:00,9.109000206,4.956999779,6.361000061,3.163000107,2.650000095,1.218000054,29.01747703552246
2016/9/6 11:00,8.572999954,4.354000092,5.650000095,2.948999882,2.375999928,1.004999995,23.358877182006836
2016/9/6 12:00,6.429999828,3.549999952,4.406000137,2.239000082,1.76699996,0.852999985,24.37455940246582
2016/9/6 13:00,6.56400013,3.549999952,4.051000118,1.598999977,1.888000011,0.944000006,23.849578857421875
2016/9/6 14:00,6.09499979,3.214999914,4.263999939,2.415999889,1.888000011,1.065999985,25.70201301574707
2016/9/6 15:00,6.429999828,3.750999928,4.477000237,2.239000082,1.827999949,0.975000024,24.865400314331055
2016/9/6 16:00,5.960999966,3.08100009,3.944000006,1.669999957,1.980000019,1.065999985,25.21367835998535
2016/9/6 17:00,7.703000069,3.549999952,5.117000103,2.239000082,2.528000116,1.004999995,26.85297203063965
2016/9/6 18:00,6.229000092,2.812999964,3.980000019,1.669999957,2.131999969,0.852999985,23.71190071105957
2016/9/6 19:00,5.827000141,2.411000013,3.872999907,1.527999997,1.980000019,0.670000017,23.915775299072266
2016/9/6 20:00,5.625999928,2.411000013,3.552999973,1.491999984,2.193000078,0.760999978,23.914661407470703
2016/9/6 21:00,4.956999779,2.678999901,3.305000067,1.207999945,1.797000051,0.731000006,23.429399490356445
2016/9/6 22:00,4.68900013,2.477999926,3.980000019,1.91900003,1.371000051,0.547999978,17.51600075
2016/9/6 23:00,6.96600008,3.415999889,6.076000214,3.092000008,1.462000012,0.700999975,22.197891235351562
2016/9/7 0:00,8.104999542,4.019000053,6.965000153,3.197999954,1.523000002,0.731000006,23.483444213867188
2016/9/7 1:00,8.171999931,4.354000092,6.822999954,2.984999895,1.491999984,0.731000006,22.664743423461914
2016/9/7 2:00,8.371999741,4.554999828,6.928999901,3.233999968,1.279000044,0.609000027,15.677191734313965
2016/9/7 3:00,6.631000042,3.684000015,5.366000175,2.700999975,1.309999943,0.639999986,15.607221603393555
2016/9/7 4:00,8.104999542,4.019000053,6.894000053,3.197999954,1.432000041,0.700999975,24.351783752441406
2016/9/7 5:00,9.376999855,4.487999916,7.498000145,2.878000021,1.674999952,0.700999975,18.22403335571289
2016/9/7 6:00,10.71700001,5.090000153,8.421999931,3.375999928,2.497999907,0.852999985,27.846019744873047
2016/9/7 7:00,10.31499958,5.827000141,8.031000137,4.157999992,2.467000008,1.126999974,26.240299224853516
2016/9/7 8:00,9.31000042,5.357999802,6.43200016,3.019999981,2.437000036,1.156999946,29.42426109313965
2016/9/7 9:00,8.371999741,5.157000065,5.578999996,3.375999928,2.223999977,1.248999953,23.98378562927246
2016/9/7 10:00,9.041999817,5.425000191,6.254000187,3.447000027,2.559000015,1.279000044,27.71248435974121
2016/9/7 11:00,8.104999542,4.21999979,5.578999996,2.948999882,2.588999987,0.944000006,22.909547805786133
2016/9/7 12:00,5.960999966,3.617000103,3.90899992,1.598999977,1.980000019,0.975000024,23.92736053466797
2016/9/7 13:00,6.027999878,3.549999952,4.263999939,2.239000082,1.888000011,0.913999975,24.998775482177734
2016/9/7 14:00,6.899000168,3.951999903,4.477000237,2.096999884,1.888000011,0.975000024,24.936660766601562
2016/9/7 15:00,6.96600008,3.617000103,4.441999912,2.559000015,1.797000051,1.065999985,25.280235290527344
2016/9/7 16:00,6.697999954,3.818000078,4.93900013,2.486999989,1.888000011,1.004999995,25.975170135498047
2016/9/7 17:00,7.234000206,3.684000015,4.974999905,2.381000042,2.345000029,0.944000006,26.72696876525879
2016/9/7 18:00,6.631000042,3.348999977,4.441999912,2.131999969,2.131999969,0.944000006,26.088762283325195
2016/9/7 19:00,6.631000042,2.746000051,4.19299984,1.56400001,2.375999928,0.913999975,24.64952850341797
2016/9/7 20:00,6.497000217,3.013999939,4.441999912,1.812000036,2.131999969,0.852999985,25.738121032714844
2016/9/7 21:00,6.497000217,3.214999914,3.944000006,1.812000036,1.827999949,0.760999978,23.914573669433594
2016/9/7 22:00,5.223999977,3.214999914,3.588999987,1.953999996,1.552999973,0.760999978,23.338529586791992
2016/9/7 23:00,7.099999905,4.085999966,5.791999817,3.092000008,1.644999981,0.760999978,22.380844116210938
2016/9/8 0:00,10.38199997,5.090000153,6.218999863,3.019999981,3.868000031,1.340000033,28.689481735229492
2016/9/8 1:00,11.05200005,4.756000042,6.894000053,3.447000027,3.868000031,1.279000044,34.07972717285156
2016/9/8 2:00,10.11400032,5.357999802,6.43200016,3.838000059,3.838000059,1.340000033,30.2517147064209
2016/9/8 3:00,10.24800014,5.090000153,5.828000069,2.914000034,3.99000001,1.401000023,21.52599907
2016/9/8 4:00,10.44900036,5.290999889,5.650000095,3.127000093,4.111999989,1.462000012,23.078065872192383
2016/9/8 5:00,10.04699993,5.223999977,5.436999798,2.451999903,4.659999847,1.491999984,24.719919204711914
2016/9/8 6:00,12.85999966,5.827000141,7.214000225,3.625,5.208000183,1.552999973,33.191619873046875
2016/9/8 7:00,11.65499973,5.223999977,6.361000061,3.055999994,4.538000107,1.583999991,33.56571960449219
2016/9/8 8:00,8.23900032,4.354000092,5.899000168,2.736000061,2.588999987,1.340000033,24.889747619628906
2016/9/8 9:00,8.038000107,4.822999954,6.147999763,3.092000008,2.467000008,1.401000023,24.1989994
2016/9/8 10:00,8.975000381,4.956999779,5.899000168,2.842999935,2.862999916,1.371000051,26.875436782836914
2016/9/8 11:00,9.175999641,4.756000042,6.005000114,3.197999954,2.954999924,1.156999946,25.04400063
2016/9/8 12:00,7.368000031,3.617000103,4.370999813,1.669999957,2.223999977,1.036000013,23.793115615844727
2016/9/8 13:00,6.362999916,3.750999928,4.300000191,1.84800005,2.193000078,1.065999985,25.774354934692383
2016/9/8 14:00,7.568999767,3.951999903,4.903999805,2.131999969,2.131999969,1.065999985,27.002416610717773
2016/9/8 15:00,6.764999866,3.951999903,5.329999924,2.486999989,2.131999969,1.248999953,26.502792358398438
2016/9/8 16:00,6.899000168,3.750999928,4.93900013,2.415999889,2.345000029,1.156999946,27.459598541259766
2016/9/8 17:00,7.568999767,3.88499999,5.188000202,2.594000101,2.437000036,1.036000013,26.381912231445312
2016/9/8 18:00,6.831999779,3.282000065,4.477000237,2.025000095,2.28399992,0.913999975,26.083805084228516
2016/9/8 19:00,7.368000031,3.282000065,4.833000183,2.239000082,2.559000015,0.944000006,26.299711227416992
2016/9/8 20:00,7.368000031,3.415999889,4.903999805,2.239000082,2.528000116,0.944000006,26.227399826049805
2016/9/8 21:00,8.706999779,3.348999977,6.502999783,2.381000042,2.071000099,0.852999985,29.663776397705078
2016/9/8 22:00,10.04699993,5.090000153,8.137999535,3.76699996,1.888000011,0.883000016,24.5510006
2016/9/8 23:00,10.91800022,5.559000015,9.345999718,3.730999947,1.70599997,0.883000016,20.758298873901367
2016/9/9 0:00,11.98900032,6.429999828,10.3409996,4.833000183,1.583999991,0.852999985,24.69199944
2016/9/9 1:00,12.72599983,6.764999866,10.51799965,4.619999886,1.70599997,0.913999975,19.967601776123047
2016/9/9 2:00,12.6590004,7.099999905,10.94499969,4.974999905,1.674999952,0.852999985,20.765995025634766
2016/9/9 3:00,12.45800018,6.497000217,10.19900036,4.725999832,1.462000012,0.760999978,26.193222045898438
2016/9/9 4:00,12.18999958,6.56400013,10.7670002,5.223999977,1.70599997,0.913999975,19.941375732421875
2016/9/9 5:00,11.72099972,3.750999928,9.984999657,2.273999929,1.980000019,0.944000006,32.25757598876953
2016/9/9 6:00,12.6590004,3.48300004,10.09200001,2.096999884,2.559000015,1.036000013,32.71585464477539
2016/9/9 7:00,10.31499958,3.214999914,8.065999985,1.84800005,2.28399992,1.004999995,32.351409912109375
2016/9/9 8:00,11.05200005,4.622000217,8.527999878,2.203000069,2.28399992,1.126999974,29.139707565307617
2016/9/9 9:00,9.376999855,3.013999939,7.498000145,1.136999965,2.405999899,1.218000054,32.89213180541992
2016/9/9 10:00,9.913000107,5.022999763,6.610000134,3.127000093,2.650000095,1.218000054,28.997188568115234
2016/9/9 11:00,9.175999641,5.022999763,6.218999863,2.914000034,2.710999966,1.126999974,28.047447204589844
2016/9/9 12:00,7.234000206,3.348999977,4.868000031,1.883000016,2.467000008,1.156999946,27.854387283325195
2016/9/9 13:00,7.836999893,3.951999903,5.081999779,2.664999962,2.588999987,1.156999946,26.707775115966797
2016/9/9 14:00,8.774000168,4.822999954,5.791999817,2.700999975,2.559000015,1.248999953,27.1105899810791
2016/9/9 15:00,8.774000168,5.223999977,6.324999809,3.233999968,2.528000116,1.218000054,29.16594696044922
2016/9/9 16:00,8.43900013,4.287000179,6.040999889,2.700999975,2.680000067,1.218000054,28.78045082092285
2016/9/9 17:00,8.840999603,4.152999878,6.005000114,2.451999903,2.802000046,1.187999964,28.70199966
2016/9/9 18:00,7.703000069,3.549999952,4.903999805,2.131999969,2.802000046,1.218000054,27.576005935668945
2016/9/9 19:00,8.43900013,3.617000103,5.614999771,2.131999969,2.894000053,1.097000003,31.465307235717773
2016/9/9 20:00,7.903999805,3.415999889,5.258999825,2.203000069,2.650000095,0.944000006,25.33315086364746
2016/9/9 21:00,7.368000031,2.947000027,4.974999905,1.70599997,2.375999928,0.913999975,26.7441463470459
2016/9/9 22:00,9.645000458,4.622000217,7.071000099,3.411000013,1.980000019,0.883000016,24.16594123840332
2016/9/9 23:00,10.38199997,4.956999779,8.38599968,3.163000107,2.00999999,0.975000024,27.434616088867188
2016/9/10 0:00,10.18099976,5.492000103,8.350999832,3.838000059,1.827999949,0.852999985,25.78263282775879
2016/9/10 1:00,10.91800022,5.625999928,8.741999626,3.90899992,1.583999991,0.791999996,23.129060745239258
2016/9/10 2:00,11.11900043,5.223999977,9.451999664,4.300000191,1.462000012,0.700999975,28.54711151123047
2016/9/10 3:00,10.7840004,4.956999779,8.847999573,3.447000027,1.462000012,0.731000006,25.939538955688477
2016/9/10 4:00,10.71700001,4.622000217,8.56400013,3.339999914,1.735999942,0.883000016,18.90833282470703
2016/9/10 5:00,10.31499958,5.157000065,7.994999886,3.482000113,1.85800004,0.791999996,27.640071868896484
2016/9/10 6:00,10.71700001,5.022999763,8.031000137,2.914000034,2.375999928,1.004999995,28.052114486694336
2016/9/10 7:00,9.913000107,5.425000191,7.284999847,3.019999981,2.588999987,1.279000044,28.57608985900879
2016/9/10 8:00,10.91800022,5.960999966,8.456999779,3.625,2.710999966,1.340000033,25.518245697021484
2016/9/10 9:00,9.041999817,5.559000015,6.538000107,3.447000027,2.862999916,1.491999984,27.55276870727539
2016/9/10 10:00,9.979999542,5.894000053,7.106999874,3.696000099,3.137000084,1.491999984,30.964252471923828
2016/9/10 11:00,10.31499958,5.492000103,7.249000072,3.269000053,3.107000113,1.279000044,31.337404251098633
2016/9/10 12:00,7.971000195,4.019000053,4.93900013,2.594000101,2.345000029,1.126999974,27.305513381958008
2016/9/10 13:00,7.836999893,4.085999966,5.010000229,1.812000036,2.437000036,1.156999946,26.839561462402344
2016/9/10 14:00,7.836999893,3.818000078,5.507999897,3.092000008,2.375999928,1.156999946,23.483152389526367
2016/9/10 15:00,8.305999756,4.68900013,5.472000122,2.806999922,2.405999899,1.126999974,27.373910903930664
2016/9/10 16:00,7.301000118,4.085999966,5.010000229,2.630000114,2.375999928,1.097000003,27.727832794189453
2016/9/10 17:00,8.840999603,4.354000092,6.147999763,2.878000021,2.740999937,1.097000003,26.92215919494629
2016/9/10 18:00,7.568999767,3.750999928,4.974999905,2.594000101,2.375999928,0.944000006,25.902507781982422
2016/9/10 19:00,8.23900032,3.684000015,5.721000195,2.167999983,2.618999958,1.004999995,28.435405731201172
2016/9/10 20:00,7.636000156,3.348999977,5.366000175,2.309999943,2.28399992,0.791999996,26.292774200439453
2016/9/10 21:00,9.175999641,3.617000103,6.965000153,1.883000016,2.253999949,0.852999985,31.102388381958008
2016/9/10 22:00,11.11900043,4.956999779,9.593999863,4.370999813,2.040999889,0.944000006,30.365633010864258
2016/9/10 23:00,13.12800026,3.88499999,10.51799965,2.806999922,1.797000051,0.913999975,30.499727249145508
2016/9/11 0:00,17.34799957,5.894000053,12.97000027,3.517999887,4.203000069,1.401000023,31.504262924194336
2016/9/11 1:00,16.61100006,5.425000191,12.47299957,2.984999895,4.172999859,1.371000051,30.080753326416016
2016/9/11 2:00,16.87899971,5.960999966,12.68599987,3.482000113,4.081999779,1.432000041,31.627418518066406
2016/9/11 3:00,16.54400063,5.290999889,12.43700027,2.984999895,3.868000031,1.401000023,30.087993621826172
2016/9/11 4:00,14.86999989,6.429999828,10.51799965,4.157999992,4.020999908,1.491999984,30.78104591369629
2016/9/11 5:00,15.60599995,4.889999866,11.19400024,2.523000002,4.568999767,1.491999984,30.337196350097656
2016/9/11 6:00,17.95100021,5.090000153,12.54399967,2.700999975,5.117000103,1.644999981,26.8347225189209
2016/9/11 7:00,16.47699928,5.425000191,11.76200008,2.736000061,4.965000153,1.797000051,26.827329635620117
2016/9/11 8:00,13.9989996,4.421000004,11.51299953,2.914000034,2.467000008,1.248999953,26.680438995361328
2016/9/11 9:00,10.91800022,5.894000053,8.493000031,3.944000006,2.193000078,1.248999953,26.19322967529297
2016/9/11 10:00,8.774000168,4.889999866,6.076000214,2.664999962,2.588999987,1.156999946,28.251325607299805
2016/9/11 11:00,9.376999855,4.68900013,6.218999863,2.415999889,3.229000092,1.218000054,32.030601501464844
2016/9/11 12:00,7.166999817,3.549999952,4.300000191,2.203000069,2.345000029,1.036000013,24.97299957
2016/9/11 13:00,7.166999817,3.415999889,4.513000011,2.486999989,2.375999928,1.097000003,26.983776092529297
2016/9/11 14:00,7.636000156,4.68900013,5.258999825,2.984999895,2.223999977,1.126999974,24.177204132080078
2016/9/11 15:00,6.362999916,3.282000065,4.300000191,1.99000001,2.131999969,1.036000013,25.868431091308594
2016/9/11 16:00,6.027999878,3.415999889,3.625,1.491999984,2.315000057,1.126999974,24.456188201904297
2016/9/11 17:00,7.501999855,3.617000103,4.903999805,2.381000042,2.650000095,1.126999974,28.302734375
2016/9/11 18:00,6.764999866,3.415999889,4.547999859,2.309999943,2.315000057,0.944000006,25.683292388916016
2016/9/11 19:00,7.099999905,3.148000002,4.584000111,2.061000109,2.375999928,0.852999985,25.806127548217773
2016/9/11 20:00,6.497000217,3.148000002,4.370999813,2.096999884,2.040999889,0.760999978,26.535377502441406
2016/9/11 21:00,5.625999928,2.210000038,3.802000046,1.56400001,1.76699996,0.639999986,23.868022918701172
2016/9/11 22:00,6.027999878,3.148000002,3.660000086,1.812000036,1.583999991,0.700999975,21.500333786010742
2016/9/11 23:00,8.706999779,4.421000004,5.96999979,3.197999954,1.85800004,0.731000006,22.343158721923828
2016/9/12 0:00,9.31000042,4.487999916,7.782000065,3.660000086,1.491999984,0.822000027,21.10835838317871
2016/9/12 1:00,9.845999718,5.223999977,7.81799984,3.76699996,1.371000051,0.760999978,23.70771026611328
2016/9/12 2:00,9.845999718,5.223999977,8.102000237,3.90899992,1.309999943,0.700999975,17.333541870117188
2016/9/12 3:00,8.975000381,4.756000042,7.355999947,3.411000013,1.340000033,0.700999975,16.80365753173828
2016/9/12 4:00,8.840999603,4.68900013,7.284999847,3.660000086,1.491999984,0.731000006,23.572345733642578
2016/9/12 5:00,9.711999893,4.21999979,7.710999966,3.305000067,1.76699996,1.126999974,25.840688705444336
2016/9/12 6:00,10.64999962,4.152999878,8.031000137,2.984999895,2.375999928,0.760999978,25.462284088134766
2016/9/12 7:00,9.979999542,5.290999889,6.502999783,3.339999914,2.345000029,1.126999974,29.27798843383789
2016/9/12 8:00,8.774000168,5.559000015,5.68599987,3.411000013,2.497999907,1.309999943,24.284955978393555
2016/9/12 9:00,6.96600008,3.88499999,4.903999805,2.523000002,2.528000116,1.523000002,24.168052673339844
2016/9/12 10:00,8.305999756,4.085999966,5.366000175,2.415999889,2.710999966,1.279000044,26.678653717041016
2016/9/12 11:00,8.23900032,3.951999903,5.578999996,2.736000061,2.772000074,1.156999946,27.994592666625977
2016/9/12 12:00,7.166999817,3.214999914,4.584000111,2.239000082,2.28399992,1.126999974,27.136070251464844
2016/9/12 13:00,7.099999905,3.951999903,4.619999886,2.381000042,2.163000107,1.036000013,26.649877548217773
2016/9/12 14:00,6.296000004,3.951999903,4.547999859,2.239000082,1.980000019,1.004999995,27.08399963
2016/9/12 15:00,7.301000118,3.750999928,4.974999905,2.842999935,2.101999998,1.065999985,26.883153915405273
2016/9/12 16:00,6.697999954,3.88499999,4.406000137,2.523000002,2.223999977,1.097000003,25.66652488708496
2016/9/12 17:00,8.104999542,3.818000078,5.401000023,2.630000114,2.467000008,1.004999995,27.968141555786133
2016/9/12 18:00,7.166999817,3.48300004,4.690999985,2.273999929,2.467000008,0.913999975,25.52678871154785
2016/9/12 19:00,7.368000031,3.214999914,4.903999805,2.025000095,2.437000036,0.883000016,26.849613189697266
2016/9/12 20:00,6.96600008,3.214999914,4.762000084,2.061000109,2.375999928,0.883000016,26.903656005859375
2016/9/12 21:00,6.96600008,1.875,4.441999912,0.782000005,2.00999999,0.822000027,23.28455352783203
2016/9/12 22:00,8.572999954,4.019000053,6.538000107,2.345000029,1.827999949,0.822000027,27.545446395874023
2016/9/12 23:00,10.7840004,3.617000103,9.131999969,2.772000074,1.735999942,0.822000027,21.977699279785156
2016/9/13 0:00,14.60200024,4.421000004,10.6960001,2.309999943,4.081999779,1.401000023,28.448402404785156
2016/9/13 1:00,14.46800041,4.354000092,10.23400021,2.096999884,3.99000001,1.309999943,30.388385772705078
2016/9/13 2:00,14.80300045,4.822999954,10.3760004,2.594000101,3.71600008,1.279000044,29.68584442138672
2016/9/13 3:00,14.60200024,4.889999866,10.51799965,2.736000061,3.960000038,1.371000051,30.406137466430664
2016/9/13 4:00,14.53499985,4.822999954,9.984999657,2.700999975,3.868000031,1.309999943,29.720027923583984
2016/9/13 5:00,14.60200024,4.554999828,10.4829998,2.239000082,4.172999859,1.309999943,28.890378952026367
2016/9/13 6:00,16.1420002,4.68900013,11.05099964,2.203000069,4.813000202,1.401000023,28.91579246520996
2016/9/13 7:00,14.86999989,4.554999828,10.44699955,2.736000061,3.898999929,1.126999974,29.701568603515625
2016/9/13 8:00,10.64999962,4.822999954,9.345999718,3.980000019,1.371000051,0.578999996,24.12899971
2016/9/13 9:00,6.899000168,3.818000078,5.828000069,3.552999973,1.309999943,0.518000007,15.531830787658691
2016/9/13 10:00,7.836999893,4.622000217,6.254000187,3.588999987,1.552999973,0.578999996,21.890195846557617
2016/9/13 11:00,8.104999542,4.152999878,6.324999809,2.736000061,1.735999942,0.547999978,14.914584159851074
2016/9/13 12:00,6.497000217,3.282000065,5.223999977,2.381000042,1.248999953,0.486999989,16.122377395629883
2016/9/13 13:00,5.894000053,2.947000027,4.584000111,2.025000095,1.309999943,0.486999989,16.19048500061035
2016/9/13 14:00,6.697999954,3.549999952,5.081999779,2.415999889,1.156999946,0.456999987,16.338647842407227
2016/9/13 15:00,7.166999817,4.152999878,5.68599987,2.878000021,1.187999964,0.518000007,16.642908096313477
2016/9/13 16:00,6.56400013,3.818000078,5.258999825,2.984999895,1.187999964,0.486999989,14.848710060119629
2016/9/13 17:00,6.764999866,2.947000027,5.507999897,2.523000002,1.279000044,0.456999987,16.575454711914062
2016/9/13 18:00,6.229000092,3.148000002,4.93900013,2.486999989,1.248999953,0.365999997,16.77716636657715
2016/9/13 19:00,7.769999981,3.415999889,5.117000103,2.381000042,2.680000067,0.883000016,25.88800049
2016/9/13 20:00,7.836999893,3.48300004,5.046000004,2.273999929,2.740999937,0.944000006,25.22947883605957
2016/9/13 21:00,7.032999992,3.214999914,4.300000191,2.167999983,2.680000067,0.975000024,27.33904457092285
2016/9/13 22:00,8.774000168,4.152999878,6.183000088,2.664999962,2.193000078,0.852999985,27.040390014648438
2016/9/13 23:00,11.98900032,5.157000065,9.772000313,3.802000046,1.949000001,0.852999985,29.85428237915039
2016/9/14 0:00,12.52499962,6.362999916,10.625,4.370999813,1.827999949,0.822000027,29.10434341430664
2016/9/14 1:00,11.85499954,6.362999916,10.02099991,4.547999859,1.644999981,0.760999978,25.70338249206543
2016/9/14 2:00,12.39099979,3.617000103,10.625,2.914000034,1.674999952,0.791999996,24.128515243530273
2016/9/14 3:00,9.444000244,5.022999763,7.782000065,3.625,1.523000002,0.731000006,24.332256317138672
2016/9/14 4:00,8.640000343,4.085999966,7.0,2.772000074,1.491999984,0.852999985,24.59926986694336
2016/9/14 5:00,9.376999855,4.152999878,7.532999992,2.948999882,1.888000011,0.791999996,24.95781707763672
2016/9/14 6:00,11.45400047,4.487999916,8.954999924,3.127000093,2.559000015,0.883000016,29.27516746520996
2016/9/14 7:00,11.05200005,5.894000053,9.131999969,4.584000111,2.223999977,1.004999995,26.73213005065918
2016/9/14 8:00,10.98499966,6.027999878,8.421999931,4.051000118,2.28399992,1.218000054,30.071544647216797
2016/9/14 9:00,8.907999992,5.559000015,6.787000179,3.90899992,2.193000078,1.156999946,28.16278076171875
2016/9/14 10:00,10.04699993,5.425000191,6.928999901,3.517999887,2.618999958,1.248999953,28.561887741088867
2016/9/14 11:00,8.907999992,4.822999954,5.899000168,2.984999895,2.710999966,1.126999974,25.224889755249023
2016/9/14 12:00,6.631000042,3.549999952,4.229000092,1.669999957,2.101999998,1.036000013,24.06036376953125
2016/9/14 13:00,6.764999866,3.88499999,4.19299984,1.812000036,2.253999949,1.126999974,25.618417739868164
2016/9/14 14:00,6.429999828,3.684000015,4.725999832,2.131999969,2.253999949,1.065999985,26.598140716552734
2016/9/14 15:00,6.09499979,4.152999878,4.441999912,2.451999903,1.949000001,1.036000013,26.017597198486328
2016/9/14 16:00,5.960999966,3.549999952,4.157999992,2.309999943,1.949000001,0.975000024,24.998943328857422
2016/9/14 17:00,6.429999828,3.282000065,4.263999939,2.025000095,2.101999998,0.913999975,26.362119674682617
2016/9/14 18:00,6.162000179,3.214999914,4.014999866,2.061000109,2.163000107,0.852999985,26.554716110229492
2016/9/14 19:00,6.764999866,3.08100009,4.547999859,2.061000109,2.223999977,0.822000027,26.257062911987305
2016/9/14 20:00,6.631000042,2.947000027,4.229000092,1.77699995,2.375999928,0.852999985,25.68255615234375
2016/9/14 21:00,5.492000103,3.013999939,3.730999947,2.309999943,1.827999949,0.700999975,25.539688110351562
2016/9/14 22:00,7.903999805,4.487999916,6.644999981,3.447000027,1.523000002,0.670000017,22.462053298950195
2016/9/14 23:00,9.779000282,4.756000042,7.994999886,3.375999928,1.462000012,0.700999975,22.930099487304688
2016/9/15 0:00,13.73099995,6.296000004,9.807999611,4.263999939,3.71600008,1.248999953,31.799654006958008
2016/9/15 1:00,13.66399956,6.764999866,9.274999619,4.547999859,3.838000059,1.340000033,28.649635314941406
2016/9/15 2:00,13.26200008,6.296000004,8.706000328,3.552999973,3.868000031,1.401000023,33.84947967529297
2016/9/15 3:00,12.52499962,5.357999802,8.635000229,3.838000059,3.898999929,1.309999943,32.759429931640625
2016/9/15 4:00,11.85499954,5.827000141,8.38599968,3.90899992,3.99000001,1.401000023,30.348628997802734
2016/9/15 5:00,12.32400036,5.492000103,7.710999966,3.197999954,4.172999859,1.401000023,32.73599624633789
2016/9/15 6:00,11.78800011,3.415999889,6.005000114,1.883000016,4.690999985,1.401000023,32.64126968383789
2016/9/15 7:00,10.51599979,4.287000179,5.401000023,2.025000095,4.598999977,1.432000041,24.737499237060547
2016/9/15 8:00,5.827000141,2.344000101,3.730999947,0.852999985,2.223999977,0.913999975,25.62052345275879
2016/9/15 9:00,6.764999866,3.08100009,4.157999992,1.065999985,2.193000078,0.883000016,23.571016311645508
2016/9/15 10:00,8.23900032,2.812999964,5.329999924,1.421000004,2.437000036,0.760999978,27.75371551513672
2016/9/15 11:00,6.56400013,3.148000002,4.547999859,1.669999957,2.193000078,0.639999986,24.024446487426758
2016/9/15 12:00,4.554999828,1.674000025,3.127000093,1.243999958,1.432000041,0.547999978,15.638219833374023
2016/9/15 13:00,4.354000092,2.477999926,2.914000034,1.279000044,1.401000023,0.639999986,21.587390899658203
2016/9/15 14:00,4.889999866,2.477999926,3.339999914,1.101999998,1.491999984,0.670000017,21.43739128112793
2016/9/15 15:00,4.956999779,2.210000038,2.842999935,0.995000005,1.523000002,0.670000017,21.883615493774414
2016/9/15 16:00,4.68900013,1.942000031,2.914000034,1.065999985,1.70599997,0.670000017,17.374643325805664
2016/9/15 17:00,5.827000141,1.875,3.802000046,1.136999965,2.131999969,0.609000027,23.880992889404297
2016/9/15 18:00,5.022999763,1.875,3.163000107,1.101999998,1.85800004,0.609000027,23.77383804321289
2016/9/15 19:00,5.559000015,2.009000063,3.482000113,1.101999998,2.071000099,0.609000027,23.675643920898438
2016/9/15 20:00,5.090000153,1.875,3.092000008,1.031000018,1.980000019,0.670000017,23.77383804321289
2016/9/15 21:00,4.622000217,2.344000101,2.772000074,1.457000017,1.735999942,0.639999986,17.325483322143555
2016/9/15 22:00,4.287000179,2.880000114,2.736000061,1.883000016,1.613999963,0.700999975,21.534343719482422
2016/9/15 23:00,4.756000042,2.947000027,2.914000034,1.812000036,1.674999952,0.760999978,15.33600044
2016/9/16 0:00,4.354000092,2.746000051,2.984999895,1.812000036,1.401000023,0.639999986,19.656850814819336
2016/9/16 1:00,4.21999979,2.812999964,2.664999962,1.91900003,1.309999943,0.609000027,14.84300041
2016/9/16 2:00,3.282000065,2.009000063,2.131999969,1.669999957,1.126999974,0.547999978,15.464608192443848
2016/9/16 3:00,2.947000027,2.210000038,1.99000001,1.243999958,0.944000006,0.486999989,15.58563232421875
2016/9/16 4:00,3.148000002,2.545000076,1.953999996,1.56400001,1.126999974,0.518000007,15.2862548828125
2016/9/16 5:00,4.287000179,2.075999975,2.451999903,1.741000056,1.248999953,0.518000007,13.821432113647461
2016/9/16 6:00,5.827000141,2.812999964,3.305000067,1.70599997,2.131999969,0.670000017,23.789432525634766
2016/9/16 7:00,6.229000092,2.142999887,3.944000006,0.924000025,2.253999949,0.700999975,23.746671676635742
2016/9/16 8:00,6.764999866,2.411000013,3.872999907,1.315000057,2.131999969,0.852999985,23.61151885986328
2016/9/16 9:00,7.099999905,3.617000103,4.547999859,1.99000001,2.345000029,1.004999995,26.47181510925293
2016/9/16 10:00,7.032999992,3.415999889,4.868000031,2.203000069,2.467000008,0.852999985,25.866567611694336
2016/9/16 11:00,7.234000206,3.013999939,4.477000237,1.741000056,2.740999937,1.004999995,28.035160064697266
2016/9/16 12:00,5.69299984,2.477999926,3.625,1.457000017,1.980000019,0.944000006,24.85129165649414
2016/9/16 13:00,5.69299984,2.611999989,3.944000006,1.598999977,1.76699996,0.760999978,23.65886878967285
2016/9/16 14:00,5.827000141,3.148000002,3.660000086,1.491999984,1.644999981,0.822000027,21.606081008911133
2016/9/16 15:00,5.357999802,3.348999977,3.588999987,1.491999984,1.644999981,0.791999996,21.0425968170166
2016/9/16 16:00,5.492000103,2.812999964,3.588999987,1.812000036,1.888000011,0.822000027,23.603120803833008
2016/9/16 17:00,6.56400013,2.812999964,4.335000038,1.812000036,2.223999977,0.791999996,25.408552169799805
2016/9/16 18:00,5.894000053,2.411000013,3.696000099,1.527999997,2.223999977,0.700999975,23.898435592651367
2016/9/16 19:00,5.894000053,2.411000013,3.76699996,1.491999984,2.131999969,0.639999986,23.915775299072266
2016/9/16 20:00,5.625999928,2.477999926,3.517999887,1.527999997,2.040999889,0.700999975,23.915775299072266
2016/9/16 21:00,4.822999954,2.411000013,3.019999981,1.741000056,1.735999942,0.731000006,15.641718864440918
2016/9/16 22:00,6.56400013,3.951999903,5.081999779,2.203000069,1.401000023,0.639999986,22.858774185180664
2016/9/16 23:00,6.831999779,3.148000002,5.081999779,2.096999884,1.432000041,0.639999986,23.343183517456055
2016/9/17 0:00,6.96600008,3.549999952,5.828000069,2.061000109,1.218000054,0.578999996,18.442838668823242
2016/9/17 1:00,6.831999779,3.282000065,5.507999897,2.131999969,1.218000054,0.609000027,15.731410026550293
2016/9/17 2:00,6.296000004,3.750999928,5.188000202,1.953999996,1.218000054,0.639999986,16.12969207763672
2016/9/17 3:00,7.636000156,3.88499999,5.96999979,2.203000069,1.097000003,0.639999986,16.780323028564453
2016/9/17 4:00,8.371999741,4.287000179,6.822999954,2.984999895,1.462000012,0.731000006,22.66504669189453
2016/9/17 5:00,8.305999756,3.617000103,6.147999763,2.167999983,1.76699996,0.852999985,26.84499740600586
2016/9/17 6:00,9.175999641,4.21999979,7.676000118,2.948999882,2.588999987,0.822000027,24.4150390625
2016/9/17 7:00,8.706999779,4.019000053,6.502999783,2.736000061,2.345000029,1.004999995,28.67670440673828
2016/9/17 8:00,8.171999931,4.287000179,6.324999809,2.772000074,2.00999999,0.944000006,26.68647575378418
2016/9/17 9:00,7.234000206,3.415999889,4.725999832,2.381000042,2.101999998,1.065999985,26.567594528198242
2016/9/17 10:00,8.43900013,4.152999878,5.96999979,2.523000002,2.467000008,1.065999985,28.16860580444336
2016/9/17 11:00,8.706999779,3.88499999,5.329999924,2.061000109,2.832999945,0.944000006,23.84799957
2016/9/17 12:00,6.429999828,3.214999914,4.263999939,1.812000036,2.163000107,1.036000013,26.878585815429688
2016/9/17 13:00,6.429999828,3.818000078,3.76699996,1.91900003,2.040999889,1.065999985,25.806068420410156
2016/9/17 14:00,6.56400013,3.951999903,4.014999866,2.273999929,1.980000019,1.065999985,25.98773956298828
2016/9/17 15:00,6.631000042,3.88499999,4.513000011,2.273999929,1.980000019,1.065999985,26.757699966430664
2016/9/17 16:00,6.162000179,3.684000015,3.872999907,2.630000114,2.193000078,1.156999946,25.865999221801758
2016/9/17 17:00,6.831999779,3.013999939,4.406000137,1.91900003,2.437000036,0.944000006,27.63619613647461
2016/9/17 18:00,6.296000004,2.812999964,4.051000118,1.741000056,2.253999949,0.822000027,25.408552169799805
2016/9/17 19:00,6.497000217,2.678999901,4.263999939,1.70599997,2.223999977,0.731000006,25.4113712310791
2016/9/17 20:00,6.162000179,2.947000027,4.014999866,1.812000036,2.163000107,0.791999996,25.42477798461914
2016/9/17 21:00,6.899000168,2.545000076,5.614999771,1.84800005,1.949000001,0.852999985,27.076534271240234
2016/9/17 22:00,8.907999992,4.822999954,7.106999874,3.411000013,1.432000041,0.670000017,23.869709014892578
2016/9/17 23:00,9.041999817,4.287000179,7.071000099,3.127000093,1.674999952,0.852999985,17.07832145690918
2016/9/18 0:00,13.59700012,6.362999916,9.23900032,4.122000217,4.051000118,1.401000023,31.040681838989258
2016/9/18 1:00,14.2670002,7.032999992,9.737000465,4.690999985,4.111999989,1.462000012,28.42466163635254
2016/9/18 2:00,12.59200001,5.960999966,8.598999977,3.660000086,4.234000206,1.613999963,30.305299758911133
2016/9/18 3:00,13.19499969,6.09499979,8.741999626,4.157999992,4.111999989,1.491999984,31.7423152923584
2016/9/18 4:00,12.92700005,6.631000042,8.812999725,4.370999813,4.142000198,1.523000002,31.193660736083984
2016/9/18 5:00,13.4630003,5.894000053,8.954999924,3.482000113,4.568999767,1.523000002,32.932167053222656
2016/9/18 6:00,15.73999977,6.899000168,10.58899975,4.014999866,5.208000183,1.674999952,26.119529724121094
2016/9/18 7:00,14.46800041,6.56400013,9.416999817,3.980000019,4.813000202,1.76699996,26.219707489013672
2016/9/18 8:00,9.913000107,5.492000103,7.355999947,3.375999928,2.193000078,1.279000044,28.26430320739746
2016/9/18 9:00,8.706999779,4.68900013,6.681000233,3.163000107,2.131999969,1.126999974,27.922414779663086
2016/9/18 10:00,8.23900032,3.48300004,4.93900013,2.096999884,2.437000036,1.004999995,27.10599708557129
2016/9/18 11:00,7.903999805,4.287000179,5.543000221,2.559000015,2.497999907,0.913999975,24.231975555419922
2016/9/18 12:00,6.296000004,3.214999914,4.157999992,2.451999903,1.91900003,0.822000027,25.52783203125
2016/9/18 13:00,5.827000141,3.48300004,3.980000019,1.77699995,1.91900003,0.852999985,23.10361671447754
2016/9/18 14:00,5.894000053,3.48300004,4.122000217,2.594000101,1.76699996,0.913999975,24.713794708251953
2016/9/18 15:00,6.362999916,3.148000002,4.051000118,2.559000015,1.827999949,1.004999995,25.654600143432617
2016/9/18 16:00,5.827000141,3.617000103,3.76699996,2.239000082,2.00999999,0.975000024,26.013683319091797
2016/9/18 17:00,6.831999779,3.348999977,4.441999912,2.273999929,2.345000029,0.822000027,25.413488388061523
2016/9/18 18:00,6.229000092,2.947000027,4.122000217,1.883000016,2.193000078,0.822000027,26.46042823791504
2016/9/18 19:00,6.56400013,2.812999964,4.300000191,1.741000056,2.315000057,0.700999975,25.43356704711914
2016/9/18 20:00,6.296000004,2.947000027,4.157999992,2.025000095,2.040999889,0.791999996,26.33726692199707
2016/9/18 21:00,5.425000191,3.013999939,3.872999907,1.421000004,1.70599997,0.700999975,17.408926010131836
2016/9/18 22:00,7.636000156,4.21999979,6.147999763,2.594000101,1.735999942,0.791999996,20.292430877685547
2016/9/18 23:00,9.578000069,2.344000101,7.143000126,1.243999958,1.888000011,0.883000016,32.95634841918945
2016/9/19 0:00,9.845999718,3.013999939,8.279999733,1.953999996,1.644999981,0.791999996,28.728534698486328
2016/9/19 1:00,9.979999542,5.223999977,8.670999527,3.660000086,1.462000012,0.700999975,25.225482940673828
2016/9/19 2:00,9.51099968,4.822999954,8.065999985,3.305000067,1.432000041,0.731000006,23.1168212890625
2016/9/19 3:00,9.779000282,4.421000004,8.208999634,3.339999914,1.462000012,0.700999975,21.296836853027344
2016/9/19 4:00,9.175999641,4.421000004,7.747000217,3.517999887,1.309999943,0.639999986,15.098477363586426
2016/9/19 5:00,7.903999805,3.88499999,6.040999889,2.451999903,1.85800004,0.760999978,25.523717880249023
2016/9/19 6:00,12.52499962,2.611999989,9.701000214,1.527999997,2.467000008,0.822000027,33.8266487121582
2016/9/19 7:00,12.45800018,6.229000092,9.451999664,4.051000118,2.405999899,1.065999985,29.917163848876953
2016/9/19 8:00,9.979999542,4.956999779,7.568999767,3.411000013,2.315000057,1.218000054,27.885412216186523
2016/9/19 9:00,7.301000118,4.889999866,5.081999779,3.127000093,2.28399992,1.187999964,24.725465774536133
2016/9/19 10:00,7.769999981,4.019000053,6.005000114,2.664999962,2.223999977,1.004999995,28.319839477539062
2016/9/19 11:00,8.640000343,3.684000015,5.507999897,2.806999922,2.497999907,0.913999975,24.69883155822754
2016/9/19 12:00,6.497000217,3.48300004,4.690999985,2.096999884,1.85800004,0.760999978,24.27000046
2016/9/19 13:00,5.827000141,3.818000078,3.944000006,2.203000069,2.040999889,0.883000016,25.80302619934082
2016/9/19 14:00,6.027999878,3.684000015,4.441999912,2.878000021,1.91900003,0.975000024,24.712711334228516
2016/9/19 15:00,5.625999928,3.684000015,3.980000019,1.883000016,1.76699996,0.883000016,24.895071029663086
2016/9/19 16:00,5.827000141,3.415999889,3.944000006,2.309999943,1.91900003,0.944000006,25.072725296020508
2016/9/19 17:00,6.764999866,3.08100009,4.65500021,2.061000109,2.163000107,0.760999978,25.993959426879883
2016/9/19 18:00,6.09499979,2.947000027,3.90899992,1.812000036,2.163000107,0.791999996,25.42477798461914
2016/9/19 19:00,6.429999828,2.678999901,4.122000217,1.669999957,2.375999928,0.791999996,23.97249984741211
2016/9/19 20:00,6.027999878,2.880000114,3.838000059,1.741000056,2.223999977,0.883000016,25.47479820251465
2016/9/19 21:00,5.960999966,1.875,3.838000059,0.995000005,1.827999949,0.852999985,24.098926544189453
2016/9/19 22:00,8.640000343,4.421000004,7.071000099,3.305000067,1.491999984,0.670000017,21.67820930480957
2016/9/19 23:00,8.572999954,4.287000179,6.751999855,2.700999975,1.797000051,0.852999985,26.154685974121094
2016/9/20 0:00,12.85999966,5.760000229,8.31499958,3.055999994,4.142000198,1.462000012,31.23309326171875
2016/9/20 1:00,11.31999969,4.889999866,7.214000225,2.948999882,4.081999779,1.401000023,33.53408432006836
2016/9/20 2:00,11.85499954,5.559000015,7.747000217,3.339999914,3.898999929,1.432000041,32.7620735168457
2016/9/20 3:00,12.32400036,5.357999802,8.173000336,3.588999987,3.806999922,1.371000051,34.497291564941406
2016/9/20 4:00,11.85499954,5.492000103,7.249000072,2.700999975,4.051000118,1.371000051,32.034305572509766
2016/9/20 5:00,12.32400036,4.822999954,7.853000164,2.948999882,4.263999939,1.340000033,31.40003204345703
2016/9/20 6:00,13.52999973,4.956999779,8.741999626,2.772000074,4.994999886,1.491999984,31.94016456604004
2016/9/20 7:00,12.45800018,5.827000141,7.532999992,3.269000053,4.751999855,1.613999963,29.596220016479492
2016/9/20 8:00,9.109000206,4.152999878,6.965000153,2.630000114,2.163000107,1.248999953,28.72369956970215
2016/9/20 9:00,8.038000107,4.152999878,5.188000202,2.415999889,2.467000008,1.371000051,24.13414192199707
2016/9/20 10:00,8.774000168,3.818000078,5.96999979,2.736000061,2.740999937,1.248999953,25.88800049
2016/9/20 11:00,8.104999542,3.415999889,5.578999996,2.167999983,2.740999937,1.126999974,28.490854263305664
2016/9/20 12:00,6.162000179,3.148000002,3.696000099,1.421000004,2.00999999,0.944000006,24.95049476623535
2016/9/20 13:00,6.027999878,3.282000065,3.552999973,1.99000001,1.827999949,0.852999985,25.004587173461914
2016/9/20 14:00,6.229000092,3.013999939,4.370999813,1.953999996,1.76699996,0.883000016,25.670976638793945
2016/9/20 15:00,6.296000004,3.282000065,3.838000059,1.741000056,1.91900003,1.036000013,24.161834716796875
2016/9/20 16:00,5.760000229,3.148000002,3.730999947,1.953999996,2.163000107,0.975000024,27.381750106811523
2016/9/20 17:00,6.362999916,2.947000027,4.014999866,1.812000036,2.345000029,0.822000027,25.43083953857422
2016/9/20 18:00,5.960999966,2.545000076,3.588999987,1.527999997,2.28399992,0.883000016,23.75410270690918
2016/9/20 19:00,6.764999866,2.545000076,4.051000118,1.457000017,2.559000015,0.975000024,24.889244079589844
2016/9/20 20:00,6.027999878,2.746000051,3.76699996,1.669999957,2.223999977,0.791999996,23.6956729888916
2016/9/20 21:00,7.099999905,2.142999887,5.188000202,1.741000056,1.888000011,0.760999978,24.432310104370117
2016/9/20 22:00,9.444000244,4.421000004,7.461999893,3.233999968,1.735999942,0.822000027,16.785858154296875
2016/9/20 23:00,13.19499969,4.554999828,11.40699959,2.772000074,1.674999952,0.822000027,19.779699325561523
2016/9/21 0:00,14.19999981,4.822999954,12.50800037,3.339999914,1.401000023,0.731000006,27.17518424987793
2016/9/21 1:00,13.39599991,4.354000092,11.93999958,3.197999954,1.309999943,0.670000017,20.492321014404297
2016/9/21 2:00,12.45800018,4.354000092,11.40699959,2.878000021,1.126999974,0.578999996,18.33439064025879
2016/9/21 3:00,12.92700005,4.085999966,11.65499973,2.878000021,1.126999974,0.578999996,20.167613983154297
2016/9/21 4:00,12.32400036,6.162000179,11.40699959,4.65500021,1.340000033,0.609000027,18.343734741210938
2016/9/21 5:00,14.13300037,6.497000217,12.64999962,5.081999779,1.613999963,0.670000017,24.943437576293945
2016/9/21 6:00,15.06999969,6.631000042,13.18299961,4.65500021,2.375999928,0.822000027,29.26653289794922
2016/9/21 7:00,15.06999969,5.492000103,12.11699963,3.163000107,2.315000057,0.975000024,33.20299530029297
2016/9/21 8:00,11.92199993,3.48300004,9.451999664,1.883000016,2.28399992,1.248999953,33.463623046875
2016/9/21 9:00,7.501999855,1.807999969,4.93900013,0.213,2.101999998,1.036000013,31.395715713500977
2016/9/21 10:00,8.43900013,1.674000025,5.401000023,0.603999972,2.559000015,1.036000013,31.502887725830078
2016/9/21 11:00,8.23900032,3.415999889,5.329999924,1.741000056,2.862999916,1.097000003,29.715198516845703
2016/9/21 12:00,5.357999802,2.947000027,3.696000099,1.669999957,1.85800004,0.944000006,24.644147872924805
2016/9/21 13:00,5.425000191,3.148000002,3.339999914,1.350000024,2.163000107,1.126999974,24.945764541625977
2016/9/21 14:00,6.229000092,3.549999952,3.625,1.669999957,1.980000019,1.004999995,24.140012741088867
2016/9/21 15:00,6.631000042,3.48300004,4.122000217,2.131999969,2.00999999,1.097000003,25.707284927368164
2016/9/21 16:00,5.960999966,2.746000051,3.802000046,1.56400001,1.949000001,0.944000006,24.64729881286621
2016/9/21 17:00,6.697999954,2.27699995,4.441999912,1.065999985,2.315000057,0.852999985,23.692787170410156
2016/9/21 18:00,6.229000092,2.142999887,3.696000099,1.031000018,2.375999928,0.883000016,23.99855613708496
2016/9/21 19:00,6.429999828,2.477999926,3.802000046,1.315000057,2.559000015,0.944000006,25.062314987182617
2016/9/21 20:00,5.894000053,2.880000114,3.696000099,1.70599997,2.253999949,0.913999975,26.08839988708496
2016/9/21 21:00,5.425000191,2.27699995,3.447000027,1.279000044,1.91900003,0.822000027,25.290184020996094
2016/9/21 22:00,6.56400013,4.152999878,5.366000175,2.878000021,1.552999973,0.731000006,22.373580932617188
2016/9/21 23:00,8.23900032,2.812999964,6.644999981,1.350000024,1.674999952,0.760999978,26.8114070892334
2016/9/22 0:00,11.85499954,3.348999977,7.355999947,1.350000024,4.203000069,1.432000041,34.65813446044922
2016/9/22 1:00,10.71700001,3.415999889,6.254000187,1.172999978,4.234000206,1.491999984,33.227630615234375
2016/9/22 2:00,11.78800011,3.684000015,7.461999893,1.741000056,4.142000198,1.432000041,35.16164016723633
2016/9/22 3:00,11.85499954,4.019000053,7.498000145,1.70599997,4.142000198,1.462000012,33.3621940612793
2016/9/22 4:00,10.18099976,3.08100009,6.610000134,1.136999965,3.960000038,1.279000044,36.086463928222656
2016/9/22 5:00,13.32900047,4.019000053,9.097000122,2.061000109,4.142000198,1.218000054,32.43885040283203
2016/9/22 6:00,13.59700012,3.282000065,9.168000221,1.741000056,4.751999855,1.552999973,34.337486267089844
2016/9/22 7:00,11.5880003,5.559000015,7.0,2.948999882,4.630000114,1.552999973,32.80757522583008
2016/9/22 8:00,8.975000381,4.622000217,6.573999882,2.984999895,2.040999889,1.065999985,25.718664169311523
2016/9/22 9:00,7.636000156,4.756000042,5.543000221,2.948999882,2.131999969,1.065999985,23.716936111450195
2016/9/22 10:00,7.903999805,3.88499999,5.507999897,2.559000015,2.437000036,1.036000013,26.19089698791504
2016/9/22 11:00,8.104999542,3.415999889,5.650000095,2.025000095,2.772000074,1.004999995,31.16273307800293
2016/9/22 12:00,6.362999916,3.148000002,3.730999947,1.315000057,1.91900003,0.822000027,23.980918884277344
2016/9/22 13:00,6.09499979,3.148000002,4.229000092,1.77699995,1.797000051,0.852999985,23.765480041503906
2016/9/22 14:00,6.831999779,3.549999952,4.263999939,1.883000016,1.949000001,1.218000054,24.861902236938477
2016/9/22 15:00,8.171999931,4.019000053,5.828000069,3.019999981,2.071000099,1.065999985,24.607763290405273
2016/9/22 16:00,6.027999878,3.148000002,4.086999893,1.91900003,1.85800004,0.975000024,26.36684226989746
2016/9/22 17:00,7.166999817,3.08100009,4.547999859,1.741000056,2.528000116,0.975000024,26.89676856994629
2016/9/22 18:00,6.162000179,2.477999926,3.838000059,1.491999984,2.405999899,0.822000027,24.172439575195312
2016/9/22 19:00,6.362999916,2.344000101,3.980000019,1.421000004,2.28399992,0.731000006,23.898435592651367
2016/9/22 20:00,6.027999878,2.611999989,3.838000059,1.70599997,2.101999998,0.760999978,25.42759895324707
2016/9/22 21:00,5.827000141,2.746000051,3.552999973,1.279000044,1.735999942,0.731000006,17.07482147216797
2016/9/22 22:00,6.362999916,3.148000002,4.93900013,1.953999996,1.552999973,0.670000017,23.67723846435547
2016/9/22 23:00,10.04699993,3.214999914,8.777000427,2.096999884,1.401000023,0.639999986,27.11346435546875
