date,HUFL,HULL,MUFL,MULL,LUFL,LULL,OT
2016/7/1 0:00,5.827000141,2.009000063,1.598999977,0.462000012,4.203000069,1.340000033,21.385876635044482
2016/7/1 0:15,5.760000229,2.075999975,1.491999984,0.425999999,4.263999939,1.401000023,21.354974133834276
2016/7/1 0:30,5.760000229,1.942000031,1.491999984,0.391000003,4.234000206,1.309999943,21.42956656162499
2016/7/1 0:45,5.760000229,1.942000031,1.491999984,0.425999999,4.234000206,1.309999943,21.423285499903603
2016/7/1 1:00,5.69299984,2.075999975,1.491999984,0.425999999,4.142000198,1.371000051,21.381631946773314
2016/7/1 1:15,5.492000103,1.942000031,1.457000017,0.391000003,4.111999989,1.279000044,21.449364845859417
2016/7/1 1:30,5.357999802,1.875,1.350000024,0.354999989,3.928999901,1.340000033,21.55469932453116
2016/7/1 1:45,5.157000065,1.807999969,1.350000024,0.319999993,3.806999922,1.279000044,21.606397189842244
2016/7/1 2:00,5.157000065,1.741000056,1.279000044,0.354999989,3.77699995,1.218000054,21.623725867141665
2016/7/1 2:15,5.157000065,1.807999969,1.350000024,0.425999999,3.77699995,1.187999964,21.620724081742548
2016/7/1 2:30,5.157000065,1.807999969,1.315000057,0.391000003,3.77699995,1.248999953,21.61114900844241
2016/7/1 2:45,5.157000065,1.942000031,1.350000024,0.425999999,3.806999922,1.279000044,21.585158211937998
2016/7/1 3:00,5.090000153,1.942000031,1.279000044,0.391000003,3.806999922,1.279000044,21.583489650281862
2016/7/1 3:15,5.223999977,2.009000063,1.457000017,0.532999992,3.806999922,1.248999953,21.53544294291795
2016/7/1 3:30,5.290999889,1.807999969,1.457000017,0.425999999,3.77699995,1.218000054,21.5495754486465
2016/7/1 3:45,5.357999802,1.942000031,1.491999984,0.462000012,3.806999922,1.309999943,21.52599907
2016/7/1 4:00,5.357999802,1.942000031,1.491999984,0.462000012,3.868000031,1.279000044,21.523730180916818
2016/7/1 4:15,5.492000103,2.009000063,1.491999984,0.462000012,3.928999901,1.340000033,21.48057617373112
2016/7/1 4:30,5.492000103,1.942000031,1.491999984,0.425999999,3.928999901,1.340000033,21.475043804804788
2016/7/1 4:45,5.492000103,2.075999975,1.491999984,0.497000009,3.99000001,1.309999943,21.453319520546987
2016/7/1 5:00,5.625999928,2.142999887,1.527999997,0.532999992,4.051000118,1.371000051,21.17399979
2016/7/1 5:15,5.960999966,2.344000101,1.669999957,0.603999972,4.234000206,1.491999984,21.06822057977855
2016/7/1 5:30,6.162000179,2.411000013,1.77699995,0.603999972,4.324999809,1.523000002,22.732371518656006
2016/7/1 5:45,6.631000042,2.477999926,1.99000001,0.745999992,4.659999847,1.674999952,23.875864312124122
2016/7/1 6:00,7.166999817,2.947000027,2.131999969,0.782000005,5.026000023,1.85800004,24.21102529212112
2016/7/1 6:15,7.501999855,3.214999914,2.239000082,0.888000011,5.329999924,1.980000019,24.24298384433527
2016/7/1 6:30,7.703000069,3.348999977,2.486999989,1.031000018,5.269000053,1.91900003,24.20545227500277
2016/7/1 6:45,7.434999943,3.148000002,2.309999943,0.958999991,5.056000233,1.888000011,24.204752612580233
2016/7/1 7:00,7.434999943,3.282000065,2.309999943,1.031000018,5.086999893,2.223999977,24.206141619188408
2016/7/1 7:15,7.636000156,3.282000065,2.273999929,1.065999985,5.329999924,2.071000099,24.20978191652247
2016/7/1 7:30,7.636000156,3.415999889,2.309999943,1.101999998,5.269000053,1.91900003,23.84799957
2016/7/1 7:45,7.568999767,3.282000065,2.309999943,1.065999985,5.238999844,1.91900003,24.156348839765716
2016/7/1 8:00,5.559000015,3.013999939,2.451999903,1.172999978,2.954999924,1.432000041,20.347278749466646
2016/7/1 8:15,5.223999977,2.880000114,2.381000042,1.172999978,2.802000046,1.401000023,20.356900559808338
2016/7/1 8:30,5.157000065,2.812999964,2.309999943,1.172999978,2.832999945,1.432000041,20.328166202916243
2016/7/1 8:45,5.090000153,2.411000013,1.812000036,0.888000011,2.740999937,1.462000012,20.240607571548995
2016/7/1 9:00,4.554999828,2.545000076,1.91900003,0.816999972,2.680000067,1.371000051,19.789322867049517
2016/7/1 9:15,4.554999828,2.344000101,1.77699995,0.782000005,2.710999966,1.401000023,19.76963564962424
2016/7/1 9:30,4.68900013,2.545000076,1.883000016,0.852999985,2.802000046,1.462000012,19.767991763678893
2016/7/1 9:45,4.68900013,2.411000013,1.91900003,0.888000011,2.802000046,1.371000051,19.783085073169335
2016/7/1 10:00,4.956999779,2.545000076,1.99000001,0.852999985,2.954999924,1.491999984,19.803763312697896
2016/7/1 10:15,5.425000191,2.678999901,2.203000069,0.888000011,3.137000084,1.552999973,19.78589697634429
2016/7/1 10:30,5.492000103,2.678999901,2.167999983,0.852999985,3.259000063,1.552999973,19.761238916227285
2016/7/1 10:45,5.894000053,2.746000051,2.381000042,0.958999991,3.411000013,1.552999973,19.868574038965217
2016/7/1 11:00,5.760000229,2.545000076,2.203000069,0.852999985,3.441999912,1.491999984,20.283598005785368
2016/7/1 11:15,5.625999928,2.746000051,2.167999983,0.852999985,3.349999905,1.613999963,19.777628660347307
2016/7/1 11:30,4.287000179,2.142999887,1.136999965,0.425999999,3.167999983,1.644999981,19.536374748331266
2016/7/1 11:45,4.287000179,2.411000013,1.56400001,0.425999999,3.107000113,1.583999991,19.069622221429835
2016/7/1 12:00,4.68900013,2.545000076,1.812000036,0.852999985,2.832999945,1.523000002,18.520833529900916
2016/7/1 12:15,4.68900013,2.611999989,1.91900003,0.888000011,2.740999937,1.552999973,17.72699928
2016/7/1 12:30,4.68900013,2.678999901,1.883000016,0.852999985,2.862999916,1.583999991,18.61532130999386
2016/7/1 12:45,4.68900013,2.678999901,1.883000016,0.852999985,2.894000053,1.644999981,18.730473349667406
2016/7/1 13:00,4.68900013,2.678999901,1.77699995,1.243999958,3.107000113,1.613999963,18.83833890708507
2016/7/1 13:15,5.090000153,2.947000027,2.131999969,1.172999978,2.984999895,1.644999981,19.646233240363845
2016/7/1 13:30,5.157000065,3.013999939,2.309999943,1.243999958,2.832999945,1.613999963,19.67501799806546
2016/7/1 13:45,5.157000065,3.08100009,2.381000042,1.279000044,2.710999966,1.523000002,19.709008746259897
2016/7/1 14:00,5.090000153,2.947000027,2.451999903,1.350000024,2.559000015,1.432000041,20.377276721437056
2016/7/1 14:15,5.223999977,3.08100009,2.630000114,1.457000017,2.528000116,1.432000041,20.34326090170498
2016/7/1 14:30,5.022999763,3.08100009,2.523000002,1.350000024,2.467000008,1.70599997,19.72270323252323
2016/7/1 14:45,5.157000065,3.013999939,2.486999989,1.315000057,2.650000095,1.523000002,19.737787158363737
2016/7/1 15:00,5.090000153,3.148000002,2.486999989,1.350000024,2.588999987,1.523000002,19.734454178213696
2016/7/1 15:15,4.085999966,2.477999926,1.63499999,1.031000018,2.559000015,1.523000002,18.604674494763334
2016/7/1 15:30,4.354000092,2.812999964,1.741000056,1.101999998,2.588999987,1.462000012,19.734620748284165
2016/7/1 15:45,4.287000179,2.611999989,1.669999957,0.852999985,2.528000116,1.491999984,19.71905053145056
2016/7/1 16:00,4.21999979,2.411000013,1.70599997,0.782000005,2.618999958,1.491999984,19.73500320282307
2016/7/1 16:15,4.421000004,2.411000013,1.77699995,0.816999972,2.680000067,1.491999984,19.74507808241381
2016/7/1 16:30,4.756000042,2.477999926,1.812000036,0.816999972,2.862999916,1.491999984,19.773250175097374
2016/7/1 16:45,4.756000042,2.477999926,1.77699995,0.816999972,2.924000025,1.462000012,19.76799965
2016/7/1 17:00,4.756000042,2.344000101,1.63499999,0.711000025,3.075999975,1.491999984,19.811726366090824
2016/7/1 17:15,4.822999954,2.27699995,1.669999957,0.639999986,3.167999983,1.462000012,19.872129355235028
2016/7/1 17:30,5.357999802,2.477999926,2.451999903,1.421000004,3.289999962,1.462000012,20.2912539925946
2016/7/1 17:45,5.760000229,2.880000114,2.559000015,1.243999958,3.107000113,1.491999984,20.339960353904186
2016/7/1 18:00,5.625999928,2.880000114,2.523000002,1.207999945,3.075999975,1.491999984,20.33234257628371
2016/7/1 18:15,5.760000229,3.08100009,2.523000002,1.243999958,3.015000105,1.491999984,20.324294787962884
2016/7/1 18:30,5.357999802,3.013999939,2.451999903,1.207999945,2.924000025,1.523000002,19.736612663915675
2016/7/1 18:45,5.357999802,2.947000027,2.451999903,1.207999945,2.924000025,1.523000002,19.729783204418577
2016/7/1 19:00,5.492000103,3.013999939,2.451999903,1.207999945,3.015000105,1.552999973,19.786638408745606
2016/7/1 19:15,5.425000191,2.947000027,2.451999903,1.136999965,2.984999895,1.523000002,19.796090159013925
2016/7/1 19:30,5.357999802,2.947000027,2.451999903,1.172999978,2.894000053,1.523000002,19.72874289165613
2016/7/1 19:45,5.357999802,2.947000027,2.451999903,1.207999945,2.862999916,1.552999973,19.72988819671172
2016/7/1 20:00,5.357999802,3.013999939,2.451999903,1.207999945,2.862999916,1.523000002,19.73486594834495
2016/7/1 20:15,5.223999977,3.013999939,2.415999889,1.207999945,2.802000046,1.523000002,19.707603899364702
2016/7/1 20:30,5.290999889,3.013999939,2.381000042,1.172999978,2.862999916,1.552999973,19.706756491470077
2016/7/1 20:45,5.223999977,2.947000027,2.345000029,1.136999965,2.832999945,1.552999973,19.677021969414
2016/7/1 21:00,5.090000153,2.947000027,2.381000042,1.207999945,2.680000067,1.523000002,19.707506816819404
2016/7/1 21:15,4.889999866,2.947000027,2.309999943,1.207999945,2.618999958,1.491999984,19.874769147523523
2016/7/1 21:30,4.889999866,2.947000027,2.309999943,1.207999945,2.559000015,1.491999984,19.882613943472908
2016/7/1 21:45,4.889999866,2.947000027,2.203000069,1.136999965,2.680000067,1.552999973,19.161398888793425
2016/7/1 22:00,4.822999954,2.947000027,2.203000069,1.172999978,2.618999958,1.523000002,19.06571408858687
2016/7/1 22:15,4.822999954,2.947000027,2.203000069,1.172999978,2.588999987,1.552999973,19.03510087930944
2016/7/1 22:30,4.756000042,2.947000027,2.131999969,1.136999965,2.588999987,1.583999991,18.923310525801845
2016/7/1 22:45,4.822999954,2.947000027,2.131999969,1.172999978,2.618999958,1.552999973,19.02552313577789
2016/7/1 23:00,4.622000217,2.880000114,2.131999969,1.136999965,2.467000008,1.491999984,19.804248092884272
2016/7/1 23:15,4.822999954,2.947000027,2.096999884,1.136999965,2.618999958,1.552999973,18.99883851481073
2016/7/1 23:30,5.022999763,3.818000078,2.131999969,2.167999983,2.588999987,1.523000002,19.637651834803652
2016/7/1 23:45,5.357999802,2.947000027,2.345000029,1.457000017,2.618999958,1.583999991,19.66481536203824
2016/7/2 0:00,5.223999977,3.08100009,2.700999975,1.315000057,2.437000036,1.523000002,19.72516076710543
2016/7/2 0:15,5.425000191,3.08100009,2.984999895,1.457000017,2.375999928,1.491999984,20.497198884875004
2016/7/2 0:30,5.223999977,3.08100009,2.878000021,1.457000017,2.375999928,1.462000012,20.49911726507728
2016/7/2 0:45,4.354000092,3.148000002,2.415999889,1.491999984,2.28399992,1.432000041,19.961029295963645
2016/7/2 1:00,5.157000065,3.013999939,2.878000021,1.350000024,2.345000029,1.432000041,20.523436083764103
2016/7/2 1:15,5.223999977,3.148000002,2.914000034,1.457000017,2.315000057,1.462000012,20.505727485761646
2016/7/2 1:30,5.157000065,3.013999939,2.914000034,1.421000004,2.223999977,1.462000012,20.579814209715018
2016/7/2 1:45,4.889999866,3.013999939,2.772000074,1.315000057,2.28399992,1.432000041,19.993904400013495
2016/7/2 2:00,5.157000065,3.148000002,2.878000021,1.491999984,2.28399992,1.432000041,20.539746700890504
2016/7/2 2:15,4.487999916,3.08100009,2.451999903,0.958999991,2.253999949,1.432000041,19.906803068341894
2016/7/2 2:30,4.889999866,3.013999939,2.736000061,1.386000037,2.193000078,1.432000041,19.989688430506664
2016/7/2 2:45,5.090000153,3.148000002,2.948999882,1.491999984,2.163000107,1.401000023,20.72903628088799
2016/7/2 3:00,5.157000065,3.08100009,2.914000034,1.491999984,2.193000078,1.401000023,20.75200081
2016/7/2 3:15,4.354000092,3.013999939,2.523000002,1.457000017,2.193000078,1.401000023,19.98257488506606
2016/7/2 3:30,5.090000153,3.08100009,2.914000034,1.491999984,2.193000078,1.401000023,20.72487050601157
2016/7/2 3:45,5.090000153,3.08100009,2.878000021,1.421000004,2.193000078,1.401000023,20.71609517699101
2016/7/2 4:00,4.554999828,3.08100009,2.451999903,1.491999984,2.193000078,1.401000023,19.951291577222207
2016/7/2 4:15,5.290999889,3.148000002,3.019999981,1.491999984,2.193000078,1.401000023,20.71704360976111
2016/7/2 4:30,5.157000065,3.08100009,2.948999882,1.421000004,2.223999977,1.432000041,20.57684824054976
2016/7/2 4:45,4.354000092,3.013999939,2.559000015,1.457000017,2.223999977,1.401000023,19.972849441219317
2016/7/2 5:00,5.425000191,3.282000065,3.092000008,1.70599997,2.437000036,1.462000012,20.513175364538462
2016/7/2 5:15,5.760000229,3.415999889,3.092000008,1.669999957,2.710999966,1.583999991,19.88768134838607
2016/7/2 5:30,5.425000191,3.282000065,2.842999935,1.63499999,2.740999937,1.523000002,19.84381115602656
2016/7/2 5:45,6.162000179,3.348999977,3.197999954,1.56400001,2.954999924,1.491999984,22.067404321173314
2016/7/2 6:00,5.492000103,3.282000065,2.523000002,1.491999984,2.984999895,1.462000012,20.26000023
2016/7/2 6:15,5.492000103,3.013999939,2.309999943,1.243999958,3.107000113,1.523000002,19.807287478486554
2016/7/2 6:30,5.559000015,3.013999939,2.309999943,1.315000057,3.229000092,1.552999973,19.80591922904447
2016/7/2 6:45,5.69299984,3.013999939,2.451999903,1.491999984,3.075999975,1.491999984,20.308525908985235
2016/7/2 7:00,5.625999928,3.214999914,2.486999989,1.491999984,3.075999975,1.523000002,19.819544932620712
2016/7/2 7:15,5.760000229,3.214999914,2.486999989,1.421000004,3.137000084,1.613999963,19.850006670453457
2016/7/2 7:30,5.559000015,3.282000065,2.486999989,1.491999984,3.107000113,1.552999973,19.80148755181092
2016/7/2 7:45,5.559000015,3.214999914,2.594000101,1.63499999,2.924000025,1.523000002,19.780074852583333
2016/7/2 8:00,5.559000015,3.282000065,2.594000101,1.669999957,2.924000025,1.523000002,19.790431868543063
2016/7/2 8:15,5.492000103,3.348999977,2.700999975,1.63499999,2.832999945,1.491999984,20.3326420369316
2016/7/2 8:30,5.559000015,3.348999977,2.700999975,1.598999977,2.772000074,1.523000002,19.807983698730148
2016/7/2 8:45,5.223999977,3.282000065,2.523000002,1.56400001,2.680000067,1.462000012,20.28662768594997
2016/7/2 9:00,5.223999977,3.214999914,2.559000015,1.56400001,2.680000067,1.462000012,20.292613133165695
2016/7/2 9:15,5.157000065,3.282000065,2.486999989,1.598999977,2.680000067,1.432000041,20.324252435389326
2016/7/2 9:30,5.223999977,3.348999977,2.486999989,1.598999977,2.802000046,1.491999984,20.32569106806124
2016/7/2 9:45,7.903999805,4.68900013,4.725999832,2.451999903,2.894000053,1.523000002,30.26846991868985
2016/7/2 10:00,9.913000107,4.956999779,6.644999981,3.305000067,3.046000004,1.552999973,27.81507484798299
2016/7/2 10:15,11.25300026,5.827000141,7.604000092,3.588999987,3.289999962,1.735999942,29.30811230156207
2016/7/2 10:30,12.05599976,5.357999802,8.421999931,2.878000021,3.746000051,1.70599997,28.479954309422965
2016/7/2 10:45,11.98900032,5.357999802,8.173000336,2.345000029,3.868000031,1.76699996,29.75236544545334
2016/7/2 11:00,11.78800011,5.425000191,8.173000336,2.523000002,3.686000109,1.674999952,28.508668191465603
2016/7/2 11:15,11.72099972,5.559000015,7.81799984,2.486999989,3.532999992,1.735999942,28.48668498198677
2016/7/2 11:30,11.31999969,5.425000191,7.568999767,2.948999882,3.229000092,1.70599997,27.286526555145173
2016/7/2 11:45,10.51599979,5.357999802,7.427000046,2.415999889,3.229000092,1.735999942,27.546420739458576
2016/7/2 12:00,9.645000458,4.956999779,6.751999855,2.131999969,3.107000113,1.827999949,29.546867303852327
2016/7/2 12:15,10.64999962,4.554999828,7.0,2.594000101,2.894000053,1.76699996,25.955967758168505
2016/7/2 12:30,11.11900043,5.69299984,8.279999733,3.447000027,3.075999975,1.797000051,28.588126375596318
2016/7/2 12:45,10.58300018,5.559000015,7.676000118,3.197999954,3.046000004,1.827999949,28.44944985864184
2016/7/2 13:00,10.38199997,5.760000229,7.461999893,2.559000015,2.984999895,1.76699996,27.15210401886209
2016/7/2 13:15,10.31499958,4.756000042,6.644999981,2.309999943,2.984999895,1.797000051,27.119463201501546
2016/7/2 13:30,8.572999954,3.951999903,5.756999969,1.953999996,2.832999945,1.76699996,28.72970825276348
2016/7/2 13:45,8.907999992,4.889999866,6.218999863,2.664999962,2.832999945,1.949000001,26.234457193526552
2016/7/2 14:00,8.774000168,4.68900013,6.111999989,2.025000095,2.894000053,1.91900003,29.449629965584
2016/7/2 14:15,9.243000031,4.554999828,6.610000134,1.84800005,2.740999937,1.85800004,28.583309330221386
2016/7/2 14:30,9.779000282,4.421000004,6.928999901,2.523000002,2.832999945,1.735999942,20.54100037
2016/7/2 14:45,10.44900036,5.223999977,6.894000053,2.381000042,2.650000095,1.735999942,26.457793035077188
2016/7/2 15:00,10.44900036,5.157000065,6.965000153,2.451999903,2.772000074,1.735999942,26.193628811837744
2016/7/2 15:15,9.913000107,4.554999828,6.928999901,2.594000101,2.894000053,1.85800004,26.082609243030127
2016/7/2 15:30,9.979999542,5.022999763,6.928999901,2.559000015,2.984999895,1.827999949,26.868143119820438
2016/7/2 15:45,9.711999893,5.090000153,6.965000153,2.736000061,2.862999916,1.76699996,26.145242432572456
2016/7/2 16:00,9.845999718,4.822999954,7.035999775,2.664999962,2.894000053,1.76699996,26.20781673422476
2016/7/2 16:15,9.51099968,4.822999954,6.681000233,2.203000069,2.894000053,1.70599997,29.83526311012959
2016/7/2 16:30,10.18099976,4.287000179,6.928999901,2.842999935,3.319999933,1.735999942,24.460864836245378
2016/7/2 16:45,10.58300018,4.822999954,7.427000046,2.630000114,3.107000113,1.735999942,27.241069929168717
2016/7/2 17:00,9.913000107,4.822999954,6.894000053,2.415999889,3.229000092,1.735999942,27.254537244461698
2016/7/2 17:15,10.91800022,4.822999954,7.532999992,2.523000002,3.381000042,1.797000051,27.068053113896116
2016/7/2 17:30,11.25300026,4.822999954,7.782000065,2.523000002,3.503000021,1.70599997,28.46179113359886
2016/7/2 17:45,10.7840004,4.756000042,7.249000072,2.309999943,3.471999884,1.797000051,27.130831829179396
2016/7/2 18:00,10.64999962,4.68900013,6.928999901,2.451999903,3.381000042,1.797000051,26.902327795107293
2016/7/2 18:15,10.38199997,4.487999916,7.143000126,2.239000082,3.167999983,1.797000051,29.208008952353488
2016/7/2 18:30,9.779000282,4.487999916,6.857999802,2.167999983,3.075999975,1.735999942,29.294784150358893
2016/7/2 18:45,9.979999542,4.354000092,6.822999954,2.203000069,3.107000113,1.735999942,29.290044567188165
2016/7/2 19:00,10.11400032,4.354000092,6.644999981,1.812000036,3.107000113,1.735999942,29.61515034288734
2016/7/2 19:15,10.11400032,4.287000179,6.894000053,2.096999884,3.197999954,1.70599997,30.032934266121966
2016/7/2 19:30,10.71700001,4.487999916,7.249000072,2.203000069,3.411000013,1.735999942,29.26411298279144
2016/7/2 19:45,10.04699993,4.354000092,6.610000134,1.953999996,3.349999905,1.735999942,29.61851084169231
2016/7/2 20:00,9.979999542,4.152999878,6.573999882,1.953999996,3.411000013,1.76699996,29.62582851933368
2016/7/2 20:15,9.779000282,4.019000053,6.395999908,1.883000016,3.411000013,1.91900003,29.600813998069416
2016/7/2 20:30,9.51099968,4.21999979,6.183000088,1.91900003,3.289999962,1.85800004,29.58623021431946
2016/7/2 20:45,9.376999855,4.085999966,6.040999889,1.883000016,3.381000042,1.827999949,29.635411080752174
2016/7/2 21:00,9.31000042,4.21999979,6.005000114,2.131999969,3.229000092,1.85800004,29.651015288321155
2016/7/2 21:15,9.041999817,3.818000078,6.289999962,1.421000004,3.137000084,1.85800004,29.710248181863154
2016/7/2 21:30,9.041999817,4.68900013,6.361000061,2.381000042,3.015000105,1.797000051,27.047661491377436
2016/7/2 21:45,9.578000069,4.622000217,6.183000088,1.741000056,2.894000053,1.827999949,29.444013511943712
2016/7/2 22:00,9.444000244,4.622000217,6.965000153,2.167999983,2.954999924,1.85800004,29.253362220246117
2016/7/2 22:15,10.71700001,4.889999866,7.106999874,1.99000001,2.772000074,1.797000051,28.582009178450413
2016/7/2 22:30,10.31499958,5.022999763,6.928999901,2.239000082,2.832999945,1.76699996,28.672850466457962
2016/7/2 22:45,9.645000458,4.822999954,7.106999874,1.953999996,3.075999975,1.797000051,29.30147590557287
2016/7/2 23:00,9.444000244,4.287000179,6.822999954,2.559000015,2.588999987,1.735999942,23.03210492656024
2016/7/2 23:15,10.38199997,4.956999779,7.604000092,2.594000101,2.528000116,1.735999942,27.484192827297065
2016/7/2 23:30,10.91800022,5.090000153,7.710999966,2.203000069,2.588999987,1.735999942,28.624190596922535
2016/7/2 23:45,11.05200005,5.492000103,8.38599968,2.842999935,2.680000067,1.76699996,27.91507420132667
2016/7/3 0:00,10.38199997,5.425000191,7.604000092,2.309999943,2.954999924,1.674999952,28.429307889445912
2016/7/3 0:15,9.979999542,5.290999889,7.888999939,2.948999882,2.862999916,2.071000099,28.087465115304834
2016/7/3 0:30,10.71700001,5.022999763,7.710999966,2.309999943,2.650000095,1.735999942,29.574137237571346
2016/7/3 0:45,10.7840004,5.157000065,7.994999886,2.878000021,2.588999987,1.85800004,27.98142939230766
2016/7/3 1:00,9.779000282,5.223999977,6.71600008,2.842999935,2.650000095,1.674999952,26.275682066793056
2016/7/3 1:15,10.91800022,5.425000191,7.639999866,2.664999962,2.588999987,1.70599997,27.727714214150364
2016/7/3 1:30,10.64999962,5.090000153,8.102000237,2.736000061,2.650000095,1.735999942,27.858440365165276
2016/7/3 1:45,9.979999542,4.756000042,7.390999794,2.914000034,2.588999987,1.76699996,26.444465128519834
2016/7/3 2:00,10.38199997,4.68900013,7.320000172,2.203000069,2.984999895,1.85800004,29.294930719519535
2016/7/3 2:15,10.64999962,5.223999977,7.676000118,2.878000021,2.802000046,1.797000051,28.6352486512518
2016/7/3 2:30,9.444000244,4.421000004,6.610000134,2.772000074,2.588999987,1.70599997,22.12793238327657
2016/7/3 2:45,9.645000458,5.157000065,6.538000107,2.700999975,2.588999987,1.70599997,26.205315147972357
2016/7/3 3:00,9.779000282,4.152999878,6.822999954,1.99000001,2.528000116,1.674999952,29.81141889025657
2016/7/3 3:15,10.31499958,5.090000153,7.604000092,2.772000074,2.528000116,1.70599997,27.751362703446443
2016/7/3 3:30,9.376999855,4.554999828,6.965000153,2.415999889,2.528000116,1.674999952,26.297926341081542
2016/7/3 3:45,9.578000069,4.354000092,6.502999783,2.239000082,2.528000116,1.980000019,28.724497017417015
2016/7/3 4:00,10.71700001,4.756000042,7.355999947,2.806999922,2.650000095,1.797000051,26.491334536061153
2016/7/3 4:15,9.109000206,4.756000042,6.644999981,2.203000069,2.862999916,1.827999949,28.7893274640145
2016/7/3 4:30,8.305999756,4.68900013,5.507999897,2.415999889,2.772000074,1.827999949,26.400422761926944
2016/7/3 4:45,9.913000107,5.022999763,7.532999992,2.806999922,2.894000053,1.949000001,26.680214734588006
2016/7/3 5:00,10.31499958,4.68900013,7.390999794,2.451999903,2.924000025,1.85800004,26.858261436729418
2016/7/3 5:15,11.5880003,4.68900013,8.102000237,2.523000002,3.046000004,1.827999949,28.413316668022812
2016/7/3 5:30,10.71700001,4.554999828,7.249000072,1.812000036,3.259000063,1.888000011,29.23300900509166
2016/7/3 5:45,11.92199993,5.357999802,7.853000164,2.203000069,3.503000021,1.888000011,29.590085793909584
2016/7/3 6:00,12.59200001,5.223999977,8.670999527,2.203000069,3.71600008,1.949000001,29.676236410215914
2016/7/3 6:15,12.25699997,5.157000065,8.493000031,2.559000015,3.77699995,1.91900003,28.49060777946311
2016/7/3 6:30,11.31999969,5.425000191,7.390999794,1.883000016,3.838000059,1.980000019,30.34540526613476
2016/7/3 6:45,11.92199993,4.019000053,8.527999878,2.451999903,3.77699995,2.040999889,29.40011520412395
2016/7/3 7:00,11.11900043,4.622000217,7.888999939,2.842999935,3.625,1.91900003,28.38448601493865
2016/7/3 7:15,12.45800018,5.492000103,8.741999626,2.948999882,3.532999992,1.91900003,28.112678451282775
2016/7/3 7:30,12.59200001,6.027999878,8.777000427,2.772000074,3.594000101,1.91900003,28.462901342695844
2016/7/3 7:45,11.05200005,4.622000217,7.320000172,2.664999962,3.625,1.91900003,26.81976393540923
2016/7/3 8:00,10.64999962,4.421000004,7.035999775,2.025000095,3.594000101,1.91900003,29.221065314957823
2016/7/3 8:15,10.44900036,4.622000217,7.320000172,2.061000109,3.471999884,1.949000001,29.364798842257997
2016/7/3 8:30,10.71700001,4.889999866,7.320000172,2.203000069,3.441999912,1.91900003,29.32093935793596
2016/7/3 8:45,10.31499958,4.68900013,6.857999802,2.167999983,3.411000013,1.949000001,29.315818926164805
2016/7/3 9:00,10.04699993,4.21999979,6.43200016,1.669999957,3.686000109,1.949000001,29.61554749160664
2016/7/3 9:15,10.04699993,5.157000065,7.106999874,2.451999903,3.229000092,1.980000019,26.02799988
2016/7/3 9:30,11.18599987,5.290999889,7.532999992,2.878000021,3.381000042,1.888000011,27.016723881563095
2016/7/3 9:45,11.45400047,5.223999977,7.427000046,2.273999929,3.259000063,1.85800004,28.96338655177176
2016/7/3 10:00,11.72099972,5.090000153,7.888999939,2.559000015,3.563999891,1.85800004,28.504785366606566
2016/7/3 10:15,11.92199993,5.492000103,8.31499958,2.878000021,4.142000198,1.949000001,28.522265793234986
2016/7/3 10:30,12.25699997,4.756000042,8.244000435,2.486999989,4.051000118,1.827999949,28.387819899887205
2016/7/3 10:45,12.12300014,5.69299984,8.065999985,2.486999989,4.234000206,1.949000001,28.527562349998362
2016/7/3 11:00,12.12300014,5.357999802,8.065999985,2.486999989,4.081999779,1.91900003,28.51454971811737
2016/7/3 11:15,11.25300026,5.022999763,7.320000172,2.203000069,3.77699995,1.76699996,29.36653674755836
2016/7/3 11:30,10.98499966,4.554999828,6.965000153,2.167999983,3.349999905,1.827999949,29.2706547945872
2016/7/3 11:45,10.24800014,5.022999763,6.395999908,2.096999884,3.319999933,1.797000051,29.6151032675797
2016/7/3 12:00,9.979999542,5.022999763,6.857999802,2.559000015,3.289999962,1.85800004,26.80200005
2016/7/3 12:15,9.444000244,4.956999779,6.538000107,2.523000002,3.229000092,1.888000011,26.981762627810127
2016/7/3 12:30,10.04699993,4.822999954,6.218999863,1.883000016,3.167999983,1.888000011,29.59924796704412
2016/7/3 12:45,9.444000244,4.421000004,6.395999908,2.203000069,3.167999983,1.888000011,29.585194806913382
2016/7/3 13:00,9.243000031,4.956999779,6.289999962,2.630000114,3.137000084,1.888000011,27.027948049218573
2016/7/3 13:15,10.24800014,5.157000065,6.610000134,2.381000042,3.046000004,2.101999998,27.534759522891157
2016/7/3 13:30,10.04699993,4.756000042,6.857999802,2.559000015,3.107000113,1.797000051,26.94890246944999
2016/7/3 13:45,10.11400032,5.090000153,6.395999908,2.273999929,2.984999895,1.888000011,29.091207529631124
2016/7/3 14:00,10.18099976,5.425000191,7.177999973,3.019999981,3.075999975,1.888000011,27.146460791979194
2016/7/3 14:15,10.24800014,5.022999763,6.538000107,2.664999962,3.107000113,1.888000011,27.110676734985553
2016/7/3 14:30,10.04699993,5.090000153,6.573999882,2.736000061,3.046000004,1.797000051,27.033480479676186
2016/7/3 14:45,9.578000069,4.421000004,6.502999783,2.630000114,2.924000025,2.040999889,21.79201184416187
2016/7/3 15:00,9.645000458,5.425000191,7.106999874,2.664999962,3.015000105,1.827999949,26.907555866927286
2016/7/3 15:15,10.44900036,5.157000065,6.857999802,2.239000082,2.984999895,1.888000011,29.273677688090256
2016/7/3 15:30,9.913000107,4.68900013,6.857999802,2.309999943,3.075999975,1.797000051,27.1371281151455
2016/7/3 15:45,9.779000282,5.090000153,6.644999981,2.736000061,2.954999924,1.797000051,26.97075889124395
2016/7/3 16:00,9.779000282,4.889999866,6.502999783,2.984999895,3.075999975,2.00999999,26.952673825379517
2016/7/3 16:15,9.845999718,4.889999866,6.644999981,3.019999981,3.289999962,1.91900003,27.022938176363546
2016/7/3 16:30,10.18099976,5.090000153,6.751999855,2.772000074,3.746000051,1.91900003,26.93190442772576
2016/7/3 16:45,10.71700001,4.956999779,7.106999874,2.523000002,3.868000031,1.91900003,26.73611611146499
2016/7/3 17:00,11.11900043,5.157000065,7.320000172,2.914000034,3.806999922,1.980000019,26.882674307403605
2016/7/3 17:15,11.72099972,5.157000065,7.747000217,3.305000067,3.898999929,1.888000011,28.74194984748846
2016/7/3 17:30,11.92199993,5.290999889,7.923999786,2.736000061,4.203000069,1.980000019,28.74714792695508
2016/7/3 17:45,11.52099991,5.090000153,7.853000164,2.700999975,3.806999922,1.949000001,28.523352175678884
2016/7/3 18:00,11.05200005,4.956999779,7.390999794,2.523000002,3.686000109,1.980000019,26.850613739821593
2016/7/3 18:15,10.91800022,4.889999866,7.320000172,2.630000114,3.503000021,1.797000051,26.89906547387873
2016/7/3 18:30,10.7840004,4.889999866,7.214000225,2.700999975,3.441999912,1.827999949,27.01909747734944
2016/7/3 18:45,10.91800022,4.889999866,7.284999847,2.486999989,3.594000101,1.85800004,26.75782079869041
2016/7/3 19:00,10.7840004,4.889999866,7.214000225,2.486999989,3.594000101,1.888000011,26.841282713904867
2016/7/3 19:15,10.71700001,4.889999866,7.143000126,2.878000021,3.654999971,1.888000011,26.915370234582014
2016/7/3 19:30,10.91800022,4.756000042,7.106999874,2.345000029,3.838000059,1.85800004,27.022309853509157
2016/7/3 19:45,10.91800022,4.822999954,7.106999874,2.381000042,3.806999922,1.91900003,27.084922160587848
2016/7/3 20:00,11.18599987,4.889999866,7.177999973,2.345000029,3.960000038,1.91900003,21.52599907
2016/7/3 20:15,10.85099983,4.822999954,6.928999901,2.381000042,3.898999929,1.949000001,24.953675342123802
2016/7/3 20:30,10.7840004,4.756000042,6.857999802,2.239000082,3.928999901,2.00999999,29.903920743376037
2016/7/3 20:45,10.64999962,4.756000042,6.751999855,2.309999943,3.838000059,1.980000019,27.24794427647018
2016/7/3 21:00,10.44900036,4.889999866,6.610000134,2.309999943,3.806999922,2.040999889,27.37876599827619
2016/7/3 21:15,10.64999962,5.357999802,6.573999882,2.630000114,3.503000021,2.040999889,27.126511254966253
2016/7/3 21:30,10.44900036,5.69299984,6.681000233,2.559000015,3.503000021,1.949000001,27.11722845930878
2016/7/3 21:45,9.645000458,4.956999779,6.324999809,2.559000015,3.289999962,1.888000011,26.990310894060762
2016/7/3 22:00,9.578000069,5.760000229,6.787000179,3.127000093,3.259000063,1.888000011,27.04140355562441
2016/7/3 22:15,10.18099976,5.760000229,6.502999783,2.486999989,3.259000063,1.888000011,26.94526912049431
2016/7/3 22:30,10.31499958,5.69299984,6.751999855,3.447000027,3.411000013,1.980000019,27.283078417649143
2016/7/3 22:45,10.18099976,5.760000229,6.71600008,3.127000093,3.381000042,1.980000019,27.18797680008325
2016/7/3 23:00,9.31000042,5.760000229,6.610000134,3.055999994,3.167999983,1.888000011,27.021942639240198
2016/7/3 23:15,9.979999542,5.022999763,6.467000008,3.092000008,3.229000092,1.949000001,27.045047952494688
2016/7/3 23:30,9.913000107,5.425000191,6.324999809,2.878000021,3.137000084,1.85800004,27.013067596811588
2016/7/3 23:45,9.913000107,5.69299984,6.218999863,3.019999981,3.046000004,1.85800004,26.999430005191392
2016/7/4 0:00,9.913000107,5.894000053,6.254000187,2.630000114,3.015000105,1.85800004,27.29161349306511
2016/7/4 0:15,9.779000282,5.492000103,6.751999855,2.984999895,3.015000105,1.888000011,27.036370009143216
2016/7/4 0:30,9.376999855,5.425000191,5.934000015,2.486999989,2.862999916,1.827999949,26.51189475624553
2016/7/4 0:45,9.376999855,5.492000103,6.289999962,2.842999935,2.924000025,1.827999949,26.943588190522746
2016/7/4 1:00,8.975000381,4.956999779,6.289999962,2.664999962,2.862999916,1.827999949,26.225047263322494
2016/7/4 1:15,9.578000069,5.425000191,6.681000233,3.482000113,2.924000025,1.797000051,27.09279132060564
2016/7/4 1:30,9.31000042,5.425000191,5.828000069,2.842999935,2.894000053,1.827999949,26.520377862903562
2016/7/4 1:45,8.640000343,4.68900013,5.828000069,2.486999989,2.862999916,1.797000051,26.257223477382993
2016/7/4 2:00,8.640000343,4.822999954,6.147999763,2.594000101,2.924000025,1.827999949,26.947879230837913
2016/7/4 2:15,9.243000031,5.625999928,6.644999981,3.163000107,2.862999916,1.827999949,26.50307212725759
2016/7/4 2:30,9.243000031,4.756000042,5.756999969,2.415999889,2.832999945,2.131999969,28.91300011
2016/7/4 2:45,9.175999641,5.425000191,5.721000195,2.664999962,2.862999916,1.85800004,26.501352669890842
2016/7/4 3:00,9.175999641,5.492000103,5.578999996,2.381000042,2.862999916,1.85800004,26.566162444459916
2016/7/4 3:15,8.505999565,4.68900013,5.650000095,2.415999889,2.862999916,1.85800004,26.345525075238573
2016/7/4 3:30,8.371999741,5.492000103,5.721000195,2.451999903,2.894000053,1.827999949,26.4869829926032
2016/7/4 3:45,9.109000206,5.357999802,5.756999969,3.019999981,2.772000074,1.827999949,26.392906692579764
2016/7/4 4:00,9.109000206,4.822999954,5.650000095,2.523000002,2.772000074,1.797000051,26.330188882329413
2016/7/4 4:15,9.31000042,5.492000103,6.43200016,2.842999935,2.862999916,1.85800004,26.49101297272052
2016/7/4 4:30,9.376999855,4.956999779,5.721000195,3.055999994,3.015000105,1.888000011,26.968962803467566
2016/7/4 4:45,9.578000069,5.625999928,5.899000168,2.451999903,3.075999975,1.888000011,26.54139226464984
2016/7/4 5:00,9.845999718,5.559000015,5.96999979,2.948999882,3.107000113,1.888000011,26.988539192568552
2016/7/4 5:15,10.18099976,4.956999779,6.395999908,2.594000101,3.229000092,1.888000011,27.04001935249539
2016/7/4 5:30,10.11400032,4.956999779,6.681000233,2.415999889,3.441999912,1.888000011,27.301691716006502
2016/7/4 5:45,11.11900043,5.022999763,7.0,2.700999975,3.686000109,2.00999999,26.870215534386865
2016/7/4 6:00,11.5880003,5.425000191,7.390999794,2.806999922,3.806999922,1.980000019,26.92526506057875
2016/7/4 6:15,10.7840004,5.157000065,7.214000225,2.523000002,3.71600008,1.888000011,26.798106571505095
2016/7/4 6:30,10.98499966,5.960999966,7.498000145,3.092000008,3.746000051,1.888000011,27.204319768432814
2016/7/4 6:45,10.91800022,4.956999779,7.071000099,2.806999922,3.898999929,2.040999889,25.199121591154427
2016/7/4 7:00,11.78800011,6.09499979,7.214000225,2.984999895,3.898999929,2.040999889,22.51099968
2016/7/4 7:15,11.65499973,5.625999928,7.320000172,3.411000013,3.806999922,2.101999998,26.986980736375884
2016/7/4 7:30,10.85099983,6.362999916,7.249000072,3.019999981,3.806999922,2.071000099,27.510671928105502
2016/7/4 7:45,11.5880003,5.69299984,7.214000225,2.878000021,3.77699995,2.071000099,26.98206347518263
2016/7/4 8:00,10.58300018,5.960999966,7.143000126,2.914000034,3.654999971,2.071000099,27.246634136795283
2016/7/4 8:15,10.64999962,5.559000015,7.106999874,2.806999922,3.686000109,1.980000019,27.028933529147807
2016/7/4 8:30,11.31999969,6.09499979,7.320000172,2.948999882,3.532999992,1.980000019,28.363911233481872
2016/7/4 8:45,10.51599979,6.162000179,7.106999874,3.197999954,3.77699995,2.163000107,28.247420110496886
2016/7/4 9:00,11.5880003,6.296000004,7.568999767,3.055999994,3.471999884,2.00999999,25.39500046
2016/7/4 9:15,11.72099972,6.296000004,7.994999886,3.588999987,3.594000101,2.131999969,28.795526695117857
2016/7/4 9:30,11.18599987,5.625999928,7.498000145,2.948999882,3.532999992,2.223999977,25.32500076
2016/7/4 9:45,11.38700008,5.492000103,7.639999866,2.948999882,3.686000109,2.071000099,28.1788828979472
2016/7/4 10:00,11.92199993,6.229000092,7.710999966,3.055999994,3.746000051,1.949000001,28.55917373737306
2016/7/4 10:15,13.12800026,5.559000015,8.56400013,3.019999981,4.111999989,2.071000099,27.64599991
2016/7/4 10:30,13.32900047,6.09499979,8.527999878,2.984999895,4.295000076,1.980000019,28.264288495154556
2016/7/4 10:45,13.19499969,6.362999916,8.954999924,3.482000113,4.386000156,1.980000019,28.789794626172736
2016/7/4 11:00,12.32400036,5.559000015,8.421999931,3.233999968,4.203000069,1.980000019,28.532883152004896
2016/7/4 11:15,12.25699997,6.362999916,7.782000065,3.197999954,4.020999908,1.980000019,28.587616078383867
2016/7/4 11:30,11.72099972,5.625999928,7.532999992,3.233999968,3.686000109,1.888000011,26.90900960607147
2016/7/4 11:45,10.44900036,5.960999966,7.320000172,3.233999968,3.471999884,1.888000011,27.26747640690741
2016/7/4 12:00,10.38199997,5.894000053,6.857999802,2.630000114,3.563999891,1.949000001,27.30680612062422
2016/7/4 12:15,10.7840004,6.027999878,7.0,3.447000027,3.381000042,2.00999999,28.125149116065558
2016/7/4 12:30,10.71700001,5.894000053,6.894000053,3.552999973,3.289999962,1.949000001,28.64450434906022
2016/7/4 12:45,10.64999962,5.960999966,6.610000134,3.233999968,3.563999891,2.071000099,27.494553464517526
2016/7/4 13:00,10.04699993,5.425000191,6.751999855,3.019999981,3.319999933,1.949000001,27.151882629280195
2016/7/4 13:15,10.58300018,6.09499979,6.787000179,2.984999895,3.229000092,1.980000019,29.53463125573727
2016/7/4 13:30,10.04699993,5.290999889,6.71600008,2.842999935,3.259000063,2.315000057,26.820437193127688
2016/7/4 13:45,10.64999962,5.559000015,6.681000233,3.197999954,3.349999905,2.071000099,27.242177920633154
2016/7/4 14:00,10.51599979,6.027999878,7.106999874,3.375999928,3.137000084,1.91900003,29.153064230220252
2016/7/4 14:15,10.64999962,5.960999966,6.787000179,3.588999987,3.259000063,2.071000099,30.74200058
2016/7/4 14:30,10.64999962,6.09499979,7.143000126,2.914000034,3.259000063,1.980000019,31.02300072
2016/7/4 14:45,9.845999718,5.492000103,6.644999981,3.127000093,3.319999933,2.071000099,27.099963876557858
2016/7/4 15:00,10.71700001,6.09499979,6.787000179,3.019999981,3.167999983,2.00999999,29.72176759358953
2016/7/4 15:15,10.04699993,5.223999977,6.573999882,2.842999935,3.381000042,2.101999998,27.068654089747533
2016/7/4 15:30,10.04699993,5.223999977,6.71600008,2.700999975,3.686000109,2.040999889,26.92616356451551
2016/7/4 15:45,9.979999542,5.022999763,6.610000134,2.736000061,3.319999933,1.980000019,27.035129575741017
2016/7/4 16:00,9.979999542,5.022999763,6.502999783,2.559000015,3.441999912,2.040999889,27.0170443722877
2016/7/4 16:15,10.51599979,5.090000153,6.751999855,2.451999903,3.71600008,2.131999969,26.77021707838082
2016/7/4 16:30,10.85099983,5.492000103,6.928999901,2.842999935,3.654999971,2.101999998,27.057155083486556
2016/7/4 16:45,10.7840004,5.022999763,7.071000099,2.594000101,3.654999971,2.00999999,26.888831551804337
2016/7/4 17:00,11.31999969,5.090000153,7.355999947,2.451999903,3.868000031,2.040999889,26.512947651124804
2016/7/4 17:15,11.92199993,5.157000065,7.81799984,2.381000042,4.051000118,2.28399992,30.637017302569284
2016/7/4 17:30,11.78800011,4.889999866,7.747000217,2.345000029,4.081999779,2.00999999,31.103750364458882
2016/7/4 17:45,11.52099991,4.956999779,7.390999794,2.664999962,4.111999989,2.040999889,25.1272244479674
2016/7/4 18:00,11.38700008,4.956999779,7.355999947,2.451999903,4.295000076,2.193000078,25.29652157585655
2016/7/4 18:15,9.645000458,3.951999903,7.143000126,2.309999943,2.650000095,1.279000044,32.19842824653471
2016/7/4 18:30,9.376999855,3.951999903,6.751999855,2.273999929,2.467000008,1.279000044,32.06222375984883
2016/7/4 18:45,9.376999855,3.750999928,6.965000153,2.239000082,2.405999899,1.187999964,33.44420742038576
2016/7/4 19:00,9.376999855,3.88499999,6.894000053,2.239000082,2.467000008,1.187999964,33.500864481536794
2016/7/4 19:15,9.645000458,3.88499999,7.071000099,2.239000082,2.528000116,1.248999953,33.277579045016786
2016/7/4 19:30,9.845999718,3.951999903,7.143000126,2.273999929,2.650000095,1.309999943,32.20524382186731
2016/7/4 19:45,9.779000282,4.487999916,7.0,2.273999929,2.710999966,1.371000051,31.27723639742055
2016/7/4 20:00,10.11400032,4.085999966,7.143000126,2.239000082,2.954999924,1.462000012,30.376016521391506
2016/7/4 20:15,10.51599979,4.554999828,7.106999874,2.273999929,3.77699995,1.76699996,28.794568642876726
2016/7/4 20:30,10.58300018,4.68900013,6.857999802,2.273999929,3.868000031,1.91900003,28.890084507833198
2016/7/4 20:45,10.51599979,4.822999954,6.928999901,2.381000042,3.594000101,1.980000019,27.27600260971203
2016/7/4 21:00,10.38199997,4.822999954,6.894000053,2.309999943,3.503000021,2.00999999,27.298133083162032
2016/7/4 21:15,10.7840004,5.357999802,7.177999973,2.345000029,3.471999884,1.980000019,27.450483383712477
2016/7/4 21:30,10.31499958,4.487999916,6.822999954,2.025000095,3.411000013,1.980000019,29.677768165778502
2016/7/4 21:45,10.11400032,4.554999828,6.681000233,2.096999884,3.381000042,2.071000099,29.74070608886356
2016/7/4 22:00,9.645000458,4.889999866,6.610000134,1.91900003,3.259000063,1.91900003,29.595527264681408
2016/7/4 22:15,10.71700001,4.622000217,7.284999847,2.167999983,3.503000021,1.91900003,29.2792131316525
2016/7/4 22:30,11.72099972,5.425000191,7.81799984,2.630000114,3.229000092,1.91900003,28.456470929001394
2016/7/4 22:45,11.78800011,6.027999878,8.102000237,2.984999895,3.259000063,2.040999889,28.291100977183287
2016/7/4 23:00,12.72599983,6.497000217,9.345999718,3.482000113,3.167999983,1.980000019,28.800375244913248
2016/7/4 23:15,12.52499962,5.960999966,9.204000473,3.411000013,3.137000084,1.980000019,28.744938596458432
2016/7/4 23:30,12.45800018,6.229000092,8.883999825,3.339999914,3.075999975,1.91900003,28.68399083006821
2016/7/4 23:45,11.11900043,5.827000141,8.670999527,3.482000113,3.015000105,1.949000001,28.86872604525136
2016/7/5 0:00,11.98900032,5.625999928,8.777000427,2.948999882,3.197999954,1.980000019,28.12385278794989
2016/7/5 0:15,10.51599979,5.425000191,7.214000225,2.842999935,3.015000105,1.91900003,27.162962515622915
2016/7/5 0:30,12.52499962,5.827000141,8.635000229,3.802000046,3.289999962,2.00999999,28.88757687104601
2016/7/5 0:45,11.45400047,6.027999878,8.137999535,3.092000008,3.075999975,2.00999999,28.474453372283218
2016/7/5 1:00,12.52499962,6.296000004,8.954999924,3.163000107,3.137000084,2.00999999,28.606051021817198
2016/7/5 1:15,9.31000042,5.223999977,6.395999908,2.167999983,3.015000105,1.888000011,29.515108390153372
2016/7/5 1:30,10.24800014,5.357999802,7.214000225,2.772000074,2.984999895,2.040999889,27.1684169556048
2016/7/5 1:45,11.38700008,5.559000015,8.56400013,3.019999981,3.075999975,2.071000099,28.0753645659935
2016/7/5 2:00,12.32400036,6.296000004,8.812999725,3.375999928,2.984999895,1.91900003,28.739514123924774
2016/7/5 2:15,9.779000282,5.223999977,6.183000088,2.381000042,2.924000025,1.91900003,27.626451686645837
2016/7/5 2:30,10.24800014,4.756000042,8.670999527,2.381000042,2.832999945,1.888000011,29.447926720074243
2016/7/5 2:45,12.25699997,6.09499979,8.954999924,3.838000059,2.832999945,1.85800004,28.90149388476927
2016/7/5 3:00,10.71700001,5.425000191,8.065999985,2.878000021,2.832999945,1.85800004,28.91300011
2016/7/5 3:15,10.31499958,4.956999779,7.143000126,2.451999903,2.862999916,1.91900003,26.25494259095508
2016/7/5 3:30,10.44900036,4.554999828,6.894000053,2.381000042,2.954999924,1.949000001,27.082695340228696
2016/7/5 3:45,11.78800011,5.69299984,8.847999573,3.055999994,3.046000004,1.949000001,28.224847079364704
2016/7/5 4:00,11.31999969,5.625999928,7.676000118,2.630000114,3.046000004,1.888000011,28.51569945903193
2016/7/5 4:15,10.31499958,5.357999802,7.320000172,2.630000114,3.046000004,2.253999949,26.55252855622468
2016/7/5 4:30,9.243000031,4.956999779,6.076000214,2.273999929,3.137000084,2.071000099,30.53100014
2016/7/5 4:45,10.7840004,5.425000191,7.461999893,2.239000082,3.319999933,2.131999969,29.823512277769165
2016/7/5 5:00,10.85099983,4.68900013,6.822999954,1.883000016,3.319999933,2.040999889,29.740981365994656
2016/7/5 5:15,12.12300014,5.090000153,8.137999535,2.273999929,3.319999933,1.949000001,29.20905333755845
2016/7/5 5:30,11.18599987,4.287000179,7.071000099,1.77699995,3.563999891,1.91900003,29.26238825100677
2016/7/5 5:45,12.32400036,5.69299984,8.670999527,2.878000021,3.77699995,1.980000019,28.62854329836068
2016/7/5 6:00,13.32900047,5.425000191,8.883999825,2.736000061,4.081999779,1.949000001,28.50728887739319
2016/7/5 6:15,12.6590004,5.625999928,8.812999725,2.842999935,3.928999901,1.949000001,28.49671375986148
2016/7/5 6:30,11.72099972,4.956999779,7.747000217,2.415999889,3.838000059,1.980000019,32.71099854
2016/7/5 6:45,11.45400047,5.760000229,7.923999786,2.948999882,3.806999922,1.949000001,28.285976039939754
2016/7/5 7:00,11.45400047,5.223999977,7.853000164,2.772000074,3.654999971,2.00999999,28.78158893330736
2016/7/5 7:15,12.85999966,5.69299984,8.741999626,2.948999882,3.563999891,1.91900003,28.124590064009343
2016/7/5 7:30,11.52099991,5.894000053,7.320000172,3.163000107,3.625,2.040999889,27.119309060209112
2016/7/5 7:45,11.5880003,5.827000141,7.568999767,3.197999954,3.563999891,2.315000057,26.215185070370747
2016/7/5 8:00,11.05200005,5.960999966,7.461999893,3.127000093,3.563999891,2.101999998,27.330009084246026
2016/7/5 8:15,11.5880003,5.625999928,7.710999966,3.019999981,3.532999992,2.071000099,28.15745151045969
2016/7/5 8:30,11.65499973,5.960999966,7.532999992,3.305000067,3.503000021,2.131999969,27.252774347794414
2016/7/5 8:45,10.91800022,4.889999866,7.532999992,2.948999882,3.471999884,2.040999889,27.066119105646354
2016/7/5 9:00,10.98499966,6.027999878,7.532999992,2.700999975,3.411000013,2.040999889,27.57296876120733
2016/7/5 9:15,11.65499973,5.625999928,7.532999992,2.451999903,3.441999912,1.949000001,26.7739302685766
2016/7/5 9:30,11.11900043,6.027999878,7.81799984,2.772000074,3.563999891,2.101999998,29.068418997378576
2016/7/5 9:45,11.31999969,5.69299984,7.888999939,2.451999903,3.654999971,2.071000099,30.031940010507988
2016/7/5 10:00,12.79300022,5.960999966,8.56400013,3.447000027,3.838000059,2.163000107,28.81250305695286
2016/7/5 10:15,12.18999958,5.625999928,8.38599968,2.914000034,3.898999929,1.949000001,28.20826151132516
2016/7/5 10:30,14.13300037,6.027999878,9.131999969,3.163000107,4.203000069,2.071000099,28.736163872360567
2016/7/5 10:45,13.19499969,6.631000042,9.131999969,3.482000113,4.507999897,2.223999977,28.77945600689064
2016/7/5 11:00,13.39599991,6.429999828,8.741999626,3.482000113,4.598999977,2.253999949,28.615455764098098
2016/7/5 11:15,12.72599983,6.229000092,8.137999535,2.772000074,4.203000069,2.163000107,28.766025251113614
2016/7/5 11:30,11.85499954,6.09499979,7.676000118,3.019999981,3.898999929,2.071000099,28.27899933
2016/7/5 11:45,10.91800022,5.090000153,7.249000072,2.203000069,3.746000051,2.071000099,29.72936694295926
2016/7/5 12:00,11.25300026,5.425000191,7.676000118,2.736000061,3.594000101,2.00999999,29.16051698452018
2016/7/5 12:15,11.05200005,5.090000153,7.071000099,2.203000069,3.441999912,1.980000019,29.672515722542148
2016/7/5 12:30,10.85099983,5.357999802,7.143000126,3.019999981,3.441999912,2.040999889,27.120855866520873
2016/7/5 12:45,10.71700001,5.357999802,6.644999981,2.096999884,3.411000013,2.00999999,29.77412382562165
2016/7/5 13:00,9.913000107,4.554999828,6.681000233,2.309999943,3.319999933,1.91900003,27.142771715681207
2016/7/5 13:15,10.04699993,4.622000217,6.71600008,2.061000109,3.229000092,1.91900003,29.56913866231598
2016/7/5 13:30,10.91800022,4.889999866,6.787000179,2.415999889,3.411000013,2.00999999,27.215237405122462
2016/7/5 13:45,10.04699993,5.357999802,6.822999954,2.415999889,3.411000013,2.040999889,27.52663075265526
2016/7/5 14:00,10.18099976,5.357999802,7.320000172,2.486999989,3.319999933,2.071000099,26.722887529378443
2016/7/5 14:15,10.7840004,4.822999954,7.355999947,2.559000015,3.167999983,1.949000001,27.041367994026132
2016/7/5 14:30,10.04699993,5.290999889,6.928999901,2.203000069,3.167999983,1.91900003,29.27404062356506
2016/7/5 14:45,10.7840004,5.357999802,7.320000172,2.630000114,3.259000063,1.980000019,27.072513645706923
2016/7/5 15:00,10.85099983,5.223999977,7.249000072,2.415999889,3.319999933,1.949000001,27.52567068429602
2016/7/5 15:15,10.24800014,5.022999763,6.894000053,2.167999983,3.319999933,1.980000019,29.67000794981504
2016/7/5 15:30,10.44900036,5.425000191,7.0,2.700999975,3.411000013,2.163000107,27.20078628767461
2016/7/5 15:45,10.31499958,5.492000103,7.106999874,2.878000021,3.289999962,2.131999969,27.164927583518924
2016/7/5 16:00,10.04699993,5.022999763,6.894000053,2.736000061,3.167999983,2.253999949,26.475418891713716
2016/7/5 16:15,10.64999962,5.894000053,7.177999973,2.878000021,3.289999962,2.071000099,27.717624345344767
2016/7/5 16:30,11.11900043,5.492000103,7.427000046,2.914000034,3.594000101,2.101999998,27.012221945409316
2016/7/5 16:45,11.45400047,5.559000015,7.568999767,2.806999922,4.051000118,2.101999998,24.991286273991943
2016/7/5 17:00,11.92199993,5.425000191,7.923999786,2.878000021,4.386000156,2.101999998,28.698838288520164
2016/7/5 17:15,11.92199993,5.357999802,7.81799984,2.948999882,4.081999779,2.040999889,28.167905150196237
2016/7/5 17:30,12.12300014,5.157000065,8.137999535,2.559000015,3.960000038,2.193000078,28.805922787873843
2016/7/5 17:45,11.65499973,5.223999977,7.81799984,2.664999962,3.960000038,2.101999998,28.95038399103992
2016/7/5 18:00,11.45400047,4.956999779,7.461999893,2.345000029,3.99000001,2.040999889,23.9776850712251
2016/7/5 18:15,10.91800022,5.022999763,7.106999874,2.486999989,3.928999901,2.071000099,24.680763797119177
2016/7/5 18:30,10.71700001,4.956999779,6.965000153,2.736000061,3.746000051,2.00999999,26.90705539015557
2016/7/5 18:45,10.7840004,4.956999779,7.0,2.415999889,3.77699995,2.040999889,27.284172109056104
2016/7/5 19:00,10.85099983,4.68900013,7.071000099,2.345000029,3.806999922,1.949000001,27.103568190367714
2016/7/5 19:15,10.91800022,4.756000042,7.071000099,2.273999929,3.838000059,1.949000001,29.011129342398057
2016/7/5 19:30,10.85099983,4.68900013,7.0,2.239000082,3.868000031,1.949000001,29.25746996664114
2016/7/5 19:45,11.11900043,4.822999954,7.106999874,2.239000082,4.020999908,2.00999999,30.10070781018849
2016/7/5 20:00,11.18599987,4.622000217,7.284999847,2.203000069,3.898999929,1.888000011,29.323421588511092
2016/7/5 20:15,11.25300026,4.756000042,7.284999847,2.167999983,3.928999901,1.980000019,31.23399925
2016/7/5 20:30,10.98499966,4.68900013,7.106999874,2.203000069,3.898999929,1.980000019,29.989480695002584
2016/7/5 20:45,10.98499966,4.68900013,6.965000153,2.239000082,3.746000051,2.071000099,29.72702053110395
2016/7/5 21:00,10.64999962,4.68900013,6.894000053,2.167999983,3.806999922,2.00999999,29.809368119350978
2016/7/5 21:15,10.31499958,4.152999878,6.751999855,1.63499999,3.563999891,2.040999889,29.755464403103925
2016/7/5 21:30,10.18099976,4.421000004,6.928999901,1.84800005,3.806999922,1.888000011,29.261895977662594
2016/7/5 21:45,10.64999962,5.223999977,6.965000153,2.273999929,3.471999884,2.131999969,29.529170403719878
2016/7/5 22:00,9.979999542,4.354000092,6.644999981,1.91900003,3.563999891,1.980000019,29.68376362279738
2016/7/5 22:15,11.92199993,5.625999928,8.31499958,3.092000008,3.441999912,1.949000001,28.37698765710291
2016/7/5 22:30,10.7840004,4.756000042,7.568999767,2.451999903,3.381000042,1.91900003,26.809739042255057
2016/7/5 22:45,11.18599987,5.827000141,7.676000118,2.736000061,3.289999962,1.980000019,30.74200058
2016/7/5 23:00,11.85499954,5.760000229,7.81799984,2.700999975,3.259000063,1.949000001,28.7657733522064
2016/7/5 23:15,10.91800022,5.625999928,7.747000217,3.019999981,3.229000092,1.949000001,28.165189435669994
2016/7/5 23:30,11.31999969,5.69299984,7.888999939,3.163000107,3.349999905,2.040999889,28.534935668316926
2016/7/5 23:45,11.11900043,6.027999878,8.421999931,3.482000113,3.075999975,1.949000001,28.92964842007832
2016/7/6 0:00,10.38199997,5.090000153,6.467000008,2.842999935,3.015000105,1.827999949,27.069651194983425
2016/7/6 0:15,11.11900043,5.223999977,8.173000336,3.092000008,2.954999924,1.888000011,28.51458686850057
2016/7/6 0:30,11.85499954,5.827000141,8.741999626,3.127000093,2.924000025,1.91900003,28.91300011
2016/7/6 0:45,10.18099976,5.357999802,6.71600008,2.131999969,2.924000025,1.85800004,29.473048027325834
2016/7/6 1:00,10.71700001,5.425000191,7.498000145,2.309999943,2.832999945,1.91900003,26.635301192429083
2016/7/6 1:15,9.845999718,5.157000065,6.218999863,2.594000101,2.862999916,1.91900003,26.27590340657871
2016/7/6 1:30,9.51099968,5.425000191,6.71600008,2.594000101,2.984999895,1.980000019,27.039100487530856
2016/7/6 1:45,10.44900036,5.625999928,7.676000118,2.594000101,2.924000025,1.949000001,28.64960628750746
2016/7/6 2:00,10.85099983,5.357999802,7.81799984,2.878000021,2.832999945,1.85800004,28.712286966554622
2016/7/6 2:15,10.11400032,5.357999802,7.071000099,2.594000101,2.832999945,1.827999949,26.4366833572301
2016/7/6 2:30,11.38700008,6.162000179,7.994999886,3.375999928,3.075999975,2.223999977,28.851928659206752
2016/7/6 2:45,10.38199997,4.68900013,6.538000107,2.167999983,3.259000063,1.91900003,29.590476993316653
2016/7/6 3:00,9.779000282,5.157000065,5.96999979,2.345000029,3.167999983,2.131999969,27.66971105595458
2016/7/6 3:15,9.711999893,4.487999916,6.467000008,2.096999884,3.197999954,2.00999999,29.841276362233035
2016/7/6 3:30,10.71700001,5.157000065,7.320000172,2.309999943,3.349999905,1.980000019,27.51318930497541
2016/7/6 3:45,9.645000458,4.889999866,6.71600008,2.239000082,2.924000025,1.980000019,29.62867084835539
2016/7/6 4:00,9.376999855,4.487999916,6.254000187,2.273999929,3.015000105,2.040999889,29.69144502086349
2016/7/6 4:15,9.109000206,4.622000217,5.862999916,2.167999983,3.349999905,2.101999998,30.18681078301311
2016/7/6 4:30,10.71700001,5.425000191,7.106999874,2.664999962,3.259000063,2.163000107,27.110963939629414
2016/7/6 4:45,10.7840004,4.889999866,7.710999966,2.239000082,3.259000063,2.040999889,29.78650637411559
2016/7/6 5:00,11.38700008,5.559000015,7.853000164,2.842999935,3.259000063,2.345000029,28.793045901686764
2016/7/6 5:15,11.92199993,5.559000015,8.208999634,2.878000021,3.563999891,2.071000099,28.614427550472083
2016/7/6 5:30,12.12300014,5.022999763,8.279999733,2.167999983,3.686000109,2.040999889,29.89699936
2016/7/6 5:45,11.18599987,4.822999954,7.214000225,2.061000109,3.868000031,1.980000019,30.075293395565822
2016/7/6 6:00,11.85499954,4.487999916,8.208999634,2.096999884,3.868000031,1.85800004,29.617349032142283
2016/7/6 6:15,11.78800011,4.487999916,7.960000038,2.273999929,3.71600008,1.888000011,29.07342922291053
2016/7/6 6:30,11.5880003,5.357999802,7.320000172,2.594000101,3.71600008,1.888000011,26.90746971611843
2016/7/6 6:45,11.92199993,4.822999954,7.994999886,2.736000061,3.532999992,1.85800004,28.483626496083545
2016/7/6 7:00,12.52499962,6.162000179,9.131999969,3.625,3.532999992,1.888000011,28.774636651615776
2016/7/6 7:15,12.59200001,5.894000053,9.23900032,2.914000034,3.503000021,1.980000019,28.36968676318973
2016/7/6 7:30,12.45800018,6.09499979,9.274999619,3.339999914,3.503000021,1.91900003,28.729452802958363
2016/7/6 7:45,13.59700012,6.631000042,9.737000465,3.696000099,3.471999884,1.949000001,28.768863538466398
2016/7/6 8:00,12.72599983,6.362999916,9.345999718,3.375999928,3.71600008,1.980000019,28.76669654638736
2016/7/6 8:15,11.5880003,5.022999763,7.853000164,2.523000002,3.594000101,1.949000001,28.524953402313763
2016/7/6 8:30,11.38700008,4.889999866,7.960000038,2.842999935,3.471999884,1.980000019,28.667758656876234
2016/7/6 8:45,11.45400047,5.492000103,7.427000046,2.948999882,3.471999884,1.85800004,27.05525894787987
2016/7/6 9:00,11.11900043,4.756000042,7.177999973,2.131999969,3.349999905,1.980000019,29.778113028148972
2016/7/6 9:15,10.85099983,4.822999954,7.532999992,2.096999884,3.471999884,1.980000019,29.805679156465548
2016/7/6 9:30,10.98499966,5.357999802,7.960000038,3.197999954,3.471999884,1.888000011,28.5067696375777
2016/7/6 9:45,11.25300026,5.625999928,8.244000435,2.984999895,3.746000051,1.888000011,28.236758332654485
2016/7/6 10:00,11.78800011,4.889999866,8.031000137,2.451999903,3.563999891,1.85800004,29.385919444381383
2016/7/6 10:15,11.98900032,4.956999779,8.706000328,2.486999989,3.77699995,1.888000011,28.495232551267694
2016/7/6 10:30,13.73099995,5.827000141,8.812999725,2.630000114,3.99000001,1.827999949,28.74769469174044
2016/7/6 10:45,13.59700012,5.090000153,8.847999573,2.559000015,4.172999859,1.76699996,28.52447965627495
2016/7/6 11:00,13.12800026,4.956999779,8.670999527,2.772000074,3.99000001,1.91900003,28.4782254680942
2016/7/6 11:15,11.5880003,5.559000015,8.493000031,3.163000107,3.77699995,1.827999949,28.50313001287223
2016/7/6 11:30,11.85499954,5.559000015,7.676000118,3.163000107,3.441999912,1.76699996,28.518750915006297
2016/7/6 11:45,10.24800014,4.956999779,7.106999874,2.559000015,3.137000084,1.674999952,27.364265481184443
2016/7/6 12:00,10.58300018,4.756000042,7.0,2.061000109,2.954999924,1.644999981,29.85279759792202
2016/7/6 12:15,10.38199997,5.492000103,7.81799984,2.878000021,2.894000053,1.674999952,28.60611048854421
2016/7/6 12:30,10.51599979,5.357999802,7.782000065,2.772000074,3.046000004,1.735999942,28.528247306111233
2016/7/6 12:45,11.11900043,4.756000042,8.031000137,2.523000002,3.137000084,1.70599997,28.390612289539654
2016/7/6 13:00,10.31499958,5.290999889,7.498000145,2.345000029,3.046000004,1.70599997,27.546278169121543
2016/7/6 13:15,11.05200005,5.357999802,7.853000164,2.984999895,2.772000074,1.613999963,28.885118735947866
2016/7/6 13:30,10.18099976,4.354000092,7.568999767,2.594000101,2.618999958,1.76699996,22.86286570533543
2016/7/6 13:45,10.24800014,5.357999802,7.676000118,2.806999922,2.618999958,1.70599997,27.765866487127386
2016/7/6 14:00,9.444000244,5.022999763,6.965000153,2.203000069,2.650000095,1.644999981,29.723159886855996
2016/7/6 14:15,11.18599987,5.357999802,7.888999939,3.305000067,2.650000095,1.674999952,27.973674909293745
2016/7/6 14:30,10.51599979,5.492000103,7.994999886,2.736000061,2.618999958,1.552999973,29.346180118888174
2016/7/6 14:45,10.51599979,5.223999977,7.532999992,2.700999975,2.680000067,1.583999991,26.485094420416978
2016/7/6 15:00,10.44900036,4.21999979,7.0,2.381000042,2.710999966,1.583999991,22.69458182888374
2016/7/6 15:15,9.779000282,4.21999979,7.143000126,2.309999943,2.680000067,1.523000002,30.145670693195388
2016/7/6 15:30,9.913000107,4.152999878,6.787000179,1.953999996,2.710999966,1.523000002,30.209454990975477
2016/7/6 15:45,9.578000069,4.085999966,7.035999775,1.99000001,2.680000067,1.552999973,29.911152036194643
2016/7/6 16:00,9.845999718,4.085999966,7.071000099,1.91900003,2.710999966,1.552999973,30.022909218423084
2016/7/6 16:15,10.11400032,4.085999966,7.177999973,2.309999943,2.862999916,1.644999981,22.33539926303355
2016/7/6 16:30,10.64999962,4.889999866,7.568999767,2.594000101,3.411000013,1.644999981,27.254883443128683
2016/7/6 16:45,10.85099983,4.889999866,7.604000092,2.630000114,3.167999983,1.70599997,28.37040576209888
2016/7/6 17:00,10.98499966,4.756000042,7.639999866,2.630000114,3.289999962,1.644999981,28.622646903603563
2016/7/6 17:15,11.18599987,4.756000042,7.604000092,2.415999889,3.654999971,1.76699996,29.546309403693137
2016/7/6 17:30,11.18599987,4.554999828,7.568999767,2.451999903,3.594000101,1.674999952,26.91384873845425
2016/7/6 17:45,11.25300026,4.421000004,7.604000092,2.239000082,3.503000021,1.644999981,29.628374174301626
2016/7/6 18:00,10.71700001,4.287000179,7.320000172,2.096999884,3.319999933,1.644999981,30.00679545112988
2016/7/6 18:15,9.913000107,3.88499999,6.751999855,1.91900003,3.137000084,1.523000002,32.461788834236735
2016/7/6 18:30,8.907999992,3.88499999,6.005000114,1.598999977,2.954999924,1.491999984,30.411284388668935
2016/7/6 18:45,9.243000031,3.549999952,6.147999763,1.491999984,3.046000004,1.523000002,30.59554473099357
2016/7/6 19:00,9.175999641,3.549999952,6.005000114,1.56400001,3.107000113,1.613999963,29.68600082
2016/7/6 19:15,9.31000042,3.617000103,6.183000088,1.56400001,3.107000113,1.797000051,29.687072615768315
2016/7/6 19:30,9.51099968,3.617000103,6.111999989,1.56400001,3.349999905,1.674999952,30.293025106392065
2016/7/6 19:45,9.779000282,3.88499999,6.254000187,1.56400001,3.381000042,1.70599997,30.298678416402478
2016/7/6 20:00,9.645000458,4.152999878,6.254000187,1.457000017,3.411000013,1.735999942,29.658424627780228
2016/7/6 20:15,10.11400032,3.684000015,6.43200016,1.386000037,3.625,2.040999889,29.771566537448752
2016/7/6 20:30,9.845999718,3.750999928,6.324999809,1.77699995,3.594000101,1.797000051,29.65484528573713
2016/7/6 20:45,9.444000244,3.818000078,5.862999916,1.172999978,3.686000109,1.76699996,29.72145068288959
2016/7/6 21:00,8.505999565,2.880000114,5.436999798,0.745999992,3.532999992,1.827999949,30.4555501259436
2016/7/6 21:15,10.38199997,3.013999939,7.461999893,0.816999972,3.075999975,1.613999963,30.81502015848254
2016/7/6 21:30,10.58300018,3.214999914,7.249000072,1.457000017,2.954999924,1.644999981,30.34167594055899
2016/7/6 21:45,10.51599979,3.415999889,6.822999954,0.603999972,3.167999983,1.613999963,31.44950750787673
2016/7/6 22:00,10.51599979,3.348999977,7.106999874,1.279000044,3.259000063,1.644999981,30.395830989136336
2016/7/6 22:15,12.45800018,4.822999954,8.883999825,2.559000015,3.046000004,1.644999981,28.604884465601508
2016/7/6 22:30,12.72599983,4.21999979,9.843000412,2.381000042,3.381000042,1.644999981,29.08616164395999
2016/7/6 22:45,13.26200008,5.223999977,9.522999763,2.309999943,3.046000004,1.613999963,29.051975852126382
2016/7/6 23:00,13.39599991,4.68900013,10.23400021,2.381000042,3.259000063,1.674999952,29.26878355764818
2016/7/6 23:15,13.86499977,5.69299984,10.97999954,3.055999994,3.046000004,1.70599997,27.950394305598664
2016/7/6 23:30,12.79300022,4.889999866,9.701000214,2.948999882,2.894000053,1.644999981,28.442791161417475
2016/7/6 23:45,13.73099995,4.622000217,10.3760004,2.559000015,2.954999924,1.523000002,30.0513843895872
2016/7/7 0:00,12.59200001,5.157000065,9.204000473,2.309999943,2.772000074,1.613999963,28.998640318398866
2016/7/7 0:15,14.53499985,5.894000053,11.79800034,3.838000059,2.710999966,1.613999963,30.95650888812278
2016/7/7 0:30,12.85999966,5.022999763,10.09200001,2.984999895,2.497999907,1.462000012,29.838941433062427
2016/7/7 0:45,13.12800026,5.827000141,10.12699986,3.233999968,2.467000008,1.491999984,28.84199905
2016/7/7 1:00,14.19999981,6.229000092,11.19400024,3.447000027,2.559000015,1.552999973,30.022558911657228
2016/7/7 1:15,12.92700005,5.357999802,10.3760004,3.375999928,2.528000116,1.523000002,29.93543330948364
2016/7/7 1:30,12.39099979,5.090000153,9.026000023,3.019999981,2.528000116,1.613999963,28.55084273508386
2016/7/7 1:45,13.9989996,6.027999878,11.30000019,3.838000059,2.772000074,1.644999981,29.65432347511803
2016/7/7 2:00,12.59200001,6.229000092,10.9090004,3.696000099,2.528000116,1.523000002,30.542114940219573
2016/7/7 2:15,12.39099979,5.425000191,9.984999657,3.127000093,2.497999907,1.523000002,29.927962280842465
2016/7/7 2:30,14.2670002,6.296000004,11.40699959,3.730999947,2.559000015,1.583999991,30.557512494025
2016/7/7 2:45,14.19999981,6.429999828,11.08699989,3.411000013,2.832999945,1.674999952,28.940889475838336
2016/7/7 3:00,14.2670002,6.362999916,11.12199974,3.872999907,2.832999945,1.674999952,29.419319305423606
2016/7/7 3:15,12.6590004,5.69299984,10.12699986,3.197999954,2.710999966,1.70599997,27.84488896821082
2016/7/7 3:30,13.32900047,5.559000015,10.8739996,3.197999954,2.650000095,1.613999963,27.9279995
2016/7/7 3:45,13.9989996,6.362999916,11.15799999,3.552999973,2.588999987,1.76699996,28.35435007699045
2016/7/7 4:00,12.59200001,5.090000153,9.204000473,2.772000074,2.680000067,1.827999949,27.551661112243586
2016/7/7 4:15,13.39599991,6.027999878,9.913999557,2.806999922,2.710999966,1.76699996,26.66200066
2016/7/7 4:30,14.46800041,5.69299984,11.01599979,3.233999968,2.772000074,1.797000051,28.743858341659845
2016/7/7 4:45,14.19999981,6.362999916,11.30000019,3.233999968,3.167999983,1.797000051,28.861763477310706
2016/7/7 5:00,13.73099995,5.625999928,10.66100025,2.984999895,3.229000092,1.76699996,26.73200035
2016/7/7 5:15,15.60599995,6.631000042,12.04599953,3.625,3.229000092,1.980000019,30.24984215681529
2016/7/7 5:30,15.00399971,5.894000053,11.90400028,3.019999981,3.349999905,1.76699996,30.107399624304122
2016/7/7 5:45,16.27599907,6.56400013,12.72200012,3.696000099,3.137000084,1.613999963,35.32333533843875
2016/7/7 6:00,15.13700008,5.760000229,11.22900009,2.948999882,3.319999933,1.644999981,30.070745565276248
2016/7/7 6:15,15.06999969,6.229000092,12.01099968,3.375999928,3.289999962,1.644999981,30.77971073776042
2016/7/7 6:30,15.06999969,6.09499979,11.19400024,3.339999914,3.349999905,1.674999952,29.721823406255016
2016/7/7 6:45,14.06599998,5.223999977,10.6960001,3.163000107,3.289999962,1.735999942,28.45204104582996
2016/7/7 7:00,14.2670002,5.960999966,10.80300045,3.197999954,3.381000042,1.797000051,28.69550197689239
2016/7/7 7:15,13.9989996,6.362999916,10.8380003,3.305000067,3.411000013,1.797000051,28.73898772325788
2016/7/7 7:30,13.4630003,6.09499979,10.19900036,2.948999882,3.259000063,1.674999952,26.5909996
2016/7/7 7:45,12.85999966,5.223999977,9.23900032,2.736000061,3.381000042,1.76699996,28.46392870508185
2016/7/7 8:00,12.52499962,5.090000153,9.31000042,3.055999994,3.075999975,1.797000051,28.367194707712994
2016/7/7 8:15,12.59200001,5.827000141,9.559000015,3.269000053,3.259000063,1.85800004,28.686752974730606
2016/7/7 8:30,12.45800018,6.09499979,9.772000313,3.625,3.229000092,1.827999949,28.784771788010175
2016/7/7 8:45,12.6590004,4.889999866,8.812999725,2.630000114,3.107000113,1.85800004,28.435860874753654
2016/7/7 9:00,12.32400036,5.559000015,8.670999527,2.842999935,3.015000105,1.674999952,28.50982722784931
2016/7/7 9:15,12.18999958,4.68900013,9.06099987,2.630000114,3.441999912,1.888000011,28.42145946061402
2016/7/7 9:30,13.06099987,5.090000153,9.487999916,2.772000074,3.197999954,1.70599997,28.4709300402037
2016/7/7 9:45,12.72599983,5.022999763,9.593999863,2.772000074,3.381000042,1.797000051,28.490417562531434
2016/7/7 10:00,13.26200008,6.09499979,9.807999611,2.842999935,3.441999912,1.76699996,28.465115553755627
2016/7/7 10:15,14.53499985,6.09499979,10.23400021,3.411000013,3.71600008,1.797000051,28.92632559904577
2016/7/7 10:30,12.99400043,4.822999954,8.493000031,2.415999889,4.172999859,1.76699996,29.54254732536369
2016/7/7 10:45,12.79300022,5.223999977,8.208999634,2.061000109,4.020999908,1.76699996,29.658165748438897
2016/7/7 11:00,12.32400036,4.956999779,8.244000435,2.559000015,3.99000001,1.735999942,28.503581891351608
2016/7/7 11:15,11.5880003,4.822999954,8.208999634,2.273999929,3.838000059,1.70599997,29.280074632763036
2016/7/7 11:30,10.98499966,4.68900013,7.214000225,1.598999977,3.686000109,1.735999942,29.319346790316125
2016/7/7 11:45,10.51599979,3.750999928,6.751999855,1.350000024,3.259000063,1.644999981,30.331101016386647
2016/7/7 12:00,9.645000458,3.617000103,6.787000179,1.598999977,3.046000004,1.523000002,30.51030401870292
2016/7/7 12:15,10.91800022,4.68900013,7.355999947,1.84800005,2.924000025,1.552999973,29.758625725836506
2016/7/7 12:30,10.71700001,4.487999916,7.249000072,1.812000036,3.015000105,1.583999991,29.527882168077973
2016/7/7 12:45,9.779000282,4.287000179,6.787000179,1.77699995,2.740999937,1.552999973,29.966552043061057
2016/7/7 13:00,10.51599979,4.554999828,7.390999794,2.131999969,2.802000046,1.552999973,29.68084296961913
2016/7/7 13:15,10.38199997,4.487999916,6.965000153,2.025000095,2.802000046,1.523000002,30.201705030256452
2016/7/7 13:30,10.51599979,4.622000217,7.177999973,2.096999884,2.740999937,1.613999963,29.68233282753231
2016/7/7 13:45,10.64999962,4.019000053,7.249000072,1.99000001,2.618999958,1.523000002,30.199823215453833
2016/7/7 14:00,9.376999855,3.818000078,6.573999882,1.56400001,2.650000095,1.552999973,30.158122162657342
2016/7/7 14:15,9.845999718,3.750999928,7.532999992,2.167999983,3.046000004,1.674999952,29.99752005076245
2016/7/7 14:30,10.71700001,4.487999916,8.031000137,2.239000082,2.588999987,1.491999984,30.12954204372353
2016/7/7 14:45,9.109000206,4.287000179,6.751999855,1.421000004,2.559000015,1.613999963,30.03408270192787
2016/7/7 15:00,9.109000206,3.684000015,6.610000134,1.598999977,2.588999987,2.131999969,29.135029718144633
2016/7/7 15:15,9.845999718,3.88499999,6.894000053,1.421000004,2.618999958,1.523000002,30.269887502969958
2016/7/7 15:30,9.041999817,3.348999977,6.573999882,1.63499999,2.528000116,1.523000002,30.30410022321446
2016/7/7 15:45,9.243000031,3.415999889,6.681000233,1.457000017,2.618999958,1.491999984,30.32374927245324
2016/7/7 16:00,9.243000031,3.415999889,6.538000107,1.70599997,2.984999895,1.552999973,30.253700593403583
2016/7/7 16:15,9.51099968,4.019000053,6.928999901,2.167999983,2.832999945,1.613999963,30.101584631235365
2016/7/7 16:30,9.845999718,4.019000053,6.857999802,2.167999983,3.015000105,1.674999952,30.061145864682047
2016/7/7 16:45,10.18099976,4.085999966,7.106999874,2.239000082,3.107000113,1.674999952,30.139333332146503
2016/7/7 17:00,10.44900036,4.21999979,7.320000172,2.096999884,3.229000092,1.523000002,34.11800003
2016/7/7 17:15,10.91800022,4.085999966,7.532999992,2.096999884,3.411000013,1.76699996,29.39166545590038
2016/7/7 17:30,10.98499966,4.756000042,7.568999767,2.239000082,3.381000042,1.613999963,29.56684195637955
2016/7/7 17:45,11.31999969,4.354000092,7.639999866,2.203000069,3.563999891,1.644999981,29.98468718628201
2016/7/7 18:00,11.05200005,4.287000179,7.604000092,1.99000001,3.471999884,1.674999952,29.916836845556837
2016/7/7 18:15,10.58300018,4.085999966,7.214000225,2.025000095,3.411000013,1.70599997,29.990865287304185
2016/7/7 18:30,10.11400032,3.951999903,6.857999802,1.953999996,3.137000084,1.552999973,30.273735914330484
2016/7/7 18:45,10.11400032,4.085999966,6.894000053,1.99000001,3.229000092,1.613999963,30.159272571129836
2016/7/7 19:00,10.11400032,4.085999966,6.857999802,1.953999996,3.259000063,1.644999981,30.170504289961404
2016/7/7 19:15,10.24800014,4.085999966,6.894000053,1.953999996,3.319999933,1.644999981,30.11580850544877
2016/7/7 19:30,10.04699993,3.88499999,6.751999855,1.741000056,3.349999905,1.674999952,30.177788335753366
2016/7/7 19:45,10.44900036,4.019000053,6.894000053,2.061000109,3.503000021,1.644999981,30.063108741035908
2016/7/7 20:00,11.11900043,4.152999878,7.427000046,1.91900003,3.746000051,1.674999952,29.93530240391882
2016/7/7 20:15,11.05200005,3.88499999,7.249000072,1.77699995,3.746000051,1.613999963,30.081458816542924
2016/7/7 20:30,11.05200005,3.88499999,7.390999794,1.883000016,3.71600008,1.552999973,30.23239850696354
2016/7/7 20:45,10.91800022,3.750999928,7.355999947,1.741000056,3.625,1.613999963,30.1180394852347
2016/7/7 21:00,10.44900036,3.282000065,7.106999874,1.279000044,3.594000101,1.70599997,30.480530536510578
2016/7/7 21:15,10.44900036,4.019000053,6.928999901,1.63499999,3.563999891,1.644999981,30.241126455623608
2016/7/7 21:30,9.979999542,3.348999977,6.787000179,1.350000024,3.381000042,1.644999981,30.44719844137821
2016/7/7 21:45,9.779000282,3.750999928,6.538000107,1.421000004,3.229000092,1.674999952,30.29975776842698
2016/7/7 22:00,10.51599979,3.88499999,7.355999947,1.598999977,3.167999983,1.674999952,30.1485589635736
2016/7/7 22:15,10.51599979,3.617000103,7.284999847,2.025000095,3.167999983,1.70599997,30.03028584339058
2016/7/7 22:30,11.31999969,4.085999966,7.888999939,1.669999957,3.349999905,1.70599997,30.18737561291847
2016/7/7 22:45,11.18599987,4.68900013,8.065999985,1.70599997,3.441999912,1.76699996,29.54776869892591
2016/7/7 23:00,11.85499954,5.357999802,8.883999825,3.197999954,3.075999975,1.552999973,29.44950907932955
2016/7/7 23:15,12.6590004,5.357999802,9.31000042,2.664999962,2.984999895,1.523000002,30.11514770105912
2016/7/7 23:30,11.52099991,5.157000065,8.279999733,2.451999903,3.075999975,1.583999991,29.28522209975334
2016/7/7 23:45,12.59200001,5.090000153,9.416999817,3.055999994,2.772000074,1.583999991,28.99702245231372
2016/7/8 0:00,11.85499954,4.756000042,8.883999825,2.984999895,2.954999924,1.523000002,29.955804267085217
2016/7/8 0:15,10.85099983,4.622000217,8.38599968,2.486999989,2.984999895,1.523000002,30.17546872820342
2016/7/8 0:30,11.65499973,4.554999828,8.493000031,2.451999903,2.559000015,1.552999973,29.36699175290491
2016/7/8 0:45,11.31999969,4.554999828,8.741999626,2.594000101,2.588999987,1.309999943,31.750268983203288
2016/7/8 1:00,10.38199997,4.756000042,7.994999886,2.630000114,2.497999907,1.340000033,31.690359294891106
2016/7/8 1:15,10.18099976,4.287000179,7.782000065,2.772000074,2.467000008,1.340000033,31.737411255853985
2016/7/8 1:30,11.31999969,5.223999977,9.168000221,3.092000008,2.375999928,1.340000033,31.425476380076102
2016/7/8 1:45,11.85499954,4.622000217,9.131999969,2.984999895,2.345000029,1.340000033,31.53691287595179
2016/7/8 2:00,11.18599987,5.223999977,8.706000328,2.594000101,2.375999928,1.401000023,29.936663717007683
2016/7/8 2:15,10.04699993,5.022999763,7.782000065,2.309999943,2.345000029,1.401000023,30.009771931115797
2016/7/8 2:30,11.72099972,5.290999889,9.06099987,3.233999968,2.375999928,1.401000023,29.669287870323842
2016/7/8 2:45,9.845999718,4.554999828,7.143000126,2.772000074,2.405999899,1.401000023,29.0529995
2016/7/8 3:00,10.24800014,4.554999828,7.747000217,2.736000061,2.437000036,1.491999984,29.59767310228762
2016/7/8 3:15,11.65499973,5.425000191,8.56400013,2.948999882,2.467000008,1.523000002,29.683013258492934
2016/7/8 3:30,11.18599987,4.554999828,8.635000229,2.914000034,2.559000015,1.552999973,29.076168406600246
2016/7/8 3:45,9.578000069,4.756000042,7.390999794,2.736000061,2.375999928,1.491999984,29.64010830249133
2016/7/8 4:00,10.91800022,4.085999966,8.244000435,2.594000101,2.315000057,1.462000012,29.914286706308243
2016/7/8 4:15,11.52099991,5.223999977,8.883999825,2.772000074,2.772000074,1.523000002,30.010454004524266
2016/7/8 4:30,11.5880003,5.223999977,8.31499958,2.309999943,2.528000116,1.76699996,29.255502354745214
2016/7/8 4:45,10.31499958,4.019000053,7.355999947,2.239000082,2.680000067,1.523000002,30.196686899943085
2016/7/8 5:00,12.6590004,5.223999977,9.416999817,2.700999975,2.894000053,1.613999963,28.897281669142227
2016/7/8 5:15,11.98900032,3.951999903,8.635000229,2.096999884,3.594000101,1.674999952,30.043227675019097
2016/7/8 5:30,11.18599987,4.421000004,7.81799984,1.84800005,3.654999971,1.613999963,28.77199936
2016/7/8 5:45,13.06099987,4.354000092,9.026000023,2.273999929,3.441999912,1.644999981,28.91300011
2016/7/8 6:00,13.59700012,5.425000191,9.737000465,2.984999895,3.471999884,1.644999981,28.753535751917706
2016/7/8 6:15,12.45800018,5.157000065,8.706000328,2.239000082,3.381000042,1.644999981,29.71024872598803
2016/7/8 6:30,11.98900032,4.822999954,8.244000435,2.559000015,3.319999933,1.644999981,28.560253450403316
2016/7/8 6:45,13.12800026,5.827000141,9.274999619,2.772000074,3.259000063,1.735999942,28.533288425768433
2016/7/8 7:00,10.38199997,4.085999966,7.214000225,2.025000095,3.289999962,1.644999981,30.04374806661089
2016/7/8 7:15,9.645000458,4.085999966,6.395999908,1.63499999,3.229000092,1.735999942,29.62079505449274
2016/7/8 7:30,10.64999962,4.68900013,6.71600008,2.167999983,3.259000063,1.735999942,29.55086481429425
2016/7/8 7:45,9.913000107,3.951999903,6.681000233,1.63499999,3.319999933,1.76699996,29.591371732797214
2016/7/8 8:00,9.979999542,4.554999828,6.71600008,2.273999929,3.289999962,1.797000051,29.125995967906896
2016/7/8 8:15,9.711999893,4.68900013,6.751999855,1.883000016,3.137000084,1.76699996,29.531722475098064
2016/7/8 8:30,9.51099968,4.622000217,7.249000072,2.025000095,3.137000084,1.70599997,29.787494032293736
2016/7/8 8:45,9.645000458,4.354000092,6.965000153,2.239000082,3.015000105,1.644999981,30.67099953
2016/7/8 9:00,9.645000458,4.019000053,6.894000053,2.594000101,3.015000105,1.644999981,24.315918045986862
2016/7/8 9:15,10.64999962,4.019000053,7.427000046,2.239000082,2.984999895,1.644999981,30.148694790262923
2016/7/8 9:30,10.98499966,4.622000217,7.390999794,2.664999962,3.137000084,1.70599997,27.226534916047463
2016/7/8 9:45,10.38199997,4.152999878,7.249000072,1.77699995,3.319999933,1.76699996,29.250080507527628
2016/7/8 10:00,11.72099972,4.756000042,7.994999886,2.167999983,3.381000042,1.735999942,29.579932096561812
2016/7/8 10:15,11.92199993,4.085999966,7.888999939,2.025000095,3.563999891,1.674999952,29.97170053236847
2016/7/8 10:30,13.19499969,5.223999977,8.56400013,2.772000074,4.203000069,1.735999942,28.51982097813763
2016/7/8 10:45,12.18999958,5.090000153,8.421999931,1.91900003,3.99000001,1.674999952,29.732794944743247
2016/7/8 11:00,11.78800011,4.21999979,8.031000137,2.131999969,3.928999901,1.827999949,29.673675582096585
2016/7/8 11:15,12.25699997,4.152999878,8.102000237,2.273999929,3.838000059,1.70599997,29.557379664679626
2016/7/8 11:30,10.7840004,4.354000092,7.532999992,1.883000016,3.563999891,1.644999981,30.082321061185553
2016/7/8 11:45,10.85099983,4.354000092,6.928999901,1.56400001,3.259000063,1.674999952,30.202815151371272
2016/7/8 12:00,10.44900036,4.085999966,7.355999947,1.812000036,3.167999983,1.674999952,30.000954037127876
2016/7/8 12:15,10.31499958,3.617000103,6.502999783,1.84800005,3.075999975,1.613999963,30.145196083684063
2016/7/8 12:30,9.444000244,3.951999903,6.822999954,1.491999984,3.075999975,1.85800004,29.22183393809998
2016/7/8 12:45,10.31499958,3.415999889,6.751999855,1.315000057,3.107000113,1.674999952,30.578362726346953
2016/7/8 13:00,10.18099976,3.415999889,6.857999802,1.741000056,3.046000004,1.613999963,30.285280117394404
2016/7/8 13:15,9.444000244,4.354000092,6.467000008,1.598999977,2.984999895,1.583999991,30.137368305416768
2016/7/8 13:30,12.32400036,5.290999889,6.894000053,2.167999983,5.573999882,2.163000107,30.585535667155213
2016/7/8 13:45,13.06099987,5.157000065,7.249000072,1.953999996,5.544000149,2.437000036,32.28900146
2016/7/8 14:00,12.92700005,5.022999763,6.751999855,1.527999997,5.696000099,2.223999977,30.573148280963338
2016/7/8 14:15,10.64999962,4.487999916,7.284999847,2.131999969,3.137000084,1.735999942,29.283765890333342
2016/7/8 14:30,9.711999893,3.818000078,7.0,1.812000036,3.107000113,1.674999952,30.114362688985565
2016/7/8 14:45,9.645000458,3.88499999,6.751999855,1.598999977,3.319999933,1.674999952,30.221256216835645
2016/7/8 15:00,10.18099976,4.21999979,6.573999882,1.741000056,3.015000105,1.644999981,30.18670190777367
2016/7/8 15:15,10.31499958,3.818000078,6.787000179,1.63499999,3.229000092,1.70599997,30.23743596954739
2016/7/8 15:30,9.51099968,3.750999928,6.395999908,1.56400001,3.046000004,1.76699996,29.665729066867872
2016/7/8 15:45,9.845999718,3.617000103,6.502999783,1.243999958,3.259000063,2.040999889,29.773528249310097
2016/7/8 16:00,9.444000244,3.549999952,6.610000134,1.279000044,2.924000025,1.613999963,30.44743575677361
2016/7/8 16:15,9.913000107,3.617000103,6.502999783,1.457000017,3.075999975,1.674999952,30.317855024418005
2016/7/8 16:30,9.779000282,3.951999903,6.787000179,1.883000016,3.046000004,1.523000002,30.563205754940654
2016/7/8 16:45,10.11400032,4.019000053,7.0,1.883000016,3.411000013,1.735999942,29.259333389829834
2016/7/8 17:00,10.31499958,4.085999966,7.177999973,2.096999884,3.229000092,1.644999981,30.066551208264567
2016/7/8 17:15,10.71700001,3.951999903,7.106999874,1.91900003,3.503000021,1.674999952,30.032444234513363
2016/7/8 17:30,11.05200005,4.019000053,7.427000046,1.99000001,3.594000101,1.674999952,30.00099377813574
2016/7/8 17:45,10.91800022,3.951999903,7.355999947,1.598999977,3.532999992,1.70599997,30.162675548156212
2016/7/8 18:00,10.71700001,3.88499999,7.106999874,1.741000056,3.563999891,1.674999952,30.138470676461047
2016/7/8 18:15,10.38199997,3.684000015,6.324999809,1.56400001,3.563999891,1.70599997,30.316229597181696
2016/7/8 18:30,10.18099976,3.684000015,6.610000134,1.421000004,3.532999992,1.674999952,30.302454811818812
2016/7/8 18:45,10.11400032,3.617000103,6.610000134,1.457000017,3.532999992,1.735999942,29.744182893224714
2016/7/8 19:00,10.18099976,3.617000103,6.467000008,1.421000004,3.594000101,1.674999952,30.34532248618633
2016/7/8 19:15,10.04699993,3.818000078,6.644999981,1.741000056,3.441999912,1.613999963,30.201945296836193
2016/7/8 19:30,10.18099976,3.684000015,6.894000053,1.56400001,3.471999884,1.613999963,30.2578978762014
2016/7/8 19:45,11.5880003,4.487999916,7.143000126,1.63499999,4.447000027,1.827999949,29.38024600987946
2016/7/8 20:00,11.85499954,4.085999966,7.639999866,1.56400001,4.263999939,1.85800004,29.48847976599187
2016/7/8 20:15,12.39099979,4.152999878,7.960000038,1.669999957,4.386000156,1.888000011,29.597250348683716
2016/7/8 20:30,12.45800018,4.085999966,8.137999535,1.812000036,4.568999767,1.91900003,29.663027507793316
2016/7/8 20:45,12.59200001,4.152999878,8.137999535,1.63499999,4.355999947,1.888000011,29.650752104592048
2016/7/8 21:00,12.72599983,4.354000092,8.244000435,2.131999969,4.295000076,1.76699996,29.679109554484157
2016/7/8 21:15,13.93200016,6.362999916,10.05599976,4.014999866,3.838000059,1.613999963,30.2996865459552
2016/7/8 21:30,13.73099995,6.899000168,10.19900036,3.625,4.051000118,1.613999963,29.928516051288074
2016/7/8 21:45,14.40100002,5.492000103,9.984999657,2.559000015,3.928999901,1.827999949,28.694901860640098
2016/7/8 22:00,14.06599998,5.357999802,9.666000366,2.239000082,3.77699995,1.70599997,29.967784048642716
2016/7/8 22:15,15.13700008,5.894000053,11.01599979,3.233999968,3.71600008,1.644999981,31.23399925
2016/7/8 22:30,16.20899963,6.497000217,12.26000023,3.980000019,3.563999891,1.76699996,31.71630842952611
2016/7/8 22:45,16.20899963,7.099999905,12.57900047,4.014999866,3.77699995,1.70599997,31.30400085
2016/7/8 23:00,18.15200043,8.840999603,12.40200043,4.19299984,5.81799984,3.046000004,32.29740013743475
2016/7/8 23:15,14.53499985,6.56400013,11.08699989,3.552999973,3.532999992,1.76699996,28.993659683209554
2016/7/8 23:30,14.86999989,5.760000229,11.90400028,3.872999907,3.411000013,1.76699996,30.283310153917547
2016/7/8 23:45,14.46800041,5.69299984,11.08699989,3.197999954,3.563999891,1.70599997,28.68983356688959
2016/7/9 0:00,14.60200024,5.960999966,11.30000019,3.339999914,3.259000063,1.76699996,28.983485589415587
2016/7/9 0:15,13.59700012,6.09499979,10.5539999,3.482000113,3.167999983,1.613999963,29.236397833074733
2016/7/9 0:30,15.06999969,6.429999828,11.44200039,3.90899992,3.137000084,1.70599997,30.30978325400015
2016/7/9 0:45,14.19999981,6.296000004,10.8380003,3.625,3.107000113,1.735999942,28.919703687274854
2016/7/9 1:00,14.53499985,6.162000179,11.69099998,3.90899992,3.046000004,1.644999981,30.804528360016675
2016/7/9 1:15,14.53499985,6.56400013,11.69099998,3.90899992,3.046000004,1.644999981,30.8151048337216
2016/7/9 1:30,14.06599998,6.56400013,11.40699959,4.300000191,2.894000053,1.613999963,30.795617989904144
2016/7/9 1:45,14.40100002,5.69299984,11.37100029,3.872999907,2.772000074,1.76699996,29.87142181557592
2016/7/9 2:00,14.40100002,6.296000004,11.72700024,3.944000006,2.802000046,1.613999963,30.702459113211965
2016/7/9 2:15,14.46800041,6.296000004,11.01599979,3.944000006,2.710999966,1.523000002,31.25707866291845
2016/7/9 2:30,11.18599987,4.889999866,8.456999779,2.806999922,2.740999937,1.644999981,27.8204333223473
2016/7/9 2:45,12.52499962,5.960999966,9.87899971,3.197999954,2.924000025,1.735999942,28.741084542171752
2016/7/9 3:00,13.9989996,6.497000217,10.94499969,3.197999954,2.710999966,1.674999952,28.072922872674646
2016/7/9 3:15,13.39599991,5.894000053,10.4829998,3.305000067,2.710999966,1.674999952,27.7805907588925
2016/7/9 3:30,13.73099995,5.894000053,10.51799965,3.163000107,2.954999924,1.613999963,28.9653788383705
2016/7/9 3:45,13.19499969,6.09499979,10.3409996,3.802000046,2.680000067,1.674999952,28.237815644392853
2016/7/9 4:00,14.06599998,6.296000004,11.30000019,3.482000113,2.832999945,2.00999999,28.952560796324647
2016/7/9 4:15,14.06599998,6.429999828,11.22900009,3.482000113,2.954999924,1.827999949,28.954923276807982
2016/7/9 4:30,14.19999981,6.497000217,11.15799999,3.944000006,2.924000025,1.827999949,29.37656069092847
2016/7/9 4:45,12.12300014,5.290999889,9.131999969,2.523000002,3.319999933,1.735999942,28.48741136899472
2016/7/9 5:00,14.2670002,5.425000191,10.8380003,3.019999981,3.319999933,1.76699996,28.050550005170706
2016/7/9 5:15,15.47200012,5.69299984,11.51299953,3.482000113,3.441999912,1.583999991,30.841631342588666
2016/7/9 5:30,15.53899956,5.894000053,11.93999958,3.838000059,3.259000063,1.552999973,30.86431473935789
2016/7/9 5:45,14.80300045,5.760000229,11.76200008,3.375999928,3.381000042,1.70599997,30.235427556115724
2016/7/9 6:00,14.60200024,5.69299984,10.8739996,3.055999994,3.289999962,1.735999942,28.410027809246166
2016/7/9 6:15,13.19499969,4.68900013,9.522999763,2.167999983,3.411000013,1.735999942,29.675055628219535
2016/7/9 6:30,11.38700008,3.617000103,8.031000137,1.491999984,3.197999954,1.735999942,29.599369125325232
2016/7/9 6:45,11.18599987,3.282000065,7.853000164,1.136999965,2.618999958,1.248999953,33.233589896742444
2016/7/9 7:00,9.109000206,2.611999989,6.395999908,1.065999985,2.740999937,1.523000002,30.403834690659068
2016/7/9 7:15,10.85099983,3.415999889,7.249000072,1.350000024,3.046000004,1.644999981,30.444791410764452
2016/7/9 7:30,9.645000458,2.678999901,6.43200016,0.425999999,2.924000025,1.523000002,28.91300011
2016/7/9 7:45,11.05200005,3.549999952,7.461999893,1.031000018,2.954999924,1.674999952,30.399208482107447
2016/7/9 8:00,11.45400047,3.415999889,8.279999733,1.101999998,3.137000084,1.76699996,29.89448404717067
2016/7/9 8:15,9.913000107,3.951999903,7.071000099,1.741000056,3.075999975,1.735999942,29.0529995
2016/7/9 8:30,10.44900036,4.354000092,7.071000099,2.486999989,3.046000004,1.827999949,24.152869185959936
2016/7/9 8:45,9.845999718,4.287000179,6.254000187,1.669999957,3.075999975,1.827999949,29.593206594288155
2016/7/9 9:00,9.779000282,3.549999952,6.005000114,1.70599997,3.289999962,1.644999981,30.227885461800085
2016/7/9 9:15,9.645000458,3.88499999,5.934000015,1.457000017,3.107000113,1.76699996,29.6995597780736
2016/7/9 9:30,10.11400032,4.21999979,6.289999962,1.99000001,3.229000092,1.76699996,29.61847299955039
2016/7/9 9:45,9.979999542,3.951999903,6.395999908,1.207999945,3.563999891,1.85800004,29.66225459226752
2016/7/9 10:00,10.85099983,4.21999979,6.573999882,1.243999958,3.471999884,1.797000051,29.659829150007123
2016/7/9 10:15,10.64999962,3.951999903,6.681000233,1.669999957,3.686000109,1.827999949,29.604729865152972
2016/7/9 10:30,11.18599987,4.152999878,7.249000072,1.350000024,4.234000206,1.980000019,30.21009655992568
2016/7/9 10:45,10.58300018,4.085999966,6.787000179,1.172999978,3.898999929,1.76699996,29.596330236568818
2016/7/9 11:00,10.51599979,3.48300004,6.610000134,1.350000024,3.868000031,1.735999942,29.89700274273923
2016/7/9 11:15,10.51599979,4.019000053,7.249000072,1.421000004,3.71600008,1.644999981,30.168434353385415
2016/7/9 11:30,10.04699993,4.019000053,6.183000088,1.136999965,3.381000042,1.70599997,30.291531193105357
2016/7/9 11:45,9.645000458,3.282000065,5.791999817,0.958999991,3.289999962,1.76699996,30.211677747084185
2016/7/9 12:00,9.779000282,3.617000103,5.899000168,0.852999985,3.229000092,1.70599997,30.430895224592522
2016/7/9 12:15,9.645000458,3.214999914,6.395999908,1.279000044,3.259000063,1.674999952,30.715051973532084
2016/7/9 12:30,9.376999855,3.750999928,6.502999783,1.421000004,3.046000004,1.644999981,30.250428621820966
2016/7/9 12:45,10.11400032,2.947000027,6.43200016,1.101999998,3.167999983,1.644999981,30.693818512134953
2016/7/9 13:00,10.24800014,3.750999928,6.610000134,1.243999958,3.046000004,1.552999973,30.28477141306298
2016/7/9 13:15,10.18099976,3.415999889,6.573999882,1.207999945,3.015000105,1.583999991,30.488677506673213
2016/7/9 13:30,10.58300018,4.21999979,6.822999954,1.457000017,3.259000063,1.613999963,30.18791144119054
2016/7/9 13:45,10.38199997,3.148000002,7.214000225,1.56400001,3.107000113,1.552999973,30.48339958960107
2016/7/9 14:00,9.645000458,4.019000053,6.822999954,1.56400001,3.046000004,1.552999973,30.219299957896204
2016/7/9 14:15,10.31499958,4.019000053,6.787000179,1.243999958,3.015000105,1.583999991,30.25272968133221
2016/7/9 14:30,10.24800014,3.88499999,6.857999802,1.491999984,3.015000105,1.674999952,30.209692562773824
2016/7/9 14:45,9.51099968,3.08100009,6.538000107,1.101999998,2.954999924,1.552999973,30.58736650602843
2016/7/9 15:00,9.578000069,3.818000078,6.361000061,1.491999984,3.075999975,1.613999963,30.24131828104255
2016/7/9 15:15,9.913000107,3.148000002,6.43200016,1.065999985,3.289999962,1.552999973,30.623900638122837
2016/7/9 15:30,12.32400036,3.617000103,6.502999783,1.172999978,5.482999802,1.949000001,30.30296637534409
2016/7/9 15:45,11.98900032,3.88499999,6.395999908,1.421000004,5.513000011,2.131999969,30.373422390733857
2016/7/9 16:00,11.98900032,4.152999878,6.43200016,1.527999997,5.604000092,2.193000078,30.4637273907012
2016/7/9 16:15,12.12300014,4.287000179,6.467000008,1.421000004,5.664999962,2.131999969,30.447528888035798
2016/7/9 16:30,12.72599983,4.487999916,6.857999802,1.386000037,6.243999958,2.467000008,31.744018094818525
2016/7/9 16:45,12.79300022,4.554999828,6.681000233,1.243999958,6.0,2.375999928,31.80021257237104
2016/7/9 17:00,10.7840004,3.818000078,6.644999981,1.207999945,3.868000031,1.888000011,29.67401720667934
2016/7/9 17:15,10.7840004,3.818000078,6.71600008,1.207999945,3.960000038,1.85800004,29.68504832980341
2016/7/9 17:30,10.51599979,3.549999952,6.644999981,1.421000004,3.868000031,1.735999942,29.880194720654583
2016/7/9 17:45,10.64999962,3.48300004,6.822999954,1.172999978,3.746000051,1.70599997,30.377808138248216
2016/7/9 18:00,10.11400032,3.415999889,6.254000187,1.207999945,3.686000109,2.040999889,30.11741916415799
2016/7/9 18:15,10.11400032,3.617000103,6.361000061,1.386000037,3.686000109,1.797000051,29.7255713994063
2016/7/9 18:30,9.779000282,3.617000103,6.218999863,1.315000057,3.471999884,1.70599997,30.374703149782366
2016/7/9 18:45,9.31000042,3.282000065,5.96999979,1.279000044,3.411000013,1.70599997,30.70582902031167
2016/7/9 19:00,9.444000244,3.148000002,5.96999979,1.101999998,3.411000013,1.644999981,30.673400957842947
2016/7/9 19:15,9.779000282,3.282000065,6.289999962,1.457000017,3.471999884,1.674999952,30.49455548274304
2016/7/9 19:30,10.31499958,3.348999977,6.610000134,1.63499999,3.746000051,1.674999952,30.388528713002355
2016/7/9 19:45,10.91800022,3.549999952,7.035999775,1.207999945,3.838000059,1.644999981,30.386158116411217
2016/7/9 20:00,11.31999969,3.48300004,7.427000046,1.812000036,4.051000118,1.674999952,30.255234122740315
2016/7/9 20:15,12.18999958,3.750999928,7.994999886,1.527999997,4.234000206,1.491999984,32.707470770890836
2016/7/9 20:30,12.12300014,3.684000015,8.031000137,1.56400001,4.111999989,1.613999963,30.204881526498344
2016/7/9 20:45,12.12300014,3.549999952,8.137999535,1.63499999,3.99000001,1.552999973,30.282236798364785
2016/7/9 21:00,13.52999973,4.756000042,9.522999763,2.700999975,3.898999929,1.462000012,33.107217650537635
2016/7/9 21:15,13.32900047,5.760000229,9.345999718,3.233999968,4.111999989,1.735999942,28.699463431700647
2016/7/9 21:30,13.73099995,6.09499979,9.843000412,3.980000019,3.71600008,1.552999973,30.205597832289637
2016/7/9 21:45,13.52999973,6.09499979,9.416999817,3.696000099,3.654999971,1.552999973,29.69821786312059
2016/7/9 22:00,12.45800018,5.827000141,8.918999672,3.552999973,3.503000021,1.583999991,29.279289296238794
2016/7/9 22:15,12.99400043,4.152999878,8.847999573,2.025000095,3.319999933,1.552999973,30.027645351096766
2016/7/9 22:30,12.18999958,5.090000153,9.026000023,2.486999989,3.411000013,1.70599997,28.486733579558187
2016/7/9 22:45,12.92700005,4.756000042,9.416999817,2.559000015,3.563999891,1.613999963,28.874668193651104
2016/7/9 23:00,13.32900047,5.357999802,9.593999863,2.451999903,3.289999962,1.552999973,29.328230139140963
2016/7/9 23:15,13.93200016,5.69299984,10.7670002,3.127000093,3.259000063,1.552999973,29.96800041
2016/7/9 23:30,16.00799942,5.760000229,10.5539999,3.233999968,5.482999802,1.980000019,30.5793735361873
2016/7/9 23:45,15.13700008,5.69299984,10.16300011,3.339999914,5.452000141,2.375999928,29.44793150052008
2016/7/10 0:00,15.27099991,6.229000092,9.737000465,2.736000061,5.482999802,2.00999999,29.421017377691918
2016/7/10 0:15,14.80300045,6.429999828,10.12699986,2.984999895,5.361000061,1.980000019,29.047310191016063
2016/7/10 0:30,15.53899956,6.229000092,10.12699986,2.842999935,5.361000061,2.193000078,29.47500038
2016/7/10 0:45,13.9989996,5.425000191,8.918999672,2.594000101,5.238999844,1.980000019,28.88311111511632
2016/7/10 1:00,15.53899956,6.09499979,10.51799965,3.163000107,5.208000183,2.040999889,29.85360998134614
2016/7/10 1:15,15.47200012,6.429999828,10.3409996,3.163000107,5.117000103,1.980000019,29.734837615388404
2016/7/10 1:30,15.06999969,6.027999878,9.593999863,2.700999975,5.086999893,2.071000099,29.486818816611358
2016/7/10 1:45,13.59700012,5.290999889,8.989999771,2.486999989,5.056000233,1.91900003,28.63060338579709
2016/7/10 2:00,15.13700008,6.362999916,9.630000114,3.233999968,4.934000015,1.91900003,29.638500470238604
2016/7/10 2:15,14.46800041,6.296000004,9.31000042,2.736000061,4.934000015,1.980000019,28.97830111813473
2016/7/10 2:30,12.92700005,5.223999977,7.888999939,2.131999969,4.903999805,1.91900003,30.127147714709686
2016/7/10 2:45,12.99400043,5.425000191,7.923999786,2.167999983,4.903999805,1.980000019,30.25938790440797
2016/7/10 3:00,14.40100002,5.894000053,8.493000031,2.984999895,4.934000015,1.980000019,28.682190894541773
2016/7/10 3:15,14.06599998,5.760000229,9.06099987,2.772000074,5.026000023,1.980000019,28.846672443553487
2016/7/10 3:30,14.33399963,5.960999966,8.954999924,3.375999928,4.965000153,1.980000019,28.82567652570471
2016/7/10 3:45,14.33399963,5.760000229,9.345999718,3.339999914,4.994999886,1.91900003,28.763922093269105
2016/7/10 4:00,14.13300037,5.157000065,8.598999977,2.451999903,4.965000153,1.949000001,30.121831827572134
2016/7/10 4:15,14.2670002,6.027999878,8.989999771,2.842999935,5.026000023,2.00999999,28.794665416681664
2016/7/10 4:30,13.59700012,5.492000103,8.56400013,2.415999889,5.086999893,2.00999999,30.381261884412933
2016/7/10 4:45,14.33399963,4.756000042,8.598999977,2.025000095,5.208000183,2.040999889,30.188017476938978
2016/7/10 5:00,13.9989996,4.354000092,8.706000328,2.131999969,5.269000053,2.040999889,30.243366215041675
2016/7/10 5:15,15.00399971,5.090000153,9.168000221,2.381000042,5.544000149,2.040999889,29.82968571773245
2016/7/10 5:30,13.32900047,5.425000191,10.05599976,2.914000034,3.503000021,1.644999981,27.955357178383775
2016/7/10 5:45,12.45800018,4.287000179,8.244000435,1.669999957,3.349999905,1.644999981,30.131735637896572
2016/7/10 6:00,14.93700027,5.625999928,9.026000023,1.91900003,5.81799984,2.101999998,30.55710557301333
2016/7/10 6:15,15.00399971,5.290999889,9.097000122,2.451999903,5.696000099,2.163000107,29.871290724120172
2016/7/10 6:30,13.66399956,4.756000042,8.065999985,2.061000109,5.696000099,2.193000078,30.612293024048462
2016/7/10 6:45,13.86499977,5.022999763,8.31499958,2.096999884,5.635000229,2.253999949,30.60651563248785
2016/7/10 7:00,13.32900047,4.554999828,7.710999966,1.457000017,5.573999882,2.193000078,30.570222629746766
2016/7/10 7:15,12.45800018,4.68900013,7.106999874,1.91900003,5.664999962,2.223999977,30.548552925523676
2016/7/10 7:30,12.6590004,4.822999954,7.355999947,2.239000082,5.513000011,2.28399992,30.54072384749541
2016/7/10 7:45,11.72099972,4.756000042,6.395999908,1.669999957,5.513000011,2.131999969,30.486597128087904
2016/7/10 8:00,10.85099983,4.554999828,7.320000172,2.203000069,3.197999954,1.76699996,29.31368534636252
2016/7/10 8:15,9.243000031,3.818000078,6.183000088,1.63499999,3.075999975,1.797000051,29.653338060967368
2016/7/10 8:30,9.845999718,3.818000078,6.43200016,2.345000029,3.046000004,1.827999949,23.854070399255
2016/7/10 8:45,9.913000107,4.354000092,6.147999763,2.025000095,3.197999954,1.797000051,29.608596035556417
2016/7/10 9:00,9.845999718,4.287000179,6.857999802,1.812000036,3.167999983,1.70599997,30.07763309027436
2016/7/10 9:15,9.31000042,4.487999916,6.644999981,1.812000036,3.075999975,1.70599997,29.663189716814887
2016/7/10 9:30,10.24800014,3.750999928,6.395999908,1.669999957,3.107000113,1.797000051,29.642233982751858
2016/7/10 9:45,10.31499958,4.421000004,6.538000107,1.812000036,3.349999905,1.85800004,29.603946613978827
2016/7/10 10:00,10.24800014,3.951999903,6.857999802,1.70599997,3.381000042,1.797000051,29.19487859105892
2016/7/10 10:15,10.71700001,4.354000092,7.143000126,1.669999957,3.471999884,1.76699996,29.262202404581043
2016/7/10 10:30,11.52099991,4.421000004,7.284999847,1.669999957,3.71600008,1.735999942,29.32063568274454
2016/7/10 10:45,11.18599987,4.21999979,7.284999847,1.91900003,4.142000198,1.735999942,29.386715296464185
2016/7/10 11:00,11.85499954,4.019000053,7.604000092,1.812000036,4.142000198,1.735999942,29.487739146246913
2016/7/10 11:15,10.38199997,4.421000004,6.857999802,2.096999884,3.898999929,1.70599997,29.500916426222233
2016/7/10 11:30,9.845999718,4.019000053,6.467000008,1.70599997,3.411000013,1.735999942,29.616870671309684
2016/7/10 11:45,8.706999779,2.678999901,5.899000168,0.782000005,3.259000063,1.70599997,30.880370797179648
2016/7/10 12:00,8.572999954,3.282000065,5.578999996,1.136999965,2.984999895,1.523000002,30.539934706087493
2016/7/10 12:15,8.505999565,2.545000076,5.650000095,0.852999985,3.075999975,1.613999963,30.690046522465206
2016/7/10 12:30,8.305999756,3.214999914,5.436999798,0.995000005,3.046000004,1.491999984,30.954114693379815
2016/7/10 12:45,8.774000168,3.148000002,5.366000175,1.172999978,2.772000074,1.432000041,29.68600082
2016/7/10 13:00,8.640000343,3.08100009,5.507999897,1.031000018,2.710999966,1.432000041,30.401311214782883
2016/7/10 13:15,8.038000107,3.48300004,5.401000023,1.279000044,2.588999987,1.371000051,31.464744614660802
2016/7/10 13:30,8.975000381,3.549999952,5.543000221,1.101999998,2.740999937,1.523000002,30.332318550930008
2016/7/10 13:45,8.305999756,3.549999952,5.756999969,1.56400001,2.924000025,1.462000012,30.4955766450664
2016/7/10 14:00,8.305999756,2.411000013,5.188000202,0.711000025,2.924000025,1.523000002,30.536375330810085
2016/7/10 14:15,8.171999931,2.678999901,5.650000095,0.995000005,2.618999958,1.309999943,32.28918765819559
2016/7/10 14:30,8.840999603,2.477999926,5.578999996,1.065999985,2.559000015,1.552999973,30.598820077744595
2016/7/10 14:45,8.706999779,3.415999889,5.899000168,0.995000005,2.497999907,1.462000012,30.265565835500325
2016/7/10 15:00,8.774000168,3.348999977,6.147999763,1.350000024,2.528000116,1.432000041,30.416419546126377
2016/7/10 15:15,7.836999893,2.545000076,5.436999798,1.172999978,2.467000008,1.401000023,30.773134572652026
2016/7/10 15:30,7.971000195,2.142999887,5.436999798,0.745999992,2.497999907,1.371000051,32.639895942311604
2016/7/10 15:45,7.971000195,2.27699995,5.472000122,0.745999992,2.437000036,1.279000044,33.32630279334024
2016/7/10 16:00,8.038000107,2.545000076,5.614999771,0.888000011,2.467000008,1.340000033,31.866541039612684
2016/7/10 16:15,8.23900032,2.477999926,5.756999969,0.816999972,2.467000008,1.340000033,32.78462142034083
2016/7/10 16:30,8.572999954,2.545000076,5.96999979,0.924000025,2.559000015,1.279000044,31.09300041
2016/7/10 16:45,8.975000381,2.678999901,6.076000214,0.888000011,3.137000084,1.340000033,32.75673628598337
2016/7/10 17:00,9.175999641,2.746000051,6.289999962,1.136999965,3.229000092,1.432000041,32.357014042864634
2016/7/10 17:15,9.578000069,3.214999914,6.395999908,1.136999965,3.137000084,1.462000012,32.26824572512646
2016/7/10 17:30,9.845999718,3.282000065,6.43200016,1.56400001,3.167999983,1.583999991,30.445586041748175
2016/7/10 17:45,9.779000282,3.08100009,6.573999882,1.315000057,3.319999933,1.462000012,32.45769512738441
2016/7/10 18:00,9.444000244,3.214999914,6.395999908,1.421000004,3.167999983,1.523000002,32.43709586784762
2016/7/10 18:15,8.975000381,2.880000114,6.147999763,1.315000057,2.894000053,1.309999943,32.659960758401525
2016/7/10 18:30,8.774000168,3.08100009,5.934000015,1.172999978,2.802000046,1.309999943,32.66970461792595
2016/7/10 18:45,8.371999741,2.678999901,5.68599987,1.136999965,2.740999937,1.309999943,32.71211637104212
2016/7/10 19:00,8.505999565,2.880000114,5.791999817,1.101999998,2.710999966,1.309999943,32.65743420230188
2016/7/10 19:15,8.505999565,2.746000051,5.899000168,1.457000017,2.710999966,1.309999943,32.67562607009561
2016/7/10 19:30,8.572999954,2.746000051,5.756999969,1.172999978,2.862999916,1.309999943,32.6796431390923
2016/7/10 19:45,9.31000042,3.013999939,6.361000061,1.457000017,3.015000105,1.340000033,32.50932397921337
2016/7/10 20:00,10.04699993,3.08100009,6.857999802,1.279000044,3.167999983,1.309999943,32.79244037603882
2016/7/10 20:15,10.18099976,3.08100009,6.965000153,1.207999945,3.197999954,1.432000041,32.474060323109086
2016/7/10 20:30,10.44900036,3.08100009,7.0,1.243999958,3.471999884,1.432000041,32.6039518983049
2016/7/10 20:45,10.18099976,2.880000114,6.857999802,1.065999985,3.349999905,1.340000033,32.75226014328527
2016/7/10 21:00,9.711999893,2.075999975,6.395999908,0.603999972,3.289999962,1.309999943,33.372886219695104
2016/7/10 21:15,10.58300018,3.415999889,7.568999767,1.172999978,3.107000113,1.309999943,32.68085844933193
2016/7/10 21:30,10.04699993,3.214999914,7.071000099,0.995000005,2.984999895,1.248999953,33.234021665448005
2016/7/10 21:45,10.11400032,3.48300004,6.928999901,1.031000018,2.924000025,1.248999953,33.21196380920751
2016/7/10 22:00,9.979999542,3.08100009,7.0,1.315000057,2.862999916,1.309999943,32.61023768402109
2016/7/10 22:15,10.85099983,2.880000114,7.81799984,1.598999977,2.894000053,1.340000033,32.535030105691824
2016/7/10 22:30,11.18599987,4.085999966,8.137999535,1.527999997,3.046000004,1.340000033,32.402648027208116
2016/7/10 22:45,9.979999542,3.013999939,7.782000065,1.883000016,2.924000025,1.552999973,30.31170190364372
2016/7/10 23:00,9.979999542,3.549999952,7.214000225,1.883000016,2.680000067,1.279000044,32.204073801101416
2016/7/10 23:15,14.53499985,5.090000153,8.954999924,2.061000109,5.026000023,1.735999942,30.139422950767198
2016/7/10 23:30,14.53499985,5.290999889,9.630000114,2.630000114,4.903999805,1.76699996,28.83447632156128
2016/7/10 23:45,13.9989996,5.357999802,9.416999817,2.700999975,4.873000145,1.70599997,28.73409462224109
2016/7/11 0:00,13.59700012,5.357999802,8.989999771,2.700999975,4.873000145,1.797000051,28.56100082
2016/7/11 0:15,13.19499969,4.889999866,8.527999878,2.239000082,4.813000202,1.735999942,30.049953979840808
2016/7/11 0:30,12.72599983,4.68900013,8.137999535,1.953999996,4.659999847,1.735999942,29.77678180503571
2016/7/11 0:45,13.79800034,5.022999763,8.954999924,2.559000015,4.568999767,1.674999952,28.668501414154083
2016/7/11 1:00,13.59700012,4.889999866,8.493000031,1.91900003,4.568999767,1.674999952,29.701268146735924
2016/7/11 1:15,13.06099987,4.287000179,8.56400013,2.131999969,4.507999897,1.70599997,29.994726658276146
2016/7/11 1:30,11.92199993,3.88499999,7.427000046,1.421000004,4.630000114,1.674999952,29.54599953
2016/7/11 1:45,13.26200008,4.287000179,8.635000229,2.203000069,4.507999897,1.70599997,29.979192013734963
2016/7/11 2:00,12.12300014,4.085999966,7.071000099,1.77699995,4.598999977,1.674999952,29.947608081856593
2016/7/11 2:15,12.79300022,4.68900013,7.710999966,2.273999929,4.568999767,1.644999981,29.0529995
2016/7/11 2:30,11.92199993,3.684000015,7.427000046,1.527999997,4.447000027,1.674999952,30.160883099044863
2016/7/11 2:45,12.12300014,3.282000065,7.177999973,1.207999945,4.507999897,1.70599997,30.593025031868862
2016/7/11 3:00,11.98900032,3.951999903,7.568999767,1.598999977,4.477000237,1.735999942,29.48892470991426
2016/7/11 3:15,12.12300014,4.287000179,7.710999966,1.99000001,4.477000237,1.70599997,29.958203605200914
2016/7/11 3:30,12.39099979,4.152999878,7.320000172,1.70599997,4.477000237,1.644999981,30.082813288919823
2016/7/11 3:45,11.05200005,4.019000053,6.751999855,1.63499999,4.447000027,1.735999942,29.565509595203128
2016/7/11 4:00,11.98900032,4.21999979,7.568999767,1.598999977,4.355999947,1.91900003,29.497789117727162
2016/7/11 4:15,11.11900043,4.019000053,6.894000053,1.812000036,4.386000156,1.674999952,30.07445670621889
2016/7/11 4:30,11.05200005,3.684000015,6.361000061,1.243999958,4.477000237,1.70599997,30.263730431374597
2016/7/11 4:45,12.45800018,4.21999979,7.498000145,1.84800005,4.538000107,1.674999952,29.981922161198963
2016/7/11 5:00,12.99400043,4.421000004,7.853000164,1.598999977,4.568999767,1.674999952,29.374529929733217
2016/7/11 5:15,13.79800034,4.68900013,8.208999634,1.741000056,4.813000202,1.797000051,30.079981561742052
2016/7/11 5:30,12.72599983,3.684000015,7.390999794,0.958999991,5.117000103,1.797000051,30.082312103436895
2016/7/11 5:45,13.86499977,4.21999979,7.994999886,1.386000037,5.329999924,1.735999942,30.052211652140326
2016/7/11 6:00,13.79800034,4.085999966,8.137999535,2.096999884,5.269000053,1.76699996,30.047134219297618
2016/7/11 6:15,12.32400036,4.487999916,7.320000172,1.207999945,5.208000183,1.735999942,30.075378137945822
2016/7/11 6:30,12.25699997,4.085999966,7.0,1.243999958,5.208000183,1.827999949,30.0546662643784
2016/7/11 6:45,13.86499977,4.554999828,8.456999779,1.883000016,5.269000053,1.76699996,30.060252628375924
2016/7/11 7:00,12.99400043,4.152999878,8.173000336,2.025000095,5.208000183,1.888000011,30.046277294274823
2016/7/11 7:15,12.52499962,4.287000179,7.568999767,1.883000016,5.269000053,1.888000011,30.037589592291187
2016/7/11 7:30,12.18999958,3.951999903,7.427000046,1.812000036,5.300000191,1.91900003,30.044264079011633
2016/7/11 7:45,12.92700005,4.756000042,7.214000225,1.598999977,5.177999973,1.91900003,30.120939655583438
2016/7/11 8:00,9.979999542,3.818000078,7.249000072,1.56400001,2.894000053,1.432000041,30.591267230836635
2016/7/11 8:15,10.38199997,4.085999966,7.0,1.63499999,2.832999945,1.371000051,31.48114391572628
2016/7/11 8:30,9.041999817,3.282000065,5.96999979,1.172999978,2.924000025,1.462000012,30.38999939
2016/7/11 8:45,8.706999779,2.746000051,5.791999817,1.207999945,3.015000105,1.401000023,31.344105109361895
2016/7/11 9:00,10.11400032,3.88499999,6.644999981,1.669999957,2.772000074,1.371000051,31.520992157788243
2016/7/11 9:15,9.578000069,3.415999889,6.644999981,1.315000057,3.107000113,1.70599997,31.23399925
2016/7/11 9:30,9.578000069,3.617000103,5.96999979,1.63499999,2.924000025,1.401000023,30.9455689410786
2016/7/11 9:45,9.979999542,3.818000078,6.644999981,1.207999945,3.075999975,1.340000033,32.66495738019414
2016/7/11 10:00,9.845999718,3.348999977,6.787000179,1.812000036,2.405999899,1.491999984,29.868163481683297
2016/7/11 10:15,9.109000206,3.282000065,6.71600008,1.172999978,2.405999899,1.218000054,33.32692884451979
2016/7/11 10:30,9.444000244,2.947000027,6.965000153,1.101999998,2.467000008,1.065999985,34.16086551423698
2016/7/11 10:45,10.91800022,3.549999952,7.071000099,1.598999977,3.319999933,1.279000044,32.73491483510537
2016/7/11 11:00,10.98499966,3.617000103,7.143000126,1.598999977,3.503000021,1.371000051,32.66229980497785
2016/7/11 11:15,9.51099968,3.013999939,6.467000008,1.172999978,3.532999992,1.401000023,32.59993759319771
2016/7/11 11:30,9.376999855,2.411000013,6.076000214,1.065999985,3.107000113,1.309999943,32.77953368989982
2016/7/11 11:45,8.23900032,2.210000038,5.578999996,0.603999972,2.862999916,1.248999953,34.56425308320734
2016/7/11 12:00,8.371999741,2.812999964,5.507999897,0.569000006,2.680000067,1.218000054,34.66988657790914
2016/7/11 12:15,8.371999741,2.210000038,5.899000168,1.031000018,2.832999945,1.248999953,32.99300003
2016/7/11 12:30,8.371999741,2.142999887,5.934000015,0.816999972,2.650000095,1.187999964,34.60065756213072
2016/7/11 12:45,8.171999931,1.875,5.543000221,0.782000005,2.650000095,1.156999946,34.45917404243784
2016/7/11 13:00,8.907999992,2.880000114,5.791999817,0.745999992,2.588999987,1.187999964,34.59704537244326
2016/7/11 13:15,9.041999817,2.678999901,5.899000168,1.421000004,2.618999958,1.126999974,34.555219074609845
2016/7/11 13:30,8.975000381,3.148000002,6.183000088,1.172999978,2.650000095,1.309999943,32.24571604111565
2016/7/11 13:45,8.907999992,2.545000076,6.147999763,1.136999965,2.680000067,1.340000033,32.12311809205694
2016/7/11 14:00,9.041999817,3.013999939,6.289999962,0.995000005,2.588999987,1.279000044,31.937883636932707
2016/7/11 14:15,8.23900032,2.27699995,5.791999817,1.065999985,2.832999945,1.309999943,32.69978032240148
2016/7/11 14:30,8.23900032,3.08100009,5.756999969,1.207999945,2.528000116,1.309999943,31.930152877384756
2016/7/11 14:45,9.376999855,3.549999952,6.822999954,1.63499999,2.497999907,1.309999943,31.995391988017545
2016/7/11 15:00,9.243000031,3.214999914,6.361000061,1.031000018,2.680000067,1.156999946,33.553132474554225
2016/7/11 15:15,8.43900013,2.411000013,5.934000015,0.852999985,2.559000015,1.218000054,33.200387466832254
2016/7/11 15:30,8.371999741,2.009000063,5.899000168,1.101999998,2.497999907,1.248999953,33.21475486872778
2016/7/11 15:45,8.23900032,2.812999964,5.756999969,1.350000024,2.467000008,1.218000054,33.19918366631073
2016/7/11 16:00,8.23900032,2.812999964,5.721000195,1.243999958,2.528000116,1.248999953,33.191933882604665
2016/7/11 16:15,8.572999954,3.013999939,5.899000168,1.315000057,2.740999937,1.218000054,33.23347528788847
2016/7/11 16:30,8.706999779,2.678999901,5.862999916,1.243999958,2.862999916,1.279000044,32.675504175954764
2016/7/11 16:45,8.840999603,2.746000051,5.791999817,1.031000018,2.984999895,1.340000033,32.5607031640506
2016/7/11 17:00,8.975000381,2.880000114,5.934000015,1.243999958,3.015000105,1.248999953,33.24452790965729
2016/7/11 17:15,8.907999992,2.678999901,6.005000114,1.101999998,2.954999924,1.126999974,34.286720797534315
2016/7/11 17:30,9.041999817,2.611999989,6.111999989,0.958999991,2.894000053,1.156999946,33.62599945
2016/7/11 17:45,8.975000381,2.477999926,5.934000015,0.888000011,2.984999895,1.248999953,33.197542641807864
2016/7/11 18:00,8.505999565,2.344000101,5.578999996,0.745999992,2.894000053,1.156999946,34.73923802158818
2016/7/11 18:15,8.038000107,2.075999975,5.258999825,0.569000006,2.650000095,1.156999946,34.57225881914785
2016/7/11 18:30,7.836999893,2.142999887,5.295000076,0.711000025,2.559000015,1.156999946,34.67739211333033
2016/7/11 18:45,8.038000107,2.142999887,5.401000023,0.711000025,2.650000095,1.187999964,34.63437772821769
2016/7/11 19:00,7.836999893,2.075999975,5.223999977,0.532999992,2.588999987,1.126999974,35.317999210090896
2016/7/11 19:15,7.903999805,1.942000031,5.329999924,0.569000006,2.497999907,1.036000013,35.23623670395198
2016/7/11 19:30,7.903999805,1.942000031,5.366000175,0.532999992,2.497999907,0.944000006,33.30952225448085
2016/7/11 19:45,8.43900013,1.942000031,5.650000095,0.639999986,2.650000095,0.975000024,33.245473445404755
2016/7/11 20:00,9.175999641,1.942000031,6.183000088,0.603999972,2.894000053,0.975000024,33.28903791334651
2016/7/11 20:15,9.444000244,2.009000063,6.43200016,0.603999972,2.984999895,0.944000006,33.183070608194974
2016/7/11 20:30,9.51099968,2.009000063,6.467000008,0.639999986,3.015000105,1.004999995,35.17171340003896
2016/7/11 20:45,9.51099968,2.009000063,6.467000008,0.639999986,3.046000004,0.944000006,33.53739080778077
2016/7/11 21:00,9.175999641,2.009000063,6.218999863,0.603999972,2.954999924,0.975000024,32.64099884
2016/7/11 21:15,9.645000458,2.746000051,6.395999908,1.457000017,2.832999945,0.944000006,34.233912526264774
2016/7/11 21:30,9.243000031,1.674000025,5.899000168,0.603999972,2.710999966,0.944000006,33.415440992407014
2016/7/11 21:45,8.975000381,1.807999969,5.828000069,0.319999993,2.588999987,0.913999975,33.15041544552018
2016/7/11 22:00,8.371999741,3.013999939,6.289999962,1.207999945,2.437000036,0.944000006,33.654464618164454
2016/7/11 22:15,10.64999962,3.348999977,7.427000046,1.136999965,2.345000029,0.913999975,33.42635722658528
2016/7/11 22:30,10.11400032,2.947000027,7.143000126,0.958999991,2.405999899,0.944000006,33.36602109326731
2016/7/11 22:45,10.04699993,2.545000076,7.853000164,1.99000001,2.315000057,0.944000006,33.882652090262404
2016/7/11 23:00,10.91800022,3.549999952,9.026000023,2.309999943,2.131999969,0.883000016,32.153626643768725
2016/7/11 23:15,11.52099991,4.019000053,8.847999573,2.131999969,2.131999969,0.760999978,31.984297541968452
2016/7/11 23:30,12.25699997,4.287000179,10.16300011,2.984999895,1.980000019,0.791999996,31.406404090356105
2016/7/11 23:45,11.18599987,3.148000002,8.706000328,1.91900003,1.949000001,0.791999996,31.412454190608386
2016/7/12 0:00,11.52099991,3.549999952,9.593999863,2.309999943,1.980000019,0.822000027,31.423168199505703
2016/7/12 0:15,10.04699993,3.148000002,8.244000435,1.99000001,1.91900003,0.822000027,31.418803138797752
2016/7/12 0:30,11.72099972,4.152999878,9.87899971,2.772000074,1.888000011,0.700999975,31.31726434470461
2016/7/12 0:45,10.64999962,3.88499999,8.918999672,2.415999889,1.827999949,0.670000017,31.382253326595823
2016/7/12 1:00,11.52099991,4.152999878,9.593999863,2.700999975,1.735999942,0.670000017,30.35682860821173
2016/7/12 1:15,11.52099991,4.354000092,9.451999664,2.664999962,1.888000011,0.760999978,31.35028989660243
2016/7/12 1:30,10.44900036,3.415999889,8.883999825,2.772000074,1.827999949,0.760999978,31.39275268262061
2016/7/12 1:45,10.38199997,3.88499999,8.777000427,3.127000093,1.76699996,0.791999996,30.558817862451303
2016/7/12 2:00,12.12300014,4.554999828,10.3409996,3.482000113,1.827999949,0.791999996,31.531762143486038
2016/7/12 2:15,12.39099979,4.21999979,10.58899975,3.269000053,1.85800004,0.760999978,31.482773587390874
2016/7/12 2:30,11.72099972,4.21999979,9.559000015,2.914000034,1.76699996,0.791999996,30.435971340111333
2016/7/12 2:45,11.11900043,3.549999952,8.706000328,2.486999989,1.76699996,0.791999996,30.555139856117435
2016/7/12 3:00,11.92199993,4.085999966,10.16300011,2.948999882,1.797000051,0.822000027,30.616864106891573
2016/7/12 3:15,11.31999969,4.622000217,9.913999557,2.984999895,1.827999949,0.852999985,31.832525279007182
2016/7/12 3:30,10.38199997,4.152999878,8.954999924,2.700999975,1.76699996,0.883000016,30.584976533017073
2016/7/12 3:45,10.98499966,4.487999916,9.31000042,2.948999882,1.735999942,0.791999996,30.573856490335285
2016/7/12 4:00,11.72099972,3.818000078,9.522999763,2.451999903,1.797000051,0.822000027,30.522525215152903
2016/7/12 4:15,9.51099968,3.549999952,7.81799984,1.91900003,1.797000051,0.852999985,30.848875840688912
2016/7/12 4:30,10.71700001,3.415999889,8.777000427,2.415999889,1.85800004,0.883000016,31.863719219347487
2016/7/12 4:45,10.51599979,3.48300004,8.279999733,2.167999983,1.949000001,0.852999985,31.88353126515322
2016/7/12 5:00,11.11900043,3.348999977,8.918999672,2.415999889,2.101999998,0.883000016,32.181565742468045
2016/7/12 5:15,12.72599983,4.287000179,10.05599976,2.523000002,2.253999949,0.913999975,33.21255715068034
2016/7/12 5:30,11.25300026,4.019000053,9.559000015,2.381000042,2.650000095,0.944000006,33.968010578743495
2016/7/12 5:45,9.444000244,2.210000038,6.857999802,0.782000005,2.650000095,0.975000024,33.1653556663154
2016/7/12 6:00,11.11900043,3.818000078,8.635000229,1.84800005,2.559000015,1.036000013,34.291822080707675
2016/7/12 6:15,10.85099983,3.617000103,8.279999733,1.56400001,2.528000116,1.036000013,34.41571990722024
2016/7/12 6:30,9.913000107,3.48300004,7.214000225,1.741000056,2.650000095,1.097000003,34.41963394838123
2016/7/12 6:45,9.041999817,2.142999887,6.324999809,0.995000005,2.040999889,0.791999996,32.073305728232505
2016/7/12 7:00,9.444000244,2.27699995,6.894000053,1.386000037,2.00999999,0.731000006,31.402247006856356
2016/7/12 7:15,9.913000107,3.617000103,7.888999939,2.061000109,2.00999999,0.760999978,31.416398202386848
2016/7/12 7:30,9.31000042,3.08100009,7.888999939,2.131999969,2.00999999,0.791999996,31.436323858043124
2016/7/12 7:45,9.779000282,3.348999977,7.320000172,1.669999957,2.528000116,1.156999946,33.72146037967214
2016/7/12 8:00,8.706999779,3.08100009,6.681000233,1.598999977,2.375999928,1.065999985,34.39959939215587
2016/7/12 8:15,9.041999817,3.415999889,6.681000233,1.386000037,2.375999928,1.065999985,34.53585755075836
2016/7/12 8:30,9.779000282,3.549999952,6.681000233,1.812000036,2.437000036,1.126999974,34.370264292179435
2016/7/12 8:45,9.175999641,3.617000103,6.644999981,1.598999977,2.497999907,1.065999985,34.42860587725302
2016/7/12 9:00,8.907999992,2.411000013,6.467000008,1.527999997,2.405999899,0.975000024,35.9469986
2016/7/12 9:15,9.376999855,3.148000002,6.751999855,1.315000057,2.528000116,1.156999946,33.59542755983486
2016/7/12 9:30,9.51099968,2.880000114,6.928999901,1.883000016,2.710999966,1.156999946,33.73245621590498
2016/7/12 9:45,10.44900036,3.013999939,7.320000172,1.421000004,2.650000095,1.065999985,35.66600037
2016/7/12 10:00,10.11400032,2.678999901,6.965000153,1.421000004,2.862999916,1.187999964,33.53888628549887
2016/7/12 10:15,10.91800022,3.684000015,7.106999874,2.061000109,3.167999983,1.187999964,33.50436754699756
2016/7/12 10:30,11.25300026,3.214999914,7.639999866,1.527999997,3.229000092,1.187999964,33.49795761024344
2016/7/12 10:45,11.18599987,3.08100009,7.604000092,1.883000016,3.532999992,1.126999974,34.43113451372345
2016/7/12 11:00,10.85099983,3.013999939,7.320000172,1.77699995,3.349999905,1.126999974,34.52864178284185
2016/7/12 11:15,10.11400032,3.348999977,6.894000053,1.56400001,3.046000004,1.097000003,34.42197556916948
2016/7/12 11:30,9.913000107,3.214999914,6.361000061,1.243999958,3.015000105,1.097000003,34.37356853041977
2016/7/12 11:45,8.907999992,1.942000031,6.040999889,0.675000012,2.832999945,1.036000013,35.53008981487092
2016/7/12 12:00,9.376999855,1.875,6.005000114,0.958999991,2.894000053,1.156999946,33.600504358868086
2016/7/12 12:15,9.51099968,3.013999939,6.538000107,1.031000018,2.862999916,1.126999974,34.25257451034533
2016/7/12 12:30,9.645000458,2.812999964,6.573999882,1.065999985,2.924000025,1.126999974,34.24194585433914
2016/7/12 12:45,9.109000206,2.746000051,6.573999882,1.386000037,2.924000025,1.156999946,33.741588707220096
2016/7/12 13:00,9.779000282,2.344000101,6.254000187,0.497000009,2.862999916,1.097000003,35.08235337808244
2016/7/12 13:15,9.779000282,2.344000101,6.218999863,1.101999998,3.046000004,1.432000041,31.058469506683096
2016/7/12 13:30,9.779000282,2.611999989,6.787000179,0.995000005,2.862999916,1.309999943,32.63640031740635
2016/7/12 13:45,9.109000206,2.142999887,6.361000061,1.031000018,2.772000074,1.126999974,34.171275677653405
2016/7/12 14:00,9.51099968,2.009000063,6.467000008,0.958999991,2.862999916,1.218000054,33.2078496482428
2016/7/12 14:15,9.175999641,3.08100009,6.751999855,1.065999985,2.924000025,1.218000054,33.345425322968616
2016/7/12 14:30,9.376999855,1.942000031,6.218999863,0.888000011,2.772000074,1.097000003,32.66686216500056
2016/7/12 14:45,9.376999855,2.947000027,6.538000107,0.782000005,2.680000067,1.156999946,34.22374714861333
2016/7/12 15:00,9.243000031,2.812999964,6.822999954,0.888000011,2.618999958,1.309999943,32.20936230882192
2016/7/12 15:15,8.640000343,1.875,6.183000088,0.497000009,2.588999987,1.065999985,35.2804893635267
2016/7/12 15:30,8.640000343,2.009000063,6.040999889,0.569000006,2.559000015,1.065999985,35.23861325234555
2016/7/12 15:45,8.572999954,1.875,5.934000015,0.391000003,2.618999958,1.401000023,30.881623710866993
2016/7/12 16:00,8.774000168,1.942000031,6.111999989,0.462000012,2.710999966,1.126999974,35.25924457697012
2016/7/12 16:15,8.975000381,2.075999975,6.147999763,0.532999992,2.832999945,1.126999974,35.24340303780666
2016/7/12 16:30,9.109000206,2.545000076,6.610000134,1.421000004,2.954999924,1.187999964,33.52480141236794
2016/7/12 16:45,9.444000244,2.411000013,6.040999889,1.136999965,3.015000105,1.218000054,33.281490278017394
2016/7/12 17:00,9.645000458,2.678999901,6.395999908,1.136999965,3.075999975,1.156999946,33.66408419833334
2016/7/12 17:15,9.444000244,2.812999964,6.289999962,0.995000005,3.107000113,1.248999953,33.25217887765325
2016/7/12 17:30,9.175999641,2.27699995,5.934000015,0.852999985,3.137000084,1.248999953,33.20111118659816
2016/7/12 17:45,9.31000042,2.27699995,6.183000088,0.745999992,3.075999975,1.156999946,34.35956851057762
2016/7/12 18:00,9.109000206,2.142999887,5.96999979,0.603999972,3.107000113,1.097000003,36.183518945701984
2016/7/12 18:15,9.041999817,2.009000063,5.828000069,0.497000009,3.229000092,1.126999974,37.56499863
2016/7/12 18:30,8.572999954,1.807999969,5.614999771,0.425999999,2.924000025,1.036000013,35.47603165847148
2016/7/12 18:45,8.505999565,1.875,5.650000095,0.425999999,2.894000053,1.065999985,35.51608679341461
2016/7/12 19:00,8.572999954,1.875,5.507999897,0.462000012,3.075999975,1.065999985,36.39277330052694
2016/7/12 19:15,8.774000168,1.807999969,5.721000195,0.319999993,3.046000004,1.097000003,36.29479753012929
2016/7/12 19:30,9.31000042,1.875,6.076000214,0.391000003,3.259000063,1.065999985,36.50999832
2016/7/12 19:45,10.18099976,2.009000063,6.644999981,0.425999999,3.563999891,1.097000003,35.19268800712683
2016/7/12 20:00,10.85099983,2.142999887,7.143000126,0.532999992,3.746000051,1.097000003,35.095683193307394
2016/7/12 20:15,11.31999969,2.142999887,7.427000046,0.532999992,3.928999901,1.097000003,35.0868236631273
2016/7/12 20:30,11.31999969,2.142999887,7.532999992,0.603999972,3.838000059,1.036000013,35.01229680157838
2016/7/12 20:45,11.25300026,2.142999887,7.461999893,0.603999972,3.746000051,1.065999985,35.05175324137889
2016/7/12 21:00,10.98499966,2.142999887,7.284999847,0.603999972,3.746000051,1.065999985,35.05135628670027
2016/7/12 21:15,13.52999973,2.411000013,9.31000042,0.888000011,3.625,1.065999985,33.62987624339694
2016/7/12 21:30,13.9989996,3.88499999,9.913999557,1.172999978,3.625,1.065999985,34.86340142575367
2016/7/12 21:45,12.92700005,3.415999889,9.737000465,1.56400001,3.441999912,1.004999995,34.42933024921044
2016/7/12 22:00,12.79300022,2.746000051,9.807999611,1.70599997,3.259000063,0.913999975,34.02734823360353
2016/7/12 22:15,15.3380003,4.554999828,12.36600018,2.914000034,3.137000084,0.975000024,35.86241080226334
2016/7/12 22:30,14.80300045,4.554999828,11.54899979,2.523000002,3.075999975,1.036000013,35.98269675152845
2016/7/12 22:45,15.53899956,5.223999977,12.93500042,3.197999954,2.954999924,1.036000013,35.94281110107013
2016/7/12 23:00,16.00799942,5.69299984,13.11200047,3.482000113,2.832999945,1.004999995,35.9989936875478
2016/7/12 23:15,18.5529995,5.625999928,13.32600021,3.625,5.300000191,1.401000023,36.79513863775996
2016/7/12 23:30,18.35300064,6.09499979,13.04100037,3.019999981,5.117000103,1.432000041,36.786801382847905
2016/7/12 23:45,19.22299957,6.831999779,13.82299995,3.76699996,5.026000023,1.432000041,36.88730394152825
2016/7/13 0:00,19.15600014,6.229000092,13.71700001,4.014999866,5.026000023,1.523000002,37.1252314125189
2016/7/13 0:15,17.2140007,5.960999966,12.26000023,3.375999928,4.873000145,1.523000002,36.807248014133066
2016/7/13 0:30,19.625,7.166999817,14.49800014,4.051000118,4.813000202,1.523000002,37.21807544012801
2016/7/13 0:45,18.35300064,6.831999779,13.39700031,4.441999912,4.782000065,1.523000002,37.30784546358899
2016/7/13 1:00,16.81200027,5.894000053,12.18900013,3.411000013,4.873000145,1.462000012,36.63540405158648
2016/7/13 1:15,17.54899979,6.027999878,12.79300022,3.696000099,4.873000145,1.523000002,36.89398886922045
2016/7/13 1:30,18.62000084,6.497000217,13.64500046,3.980000019,4.721000195,1.491999984,37.00335836292552
2016/7/13 1:45,16.81200027,5.492000103,12.15299988,3.447000027,4.813000202,1.491999984,36.79100037
2016/7/13 2:00,17.61599922,5.960999966,12.72200012,3.588999987,4.721000195,1.491999984,36.821242203958754
2016/7/13 2:15,16.27599907,5.894000053,11.79800034,3.339999914,4.598999977,1.462000012,36.22009226979392
2016/7/13 2:30,18.15200043,7.166999817,13.75199986,4.300000191,4.598999977,1.462000012,37.21477363778194
2016/7/13 2:45,18.62000084,7.099999905,13.71700001,3.838000059,4.630000114,1.523000002,36.91518444301848
2016/7/13 3:00,16.34300041,5.760000229,11.37100029,2.948999882,4.477000237,1.491999984,35.90577893498615
2016/7/13 3:15,17.28100014,6.229000092,12.36600018,3.233999968,4.477000237,1.491999984,36.62185071112226
2016/7/13 3:30,16.94599915,6.899000168,12.15299988,4.300000191,4.568999767,1.552999973,35.60092783988116
2016/7/13 3:45,15.60599995,5.827000141,11.01599979,4.513000011,4.507999897,1.552999973,30.75288664752943
2016/7/13 4:00,18.01799965,7.099999905,13.46800041,3.90899992,4.477000237,1.523000002,36.93083286184825
2016/7/13 4:15,18.2859993,7.166999817,14.10700035,4.584000111,4.477000237,1.491999984,37.25823487018906
2016/7/13 4:30,17.2140007,5.492000103,12.43700027,3.411000013,4.507999897,1.491999984,36.69541104644191
2016/7/13 4:45,17.95100021,6.56400013,13.21899986,3.447000027,4.630000114,1.491999984,36.84139030214902
2016/7/13 5:00,18.15200043,7.032999992,13.39700031,4.086999893,4.659999847,1.523000002,37.63600159
2016/7/13 5:15,16.81200027,5.559000015,11.47799969,2.772000074,4.965000153,1.797000051,33.33881605103086
2016/7/13 5:30,17.88400078,6.027999878,12.64999962,3.269000053,5.300000191,1.491999984,36.8061083591769
2016/7/13 5:45,17.88400078,5.492000103,12.26000023,3.019999981,5.208000183,1.462000012,36.69212783639911
2016/7/13 6:00,16.20899963,4.822999954,10.51799965,2.700999975,5.056000233,1.552999973,37.00299835
2016/7/13 6:15,16.27599907,5.223999977,11.19400024,2.630000114,5.117000103,1.613999963,37.49499893
2016/7/13 6:30,17.28100014,6.229000092,11.58399963,3.375999928,5.147999763,1.674999952,33.85908075585517
2016/7/13 6:45,16.00799942,5.425000191,10.8380003,2.559000015,5.086999893,1.949000001,31.09282223504736
2016/7/13 7:00,13.4630003,4.085999966,8.065999985,1.457000017,5.238999844,1.827999949,30.050202326330304
2016/7/13 7:15,13.93200016,4.822999954,8.883999825,2.630000114,5.238999844,2.00999999,28.902423569220716
2016/7/13 7:30,12.85999966,4.622000217,7.782000065,1.491999984,5.300000191,1.91900003,30.057682892088774
2016/7/13 7:45,11.38700008,3.818000078,6.361000061,1.172999978,5.329999924,2.071000099,30.23226074842902
2016/7/13 8:00,10.31499958,3.415999889,6.928999901,1.315000057,2.802000046,1.462000012,30.287718628019203
2016/7/13 8:15,7.903999805,3.148000002,5.828000069,0.816999972,2.131999969,1.097000003,34.14879625019774
2016/7/13 8:30,8.104999542,3.148000002,5.401000023,0.995000005,2.101999998,1.187999964,33.35075753905969
2016/7/13 8:45,8.171999931,2.344000101,5.934000015,1.065999985,1.949000001,1.126999974,32.18353390395436
2016/7/13 9:00,8.840999603,3.148000002,6.751999855,1.457000017,2.040999889,1.126999974,33.23148902195223
2016/7/13 9:15,8.572999954,3.08100009,6.573999882,1.457000017,2.101999998,1.218000054,33.17354319593593
2016/7/13 9:30,8.371999741,2.27699995,5.899000168,1.065999985,2.131999969,1.218000054,33.21887308239747
2016/7/13 9:45,9.444000244,3.013999939,6.361000061,1.527999997,2.559000015,1.279000044,31.916177391319096
2016/7/13 10:00,10.24800014,3.282000065,6.610000134,1.172999978,3.107000113,1.309999943,32.79224685227581
2016/7/13 10:15,10.31499958,2.611999989,6.822999954,0.675000012,3.075999975,1.279000044,33.37971097793341
2016/7/13 10:30,11.11900043,3.08100009,7.604000092,1.101999998,3.229000092,1.126999974,34.30429861221768
2016/7/13 10:45,9.243000031,2.678999901,7.143000126,1.457000017,2.315000057,0.944000006,34.092842723567536
2016/7/13 11:00,8.572999954,2.009000063,6.502999783,0.852999985,2.163000107,1.065999985,32.46772798837742
2016/7/13 11:15,9.913000107,2.880000114,6.254000187,0.958999991,2.954999924,1.218000054,33.28039455421425
2016/7/13 11:30,9.376999855,2.678999901,5.934000015,0.924000025,2.954999924,1.248999953,33.23789198193048
2016/7/13 11:45,8.975000381,2.27699995,5.934000015,0.603999972,2.984999895,1.126999974,35.69126253468802
2016/7/13 12:00,8.774000168,2.142999887,5.721000195,0.425999999,2.650000095,1.004999995,35.25405421814382
2016/7/13 12:15,8.505999565,2.142999887,5.721000195,0.354999989,2.772000074,1.036000013,35.39204909611718
2016/7/13 12:30,9.243000031,2.411000013,5.862999916,0.711000025,2.802000046,1.036000013,35.68826528965635
2016/7/13 12:45,9.376999855,2.545000076,6.147999763,0.816999972,2.894000053,1.065999985,35.186359787670206
2016/7/13 13:00,9.51099968,1.60800004,6.040999889,0.425999999,2.862999916,1.097000003,34.421438972335494
2016/7/13 13:15,9.578000069,1.942000031,6.111999989,0.958999991,2.740999937,1.036000013,33.32252801154907
2016/7/13 13:30,9.645000458,2.344000101,6.147999763,0.924000025,2.710999966,1.065999985,33.19606509864136
2016/7/13 13:45,8.706999779,2.880000114,5.96999979,0.675000012,3.167999983,1.309999943,36.43999863
2016/7/13 14:00,8.774000168,2.075999975,6.040999889,0.816999972,2.375999928,1.004999995,35.463984308380816
2016/7/13 14:15,8.572999954,2.075999975,6.040999889,0.958999991,2.740999937,1.126999974,33.47979458768653
2016/7/13 14:30,9.175999641,2.411000013,6.43200016,1.136999965,2.680000067,1.156999946,33.58752915132948
2016/7/13 14:45,9.31000042,2.678999901,6.395999908,1.065999985,2.650000095,1.156999946,33.59965928228431
2016/7/13 15:00,9.31000042,2.142999887,6.218999863,0.995000005,2.924000025,1.126999974,33.81776391491135
2016/7/13 15:15,8.505999565,2.009000063,5.721000195,0.497000009,2.650000095,1.065999985,35.267506442073106
2016/7/13 15:30,8.572999954,2.009000063,5.96999979,0.497000009,2.650000095,1.126999974,35.26164720921915
2016/7/13 15:45,8.43900013,1.807999969,5.828000069,0.816999972,2.924000025,1.097000003,35.860212825345414
2016/7/13 16:00,8.305999756,2.27699995,5.721000195,0.924000025,2.618999958,1.097000003,33.3832206282194
2016/7/13 16:15,8.572999954,2.27699995,5.68599987,0.924000025,2.740999937,1.097000003,33.2780344246232
2016/7/13 16:30,8.43900013,2.142999887,5.578999996,0.782000005,2.740999937,1.065999985,35.53588105322088
2016/7/13 16:45,8.840999603,2.411000013,5.96999979,0.852999985,2.924000025,1.126999974,33.52670285399845
2016/7/13 17:00,8.975000381,2.27699995,5.96999979,0.782000005,3.015000105,1.279000044,33.24864441847584
2016/7/13 17:15,9.31000042,2.477999926,6.040999889,0.711000025,3.349999905,1.279000044,33.36509829503204
2016/7/13 17:30,9.041999817,2.27699995,5.934000015,0.711000025,3.229000092,1.126999974,36.817012804681035
2016/7/13 17:45,9.041999817,2.142999887,5.934000015,0.569000006,3.075999975,1.156999946,34.54404210597862
2016/7/13 18:00,8.840999603,2.142999887,5.721000195,0.603999972,3.107000113,1.126999974,36.577238763977746
2016/7/13 18:15,8.572999954,2.009000063,5.578999996,0.569000006,2.924000025,1.097000003,35.563082896653924
2016/7/13 18:30,8.505999565,2.075999975,5.507999897,0.569000006,2.862999916,1.065999985,34.75099945
2016/7/13 18:45,8.706999779,2.009000063,5.721000195,0.603999972,3.015000105,1.097000003,35.69786606790184
2016/7/13 19:00,9.041999817,2.344000101,5.862999916,0.603999972,3.441999912,1.126999974,37.00122934953784
2016/7/13 19:15,9.444000244,2.210000038,6.183000088,0.603999972,3.229000092,1.126999974,35.22637072316248
2016/7/13 19:30,9.979999542,2.344000101,6.43200016,0.711000025,3.532999992,1.248999953,34.20292271619937
2016/7/13 19:45,10.7840004,2.411000013,6.822999954,0.711000025,3.868000031,1.248999953,34.08330163589199
2016/7/13 20:00,11.25300026,2.611999989,7.177999973,0.852999985,4.111999989,1.187999964,33.52728934815998
2016/7/13 20:15,11.45400047,2.344000101,7.249000072,0.745999992,4.203000069,1.218000054,34.12516538081849
2016/7/13 20:30,11.18599987,2.27699995,7.071000099,0.711000025,4.111999989,1.156999946,34.155157568205325
2016/7/13 20:45,10.98499966,2.210000038,6.928999901,0.603999972,4.051000118,1.156999946,34.147101729583554
2016/7/13 21:00,11.98900032,3.415999889,8.598999977,2.167999983,3.928999901,1.187999964,33.57817412052307
2016/7/13 21:15,12.92700005,4.287000179,8.598999977,2.203000069,3.71600008,1.097000003,34.40206489019848
2016/7/13 21:30,13.52999973,3.684000015,9.701000214,1.741000056,3.594000101,1.097000003,34.603081641774914
2016/7/13 21:45,12.6590004,3.549999952,9.274999619,1.491999984,3.471999884,1.097000003,34.616642213420356
2016/7/13 22:00,12.52499962,3.818000078,9.630000114,1.598999977,3.259000063,0.975000024,34.3874382259189
2016/7/13 22:15,14.40100002,4.019000053,11.05099964,2.061000109,3.441999912,1.036000013,34.945172143768524
2016/7/13 22:30,14.06599998,4.622000217,10.05599976,2.451999903,3.319999933,1.156999946,34.33661454529692
2016/7/13 22:45,14.33399963,3.951999903,10.94499969,2.415999889,3.229000092,1.097000003,34.89161670909298
2016/7/13 23:00,13.59700012,4.622000217,10.97999954,2.842999935,3.107000113,1.065999985,34.84430315063189
2016/7/13 23:15,13.79800034,4.889999866,10.58899975,3.197999954,3.046000004,1.097000003,34.90586859508881
2016/7/13 23:30,12.79300022,4.287000179,9.737000465,2.594000101,2.924000025,1.097000003,34.42086802828318
2016/7/13 23:45,14.40100002,4.21999979,10.58899975,3.447000027,2.894000053,1.097000003,34.91725644460498
2016/7/14 0:00,14.60200024,5.357999802,11.19400024,2.878000021,2.862999916,1.036000013,35.73347813935627
2016/7/14 0:15,14.19999981,4.487999916,10.9090004,2.878000021,2.740999937,1.065999985,34.842935102507205
2016/7/14 0:30,12.52499962,4.019000053,9.984999657,2.309999943,2.588999987,0.944000006,33.84814102632272
2016/7/14 0:45,12.05599976,3.48300004,9.807999611,2.381000042,2.345000029,0.852999985,33.729306083577306
2016/7/14 1:00,13.4630003,4.554999828,10.8739996,2.984999895,2.467000008,0.883000016,33.79370677193646
2016/7/14 1:15,13.66399956,4.956999779,11.30000019,3.233999968,2.375999928,0.883000016,34.94554613430816
2016/7/14 1:30,12.12300014,3.750999928,9.807999611,2.203000069,2.315000057,0.883000016,33.75304122928678
2016/7/14 1:45,12.59200001,4.019000053,9.451999664,2.381000042,2.193000078,0.852999985,32.69985038645537
2016/7/14 2:00,12.25699997,3.88499999,9.522999763,2.131999969,2.467000008,0.944000006,33.83049786568844
2016/7/14 2:15,13.39599991,4.756000042,10.3760004,3.305000067,2.345000029,0.883000016,33.795281967084215
2016/7/14 2:30,12.6590004,3.818000078,9.737000465,2.486999989,2.437000036,0.913999975,33.81805920056636
2016/7/14 2:45,12.72599983,3.617000103,10.4829998,2.664999962,2.28399992,0.944000006,33.47170346741298
2016/7/14 3:00,12.25699997,4.68900013,10.66100025,2.984999895,2.253999949,0.913999975,33.326333844373956
2016/7/14 3:15,12.18999958,4.019000053,10.02099991,2.381000042,2.345000029,0.975000024,34.26759197227001
2016/7/14 3:30,12.32400036,4.019000053,9.949999809,2.451999903,2.071000099,0.944000006,32.556829495979656
2016/7/14 3:45,11.45400047,4.21999979,9.559000015,2.203000069,1.980000019,0.852999985,31.8972805936451
2016/7/14 4:00,11.5880003,3.684000015,8.847999573,1.70599997,2.101999998,0.883000016,32.17999255177776
2016/7/14 4:15,11.92199993,3.013999939,9.416999817,2.096999884,2.163000107,0.944000006,32.2459936967352
2016/7/14 4:30,11.78800011,4.21999979,9.984999657,2.523000002,2.163000107,0.883000016,32.54982789272649
2016/7/14 4:45,10.91800022,3.148000002,8.847999573,2.025000095,2.040999889,0.883000016,32.18548129740948
2016/7/14 5:00,11.92199993,3.348999977,9.274999619,1.99000001,2.101999998,0.883000016,32.23912170266512
2016/7/14 5:15,10.7840004,2.545000076,8.421999931,1.63499999,2.315000057,0.913999975,33.88383078412846
2016/7/14 5:30,12.52499962,3.684000015,9.345999718,1.279000044,2.467000008,0.883000016,33.546475985236356
2016/7/14 5:45,11.85499954,3.282000065,9.31000042,1.812000036,2.588999987,0.913999975,33.855380040771124
2016/7/14 6:00,11.52099991,3.684000015,9.559000015,2.273999929,2.528000116,0.944000006,33.819659612224996
2016/7/14 6:15,11.45400047,3.148000002,9.630000114,1.953999996,2.437000036,0.883000016,33.788272511985944
2016/7/14 6:30,11.85499954,3.282000065,8.883999825,1.77699995,2.253999949,0.852999985,33.197861895788066
2016/7/14 6:45,9.979999542,3.415999889,7.923999786,1.812000036,2.375999928,1.004999995,34.31958605197186
2016/7/14 7:00,8.774000168,2.678999901,5.862999916,1.136999965,2.315000057,1.065999985,34.12707620161597
2016/7/14 7:15,9.175999641,2.880000114,6.610000134,0.888000011,2.375999928,1.126999974,33.26817159297447
2016/7/14 7:30,9.979999542,2.947000027,7.249000072,1.812000036,2.375999928,1.097000003,34.387167401012476
2016/7/14 7:45,10.18099976,3.48300004,7.853000164,1.56400001,2.405999899,1.097000003,34.429324559825126
2016/7/14 8:00,7.971000195,3.08100009,5.96999979,1.598999977,2.375999928,1.279000044,31.85004072827563
2016/7/14 8:15,8.43900013,2.545000076,5.366000175,0.888000011,2.497999907,1.371000051,31.508599445268423
2016/7/14 8:30,8.774000168,3.148000002,5.862999916,1.172999978,2.437000036,1.248999953,33.19123834458957
2016/7/14 8:45,7.836999893,2.344000101,5.472000122,1.136999965,2.559000015,1.340000033,31.68392036087235
2016/7/14 9:00,8.305999756,2.411000013,5.862999916,1.279000044,2.375999928,1.156999946,33.538818853525626
2016/7/14 9:15,8.23900032,2.477999926,5.828000069,0.782000005,2.467000008,1.218000054,34.46839267038954
2016/7/14 9:30,9.175999641,3.148000002,6.183000088,0.782000005,2.497999907,1.218000054,34.42348824458182
2016/7/14 9:45,9.376999855,2.746000051,6.111999989,1.101999998,2.497999907,1.156999946,33.5766919562038
2016/7/14 10:00,9.376999855,2.344000101,6.502999783,1.172999978,2.802000046,1.248999953,33.17677385344118
2016/7/14 10:15,10.7840004,2.210000038,6.751999855,0.782000005,2.924000025,1.248999953,34.1817670215235
2016/7/14 10:30,10.38199997,3.148000002,7.284999847,1.207999945,3.197999954,1.218000054,33.36425579531644
2016/7/14 10:45,10.24800014,2.411000013,7.390999794,1.031000018,3.197999954,1.097000003,34.199488526134225
2016/7/14 11:00,10.04699993,3.148000002,6.857999802,0.782000005,3.167999983,1.097000003,35.09110675872384
2016/7/14 11:15,10.11400032,3.214999914,6.502999783,1.136999965,3.015000105,1.097000003,34.29966335108789
2016/7/14 11:30,8.43900013,2.411000013,5.791999817,0.425999999,2.862999916,1.187999964,34.68281135135207
2016/7/14 11:45,8.640000343,2.210000038,5.188000202,0.532999992,2.618999958,1.036000013,35.18566504421639
2016/7/14 12:00,8.23900032,2.075999975,5.68599987,0.391000003,2.588999987,1.036000013,35.21788511925204
2016/7/14 12:15,8.505999565,2.210000038,5.543000221,0.639999986,2.618999958,1.036000013,35.52355190407641
2016/7/14 12:30,8.706999779,2.009000063,5.756999969,0.569000006,2.680000067,1.065999985,35.249270459152115
2016/7/14 12:45,8.840999603,2.27699995,6.183000088,0.745999992,2.710999966,1.036000013,35.4615220662896
2016/7/14 13:00,8.305999756,2.27699995,6.005000114,0.852999985,2.650000095,0.975000024,33.22658719707139
2016/7/14 13:15,8.975000381,2.344000101,6.361000061,0.745999992,2.832999945,1.279000044,33.2855926748423
2016/7/14 13:30,8.505999565,1.741000056,5.507999897,0.248999998,2.559000015,1.004999995,34.449460686865336
2016/7/14 13:45,8.43900013,2.344000101,5.436999798,0.569000006,2.559000015,1.036000013,35.17720252112951
2016/7/14 14:00,7.903999805,2.210000038,5.401000023,0.782000005,2.467000008,1.036000013,35.764742450286455
2016/7/14 14:15,8.305999756,2.27699995,5.366000175,1.101999998,2.467000008,1.065999985,34.18744706019455
2016/7/14 14:30,7.903999805,2.344000101,5.756999969,0.924000025,2.437000036,1.004999995,33.55908276296951
2016/7/14 14:45,8.23900032,2.344000101,5.614999771,0.639999986,2.467000008,1.248999953,34.56978209473187
2016/7/14 15:00,12.18999958,4.68900013,10.02099991,2.559000015,2.253999949,0.913999975,33.23969582166237
2016/7/14 15:15,8.038000107,1.942000031,5.258999825,0.319999993,2.375999928,1.036000013,35.19674718556736
2016/7/14 15:30,7.568999767,1.674000025,5.223999977,0.354999989,2.437000036,1.036000013,34.45952265160883
2016/7/14 15:45,7.568999767,1.473999977,5.295000076,0.178000003,2.345000029,1.004999995,34.45649483821782
2016/7/14 16:00,7.836999893,1.541000009,5.295000076,0.675000012,2.467000008,1.279000044,33.56337019387489
2016/7/14 16:15,7.836999893,2.075999975,5.366000175,0.675000012,2.497999907,1.036000013,36.00778553365844
2016/7/14 16:30,8.104999542,2.210000038,5.472000122,0.711000025,2.650000095,1.91900003,31.176209040840135
2016/7/14 16:45,8.371999741,2.075999975,5.436999798,0.711000025,2.894000053,1.126999974,37.07300186
2016/7/14 17:00,7.903999805,1.60800004,4.619999886,-0.107000001,3.167999983,1.126999974,34.4632437833694
2016/7/14 17:15,7.769999981,1.340000033,4.513000011,-0.035999998,3.289999962,1.097000003,34.591664706192944
2016/7/14 17:30,7.301000118,1.20599997,4.441999912,-0.035999998,2.497999907,1.004999995,34.2939795130107
2016/7/14 17:45,6.899000168,1.340000033,4.300000191,-0.035999998,2.588999987,1.097000003,32.87105197696539
2016/7/14 18:00,6.429999828,0.938000023,3.980000019,-0.284000009,2.467000008,1.126999974,24.90299988
2016/7/14 18:15,6.429999828,1.004999995,3.802000046,-0.284000009,2.559000015,1.004999995,26.09900093
2016/7/14 18:30,6.429999828,0.938000023,3.838000059,-0.248999998,2.559000015,1.004999995,26.853072849137497
2016/7/14 18:45,6.497000217,0.870999992,4.619999886,-0.319999993,2.588999987,1.036000013,31.629326388288828
2016/7/14 19:00,7.836999893,1.340000033,5.188000202,0.035999998,2.710999966,1.065999985,34.393076764573884
2016/7/14 19:15,8.23900032,1.406999946,5.258999825,0.0,2.984999895,1.097000003,34.66614244199798
2016/7/14 19:30,8.706999779,1.473999977,5.614999771,0.107000001,3.075999975,1.065999985,34.68394719337161
2016/7/14 19:45,9.175999641,1.406999946,5.791999817,0.0,3.319999933,1.036000013,34.76120583554709
2016/7/14 20:00,8.975000381,1.406999946,5.68599987,0.035999998,3.259000063,0.975000024,33.69456153558053
2016/7/14 20:15,9.175999641,1.340000033,5.862999916,0.0,3.319999933,0.944000006,33.66835430293591
2016/7/14 20:30,8.907999992,1.20599997,5.543000221,-0.035999998,3.319999933,1.004999995,34.71842871249288
2016/7/14 20:45,8.572999954,1.072000027,5.401000023,-0.142000005,3.167999983,1.004999995,34.653148782683644
2016/7/14 21:00,8.305999756,0.670000017,5.223999977,-0.425999999,3.107000113,0.975000024,33.64522128813606
2016/7/14 21:15,8.23900032,0.536000013,5.188000202,-0.284000009,3.046000004,0.944000006,33.58485235605096
2016/7/14 21:30,8.706999779,1.875,5.578999996,-0.071000002,2.832999945,0.913999975,33.42105034651192
2016/7/14 21:45,8.572999954,0.938000023,5.756999969,-0.248999998,2.680000067,0.883000016,33.257897775341014
2016/7/14 22:00,8.104999542,0.80400002,5.436999798,-0.319999993,2.650000095,0.883000016,33.26879989774108
2016/7/14 22:15,9.913000107,1.60800004,7.498000145,0.569000006,2.588999987,0.913999975,33.28069968866998
2016/7/14 22:30,10.71700001,3.148000002,8.031000137,1.56400001,2.772000074,0.944000006,34.05835013961515
2016/7/14 22:45,10.64999962,1.875,7.177999973,1.065999985,2.559000015,0.883000016,33.32427220360356
2016/7/14 23:00,10.11400032,2.545000076,7.639999866,1.136999965,2.588999987,0.913999975,33.521287800302396
2016/7/14 23:15,14.13300037,4.21999979,9.345999718,1.953999996,4.965000153,1.401000023,33.331873466294894
2016/7/14 23:30,13.9989996,4.21999979,8.989999771,1.883000016,4.903999805,1.371000051,33.235814401115626
2016/7/14 23:45,14.60200024,4.554999828,9.559000015,2.203000069,4.873000145,1.70599997,29.795198372414053
2016/7/15 0:00,13.19499969,4.019000053,8.421999931,2.096999884,4.782000065,1.462000012,32.984115531778464
2016/7/15 0:15,13.52999973,4.019000053,8.989999771,1.70599997,4.690999985,1.432000041,32.768880961788796
2016/7/15 0:30,13.32900047,3.549999952,8.493000031,1.669999957,4.598999977,1.401000023,32.65461254253306
2016/7/15 0:45,14.2670002,4.354000092,9.593999863,2.273999929,4.630000114,1.401000023,33.50764255134821
2016/7/15 1:00,13.32900047,4.287000179,8.279999733,1.953999996,4.447000027,1.309999943,32.61663601147963
2016/7/15 1:15,13.32900047,4.019000053,8.989999771,1.77699995,4.507999897,1.309999943,32.36000061
2016/7/15 1:30,12.6590004,3.08100009,8.527999878,1.457000017,4.324999809,1.279000044,32.64939269711851
2016/7/15 1:45,12.59200001,4.21999979,8.847999573,2.273999929,4.295000076,1.340000033,32.96012073948169
2016/7/15 2:00,13.86499977,4.354000092,8.989999771,1.812000036,4.263999939,1.309999943,33.16104633972334
2016/7/15 2:15,13.66399956,3.549999952,8.918999672,1.91900003,4.295000076,1.340000033,33.13299942
2016/7/15 2:30,12.92700005,3.750999928,7.888999939,1.491999984,4.263999939,1.371000051,32.63667229207333
2016/7/15 2:45,13.52999973,4.287000179,8.706000328,1.63499999,4.203000069,1.309999943,32.81634527488759
2016/7/15 3:00,11.98900032,3.214999914,7.710999966,1.421000004,4.142000198,1.340000033,32.652685332793524
2016/7/15 3:15,12.72599983,3.88499999,8.31499958,1.63499999,4.172999859,1.279000044,32.64537658897418
2016/7/15 3:30,11.11900043,2.880000114,6.573999882,0.782000005,4.203000069,1.340000033,33.58093561089935
2016/7/15 3:45,11.85499954,2.880000114,7.390999794,1.243999958,4.234000206,1.371000051,32.63993765425971
2016/7/15 4:00,11.85499954,3.415999889,7.106999874,0.782000005,4.234000206,1.432000041,33.096644147364465
2016/7/15 4:15,10.7840004,2.477999926,6.610000134,0.924000025,4.355999947,1.340000033,32.33654375911591
2016/7/15 4:30,11.72099972,2.947000027,7.071000099,0.958999991,4.324999809,1.340000033,32.70462846730215
2016/7/15 4:45,11.78800011,2.27699995,6.965000153,0.745999992,4.324999809,1.309999943,33.197016667165826
2016/7/15 5:00,11.85499954,2.678999901,7.498000145,0.958999991,4.386000156,1.340000033,32.211076344985955
2016/7/15 5:15,11.31999969,2.009000063,6.289999962,0.569000006,4.568999767,1.644999981,34.25899887
2016/7/15 5:30,12.92700005,3.214999914,7.994999886,1.279000044,4.782000065,1.371000051,32.58104289644937
2016/7/15 5:45,11.18599987,2.142999887,5.862999916,0.284000009,4.842999935,1.340000033,34.06401000658629
2016/7/15 6:00,11.11900043,2.009000063,6.361000061,0.603999972,4.873000145,1.462000012,33.07635967794265
2016/7/15 6:15,11.05200005,1.875,6.076000214,0.142000005,4.721000195,1.552999973,33.03972468219839
2016/7/15 6:30,10.64999962,2.477999926,5.756999969,0.035999998,4.965000153,1.674999952,31.60005335964775
2016/7/15 6:45,11.72099972,2.545000076,6.254000187,0.816999972,5.086999893,1.70599997,30.863975477398277
2016/7/15 7:00,11.98900032,2.947000027,6.005000114,0.782000005,4.994999886,1.674999952,30.798674150510287
2016/7/15 7:15,11.25300026,3.214999914,6.361000061,0.603999972,5.177999973,1.70599997,31.269929328074323
2016/7/15 7:30,11.45400047,2.880000114,6.324999809,0.711000025,5.300000191,1.70599997,31.05625730486206
2016/7/15 7:45,12.12300014,3.282000065,7.0,0.888000011,5.117000103,1.76699996,30.384566210399964
2016/7/15 8:00,8.975000381,2.344000101,6.183000088,0.888000011,2.559000015,1.279000044,31.753517249006112
2016/7/15 8:15,8.907999992,2.545000076,6.005000114,0.958999991,2.437000036,1.097000003,33.580579542048156
2016/7/15 8:30,9.041999817,2.477999926,6.787000179,1.421000004,2.467000008,1.126999974,34.592261956795696
2016/7/15 8:45,8.572999954,3.214999914,6.147999763,1.315000057,2.497999907,1.156999946,33.599684531976116
2016/7/15 9:00,9.51099968,3.013999939,7.035999775,1.953999996,2.375999928,1.097000003,34.421255582192096
2016/7/15 9:15,9.645000458,3.348999977,6.610000134,1.243999958,2.650000095,1.156999946,33.61388672380093
2016/7/15 9:30,9.779000282,3.282000065,7.071000099,1.350000024,2.680000067,1.187999964,33.50840370807646
2016/7/15 9:45,9.979999542,3.549999952,6.857999802,1.172999978,2.772000074,1.248999953,33.2378447697426
2016/7/15 10:00,10.11400032,3.549999952,6.965000153,1.56400001,2.954999924,1.432000041,30.624827122430048
2016/7/15 10:15,11.18599987,2.746000051,7.498000145,1.031000018,3.381000042,1.279000044,32.62706372065936
2016/7/15 10:30,11.5880003,3.013999939,7.782000065,1.741000056,3.532999992,1.218000054,33.4104762980287
2016/7/15 10:45,11.5880003,2.812999964,7.390999794,1.527999997,3.349999905,1.309999943,32.49366475188238
2016/7/15 11:00,10.31499958,3.617000103,7.320000172,1.101999998,3.289999962,1.097000003,34.33343832768881
2016/7/15 11:15,9.376999855,3.148000002,6.681000233,1.315000057,3.015000105,1.097000003,34.47679692948253
2016/7/15 11:30,8.572999954,2.27699995,6.218999863,0.924000025,2.710999966,1.065999985,30.74200058
2016/7/15 11:45,8.706999779,2.344000101,5.578999996,0.319999993,2.894000053,1.065999985,35.55463914578863
2016/7/15 12:00,8.640000343,2.27699995,5.721000195,0.391000003,2.588999987,0.975000024,32.98966419612074
2016/7/15 12:15,8.171999931,2.075999975,5.472000122,0.425999999,2.528000116,0.975000024,33.04219345883274
2016/7/15 12:30,8.23900032,2.27699995,5.68599987,0.532999992,2.710999966,1.065999985,35.20269828650552
2016/7/15 12:45,8.840999603,2.545000076,5.756999969,0.284000009,2.650000095,1.097000003,35.44853293347572
2016/7/15 13:00,8.907999992,2.477999926,6.111999989,0.816999972,2.618999958,1.126999974,35.37680650295165
2016/7/15 13:15,8.505999565,2.27699995,6.289999962,1.101999998,2.588999987,1.156999946,33.56303334078305
2016/7/15 13:30,9.444000244,2.880000114,6.751999855,1.491999984,2.559000015,1.097000003,34.53108411873788
2016/7/15 13:45,8.706999779,2.27699995,6.218999863,0.924000025,2.467000008,1.218000054,32.70311208507834
2016/7/15 14:00,9.31000042,2.545000076,6.361000061,0.816999972,2.528000116,1.156999946,34.36227089667715
2016/7/15 14:15,9.243000031,2.812999964,6.43200016,1.315000057,2.528000116,1.248999953,33.22249393248437
2016/7/15 14:30,8.171999931,2.880000114,6.076000214,0.888000011,2.28399992,1.036000013,33.60257280895933
2016/7/15 14:45,8.640000343,2.812999964,5.650000095,0.711000025,2.28399992,1.126999974,35.328047408523204
2016/7/15 15:00,8.171999931,2.27699995,5.791999817,1.065999985,2.223999977,1.097000003,33.763904280260284
2016/7/15 15:15,8.572999954,2.812999964,5.828000069,0.888000011,2.28399992,1.126999974,33.67059419721274
2016/7/15 15:30,8.038000107,1.875,5.401000023,0.782000005,2.405999899,1.248999953,34.38006465033975
2016/7/15 15:45,8.171999931,2.344000101,5.543000221,0.852999985,2.588999987,1.248999953,33.26571567425816
2016/7/15 16:00,7.836999893,2.210000038,5.507999897,0.782000005,2.680000067,1.156999946,34.641521503334964
2016/7/15 16:15,7.769999981,2.27699995,5.721000195,0.958999991,2.618999958,1.279000044,32.08509845759981
2016/7/15 16:30,8.104999542,2.344000101,5.329999924,0.639999986,2.740999937,1.187999964,34.639056959224334
2016/7/15 16:45,8.572999954,2.142999887,5.68599987,0.711000025,2.924000025,1.218000054,34.67507424186261
2016/7/15 17:00,8.505999565,2.210000038,5.578999996,0.497000009,3.229000092,1.401000023,33.97438807194802
2016/7/15 17:15,8.371999741,2.009000063,5.436999798,0.462000012,2.894000053,1.218000054,34.35985356770127
2016/7/15 17:30,8.371999741,2.27699995,5.366000175,0.391000003,2.984999895,1.218000054,34.50740110693262
2016/7/15 17:45,7.636000156,1.60800004,4.833000183,0.142000005,2.710999966,1.156999946,34.39086721270703
2016/7/15 18:00,7.234000206,1.340000033,4.619999886,0.0,2.588999987,1.097000003,34.36900615836896
2016/7/15 18:15,6.899000168,1.340000033,4.513000011,0.0,2.375999928,1.065999985,33.428548010130704
2016/7/15 18:30,6.497000217,1.20599997,4.263999939,-0.035999998,2.28399992,1.004999995,32.30319341773144
2016/7/15 18:45,6.631000042,1.072000027,4.19299984,-0.107000001,2.405999899,0.944000006,32.635153150293235
2016/7/15 19:00,6.96600008,1.139000058,4.441999912,-0.035999998,2.467000008,0.975000024,32.62993209450965
2016/7/15 19:15,6.96600008,1.072000027,4.513000011,-0.071000002,2.497999907,0.944000006,32.6553181622058
2016/7/15 19:30,6.96600008,1.139000058,4.547999859,0.0,2.405999899,0.944000006,32.710524067984274
2016/7/15 19:45,7.166999817,1.139000058,4.762000084,0.0,2.437000036,0.913999975,33.216867358812685
2016/7/15 20:00,7.166999817,1.139000058,4.762000084,0.0,2.437000036,0.852999985,33.18502087690065
2016/7/15 20:15,7.166999817,1.139000058,4.65500021,-0.035999998,2.497999907,0.913999975,32.82633582009614
2016/7/15 20:30,7.099999905,1.072000027,4.619999886,-0.107000001,2.437000036,0.975000024,32.816300963036795
2016/7/15 20:45,6.96600008,1.072000027,4.406000137,-0.107000001,2.559000015,1.004999995,32.93489233997389
2016/7/15 21:00,8.371999741,2.947000027,6.218999863,1.207999945,2.437000036,1.036000013,34.1767791515617
2016/7/15 21:15,8.640000343,1.273000002,6.218999863,0.284000009,2.467000008,1.036000013,34.324229942380235
2016/7/15 21:30,9.779000282,1.741000056,7.284999847,0.711000025,2.253999949,0.975000024,33.17280835264913
2016/7/15 21:45,9.711999893,2.477999926,7.461999893,0.852999985,2.101999998,0.913999975,32.26399712639151
2016/7/15 22:00,9.109000206,2.210000038,7.568999767,0.958999991,2.00999999,0.883000016,32.13195855165143
2016/7/15 22:15,9.845999718,2.812999964,7.284999847,0.675000012,2.101999998,0.883000016,32.20191624202022
2016/7/15 22:30,8.371999741,2.009000063,5.96999979,0.603999972,1.980000019,0.852999985,32.201333179677356
2016/7/15 22:45,9.31000042,1.942000031,6.928999901,0.603999972,2.040999889,0.883000016,32.18878161332247
2016/7/15 23:00,8.907999992,2.678999901,7.639999866,1.527999997,1.949000001,0.883000016,32.128883473925725
2016/7/15 23:15,10.11400032,3.08100009,7.994999886,1.172999978,1.91900003,0.883000016,31.90598959978017
2016/7/15 23:30,11.11900043,3.348999977,8.989999771,2.309999943,1.91900003,0.883000016,31.881197289945575
2016/7/15 23:45,9.913000107,2.27699995,8.279999733,1.84800005,1.797000051,0.852999985,30.75164559329625
2016/7/16 0:00,8.505999565,2.210000038,6.644999981,0.782000005,1.644999981,0.852999985,28.477765097780853
2016/7/16 0:15,8.706999779,1.674000025,6.681000233,0.924000025,1.70599997,0.852999985,30.98516857049745
2016/7/16 0:30,9.779000282,2.477999926,7.604000092,0.995000005,1.552999973,0.852999985,28.8357514740921
2016/7/16 0:45,9.711999893,2.545000076,7.710999966,1.243999958,1.797000051,0.852999985,30.83070107256081
2016/7/16 1:00,10.04699993,3.08100009,8.031000137,1.669999957,1.735999942,0.822000027,30.751453721492908
2016/7/16 1:15,9.175999641,2.880000114,7.284999847,1.741000056,1.70599997,0.822000027,30.905937217874
2016/7/16 1:30,10.18099976,2.545000076,8.670999527,1.77699995,1.70599997,0.822000027,30.588037758121956
2016/7/16 1:45,10.64999962,2.611999989,8.527999878,1.598999977,1.552999973,0.760999978,28.758908759228184
2016/7/16 2:00,10.85099983,3.750999928,8.741999626,1.99000001,1.462000012,0.760999978,28.66618463513556
2016/7/16 2:15,9.109000206,2.075999975,7.604000092,1.527999997,1.491999984,0.760999978,28.565098011661036
2016/7/16 2:30,10.31499958,2.545000076,8.38599968,1.63499999,1.523000002,0.791999996,28.767113843521464
2016/7/16 2:45,9.979999542,3.549999952,8.954999924,1.883000016,1.491999984,0.760999978,28.66763020300498
2016/7/16 3:00,8.907999992,2.947000027,7.639999866,1.598999977,1.491999984,0.791999996,28.06800079
2016/7/16 3:15,8.23900032,2.27699995,6.681000233,0.995000005,1.432000041,0.731000006,27.71699905
2016/7/16 3:30,9.444000244,2.27699995,7.676000118,1.491999984,1.401000023,0.731000006,28.57839682370372
2016/7/16 3:45,9.243000031,2.746000051,7.960000038,1.812000036,1.432000041,0.670000017,28.596253048678054
2016/7/16 4:00,9.51099968,2.009000063,7.320000172,1.065999985,1.371000051,0.670000017,28.57829093120578
2016/7/16 4:15,9.175999641,2.210000038,7.143000126,0.639999986,1.432000041,0.670000017,28.63100052
2016/7/16 4:30,9.51099968,2.477999926,7.427000046,1.065999985,1.432000041,0.700999975,28.58650599761188
2016/7/16 4:45,9.041999817,1.807999969,7.355999947,1.172999978,1.552999973,0.670000017,28.42000008
2016/7/16 5:00,9.578000069,2.477999926,7.853000164,0.958999991,1.644999981,0.670000017,28.785126710216716
2016/7/16 5:15,10.91800022,1.674000025,8.421999931,0.782000005,1.797000051,0.639999986,30.60271132583042
2016/7/16 5:30,11.18599987,2.075999975,8.493000031,0.958999991,2.040999889,0.670000017,31.860820234187717
2016/7/16 5:45,11.38700008,2.678999901,8.598999977,1.279000044,2.00999999,0.700999975,31.409815377942635
2016/7/16 6:00,9.645000458,2.210000038,7.604000092,0.782000005,2.163000107,0.731000006,31.893396908616943
2016/7/16 6:15,9.779000282,2.545000076,7.390999794,0.569000006,2.193000078,0.822000027,32.35923417903701
2016/7/16 6:30,10.18099976,2.812999964,7.747000217,1.457000017,2.163000107,0.883000016,32.20216130234554
2016/7/16 6:45,7.032999992,1.406999946,5.046000004,0.0,2.253999949,0.944000006,33.0721896128304
2016/7/16 7:00,6.229000092,1.875,4.122000217,0.354999989,2.131999969,1.004999995,32.53175313959719
2016/7/16 7:15,6.764999866,1.674000025,4.833000183,0.603999972,1.827999949,0.700999975,31.432636032060273
2016/7/16 7:30,7.301000118,2.27699995,5.329999924,0.888000011,1.827999949,0.822000027,31.44745709048995
2016/7/16 7:45,6.831999779,1.60800004,4.762000084,0.711000025,2.101999998,1.036000013,33.59812463879269
2016/7/16 8:00,6.96600008,2.746000051,4.93900013,0.711000025,2.101999998,1.065999985,33.71809195217064
2016/7/16 8:15,7.368000031,1.875,4.833000183,0.425999999,2.223999977,1.156999946,34.16392626659619
2016/7/16 8:30,7.166999817,1.674000025,5.258999825,0.888000011,2.163000107,1.036000013,33.551668206207445
2016/7/16 8:45,7.636000156,2.411000013,5.295000076,0.816999972,2.131999969,1.036000013,34.11247396258702
2016/7/16 9:00,7.301000118,1.60800004,5.117000103,0.319999993,2.101999998,0.975000024,31.44499969
2016/7/16 9:15,7.971000195,2.075999975,5.258999825,0.782000005,2.163000107,1.156999946,34.35251227561919
2016/7/16 9:30,7.836999893,2.880000114,5.650000095,0.745999992,2.497999907,1.036000013,36.39186312702057
2016/7/16 9:45,8.305999756,2.27699995,6.324999809,1.598999977,2.253999949,1.036000013,33.872759465805466
2016/7/16 10:00,8.840999603,2.27699995,6.395999908,0.958999991,2.588999987,1.126999974,32.698098806653405
2016/7/16 10:15,9.979999542,2.210000038,6.681000233,1.243999958,2.772000074,1.065999985,34.42170733114668
2016/7/16 10:30,10.04699993,2.27699995,7.177999973,0.958999991,2.954999924,1.156999946,33.417199745188576
2016/7/16 10:45,9.779000282,2.27699995,7.106999874,1.172999978,3.075999975,1.065999985,34.28474324888198
2016/7/16 11:00,9.243000031,2.142999887,6.43200016,0.995000005,3.015000105,1.156999946,33.56719538392915
2016/7/16 11:15,9.243000031,2.545000076,6.183000088,0.924000025,2.984999895,1.279000044,32.57747026884411
2016/7/16 11:30,7.836999893,2.075999975,5.472000122,0.425999999,2.772000074,1.187999964,34.34013006054372
2016/7/16 11:45,7.166999817,1.875,5.046000004,0.071000002,2.345000029,1.004999995,35.147388800443444
2016/7/16 12:00,6.429999828,1.273000002,4.263999939,0.284000009,2.345000029,1.004999995,32.24149213757482
2016/7/16 12:15,6.09499979,0.938000023,4.086999893,0.213,2.163000107,0.975000024,31.01902535975996
2016/7/16 12:30,7.368000031,2.009000063,4.619999886,0.462000012,2.163000107,0.944000006,32.17738624531732
2016/7/16 12:45,6.96600008,2.344000101,4.93900013,0.569000006,2.253999949,0.975000024,33.13735892693553
2016/7/16 13:00,6.697999954,2.27699995,4.547999859,0.354999989,2.253999949,1.036000013,33.78174540186855
2016/7/16 13:15,6.631000042,1.473999977,4.477000237,0.248999998,2.193000078,0.944000006,31.930716178882253
2016/7/16 13:30,7.568999767,2.142999887,5.081999779,0.639999986,2.223999977,1.065999985,34.401626167341945
2016/7/16 13:45,6.831999779,2.210000038,5.046000004,1.172999978,2.071000099,1.004999995,33.31145115795725
2016/7/16 14:00,7.769999981,2.678999901,4.93900013,1.207999945,2.193000078,1.097000003,33.52768211550622
2016/7/16 14:15,7.636000156,2.812999964,5.614999771,1.207999945,2.040999889,1.065999985,33.27589045122115
2016/7/16 14:30,7.836999893,2.344000101,5.046000004,0.639999986,2.163000107,1.065999985,34.23389087418995
2016/7/16 14:45,7.368000031,2.009000063,5.188000202,0.711000025,2.040999889,1.004999995,34.17990157579304
2016/7/16 15:00,8.104999542,2.344000101,5.828000069,1.065999985,2.193000078,1.065999985,33.60071602052679
2016/7/16 15:15,7.568999767,2.210000038,4.868000031,0.958999991,2.193000078,1.065999985,33.58442191764508
2016/7/16 15:30,6.899000168,1.807999969,4.833000183,0.425999999,2.223999977,1.097000003,33.69312448410911
2016/7/16 15:45,7.301000118,2.411000013,4.65500021,1.031000018,2.28399992,1.065999985,34.035035807756465
2016/7/16 16:00,7.099999905,2.142999887,5.329999924,1.350000024,2.131999969,1.065999985,33.37494116508857
2016/7/16 16:15,7.301000118,2.545000076,5.046000004,1.172999978,2.193000078,1.126999974,33.52973310041855
2016/7/16 16:30,7.301000118,2.009000063,4.93900013,0.888000011,2.131999969,1.065999985,33.45129984167737
2016/7/16 16:45,7.903999805,2.27699995,5.650000095,1.207999945,2.405999899,1.036000013,34.18545141623847
2016/7/16 17:00,7.836999893,2.210000038,5.366000175,0.958999991,2.528000116,1.036000013,33.54285222671598
2016/7/16 17:15,8.171999931,2.27699995,5.507999897,0.816999972,2.528000116,1.036000013,35.574592723482645
2016/7/16 17:30,7.836999893,2.009000063,5.223999977,0.497000009,2.588999987,1.036000013,35.232374257547406
2016/7/16 17:45,7.501999855,1.807999969,4.868000031,0.497000009,2.618999958,1.097000003,35.539547458667805
2016/7/16 18:00,7.301000118,1.741000056,4.477000237,0.354999989,2.528000116,1.097000003,34.44167511209231
2016/7/16 18:15,6.899000168,1.406999946,4.547999859,0.142000005,2.405999899,1.004999995,33.45725697149656
2016/7/16 18:30,7.166999817,1.406999946,4.584000111,0.107000001,2.588999987,0.975000024,32.79713201743103
2016/7/16 18:45,6.96600008,1.340000033,4.406000137,0.035999998,2.497999907,1.036000013,32.96800458475775
2016/7/16 19:00,6.697999954,1.20599997,4.229000092,-0.035999998,2.405999899,1.004999995,33.62599945
2016/7/16 19:15,6.697999954,1.273000002,4.229000092,0.0,2.467000008,1.065999985,32.982492199789334
2016/7/16 19:30,6.899000168,1.20599997,4.335000038,-0.035999998,2.559000015,0.975000024,32.67554053828119
2016/7/16 19:45,7.501999855,1.273000002,4.65500021,0.035999998,2.802000046,1.004999995,34.354596315756794
2016/7/16 20:00,7.836999893,1.20599997,4.974999905,0.0,2.862999916,0.975000024,33.44208889770386
2016/7/16 20:15,8.104999542,1.340000033,5.152999878,0.071000002,2.924000025,1.004999995,34.61298452257272
2016/7/16 20:30,8.104999542,1.273000002,5.081999779,0.0,2.924000025,1.036000013,34.604141749325954
2016/7/16 20:45,7.769999981,1.406999946,4.93900013,0.071000002,2.772000074,1.004999995,34.3791745805758
2016/7/16 21:00,7.434999943,1.273000002,4.584000111,-0.354999989,2.650000095,0.975000024,32.826478212937296
2016/7/16 21:15,7.166999817,1.741000056,5.329999924,0.142000005,2.618999958,1.004999995,34.409967935246804
2016/7/16 21:30,8.038000107,2.075999975,5.507999897,0.425999999,2.437000036,1.004999995,35.277026876967255
2016/7/16 21:45,7.636000156,1.807999969,5.258999825,0.107000001,2.375999928,0.975000024,33.315959178736826
2016/7/16 22:00,8.104999542,2.009000063,6.005000114,0.958999991,2.253999949,0.852999985,33.07974801679515
2016/7/16 22:15,8.038000107,1.942000031,5.721000195,0.425999999,2.223999977,0.822000027,33.094847355606326
2016/7/16 22:30,8.104999542,2.009000063,5.436999798,0.425999999,2.253999949,0.913999975,32.996400602390125
2016/7/16 22:45,7.099999905,1.674000025,4.974999905,0.569000006,2.163000107,0.883000016,32.020829055070024
2016/7/16 23:00,7.836999893,1.807999969,5.366000175,0.782000005,2.071000099,0.883000016,32.16262324133004
2016/7/16 23:15,8.907999992,2.075999975,6.218999863,0.852999985,1.949000001,0.852999985,32.16558806079535
2016/7/16 23:30,9.578000069,2.344000101,7.676000118,1.350000024,1.980000019,0.852999985,31.96392126546373
2016/7/16 23:45,9.175999641,3.013999939,8.208999634,1.243999958,1.91900003,0.852999985,32.093965228879036
2016/7/17 0:00,10.18099976,2.746000051,8.598999977,1.669999957,1.91900003,0.852999985,31.890750954197078
2016/7/17 0:15,9.578000069,2.210000038,7.461999893,0.995000005,1.85800004,0.852999985,31.96760245154415
2016/7/17 0:30,10.04699993,2.880000114,8.598999977,1.63499999,1.85800004,0.883000016,31.855155326827045
2016/7/17 0:45,9.779000282,2.477999926,7.994999886,1.84800005,1.76699996,0.852999985,30.814626686770797
2016/7/17 1:00,10.04699993,2.947000027,8.173000336,1.598999977,1.827999949,0.883000016,31.872534899945787
2016/7/17 1:15,9.041999817,3.08100009,6.71600008,1.598999977,1.735999942,0.852999985,30.917994257580848
2016/7/17 1:30,9.31000042,2.880000114,7.320000172,1.56400001,1.797000051,0.822000027,30.880117919271147
2016/7/17 1:45,10.18099976,3.415999889,8.208999634,2.415999889,1.644999981,0.822000027,28.781870312083242
2016/7/17 2:00,9.779000282,3.08100009,7.747000217,2.131999969,1.735999942,0.822000027,30.816381090351232
2016/7/17 2:15,10.91800022,3.750999928,8.741999626,1.77699995,1.552999973,0.670000017,28.744330725917006
2016/7/17 2:30,7.836999893,2.075999975,6.324999809,0.958999991,1.491999984,0.670000017,28.16754759677195
2016/7/17 2:45,9.243000031,2.678999901,7.284999847,1.491999984,1.552999973,0.700999975,28.673320678919584
2016/7/17 3:00,8.43900013,2.27699995,6.787000179,1.207999945,1.583999991,0.760999978,28.384997882925028
2016/7/17 3:15,7.501999855,1.807999969,6.040999889,0.639999986,1.523000002,0.670000017,28.167684686076182
2016/7/17 3:30,8.305999756,2.812999964,6.857999802,1.315000057,1.583999991,0.731000006,28.19547369565958
2016/7/17 3:45,8.505999565,2.545000076,7.106999874,1.527999997,1.462000012,0.731000006,28.115114418047423
2016/7/17 4:00,9.041999817,1.942000031,7.604000092,1.491999984,1.552999973,0.700999975,28.482343320954048
2016/7/17 4:15,9.51099968,2.075999975,8.137999535,1.207999945,1.674999952,0.700999975,28.75718597455026
2016/7/17 4:30,6.56400013,2.075999975,5.721000195,0.675000012,1.76699996,0.700999975,31.51499939
2016/7/17 4:45,8.640000343,1.674000025,6.289999962,0.532999992,1.735999942,0.791999996,31.006231088877968
2016/7/17 5:00,9.31000042,2.210000038,7.568999767,1.243999958,1.85800004,0.975000024,32.10847475578068
2016/7/17 5:15,9.51099968,1.741000056,6.857999802,0.852999985,2.101999998,0.731000006,31.911732644783502
2016/7/17 5:30,10.11400032,2.477999926,7.355999947,0.995000005,2.345000029,0.883000016,33.368186531533375
2016/7/17 5:45,11.45400047,3.08100009,8.954999924,1.279000044,2.28399992,0.791999996,33.34259639365087
2016/7/17 6:00,11.45400047,3.214999914,8.883999825,1.421000004,2.437000036,0.791999996,33.664895479377904
2016/7/17 6:15,10.51599979,2.746000051,8.031000137,1.386000037,2.437000036,0.944000006,33.78382551263944
2016/7/17 6:30,9.175999641,2.545000076,6.751999855,1.101999998,2.375999928,1.036000013,34.1556745361799
2016/7/17 6:45,9.376999855,3.013999939,6.502999783,0.888000011,2.315000057,1.065999985,33.097446172236616
2016/7/17 7:00,7.703000069,2.009000063,5.68599987,0.711000025,2.375999928,1.065999985,36.031805114551524
2016/7/17 7:15,8.43900013,2.746000051,5.756999969,1.386000037,2.28399992,1.065999985,34.32139979032186
2016/7/17 7:30,7.568999767,1.807999969,5.117000103,0.782000005,2.315000057,1.036000013,35.949518515085266
2016/7/17 7:45,8.572999954,2.210000038,5.96999979,1.136999965,2.193000078,1.065999985,33.56948503103036
2016/7/17 8:00,7.836999893,2.210000038,5.650000095,0.745999992,2.345000029,1.036000013,36.04229351105959
2016/7/17 8:15,7.903999805,2.545000076,5.366000175,1.386000037,2.315000057,1.036000013,34.44000176469699
2016/7/17 8:30,7.636000156,2.075999975,5.366000175,0.958999991,2.253999949,1.126999974,33.614733069050764
2016/7/17 8:45,7.769999981,2.545000076,5.756999969,1.315000057,2.375999928,1.371000051,31.549826120506378
2016/7/17 9:00,7.769999981,2.142999887,5.366000175,1.101999998,2.650000095,1.248999953,33.97800064
2016/7/17 9:15,8.371999741,2.812999964,6.040999889,0.816999972,2.345000029,1.126999974,35.6039376729191
2016/7/17 9:30,8.975000381,2.344000101,6.147999763,0.852999985,2.437000036,1.279000044,31.71835709011811
2016/7/17 9:45,9.175999641,2.880000114,6.218999863,0.888000011,2.984999895,1.309999943,32.577044875111824
2016/7/17 10:00,9.175999641,3.08100009,6.43200016,1.172999978,2.894000053,1.218000054,33.27470907232219
2016/7/17 10:15,10.31499958,2.880000114,6.71600008,1.315000057,2.862999916,1.156999946,33.63612496047302
2016/7/17 10:30,10.18099976,2.009000063,6.573999882,0.782000005,3.107000113,1.340000033,33.328341962599254
2016/7/17 10:45,9.444000244,1.807999969,6.467000008,0.782000005,3.229000092,1.097000003,35.370300026131865
2016/7/17 11:00,9.645000458,2.477999926,6.610000134,1.350000024,3.107000113,1.004999995,34.44658465045732
2016/7/17 11:15,8.774000168,2.477999926,5.578999996,0.852999985,2.740999937,0.944000006,33.27926485253366
2016/7/17 11:30,8.104999542,2.545000076,5.899000168,0.782000005,2.528000116,1.004999995,36.05449317441042
2016/7/17 11:45,7.636000156,1.875,4.762000084,0.354999989,2.375999928,1.004999995,35.73600006
2016/7/17 12:00,7.636000156,1.807999969,5.188000202,0.248999998,2.405999899,0.975000024,33.29277947658486
2016/7/17 12:15,7.636000156,1.674000025,5.010000229,0.248999998,2.345000029,0.944000006,33.34668086436787
2016/7/17 12:30,6.96600008,1.807999969,4.868000031,0.213,2.315000057,0.975000024,33.244153308220895
2016/7/17 12:45,7.301000118,1.541000009,4.93900013,0.213,2.467000008,1.004999995,34.455333703366406
2016/7/17 13:00,8.038000107,1.541000009,5.010000229,0.497000009,2.437000036,1.036000013,34.4468242396131
2016/7/17 13:15,7.434999943,1.674000025,5.188000202,0.569000006,2.315000057,1.004999995,34.44705835699682
2016/7/17 13:30,7.501999855,2.27699995,5.329999924,0.532999992,2.223999977,0.944000006,33.08468579114413
2016/7/17 13:45,8.505999565,1.741000056,5.899000168,0.782000005,2.163000107,1.004999995,34.133206949461695
2016/7/17 14:00,8.371999741,2.411000013,6.147999763,1.031000018,2.193000078,0.975000024,31.892484313563717
2016/7/17 14:15,8.43900013,2.611999989,5.436999798,0.888000011,2.193000078,1.279000044,31.61830774046437
2016/7/17 14:30,7.769999981,2.477999926,5.650000095,0.675000012,2.253999949,1.004999995,34.44925727354884
2016/7/17 14:45,8.371999741,1.942000031,5.507999897,0.782000005,2.28399992,1.036000013,35.23834221656456
2016/7/17 15:00,8.371999741,2.344000101,5.899000168,0.852999985,2.345000029,1.065999985,33.5563081536315
2016/7/17 15:15,7.636000156,2.477999926,5.472000122,0.888000011,2.223999977,1.036000013,33.582152643011376
2016/7/17 15:30,8.104999542,2.477999926,5.472000122,0.888000011,2.253999949,0.975000024,33.095807526796705
2016/7/17 15:45,7.971000195,2.075999975,5.756999969,0.782000005,2.28399992,0.975000024,33.118368707003526
2016/7/17 16:00,7.703000069,2.142999887,5.472000122,1.065999985,2.223999977,0.975000024,33.07353854232745
2016/7/17 16:15,8.305999756,2.411000013,5.756999969,0.958999991,2.405999899,1.065999985,33.535027139666575
2016/7/17 16:30,8.171999931,2.27699995,5.650000095,0.958999991,2.467000008,1.036000013,33.39826332227186
2016/7/17 16:45,8.171999931,2.344000101,5.614999771,0.924000025,2.528000116,1.065999985,33.399632082584944
2016/7/17 17:00,8.505999565,2.545000076,5.791999817,1.172999978,2.710999966,1.126999974,34.188945119676426
2016/7/17 17:15,8.640000343,2.477999926,5.756999969,1.279000044,2.832999945,1.126999974,34.44796512770382
2016/7/17 17:30,8.572999954,1.942000031,5.543000221,0.675000012,2.832999945,1.126999974,35.70780787751642
2016/7/17 17:45,8.43900013,2.075999975,5.614999771,0.675000012,2.862999916,1.126999974,35.78183506108554
2016/7/17 18:00,8.305999756,1.942000031,5.543000221,0.532999992,2.710999966,1.097000003,35.27087796420041
2016/7/17 18:15,8.104999542,1.674000025,5.366000175,0.284000009,2.740999937,1.097000003,34.42976663271219
2016/7/17 18:30,7.769999981,1.807999969,5.081999779,0.354999989,2.650000095,1.065999985,35.2823664931009
2016/7/17 18:45,7.769999981,2.075999975,5.081999779,0.462000012,2.618999958,1.036000013,35.2530946457812
2016/7/17 19:00,8.104999542,1.674000025,5.366000175,0.319999993,2.710999966,1.065999985,34.4320531686622
2016/7/17 19:15,8.171999931,1.674000025,5.329999924,0.284000009,2.740999937,1.065999985,34.43705705047525
2016/7/17 19:30,8.505999565,1.674000025,5.650000095,0.248999998,2.894000053,1.036000013,34.65093792365679
2016/7/17 19:45,9.041999817,1.674000025,5.899000168,0.284000009,3.075999975,0.975000024,33.54442704226593
2016/7/17 20:00,9.913000107,1.674000025,6.395999908,0.284000009,3.381000042,0.975000024,33.64661146094403
2016/7/17 20:15,9.979999542,1.674000025,6.538000107,0.284000009,3.411000013,1.065999985,34.05189280467342
2016/7/17 20:30,10.18099976,1.60800004,6.71600008,0.248999998,3.441999912,0.944000006,33.69083347695797
2016/7/17 20:45,9.913000107,1.60800004,6.573999882,0.248999998,3.319999933,0.944000006,33.67594455745224
2016/7/17 21:00,10.24800014,0.536000013,6.502999783,-0.745999992,3.289999962,0.913999975,33.670575965373075
2016/7/17 21:15,11.98900032,2.611999989,8.989999771,1.243999958,3.107000113,0.913999975,33.85253472473628
2016/7/17 21:30,12.25699997,2.611999989,9.097000122,0.995000005,2.954999924,0.975000024,33.35954817651295
2016/7/17 21:45,12.32400036,2.880000114,9.487999916,1.56400001,2.772000074,0.913999975,34.028138073932
2016/7/17 22:00,12.45800018,3.684000015,9.807999611,2.131999969,2.528000116,0.822000027,33.7554833572338
2016/7/17 22:15,12.99400043,3.415999889,10.625,1.63499999,2.710999966,0.760999978,34.055956842269
2016/7/17 22:30,12.79300022,3.348999977,11.08699989,1.91900003,2.650000095,0.883000016,34.55442377323638
2016/7/17 22:45,14.46800041,3.88499999,11.54899979,2.523000002,2.650000095,0.852999985,35.37189276696801
2016/7/17 23:00,14.2670002,4.287000179,11.65499973,2.878000021,2.467000008,0.760999978,35.22763071839556
2016/7/17 23:15,15.94099998,4.956999779,10.44699955,3.092000008,4.934000015,1.248999953,34.43803791241839
2016/7/17 23:30,16.81200027,5.559000015,11.58399963,3.375999928,4.721000195,1.279000044,36.48102511702304
2016/7/17 23:45,16.20899963,4.956999779,11.58399963,2.559000015,4.690999985,1.340000033,35.80904121260828
2016/7/18 0:00,14.53499985,3.951999903,10.16300011,2.061000109,4.568999767,1.340000033,33.87607804354826
2016/7/18 0:15,15.60599995,5.290999889,10.66100025,2.451999903,4.538000107,1.309999943,34.93697191252495
2016/7/18 0:30,15.3380003,4.822999954,10.9090004,2.451999903,4.507999897,1.340000033,34.936168353903156
2016/7/18 0:45,15.3380003,5.157000065,11.33600044,2.664999962,4.355999947,1.309999943,35.62323371587234
2016/7/18 1:00,15.8739996,5.157000065,11.37100029,2.772000074,4.355999947,1.309999943,35.683459493977445
2016/7/18 1:15,16.34300041,5.090000153,12.15299988,3.305000067,4.324999809,1.279000044,36.170445192826094
2016/7/18 1:30,14.60200024,4.956999779,10.27000046,2.806999922,4.721000195,1.462000012,33.90926872507942
2016/7/18 1:45,14.66899967,5.022999763,10.4829998,2.914000034,4.630000114,1.523000002,33.84026478477637
2016/7/18 2:00,15.13700008,4.152999878,10.09200001,2.167999983,4.447000027,1.401000023,34.70463849406528
2016/7/18 2:15,14.40100002,4.21999979,9.807999611,2.131999969,4.447000027,1.552999973,29.94726508920554
2016/7/18 2:30,13.12800026,3.88499999,9.097000122,1.457000017,4.355999947,1.340000033,32.39156986602511
2016/7/18 2:45,13.9989996,4.085999966,9.666000366,2.025000095,4.295000076,1.401000023,33.37243245229798
2016/7/18 3:00,14.46800041,4.21999979,9.593999863,2.131999969,4.324999809,1.462000012,33.78578934285611
2016/7/18 3:15,14.53499985,4.487999916,9.984999657,1.77699995,4.386000156,1.432000041,34.54000092
2016/7/18 3:30,13.9989996,4.287000179,9.522999763,2.025000095,4.386000156,1.462000012,33.37901620817303
2016/7/18 3:45,13.12800026,3.750999928,8.883999825,1.421000004,4.447000027,1.432000041,32.6201790788238
2016/7/18 4:00,12.18999958,3.282000065,7.923999786,0.888000011,4.172999859,1.340000033,32.64562119057876
2016/7/18 4:15,13.39599991,3.549999952,8.777000427,1.136999965,4.234000206,1.432000041,32.64392083557629
2016/7/18 4:30,14.06599998,3.684000015,9.168000221,1.77699995,4.386000156,1.340000033,33.156807460121136
2016/7/18 4:45,14.73600006,4.085999966,10.05599976,2.273999929,4.416999817,1.371000051,34.10965505099237
2016/7/18 5:00,12.79300022,2.746000051,8.244000435,0.958999991,4.416999817,1.371000051,32.31367561034346
2016/7/18 5:15,15.40499973,4.756000042,10.51799965,1.91900003,4.630000114,1.432000041,34.729600980424514
2016/7/18 5:30,15.73999977,4.68900013,10.9090004,2.630000114,4.903999805,1.371000051,34.899294340627264
2016/7/18 5:45,16.27599907,4.21999979,10.8739996,1.953999996,4.934000015,1.309999943,34.40000153
2016/7/18 6:00,13.19499969,2.947000027,8.635000229,1.031000018,4.751999855,1.401000023,32.60089676567985
2016/7/18 6:15,13.9989996,3.549999952,9.949999809,1.741000056,4.903999805,1.491999984,33.26801859011114
2016/7/18 6:30,16.27599907,5.357999802,11.12199974,2.523000002,4.842999935,1.491999984,35.40580620575456
2016/7/18 6:45,16.27599907,5.290999889,11.01599979,2.594000101,4.873000145,1.674999952,34.14172441853398
2016/7/18 7:00,13.59700012,4.152999878,8.635000229,1.279000044,4.903999805,1.674999952,30.009280800039146
2016/7/18 7:15,15.3380003,4.554999828,9.843000412,2.309999943,4.842999935,1.674999952,29.763109118221333
2016/7/18 7:30,15.3380003,5.223999977,10.3409996,2.167999983,5.026000023,1.735999942,30.10787134068837
2016/7/18 7:45,13.73099995,3.549999952,8.173000336,1.101999998,5.026000023,1.76699996,30.113575777165217
2016/7/18 8:00,9.913000107,2.545000076,7.710999966,1.207999945,2.588999987,1.126999974,34.21862042594406
2016/7/18 8:15,10.64999962,2.947000027,8.173000336,1.350000024,2.467000008,1.218000054,33.31796434350983
2016/7/18 8:30,10.38199997,2.812999964,7.782000065,1.136999965,2.315000057,1.097000003,34.19466450797349
2016/7/18 8:45,10.85099983,2.947000027,7.568999767,1.315000057,2.375999928,1.187999964,33.488988638968465
2016/7/18 9:00,8.104999542,1.942000031,6.111999989,0.603999972,2.375999928,1.309999943,33.41723844105511
2016/7/18 9:15,8.171999931,2.477999926,5.650000095,0.958999991,2.772000074,1.279000044,32.68401712378612
2016/7/18 9:30,9.444000244,3.08100009,6.147999763,1.63499999,2.650000095,1.552999973,30.422681492527854
2016/7/18 9:45,9.444000244,3.214999914,6.183000088,0.852999985,2.772000074,1.371000051,31.709980072756835
2016/7/18 10:00,8.975000381,2.880000114,6.43200016,0.852999985,2.772000074,1.279000044,32.62354263146193
2016/7/18 10:15,10.31499958,2.880000114,6.71600008,0.995000005,3.289999962,1.279000044,32.8176221644582
2016/7/18 10:30,10.44900036,1.875,6.751999855,0.782000005,3.107000113,1.218000054,34.27044444289886
2016/7/18 10:45,9.913000107,2.411000013,6.573999882,1.172999978,3.289999962,1.309999943,32.58167960368364
2016/7/18 11:00,9.31000042,3.08100009,6.43200016,1.031000018,3.229000092,1.279000044,32.74975666608129
2016/7/18 11:15,8.305999756,2.27699995,5.899000168,1.065999985,2.984999895,1.097000003,34.14145139759786
2016/7/18 11:30,8.640000343,2.545000076,5.401000023,0.711000025,2.618999958,1.126999974,36.383575238958294
2016/7/18 11:45,7.301000118,1.473999977,4.725999832,0.142000005,2.375999928,1.126999974,34.42229457488928
2016/7/18 12:00,7.636000156,1.674000025,5.046000004,0.284000009,2.437000036,1.036000013,34.45171782757511
2016/7/18 12:15,7.301000118,1.807999969,4.974999905,-0.071000002,2.315000057,1.187999964,34.34865045107273
2016/7/18 12:30,8.038000107,1.942000031,5.366000175,0.319999993,2.345000029,0.944000006,33.31819444376447
2016/7/18 12:45,7.971000195,1.741000056,5.68599987,0.284000009,2.345000029,0.944000006,33.31369887881228
2016/7/18 13:00,8.23900032,2.075999975,5.68599987,0.639999986,2.345000029,0.913999975,33.13840475413437
2016/7/18 13:15,8.572999954,1.674000025,5.862999916,0.852999985,2.375999928,1.004999995,33.35096512994139
2016/7/18 13:30,8.371999741,2.344000101,5.899000168,0.745999992,2.437000036,1.036000013,35.80942672317182
2016/7/18 13:45,8.840999603,2.27699995,6.538000107,0.745999992,2.375999928,1.004999995,36.78653003473747
2016/7/18 14:00,8.706999779,2.009000063,6.43200016,0.745999992,2.437000036,1.004999995,38.54999924
2016/7/18 14:15,8.774000168,2.411000013,6.147999763,0.782000005,2.467000008,1.036000013,35.435171512028255
2016/7/18 14:30,7.836999893,2.545000076,5.614999771,0.711000025,2.772000074,1.097000003,38.54999924
2016/7/18 14:45,8.640000343,1.807999969,5.828000069,0.603999972,2.710999966,1.218000054,34.50088739049817
2016/7/18 15:00,7.903999805,2.27699995,5.436999798,0.675000012,2.832999945,1.126999974,36.43049030956175
2016/7/18 15:15,8.43900013,2.210000038,5.614999771,0.569000006,2.588999987,1.065999985,35.1867674308974
2016/7/18 15:30,8.171999931,1.741000056,5.401000023,0.284000009,2.894000053,1.097000003,34.62573337936072
2016/7/18 15:45,8.305999756,1.807999969,5.650000095,0.497000009,2.832999945,1.126999974,35.18505585017751
2016/7/18 16:00,8.43900013,1.741000056,5.578999996,0.462000012,2.802000046,1.156999946,34.39686805597361
2016/7/18 16:15,8.572999954,2.411000013,5.756999969,0.569000006,3.046000004,1.156999946,34.6222754240408
2016/7/18 16:30,8.774000168,2.27699995,5.721000195,0.711000025,2.984999895,1.309999943,33.622573199131054
2016/7/18 16:45,8.706999779,1.942000031,5.791999817,0.639999986,3.075999975,1.309999943,34.14587543165897
2016/7/18 17:00,8.505999565,2.075999975,5.472000122,0.497000009,3.015000105,1.309999943,33.802811362377064
2016/7/18 17:15,8.572999954,1.942000031,5.366000175,0.354999989,2.924000025,1.156999946,34.2457416074018
2016/7/18 17:30,8.43900013,1.60800004,5.366000175,0.248999998,2.984999895,1.065999985,34.65432688716101
2016/7/18 17:45,8.706999779,2.009000063,5.650000095,0.391000003,3.046000004,1.187999964,34.39216402998901
2016/7/18 18:00,8.371999741,1.942000031,5.543000221,0.391000003,3.289999962,1.340000033,34.12144934063699
2016/7/18 18:15,8.371999741,2.009000063,5.258999825,0.425999999,3.015000105,1.248999953,34.31964690141137
2016/7/18 18:30,8.23900032,1.807999969,5.258999825,0.284000009,2.954999924,1.218000054,34.29984987864743
2016/7/18 18:45,8.038000107,1.674000025,5.117000103,0.284000009,2.894000053,1.036000013,34.59547858074529
2016/7/18 19:00,8.171999931,1.741000056,5.329999924,0.319999993,2.832999945,1.036000013,34.46237240074008
2016/7/18 19:15,8.371999741,1.674000025,5.543000221,0.319999993,2.954999924,1.036000013,34.650411523585575
2016/7/18 19:30,8.975000381,1.807999969,5.828000069,0.391000003,3.167999983,1.097000003,36.37110266986045
2016/7/18 19:45,9.578000069,1.875,6.218999863,0.425999999,3.441999912,1.036000013,35.31942675626837
2016/7/18 20:00,10.51599979,2.075999975,6.822999954,0.497000009,3.686000109,1.126999974,35.24399948
2016/7/18 20:15,10.71700001,2.210000038,6.787000179,0.425999999,3.838000059,1.126999974,35.14089529329776
2016/7/18 20:30,10.44900036,2.142999887,6.822999954,0.425999999,3.746000051,1.126999974,35.15867416844313
2016/7/18 20:45,10.51599979,2.075999975,6.644999981,0.425999999,3.838000059,1.126999974,35.187771492033974
2016/7/18 21:00,11.45400047,1.674000025,8.065999985,0.178000003,3.563999891,1.156999946,34.16154299186291
2016/7/18 21:15,11.72099972,2.344000101,8.421999931,0.248999998,3.471999884,1.218000054,34.11728686980636
2016/7/18 21:30,11.85499954,2.947000027,9.204000473,1.56400001,3.319999933,1.097000003,34.598271267225876
2016/7/18 21:45,12.05599976,2.344000101,9.31000042,1.101999998,3.046000004,0.975000024,34.10573528329542
2016/7/18 22:00,12.45800018,3.415999889,9.949999809,1.77699995,2.862999916,0.883000016,33.99480360445329
2016/7/18 22:15,13.59700012,3.617000103,10.30500031,1.598999977,2.802000046,0.852999985,34.269025329720925
2016/7/18 22:30,12.72599983,3.415999889,9.807999611,1.812000036,2.710999966,0.913999975,34.02203886976828
2016/7/18 22:45,13.4630003,3.750999928,10.9090004,2.523000002,2.559000015,0.944000006,33.983644296085615
2016/7/18 23:00,12.05599976,3.348999977,10.05599976,1.77699995,2.437000036,0.883000016,33.80808141117464
2016/7/18 23:15,14.80300045,5.223999977,12.61499977,3.660000086,2.528000116,0.913999975,35.568416136393225
2016/7/18 23:30,14.60200024,4.622000217,12.33100033,2.984999895,2.497999907,0.913999975,35.51810061881706
2016/7/18 23:45,12.45800018,3.684000015,10.09200001,2.203000069,2.437000036,0.944000006,33.82017356718021
2016/7/19 0:00,13.59700012,4.085999966,11.37100029,2.486999989,2.315000057,0.852999985,34.826241119496494
2016/7/19 0:15,14.2670002,4.756000042,12.04599953,2.984999895,2.071000099,0.700999975,33.634737948458124
2016/7/19 0:30,13.19499969,4.487999916,11.12199974,3.019999981,1.91900003,0.639999986,31.633702960961852
2016/7/19 0:45,12.18999958,3.48300004,9.949999809,2.239000082,1.888000011,0.639999986,31.415823549372718
2016/7/19 1:00,13.79800034,4.085999966,11.30000019,3.163000107,1.827999949,0.670000017,31.58596060147206
2016/7/19 1:15,12.39099979,4.287000179,10.94499969,3.055999994,1.76699996,0.639999986,30.70859171909368
2016/7/19 1:30,11.52099991,3.282000065,9.559000015,2.486999989,1.76699996,0.639999986,30.379150979524816
2016/7/19 1:45,13.73099995,4.68900013,11.79800034,3.375999928,1.85800004,0.700999975,31.579793080346782
2016/7/19 2:00,12.72599983,4.354000092,10.8380003,2.486999989,1.827999949,0.670000017,31.45355749882471
2016/7/19 2:15,12.79300022,4.354000092,10.8380003,2.842999935,1.735999942,0.700999975,30.638941108845597
2016/7/19 2:30,13.06099987,4.019000053,11.22900009,2.948999882,1.76699996,0.670000017,30.614189562114092
2016/7/19 2:45,11.72099972,3.617000103,9.737000465,2.061000109,1.76699996,0.731000006,30.405273221038488
2016/7/19 3:00,11.38700008,3.214999914,9.593999863,2.381000042,1.70599997,0.731000006,30.355505329734587
2016/7/19 3:15,10.71700001,3.013999939,9.131999969,2.273999929,1.70599997,0.670000017,30.470256037641374
2016/7/19 3:30,11.45400047,3.282000065,9.274999619,1.91900003,1.70599997,0.700999975,30.49392105432296
2016/7/19 3:45,12.39099979,3.617000103,9.31000042,1.91900003,1.70599997,0.700999975,30.541003041016832
2016/7/19 4:00,12.52499962,4.152999878,10.5539999,2.203000069,1.70599997,1.004999995,30.565813090106925
2016/7/19 4:15,10.91800022,3.348999977,9.23900032,1.812000036,1.76699996,0.731000006,30.50686152737354
2016/7/19 4:30,11.31999969,3.617000103,9.701000214,2.273999929,1.76699996,0.731000006,30.41477793330262
2016/7/19 4:45,11.31999969,3.415999889,9.559000015,1.883000016,1.797000051,0.700999975,30.414615960681143
2016/7/19 5:00,12.05599976,3.08100009,10.23400021,1.812000036,1.888000011,0.731000006,31.420729264585187
2016/7/19 5:15,11.11900043,2.477999926,8.56400013,0.425999999,2.101999998,0.760999978,32.00799942
2016/7/19 5:30,11.38700008,2.075999975,9.522999763,0.995000005,2.375999928,0.822000027,33.293195328372825
2016/7/19 5:45,11.78800011,2.880000114,8.812999725,1.065999985,2.345000029,0.913999975,33.331176497509176
2016/7/19 6:00,10.7840004,2.545000076,8.777000427,1.065999985,2.253999949,0.913999975,32.85200119
2016/7/19 6:15,10.44900036,2.210000038,8.350999832,1.172999978,2.315000057,0.913999975,33.77487184650957
2016/7/19 6:30,11.5880003,3.48300004,8.635000229,1.207999945,2.315000057,1.004999995,34.299062227127706
2016/7/19 6:45,9.979999542,2.210000038,7.604000092,0.745999992,2.28399992,1.004999995,34.964336564095625
2016/7/19 7:00,8.572999954,2.075999975,6.147999763,0.284000009,2.315000057,1.065999985,35.26654117615202
2016/7/19 7:15,9.175999641,2.009000063,6.183000088,0.071000002,2.772000074,1.156999946,34.407966962510926
2016/7/19 7:30,9.175999641,2.344000101,6.040999889,0.816999972,2.650000095,1.097000003,35.48058722234588
2016/7/19 7:45,7.501999855,1.60800004,4.868000031,0.354999989,2.375999928,1.065999985,34.43310756443984
2016/7/19 8:00,8.706999779,2.545000076,5.578999996,1.56400001,2.618999958,1.126999974,34.511222787911834
2016/7/19 8:15,9.645000458,3.08100009,6.928999901,1.56400001,2.862999916,1.309999943,32.7820015
2016/7/19 8:30,9.109000206,3.348999977,6.787000179,1.70599997,3.107000113,1.309999943,32.72539810199925
2016/7/19 8:45,9.779000282,3.348999977,7.143000126,1.457000017,3.015000105,1.371000051,31.723846701380676
2016/7/19 9:00,9.645000458,2.678999901,6.894000053,0.888000011,2.559000015,1.309999943,31.697393406754475
2016/7/19 9:15,8.975000381,2.746000051,6.218999863,0.782000005,2.650000095,1.156999946,34.42787496944445
2016/7/19 9:30,9.175999641,2.210000038,6.076000214,0.852999985,2.588999987,1.218000054,33.16128285015291
2016/7/19 9:45,9.645000458,2.746000051,6.787000179,1.172999978,2.740999937,1.156999946,33.62964035208353
2016/7/19 10:00,9.645000458,2.477999926,6.751999855,0.782000005,3.107000113,1.036000013,35.03067032601186
2016/7/19 10:15,10.98499966,2.880000114,7.320000172,1.136999965,3.441999912,1.156999946,33.642232505275416
2016/7/19 10:30,10.18099976,2.746000051,7.214000225,1.136999965,3.167999983,0.944000006,33.8599758150389
2016/7/19 10:45,10.04699993,2.477999926,6.787000179,0.852999985,3.349999905,1.187999964,33.444882039059536
2016/7/19 11:00,9.51099968,2.545000076,6.183000088,0.782000005,3.259000063,1.126999974,35.24943438821171
2016/7/19 11:15,8.706999779,2.210000038,6.218999863,0.782000005,3.075999975,0.944000006,33.41269225112876
2016/7/19 11:30,8.23900032,1.674000025,5.366000175,0.497000009,2.559000015,1.126999974,34.43272552698055
2016/7/19 11:45,7.501999855,1.942000031,5.117000103,0.071000002,2.618999958,1.097000003,35.372205907667315
2016/7/19 12:00,7.703000069,1.807999969,4.903999805,0.354999989,2.253999949,0.852999985,33.093192667175
2016/7/19 12:15,7.836999893,1.807999969,5.223999977,0.391000003,2.315000057,0.883000016,33.27600514871715
2016/7/19 12:30,7.836999893,1.875,4.903999805,0.425999999,2.345000029,1.218000054,34.26038596686809
2016/7/19 12:45,7.301000118,1.807999969,5.295000076,0.391000003,2.375999928,0.913999975,33.23914776757291
2016/7/19 13:00,7.903999805,1.741000056,5.223999977,0.425999999,2.223999977,0.852999985,33.10110579123909
2016/7/19 13:15,7.368000031,2.210000038,5.366000175,0.391000003,2.223999977,0.883000016,33.070083882755
2016/7/19 13:30,7.903999805,1.60800004,5.046000004,0.391000003,1.980000019,0.852999985,32.222673782103556
2016/7/19 13:45,7.836999893,2.075999975,5.223999977,0.213,2.00999999,0.883000016,32.20464602254255
2016/7/19 14:00,7.501999855,1.473999977,5.791999817,0.711000025,2.040999889,0.852999985,32.09094652299414
2016/7/19 14:15,7.568999767,2.009000063,5.295000076,0.958999991,2.131999969,0.913999975,32.17354258985849
2016/7/19 14:30,8.706999779,1.942000031,6.751999855,0.958999991,2.071000099,0.852999985,32.158295183317975
2016/7/19 14:45,9.578000069,2.545000076,6.857999802,1.172999978,2.040999889,0.913999975,32.22322600901535
2016/7/19 15:00,9.578000069,2.746000051,6.894000053,0.995000005,1.980000019,0.913999975,31.992189047031662
2016/7/19 15:15,8.774000168,1.807999969,6.71600008,0.532999992,2.345000029,1.156999946,34.267549188116455
2016/7/19 15:30,8.907999992,2.880000114,6.502999783,1.136999965,2.28399992,1.097000003,34.03119348892611
2016/7/19 15:45,8.104999542,2.812999964,5.614999771,0.924000025,2.588999987,1.218000054,33.256273614650276
2016/7/19 16:00,7.903999805,2.075999975,5.507999897,0.852999985,2.740999937,1.279000044,32.66496101988728
2016/7/19 16:15,8.038000107,2.009000063,5.366000175,0.675000012,2.984999895,1.218000054,34.47109526844712
2016/7/19 16:30,8.43900013,2.411000013,5.650000095,0.745999992,2.832999945,1.218000054,34.656160330379436
2016/7/19 16:45,8.305999756,2.075999975,5.543000221,0.497000009,2.984999895,1.126999974,35.61571179471263
2016/7/19 17:00,8.371999741,1.875,5.472000122,0.391000003,2.924000025,1.218000054,33.8370018
2016/7/19 17:15,8.572999954,1.875,5.436999798,0.497000009,2.832999945,1.279000044,33.722494243044885
2016/7/19 17:30,8.774000168,1.807999969,5.721000195,0.462000012,2.954999924,1.279000044,33.72949367970903
2016/7/19 17:45,8.43900013,1.807999969,5.436999798,0.319999993,2.894000053,1.248999953,34.21063687037617
2016/7/19 18:00,7.836999893,1.674000025,4.974999905,0.178000003,2.710999966,1.065999985,34.42287079138067
2016/7/19 18:15,7.434999943,1.541000009,4.762000084,0.107000001,2.832999945,1.187999964,34.34993324348364
2016/7/19 18:30,7.368000031,1.406999946,4.690999985,0.071000002,2.772000074,1.248999953,34.32487647887782
2016/7/19 18:45,7.501999855,1.406999946,4.833000183,0.248999998,2.618999958,1.004999995,34.40054099890746
2016/7/19 19:00,7.636000156,1.541000009,5.081999779,0.213,2.618999958,1.065999985,34.426435151160874
2016/7/19 19:15,7.836999893,1.406999946,5.010000229,0.035999998,2.894000053,1.065999985,34.59793147368127
2016/7/19 19:30,8.706999779,1.541000009,5.507999897,0.107000001,3.167999983,1.156999946,34.40018294179221
2016/7/19 19:45,9.175999641,1.674000025,5.934000015,0.142000005,3.289999962,1.097000003,34.75397613536246
2016/7/19 20:00,9.645000458,1.541000009,6.361000061,0.462000012,3.319999933,1.065999985,33.48500061
2016/7/19 20:15,9.51099968,1.674000025,6.218999863,0.248999998,3.319999933,1.065999985,34.59297121410228
2016/7/19 20:30,9.51099968,1.674000025,6.289999962,0.284000009,3.229000092,1.036000013,34.505430579871515
2016/7/19 20:45,9.175999641,1.807999969,5.934000015,0.0,3.107000113,1.036000013,36.34205667161198
2016/7/19 21:00,9.578000069,1.875,6.183000088,0.284000009,3.015000105,1.036000013,35.25905674568376
2016/7/19 21:15,9.444000244,1.807999969,5.934000015,0.0,2.894000053,0.913999975,33.38671335626232
2016/7/19 21:30,8.43900013,1.473999977,5.862999916,0.603999972,2.740999937,0.883000016,33.34886777461047
2016/7/19 21:45,9.175999641,1.942000031,6.538000107,0.603999972,2.588999987,0.852999985,33.18998669593474
2016/7/19 22:00,8.43900013,1.807999969,5.934000015,0.745999992,2.345000029,0.731000006,33.220091055446
2016/7/19 22:15,9.979999542,1.674000025,7.106999874,1.065999985,2.28399992,0.731000006,33.20798616580385
2016/7/19 22:30,9.51099968,2.344000101,6.610000134,0.675000012,2.253999949,0.731000006,33.088610924483085
2016/7/19 22:45,8.171999931,2.210000038,5.828000069,0.675000012,2.253999949,0.700999975,33.084200916445816
2016/7/19 23:00,10.64999962,2.411000013,8.065999985,1.279000044,2.163000107,0.700999975,31.945148505094952
2016/7/19 23:15,13.93200016,4.019000053,9.131999969,1.598999977,4.568999767,1.340000033,33.1444004298675
2016/7/19 23:30,13.73099995,3.415999889,8.635000229,1.91900003,4.477000237,1.401000023,32.964561666506214
2016/7/19 23:45,13.59700012,3.88499999,8.350999832,1.669999957,4.598999977,1.279000044,32.841417721082315
2016/7/20 0:00,13.52999973,4.019000053,8.208999634,1.56400001,4.568999767,1.401000023,32.783417116475654
2016/7/20 0:15,13.66399956,3.617000103,8.706000328,1.279000044,4.568999767,1.432000041,32.94404991051168
2016/7/20 0:30,12.6590004,3.282000065,7.853000164,1.101999998,4.477000237,1.309999943,32.4434752651218
2016/7/20 0:45,12.45800018,2.678999901,7.960000038,1.279000044,4.355999947,1.309999943,31.30400085
2016/7/20 1:00,13.32900047,3.48300004,8.847999573,1.63499999,4.295000076,1.371000051,32.642805674564194
2016/7/20 1:15,12.05599976,2.880000114,7.747000217,1.136999965,4.295000076,1.340000033,32.64912565780898
2016/7/20 1:30,12.32400036,3.348999977,8.137999535,1.172999978,4.172999859,1.279000044,32.65278729452401
2016/7/20 1:45,12.25699997,2.880000114,8.244000435,1.207999945,4.172999859,1.309999943,32.652225757519545
2016/7/20 2:00,12.25699997,2.947000027,7.960000038,1.598999977,4.234000206,1.279000044,32.65255760602834
2016/7/20 2:15,12.12300014,3.214999914,8.38599968,1.315000057,4.203000069,1.279000044,32.659461577474076
2016/7/20 2:30,12.59200001,3.684000015,8.137999535,1.031000018,4.172999859,1.309999943,32.6367123883251
2016/7/20 2:45,11.11900043,2.947000027,7.249000072,1.172999978,4.172999859,1.309999943,32.742053360011624
2016/7/20 3:00,11.18599987,3.214999914,7.214000225,1.243999958,4.142000198,1.279000044,32.72403822954637
2016/7/20 3:15,10.98499966,3.148000002,6.787000179,1.207999945,4.142000198,1.309999943,32.74477139516907
2016/7/20 3:30,10.11400032,2.075999975,6.254000187,0.639999986,4.203000069,1.279000044,33.34152680032568
2016/7/20 3:45,11.72099972,3.08100009,7.390999794,1.315000057,4.142000198,1.309999943,32.64058858765198
2016/7/20 4:00,11.78800011,1.942000031,7.0,0.816999972,4.203000069,1.309999943,33.146676718306026
2016/7/20 4:15,11.92199993,3.214999914,7.355999947,0.995000005,4.295000076,1.371000051,32.62972893253212
2016/7/20 4:30,11.05200005,2.678999901,6.502999783,0.532999992,4.324999809,1.340000033,33.174817207774126
2016/7/20 4:45,11.72099972,2.611999989,7.106999874,0.497000009,4.324999809,1.371000051,33.143404783204474
2016/7/20 5:00,12.25699997,2.411000013,7.177999973,0.816999972,4.447000027,1.371000051,33.02678143946377
2016/7/20 5:15,11.98900032,2.344000101,7.461999893,0.782000005,4.598999977,1.309999943,33.154616199490526
2016/7/20 5:30,11.45400047,2.812999964,6.857999802,0.107000001,4.782000065,1.401000023,32.64099884
2016/7/20 5:45,13.19499969,3.214999914,7.710999966,0.462000012,4.903999805,1.523000002,33.056798054085824
2016/7/20 6:00,13.12800026,3.415999889,8.031000137,1.065999985,4.903999805,1.491999984,32.72829145388144
2016/7/20 6:15,12.39099979,3.08100009,6.71600008,0.107000001,4.903999805,1.644999981,31.50697950520402
2016/7/20 6:30,11.5880003,2.477999926,6.183000088,0.178000003,4.873000145,1.674999952,31.51563092052207
2016/7/20 6:45,10.98499966,2.344000101,6.43200016,0.107000001,4.903999805,1.735999942,31.49086744972606
2016/7/20 7:00,11.11900043,2.880000114,6.218999863,0.248999998,5.026000023,1.644999981,31.381854593268205
2016/7/20 7:15,11.45400047,3.148000002,6.681000233,0.603999972,5.056000233,1.644999981,31.336958206385752
2016/7/20 7:30,11.65499973,2.746000051,6.71600008,0.924000025,4.994999886,1.674999952,30.666835569311438
2016/7/20 7:45,12.25699997,3.684000015,7.106999874,1.136999965,4.903999805,1.70599997,29.983081460059108
2016/7/20 8:00,8.038000107,2.142999887,5.791999817,0.995000005,2.618999958,1.097000003,34.40000153
2016/7/20 8:15,9.041999817,2.142999887,6.361000061,0.782000005,2.375999928,1.187999964,34.42079791534859
2016/7/20 8:30,8.104999542,2.210000038,5.756999969,0.745999992,2.680000067,1.156999946,34.62468143662812
2016/7/20 8:45,9.109000206,2.411000013,6.218999863,1.279000044,2.710999966,1.156999946,33.590223489446856
2016/7/20 9:00,8.706999779,3.08100009,6.254000187,1.279000044,2.802000046,1.248999953,33.22322737063482
2016/7/20 9:15,8.975000381,2.477999926,6.289999962,0.816999972,2.650000095,1.036000013,35.48687941275502
2016/7/20 9:30,8.774000168,3.08100009,6.395999908,1.421000004,2.832999945,1.309999943,32.636894477225454
2016/7/20 9:45,9.779000282,2.678999901,6.43200016,0.888000011,2.772000074,1.004999995,33.20727153790549
2016/7/20 10:00,10.38199997,2.812999964,7.071000099,1.243999958,2.710999966,1.156999946,33.61405240975439
2016/7/20 10:15,10.31499958,2.545000076,7.320000172,0.782000005,3.381000042,1.156999946,34.1953043131069
2016/7/20 10:30,10.24800014,3.013999939,7.249000072,0.745999992,3.503000021,1.156999946,34.18515854149767
2016/7/20 10:45,10.44900036,2.611999989,7.106999874,0.711000025,3.229000092,1.097000003,35.247040125790974
2016/7/20 11:00,10.18099976,2.880000114,6.894000053,1.136999965,3.503000021,1.097000003,34.262614868482636
2016/7/20 11:15,9.913000107,2.947000027,6.681000233,1.207999945,3.289999962,1.279000044,32.73411525827644
2016/7/20 11:30,8.774000168,1.875,5.899000168,0.816999972,2.924000025,1.065999985,35.77750691315453
2016/7/20 11:45,7.903999805,1.942000031,6.111999989,0.319999993,2.924000025,1.097000003,35.59636505366303
2016/7/20 12:00,8.038000107,1.942000031,5.650000095,0.391000003,2.528000116,0.944000006,33.267819098385715
2016/7/20 12:15,8.907999992,2.009000063,5.578999996,0.425999999,2.467000008,0.975000024,32.28900146
2016/7/20 12:30,8.43900013,1.541000009,5.650000095,0.319999993,2.618999958,1.036000013,34.43987012852773
2016/7/20 12:45,9.175999641,2.27699995,5.828000069,0.425999999,2.740999937,1.065999985,35.238348709226464
2016/7/20 13:00,8.706999779,2.210000038,5.96999979,0.213,2.802000046,1.065999985,35.280853970973695
2016/7/20 13:15,9.109000206,2.210000038,6.183000088,0.995000005,2.710999966,1.309999943,32.61031775660215
2016/7/20 13:30,9.645000458,1.60800004,6.218999863,0.745999992,2.740999937,1.097000003,33.69599915
2016/7/20 13:45,9.376999855,2.477999926,6.573999882,0.816999972,2.710999966,1.065999985,35.230472699351296
2016/7/20 14:00,9.376999855,2.210000038,6.71600008,1.065999985,2.680000067,1.187999964,33.47648511402126
2016/7/20 14:15,9.578000069,2.477999926,6.502999783,0.888000011,2.984999895,1.401000023,30.885859943315804
2016/7/20 14:30,8.706999779,2.009000063,6.076000214,0.497000009,2.802000046,1.248999953,34.397423560400135
2016/7/20 14:45,8.774000168,2.142999887,6.005000114,0.852999985,2.832999945,1.097000003,33.33920741641487
2016/7/20 15:00,9.376999855,2.545000076,6.395999908,0.711000025,2.710999966,1.279000044,33.46622829624551
2016/7/20 15:15,8.840999603,2.009000063,6.040999889,0.603999972,2.650000095,1.218000054,34.45622575288187
2016/7/20 15:30,8.706999779,1.807999969,6.005000114,0.213,2.710999966,1.279000044,33.52482988133067
2016/7/20 15:45,8.371999741,2.344000101,5.366000175,0.711000025,2.924000025,1.279000044,33.5623301755543
2016/7/20 16:00,8.505999565,2.075999975,5.791999817,0.675000012,2.650000095,1.279000044,33.525883367264214
2016/7/20 16:15,8.640000343,2.678999901,5.862999916,0.711000025,2.650000095,1.248999953,34.554649520316396
2016/7/20 16:30,8.371999741,2.075999975,5.721000195,0.675000012,2.710999966,1.218000054,34.53817600175009
2016/7/20 16:45,8.706999779,3.013999939,5.862999916,0.711000025,3.075999975,1.523000002,33.85779020465166
2016/7/20 17:00,8.975000381,2.142999887,5.899000168,0.639999986,2.984999895,1.126999974,35.7098683671212
2016/7/20 17:15,8.774000168,1.741000056,5.543000221,0.319999993,3.015000105,1.340000033,33.4805869227461
2016/7/20 17:30,8.774000168,1.875,5.828000069,0.354999989,2.984999895,1.218000054,34.40000153
2016/7/20 17:45,8.640000343,1.674000025,5.472000122,0.213,3.015000105,1.248999953,34.2143739237889
2016/7/20 18:00,9.041999817,1.807999969,5.721000195,0.284000009,2.862999916,1.156999946,34.40315423142888
2016/7/20 18:15,8.640000343,1.807999969,5.721000195,0.319999993,2.954999924,1.126999974,35.529292715779675
2016/7/20 18:30,8.23900032,2.142999887,5.436999798,0.425999999,2.894000053,1.126999974,35.5779018097747
2016/7/20 18:45,9.243000031,2.344000101,5.96999979,0.532999992,2.984999895,1.097000003,35.53920494842259
2016/7/20 19:00,8.505999565,2.210000038,5.578999996,0.497000009,3.046000004,1.065999985,36.79100037
2016/7/20 19:15,9.175999641,1.674000025,5.862999916,0.248999998,3.259000063,1.097000003,34.68522996886883
2016/7/20 19:30,9.779000282,1.807999969,5.96999979,0.462000012,3.563999891,1.126999974,35.28593971999634
2016/7/20 19:45,10.91800022,2.142999887,6.822999954,0.354999989,3.960000038,1.187999964,34.115329723654206
2016/7/20 20:00,11.98900032,2.27699995,7.498000145,0.354999989,4.507999897,1.248999953,34.11244843937169
2016/7/20 20:15,12.59200001,2.210000038,7.994999886,0.354999989,4.598999977,1.279000044,33.17460181797931
2016/7/20 20:30,12.18999958,2.009000063,7.994999886,0.391000003,4.355999947,1.126999974,35.14919979002666
2016/7/20 20:45,12.32400036,2.344000101,7.81799984,0.745999992,4.324999809,1.036000013,35.03158987079499
2016/7/20 21:00,11.98900032,1.875,7.923999786,-0.142000005,4.172999859,1.097000003,35.15698625820184
2016/7/20 21:15,13.59700012,3.282000065,10.05599976,1.315000057,4.020999908,1.065999985,34.868452317684124
2016/7/20 21:30,13.59700012,2.812999964,9.772000313,1.172999978,3.806999922,1.036000013,34.853138147059205
2016/7/20 21:45,13.73099995,2.947000027,10.27000046,1.207999945,3.594000101,1.097000003,35.24399948
2016/7/20 22:00,15.27099991,4.085999966,11.19400024,2.203000069,3.625,1.036000013,35.723950918675236
2016/7/20 22:15,15.67300034,4.085999966,11.33600044,2.203000069,3.563999891,0.975000024,35.78357642599294
2016/7/20 22:30,14.93700027,4.421000004,11.40699959,2.523000002,3.411000013,1.004999995,35.90147390260907
2016/7/20 22:45,14.19999981,3.617000103,11.15799999,1.953999996,3.137000084,1.004999995,35.72923282033621
2016/7/20 23:00,14.93700027,4.085999966,10.9090004,2.345000029,3.046000004,1.156999946,34.443333433130775
2016/7/20 23:15,16.20899963,4.68900013,13.36100006,2.664999962,3.075999975,1.036000013,35.93885479310597
2016/7/20 23:30,15.3380003,5.357999802,13.04100037,3.730999947,2.924000025,1.218000054,35.93220868760927
2016/7/20 23:45,16.6779995,5.090000153,14.14299965,3.447000027,2.802000046,1.097000003,36.17460360187185
2016/7/21 0:00,15.20400047,4.622000217,12.04599953,2.700999975,2.802000046,0.975000024,35.792759438982465
2016/7/21 0:15,16.20899963,5.223999977,13.71700001,3.269000053,2.680000067,0.852999985,35.62420126793054
2016/7/21 0:30,15.67300034,4.822999954,13.18299961,3.233999968,2.680000067,0.975000024,35.81132623231484
2016/7/21 0:45,16.1420002,4.421000004,13.60999966,3.197999954,2.528000116,0.913999975,35.633668737178894
2016/7/21 1:00,16.94599915,5.357999802,14.67599964,4.122000217,2.588999987,0.913999975,36.141503828646734
2016/7/21 1:15,16.20899963,5.492000103,13.71700001,3.588999987,2.467000008,0.944000006,35.678862205445924
2016/7/21 1:30,16.47699928,5.69299984,14.14299965,4.014999866,2.437000036,0.913999975,35.732280077861894
2016/7/21 1:45,15.73999977,5.492000103,13.43200016,3.76699996,2.193000078,0.822000027,34.200998031361266
2016/7/21 2:00,15.20400047,4.889999866,12.79300022,3.163000107,2.163000107,0.883000016,34.23622580087712
2016/7/21 2:15,15.73999977,5.625999928,13.25500011,3.660000086,2.315000057,0.852999985,35.66600037
2016/7/21 2:30,15.3380003,5.492000103,13.32600021,3.588999987,2.315000057,0.883000016,35.51531211848183
2016/7/21 2:45,15.00399971,4.085999966,12.29500008,2.664999962,2.223999977,0.852999985,34.20145404191417
2016/7/21 3:00,13.93200016,5.090000153,11.90400028,3.197999954,2.131999969,0.883000016,33.6777095600545
2016/7/21 3:15,13.93200016,4.287000179,11.65499973,2.061000109,2.101999998,0.883000016,33.58925356949347
2016/7/21 3:30,14.19999981,4.554999828,12.18900013,2.842999935,2.071000099,0.822000027,33.65994120764255
2016/7/21 3:45,14.19999981,4.152999878,12.15299988,2.309999943,2.071000099,0.822000027,33.63327470704788
2016/7/21 4:00,13.73099995,4.085999966,11.05099964,2.273999929,2.040999889,0.822000027,33.37575297291845
2016/7/21 4:15,13.73099995,4.019000053,11.33600044,2.630000114,2.193000078,0.913999975,33.868537017517184
2016/7/21 4:30,13.79800034,4.019000053,11.76200008,2.273999929,2.223999977,0.883000016,34.01686349740158
2016/7/21 4:45,13.4630003,4.152999878,11.30000019,2.381000042,2.131999969,0.822000027,33.629686091736914
2016/7/21 5:00,13.52999973,3.148000002,11.37100029,1.669999957,2.193000078,0.822000027,33.80476511456187
2016/7/21 5:15,15.60599995,4.487999916,12.43700027,2.736000061,2.315000057,0.852999985,35.502294447324175
2016/7/21 5:30,14.66899967,3.88499999,12.43700027,2.025000095,2.467000008,0.852999985,35.33033226114068
2016/7/21 5:45,15.13700008,4.152999878,12.26000023,1.953999996,2.528000116,0.852999985,35.443605731856756
2016/7/21 6:00,14.19999981,3.88499999,11.76200008,1.91900003,2.437000036,0.883000016,35.126787728819416
2016/7/21 6:15,12.32400036,2.678999901,9.737000465,1.279000044,2.497999907,0.913999975,33.6984455725481
2016/7/21 6:30,13.66399956,4.152999878,11.15799999,1.84800005,2.559000015,0.975000024,35.482784164019854
2016/7/21 6:45,14.06599998,4.68900013,11.58399963,2.700999975,2.497999907,1.004999995,35.926443115794065
2016/7/21 7:00,13.79800034,4.21999979,11.37100029,1.883000016,2.559000015,1.097000003,37.2140007
2016/7/21 7:15,13.06099987,3.818000078,10.73200035,2.167999983,2.772000074,1.218000054,33.94460129396667
2016/7/21 7:30,13.4630003,4.152999878,10.73200035,2.486999989,2.618999958,1.340000033,32.09331866502759
2016/7/21 7:45,13.06099987,4.487999916,9.913999557,2.273999929,2.984999895,1.218000054,34.07740534600502
2016/7/21 8:00,13.93200016,4.554999828,10.97999954,2.984999895,2.954999924,1.248999953,34.42344167263346
2016/7/21 8:15,12.99400043,4.487999916,9.451999664,1.883000016,3.381000042,1.371000051,32.725761057114596
2016/7/21 8:30,12.05599976,3.549999952,9.131999969,2.025000095,3.137000084,1.462000012,32.89652857485646
2016/7/21 8:45,12.25699997,4.019000053,9.31000042,2.273999929,2.772000074,1.187999964,33.88427575740087
2016/7/21 9:00,12.92700005,4.554999828,9.593999863,2.167999983,2.772000074,1.279000044,32.532934415957364
2016/7/21 9:15,11.52099991,3.88499999,7.710999966,1.421000004,3.229000092,1.462000012,32.59564858792532
2016/7/21 9:30,10.44900036,2.611999989,7.106999874,0.958999991,3.289999962,1.401000023,32.51854823317289
2016/7/21 9:45,10.51599979,3.415999889,7.639999866,1.63499999,3.259000063,1.218000054,33.34546614602169
2016/7/21 10:00,10.91800022,3.617000103,7.427000046,1.812000036,3.349999905,1.340000033,32.66986899412834
2016/7/21 10:15,11.65499973,3.348999977,8.137999535,1.741000056,3.654999971,1.401000023,32.65468754377552
2016/7/21 10:30,11.78800011,3.08100009,7.994999886,0.958999991,3.71600008,1.156999946,33.45554164906274
2016/7/21 10:45,11.52099991,3.549999952,7.390999794,0.852999985,3.563999891,1.248999953,33.27673824889156
2016/7/21 11:00,11.52099991,3.348999977,8.031000137,1.491999984,3.319999933,1.248999953,33.356531823222454
2016/7/21 11:15,10.71700001,3.148000002,6.857999802,0.958999991,3.259000063,1.218000054,33.3202407694909
2016/7/21 11:30,9.243000031,1.942000031,6.71600008,0.816999972,3.075999975,1.126999974,36.82608428799189
2016/7/21 11:45,9.31000042,2.27699995,6.502999783,0.603999972,2.710999966,1.004999995,36.1506613680063
2016/7/21 12:00,9.376999855,2.477999926,5.899000168,0.142000005,2.862999916,1.004999995,35.09137263424847
2016/7/21 12:15,9.645000458,2.477999926,6.147999763,0.391000003,2.832999945,1.004999995,35.11718177219683
2016/7/21 12:30,9.175999641,2.210000038,6.218999863,0.569000006,3.015000105,1.065999985,35.51256211606276
2016/7/21 12:45,10.18099976,2.411000013,7.177999973,0.745999992,3.046000004,1.065999985,35.057487060624915
2016/7/21 13:00,10.04699993,2.411000013,7.106999874,0.639999986,3.015000105,1.036000013,35.046456753847636
2016/7/21 13:15,9.845999718,2.411000013,6.361000061,0.178000003,3.075999975,1.065999985,35.131233403156244
2016/7/21 13:30,9.913000107,1.60800004,6.467000008,0.532999992,2.924000025,0.975000024,33.36997382278398
2016/7/21 13:45,9.243000031,2.009000063,6.822999954,0.852999985,2.862999916,0.975000024,33.07015223305789
2016/7/21 14:00,9.913000107,2.411000013,7.035999775,0.782000005,2.832999945,0.975000024,33.2688035178292
2016/7/21 14:15,8.975000381,2.411000013,6.218999863,0.639999986,2.924000025,0.975000024,33.10127592713605
2016/7/21 14:30,9.376999855,2.27699995,6.005000114,0.462000012,2.772000074,1.156999946,34.46245595101093
2016/7/21 14:45,9.711999893,1.674000025,6.111999989,0.284000009,2.832999945,1.097000003,34.001356084446904
2016/7/21 15:00,8.23900032,1.340000033,5.96999979,0.569000006,2.071000099,0.760999978,31.921895696149836
2016/7/21 15:15,8.907999992,2.075999975,6.289999962,0.639999986,1.91900003,0.852999985,32.170548702887366
2016/7/21 15:30,8.171999931,2.009000063,6.147999763,0.532999992,1.980000019,0.883000016,32.19561766857949
2016/7/21 15:45,8.23900032,2.009000063,5.96999979,0.569000006,2.253999949,1.156999946,34.39885775378532
2016/7/21 16:00,8.23900032,2.075999975,6.111999989,0.675000012,2.131999969,0.944000006,32.15247506585212
2016/7/21 16:15,8.23900032,2.075999975,6.005000114,0.675000012,2.193000078,1.036000013,34.31336715158771
2016/7/21 16:30,8.23900032,1.875,5.828000069,0.958999991,3.046000004,1.248999953,33.24819816551732
2016/7/21 16:45,9.51099968,2.142999887,6.324999809,1.031000018,3.349999905,1.279000044,32.5769131926955
2016/7/21 17:00,9.376999855,2.210000038,6.218999863,0.603999972,3.349999905,1.401000023,33.22811544561918
2016/7/21 17:15,9.376999855,2.27699995,6.040999889,0.532999992,3.319999933,1.401000023,33.2757711641766
2016/7/21 17:30,9.444000244,2.27699995,6.040999889,0.497000009,3.441999912,1.371000051,33.27673032115688
2016/7/21 17:45,9.779000282,2.075999975,6.005000114,0.745999992,3.594000101,1.491999984,34.395331617906386
2016/7/21 18:00,9.444000244,2.880000114,5.934000015,0.391000003,3.441999912,1.371000051,34.922169664709514
2016/7/21 18:15,9.779000282,2.746000051,5.650000095,0.745999992,3.654999971,1.309999943,34.642942661075345
2016/7/21 18:30,8.706999779,2.210000038,5.68599987,0.639999986,3.503000021,1.340000033,34.21580533383233
2016/7/21 18:45,9.041999817,1.741000056,5.828000069,0.248999998,3.289999962,1.218000054,34.404754742798595
2016/7/21 19:00,8.907999992,1.60800004,5.68599987,0.178000003,3.167999983,1.097000003,34.67159121261857
2016/7/21 19:15,9.845999718,1.875,6.183000088,0.248999998,3.654999971,1.218000054,34.3791734149743
2016/7/21 19:30,10.51599979,1.875,6.538000107,0.213,3.928999901,1.156999946,34.23159852271854
2016/7/21 19:45,11.85499954,2.344000101,7.320000172,0.391000003,4.477000237,1.279000044,33.16141328714709
2016/7/21 20:00,12.59200001,2.142999887,7.853000164,0.391000003,4.598999977,1.156999946,34.14356029843328
2016/7/21 20:15,13.52999973,2.411000013,8.527999878,0.639999986,4.934000015,1.218000054,34.107830862786784
2016/7/21 20:30,13.52999973,2.411000013,8.493000031,0.603999972,4.994999886,1.126999974,35.124011875898624
2016/7/21 20:45,13.32900047,2.344000101,8.31499958,0.532999992,4.994999886,1.218000054,34.11326739664853
2016/7/21 21:00,14.53499985,3.88499999,10.44699955,1.84800005,4.842999935,1.248999953,34.30690731968743
2016/7/21 21:15,15.40499973,4.421000004,10.23400021,2.309999943,4.782000065,1.218000054,34.3994787503305
2016/7/21 21:30,14.33399963,4.487999916,10.16300011,2.131999969,4.630000114,1.156999946,34.380297891780415
2016/7/21 21:45,13.73099995,3.348999977,9.701000214,1.99000001,4.324999809,1.097000003,34.81006989263781
2016/7/21 22:00,14.19999981,3.951999903,10.44699955,2.451999903,4.142000198,1.065999985,34.842371874620646
2016/7/21 22:15,15.3380003,3.88499999,11.08699989,1.91900003,4.172999859,1.309999943,35.05976982557438
2016/7/21 22:30,15.8739996,4.21999979,11.30000019,3.411000013,3.960000038,1.097000003,35.94569250446665
2016/7/21 22:45,15.80700016,4.554999828,11.30000019,3.092000008,3.625,1.036000013,35.858080046616344
2016/7/21 23:00,15.06999969,5.022999763,11.12199974,3.092000008,3.806999922,1.097000003,35.538497879559756
2016/7/21 23:15,18.82099915,5.894000053,12.47299957,3.197999954,6.031000137,1.491999984,36.714836584313204
2016/7/21 23:30,19.15600014,6.96600008,13.32600021,3.696000099,5.84800005,1.613999963,36.72100067
2016/7/21 23:45,16.61100006,5.357999802,10.7670002,2.630000114,5.81799984,1.552999973,36.72092823738761
