date,HUFL,HULL,MUFL,MULL,LUFL,LULL,OT
2016/7/1 0:00,5.827000141,2.009000063,1.598999977,0.462000012,4.203000069,1.340000033,25.421604425814625
2016/7/1 0:15,5.760000229,2.075999975,1.491999984,0.425999999,4.263999939,1.401000023,23.82944924962444
2016/7/1 0:30,5.760000229,1.942000031,1.491999984,0.391000003,4.234000206,1.309999943,24.957637818480958
2016/7/1 0:45,5.760000229,1.942000031,1.491999984,0.425999999,4.234000206,1.309999943,24.96536281389686
2016/7/1 1:00,5.69299984,2.075999975,1.491999984,0.425999999,4.142000198,1.371000051,24.61812209174688
2016/7/1 1:15,5.492000103,1.942000031,1.457000017,0.391000003,4.111999989,1.279000044,25.16665782398823
2016/7/1 1:30,5.357999802,1.875,1.350000024,0.354999989,3.928999901,1.340000033,27.64599991
2016/7/1 1:45,5.157000065,1.807999969,1.350000024,0.319999993,3.806999922,1.279000044,25.42642588824856
2016/7/1 2:00,5.157000065,1.741000056,1.279000044,0.354999989,3.77699995,1.218000054,25.40583609155317
2016/7/1 2:15,5.157000065,1.807999969,1.350000024,0.425999999,3.77699995,1.187999964,25.36737605041141
2016/7/1 2:30,5.157000065,1.807999969,1.315000057,0.391000003,3.77699995,1.248999953,25.45105386978079
2016/7/1 2:45,5.157000065,1.942000031,1.350000024,0.425999999,3.806999922,1.279000044,25.481864018084707
2016/7/1 3:00,5.090000153,1.942000031,1.279000044,0.391000003,3.806999922,1.279000044,25.490490284995577
2016/7/1 3:15,5.223999977,2.009000063,1.457000017,0.532999992,3.806999922,1.248999953,25.287971046782776
2016/7/1 3:30,5.290999889,1.807999969,1.457000017,0.425999999,3.77699995,1.218000054,25.305709116096462
2016/7/1 3:45,5.357999802,1.942000031,1.491999984,0.462000012,3.806999922,1.309999943,25.402559365018256
2016/7/1 4:00,5.357999802,1.942000031,1.491999984,0.462000012,3.868000031,1.279000044,25.41785704868809
2016/7/1 4:15,5.492000103,2.009000063,1.491999984,0.462000012,3.928999901,1.340000033,25.841095676586107
2016/7/1 4:30,5.492000103,1.942000031,1.491999984,0.425999999,3.928999901,1.340000033,25.89059098087501
2016/7/1 4:45,5.492000103,2.075999975,1.491999984,0.497000009,3.99000001,1.309999943,25.308313253912708
2016/7/1 5:00,5.625999928,2.142999887,1.527999997,0.532999992,4.051000118,1.371000051,22.165175475731104
2016/7/1 5:15,5.960999966,2.344000101,1.669999957,0.603999972,4.234000206,1.491999984,20.82299995
2016/7/1 5:30,6.162000179,2.411000013,1.77699995,0.603999972,4.324999809,1.523000002,20.939122179897108
2016/7/1 5:45,6.631000042,2.477999926,1.99000001,0.745999992,4.659999847,1.674999952,22.778900644671943
2016/7/1 6:00,7.166999817,2.947000027,2.131999969,0.782000005,5.026000023,1.85800004,24.235288296993144
2016/7/1 6:15,7.501999855,3.214999914,2.239000082,0.888000011,5.329999924,1.980000019,24.367682325144987
2016/7/1 6:30,7.703000069,3.348999977,2.486999989,1.031000018,5.269000053,1.91900003,24.24964351312934
2016/7/1 6:45,7.434999943,3.148000002,2.309999943,0.958999991,5.056000233,1.888000011,24.216728180312245
2016/7/1 7:00,7.434999943,3.282000065,2.309999943,1.031000018,5.086999893,2.223999977,24.257781608512165
2016/7/1 7:15,7.636000156,3.282000065,2.273999929,1.065999985,5.329999924,2.071000099,24.207020166569784
2016/7/1 7:30,7.636000156,3.415999889,2.309999943,1.101999998,5.269000053,1.91900003,24.116012454832795
2016/7/1 7:45,7.568999767,3.282000065,2.309999943,1.065999985,5.238999844,1.91900003,23.98800087
2016/7/1 8:00,5.559000015,3.013999939,2.451999903,1.172999978,2.954999924,1.432000041,20.276703584176477
2016/7/1 8:15,5.223999977,2.880000114,2.381000042,1.172999978,2.802000046,1.401000023,20.558941773715123
2016/7/1 8:30,5.157000065,2.812999964,2.309999943,1.172999978,2.832999945,1.432000041,22.37000084
2016/7/1 8:45,5.090000153,2.411000013,1.812000036,0.888000011,2.740999937,1.462000012,20.47392725550104
2016/7/1 9:00,4.554999828,2.545000076,1.91900003,0.816999972,2.680000067,1.371000051,19.2990636225798
2016/7/1 9:15,4.554999828,2.344000101,1.77699995,0.782000005,2.710999966,1.401000023,17.72699928
2016/7/1 9:30,4.68900013,2.545000076,1.883000016,0.852999985,2.802000046,1.462000012,19.545303524220976
2016/7/1 9:45,4.68900013,2.411000013,1.91900003,0.888000011,2.802000046,1.371000051,19.61143032951412
2016/7/1 10:00,4.956999779,2.545000076,1.99000001,0.852999985,2.954999924,1.491999984,20.06807203792733
2016/7/1 10:15,5.425000191,2.678999901,2.203000069,0.888000011,3.137000084,1.552999973,20.17006320700943
2016/7/1 10:30,5.492000103,2.678999901,2.167999983,0.852999985,3.259000063,1.552999973,20.00348708643034
2016/7/1 10:45,5.894000053,2.746000051,2.381000042,0.958999991,3.411000013,1.552999973,20.0543471020001
2016/7/1 11:00,5.760000229,2.545000076,2.203000069,0.852999985,3.441999912,1.491999984,20.126408224124766
2016/7/1 11:15,5.625999928,2.746000051,2.167999983,0.852999985,3.349999905,1.613999963,19.76799965
2016/7/1 11:30,4.287000179,2.142999887,1.136999965,0.425999999,3.167999983,1.644999981,22.29180103425404
2016/7/1 11:45,4.287000179,2.411000013,1.56400001,0.425999999,3.107000113,1.583999991,20.812258820598863
2016/7/1 12:00,4.68900013,2.545000076,1.812000036,0.852999985,2.832999945,1.523000002,19.20499992
2016/7/1 12:15,4.68900013,2.611999989,1.91900003,0.888000011,2.740999937,1.552999973,18.939790917855053
2016/7/1 12:30,4.68900013,2.678999901,1.883000016,0.852999985,2.862999916,1.583999991,15.608562665318704
2016/7/1 12:45,4.68900013,2.678999901,1.883000016,0.852999985,2.894000053,1.644999981,19.831200242900792
2016/7/1 13:00,4.68900013,2.678999901,1.77699995,1.243999958,3.107000113,1.613999963,18.11037652136053
2016/7/1 13:15,5.090000153,2.947000027,2.131999969,1.172999978,2.984999895,1.644999981,19.6970005
2016/7/1 13:30,5.157000065,3.013999939,2.309999943,1.243999958,2.832999945,1.613999963,18.925885061058093
2016/7/1 13:45,5.157000065,3.08100009,2.381000042,1.279000044,2.710999966,1.523000002,18.660870085205705
2016/7/1 14:00,5.090000153,2.947000027,2.451999903,1.350000024,2.559000015,1.432000041,20.616078106440444
2016/7/1 14:15,5.223999977,3.08100009,2.630000114,1.457000017,2.528000116,1.432000041,17.892578657887473
2016/7/1 14:30,5.022999763,3.08100009,2.523000002,1.350000024,2.467000008,1.70599997,18.04682634306966
2016/7/1 14:45,5.157000065,3.013999939,2.486999989,1.315000057,2.650000095,1.523000002,19.72994383459647
2016/7/1 15:00,5.090000153,3.148000002,2.486999989,1.350000024,2.588999987,1.523000002,16.56247987074241
2016/7/1 15:15,4.085999966,2.477999926,1.63499999,1.031000018,2.559000015,1.523000002,19.182345993523317
2016/7/1 15:30,4.354000092,2.812999964,1.741000056,1.101999998,2.588999987,1.462000012,18.13838141206918
2016/7/1 15:45,4.287000179,2.611999989,1.669999957,0.852999985,2.528000116,1.491999984,19.20499992
2016/7/1 16:00,4.21999979,2.411000013,1.70599997,0.782000005,2.618999958,1.491999984,19.34008502709895
2016/7/1 16:15,4.421000004,2.411000013,1.77699995,0.816999972,2.680000067,1.491999984,17.540620127750863
2016/7/1 16:30,4.756000042,2.477999926,1.812000036,0.816999972,2.862999916,1.491999984,21.068511268862743
2016/7/1 16:45,4.756000042,2.477999926,1.77699995,0.816999972,2.924000025,1.462000012,18.19279571691223
2016/7/1 17:00,4.756000042,2.344000101,1.63499999,0.711000025,3.075999975,1.491999984,20.970668031140754
2016/7/1 17:15,4.822999954,2.27699995,1.669999957,0.639999986,3.167999983,1.462000012,20.75200081
2016/7/1 17:30,5.357999802,2.477999926,2.451999903,1.421000004,3.289999962,1.462000012,19.67611396223274
2016/7/1 17:45,5.760000229,2.880000114,2.559000015,1.243999958,3.107000113,1.491999984,21.414828118278866
2016/7/1 18:00,5.625999928,2.880000114,2.523000002,1.207999945,3.075999975,1.491999984,23.952285947703956
2016/7/1 18:15,5.760000229,3.08100009,2.523000002,1.243999958,3.015000105,1.491999984,20.90858823736915
2016/7/1 18:30,5.357999802,3.013999939,2.451999903,1.207999945,2.924000025,1.523000002,22.62086429093227
2016/7/1 18:45,5.357999802,2.947000027,2.451999903,1.207999945,2.924000025,1.523000002,21.64913418698017
2016/7/1 19:00,5.492000103,3.013999939,2.451999903,1.207999945,3.015000105,1.552999973,18.55686978541013
2016/7/1 19:15,5.425000191,2.947000027,2.451999903,1.136999965,2.984999895,1.523000002,22.643174322905562
2016/7/1 19:30,5.357999802,2.947000027,2.451999903,1.172999978,2.894000053,1.523000002,20.766649934654133
2016/7/1 19:45,5.357999802,2.947000027,2.451999903,1.207999945,2.862999916,1.552999973,20.30324527104232
2016/7/1 20:00,5.357999802,3.013999939,2.451999903,1.207999945,2.862999916,1.523000002,18.765681401911344
2016/7/1 20:15,5.223999977,3.013999939,2.415999889,1.207999945,2.802000046,1.523000002,20.023619652694904
2016/7/1 20:30,5.290999889,3.013999939,2.381000042,1.172999978,2.862999916,1.552999973,19.589243664546405
2016/7/1 20:45,5.223999977,2.947000027,2.345000029,1.136999965,2.832999945,1.552999973,20.747541482784875
2016/7/1 21:00,5.090000153,2.947000027,2.381000042,1.207999945,2.680000067,1.523000002,23.810865818194486
2016/7/1 21:15,4.889999866,2.947000027,2.309999943,1.207999945,2.618999958,1.491999984,22.10778201709837
2016/7/1 21:30,4.889999866,2.947000027,2.309999943,1.207999945,2.559000015,1.491999984,21.679090610507153
2016/7/1 21:45,4.889999866,2.947000027,2.203000069,1.136999965,2.680000067,1.552999973,19.4893438590154
2016/7/1 22:00,4.822999954,2.947000027,2.203000069,1.172999978,2.618999958,1.523000002,22.022335327729444
2016/7/1 22:15,4.822999954,2.947000027,2.203000069,1.172999978,2.588999987,1.552999973,19.77577091285106
2016/7/1 22:30,4.756000042,2.947000027,2.131999969,1.136999965,2.588999987,1.583999991,20.087644533586893
2016/7/1 22:45,4.822999954,2.947000027,2.131999969,1.172999978,2.618999958,1.552999973,20.86418683060348
2016/7/1 23:00,4.622000217,2.880000114,2.131999969,1.136999965,2.467000008,1.491999984,19.76799965
2016/7/1 23:15,4.822999954,2.947000027,2.096999884,1.136999965,2.618999958,1.552999973,17.395185696042137
2016/7/1 23:30,5.022999763,3.818000078,2.131999969,2.167999983,2.588999987,1.523000002,19.148316094222555
2016/7/1 23:45,5.357999802,2.947000027,2.345000029,1.457000017,2.618999958,1.583999991,18.59909716922691
2016/7/2 0:00,5.223999977,3.08100009,2.700999975,1.315000057,2.437000036,1.523000002,20.5829296619861
2016/7/2 0:15,5.425000191,3.08100009,2.984999895,1.457000017,2.375999928,1.491999984,18.481191233484545
2016/7/2 0:30,5.223999977,3.08100009,2.878000021,1.457000017,2.375999928,1.462000012,17.002782319957817
2016/7/2 0:45,4.354000092,3.148000002,2.415999889,1.491999984,2.28399992,1.432000041,20.45625184133287
2016/7/2 1:00,5.157000065,3.013999939,2.878000021,1.350000024,2.345000029,1.432000041,18.390606355514706
2016/7/2 1:15,5.223999977,3.148000002,2.914000034,1.457000017,2.315000057,1.462000012,19.37060508453488
2016/7/2 1:30,5.157000065,3.013999939,2.914000034,1.421000004,2.223999977,1.462000012,20.70582613878372
2016/7/2 1:45,4.889999866,3.013999939,2.772000074,1.315000057,2.28399992,1.432000041,19.041962826943692
2016/7/2 2:00,5.157000065,3.148000002,2.878000021,1.491999984,2.28399992,1.432000041,21.713165016279625
2016/7/2 2:15,4.487999916,3.08100009,2.451999903,0.958999991,2.253999949,1.432000041,18.034803704469432
2016/7/2 2:30,4.889999866,3.013999939,2.736000061,1.386000037,2.193000078,1.432000041,21.770602054453338
2016/7/2 2:45,5.090000153,3.148000002,2.948999882,1.491999984,2.163000107,1.401000023,17.532971791870683
2016/7/2 3:00,5.157000065,3.08100009,2.914000034,1.491999984,2.193000078,1.401000023,18.97108502295006
2016/7/2 3:15,4.354000092,3.013999939,2.523000002,1.457000017,2.193000078,1.401000023,18.249287060518938
2016/7/2 3:30,5.090000153,3.08100009,2.914000034,1.491999984,2.193000078,1.401000023,21.60404242165072
2016/7/2 3:45,5.090000153,3.08100009,2.878000021,1.421000004,2.193000078,1.401000023,22.219425749421895
2016/7/2 4:00,4.554999828,3.08100009,2.451999903,1.491999984,2.193000078,1.401000023,20.807782223377185
2016/7/2 4:15,5.290999889,3.148000002,3.019999981,1.491999984,2.193000078,1.401000023,23.205474629651565
2016/7/2 4:30,5.157000065,3.08100009,2.948999882,1.421000004,2.223999977,1.432000041,22.826219431555256
2016/7/2 4:45,4.354000092,3.013999939,2.559000015,1.457000017,2.223999977,1.401000023,21.54330670721579
2016/7/2 5:00,5.425000191,3.282000065,3.092000008,1.70599997,2.437000036,1.462000012,19.06951927596426
2016/7/2 5:15,5.760000229,3.415999889,3.092000008,1.669999957,2.710999966,1.583999991,17.28977929438545
2016/7/2 5:30,5.425000191,3.282000065,2.842999935,1.63499999,2.740999937,1.523000002,20.40099907
2016/7/2 5:45,6.162000179,3.348999977,3.197999954,1.56400001,2.954999924,1.491999984,18.416529063546143
2016/7/2 6:00,5.492000103,3.282000065,2.523000002,1.491999984,2.984999895,1.462000012,20.1571874377685
2016/7/2 6:15,5.492000103,3.013999939,2.309999943,1.243999958,3.107000113,1.523000002,21.657945712991044
2016/7/2 6:30,5.559000015,3.013999939,2.309999943,1.315000057,3.229000092,1.552999973,18.062283488015424
2016/7/2 6:45,5.69299984,3.013999939,2.451999903,1.491999984,3.075999975,1.491999984,19.267180282480247
2016/7/2 7:00,5.625999928,3.214999914,2.486999989,1.491999984,3.075999975,1.523000002,18.506706880576175
2016/7/2 7:15,5.760000229,3.214999914,2.486999989,1.421000004,3.137000084,1.613999963,17.858960131221316
2016/7/2 7:30,5.559000015,3.282000065,2.486999989,1.491999984,3.107000113,1.552999973,19.488648069407095
2016/7/2 7:45,5.559000015,3.214999914,2.594000101,1.63499999,2.924000025,1.523000002,19.766252087340646
2016/7/2 8:00,5.559000015,3.282000065,2.594000101,1.669999957,2.924000025,1.523000002,17.015282908684295
2016/7/2 8:15,5.492000103,3.348999977,2.700999975,1.63499999,2.832999945,1.491999984,18.85300064
2016/7/2 8:30,5.559000015,3.348999977,2.700999975,1.598999977,2.772000074,1.523000002,15.385164213229448
2016/7/2 8:45,5.223999977,3.282000065,2.523000002,1.56400001,2.680000067,1.462000012,19.446823290495182
2016/7/2 9:00,5.223999977,3.214999914,2.559000015,1.56400001,2.680000067,1.462000012,15.887652599257912
2016/7/2 9:15,5.157000065,3.282000065,2.486999989,1.598999977,2.680000067,1.432000041,19.27499962
2016/7/2 9:30,5.223999977,3.348999977,2.486999989,1.598999977,2.802000046,1.491999984,14.352969744762326
2016/7/2 9:45,7.903999805,4.68900013,4.725999832,2.451999903,2.894000053,1.523000002,26.76218224868345
2016/7/2 10:00,9.913000107,4.956999779,6.644999981,3.305000067,3.046000004,1.552999973,26.676628395275102
2016/7/2 10:15,11.25300026,5.827000141,7.604000092,3.588999987,3.289999962,1.735999942,24.587971302976406
2016/7/2 10:30,12.05599976,5.357999802,8.421999931,2.878000021,3.746000051,1.70599997,24.229365107788787
2016/7/2 10:45,11.98900032,5.357999802,8.173000336,2.345000029,3.868000031,1.76699996,25.92384410107742
2016/7/2 11:00,11.78800011,5.425000191,8.173000336,2.523000002,3.686000109,1.674999952,24.013669922533534
2016/7/2 11:15,11.72099972,5.559000015,7.81799984,2.486999989,3.532999992,1.735999942,25.09942891167399
2016/7/2 11:30,11.31999969,5.425000191,7.568999767,2.948999882,3.229000092,1.70599997,26.19567182722732
2016/7/2 11:45,10.51599979,5.357999802,7.427000046,2.415999889,3.229000092,1.735999942,24.00855171679414
2016/7/2 12:00,9.645000458,4.956999779,6.751999855,2.131999969,3.107000113,1.827999949,27.260924631492454
2016/7/2 12:15,10.64999962,4.554999828,7.0,2.594000101,2.894000053,1.76699996,23.499249351168828
2016/7/2 12:30,11.11900043,5.69299984,8.279999733,3.447000027,3.075999975,1.797000051,21.960165095573526
2016/7/2 12:45,10.58300018,5.559000015,7.676000118,3.197999954,3.046000004,1.827999949,21.52599907
2016/7/2 13:00,10.38199997,5.760000229,7.461999893,2.559000015,2.984999895,1.76699996,20.19000053
2016/7/2 13:15,10.31499958,4.756000042,6.644999981,2.309999943,2.984999895,1.797000051,22.837024300911803
2016/7/2 13:30,8.572999954,3.951999903,5.756999969,1.953999996,2.832999945,1.76699996,23.81760946803319
2016/7/2 13:45,8.907999992,4.889999866,6.218999863,2.664999962,2.832999945,1.949000001,22.32806830947216
2016/7/2 14:00,8.774000168,4.68900013,6.111999989,2.025000095,2.894000053,1.91900003,24.369943832659914
2016/7/2 14:15,9.243000031,4.554999828,6.610000134,1.84800005,2.740999937,1.85800004,19.28798562655523
2016/7/2 14:30,9.779000282,4.421000004,6.928999901,2.523000002,2.832999945,1.735999942,20.593787337779332
2016/7/2 14:45,10.44900036,5.223999977,6.894000053,2.381000042,2.650000095,1.735999942,20.238577353130687
2016/7/2 15:00,10.44900036,5.157000065,6.965000153,2.451999903,2.772000074,1.735999942,22.0189991
2016/7/2 15:15,9.913000107,4.554999828,6.928999901,2.594000101,2.894000053,1.85800004,21.798632988079188
2016/7/2 15:30,9.979999542,5.022999763,6.928999901,2.559000015,2.984999895,1.827999949,19.948110195774447
2016/7/2 15:45,9.711999893,5.090000153,6.965000153,2.736000061,2.862999916,1.76699996,20.11899948
2016/7/2 16:00,9.845999718,4.822999954,7.035999775,2.664999962,2.894000053,1.76699996,21.614039692806905
2016/7/2 16:15,9.51099968,4.822999954,6.681000233,2.203000069,2.894000053,1.70599997,19.074755659015644
2016/7/2 16:30,10.18099976,4.287000179,6.928999901,2.842999935,3.319999933,1.735999942,24.084391047191257
2016/7/2 16:45,10.58300018,4.822999954,7.427000046,2.630000114,3.107000113,1.735999942,22.034480852321543
2016/7/2 17:00,9.913000107,4.822999954,6.894000053,2.415999889,3.229000092,1.735999942,25.452958682282652
2016/7/2 17:15,10.91800022,4.822999954,7.532999992,2.523000002,3.381000042,1.797000051,24.91711776083534
2016/7/2 17:30,11.25300026,4.822999954,7.782000065,2.523000002,3.503000021,1.70599997,26.02799988
2016/7/2 17:45,10.7840004,4.756000042,7.249000072,2.309999943,3.471999884,1.797000051,25.32080693436844
2016/7/2 18:00,10.64999962,4.68900013,6.928999901,2.451999903,3.381000042,1.797000051,27.567925667036338
2016/7/2 18:15,10.38199997,4.487999916,7.143000126,2.239000082,3.167999983,1.797000051,24.448242923302534
2016/7/2 18:30,9.779000282,4.487999916,6.857999802,2.167999983,3.075999975,1.735999942,26.06324841976062
2016/7/2 18:45,9.979999542,4.354000092,6.822999954,2.203000069,3.107000113,1.735999942,24.949819172870264
2016/7/2 19:00,10.11400032,4.354000092,6.644999981,1.812000036,3.107000113,1.735999942,21.78529426780337
2016/7/2 19:15,10.11400032,4.287000179,6.894000053,2.096999884,3.197999954,1.70599997,25.782002898613452
2016/7/2 19:30,10.71700001,4.487999916,7.249000072,2.203000069,3.411000013,1.735999942,23.748030054189634
2016/7/2 19:45,10.04699993,4.354000092,6.610000134,1.953999996,3.349999905,1.735999942,23.431599826032745
2016/7/2 20:00,9.979999542,4.152999878,6.573999882,1.953999996,3.411000013,1.76699996,22.006229222031227
2016/7/2 20:15,9.779000282,4.019000053,6.395999908,1.883000016,3.411000013,1.91900003,23.173388038811
2016/7/2 20:30,9.51099968,4.21999979,6.183000088,1.91900003,3.289999962,1.85800004,22.22421532960005
2016/7/2 20:45,9.376999855,4.085999966,6.040999889,1.883000016,3.381000042,1.827999949,23.212551008341297
2016/7/2 21:00,9.31000042,4.21999979,6.005000114,2.131999969,3.229000092,1.85800004,26.207250718242314
2016/7/2 21:15,9.041999817,3.818000078,6.289999962,1.421000004,3.137000084,1.85800004,26.83771616680451
2016/7/2 21:30,9.041999817,4.68900013,6.361000061,2.381000042,3.015000105,1.797000051,24.04376154977171
2016/7/2 21:45,9.578000069,4.622000217,6.183000088,1.741000056,2.894000053,1.827999949,20.331056393999685
2016/7/2 22:00,9.444000244,4.622000217,6.965000153,2.167999983,2.954999924,1.85800004,21.94799995
2016/7/2 22:15,10.71700001,4.889999866,7.106999874,1.99000001,2.772000074,1.797000051,19.745854267850074
2016/7/2 22:30,10.31499958,5.022999763,6.928999901,2.239000082,2.832999945,1.76699996,18.883516166725933
2016/7/2 22:45,9.645000458,4.822999954,7.106999874,1.953999996,3.075999975,1.797000051,24.29842906783293
2016/7/2 23:00,9.444000244,4.287000179,6.822999954,2.559000015,2.588999987,1.735999942,24.58837007045711
2016/7/2 23:15,10.38199997,4.956999779,7.604000092,2.594000101,2.528000116,1.735999942,18.814983302537225
2016/7/2 23:30,10.91800022,5.090000153,7.710999966,2.203000069,2.588999987,1.735999942,23.62602777041138
2016/7/2 23:45,11.05200005,5.492000103,8.38599968,2.842999935,2.680000067,1.76699996,21.943079580814626
2016/7/3 0:00,10.38199997,5.425000191,7.604000092,2.309999943,2.954999924,1.674999952,21.77431310871079
2016/7/3 0:15,9.979999542,5.290999889,7.888999939,2.948999882,2.862999916,2.071000099,20.254780068433934
2016/7/3 0:30,10.71700001,5.022999763,7.710999966,2.309999943,2.650000095,1.735999942,18.779777314665072
2016/7/3 0:45,10.7840004,5.157000065,7.994999886,2.878000021,2.588999987,1.85800004,23.817749483194373
2016/7/3 1:00,9.779000282,5.223999977,6.71600008,2.842999935,2.650000095,1.674999952,16.535158638345656
2016/7/3 1:15,10.91800022,5.425000191,7.639999866,2.664999962,2.588999987,1.70599997,22.721123990770444
2016/7/3 1:30,10.64999962,5.090000153,8.102000237,2.736000061,2.650000095,1.735999942,22.17515848100263
2016/7/3 1:45,9.979999542,4.756000042,7.390999794,2.914000034,2.588999987,1.76699996,18.949921728341977
2016/7/3 2:00,10.38199997,4.68900013,7.320000172,2.203000069,2.984999895,1.85800004,21.84406987519277
2016/7/3 2:15,10.64999962,5.223999977,7.676000118,2.878000021,2.802000046,1.797000051,20.431908463637487
2016/7/3 2:30,9.444000244,4.421000004,6.610000134,2.772000074,2.588999987,1.70599997,22.93300056
2016/7/3 2:45,9.645000458,5.157000065,6.538000107,2.700999975,2.588999987,1.70599997,16.828765911321938
2016/7/3 3:00,9.779000282,4.152999878,6.822999954,1.99000001,2.528000116,1.674999952,20.499827233694507
2016/7/3 3:15,10.31499958,5.090000153,7.604000092,2.772000074,2.528000116,1.70599997,20.201676589922773
2016/7/3 3:30,9.376999855,4.554999828,6.965000153,2.415999889,2.528000116,1.674999952,27.36499977
2016/7/3 3:45,9.578000069,4.354000092,6.502999783,2.239000082,2.528000116,1.980000019,26.45000076
2016/7/3 4:00,10.71700001,4.756000042,7.355999947,2.806999922,2.650000095,1.797000051,22.19902616079973
2016/7/3 4:15,9.109000206,4.756000042,6.644999981,2.203000069,2.862999916,1.827999949,25.18400002
2016/7/3 4:30,8.305999756,4.68900013,5.507999897,2.415999889,2.772000074,1.827999949,24.754884170313613
2016/7/3 4:45,9.913000107,5.022999763,7.532999992,2.806999922,2.894000053,1.949000001,24.11335104480248
2016/7/3 5:00,10.31499958,4.68900013,7.390999794,2.451999903,2.924000025,1.85800004,19.517867648122472
2016/7/3 5:15,11.5880003,4.68900013,8.102000237,2.523000002,3.046000004,1.827999949,21.150017638271656
2016/7/3 5:30,10.71700001,4.554999828,7.249000072,1.812000036,3.259000063,1.888000011,20.346680798909208
2016/7/3 5:45,11.92199993,5.357999802,7.853000164,2.203000069,3.503000021,1.888000011,22.744243153702243
2016/7/3 6:00,12.59200001,5.223999977,8.670999527,2.203000069,3.71600008,1.949000001,25.32500076
2016/7/3 6:15,12.25699997,5.157000065,8.493000031,2.559000015,3.77699995,1.91900003,25.299389485160802
2016/7/3 6:30,11.31999969,5.425000191,7.390999794,1.883000016,3.838000059,1.980000019,23.04039425443682
2016/7/3 6:45,11.92199993,4.019000053,8.527999878,2.451999903,3.77699995,2.040999889,24.40999985
2016/7/3 7:00,11.11900043,4.622000217,7.888999939,2.842999935,3.625,1.91900003,20.87285955147858
2016/7/3 7:15,12.45800018,5.492000103,8.741999626,2.948999882,3.532999992,1.91900003,22.301718539319864
2016/7/3 7:30,12.59200001,6.027999878,8.777000427,2.772000074,3.594000101,1.91900003,24.342537195537894
2016/7/3 7:45,11.05200005,4.622000217,7.320000172,2.664999962,3.625,1.91900003,24.407561248253668
2016/7/3 8:00,10.64999962,4.421000004,7.035999775,2.025000095,3.594000101,1.91900003,22.670722480531854
2016/7/3 8:15,10.44900036,4.622000217,7.320000172,2.061000109,3.471999884,1.949000001,23.255804535090153
2016/7/3 8:30,10.71700001,4.889999866,7.320000172,2.203000069,3.441999912,1.91900003,22.093249733120224
2016/7/3 8:45,10.31499958,4.68900013,6.857999802,2.167999983,3.411000013,1.949000001,28.91300011
2016/7/3 9:00,10.04699993,4.21999979,6.43200016,1.669999957,3.686000109,1.949000001,22.16553851171403
2016/7/3 9:15,10.04699993,5.157000065,7.106999874,2.451999903,3.229000092,1.980000019,25.549528436398738
2016/7/3 9:30,11.18599987,5.290999889,7.532999992,2.878000021,3.381000042,1.888000011,25.25499916
2016/7/3 9:45,11.45400047,5.223999977,7.427000046,2.273999929,3.259000063,1.85800004,24.600492365798665
2016/7/3 10:00,11.72099972,5.090000153,7.888999939,2.559000015,3.563999891,1.85800004,18.928227621304924
2016/7/3 10:15,11.92199993,5.492000103,8.31499958,2.878000021,4.142000198,1.949000001,23.04017885418499
2016/7/3 10:30,12.25699997,4.756000042,8.244000435,2.486999989,4.051000118,1.827999949,23.75642760651179
2016/7/3 10:45,12.12300014,5.69299984,8.065999985,2.486999989,4.234000206,1.949000001,23.390958365655518
2016/7/3 11:00,12.12300014,5.357999802,8.065999985,2.486999989,4.081999779,1.91900003,22.792726655702506
2016/7/3 11:15,11.25300026,5.022999763,7.320000172,2.203000069,3.77699995,1.76699996,22.378231530967085
2016/7/3 11:30,10.98499966,4.554999828,6.965000153,2.167999983,3.349999905,1.827999949,25.09043256745953
2016/7/3 11:45,10.24800014,5.022999763,6.395999908,2.096999884,3.319999933,1.797000051,22.246415819353356
2016/7/3 12:00,9.979999542,5.022999763,6.857999802,2.559000015,3.289999962,1.85800004,24.793815141955598
2016/7/3 12:15,9.444000244,4.956999779,6.538000107,2.523000002,3.229000092,1.888000011,23.83431892694481
2016/7/3 12:30,10.04699993,4.822999954,6.218999863,1.883000016,3.167999983,1.888000011,20.866810825429027
2016/7/3 12:45,9.444000244,4.421000004,6.395999908,2.203000069,3.167999983,1.888000011,29.40500069
2016/7/3 13:00,9.243000031,4.956999779,6.289999962,2.630000114,3.137000084,1.888000011,22.670764334787215
2016/7/3 13:15,10.24800014,5.157000065,6.610000134,2.381000042,3.046000004,2.101999998,26.55783774357848
2016/7/3 13:30,10.04699993,4.756000042,6.857999802,2.559000015,3.107000113,1.797000051,23.2508281314477
2016/7/3 13:45,10.11400032,5.090000153,6.395999908,2.273999929,2.984999895,1.888000011,19.832236297188544
2016/7/3 14:00,10.18099976,5.425000191,7.177999973,3.019999981,3.075999975,1.888000011,30.38999939
2016/7/3 14:15,10.24800014,5.022999763,6.538000107,2.664999962,3.107000113,1.888000011,21.50543466393157
2016/7/3 14:30,10.04699993,5.090000153,6.573999882,2.736000061,3.046000004,1.797000051,21.476118234970336
2016/7/3 14:45,9.578000069,4.421000004,6.502999783,2.630000114,2.924000025,2.040999889,31.375
2016/7/3 15:00,9.645000458,5.425000191,7.106999874,2.664999962,3.015000105,1.827999949,20.078101042595264
2016/7/3 15:15,10.44900036,5.157000065,6.857999802,2.239000082,2.984999895,1.888000011,19.51951857238598
2016/7/3 15:30,9.913000107,4.68900013,6.857999802,2.309999943,3.075999975,1.797000051,29.47500038
2016/7/3 15:45,9.779000282,5.090000153,6.644999981,2.736000061,2.954999924,1.797000051,19.701619417987498
2016/7/3 16:00,9.779000282,4.889999866,6.502999783,2.984999895,3.075999975,2.00999999,24.790060531547578
2016/7/3 16:15,9.845999718,4.889999866,6.644999981,3.019999981,3.289999962,1.91900003,20.945334901175045
2016/7/3 16:30,10.18099976,5.090000153,6.751999855,2.772000074,3.746000051,1.91900003,23.57237221270761
2016/7/3 16:45,10.71700001,4.956999779,7.106999874,2.523000002,3.868000031,1.91900003,21.33894913393005
2016/7/3 17:00,11.11900043,5.157000065,7.320000172,2.914000034,3.806999922,1.980000019,25.568054047344376
2016/7/3 17:15,11.72099972,5.157000065,7.747000217,3.305000067,3.898999929,1.888000011,24.051167700892634
2016/7/3 17:30,11.92199993,5.290999889,7.923999786,2.736000061,4.203000069,1.980000019,23.97109137987129
2016/7/3 17:45,11.52099991,5.090000153,7.853000164,2.700999975,3.806999922,1.949000001,25.284925170533132
2016/7/3 18:00,11.05200005,4.956999779,7.390999794,2.523000002,3.686000109,1.980000019,31.93799973
2016/7/3 18:15,10.91800022,4.889999866,7.320000172,2.630000114,3.503000021,1.797000051,22.891410661385205
2016/7/3 18:30,10.7840004,4.889999866,7.214000225,2.700999975,3.441999912,1.827999949,24.93700027504865
2016/7/3 18:45,10.91800022,4.889999866,7.284999847,2.486999989,3.594000101,1.85800004,24.43267165897324
2016/7/3 19:00,10.7840004,4.889999866,7.214000225,2.486999989,3.594000101,1.888000011,21.238480820340214
2016/7/3 19:15,10.71700001,4.889999866,7.143000126,2.878000021,3.654999971,1.888000011,24.90299988
2016/7/3 19:30,10.91800022,4.756000042,7.106999874,2.345000029,3.838000059,1.85800004,23.996993706717394
2016/7/3 19:45,10.91800022,4.822999954,7.106999874,2.381000042,3.806999922,1.91900003,23.475364103507577
2016/7/3 20:00,11.18599987,4.889999866,7.177999973,2.345000029,3.960000038,1.91900003,21.90008077432475
2016/7/3 20:15,10.85099983,4.822999954,6.928999901,2.381000042,3.898999929,1.949000001,23.444127555380682
2016/7/3 20:30,10.7840004,4.756000042,6.857999802,2.239000082,3.928999901,2.00999999,22.991726089942794
2016/7/3 20:45,10.64999962,4.756000042,6.751999855,2.309999943,3.838000059,1.980000019,23.899899410790614
2016/7/3 21:00,10.44900036,4.889999866,6.610000134,2.309999943,3.806999922,2.040999889,27.082772008556073
2016/7/3 21:15,10.64999962,5.357999802,6.573999882,2.630000114,3.503000021,2.040999889,25.621379751294427
2016/7/3 21:30,10.44900036,5.69299984,6.681000233,2.559000015,3.503000021,1.949000001,20.40099907
2016/7/3 21:45,9.645000458,4.956999779,6.324999809,2.559000015,3.289999962,1.888000011,21.598155883242217
2016/7/3 22:00,9.578000069,5.760000229,6.787000179,3.127000093,3.259000063,1.888000011,19.945437450083702
2016/7/3 22:15,10.18099976,5.760000229,6.502999783,2.486999989,3.259000063,1.888000011,16.8293228000939
2016/7/3 22:30,10.31499958,5.69299984,6.751999855,3.447000027,3.411000013,1.980000019,18.09125422866504
2016/7/3 22:45,10.18099976,5.760000229,6.71600008,3.127000093,3.381000042,1.980000019,19.030379787652468
2016/7/3 23:00,9.31000042,5.760000229,6.610000134,3.055999994,3.167999983,1.888000011,20.720154820505044
2016/7/3 23:15,9.979999542,5.022999763,6.467000008,3.092000008,3.229000092,1.949000001,20.362333850966255
2016/7/3 23:30,9.913000107,5.425000191,6.324999809,2.878000021,3.137000084,1.85800004,20.84959426605916
2016/7/3 23:45,9.913000107,5.69299984,6.218999863,3.019999981,3.046000004,1.85800004,16.419276930188015
2016/7/4 0:00,9.913000107,5.894000053,6.254000187,2.630000114,3.015000105,1.85800004,17.81076567272377
2016/7/4 0:15,9.779000282,5.492000103,6.751999855,2.984999895,3.015000105,1.888000011,20.713909161926058
2016/7/4 0:30,9.376999855,5.425000191,5.934000015,2.486999989,2.862999916,1.827999949,17.55780103533443
2016/7/4 0:45,9.376999855,5.492000103,6.289999962,2.842999935,2.924000025,1.827999949,25.95800018
2016/7/4 1:00,8.975000381,4.956999779,6.289999962,2.664999962,2.862999916,1.827999949,18.172019355063558
2016/7/4 1:15,9.578000069,5.425000191,6.681000233,3.482000113,2.924000025,1.797000051,17.339640446892922
2016/7/4 1:30,9.31000042,5.425000191,5.828000069,2.842999935,2.894000053,1.827999949,20.901339830594306
2016/7/4 1:45,8.640000343,4.68900013,5.828000069,2.486999989,2.862999916,1.797000051,19.941769928265373
2016/7/4 2:00,8.640000343,4.822999954,6.147999763,2.594000101,2.924000025,1.827999949,27.85700035
2016/7/4 2:15,9.243000031,5.625999928,6.644999981,3.163000107,2.862999916,1.827999949,16.912811731362268
2016/7/4 2:30,9.243000031,4.756000042,5.756999969,2.415999889,2.832999945,2.131999969,23.732511928512583
2016/7/4 2:45,9.175999641,5.425000191,5.721000195,2.664999962,2.862999916,1.85800004,18.409719014280142
2016/7/4 3:00,9.175999641,5.492000103,5.578999996,2.381000042,2.862999916,1.85800004,27.9279995
2016/7/4 3:15,8.505999565,4.68900013,5.650000095,2.415999889,2.862999916,1.85800004,20.14570013742444
2016/7/4 3:30,8.371999741,5.492000103,5.721000195,2.451999903,2.894000053,1.827999949,22.816911439210585
2016/7/4 3:45,9.109000206,5.357999802,5.756999969,3.019999981,2.772000074,1.827999949,22.828065296854163
2016/7/4 4:00,9.109000206,4.822999954,5.650000095,2.523000002,2.772000074,1.797000051,22.514437519505893
2016/7/4 4:15,9.31000042,5.492000103,6.43200016,2.842999935,2.862999916,1.85800004,24.83200073
2016/7/4 4:30,9.376999855,4.956999779,5.721000195,3.055999994,3.015000105,1.888000011,25.024275211082628
2016/7/4 4:45,9.578000069,5.625999928,5.899000168,2.451999903,3.075999975,1.888000011,20.605547397414146
2016/7/4 5:00,9.845999718,5.559000015,5.96999979,2.948999882,3.107000113,1.888000011,23.84799957
2016/7/4 5:15,10.18099976,4.956999779,6.395999908,2.594000101,3.229000092,1.888000011,20.8359874153621
2016/7/4 5:30,10.11400032,4.956999779,6.681000233,2.415999889,3.441999912,1.888000011,19.402601880155345
2016/7/4 5:45,11.11900043,5.022999763,7.0,2.700999975,3.686000109,2.00999999,23.68650881767618
2016/7/4 6:00,11.5880003,5.425000191,7.390999794,2.806999922,3.806999922,1.980000019,24.0636770285377
2016/7/4 6:15,10.7840004,5.157000065,7.214000225,2.523000002,3.71600008,1.888000011,24.056792849358906
2016/7/4 6:30,10.98499966,5.960999966,7.498000145,3.092000008,3.746000051,1.888000011,20.721740708069877
2016/7/4 6:45,10.91800022,4.956999779,7.071000099,2.806999922,3.898999929,2.040999889,23.877268815064816
2016/7/4 7:00,11.78800011,6.09499979,7.214000225,2.984999895,3.898999929,2.040999889,20.560290405273534
2016/7/4 7:15,11.65499973,5.625999928,7.320000172,3.411000013,3.806999922,2.101999998,20.89179079392087
2016/7/4 7:30,10.85099983,6.362999916,7.249000072,3.019999981,3.806999922,2.071000099,21.876092159751074
2016/7/4 7:45,11.5880003,5.69299984,7.214000225,2.878000021,3.77699995,2.071000099,22.885864201697952
2016/7/4 8:00,10.58300018,5.960999966,7.143000126,2.914000034,3.654999971,2.071000099,16.7576293081918
2016/7/4 8:15,10.64999962,5.559000015,7.106999874,2.806999922,3.686000109,1.980000019,18.630759292938926
2016/7/4 8:30,11.31999969,6.09499979,7.320000172,2.948999882,3.532999992,1.980000019,19.124236283315895
2016/7/4 8:45,10.51599979,6.162000179,7.106999874,3.197999954,3.77699995,2.163000107,24.4810009
2016/7/4 9:00,11.5880003,6.296000004,7.568999767,3.055999994,3.471999884,2.00999999,19.13090944795336
2016/7/4 9:15,11.72099972,6.296000004,7.994999886,3.588999987,3.594000101,2.131999969,21.979740791471528
2016/7/4 9:30,11.18599987,5.625999928,7.498000145,2.948999882,3.532999992,2.223999977,19.896231448731637
2016/7/4 9:45,11.38700008,5.492000103,7.639999866,2.948999882,3.686000109,2.071000099,23.50632834221416
2016/7/4 10:00,11.92199993,6.229000092,7.710999966,3.055999994,3.746000051,1.949000001,16.850606413062817
2016/7/4 10:15,13.12800026,5.559000015,8.56400013,3.019999981,4.111999989,2.071000099,21.57653433944637
2016/7/4 10:30,13.32900047,6.09499979,8.527999878,2.984999895,4.295000076,1.980000019,21.75937144591836
2016/7/4 10:45,13.19499969,6.362999916,8.954999924,3.482000113,4.386000156,1.980000019,21.751073762907396
2016/7/4 11:00,12.32400036,5.559000015,8.421999931,3.233999968,4.203000069,1.980000019,20.795662214819
2016/7/4 11:15,12.25699997,6.362999916,7.782000065,3.197999954,4.020999908,1.980000019,20.280485189023427
2016/7/4 11:30,11.72099972,5.625999928,7.532999992,3.233999968,3.686000109,1.888000011,22.58506062509902
2016/7/4 11:45,10.44900036,5.960999966,7.320000172,3.233999968,3.471999884,1.888000011,15.306842880580923
2016/7/4 12:00,10.38199997,5.894000053,6.857999802,2.630000114,3.563999891,1.949000001,17.201936141188906
2016/7/4 12:15,10.7840004,6.027999878,7.0,3.447000027,3.381000042,2.00999999,20.271479140372765
2016/7/4 12:30,10.71700001,5.894000053,6.894000053,3.552999973,3.289999962,1.949000001,14.88336493904746
2016/7/4 12:45,10.64999962,5.960999966,6.610000134,3.233999968,3.563999891,2.071000099,19.61055474652307
2016/7/4 13:00,10.04699993,5.425000191,6.751999855,3.019999981,3.319999933,1.949000001,21.575121788236107
2016/7/4 13:15,10.58300018,6.09499979,6.787000179,2.984999895,3.229000092,1.980000019,19.202781801756675
2016/7/4 13:30,10.04699993,5.290999889,6.71600008,2.842999935,3.259000063,2.315000057,30.03800011
2016/7/4 13:45,10.64999962,5.559000015,6.681000233,3.197999954,3.349999905,2.071000099,18.348444108090277
2016/7/4 14:00,10.51599979,6.027999878,7.106999874,3.375999928,3.137000084,1.91900003,17.999761099919237
2016/7/4 14:15,10.64999962,5.960999966,6.787000179,3.588999987,3.259000063,2.071000099,16.554078880885868
2016/7/4 14:30,10.64999962,6.09499979,7.143000126,2.914000034,3.259000063,1.980000019,16.712716846615603
2016/7/4 14:45,9.845999718,5.492000103,6.644999981,3.127000093,3.319999933,2.071000099,22.63947672318075
2016/7/4 15:00,10.71700001,6.09499979,6.787000179,3.019999981,3.167999983,2.00999999,15.21151092644197
2016/7/4 15:15,10.04699993,5.223999977,6.573999882,2.842999935,3.381000042,2.101999998,23.835019549605672
2016/7/4 15:30,10.04699993,5.223999977,6.71600008,2.700999975,3.686000109,2.040999889,21.914412316316728
2016/7/4 15:45,9.979999542,5.022999763,6.610000134,2.736000061,3.319999933,1.980000019,23.935230440005434
2016/7/4 16:00,9.979999542,5.022999763,6.502999783,2.559000015,3.441999912,2.040999889,23.655608393540344
2016/7/4 16:15,10.51599979,5.090000153,6.751999855,2.451999903,3.71600008,2.131999969,22.116097204223706
2016/7/4 16:30,10.85099983,5.492000103,6.928999901,2.842999935,3.654999971,2.101999998,32.7820015
2016/7/4 16:45,10.7840004,5.022999763,7.071000099,2.594000101,3.654999971,2.00999999,20.91411619884115
2016/7/4 17:00,11.31999969,5.090000153,7.355999947,2.451999903,3.868000031,2.040999889,24.612202490425744
2016/7/4 17:15,11.92199993,5.157000065,7.81799984,2.381000042,4.051000118,2.28399992,24.53122450997264
2016/7/4 17:30,11.78800011,4.889999866,7.747000217,2.345000029,4.081999779,2.00999999,22.265392593129064
2016/7/4 17:45,11.52099991,4.956999779,7.390999794,2.664999962,4.111999989,2.040999889,24.635458730285453
2016/7/4 18:00,11.38700008,4.956999779,7.355999947,2.451999903,4.295000076,2.193000078,26.885244333880276
2016/7/4 18:15,9.645000458,3.951999903,7.143000126,2.309999943,2.650000095,1.279000044,26.828763347339624
2016/7/4 18:30,9.376999855,3.951999903,6.751999855,2.273999929,2.467000008,1.279000044,29.514294247044017
2016/7/4 18:45,9.376999855,3.750999928,6.965000153,2.239000082,2.405999899,1.187999964,31.58600044
2016/7/4 19:00,9.376999855,3.88499999,6.894000053,2.239000082,2.467000008,1.187999964,21.879695076898397
2016/7/4 19:15,9.645000458,3.88499999,7.071000099,2.239000082,2.528000116,1.248999953,31.44499969
2016/7/4 19:30,9.845999718,3.951999903,7.143000126,2.273999929,2.650000095,1.309999943,26.42751362265495
2016/7/4 19:45,9.779000282,4.487999916,7.0,2.273999929,2.710999966,1.371000051,26.4426406170091
2016/7/4 20:00,10.11400032,4.085999966,7.143000126,2.239000082,2.954999924,1.462000012,21.570082254904303
2016/7/4 20:15,10.51599979,4.554999828,7.106999874,2.273999929,3.77699995,1.76699996,20.760891728415984
2016/7/4 20:30,10.58300018,4.68900013,6.857999802,2.273999929,3.868000031,1.91900003,20.66437019661448
2016/7/4 20:45,10.51599979,4.822999954,6.928999901,2.381000042,3.594000101,1.980000019,29.47500038
2016/7/4 21:00,10.38199997,4.822999954,6.894000053,2.309999943,3.503000021,2.00999999,25.354289756352788
2016/7/4 21:15,10.7840004,5.357999802,7.177999973,2.345000029,3.471999884,1.980000019,24.34385707327952
2016/7/4 21:30,10.31499958,4.487999916,6.822999954,2.025000095,3.411000013,1.980000019,23.51252350612967
2016/7/4 21:45,10.11400032,4.554999828,6.681000233,2.096999884,3.381000042,2.071000099,29.26399994
2016/7/4 22:00,9.645000458,4.889999866,6.610000134,1.91900003,3.259000063,1.91900003,23.632507528076314
2016/7/4 22:15,10.71700001,4.622000217,7.284999847,2.167999983,3.503000021,1.91900003,21.472028835362984
2016/7/4 22:30,11.72099972,5.425000191,7.81799984,2.630000114,3.229000092,1.91900003,21.42859072728809
2016/7/4 22:45,11.78800011,6.027999878,8.102000237,2.984999895,3.259000063,2.040999889,23.98800087
2016/7/4 23:00,12.72599983,6.497000217,9.345999718,3.482000113,3.167999983,1.980000019,24.319203688199728
2016/7/4 23:15,12.52499962,5.960999966,9.204000473,3.411000013,3.137000084,1.980000019,19.149732871868853
2016/7/4 23:30,12.45800018,6.229000092,8.883999825,3.339999914,3.075999975,1.91900003,21.562231889285346
2016/7/4 23:45,11.11900043,5.827000141,8.670999527,3.482000113,3.015000105,1.949000001,20.204916172155286
2016/7/5 0:00,11.98900032,5.625999928,8.777000427,2.948999882,3.197999954,1.980000019,22.11385017171767
2016/7/5 0:15,10.51599979,5.425000191,7.214000225,2.842999935,3.015000105,1.91900003,18.534180736226396
2016/7/5 0:30,12.52499962,5.827000141,8.635000229,3.802000046,3.289999962,2.00999999,27.36499977
2016/7/5 0:45,11.45400047,6.027999878,8.137999535,3.092000008,3.075999975,2.00999999,27.71699905
2016/7/5 1:00,12.52499962,6.296000004,8.954999924,3.163000107,3.137000084,2.00999999,20.016232486438106
2016/7/5 1:15,9.31000042,5.223999977,6.395999908,2.167999983,3.015000105,1.888000011,21.062531380032016
2016/7/5 1:30,10.24800014,5.357999802,7.214000225,2.772000074,2.984999895,2.040999889,18.694396965683477
2016/7/5 1:45,11.38700008,5.559000015,8.56400013,3.019999981,3.075999975,2.071000099,20.173844584405913
2016/7/5 2:00,12.32400036,6.296000004,8.812999725,3.375999928,2.984999895,1.91900003,23.085217073242827
2016/7/5 2:15,9.779000282,5.223999977,6.183000088,2.381000042,2.924000025,1.91900003,18.13485028181044
2016/7/5 2:30,10.24800014,4.756000042,8.670999527,2.381000042,2.832999945,1.888000011,21.488187075907174
2016/7/5 2:45,12.25699997,6.09499979,8.954999924,3.838000059,2.832999945,1.85800004,18.769775028301016
2016/7/5 3:00,10.71700001,5.425000191,8.065999985,2.878000021,2.832999945,1.85800004,18.738446601000195
2016/7/5 3:15,10.31499958,4.956999779,7.143000126,2.451999903,2.862999916,1.91900003,16.409876869478435
2016/7/5 3:30,10.44900036,4.554999828,6.894000053,2.381000042,2.954999924,1.949000001,19.386186004980807
2016/7/5 3:45,11.78800011,5.69299984,8.847999573,3.055999994,3.046000004,1.949000001,30.67099953
2016/7/5 4:00,11.31999969,5.625999928,7.676000118,2.630000114,3.046000004,1.888000011,23.019104773961164
2016/7/5 4:15,10.31499958,5.357999802,7.320000172,2.630000114,3.046000004,2.253999949,26.28878364422747
2016/7/5 4:30,9.243000031,4.956999779,6.076000214,2.273999929,3.137000084,2.071000099,25.615344965398958
2016/7/5 4:45,10.7840004,5.425000191,7.461999893,2.239000082,3.319999933,2.131999969,25.756437676080925
2016/7/5 5:00,10.85099983,4.68900013,6.822999954,1.883000016,3.319999933,2.040999889,22.702050996457903
2016/7/5 5:15,12.12300014,5.090000153,8.137999535,2.273999929,3.319999933,1.949000001,20.451817989561096
2016/7/5 5:30,11.18599987,4.287000179,7.071000099,1.77699995,3.563999891,1.91900003,18.82910738084642
2016/7/5 5:45,12.32400036,5.69299984,8.670999527,2.878000021,3.77699995,1.980000019,21.407020043306474
2016/7/5 6:00,13.32900047,5.425000191,8.883999825,2.736000061,4.081999779,1.949000001,32.7820015
2016/7/5 6:15,12.6590004,5.625999928,8.812999725,2.842999935,3.928999901,1.949000001,24.451997210729072
2016/7/5 6:30,11.72099972,4.956999779,7.747000217,2.415999889,3.838000059,1.980000019,22.632147725484906
2016/7/5 6:45,11.45400047,5.760000229,7.923999786,2.948999882,3.806999922,1.949000001,21.291863096805116
2016/7/5 7:00,11.45400047,5.223999977,7.853000164,2.772000074,3.654999971,2.00999999,31.72599983
2016/7/5 7:15,12.85999966,5.69299984,8.741999626,2.948999882,3.563999891,1.91900003,20.829611970228612
2016/7/5 7:30,11.52099991,5.894000053,7.320000172,3.163000107,3.625,2.040999889,21.82357035587246
2016/7/5 7:45,11.5880003,5.827000141,7.568999767,3.197999954,3.563999891,2.315000057,22.237842210075048
2016/7/5 8:00,11.05200005,5.960999966,7.461999893,3.127000093,3.563999891,2.101999998,19.930138957301978
2016/7/5 8:15,11.5880003,5.625999928,7.710999966,3.019999981,3.532999992,2.071000099,20.7732866107392
2016/7/5 8:30,11.65499973,5.960999966,7.532999992,3.305000067,3.503000021,2.131999969,19.018469816422172
2016/7/5 8:45,10.91800022,4.889999866,7.532999992,2.948999882,3.471999884,2.040999889,25.47744144480629
2016/7/5 9:00,10.98499966,6.027999878,7.532999992,2.700999975,3.411000013,2.040999889,18.666916014281856
2016/7/5 9:15,11.65499973,5.625999928,7.532999992,2.451999903,3.441999912,1.949000001,32.64099884
2016/7/5 9:30,11.11900043,6.027999878,7.81799984,2.772000074,3.563999891,2.101999998,18.42699038001828
2016/7/5 9:45,11.31999969,5.69299984,7.888999939,2.451999903,3.654999971,2.071000099,23.33040265454317
2016/7/5 10:00,12.79300022,5.960999966,8.56400013,3.447000027,3.838000059,2.163000107,16.846220867853287
2016/7/5 10:15,12.18999958,5.625999928,8.38599968,2.914000034,3.898999929,1.949000001,20.660350552731018
2016/7/5 10:30,14.13300037,6.027999878,9.131999969,3.163000107,4.203000069,2.071000099,21.13032068098829
2016/7/5 10:45,13.19499969,6.631000042,9.131999969,3.482000113,4.507999897,2.223999977,20.99028023777122
2016/7/5 11:00,13.39599991,6.429999828,8.741999626,3.482000113,4.598999977,2.253999949,19.961836454417313
2016/7/5 11:15,12.72599983,6.229000092,8.137999535,2.772000074,4.203000069,2.163000107,29.89699936
2016/7/5 11:30,11.85499954,6.09499979,7.676000118,3.019999981,3.898999929,2.071000099,20.95562402885475
2016/7/5 11:45,10.91800022,5.090000153,7.249000072,2.203000069,3.746000051,2.071000099,20.706721082990306
2016/7/5 12:00,11.25300026,5.425000191,7.676000118,2.736000061,3.594000101,2.00999999,25.67700005
2016/7/5 12:15,11.05200005,5.090000153,7.071000099,2.203000069,3.441999912,1.980000019,23.11621135708634
2016/7/5 12:30,10.85099983,5.357999802,7.143000126,3.019999981,3.441999912,2.040999889,19.643636905915898
2016/7/5 12:45,10.71700001,5.357999802,6.644999981,2.096999884,3.411000013,2.00999999,23.176072346695527
2016/7/5 13:00,9.913000107,4.554999828,6.681000233,2.309999943,3.319999933,1.91900003,20.614082817187697
2016/7/5 13:15,10.04699993,4.622000217,6.71600008,2.061000109,3.229000092,1.91900003,22.54286925848004
2016/7/5 13:30,10.91800022,4.889999866,6.787000179,2.415999889,3.411000013,2.00999999,22.31089972048768
2016/7/5 13:45,10.04699993,5.357999802,6.822999954,2.415999889,3.411000013,2.040999889,21.365345114708653
2016/7/5 14:00,10.18099976,5.357999802,7.320000172,2.486999989,3.319999933,2.071000099,22.93732188285011
2016/7/5 14:15,10.7840004,4.822999954,7.355999947,2.559000015,3.167999983,1.949000001,19.955333889296096
2016/7/5 14:30,10.04699993,5.290999889,6.928999901,2.203000069,3.167999983,1.91900003,19.322637000035982
2016/7/5 14:45,10.7840004,5.357999802,7.320000172,2.630000114,3.259000063,1.980000019,22.22105095200313
2016/7/5 15:00,10.85099983,5.223999977,7.249000072,2.415999889,3.319999933,1.949000001,18.513209522679542
2016/7/5 15:15,10.24800014,5.022999763,6.894000053,2.167999983,3.319999933,1.980000019,22.116798776213816
2016/7/5 15:30,10.44900036,5.425000191,7.0,2.700999975,3.411000013,2.163000107,21.48245470059262
2016/7/5 15:45,10.31499958,5.492000103,7.106999874,2.878000021,3.289999962,2.131999969,31.72599983
2016/7/5 16:00,10.04699993,5.022999763,6.894000053,2.736000061,3.167999983,2.253999949,22.62602755842877
2016/7/5 16:15,10.64999962,5.894000053,7.177999973,2.878000021,3.289999962,2.071000099,15.403439310039921
2016/7/5 16:30,11.11900043,5.492000103,7.427000046,2.914000034,3.594000101,2.101999998,31.86700058
2016/7/5 16:45,11.45400047,5.559000015,7.568999767,2.806999922,4.051000118,2.101999998,18.261968093622656
2016/7/5 17:00,11.92199993,5.425000191,7.923999786,2.878000021,4.386000156,2.101999998,23.374307322644576
2016/7/5 17:15,11.92199993,5.357999802,7.81799984,2.948999882,4.081999779,2.040999889,23.1248022459129
2016/7/5 17:30,12.12300014,5.157000065,8.137999535,2.559000015,3.960000038,2.193000078,21.49577427605268
2016/7/5 17:45,11.65499973,5.223999977,7.81799984,2.664999962,3.960000038,2.101999998,32.21900177
2016/7/5 18:00,11.45400047,4.956999779,7.461999893,2.345000029,3.99000001,2.040999889,31.51499939
2016/7/5 18:15,10.91800022,5.022999763,7.106999874,2.486999989,3.928999901,2.071000099,22.389173114493587
2016/7/5 18:30,10.71700001,4.956999779,6.965000153,2.736000061,3.746000051,2.00999999,23.827967084836228
2016/7/5 18:45,10.7840004,4.956999779,7.0,2.415999889,3.77699995,2.040999889,22.87439394856557
2016/7/5 19:00,10.85099983,4.68900013,7.071000099,2.345000029,3.806999922,1.949000001,19.113371742272022
2016/7/5 19:15,10.91800022,4.756000042,7.071000099,2.273999929,3.838000059,1.949000001,23.16672394164092
2016/7/5 19:30,10.85099983,4.68900013,7.0,2.239000082,3.868000031,1.949000001,21.339820021330812
2016/7/5 19:45,11.11900043,4.822999954,7.106999874,2.239000082,4.020999908,2.00999999,21.727463367935954
2016/7/5 20:00,11.18599987,4.622000217,7.284999847,2.203000069,3.898999929,1.888000011,19.176903013971078
2016/7/5 20:15,11.25300026,4.756000042,7.284999847,2.167999983,3.928999901,1.980000019,21.528599949574406
2016/7/5 20:30,10.98499966,4.68900013,7.106999874,2.203000069,3.898999929,1.980000019,20.918277031397224
2016/7/5 20:45,10.98499966,4.68900013,6.965000153,2.239000082,3.746000051,2.071000099,21.960275682931126
2016/7/5 21:00,10.64999962,4.68900013,6.894000053,2.167999983,3.806999922,2.00999999,24.375945668854538
2016/7/5 21:15,10.31499958,4.152999878,6.751999855,1.63499999,3.563999891,2.040999889,21.207191826522124
2016/7/5 21:30,10.18099976,4.421000004,6.928999901,1.84800005,3.806999922,1.888000011,21.715352481634987
2016/7/5 21:45,10.64999962,5.223999977,6.965000153,2.273999929,3.471999884,2.131999969,21.02738250624748
2016/7/5 22:00,9.979999542,4.354000092,6.644999981,1.91900003,3.563999891,1.980000019,22.548762179651906
2016/7/5 22:15,11.92199993,5.625999928,8.31499958,3.092000008,3.441999912,1.949000001,19.5761355584389
2016/7/5 22:30,10.7840004,4.756000042,7.568999767,2.451999903,3.381000042,1.91900003,20.280446141140832
2016/7/5 22:45,11.18599987,5.827000141,7.676000118,2.736000061,3.289999962,1.980000019,20.149397514122885
2016/7/5 23:00,11.85499954,5.760000229,7.81799984,2.700999975,3.259000063,1.949000001,22.1298572377922
2016/7/5 23:15,10.91800022,5.625999928,7.747000217,3.019999981,3.229000092,1.949000001,30.45999908
2016/7/5 23:30,11.31999969,5.69299984,7.888999939,3.163000107,3.349999905,2.040999889,19.637745115662153
2016/7/5 23:45,11.11900043,6.027999878,8.421999931,3.482000113,3.075999975,1.949000001,18.08337762915489
2016/7/6 0:00,10.38199997,5.090000153,6.467000008,2.842999935,3.015000105,1.827999949,18.998424897866375
2016/7/6 0:15,11.11900043,5.223999977,8.173000336,3.092000008,2.954999924,1.888000011,29.19400024
2016/7/6 0:30,11.85499954,5.827000141,8.741999626,3.127000093,2.924000025,1.91900003,16.992152839256832
2016/7/6 0:45,10.18099976,5.357999802,6.71600008,2.131999969,2.924000025,1.85800004,16.775677194702723
2016/7/6 1:00,10.71700001,5.425000191,7.498000145,2.309999943,2.832999945,1.91900003,16.87899410780571
2016/7/6 1:15,9.845999718,5.157000065,6.218999863,2.594000101,2.862999916,1.91900003,17.332322329079712
2016/7/6 1:30,9.51099968,5.425000191,6.71600008,2.594000101,2.984999895,1.980000019,16.84956950857363
2016/7/6 1:45,10.44900036,5.625999928,7.676000118,2.594000101,2.924000025,1.949000001,17.546605207810273
2016/7/6 2:00,10.85099983,5.357999802,7.81799984,2.878000021,2.832999945,1.85800004,23.711473784947575
2016/7/6 2:15,10.11400032,5.357999802,7.071000099,2.594000101,2.832999945,1.827999949,15.060015746599356
2016/7/6 2:30,11.38700008,6.162000179,7.994999886,3.375999928,3.075999975,2.223999977,21.234872752618262
2016/7/6 2:45,10.38199997,4.68900013,6.538000107,2.167999983,3.259000063,1.91900003,18.841596097744425
2016/7/6 3:00,9.779000282,5.157000065,5.96999979,2.345000029,3.167999983,2.131999969,31.23399925
2016/7/6 3:15,9.711999893,4.487999916,6.467000008,2.096999884,3.197999954,2.00999999,30.60099983
2016/7/6 3:30,10.71700001,5.157000065,7.320000172,2.309999943,3.349999905,1.980000019,23.624758830670906
2016/7/6 3:45,9.645000458,4.889999866,6.71600008,2.239000082,2.924000025,1.980000019,18.80870675736668
2016/7/6 4:00,9.376999855,4.487999916,6.254000187,2.273999929,3.015000105,2.040999889,23.166410056959325
2016/7/6 4:15,9.109000206,4.622000217,5.862999916,2.167999983,3.349999905,2.101999998,26.089959596990017
2016/7/6 4:30,10.71700001,5.425000191,7.106999874,2.664999962,3.259000063,2.163000107,25.450769069086764
2016/7/6 4:45,10.7840004,4.889999866,7.710999966,2.239000082,3.259000063,2.040999889,24.222409343753128
2016/7/6 5:00,11.38700008,5.559000015,7.853000164,2.842999935,3.259000063,2.345000029,20.01065100240855
2016/7/6 5:15,11.92199993,5.559000015,8.208999634,2.878000021,3.563999891,2.071000099,19.149569064443156
2016/7/6 5:30,12.12300014,5.022999763,8.279999733,2.167999983,3.686000109,2.040999889,29.89699936
2016/7/6 5:45,11.18599987,4.822999954,7.214000225,2.061000109,3.868000031,1.980000019,22.37845395881835
2016/7/6 6:00,11.85499954,4.487999916,8.208999634,2.096999884,3.868000031,1.85800004,21.77561546620584
2016/7/6 6:15,11.78800011,4.487999916,7.960000038,2.273999929,3.71600008,1.888000011,22.95546232146358
2016/7/6 6:30,11.5880003,5.357999802,7.320000172,2.594000101,3.71600008,1.888000011,19.139308919681284
2016/7/6 6:45,11.92199993,4.822999954,7.994999886,2.736000061,3.532999992,1.85800004,20.178332533816487
2016/7/6 7:00,12.52499962,6.162000179,9.131999969,3.625,3.532999992,1.888000011,20.586186259828022
2016/7/6 7:15,12.59200001,5.894000053,9.23900032,2.914000034,3.503000021,1.980000019,19.9114630865746
2016/7/6 7:30,12.45800018,6.09499979,9.274999619,3.339999914,3.503000021,1.91900003,21.635349688368333
2016/7/6 7:45,13.59700012,6.631000042,9.737000465,3.696000099,3.471999884,1.949000001,30.31999969
2016/7/6 8:00,12.72599983,6.362999916,9.345999718,3.375999928,3.71600008,1.980000019,19.376561185690782
2016/7/6 8:15,11.5880003,5.022999763,7.853000164,2.523000002,3.594000101,1.949000001,30.95299911
2016/7/6 8:30,11.38700008,4.889999866,7.960000038,2.842999935,3.471999884,1.980000019,20.75718782648152
2016/7/6 8:45,11.45400047,5.492000103,7.427000046,2.948999882,3.471999884,1.85800004,21.9317976769626
2016/7/6 9:00,11.11900043,4.756000042,7.177999973,2.131999969,3.349999905,1.980000019,20.522826836840935
2016/7/6 9:15,10.85099983,4.822999954,7.532999992,2.096999884,3.471999884,1.980000019,32.57099915
2016/7/6 9:30,10.98499966,5.357999802,7.960000038,3.197999954,3.471999884,1.888000011,18.088607898576047
2016/7/6 9:45,11.25300026,5.625999928,8.244000435,2.984999895,3.746000051,1.888000011,21.28248459285878
2016/7/6 10:00,11.78800011,4.889999866,8.031000137,2.451999903,3.563999891,1.85800004,16.181002289336256
2016/7/6 10:15,11.98900032,4.956999779,8.706000328,2.486999989,3.77699995,1.888000011,19.912516069036418
2016/7/6 10:30,13.73099995,5.827000141,8.812999725,2.630000114,3.99000001,1.827999949,20.882454060327014
2016/7/6 10:45,13.59700012,5.090000153,8.847999573,2.559000015,4.172999859,1.76699996,21.1916982829729
2016/7/6 11:00,13.12800026,4.956999779,8.670999527,2.772000074,3.99000001,1.91900003,30.24900055
2016/7/6 11:15,11.5880003,5.559000015,8.493000031,3.163000107,3.77699995,1.827999949,19.325928234314496
2016/7/6 11:30,11.85499954,5.559000015,7.676000118,3.163000107,3.441999912,1.76699996,21.5473828766657
2016/7/6 11:45,10.24800014,4.956999779,7.106999874,2.559000015,3.137000084,1.674999952,18.788751988080534
2016/7/6 12:00,10.58300018,4.756000042,7.0,2.061000109,2.954999924,1.644999981,18.836395766753252
2016/7/6 12:15,10.38199997,5.492000103,7.81799984,2.878000021,2.894000053,1.674999952,19.104697645613324
2016/7/6 12:30,10.51599979,5.357999802,7.782000065,2.772000074,3.046000004,1.735999942,17.219409688260782
2016/7/6 12:45,11.11900043,4.756000042,8.031000137,2.523000002,3.137000084,1.70599997,20.61809520649421
2016/7/6 13:00,10.31499958,5.290999889,7.498000145,2.345000029,3.046000004,1.70599997,19.974108369146595
2016/7/6 13:15,11.05200005,5.357999802,7.853000164,2.984999895,2.772000074,1.613999963,32.57099915
2016/7/6 13:30,10.18099976,4.354000092,7.568999767,2.594000101,2.618999958,1.76699996,32.36000061
2016/7/6 13:45,10.24800014,5.357999802,7.676000118,2.806999922,2.618999958,1.70599997,18.106805182585546
2016/7/6 14:00,9.444000244,5.022999763,6.965000153,2.203000069,2.650000095,1.644999981,16.09356533172642
2016/7/6 14:15,11.18599987,5.357999802,7.888999939,3.305000067,2.650000095,1.674999952,20.196969833384294
2016/7/6 14:30,10.51599979,5.492000103,7.994999886,2.736000061,2.618999958,1.552999973,24.13432510759423
2016/7/6 14:45,10.51599979,5.223999977,7.532999992,2.700999975,2.680000067,1.583999991,18.66596796795069
2016/7/6 15:00,10.44900036,4.21999979,7.0,2.381000042,2.710999966,1.583999991,15.856318045129022
2016/7/6 15:15,9.779000282,4.21999979,7.143000126,2.309999943,2.680000067,1.523000002,25.86093920511924
2016/7/6 15:30,9.913000107,4.152999878,6.787000179,1.953999996,2.710999966,1.523000002,25.15698067770514
2016/7/6 15:45,9.578000069,4.085999966,7.035999775,1.99000001,2.680000067,1.552999973,27.054657999902236
2016/7/6 16:00,9.845999718,4.085999966,7.071000099,1.91900003,2.710999966,1.552999973,26.616882991006793
2016/7/6 16:15,10.11400032,4.085999966,7.177999973,2.309999943,2.862999916,1.644999981,17.313842079815657
2016/7/6 16:30,10.64999962,4.889999866,7.568999767,2.594000101,3.411000013,1.644999981,20.67563098417791
2016/7/6 16:45,10.85099983,4.889999866,7.604000092,2.630000114,3.167999983,1.70599997,17.567366795872097
2016/7/6 17:00,10.98499966,4.756000042,7.639999866,2.630000114,3.289999962,1.644999981,20.603902660462058
2016/7/6 17:15,11.18599987,4.756000042,7.604000092,2.415999889,3.654999971,1.76699996,20.565534913772336
2016/7/6 17:30,11.18599987,4.554999828,7.568999767,2.451999903,3.594000101,1.674999952,18.709369667556462
2016/7/6 17:45,11.25300026,4.421000004,7.604000092,2.239000082,3.503000021,1.644999981,20.516199691746134
2016/7/6 18:00,10.71700001,4.287000179,7.320000172,2.096999884,3.319999933,1.644999981,23.6552417632142
2016/7/6 18:15,9.913000107,3.88499999,6.751999855,1.91900003,3.137000084,1.523000002,24.435710776199585
2016/7/6 18:30,8.907999992,3.88499999,6.005000114,1.598999977,2.954999924,1.491999984,27.57600021
2016/7/6 18:45,9.243000031,3.549999952,6.147999763,1.491999984,3.046000004,1.523000002,23.819873441071564
2016/7/6 19:00,9.175999641,3.549999952,6.005000114,1.56400001,3.107000113,1.613999963,19.57480589600455
2016/7/6 19:15,9.31000042,3.617000103,6.183000088,1.56400001,3.107000113,1.797000051,23.424170129024
2016/7/6 19:30,9.51099968,3.617000103,6.111999989,1.56400001,3.349999905,1.674999952,21.838193555799503
2016/7/6 19:45,9.779000282,3.88499999,6.254000187,1.56400001,3.381000042,1.70599997,21.150056190535157
2016/7/6 20:00,9.645000458,4.152999878,6.254000187,1.457000017,3.411000013,1.735999942,19.023455927202622
2016/7/6 20:15,10.11400032,3.684000015,6.43200016,1.386000037,3.625,2.040999889,20.369510503199358
2016/7/6 20:30,9.845999718,3.750999928,6.324999809,1.77699995,3.594000101,1.797000051,19.043667081020686
2016/7/6 20:45,9.444000244,3.818000078,5.862999916,1.172999978,3.686000109,1.76699996,20.75032365981009
2016/7/6 21:00,8.505999565,2.880000114,5.436999798,0.745999992,3.532999992,1.827999949,25.45751150541024
2016/7/6 21:15,10.38199997,3.013999939,7.461999893,0.816999972,3.075999975,1.613999963,23.573890093929613
2016/7/6 21:30,10.58300018,3.214999914,7.249000072,1.457000017,2.954999924,1.644999981,29.68600082
2016/7/6 21:45,10.51599979,3.415999889,6.822999954,0.603999972,3.167999983,1.613999963,21.277520477985842
2016/7/6 22:00,10.51599979,3.348999977,7.106999874,1.279000044,3.259000063,1.644999981,23.250249175955517
2016/7/6 22:15,12.45800018,4.822999954,8.883999825,2.559000015,3.046000004,1.644999981,19.00097258781945
2016/7/6 22:30,12.72599983,4.21999979,9.843000412,2.381000042,3.381000042,1.644999981,19.506172933245523
2016/7/6 22:45,13.26200008,5.223999977,9.522999763,2.309999943,3.046000004,1.613999963,28.91300011
2016/7/6 23:00,13.39599991,4.68900013,10.23400021,2.381000042,3.259000063,1.674999952,22.128700782122053
2016/7/6 23:15,13.86499977,5.69299984,10.97999954,3.055999994,3.046000004,1.70599997,17.889655168946334
2016/7/6 23:30,12.79300022,4.889999866,9.701000214,2.948999882,2.894000053,1.644999981,19.012174641847825
2016/7/6 23:45,13.73099995,4.622000217,10.3760004,2.559000015,2.954999924,1.523000002,22.682665688926733
2016/7/7 0:00,12.59200001,5.157000065,9.204000473,2.309999943,2.772000074,1.613999963,19.81592925991863
2016/7/7 0:15,14.53499985,5.894000053,11.79800034,3.838000059,2.710999966,1.613999963,17.520258142398742
2016/7/7 0:30,12.85999966,5.022999763,10.09200001,2.984999895,2.497999907,1.462000012,21.431787810772434
2016/7/7 0:45,13.12800026,5.827000141,10.12699986,3.233999968,2.467000008,1.491999984,25.597150203689942
2016/7/7 1:00,14.19999981,6.229000092,11.19400024,3.447000027,2.559000015,1.552999973,26.019348378693024
2016/7/7 1:15,12.92700005,5.357999802,10.3760004,3.375999928,2.528000116,1.523000002,23.983313031082506
2016/7/7 1:30,12.39099979,5.090000153,9.026000023,3.019999981,2.528000116,1.613999963,19.52614110990127
2016/7/7 1:45,13.9989996,6.027999878,11.30000019,3.838000059,2.772000074,1.644999981,17.859856463278852
2016/7/7 2:00,12.59200001,6.229000092,10.9090004,3.696000099,2.528000116,1.523000002,29.690268366827535
2016/7/7 2:15,12.39099979,5.425000191,9.984999657,3.127000093,2.497999907,1.523000002,23.448898098899836
2016/7/7 2:30,14.2670002,6.296000004,11.40699959,3.730999947,2.559000015,1.583999991,20.781440960721316
2016/7/7 2:45,14.19999981,6.429999828,11.08699989,3.411000013,2.832999945,1.674999952,16.61218851728418
2016/7/7 3:00,14.2670002,6.362999916,11.12199974,3.872999907,2.832999945,1.674999952,18.066441089441682
2016/7/7 3:15,12.6590004,5.69299984,10.12699986,3.197999954,2.710999966,1.70599997,17.856100408972633
2016/7/7 3:30,13.32900047,5.559000015,10.8739996,3.197999954,2.650000095,1.613999963,27.9279995
2016/7/7 3:45,13.9989996,6.362999916,11.15799999,3.552999973,2.588999987,1.76699996,21.503995200005136
2016/7/7 4:00,12.59200001,5.090000153,9.204000473,2.772000074,2.680000067,1.827999949,21.090799996341165
2016/7/7 4:15,13.39599991,6.027999878,9.913999557,2.806999922,2.710999966,1.76699996,22.944644948106628
2016/7/7 4:30,14.46800041,5.69299984,11.01599979,3.233999968,2.772000074,1.797000051,22.482999667908434
2016/7/7 4:45,14.19999981,6.362999916,11.30000019,3.233999968,3.167999983,1.797000051,23.686247339425716
2016/7/7 5:00,13.73099995,5.625999928,10.66100025,2.984999895,3.229000092,1.76699996,20.125691013717994
2016/7/7 5:15,15.60599995,6.631000042,12.04599953,3.625,3.229000092,1.980000019,19.695632627361935
2016/7/7 5:30,15.00399971,5.894000053,11.90400028,3.019999981,3.349999905,1.76699996,17.922872420377164
2016/7/7 5:45,16.27599907,6.56400013,12.72200012,3.696000099,3.137000084,1.613999963,21.07752371440663
2016/7/7 6:00,15.13700008,5.760000229,11.22900009,2.948999882,3.319999933,1.644999981,21.72691249692654
2016/7/7 6:15,15.06999969,6.229000092,12.01099968,3.375999928,3.289999962,1.644999981,23.549931975253447
2016/7/7 6:30,15.06999969,6.09499979,11.19400024,3.339999914,3.349999905,1.674999952,20.173446073636605
2016/7/7 6:45,14.06599998,5.223999977,10.6960001,3.163000107,3.289999962,1.735999942,20.14385893033063
2016/7/7 7:00,14.2670002,5.960999966,10.80300045,3.197999954,3.381000042,1.797000051,20.1159947701255
2016/7/7 7:15,13.9989996,6.362999916,10.8380003,3.305000067,3.411000013,1.797000051,19.648245263373546
2016/7/7 7:30,13.4630003,6.09499979,10.19900036,2.948999882,3.259000063,1.674999952,21.185621028620833
2016/7/7 7:45,12.85999966,5.223999977,9.23900032,2.736000061,3.381000042,1.76699996,20.785842462135342
2016/7/7 8:00,12.52499962,5.090000153,9.31000042,3.055999994,3.075999975,1.797000051,18.423441090310543
2016/7/7 8:15,12.59200001,5.827000141,9.559000015,3.269000053,3.259000063,1.85800004,19.086420137764534
2016/7/7 8:30,12.45800018,6.09499979,9.772000313,3.625,3.229000092,1.827999949,18.478647496925536
2016/7/7 8:45,12.6590004,4.889999866,8.812999725,2.630000114,3.107000113,1.85800004,21.28923349339113
2016/7/7 9:00,12.32400036,5.559000015,8.670999527,2.842999935,3.015000105,1.674999952,28.9829998
2016/7/7 9:15,12.18999958,4.68900013,9.06099987,2.630000114,3.441999912,1.888000011,28.91300011
2016/7/7 9:30,13.06099987,5.090000153,9.487999916,2.772000074,3.197999954,1.70599997,17.395860497236086
2016/7/7 9:45,12.72599983,5.022999763,9.593999863,2.772000074,3.381000042,1.797000051,20.276821805336272
2016/7/7 10:00,13.26200008,6.09499979,9.807999611,2.842999935,3.441999912,1.76699996,15.96395278940394
2016/7/7 10:15,14.53499985,6.09499979,10.23400021,3.411000013,3.71600008,1.797000051,20.074068392100397
2016/7/7 10:30,12.99400043,4.822999954,8.493000031,2.415999889,4.172999859,1.76699996,19.665172581851966
2016/7/7 10:45,12.79300022,5.223999977,8.208999634,2.061000109,4.020999908,1.76699996,19.549059280176255
2016/7/7 11:00,12.32400036,4.956999779,8.244000435,2.559000015,3.99000001,1.735999942,19.152586496713884
2016/7/7 11:15,11.5880003,4.822999954,8.208999634,2.273999929,3.838000059,1.70599997,18.503599016239633
2016/7/7 11:30,10.98499966,4.68900013,7.214000225,1.598999977,3.686000109,1.735999942,20.958374578469403
2016/7/7 11:45,10.51599979,3.750999928,6.751999855,1.350000024,3.259000063,1.644999981,19.845195326375283
2016/7/7 12:00,9.645000458,3.617000103,6.787000179,1.598999977,3.046000004,1.523000002,24.356947055866634
2016/7/7 12:15,10.91800022,4.68900013,7.355999947,1.84800005,2.924000025,1.552999973,22.66407517252994
2016/7/7 12:30,10.71700001,4.487999916,7.249000072,1.812000036,3.015000105,1.583999991,16.98381355382671
2016/7/7 12:45,9.779000282,4.287000179,6.787000179,1.77699995,2.740999937,1.552999973,35.10300064
2016/7/7 13:00,10.51599979,4.554999828,7.390999794,2.131999969,2.802000046,1.552999973,24.940316747163823
2016/7/7 13:15,10.38199997,4.487999916,6.965000153,2.025000095,2.802000046,1.523000002,35.8769989
2016/7/7 13:30,10.51599979,4.622000217,7.177999973,2.096999884,2.740999937,1.613999963,15.968053612507113
2016/7/7 13:45,10.64999962,4.019000053,7.249000072,1.99000001,2.618999958,1.523000002,24.67782074728815
2016/7/7 14:00,9.376999855,3.818000078,6.573999882,1.56400001,2.650000095,1.552999973,37.2840004
2016/7/7 14:15,9.845999718,3.750999928,7.532999992,2.167999983,3.046000004,1.674999952,18.33271128706856
2016/7/7 14:30,10.71700001,4.487999916,8.031000137,2.239000082,2.588999987,1.491999984,23.077206351641067
2016/7/7 14:45,9.109000206,4.287000179,6.751999855,1.421000004,2.559000015,1.613999963,19.072648996402418
2016/7/7 15:00,9.109000206,3.684000015,6.610000134,1.598999977,2.588999987,2.131999969,15.21996201327173
2016/7/7 15:15,9.845999718,3.88499999,6.894000053,1.421000004,2.618999958,1.523000002,26.042837842992736
2016/7/7 15:30,9.041999817,3.348999977,6.573999882,1.63499999,2.528000116,1.523000002,24.96711425266403
2016/7/7 15:45,9.243000031,3.415999889,6.681000233,1.457000017,2.618999958,1.491999984,26.19062184124286
2016/7/7 16:00,9.243000031,3.415999889,6.538000107,1.70599997,2.984999895,1.552999973,21.197174260538873
2016/7/7 16:15,9.51099968,4.019000053,6.928999901,2.167999983,2.832999945,1.613999963,15.666533587709381
2016/7/7 16:30,9.845999718,4.019000053,6.857999802,2.167999983,3.015000105,1.674999952,20.085830202851344
2016/7/7 16:45,10.18099976,4.085999966,7.106999874,2.239000082,3.107000113,1.674999952,16.895703106265287
2016/7/7 17:00,10.44900036,4.21999979,7.320000172,2.096999884,3.229000092,1.523000002,22.53292286502042
2016/7/7 17:15,10.91800022,4.085999966,7.532999992,2.096999884,3.411000013,1.76699996,20.49676297418414
2016/7/7 17:30,10.98499966,4.756000042,7.568999767,2.239000082,3.381000042,1.613999963,18.225790717385888
2016/7/7 17:45,11.31999969,4.354000092,7.639999866,2.203000069,3.563999891,1.644999981,19.798960969740676
2016/7/7 18:00,11.05200005,4.287000179,7.604000092,1.99000001,3.471999884,1.674999952,22.807255147226527
2016/7/7 18:15,10.58300018,4.085999966,7.214000225,2.025000095,3.411000013,1.70599997,19.796452367686403
2016/7/7 18:30,10.11400032,3.951999903,6.857999802,1.953999996,3.137000084,1.552999973,23.48339781962986
2016/7/7 18:45,10.11400032,4.085999966,6.894000053,1.99000001,3.229000092,1.613999963,20.483532655028455
2016/7/7 19:00,10.11400032,4.085999966,6.857999802,1.953999996,3.259000063,1.644999981,17.266909201869147
2016/7/7 19:15,10.24800014,4.085999966,6.894000053,1.953999996,3.319999933,1.644999981,21.36808734879297
2016/7/7 19:30,10.04699993,3.88499999,6.751999855,1.741000056,3.349999905,1.674999952,19.66299338335619
2016/7/7 19:45,10.44900036,4.019000053,6.894000053,2.061000109,3.503000021,1.644999981,19.17616528226171
2016/7/7 20:00,11.11900043,4.152999878,7.427000046,1.91900003,3.746000051,1.674999952,17.593142813659572
2016/7/7 20:15,11.05200005,3.88499999,7.249000072,1.77699995,3.746000051,1.613999963,18.813970369839538
2016/7/7 20:30,11.05200005,3.88499999,7.390999794,1.883000016,3.71600008,1.552999973,20.058628747090896
2016/7/7 20:45,10.91800022,3.750999928,7.355999947,1.741000056,3.625,1.613999963,19.79239952872986
2016/7/7 21:00,10.44900036,3.282000065,7.106999874,1.279000044,3.594000101,1.70599997,23.929375711124226
2016/7/7 21:15,10.44900036,4.019000053,6.928999901,1.63499999,3.563999891,1.644999981,20.69830202100162
2016/7/7 21:30,9.979999542,3.348999977,6.787000179,1.350000024,3.381000042,1.644999981,21.50517515745511
2016/7/7 21:45,9.779000282,3.750999928,6.538000107,1.421000004,3.229000092,1.674999952,19.46249126795776
2016/7/7 22:00,10.51599979,3.88499999,7.355999947,1.598999977,3.167999983,1.674999952,20.762864304935785
2016/7/7 22:15,10.51599979,3.617000103,7.284999847,2.025000095,3.167999983,1.70599997,19.14686640873689
2016/7/7 22:30,11.31999969,4.085999966,7.888999939,1.669999957,3.349999905,1.70599997,18.940658866671644
2016/7/7 22:45,11.18599987,4.68900013,8.065999985,1.70599997,3.441999912,1.76699996,19.686465968091543
2016/7/7 23:00,11.85499954,5.357999802,8.883999825,3.197999954,3.075999975,1.552999973,31.58600044
2016/7/7 23:15,12.6590004,5.357999802,9.31000042,2.664999962,2.984999895,1.523000002,19.222635728664578
2016/7/7 23:30,11.52099991,5.157000065,8.279999733,2.451999903,3.075999975,1.583999991,18.581149053725653
2016/7/7 23:45,12.59200001,5.090000153,9.416999817,3.055999994,2.772000074,1.583999991,17.499436288647477
2016/7/8 0:00,11.85499954,4.756000042,8.883999825,2.984999895,2.954999924,1.523000002,22.02969448702361
2016/7/8 0:15,10.85099983,4.622000217,8.38599968,2.486999989,2.984999895,1.523000002,20.008413668789018
2016/7/8 0:30,11.65499973,4.554999828,8.493000031,2.451999903,2.559000015,1.552999973,21.438170952130644
2016/7/8 0:45,11.31999969,4.554999828,8.741999626,2.594000101,2.588999987,1.309999943,24.99535696801773
2016/7/8 1:00,10.38199997,4.756000042,7.994999886,2.630000114,2.497999907,1.340000033,22.211803678290238
2016/7/8 1:15,10.18099976,4.287000179,7.782000065,2.772000074,2.467000008,1.340000033,23.073854363102352
2016/7/8 1:30,11.31999969,5.223999977,9.168000221,3.092000008,2.375999928,1.340000033,24.394875752356764
2016/7/8 1:45,11.85499954,4.622000217,9.131999969,2.984999895,2.345000029,1.340000033,22.970636563816925
2016/7/8 2:00,11.18599987,5.223999977,8.706000328,2.594000101,2.375999928,1.401000023,25.770837343788422
2016/7/8 2:15,10.04699993,5.022999763,7.782000065,2.309999943,2.345000029,1.401000023,22.639436819325933
2016/7/8 2:30,11.72099972,5.290999889,9.06099987,3.233999968,2.375999928,1.401000023,25.804642165825516
2016/7/8 2:45,9.845999718,4.554999828,7.143000126,2.772000074,2.405999899,1.401000023,21.664856851923368
2016/7/8 3:00,10.24800014,4.554999828,7.747000217,2.736000061,2.437000036,1.491999984,23.096279971698355
2016/7/8 3:15,11.65499973,5.425000191,8.56400013,2.948999882,2.467000008,1.523000002,23.30646084349915
2016/7/8 3:30,11.18599987,4.554999828,8.635000229,2.914000034,2.559000015,1.552999973,26.173532407443957
2016/7/8 3:45,9.578000069,4.756000042,7.390999794,2.736000061,2.375999928,1.491999984,26.36688165308577
2016/7/8 4:00,10.91800022,4.085999966,8.244000435,2.594000101,2.315000057,1.462000012,25.61724704038308
2016/7/8 4:15,11.52099991,5.223999977,8.883999825,2.772000074,2.772000074,1.523000002,28.081744426528928
2016/7/8 4:30,11.5880003,5.223999977,8.31499958,2.309999943,2.528000116,1.76699996,29.12400055
2016/7/8 4:45,10.31499958,4.019000053,7.355999947,2.239000082,2.680000067,1.523000002,27.08290753614273
2016/7/8 5:00,12.6590004,5.223999977,9.416999817,2.700999975,2.894000053,1.613999963,18.58295231992162
2016/7/8 5:15,11.98900032,3.951999903,8.635000229,2.096999884,3.594000101,1.674999952,29.61599922
2016/7/8 5:30,11.18599987,4.421000004,7.81799984,1.84800005,3.654999971,1.613999963,16.12079208684231
2016/7/8 5:45,13.06099987,4.354000092,9.026000023,2.273999929,3.441999912,1.644999981,18.670100551307808
2016/7/8 6:00,13.59700012,5.425000191,9.737000465,2.984999895,3.471999884,1.644999981,19.96636067760728
2016/7/8 6:15,12.45800018,5.157000065,8.706000328,2.239000082,3.381000042,1.644999981,21.30965100880134
2016/7/8 6:30,11.98900032,4.822999954,8.244000435,2.559000015,3.319999933,1.644999981,17.614743005776113
2016/7/8 6:45,13.12800026,5.827000141,9.274999619,2.772000074,3.259000063,1.735999942,19.477062992387594
2016/7/8 7:00,10.38199997,4.085999966,7.214000225,2.025000095,3.289999962,1.644999981,19.352328283551866
2016/7/8 7:15,9.645000458,4.085999966,6.395999908,1.63499999,3.229000092,1.735999942,18.682482211864702
2016/7/8 7:30,10.64999962,4.68900013,6.71600008,2.167999983,3.259000063,1.735999942,20.392035406344306
2016/7/8 7:45,9.913000107,3.951999903,6.681000233,1.63499999,3.319999933,1.76699996,21.15836227198363
2016/7/8 8:00,9.979999542,4.554999828,6.71600008,2.273999929,3.289999962,1.797000051,18.25350410408144
2016/7/8 8:15,9.711999893,4.68900013,6.751999855,1.883000016,3.137000084,1.76699996,18.545650689603757
2016/7/8 8:30,9.51099968,4.622000217,7.249000072,2.025000095,3.137000084,1.70599997,17.399623545622223
2016/7/8 8:45,9.645000458,4.354000092,6.965000153,2.239000082,3.015000105,1.644999981,21.14006387100423
2016/7/8 9:00,9.645000458,4.019000053,6.894000053,2.594000101,3.015000105,1.644999981,17.021528084414275
2016/7/8 9:15,10.64999962,4.019000053,7.427000046,2.239000082,2.984999895,1.644999981,18.959777158396555
2016/7/8 9:30,10.98499966,4.622000217,7.390999794,2.664999962,3.137000084,1.70599997,16.137515113203797
2016/7/8 9:45,10.38199997,4.152999878,7.249000072,1.77699995,3.319999933,1.76699996,20.273084904358203
2016/7/8 10:00,11.72099972,4.756000042,7.994999886,2.167999983,3.381000042,1.735999942,14.53272572359488
2016/7/8 10:15,11.92199993,4.085999966,7.888999939,2.025000095,3.563999891,1.674999952,18.689096559139394
2016/7/8 10:30,13.19499969,5.223999977,8.56400013,2.772000074,4.203000069,1.735999942,19.750276610954227
2016/7/8 10:45,12.18999958,5.090000153,8.421999931,1.91900003,3.99000001,1.674999952,18.88668376403172
2016/7/8 11:00,11.78800011,4.21999979,8.031000137,2.131999969,3.928999901,1.827999949,17.98252390997061
2016/7/8 11:15,12.25699997,4.152999878,8.102000237,2.273999929,3.838000059,1.70599997,17.781280832124594
2016/7/8 11:30,10.7840004,4.354000092,7.532999992,1.883000016,3.563999891,1.644999981,20.27003784653951
2016/7/8 11:45,10.85099983,4.354000092,6.928999901,1.56400001,3.259000063,1.674999952,19.16837389081487
2016/7/8 12:00,10.44900036,4.085999966,7.355999947,1.812000036,3.167999983,1.674999952,20.778538766384376
2016/7/8 12:15,10.31499958,3.617000103,6.502999783,1.84800005,3.075999975,1.613999963,20.396842092683382
2016/7/8 12:30,9.444000244,3.951999903,6.822999954,1.491999984,3.075999975,1.85800004,18.24226889178235
2016/7/8 12:45,10.31499958,3.415999889,6.751999855,1.315000057,3.107000113,1.674999952,21.81531179147501
2016/7/8 13:00,10.18099976,3.415999889,6.857999802,1.741000056,3.046000004,1.613999963,19.25500595291496
2016/7/8 13:15,9.444000244,4.354000092,6.467000008,1.598999977,2.984999895,1.583999991,18.40300755824481
2016/7/8 13:30,12.32400036,5.290999889,6.894000053,2.167999983,5.573999882,2.163000107,32.21900177
2016/7/8 13:45,13.06099987,5.157000065,7.249000072,1.953999996,5.544000149,2.437000036,19.963157002824627
2016/7/8 14:00,12.92700005,5.022999763,6.751999855,1.527999997,5.696000099,2.223999977,22.152299255429984
2016/7/8 14:15,10.64999962,4.487999916,7.284999847,2.131999969,3.137000084,1.735999942,17.76256165552462
2016/7/8 14:30,9.711999893,3.818000078,7.0,1.812000036,3.107000113,1.674999952,17.83230430740572
2016/7/8 14:45,9.645000458,3.88499999,6.751999855,1.598999977,3.319999933,1.674999952,19.842008620463638
2016/7/8 15:00,10.18099976,4.21999979,6.573999882,1.741000056,3.015000105,1.644999981,16.727555831618055
2016/7/8 15:15,10.31499958,3.818000078,6.787000179,1.63499999,3.229000092,1.70599997,20.235837633139194
2016/7/8 15:30,9.51099968,3.750999928,6.395999908,1.56400001,3.046000004,1.76699996,34.89199829
2016/7/8 15:45,9.845999718,3.617000103,6.502999783,1.243999958,3.259000063,2.040999889,22.364274236666926
2016/7/8 16:00,9.444000244,3.549999952,6.610000134,1.279000044,2.924000025,1.613999963,19.92350041130346
2016/7/8 16:15,9.913000107,3.617000103,6.502999783,1.457000017,3.075999975,1.674999952,20.436238956939405
2016/7/8 16:30,9.779000282,3.951999903,6.787000179,1.883000016,3.046000004,1.523000002,34.75099945
2016/7/8 16:45,10.11400032,4.019000053,7.0,1.883000016,3.411000013,1.735999942,18.209522010675542
2016/7/8 17:00,10.31499958,4.085999966,7.177999973,2.096999884,3.229000092,1.644999981,21.37394847169607
2016/7/8 17:15,10.71700001,3.951999903,7.106999874,1.91900003,3.503000021,1.674999952,21.470775992383317
2016/7/8 17:30,11.05200005,4.019000053,7.427000046,1.99000001,3.594000101,1.674999952,19.440650071736048
2016/7/8 17:45,10.91800022,3.951999903,7.355999947,1.598999977,3.532999992,1.70599997,21.188455927449354
2016/7/8 18:00,10.71700001,3.88499999,7.106999874,1.741000056,3.563999891,1.674999952,23.556634522608206
2016/7/8 18:15,10.38199997,3.684000015,6.324999809,1.56400001,3.563999891,1.70599997,21.75034236536978
2016/7/8 18:30,10.18099976,3.684000015,6.610000134,1.421000004,3.532999992,1.674999952,23.429949574408376
2016/7/8 18:45,10.11400032,3.617000103,6.610000134,1.457000017,3.532999992,1.735999942,22.113503672139387
2016/7/8 19:00,10.18099976,3.617000103,6.467000008,1.421000004,3.594000101,1.674999952,19.244363511626137
2016/7/8 19:15,10.04699993,3.818000078,6.644999981,1.741000056,3.441999912,1.613999963,21.80786920534616
2016/7/8 19:30,10.18099976,3.684000015,6.894000053,1.56400001,3.471999884,1.613999963,21.35623814413448
2016/7/8 19:45,11.5880003,4.487999916,7.143000126,1.63499999,4.447000027,1.827999949,19.416745835963333
2016/7/8 20:00,11.85499954,4.085999966,7.639999866,1.56400001,4.263999939,1.85800004,17.97527952719477
2016/7/8 20:15,12.39099979,4.152999878,7.960000038,1.669999957,4.386000156,1.888000011,18.999633913633268
2016/7/8 20:30,12.45800018,4.085999966,8.137999535,1.812000036,4.568999767,1.91900003,18.534362156525074
2016/7/8 20:45,12.59200001,4.152999878,8.137999535,1.63499999,4.355999947,1.888000011,19.64818534883932
2016/7/8 21:00,12.72599983,4.354000092,8.244000435,2.131999969,4.295000076,1.76699996,22.584584272295086
2016/7/8 21:15,13.93200016,6.362999916,10.05599976,4.014999866,3.838000059,1.613999963,21.79420307071475
2016/7/8 21:30,13.73099995,6.899000168,10.19900036,3.625,4.051000118,1.613999963,21.508764223290818
2016/7/8 21:45,14.40100002,5.492000103,9.984999657,2.559000015,3.928999901,1.827999949,19.435613105633696
2016/7/8 22:00,14.06599998,5.357999802,9.666000366,2.239000082,3.77699995,1.70599997,20.445552412963437
2016/7/8 22:15,15.13700008,5.894000053,11.01599979,3.233999968,3.71600008,1.644999981,19.949530768778327
2016/7/8 22:30,16.20899963,6.497000217,12.26000023,3.980000019,3.563999891,1.76699996,31.09300041
2016/7/8 22:45,16.20899963,7.099999905,12.57900047,4.014999866,3.77699995,1.70599997,22.001823368359897
2016/7/8 23:00,18.15200043,8.840999603,12.40200043,4.19299984,5.81799984,3.046000004,30.53100014
2016/7/8 23:15,14.53499985,6.56400013,11.08699989,3.552999973,3.532999992,1.76699996,18.057304929967653
2016/7/8 23:30,14.86999989,5.760000229,11.90400028,3.872999907,3.411000013,1.76699996,20.565142450197722
2016/7/8 23:45,14.46800041,5.69299984,11.08699989,3.197999954,3.563999891,1.70599997,18.924474049532044
2016/7/9 0:00,14.60200024,5.960999966,11.30000019,3.339999914,3.259000063,1.76699996,30.95299911
2016/7/9 0:15,13.59700012,6.09499979,10.5539999,3.482000113,3.167999983,1.613999963,18.50347586647294
2016/7/9 0:30,15.06999969,6.429999828,11.44200039,3.90899992,3.137000084,1.70599997,17.55523583336287
2016/7/9 0:45,14.19999981,6.296000004,10.8380003,3.625,3.107000113,1.735999942,21.137379250809076
2016/7/9 1:00,14.53499985,6.162000179,11.69099998,3.90899992,3.046000004,1.644999981,19.02626424865352
2016/7/9 1:15,14.53499985,6.56400013,11.69099998,3.90899992,3.046000004,1.644999981,20.031994944477486
2016/7/9 1:30,14.06599998,6.56400013,11.40699959,4.300000191,2.894000053,1.613999963,19.72447017156644
2016/7/9 1:45,14.40100002,5.69299984,11.37100029,3.872999907,2.772000074,1.76699996,17.994922666617292
2016/7/9 2:00,14.40100002,6.296000004,11.72700024,3.944000006,2.802000046,1.613999963,21.104501888371573
2016/7/9 2:15,14.46800041,6.296000004,11.01599979,3.944000006,2.710999966,1.523000002,26.95065904104199
2016/7/9 2:30,11.18599987,4.889999866,8.456999779,2.806999922,2.740999937,1.644999981,21.30379570813663
2016/7/9 2:45,12.52499962,5.960999966,9.87899971,3.197999954,2.924000025,1.735999942,16.817579242690226
2016/7/9 3:00,13.9989996,6.497000217,10.94499969,3.197999954,2.710999966,1.674999952,18.143657667804508
2016/7/9 3:15,13.39599991,5.894000053,10.4829998,3.305000067,2.710999966,1.674999952,18.061339719940268
2016/7/9 3:30,13.73099995,5.894000053,10.51799965,3.163000107,2.954999924,1.613999963,20.93949918856528
2016/7/9 3:45,13.19499969,6.09499979,10.3409996,3.802000046,2.680000067,1.674999952,21.269711779065936
2016/7/9 4:00,14.06599998,6.296000004,11.30000019,3.482000113,2.832999945,2.00999999,20.713895395727295
2016/7/9 4:15,14.06599998,6.429999828,11.22900009,3.482000113,2.954999924,1.827999949,28.70199966
2016/7/9 4:30,14.19999981,6.497000217,11.15799999,3.944000006,2.924000025,1.827999949,22.25561111029214
2016/7/9 4:45,12.12300014,5.290999889,9.131999969,2.523000002,3.319999933,1.735999942,21.327446552333182
2016/7/9 5:00,14.2670002,5.425000191,10.8380003,3.019999981,3.319999933,1.76699996,19.424220901226068
2016/7/9 5:15,15.47200012,5.69299984,11.51299953,3.482000113,3.441999912,1.583999991,19.502754354372776
2016/7/9 5:30,15.53899956,5.894000053,11.93999958,3.838000059,3.259000063,1.552999973,24.578288006320385
2016/7/9 5:45,14.80300045,5.760000229,11.76200008,3.375999928,3.381000042,1.70599997,20.87209788879561
2016/7/9 6:00,14.60200024,5.69299984,10.8739996,3.055999994,3.289999962,1.735999942,21.319850630147855
2016/7/9 6:15,13.19499969,4.68900013,9.522999763,2.167999983,3.411000013,1.735999942,21.908141983068994
2016/7/9 6:30,11.38700008,3.617000103,8.031000137,1.491999984,3.197999954,1.735999942,19.270418011830927
2016/7/9 6:45,11.18599987,3.282000065,7.853000164,1.136999965,2.618999958,1.248999953,23.80499156459893
2016/7/9 7:00,9.109000206,2.611999989,6.395999908,1.065999985,2.740999937,1.523000002,25.941629667018933
2016/7/9 7:15,10.85099983,3.415999889,7.249000072,1.350000024,3.046000004,1.644999981,22.011119985089643
2016/7/9 7:30,9.645000458,2.678999901,6.43200016,0.425999999,2.924000025,1.523000002,23.381143189774836
2016/7/9 7:45,11.05200005,3.549999952,7.461999893,1.031000018,2.954999924,1.674999952,21.919361885841592
2016/7/9 8:00,11.45400047,3.415999889,8.279999733,1.101999998,3.137000084,1.76699996,21.60428164580326
2016/7/9 8:15,9.913000107,3.951999903,7.071000099,1.741000056,3.075999975,1.735999942,19.629164573038942
2016/7/9 8:30,10.44900036,4.354000092,7.071000099,2.486999989,3.046000004,1.827999949,18.290667633816042
2016/7/9 8:45,9.845999718,4.287000179,6.254000187,1.669999957,3.075999975,1.827999949,22.109189642717432
2016/7/9 9:00,9.779000282,3.549999952,6.005000114,1.70599997,3.289999962,1.644999981,19.17196814843457
2016/7/9 9:15,9.645000458,3.88499999,5.934000015,1.457000017,3.107000113,1.76699996,29.54599953
2016/7/9 9:30,10.11400032,4.21999979,6.289999962,1.99000001,3.229000092,1.76699996,18.288392637916747
2016/7/9 9:45,9.979999542,3.951999903,6.395999908,1.207999945,3.563999891,1.85800004,29.82699966
2016/7/9 10:00,10.85099983,4.21999979,6.573999882,1.243999958,3.471999884,1.797000051,17.183462285339704
2016/7/9 10:15,10.64999962,3.951999903,6.681000233,1.669999957,3.686000109,1.827999949,19.76635426168702
2016/7/9 10:30,11.18599987,4.152999878,7.249000072,1.350000024,4.234000206,1.980000019,31.16399956
2016/7/9 10:45,10.58300018,4.085999966,6.787000179,1.172999978,3.898999929,1.76699996,30.67099953
2016/7/9 11:00,10.51599979,3.48300004,6.610000134,1.350000024,3.868000031,1.735999942,20.207996171853853
2016/7/9 11:15,10.51599979,4.019000053,7.249000072,1.421000004,3.71600008,1.644999981,20.318754933057058
2016/7/9 11:30,10.04699993,4.019000053,6.183000088,1.136999965,3.381000042,1.70599997,24.848852760143288
2016/7/9 11:45,9.645000458,3.282000065,5.791999817,0.958999991,3.289999962,1.76699996,20.597147326441785
2016/7/9 12:00,9.779000282,3.617000103,5.899000168,0.852999985,3.229000092,1.70599997,23.68619467202024
2016/7/9 12:15,9.645000458,3.214999914,6.395999908,1.279000044,3.259000063,1.674999952,21.75852966695429
2016/7/9 12:30,9.376999855,3.750999928,6.502999783,1.421000004,3.046000004,1.644999981,20.084709203991267
2016/7/9 12:45,10.11400032,2.947000027,6.43200016,1.101999998,3.167999983,1.644999981,23.4301105082191
2016/7/9 13:00,10.24800014,3.750999928,6.610000134,1.243999958,3.046000004,1.552999973,22.248118627492783
2016/7/9 13:15,10.18099976,3.415999889,6.573999882,1.207999945,3.015000105,1.583999991,23.847896361034135
2016/7/9 13:30,10.58300018,4.21999979,6.822999954,1.457000017,3.259000063,1.613999963,21.56849129270935
2016/7/9 13:45,10.38199997,3.148000002,7.214000225,1.56400001,3.107000113,1.552999973,21.151200205900555
2016/7/9 14:00,9.645000458,4.019000053,6.822999954,1.56400001,3.046000004,1.552999973,23.08655261971737
2016/7/9 14:15,10.31499958,4.019000053,6.787000179,1.243999958,3.015000105,1.583999991,20.558522147646794
2016/7/9 14:30,10.24800014,3.88499999,6.857999802,1.491999984,3.015000105,1.674999952,31.79700089
2016/7/9 14:45,9.51099968,3.08100009,6.538000107,1.101999998,2.954999924,1.552999973,22.1294451429767
2016/7/9 15:00,9.578000069,3.818000078,6.361000061,1.491999984,3.075999975,1.613999963,18.95880540899447
2016/7/9 15:15,9.913000107,3.148000002,6.43200016,1.065999985,3.289999962,1.552999973,23.43626993513953
2016/7/9 15:30,12.32400036,3.617000103,6.502999783,1.172999978,5.482999802,1.949000001,20.495828738528377
2016/7/9 15:45,11.98900032,3.88499999,6.395999908,1.421000004,5.513000011,2.131999969,22.395761075027508
2016/7/9 16:00,11.98900032,4.152999878,6.43200016,1.527999997,5.604000092,2.193000078,21.953836810948232
2016/7/9 16:15,12.12300014,4.287000179,6.467000008,1.421000004,5.664999962,2.131999969,19.757378447037265
2016/7/9 16:30,12.72599983,4.487999916,6.857999802,1.386000037,6.243999958,2.467000008,22.605888419368927
2016/7/9 16:45,12.79300022,4.554999828,6.681000233,1.243999958,6.0,2.375999928,19.263656170263218
2016/7/9 17:00,10.7840004,3.818000078,6.644999981,1.207999945,3.868000031,1.888000011,22.274224656265044
2016/7/9 17:15,10.7840004,3.818000078,6.71600008,1.207999945,3.960000038,1.85800004,22.37747411519423
2016/7/9 17:30,10.51599979,3.549999952,6.644999981,1.421000004,3.868000031,1.735999942,20.504452522712253
2016/7/9 17:45,10.64999962,3.48300004,6.822999954,1.172999978,3.746000051,1.70599997,31.44499969
2016/7/9 18:00,10.11400032,3.415999889,6.254000187,1.207999945,3.686000109,2.040999889,24.774258294392823
2016/7/9 18:15,10.11400032,3.617000103,6.361000061,1.386000037,3.686000109,1.797000051,21.779513797432255
2016/7/9 18:30,9.779000282,3.617000103,6.218999863,1.315000057,3.471999884,1.70599997,23.76626759768414
2016/7/9 18:45,9.31000042,3.282000065,5.96999979,1.279000044,3.411000013,1.70599997,31.23399925
2016/7/9 19:00,9.444000244,3.148000002,5.96999979,1.101999998,3.411000013,1.644999981,20.84723868303874
2016/7/9 19:15,9.779000282,3.282000065,6.289999962,1.457000017,3.471999884,1.674999952,23.62894922418972
2016/7/9 19:30,10.31499958,3.348999977,6.610000134,1.63499999,3.746000051,1.674999952,20.793963069183423
2016/7/9 19:45,10.91800022,3.549999952,7.035999775,1.207999945,3.838000059,1.644999981,21.568141682265242
2016/7/9 20:00,11.31999969,3.48300004,7.427000046,1.812000036,4.051000118,1.674999952,18.75823855838363
2016/7/9 20:15,12.18999958,3.750999928,7.994999886,1.527999997,4.234000206,1.491999984,21.64465294707399
2016/7/9 20:30,12.12300014,3.684000015,8.031000137,1.56400001,4.111999989,1.613999963,19.202043887342263
2016/7/9 20:45,12.12300014,3.549999952,8.137999535,1.63499999,3.99000001,1.552999973,30.53100014
2016/7/9 21:00,13.52999973,4.756000042,9.522999763,2.700999975,3.898999929,1.462000012,30.88199997
2016/7/9 21:15,13.32900047,5.760000229,9.345999718,3.233999968,4.111999989,1.735999942,21.616052783788263
2016/7/9 21:30,13.73099995,6.09499979,9.843000412,3.980000019,3.71600008,1.552999973,25.466582551584832
2016/7/9 21:45,13.52999973,6.09499979,9.416999817,3.696000099,3.654999971,1.552999973,21.51814817479323
2016/7/9 22:00,12.45800018,5.827000141,8.918999672,3.552999973,3.503000021,1.583999991,21.64578064119688
2016/7/9 22:15,12.99400043,4.152999878,8.847999573,2.025000095,3.319999933,1.552999973,22.63832281564933
2016/7/9 22:30,12.18999958,5.090000153,9.026000023,2.486999989,3.411000013,1.70599997,19.873670233716695
2016/7/9 22:45,12.92700005,4.756000042,9.416999817,2.559000015,3.563999891,1.613999963,20.414590576920293
2016/7/9 23:00,13.32900047,5.357999802,9.593999863,2.451999903,3.289999962,1.552999973,25.47925746818639
2016/7/9 23:15,13.93200016,5.69299984,10.7670002,3.127000093,3.259000063,1.552999973,27.208963393425595
2016/7/9 23:30,16.00799942,5.760000229,10.5539999,3.233999968,5.482999802,1.980000019,20.349652164518766
2016/7/9 23:45,15.13700008,5.69299984,10.16300011,3.339999914,5.452000141,2.375999928,19.149349909309006
2016/7/10 0:00,15.27099991,6.229000092,9.737000465,2.736000061,5.482999802,2.00999999,20.842894703721363
2016/7/10 0:15,14.80300045,6.429999828,10.12699986,2.984999895,5.361000061,1.980000019,18.865153004177575
2016/7/10 0:30,15.53899956,6.229000092,10.12699986,2.842999935,5.361000061,2.193000078,17.336935235014284
2016/7/10 0:45,13.9989996,5.425000191,8.918999672,2.594000101,5.238999844,1.980000019,21.055355839157606
2016/7/10 1:00,15.53899956,6.09499979,10.51799965,3.163000107,5.208000183,2.040999889,18.63564030157002
2016/7/10 1:15,15.47200012,6.429999828,10.3409996,3.163000107,5.117000103,1.980000019,19.55926951141492
2016/7/10 1:30,15.06999969,6.027999878,9.593999863,2.700999975,5.086999893,2.071000099,20.422589191837513
2016/7/10 1:45,13.59700012,5.290999889,8.989999771,2.486999989,5.056000233,1.91900003,19.34375441986597
2016/7/10 2:00,15.13700008,6.362999916,9.630000114,3.233999968,4.934000015,1.91900003,21.99877969932191
2016/7/10 2:15,14.46800041,6.296000004,9.31000042,2.736000061,4.934000015,1.980000019,18.978425688842815
2016/7/10 2:30,12.92700005,5.223999977,7.888999939,2.131999969,4.903999805,1.91900003,22.258557685038312
2016/7/10 2:45,12.99400043,5.425000191,7.923999786,2.167999983,4.903999805,1.980000019,17.723952770503573
2016/7/10 3:00,14.40100002,5.894000053,8.493000031,2.984999895,4.934000015,1.980000019,18.945074753518043
2016/7/10 3:15,14.06599998,5.760000229,9.06099987,2.772000074,5.026000023,1.980000019,18.568828398715596
2016/7/10 3:30,14.33399963,5.960999966,8.954999924,3.375999928,4.965000153,1.980000019,21.536569674615222
2016/7/10 3:45,14.33399963,5.760000229,9.345999718,3.339999914,4.994999886,1.91900003,28.70199966
2016/7/10 4:00,14.13300037,5.157000065,8.598999977,2.451999903,4.965000153,1.949000001,21.75800813693835
2016/7/10 4:15,14.2670002,6.027999878,8.989999771,2.842999935,5.026000023,2.00999999,28.20899963
2016/7/10 4:30,13.59700012,5.492000103,8.56400013,2.415999889,5.086999893,2.00999999,22.82801027164441
2016/7/10 4:45,14.33399963,4.756000042,8.598999977,2.025000095,5.208000183,2.040999889,22.078760013127273
2016/7/10 5:00,13.9989996,4.354000092,8.706000328,2.131999969,5.269000053,2.040999889,19.235363398777775
2016/7/10 5:15,15.00399971,5.090000153,9.168000221,2.381000042,5.544000149,2.040999889,18.371924076469647
2016/7/10 5:30,13.32900047,5.425000191,10.05599976,2.914000034,3.503000021,1.644999981,16.581250629001236
2016/7/10 5:45,12.45800018,4.287000179,8.244000435,1.669999957,3.349999905,1.644999981,19.70643881610494
2016/7/10 6:00,14.93700027,5.625999928,9.026000023,1.91900003,5.81799984,2.101999998,21.619098440364883
2016/7/10 6:15,15.00399971,5.290999889,9.097000122,2.451999903,5.696000099,2.163000107,22.291397009603333
2016/7/10 6:30,13.66399956,4.756000042,8.065999985,2.061000109,5.696000099,2.193000078,19.340418971371005
2016/7/10 6:45,13.86499977,5.022999763,8.31499958,2.096999884,5.635000229,2.253999949,27.71699905
2016/7/10 7:00,13.32900047,4.554999828,7.710999966,1.457000017,5.573999882,2.193000078,19.336793101986252
2016/7/10 7:15,12.45800018,4.68900013,7.106999874,1.91900003,5.664999962,2.223999977,20.28038500495385
2016/7/10 7:30,12.6590004,4.822999954,7.355999947,2.239000082,5.513000011,2.28399992,21.651750560165567
2016/7/10 7:45,11.72099972,4.756000042,6.395999908,1.669999957,5.513000011,2.131999969,22.340437998174853
2016/7/10 8:00,10.85099983,4.554999828,7.320000172,2.203000069,3.197999954,1.76699996,18.060621749311217
2016/7/10 8:15,9.243000031,3.818000078,6.183000088,1.63499999,3.075999975,1.797000051,28.49099922
2016/7/10 8:30,9.845999718,3.818000078,6.43200016,2.345000029,3.046000004,1.827999949,17.606446018452083
2016/7/10 8:45,9.913000107,4.354000092,6.147999763,2.025000095,3.197999954,1.797000051,21.032379818204728
2016/7/10 9:00,9.845999718,4.287000179,6.857999802,1.812000036,3.167999983,1.70599997,17.56420971102554
2016/7/10 9:15,9.31000042,4.487999916,6.644999981,1.812000036,3.075999975,1.70599997,19.860793709940005
2016/7/10 9:30,10.24800014,3.750999928,6.395999908,1.669999957,3.107000113,1.797000051,17.49136887221814
2016/7/10 9:45,10.31499958,4.421000004,6.538000107,1.812000036,3.349999905,1.85800004,19.986812339615344
2016/7/10 10:00,10.24800014,3.951999903,6.857999802,1.70599997,3.381000042,1.797000051,15.034896251942552
2016/7/10 10:15,10.71700001,4.354000092,7.143000126,1.669999957,3.471999884,1.76699996,28.9829998
2016/7/10 10:30,11.52099991,4.421000004,7.284999847,1.669999957,3.71600008,1.735999942,19.005421876924956
2016/7/10 10:45,11.18599987,4.21999979,7.284999847,1.91900003,4.142000198,1.735999942,19.246859578312808
2016/7/10 11:00,11.85499954,4.019000053,7.604000092,1.812000036,4.142000198,1.735999942,18.26705124970793
2016/7/10 11:15,10.38199997,4.421000004,6.857999802,2.096999884,3.898999929,1.70599997,17.899991702248933
2016/7/10 11:30,9.845999718,4.019000053,6.467000008,1.70599997,3.411000013,1.735999942,20.32066032944837
2016/7/10 11:45,8.706999779,2.678999901,5.899000168,0.782000005,3.259000063,1.70599997,19.9470473138036
2016/7/10 12:00,8.572999954,3.282000065,5.578999996,1.136999965,2.984999895,1.523000002,20.01644652220828
2016/7/10 12:15,8.505999565,2.545000076,5.650000095,0.852999985,3.075999975,1.613999963,22.248717533951343
2016/7/10 12:30,8.305999756,3.214999914,5.436999798,0.995000005,3.046000004,1.491999984,15.661799019319165
2016/7/10 12:45,8.774000168,3.148000002,5.366000175,1.172999978,2.772000074,1.432000041,23.919567363013613
2016/7/10 13:00,8.640000343,3.08100009,5.507999897,1.031000018,2.710999966,1.432000041,21.532833810596827
2016/7/10 13:15,8.038000107,3.48300004,5.401000023,1.279000044,2.588999987,1.371000051,23.39449224260698
2016/7/10 13:30,8.975000381,3.549999952,5.543000221,1.101999998,2.740999937,1.523000002,21.989327248939556
2016/7/10 13:45,8.305999756,3.549999952,5.756999969,1.56400001,2.924000025,1.462000012,19.159374014098784
2016/7/10 14:00,8.305999756,2.411000013,5.188000202,0.711000025,2.924000025,1.523000002,19.85453977611788
2016/7/10 14:15,8.171999931,2.678999901,5.650000095,0.995000005,2.618999958,1.309999943,21.057568735118487
2016/7/10 14:30,8.840999603,2.477999926,5.578999996,1.065999985,2.559000015,1.552999973,21.045262816832327
2016/7/10 14:45,8.706999779,3.415999889,5.899000168,0.995000005,2.497999907,1.462000012,25.310732791892594
2016/7/10 15:00,8.774000168,3.348999977,6.147999763,1.350000024,2.528000116,1.432000041,22.019482623810696
2016/7/10 15:15,7.836999893,2.545000076,5.436999798,1.172999978,2.467000008,1.401000023,22.4109399086416
2016/7/10 15:30,7.971000195,2.142999887,5.436999798,0.745999992,2.497999907,1.371000051,20.463224454049566
2016/7/10 15:45,7.971000195,2.27699995,5.472000122,0.745999992,2.437000036,1.279000044,22.16697970390263
2016/7/10 16:00,8.038000107,2.545000076,5.614999771,0.888000011,2.467000008,1.340000033,22.791821516898246
2016/7/10 16:15,8.23900032,2.477999926,5.756999969,0.816999972,2.467000008,1.340000033,22.860552489305164
2016/7/10 16:30,8.572999954,2.545000076,5.96999979,0.924000025,2.559000015,1.279000044,25.61130841838273
2016/7/10 16:45,8.975000381,2.678999901,6.076000214,0.888000011,3.137000084,1.340000033,20.411186221905837
2016/7/10 17:00,9.175999641,2.746000051,6.289999962,1.136999965,3.229000092,1.432000041,23.478713326793052
2016/7/10 17:15,9.578000069,3.214999914,6.395999908,1.136999965,3.137000084,1.462000012,23.53323303543045
2016/7/10 17:30,9.845999718,3.282000065,6.43200016,1.56400001,3.167999983,1.583999991,20.063733089309693
2016/7/10 17:45,9.779000282,3.08100009,6.573999882,1.315000057,3.319999933,1.462000012,23.199406838657715
2016/7/10 18:00,9.444000244,3.214999914,6.395999908,1.421000004,3.167999983,1.523000002,25.61930238668225
2016/7/10 18:15,8.975000381,2.880000114,6.147999763,1.315000057,2.894000053,1.309999943,21.369949647508353
2016/7/10 18:30,8.774000168,3.08100009,5.934000015,1.172999978,2.802000046,1.309999943,26.685809948909085
2016/7/10 18:45,8.371999741,2.678999901,5.68599987,1.136999965,2.740999937,1.309999943,19.448013371203018
2016/7/10 19:00,8.505999565,2.880000114,5.791999817,1.101999998,2.710999966,1.309999943,22.536104194589214
2016/7/10 19:15,8.505999565,2.746000051,5.899000168,1.457000017,2.710999966,1.309999943,27.799885891970135
2016/7/10 19:30,8.572999954,2.746000051,5.756999969,1.172999978,2.862999916,1.309999943,21.451859516726916
2016/7/10 19:45,9.31000042,3.013999939,6.361000061,1.457000017,3.015000105,1.340000033,22.00102075671982
2016/7/10 20:00,10.04699993,3.08100009,6.857999802,1.279000044,3.167999983,1.309999943,29.47500038
2016/7/10 20:15,10.18099976,3.08100009,6.965000153,1.207999945,3.197999954,1.432000041,20.93111138533543
2016/7/10 20:30,10.44900036,3.08100009,7.0,1.243999958,3.471999884,1.432000041,20.401965618580242
2016/7/10 20:45,10.18099976,2.880000114,6.857999802,1.065999985,3.349999905,1.340000033,21.566883928829697
2016/7/10 21:00,9.711999893,2.075999975,6.395999908,0.603999972,3.289999962,1.309999943,26.265722707198528
2016/7/10 21:15,10.58300018,3.415999889,7.568999767,1.172999978,3.107000113,1.309999943,23.298785506564908
2016/7/10 21:30,10.04699993,3.214999914,7.071000099,0.995000005,2.984999895,1.248999953,21.951914501902504
2016/7/10 21:45,10.11400032,3.48300004,6.928999901,1.031000018,2.924000025,1.248999953,20.14557216785686
2016/7/10 22:00,9.979999542,3.08100009,7.0,1.315000057,2.862999916,1.309999943,28.20899963
2016/7/10 22:15,10.85099983,2.880000114,7.81799984,1.598999977,2.894000053,1.340000033,20.572416174083543
2016/7/10 22:30,11.18599987,4.085999966,8.137999535,1.527999997,3.046000004,1.340000033,21.444982203853534
2016/7/10 22:45,9.979999542,3.013999939,7.782000065,1.883000016,2.924000025,1.552999973,21.217464973912943
2016/7/10 23:00,9.979999542,3.549999952,7.214000225,1.883000016,2.680000067,1.279000044,27.051508552427315
2016/7/10 23:15,14.53499985,5.090000153,8.954999924,2.061000109,5.026000023,1.735999942,28.70199966
2016/7/10 23:30,14.53499985,5.290999889,9.630000114,2.630000114,4.903999805,1.76699996,18.980354261268232
2016/7/10 23:45,13.9989996,5.357999802,9.416999817,2.700999975,4.873000145,1.70599997,17.933176343854047
2016/7/11 0:00,13.59700012,5.357999802,8.989999771,2.700999975,4.873000145,1.797000051,19.830494249307307
2016/7/11 0:15,13.19499969,4.889999866,8.527999878,2.239000082,4.813000202,1.735999942,16.839997259829648
2016/7/11 0:30,12.72599983,4.68900013,8.137999535,1.953999996,4.659999847,1.735999942,15.371105737830646
2016/7/11 0:45,13.79800034,5.022999763,8.954999924,2.559000015,4.568999767,1.674999952,29.75699997
2016/7/11 1:00,13.59700012,4.889999866,8.493000031,1.91900003,4.568999767,1.674999952,16.857715640366035
2016/7/11 1:15,13.06099987,4.287000179,8.56400013,2.131999969,4.507999897,1.70599997,17.705159276613212
2016/7/11 1:30,11.92199993,3.88499999,7.427000046,1.421000004,4.630000114,1.674999952,19.769981417705296
2016/7/11 1:45,13.26200008,4.287000179,8.635000229,2.203000069,4.507999897,1.70599997,17.29201962362447
2016/7/11 2:00,12.12300014,4.085999966,7.071000099,1.77699995,4.598999977,1.674999952,20.73262025184493
2016/7/11 2:15,12.79300022,4.68900013,7.710999966,2.273999929,4.568999767,1.644999981,17.135340117404628
2016/7/11 2:30,11.92199993,3.684000015,7.427000046,1.527999997,4.447000027,1.674999952,28.9829998
2016/7/11 2:45,12.12300014,3.282000065,7.177999973,1.207999945,4.507999897,1.70599997,18.17479509298073
2016/7/11 3:00,11.98900032,3.951999903,7.568999767,1.598999977,4.477000237,1.735999942,17.99010217755893
2016/7/11 3:15,12.12300014,4.287000179,7.710999966,1.99000001,4.477000237,1.70599997,17.658403772676536
2016/7/11 3:30,12.39099979,4.152999878,7.320000172,1.70599997,4.477000237,1.644999981,20.541380644535174
2016/7/11 3:45,11.05200005,4.019000053,6.751999855,1.63499999,4.447000027,1.735999942,21.1435997639972
2016/7/11 4:00,11.98900032,4.21999979,7.568999767,1.598999977,4.355999947,1.91900003,20.336044330675268
2016/7/11 4:15,11.11900043,4.019000053,6.894000053,1.812000036,4.386000156,1.674999952,22.364838302954297
2016/7/11 4:30,11.05200005,3.684000015,6.361000061,1.243999958,4.477000237,1.70599997,23.52975377335826
2016/7/11 4:45,12.45800018,4.21999979,7.498000145,1.84800005,4.538000107,1.674999952,21.424305546689183
2016/7/11 5:00,12.99400043,4.421000004,7.853000164,1.598999977,4.568999767,1.674999952,18.53539542970125
2016/7/11 5:15,13.79800034,4.68900013,8.208999634,1.741000056,4.813000202,1.797000051,17.346090149646464
2016/7/11 5:30,12.72599983,3.684000015,7.390999794,0.958999991,5.117000103,1.797000051,19.450721966163325
2016/7/11 5:45,13.86499977,4.21999979,7.994999886,1.386000037,5.329999924,1.735999942,28.9829998
2016/7/11 6:00,13.79800034,4.085999966,8.137999535,2.096999884,5.269000053,1.76699996,19.565625729464344
2016/7/11 6:15,12.32400036,4.487999916,7.320000172,1.207999945,5.208000183,1.735999942,22.844272221023413
2016/7/11 6:30,12.25699997,4.085999966,7.0,1.243999958,5.208000183,1.827999949,19.456062020921078
2016/7/11 6:45,13.86499977,4.554999828,8.456999779,1.883000016,5.269000053,1.76699996,19.02577290994691
2016/7/11 7:00,12.99400043,4.152999878,8.173000336,2.025000095,5.208000183,1.888000011,18.43454441983079
2016/7/11 7:15,12.52499962,4.287000179,7.568999767,1.883000016,5.269000053,1.888000011,18.223737792150907
2016/7/11 7:30,12.18999958,3.951999903,7.427000046,1.812000036,5.300000191,1.91900003,20.15758688569857
2016/7/11 7:45,12.92700005,4.756000042,7.214000225,1.598999977,5.177999973,1.91900003,29.75699997
2016/7/11 8:00,9.979999542,3.818000078,7.249000072,1.56400001,2.894000053,1.432000041,18.775253944120948
2016/7/11 8:15,10.38199997,4.085999966,7.0,1.63499999,2.832999945,1.371000051,18.33345349421605
2016/7/11 8:30,9.041999817,3.282000065,5.96999979,1.172999978,2.924000025,1.462000012,17.762311308831435
2016/7/11 8:45,8.706999779,2.746000051,5.791999817,1.207999945,3.015000105,1.401000023,23.45847994757652
2016/7/11 9:00,10.11400032,3.88499999,6.644999981,1.669999957,2.772000074,1.371000051,22.898401796639533
2016/7/11 9:15,9.578000069,3.415999889,6.644999981,1.315000057,3.107000113,1.70599997,21.391009767490168
2016/7/11 9:30,9.578000069,3.617000103,5.96999979,1.63499999,2.924000025,1.401000023,17.040366106080533
2016/7/11 9:45,9.979999542,3.818000078,6.644999981,1.207999945,3.075999975,1.340000033,22.90098429535653
2016/7/11 10:00,9.845999718,3.348999977,6.787000179,1.812000036,2.405999899,1.491999984,20.013238921991345
2016/7/11 10:15,9.109000206,3.282000065,6.71600008,1.172999978,2.405999899,1.218000054,20.87960302502429
2016/7/11 10:30,9.444000244,2.947000027,6.965000153,1.101999998,2.467000008,1.065999985,23.49342247382788
2016/7/11 10:45,10.91800022,3.549999952,7.071000099,1.598999977,3.319999933,1.279000044,20.28229259304381
2016/7/11 11:00,10.98499966,3.617000103,7.143000126,1.598999977,3.503000021,1.371000051,19.377230380619093
2016/7/11 11:15,9.51099968,3.013999939,6.467000008,1.172999978,3.532999992,1.401000023,20.063631733026316
2016/7/11 11:30,9.376999855,2.411000013,6.076000214,1.065999985,3.107000113,1.309999943,22.371449523577546
2016/7/11 11:45,8.23900032,2.210000038,5.578999996,0.603999972,2.862999916,1.248999953,18.486484245064982
2016/7/11 12:00,8.371999741,2.812999964,5.507999897,0.569000006,2.680000067,1.218000054,22.132781493744645
2016/7/11 12:15,8.371999741,2.210000038,5.899000168,1.031000018,2.832999945,1.248999953,20.88533570979804
2016/7/11 12:30,8.371999741,2.142999887,5.934000015,0.816999972,2.650000095,1.187999964,19.177452945442766
2016/7/11 12:45,8.171999931,1.875,5.543000221,0.782000005,2.650000095,1.156999946,20.27365045856658
2016/7/11 13:00,8.907999992,2.880000114,5.791999817,0.745999992,2.588999987,1.187999964,21.204655939188005
2016/7/11 13:15,9.041999817,2.678999901,5.899000168,1.421000004,2.618999958,1.126999974,24.45146554889297
2016/7/11 13:30,8.975000381,3.148000002,6.183000088,1.172999978,2.650000095,1.309999943,22.94290908741493
2016/7/11 13:45,8.907999992,2.545000076,6.147999763,1.136999965,2.680000067,1.340000033,22.44454229973518
2016/7/11 14:00,9.041999817,3.013999939,6.289999962,0.995000005,2.588999987,1.279000044,24.10549406809617
2016/7/11 14:15,8.23900032,2.27699995,5.791999817,1.065999985,2.832999945,1.309999943,18.04177558275653
2016/7/11 14:30,8.23900032,3.08100009,5.756999969,1.207999945,2.528000116,1.309999943,21.15762438607099
2016/7/11 14:45,9.376999855,3.549999952,6.822999954,1.63499999,2.497999907,1.309999943,23.39765887090864
2016/7/11 15:00,9.243000031,3.214999914,6.361000061,1.031000018,2.680000067,1.156999946,18.222974008789596
2016/7/11 15:15,8.43900013,2.411000013,5.934000015,0.852999985,2.559000015,1.218000054,21.838111137562517
2016/7/11 15:30,8.371999741,2.009000063,5.899000168,1.101999998,2.497999907,1.248999953,20.976598523038966
2016/7/11 15:45,8.23900032,2.812999964,5.756999969,1.350000024,2.467000008,1.218000054,22.457378302067006
2016/7/11 16:00,8.23900032,2.812999964,5.721000195,1.243999958,2.528000116,1.248999953,21.744117924244662
2016/7/11 16:15,8.572999954,3.013999939,5.899000168,1.315000057,2.740999937,1.218000054,19.728161666827727
2016/7/11 16:30,8.706999779,2.678999901,5.862999916,1.243999958,2.862999916,1.279000044,20.16017681174708
2016/7/11 16:45,8.840999603,2.746000051,5.791999817,1.031000018,2.984999895,1.340000033,17.107247743299105
2016/7/11 17:00,8.975000381,2.880000114,5.934000015,1.243999958,3.015000105,1.248999953,20.836900339196312
2016/7/11 17:15,8.907999992,2.678999901,6.005000114,1.101999998,2.954999924,1.126999974,23.3090672446003
2016/7/11 17:30,9.041999817,2.611999989,6.111999989,0.958999991,2.894000053,1.156999946,18.473387612714134
2016/7/11 17:45,8.975000381,2.477999926,5.934000015,0.888000011,2.984999895,1.248999953,20.11121228910545
2016/7/11 18:00,8.505999565,2.344000101,5.578999996,0.745999992,2.894000053,1.156999946,18.500789004347435
2016/7/11 18:15,8.038000107,2.075999975,5.258999825,0.569000006,2.650000095,1.156999946,18.484439636354303
2016/7/11 18:30,7.836999893,2.142999887,5.295000076,0.711000025,2.559000015,1.156999946,20.18998062031564
2016/7/11 18:45,8.038000107,2.142999887,5.401000023,0.711000025,2.650000095,1.187999964,19.339861081688234
2016/7/11 19:00,7.836999893,2.075999975,5.223999977,0.532999992,2.588999987,1.126999974,19.61491254771376
2016/7/11 19:15,7.903999805,1.942000031,5.329999924,0.569000006,2.497999907,1.036000013,23.380389185387962
2016/7/11 19:30,7.903999805,1.942000031,5.366000175,0.532999992,2.497999907,0.944000006,18.1983361373032
2016/7/11 19:45,8.43900013,1.942000031,5.650000095,0.639999986,2.650000095,0.975000024,21.263688793659316
2016/7/11 20:00,9.175999641,1.942000031,6.183000088,0.603999972,2.894000053,0.975000024,18.709166244261908
2016/7/11 20:15,9.444000244,2.009000063,6.43200016,0.603999972,2.984999895,0.944000006,19.06621462611174
2016/7/11 20:30,9.51099968,2.009000063,6.467000008,0.639999986,3.015000105,1.004999995,19.38766253218637
2016/7/11 20:45,9.51099968,2.009000063,6.467000008,0.639999986,3.046000004,0.944000006,19.848530482220255
2016/7/11 21:00,9.175999641,2.009000063,6.218999863,0.603999972,2.954999924,0.975000024,24.138894202086203
2016/7/11 21:15,9.645000458,2.746000051,6.395999908,1.457000017,2.832999945,0.944000006,31.65600014
2016/7/11 21:30,9.243000031,1.674000025,5.899000168,0.603999972,2.710999966,0.944000006,20.99410968566207
2016/7/11 21:45,8.975000381,1.807999969,5.828000069,0.319999993,2.588999987,0.913999975,19.15257126623811
2016/7/11 22:00,8.371999741,3.013999939,6.289999962,1.207999945,2.437000036,0.944000006,21.16256208509483
2016/7/11 22:15,10.64999962,3.348999977,7.427000046,1.136999965,2.345000029,0.913999975,20.196035043846994
2016/7/11 22:30,10.11400032,2.947000027,7.143000126,0.958999991,2.405999899,0.944000006,19.453919104675187
2016/7/11 22:45,10.04699993,2.545000076,7.853000164,1.99000001,2.315000057,0.944000006,20.432266579591982
2016/7/11 23:00,10.91800022,3.549999952,9.026000023,2.309999943,2.131999969,0.883000016,24.01780272661737
2016/7/11 23:15,11.52099991,4.019000053,8.847999573,2.131999969,2.131999969,0.760999978,19.23978073263682
2016/7/11 23:30,12.25699997,4.287000179,10.16300011,2.984999895,1.980000019,0.791999996,20.937218256187567
2016/7/11 23:45,11.18599987,3.148000002,8.706000328,1.91900003,1.949000001,0.791999996,18.840199717451785
2016/7/12 0:00,11.52099991,3.549999952,9.593999863,2.309999943,1.980000019,0.822000027,21.457850401253857
2016/7/12 0:15,10.04699993,3.148000002,8.244000435,1.99000001,1.91900003,0.822000027,18.25410202087853
2016/7/12 0:30,11.72099972,4.152999878,9.87899971,2.772000074,1.888000011,0.700999975,18.012597348680337
2016/7/12 0:45,10.64999962,3.88499999,8.918999672,2.415999889,1.827999949,0.670000017,21.97730822652881
2016/7/12 1:00,11.52099991,4.152999878,9.593999863,2.700999975,1.735999942,0.670000017,19.340485226953643
2016/7/12 1:15,11.52099991,4.354000092,9.451999664,2.664999962,1.888000011,0.760999978,20.286440631039095
2016/7/12 1:30,10.44900036,3.415999889,8.883999825,2.772000074,1.827999949,0.760999978,21.57189751757187
2016/7/12 1:45,10.38199997,3.88499999,8.777000427,3.127000093,1.76699996,0.791999996,19.77912012810333
2016/7/12 2:00,12.12300014,4.554999828,10.3409996,3.482000113,1.827999949,0.791999996,23.134373316659783
2016/7/12 2:15,12.39099979,4.21999979,10.58899975,3.269000053,1.85800004,0.760999978,20.205087479788666
2016/7/12 2:30,11.72099972,4.21999979,9.559000015,2.914000034,1.76699996,0.791999996,23.24498067186809
2016/7/12 2:45,11.11900043,3.549999952,8.706000328,2.486999989,1.76699996,0.791999996,18.64577730336745
2016/7/12 3:00,11.92199993,4.085999966,10.16300011,2.948999882,1.797000051,0.822000027,20.635904278390704
2016/7/12 3:15,11.31999969,4.622000217,9.913999557,2.984999895,1.827999949,0.852999985,20.523803184422597
2016/7/12 3:30,10.38199997,4.152999878,8.954999924,2.700999975,1.76699996,0.883000016,23.400280230911115
2016/7/12 3:45,10.98499966,4.487999916,9.31000042,2.948999882,1.735999942,0.791999996,24.07173537636895
2016/7/12 4:00,11.72099972,3.818000078,9.522999763,2.451999903,1.797000051,0.822000027,23.180324176103223
2016/7/12 4:15,9.51099968,3.549999952,7.81799984,1.91900003,1.797000051,0.852999985,24.137377761304425
2016/7/12 4:30,10.71700001,3.415999889,8.777000427,2.415999889,1.85800004,0.883000016,33.41500092
2016/7/12 4:45,10.51599979,3.48300004,8.279999733,2.167999983,1.949000001,0.852999985,33.06299973
2016/7/12 5:00,11.11900043,3.348999977,8.918999672,2.415999889,2.101999998,0.883000016,21.97705300926376
2016/7/12 5:15,12.72599983,4.287000179,10.05599976,2.523000002,2.253999949,0.913999975,20.479758036656495
2016/7/12 5:30,11.25300026,4.019000053,9.559000015,2.381000042,2.650000095,0.944000006,18.951174889333508
2016/7/12 5:45,9.444000244,2.210000038,6.857999802,0.782000005,2.650000095,0.975000024,22.322569648034303
2016/7/12 6:00,11.11900043,3.818000078,8.635000229,1.84800005,2.559000015,1.036000013,33.9070015
2016/7/12 6:15,10.85099983,3.617000103,8.279999733,1.56400001,2.528000116,1.036000013,24.822402990213007
2016/7/12 6:30,9.913000107,3.48300004,7.214000225,1.741000056,2.650000095,1.097000003,21.866853644415336
2016/7/12 6:45,9.041999817,2.142999887,6.324999809,0.995000005,2.040999889,0.791999996,20.56820411823443
2016/7/12 7:00,9.444000244,2.27699995,6.894000053,1.386000037,2.00999999,0.731000006,19.793511780884845
2016/7/12 7:15,9.913000107,3.617000103,7.888999939,2.061000109,2.00999999,0.760999978,20.274857100898032
2016/7/12 7:30,9.31000042,3.08100009,7.888999939,2.131999969,2.00999999,0.791999996,21.38542146013933
2016/7/12 7:45,9.779000282,3.348999977,7.320000172,1.669999957,2.528000116,1.156999946,21.881656432674472
2016/7/12 8:00,8.706999779,3.08100009,6.681000233,1.598999977,2.375999928,1.065999985,20.810287766631692
2016/7/12 8:15,9.041999817,3.415999889,6.681000233,1.386000037,2.375999928,1.065999985,20.907725385148915
2016/7/12 8:30,9.779000282,3.549999952,6.681000233,1.812000036,2.437000036,1.126999974,35.45500183
2016/7/12 8:45,9.175999641,3.617000103,6.644999981,1.598999977,2.497999907,1.065999985,35.31399918
2016/7/12 9:00,8.907999992,2.411000013,6.467000008,1.527999997,2.405999899,0.975000024,35.9469986
2016/7/12 9:15,9.376999855,3.148000002,6.751999855,1.315000057,2.528000116,1.156999946,21.261866526938192
2016/7/12 9:30,9.51099968,2.880000114,6.928999901,1.883000016,2.710999966,1.156999946,18.86280681327715
2016/7/12 9:45,10.44900036,3.013999939,7.320000172,1.421000004,2.650000095,1.065999985,35.66600037
2016/7/12 10:00,10.11400032,2.678999901,6.965000153,1.421000004,2.862999916,1.187999964,15.101121557705689
2016/7/12 10:15,10.91800022,3.684000015,7.106999874,2.061000109,3.167999983,1.187999964,19.491918756618844
2016/7/12 10:30,11.25300026,3.214999914,7.639999866,1.527999997,3.229000092,1.187999964,19.644513078334608
2016/7/12 10:45,11.18599987,3.08100009,7.604000092,1.883000016,3.532999992,1.126999974,22.076970975567605
2016/7/12 11:00,10.85099983,3.013999939,7.320000172,1.77699995,3.349999905,1.126999974,21.021092847258423
2016/7/12 11:15,10.11400032,3.348999977,6.894000053,1.56400001,3.046000004,1.097000003,20.59144099393996
2016/7/12 11:30,9.913000107,3.214999914,6.361000061,1.243999958,3.015000105,1.097000003,22.774325438532223
2016/7/12 11:45,8.907999992,1.942000031,6.040999889,0.675000012,2.832999945,1.036000013,20.316267005956572
2016/7/12 12:00,9.376999855,1.875,6.005000114,0.958999991,2.894000053,1.156999946,20.79314248474187
2016/7/12 12:15,9.51099968,3.013999939,6.538000107,1.031000018,2.862999916,1.126999974,22.13642608959003
2016/7/12 12:30,9.645000458,2.812999964,6.573999882,1.065999985,2.924000025,1.126999974,18.830860502254417
2016/7/12 12:45,9.109000206,2.746000051,6.573999882,1.386000037,2.924000025,1.156999946,20.389978756675852
2016/7/12 13:00,9.779000282,2.344000101,6.254000187,0.497000009,2.862999916,1.097000003,21.42248253484617
2016/7/12 13:15,9.779000282,2.344000101,6.218999863,1.101999998,3.046000004,1.432000041,21.858594986507764
2016/7/12 13:30,9.779000282,2.611999989,6.787000179,0.995000005,2.862999916,1.309999943,19.424431420434548
2016/7/12 13:45,9.109000206,2.142999887,6.361000061,1.031000018,2.772000074,1.126999974,21.75256405919907
2016/7/12 14:00,9.51099968,2.009000063,6.467000008,0.958999991,2.862999916,1.218000054,20.480781618787052
2016/7/12 14:15,9.175999641,3.08100009,6.751999855,1.065999985,2.924000025,1.218000054,16.75358747243531
2016/7/12 14:30,9.376999855,1.942000031,6.218999863,0.888000011,2.772000074,1.097000003,19.896556265789748
2016/7/12 14:45,9.376999855,2.947000027,6.538000107,0.782000005,2.680000067,1.156999946,21.085721826860603
2016/7/12 15:00,9.243000031,2.812999964,6.822999954,0.888000011,2.618999958,1.309999943,19.180288835798674
2016/7/12 15:15,8.640000343,1.875,6.183000088,0.497000009,2.588999987,1.065999985,22.864644034801
2016/7/12 15:30,8.640000343,2.009000063,6.040999889,0.569000006,2.559000015,1.065999985,21.55478636990341
2016/7/12 15:45,8.572999954,1.875,5.934000015,0.391000003,2.618999958,1.401000023,40.09799957
2016/7/12 16:00,8.774000168,1.942000031,6.111999989,0.462000012,2.710999966,1.126999974,22.47721910810444
2016/7/12 16:15,8.975000381,2.075999975,6.147999763,0.532999992,2.832999945,1.126999974,20.21593154648952
2016/7/12 16:30,9.109000206,2.545000076,6.610000134,1.421000004,2.954999924,1.187999964,19.606185017762748
2016/7/12 16:45,9.444000244,2.411000013,6.040999889,1.136999965,3.015000105,1.218000054,17.40737454900669
2016/7/12 17:00,9.645000458,2.678999901,6.395999908,1.136999965,3.075999975,1.156999946,20.499697260517657
2016/7/12 17:15,9.444000244,2.812999964,6.289999962,0.995000005,3.107000113,1.248999953,20.725067295043118
2016/7/12 17:30,9.175999641,2.27699995,5.934000015,0.852999985,3.137000084,1.248999953,18.982101299483283
2016/7/12 17:45,9.31000042,2.27699995,6.183000088,0.745999992,3.075999975,1.156999946,21.152664722431318
2016/7/12 18:00,9.109000206,2.142999887,5.96999979,0.603999972,3.107000113,1.097000003,37.84700012
2016/7/12 18:15,9.041999817,2.009000063,5.828000069,0.497000009,3.229000092,1.126999974,22.95495897732506
2016/7/12 18:30,8.572999954,1.807999969,5.614999771,0.425999999,2.924000025,1.036000013,23.194238372948327
2016/7/12 18:45,8.505999565,1.875,5.650000095,0.425999999,2.894000053,1.065999985,22.254424255099444
2016/7/12 19:00,8.572999954,1.875,5.507999897,0.462000012,3.075999975,1.065999985,18.48959134431123
2016/7/12 19:15,8.774000168,1.807999969,5.721000195,0.319999993,3.046000004,1.097000003,23.18659298085582
2016/7/12 19:30,9.31000042,1.875,6.076000214,0.391000003,3.259000063,1.065999985,22.78386592670433
2016/7/12 19:45,10.18099976,2.009000063,6.644999981,0.425999999,3.563999891,1.097000003,21.820412477067173
2016/7/12 20:00,10.85099983,2.142999887,7.143000126,0.532999992,3.746000051,1.097000003,20.364222724742927
2016/7/12 20:15,11.31999969,2.142999887,7.427000046,0.532999992,3.928999901,1.097000003,21.551465162499394
2016/7/12 20:30,11.31999969,2.142999887,7.532999992,0.603999972,3.838000059,1.036000013,20.884017964407285
2016/7/12 20:45,11.25300026,2.142999887,7.461999893,0.603999972,3.746000051,1.065999985,21.92450597714055
2016/7/12 21:00,10.98499966,2.142999887,7.284999847,0.603999972,3.746000051,1.065999985,24.926105122527282
2016/7/12 21:15,13.52999973,2.411000013,9.31000042,0.888000011,3.625,1.065999985,23.058562259246326
2016/7/12 21:30,13.9989996,3.88499999,9.913999557,1.172999978,3.625,1.065999985,35.03300095
2016/7/12 21:45,12.92700005,3.415999889,9.737000465,1.56400001,3.441999912,1.004999995,20.22168220386389
2016/7/12 22:00,12.79300022,2.746000051,9.807999611,1.70599997,3.259000063,0.913999975,21.720904849516533
2016/7/12 22:15,15.3380003,4.554999828,12.36600018,2.914000034,3.137000084,0.975000024,22.15806891007809
2016/7/12 22:30,14.80300045,4.554999828,11.54899979,2.523000002,3.075999975,1.036000013,22.66683704281937
2016/7/12 22:45,15.53899956,5.223999977,12.93500042,3.197999954,2.954999924,1.036000013,23.558405238563243
2016/7/12 23:00,16.00799942,5.69299984,13.11200047,3.482000113,2.832999945,1.004999995,25.555095188029632
2016/7/12 23:15,18.5529995,5.625999928,13.32600021,3.625,5.300000191,1.401000023,21.79950287289422
2016/7/12 23:30,18.35300064,6.09499979,13.04100037,3.019999981,5.117000103,1.432000041,23.770967172571716
2016/7/12 23:45,19.22299957,6.831999779,13.82299995,3.76699996,5.026000023,1.432000041,22.56278558620615
2016/7/13 0:00,19.15600014,6.229000092,13.71700001,4.014999866,5.026000023,1.523000002,23.889029965449303
2016/7/13 0:15,17.2140007,5.960999966,12.26000023,3.375999928,4.873000145,1.523000002,21.79364373104421
2016/7/13 0:30,19.625,7.166999817,14.49800014,4.051000118,4.813000202,1.523000002,20.089327568843398
2016/7/13 0:45,18.35300064,6.831999779,13.39700031,4.441999912,4.782000065,1.523000002,23.997232887264794
2016/7/13 1:00,16.81200027,5.894000053,12.18900013,3.411000013,4.873000145,1.462000012,21.769581009738765
2016/7/13 1:15,17.54899979,6.027999878,12.79300022,3.696000099,4.873000145,1.523000002,22.172751682660596
2016/7/13 1:30,18.62000084,6.497000217,13.64500046,3.980000019,4.721000195,1.491999984,23.506747979643244
2016/7/13 1:45,16.81200027,5.492000103,12.15299988,3.447000027,4.813000202,1.491999984,22.129188497031933
2016/7/13 2:00,17.61599922,5.960999966,12.72200012,3.588999987,4.721000195,1.491999984,24.818840900888727
2016/7/13 2:15,16.27599907,5.894000053,11.79800034,3.339999914,4.598999977,1.462000012,21.811141513317406
2016/7/13 2:30,18.15200043,7.166999817,13.75199986,4.300000191,4.598999977,1.462000012,24.80189861725442
2016/7/13 2:45,18.62000084,7.099999905,13.71700001,3.838000059,4.630000114,1.523000002,20.26822836949449
2016/7/13 3:00,16.34300041,5.760000229,11.37100029,2.948999882,4.477000237,1.491999984,21.928538169538545
2016/7/13 3:15,17.28100014,6.229000092,12.36600018,3.233999968,4.477000237,1.491999984,21.78610670939571
2016/7/13 3:30,16.94599915,6.899000168,12.15299988,4.300000191,4.568999767,1.552999973,24.21869521457586
2016/7/13 3:45,15.60599995,5.827000141,11.01599979,4.513000011,4.507999897,1.552999973,24.780491495620453
2016/7/13 4:00,18.01799965,7.099999905,13.46800041,3.90899992,4.477000237,1.523000002,23.860740074647584
2016/7/13 4:15,18.2859993,7.166999817,14.10700035,4.584000111,4.477000237,1.491999984,25.920931072038076
2016/7/13 4:30,17.2140007,5.492000103,12.43700027,3.411000013,4.507999897,1.491999984,36.86199951
2016/7/13 4:45,17.95100021,6.56400013,13.21899986,3.447000027,4.630000114,1.491999984,25.008468892253315
2016/7/13 5:00,18.15200043,7.032999992,13.39700031,4.086999893,4.659999847,1.523000002,22.023171460359798
2016/7/13 5:15,16.81200027,5.559000015,11.47799969,2.772000074,4.965000153,1.797000051,14.881759428330673
2016/7/13 5:30,17.88400078,6.027999878,12.64999962,3.269000053,5.300000191,1.491999984,19.687447139859604
2016/7/13 5:45,17.88400078,5.492000103,12.26000023,3.019999981,5.208000183,1.462000012,37.70600128
2016/7/13 6:00,16.20899963,4.822999954,10.51799965,2.700999975,5.056000233,1.552999973,21.0522480252211
2016/7/13 6:15,16.27599907,5.223999977,11.19400024,2.630000114,5.117000103,1.613999963,17.935185625290483
2016/7/13 6:30,17.28100014,6.229000092,11.58399963,3.375999928,5.147999763,1.674999952,15.098554155941763
2016/7/13 6:45,16.00799942,5.425000191,10.8380003,2.559000015,5.086999893,1.949000001,16.000167990029233
2016/7/13 7:00,13.4630003,4.085999966,8.065999985,1.457000017,5.238999844,1.827999949,14.80180667970119
2016/7/13 7:15,13.93200016,4.822999954,8.883999825,2.630000114,5.238999844,2.00999999,14.141296309025106
2016/7/13 7:30,12.85999966,4.622000217,7.782000065,1.491999984,5.300000191,1.91900003,15.906240946390463
2016/7/13 7:45,11.38700008,3.818000078,6.361000061,1.172999978,5.329999924,2.071000099,17.725381720877152
2016/7/13 8:00,10.31499958,3.415999889,6.928999901,1.315000057,2.802000046,1.462000012,19.48466560760907
2016/7/13 8:15,7.903999805,3.148000002,5.828000069,0.816999972,2.131999969,1.097000003,19.031989185880363
2016/7/13 8:30,8.104999542,3.148000002,5.401000023,0.995000005,2.101999998,1.187999964,9.54869867438602
2016/7/13 8:45,8.171999931,2.344000101,5.934000015,1.065999985,1.949000001,1.126999974,22.522625791447766
2016/7/13 9:00,8.840999603,3.148000002,6.751999855,1.457000017,2.040999889,1.126999974,17.696593624890752
2016/7/13 9:15,8.572999954,3.08100009,6.573999882,1.457000017,2.101999998,1.218000054,19.062558805931097
2016/7/13 9:30,8.371999741,2.27699995,5.899000168,1.065999985,2.131999969,1.218000054,17.488638707579444
2016/7/13 9:45,9.444000244,3.013999939,6.361000061,1.527999997,2.559000015,1.279000044,38.05799866
2016/7/13 10:00,10.24800014,3.282000065,6.610000134,1.172999978,3.107000113,1.309999943,14.181244649630266
2016/7/13 10:15,10.31499958,2.611999989,6.822999954,0.675000012,3.075999975,1.279000044,18.181163874514837
2016/7/13 10:30,11.11900043,3.08100009,7.604000092,1.101999998,3.229000092,1.126999974,20.184676355126424
2016/7/13 10:45,9.243000031,2.678999901,7.143000126,1.457000017,2.315000057,0.944000006,18.16300284404452
2016/7/13 11:00,8.572999954,2.009000063,6.502999783,0.852999985,2.163000107,1.065999985,19.77387560148796
2016/7/13 11:15,9.913000107,2.880000114,6.254000187,0.958999991,2.954999924,1.218000054,16.58477957414114
2016/7/13 11:30,9.376999855,2.678999901,5.934000015,0.924000025,2.954999924,1.248999953,18.968900760481123
2016/7/13 11:45,8.975000381,2.27699995,5.934000015,0.603999972,2.984999895,1.126999974,18.9397010219271
2016/7/13 12:00,8.774000168,2.142999887,5.721000195,0.425999999,2.650000095,1.004999995,22.543634644147737
2016/7/13 12:15,8.505999565,2.142999887,5.721000195,0.354999989,2.772000074,1.036000013,21.089346160210667
2016/7/13 12:30,9.243000031,2.411000013,5.862999916,0.711000025,2.802000046,1.036000013,17.59984864100964
2016/7/13 12:45,9.376999855,2.545000076,6.147999763,0.816999972,2.894000053,1.065999985,21.231336585315006
2016/7/13 13:00,9.51099968,1.60800004,6.040999889,0.425999999,2.862999916,1.097000003,19.93790814922161
2016/7/13 13:15,9.578000069,1.942000031,6.111999989,0.958999991,2.740999937,1.036000013,22.148957972014667
2016/7/13 13:30,9.645000458,2.344000101,6.147999763,0.924000025,2.710999966,1.065999985,20.77205302014604
2016/7/13 13:45,8.706999779,2.880000114,5.96999979,0.675000012,3.167999983,1.309999943,19.038642756939588
2016/7/13 14:00,8.774000168,2.075999975,6.040999889,0.816999972,2.375999928,1.004999995,22.81313637151552
2016/7/13 14:15,8.572999954,2.075999975,6.040999889,0.958999991,2.740999937,1.126999974,20.05153666553894
2016/7/13 14:30,9.175999641,2.411000013,6.43200016,1.136999965,2.680000067,1.156999946,18.713155732007973
2016/7/13 14:45,9.31000042,2.678999901,6.395999908,1.065999985,2.650000095,1.156999946,20.594565104548618
2016/7/13 15:00,9.31000042,2.142999887,6.218999863,0.995000005,2.924000025,1.126999974,17.851226214613483
2016/7/13 15:15,8.505999565,2.009000063,5.721000195,0.497000009,2.650000095,1.065999985,22.241557538641015
2016/7/13 15:30,8.572999954,2.009000063,5.96999979,0.497000009,2.650000095,1.126999974,21.276434850665424
2016/7/13 15:45,8.43900013,1.807999969,5.828000069,0.816999972,2.924000025,1.097000003,22.002418786385025
2016/7/13 16:00,8.305999756,2.27699995,5.721000195,0.924000025,2.618999958,1.097000003,39.53499985
2016/7/13 16:15,8.572999954,2.27699995,5.68599987,0.924000025,2.740999937,1.097000003,20.7048704494437
2016/7/13 16:30,8.43900013,2.142999887,5.578999996,0.782000005,2.740999937,1.065999985,22.85631853023521
2016/7/13 16:45,8.840999603,2.411000013,5.96999979,0.852999985,2.924000025,1.126999974,19.899782548474043
2016/7/13 17:00,8.975000381,2.27699995,5.96999979,0.782000005,3.015000105,1.279000044,20.868080441670532
2016/7/13 17:15,9.31000042,2.477999926,6.040999889,0.711000025,3.349999905,1.279000044,21.423613534783097
2016/7/13 17:30,9.041999817,2.27699995,5.934000015,0.711000025,3.229000092,1.126999974,21.89251683164396
2016/7/13 17:45,9.041999817,2.142999887,5.934000015,0.569000006,3.075999975,1.156999946,20.98844891246251
2016/7/13 18:00,8.840999603,2.142999887,5.721000195,0.603999972,3.107000113,1.126999974,26.485923221764462
2016/7/13 18:15,8.572999954,2.009000063,5.578999996,0.569000006,2.924000025,1.097000003,20.843765301628935
2016/7/13 18:30,8.505999565,2.075999975,5.507999897,0.569000006,2.862999916,1.065999985,22.89411116072295
2016/7/13 18:45,8.706999779,2.009000063,5.721000195,0.603999972,3.015000105,1.097000003,22.521921251618593
2016/7/13 19:00,9.041999817,2.344000101,5.862999916,0.603999972,3.441999912,1.126999974,20.506135302007845
2016/7/13 19:15,9.444000244,2.210000038,6.183000088,0.603999972,3.229000092,1.126999974,23.217598925314824
2016/7/13 19:30,9.979999542,2.344000101,6.43200016,0.711000025,3.532999992,1.248999953,19.88611457761956
2016/7/13 19:45,10.7840004,2.411000013,6.822999954,0.711000025,3.868000031,1.248999953,19.338285339115927
2016/7/13 20:00,11.25300026,2.611999989,7.177999973,0.852999985,4.111999989,1.187999964,16.942194442072694
2016/7/13 20:15,11.45400047,2.344000101,7.249000072,0.745999992,4.203000069,1.218000054,18.935042748786206
2016/7/13 20:30,11.18599987,2.27699995,7.071000099,0.711000025,4.111999989,1.156999946,18.42956024334908
2016/7/13 20:45,10.98499966,2.210000038,6.928999901,0.603999972,4.051000118,1.156999946,19.745052037418894
2016/7/13 21:00,11.98900032,3.415999889,8.598999977,2.167999983,3.928999901,1.187999964,21.591519475026157
2016/7/13 21:15,12.92700005,4.287000179,8.598999977,2.203000069,3.71600008,1.097000003,23.07416880361182
2016/7/13 21:30,13.52999973,3.684000015,9.701000214,1.741000056,3.594000101,1.097000003,22.680364438240566
2016/7/13 21:45,12.6590004,3.549999952,9.274999619,1.491999984,3.471999884,1.097000003,20.10194110551898
2016/7/13 22:00,12.52499962,3.818000078,9.630000114,1.598999977,3.259000063,0.975000024,22.657017823376858
2016/7/13 22:15,14.40100002,4.019000053,11.05099964,2.061000109,3.441999912,1.036000013,22.113228093657746
2016/7/13 22:30,14.06599998,4.622000217,10.05599976,2.451999903,3.319999933,1.156999946,21.208888746549977
2016/7/13 22:45,14.33399963,3.951999903,10.94499969,2.415999889,3.229000092,1.097000003,23.534648920059784
2016/7/13 23:00,13.59700012,4.622000217,10.97999954,2.842999935,3.107000113,1.065999985,35.38499832
2016/7/13 23:15,13.79800034,4.889999866,10.58899975,3.197999954,3.046000004,1.097000003,19.76054384110947
2016/7/13 23:30,12.79300022,4.287000179,9.737000465,2.594000101,2.924000025,1.097000003,21.026296805965334
2016/7/13 23:45,14.40100002,4.21999979,10.58899975,3.447000027,2.894000053,1.097000003,20.86000823912193
2016/7/14 0:00,14.60200024,5.357999802,11.19400024,2.878000021,2.862999916,1.036000013,23.410167135284265
2016/7/14 0:15,14.19999981,4.487999916,10.9090004,2.878000021,2.740999937,1.065999985,21.256751506497512
2016/7/14 0:30,12.52499962,4.019000053,9.984999657,2.309999943,2.588999987,0.944000006,35.24399948
2016/7/14 0:45,12.05599976,3.48300004,9.807999611,2.381000042,2.345000029,0.852999985,22.534829145656268
2016/7/14 1:00,13.4630003,4.554999828,10.8739996,2.984999895,2.467000008,0.883000016,32.71099854
2016/7/14 1:15,13.66399956,4.956999779,11.30000019,3.233999968,2.375999928,0.883000016,20.829128943785694
2016/7/14 1:30,12.12300014,3.750999928,9.807999611,2.203000069,2.315000057,0.883000016,22.33231345086799
2016/7/14 1:45,12.59200001,4.019000053,9.451999664,2.381000042,2.193000078,0.852999985,34.18899918
2016/7/14 2:00,12.25699997,3.88499999,9.522999763,2.131999969,2.467000008,0.944000006,24.1928234727717
2016/7/14 2:15,13.39599991,4.756000042,10.3760004,3.305000067,2.345000029,0.883000016,20.355214622338377
2016/7/14 2:30,12.6590004,3.818000078,9.737000465,2.486999989,2.437000036,0.913999975,24.16437775931492
2016/7/14 2:45,12.72599983,3.617000103,10.4829998,2.664999962,2.28399992,0.944000006,20.10526813465751
2016/7/14 3:00,12.25699997,4.68900013,10.66100025,2.984999895,2.253999949,0.913999975,20.777684324562177
2016/7/14 3:15,12.18999958,4.019000053,10.02099991,2.381000042,2.345000029,0.975000024,21.516957791036663
2016/7/14 3:30,12.32400036,4.019000053,9.949999809,2.451999903,2.071000099,0.944000006,34.89199829
2016/7/14 3:45,11.45400047,4.21999979,9.559000015,2.203000069,1.980000019,0.852999985,24.229429655147122
2016/7/14 4:00,11.5880003,3.684000015,8.847999573,1.70599997,2.101999998,0.883000016,35.66600037
2016/7/14 4:15,11.92199993,3.013999939,9.416999817,2.096999884,2.163000107,0.944000006,24.223612574970982
2016/7/14 4:30,11.78800011,4.21999979,9.984999657,2.523000002,2.163000107,0.883000016,25.364979634679862
2016/7/14 4:45,10.91800022,3.148000002,8.847999573,2.025000095,2.040999889,0.883000016,23.606809303095535
2016/7/14 5:00,11.92199993,3.348999977,9.274999619,1.99000001,2.101999998,0.883000016,22.420704045619424
2016/7/14 5:15,10.7840004,2.545000076,8.421999931,1.63499999,2.315000057,0.913999975,19.83079638974768
2016/7/14 5:30,12.52499962,3.684000015,9.345999718,1.279000044,2.467000008,0.883000016,19.227084687683266
2016/7/14 5:45,11.85499954,3.282000065,9.31000042,1.812000036,2.588999987,0.913999975,22.53293669203964
2016/7/14 6:00,11.52099991,3.684000015,9.559000015,2.273999929,2.528000116,0.944000006,23.753091727474928
2016/7/14 6:15,11.45400047,3.148000002,9.630000114,1.953999996,2.437000036,0.883000016,24.152056515720542
2016/7/14 6:30,11.85499954,3.282000065,8.883999825,1.77699995,2.253999949,0.852999985,34.9620018
2016/7/14 6:45,9.979999542,3.415999889,7.923999786,1.812000036,2.375999928,1.004999995,23.068618258384248
2016/7/14 7:00,8.774000168,2.678999901,5.862999916,1.136999965,2.315000057,1.065999985,22.62523185753449
2016/7/14 7:15,9.175999641,2.880000114,6.610000134,0.888000011,2.375999928,1.126999974,21.34200765742348
2016/7/14 7:30,9.979999542,2.947000027,7.249000072,1.812000036,2.375999928,1.097000003,23.23488530229651
2016/7/14 7:45,10.18099976,3.48300004,7.853000164,1.56400001,2.405999899,1.097000003,24.765478810568908
2016/7/14 8:00,7.971000195,3.08100009,5.96999979,1.598999977,2.375999928,1.279000044,23.24675797723852
2016/7/14 8:15,8.43900013,2.545000076,5.366000175,0.888000011,2.497999907,1.371000051,20.261709301505824
2016/7/14 8:30,8.774000168,3.148000002,5.862999916,1.172999978,2.437000036,1.248999953,20.673504460560178
2016/7/14 8:45,7.836999893,2.344000101,5.472000122,1.136999965,2.559000015,1.340000033,21.82944138715135
2016/7/14 9:00,8.305999756,2.411000013,5.862999916,1.279000044,2.375999928,1.156999946,20.37164120841112
2016/7/14 9:15,8.23900032,2.477999926,5.828000069,0.782000005,2.467000008,1.218000054,22.944293806962108
2016/7/14 9:30,9.175999641,3.148000002,6.183000088,0.782000005,2.497999907,1.218000054,19.67065538715924
2016/7/14 9:45,9.376999855,2.746000051,6.111999989,1.101999998,2.497999907,1.156999946,22.76371485344413
2016/7/14 10:00,9.376999855,2.344000101,6.502999783,1.172999978,2.802000046,1.248999953,17.28409667743401
2016/7/14 10:15,10.7840004,2.210000038,6.751999855,0.782000005,2.924000025,1.248999953,19.408721073334558
2016/7/14 10:30,10.38199997,3.148000002,7.284999847,1.207999945,3.197999954,1.218000054,19.652159934525486
2016/7/14 10:45,10.24800014,2.411000013,7.390999794,1.031000018,3.197999954,1.097000003,22.19513505870584
2016/7/14 11:00,10.04699993,3.148000002,6.857999802,0.782000005,3.167999983,1.097000003,21.31974612713524
2016/7/14 11:15,10.11400032,3.214999914,6.502999783,1.136999965,3.015000105,1.097000003,21.067005606363843
2016/7/14 11:30,8.43900013,2.411000013,5.791999817,0.425999999,2.862999916,1.187999964,21.144601478200023
2016/7/14 11:45,8.640000343,2.210000038,5.188000202,0.532999992,2.618999958,1.036000013,21.403747139452303
2016/7/14 12:00,8.23900032,2.075999975,5.68599987,0.391000003,2.588999987,1.036000013,25.26076232853331
2016/7/14 12:15,8.505999565,2.210000038,5.543000221,0.639999986,2.618999958,1.036000013,23.73644586890509
2016/7/14 12:30,8.706999779,2.009000063,5.756999969,0.569000006,2.680000067,1.065999985,20.551106756132743
2016/7/14 12:45,8.840999603,2.27699995,6.183000088,0.745999992,2.710999966,1.036000013,23.93140920811554
2016/7/14 13:00,8.305999756,2.27699995,6.005000114,0.852999985,2.650000095,0.975000024,23.46361444756707
2016/7/14 13:15,8.975000381,2.344000101,6.361000061,0.745999992,2.832999945,1.279000044,21.308889511608783
2016/7/14 13:30,8.505999565,1.741000056,5.507999897,0.248999998,2.559000015,1.004999995,22.286020943257917
2016/7/14 13:45,8.43900013,2.344000101,5.436999798,0.569000006,2.559000015,1.036000013,33.69599915
2016/7/14 14:00,7.903999805,2.210000038,5.401000023,0.782000005,2.467000008,1.036000013,23.972264986946804
2016/7/14 14:15,8.305999756,2.27699995,5.366000175,1.101999998,2.467000008,1.065999985,21.658766980348545
2016/7/14 14:30,7.903999805,2.344000101,5.756999969,0.924000025,2.437000036,1.004999995,21.78529417147915
2016/7/14 14:45,8.23900032,2.344000101,5.614999771,0.639999986,2.467000008,1.248999953,19.967678446216308
2016/7/14 15:00,12.18999958,4.68900013,10.02099991,2.559000015,2.253999949,0.913999975,19.299385157830596
2016/7/14 15:15,8.038000107,1.942000031,5.258999825,0.319999993,2.375999928,1.036000013,22.30834600935494
2016/7/14 15:30,7.568999767,1.674000025,5.223999977,0.354999989,2.437000036,1.036000013,21.410666985692323
2016/7/14 15:45,7.568999767,1.473999977,5.295000076,0.178000003,2.345000029,1.004999995,22.50871367035674
2016/7/14 16:00,7.836999893,1.541000009,5.295000076,0.675000012,2.467000008,1.279000044,20.047402057521346
2016/7/14 16:15,7.836999893,2.075999975,5.366000175,0.675000012,2.497999907,1.036000013,21.489176651184135
2016/7/14 16:30,8.104999542,2.210000038,5.472000122,0.711000025,2.650000095,1.91900003,18.07425201484949
2016/7/14 16:45,8.371999741,2.075999975,5.436999798,0.711000025,2.894000053,1.126999974,19.493149909754457
2016/7/14 17:00,7.903999805,1.60800004,4.619999886,-0.107000001,3.167999983,1.126999974,34.75099945
2016/7/14 17:15,7.769999981,1.340000033,4.513000011,-0.035999998,3.289999962,1.097000003,15.630037585736002
2016/7/14 17:30,7.301000118,1.20599997,4.441999912,-0.035999998,2.497999907,1.004999995,13.612593340003663
2016/7/14 17:45,6.899000168,1.340000033,4.300000191,-0.035999998,2.588999987,1.097000003,14.674108879280672
2016/7/14 18:00,6.429999828,0.938000023,3.980000019,-0.284000009,2.467000008,1.126999974,24.90299988
2016/7/14 18:15,6.429999828,1.004999995,3.802000046,-0.284000009,2.559000015,1.004999995,13.7187621949782
2016/7/14 18:30,6.429999828,0.938000023,3.838000059,-0.248999998,2.559000015,1.004999995,15.45487040503984
2016/7/14 18:45,6.497000217,0.870999992,4.619999886,-0.319999993,2.588999987,1.036000013,20.77277684523731
2016/7/14 19:00,7.836999893,1.340000033,5.188000202,0.035999998,2.710999966,1.065999985,32.85200119
2016/7/14 19:15,8.23900032,1.406999946,5.258999825,0.0,2.984999895,1.097000003,22.95735920120177
2016/7/14 19:30,8.706999779,1.473999977,5.614999771,0.107000001,3.075999975,1.065999985,21.80453113709544
2016/7/14 19:45,9.175999641,1.406999946,5.791999817,0.0,3.319999933,1.036000013,21.80260848143497
2016/7/14 20:00,8.975000381,1.406999946,5.68599987,0.035999998,3.259000063,0.975000024,20.046719815697546
2016/7/14 20:15,9.175999641,1.340000033,5.862999916,0.0,3.319999933,0.944000006,20.993916426584104
2016/7/14 20:30,8.907999992,1.20599997,5.543000221,-0.035999998,3.319999933,1.004999995,20.658980602539728
2016/7/14 20:45,8.572999954,1.072000027,5.401000023,-0.142000005,3.167999983,1.004999995,21.536290649030203
2016/7/14 21:00,8.305999756,0.670000017,5.223999977,-0.425999999,3.107000113,0.975000024,24.45047598418782
2016/7/14 21:15,8.23900032,0.536000013,5.188000202,-0.284000009,3.046000004,0.944000006,22.36015694301058
2016/7/14 21:30,8.706999779,1.875,5.578999996,-0.071000002,2.832999945,0.913999975,22.11164316487732
2016/7/14 21:45,8.572999954,0.938000023,5.756999969,-0.248999998,2.680000067,0.883000016,19.805829583860035
2016/7/14 22:00,8.104999542,0.80400002,5.436999798,-0.319999993,2.650000095,0.883000016,22.495532488711877
2016/7/14 22:15,9.913000107,1.60800004,7.498000145,0.569000006,2.588999987,0.913999975,20.3534204256725
2016/7/14 22:30,10.71700001,3.148000002,8.031000137,1.56400001,2.772000074,0.944000006,20.3844767282902
2016/7/14 22:45,10.64999962,1.875,7.177999973,1.065999985,2.559000015,0.883000016,21.62070868286702
2016/7/14 23:00,10.11400032,2.545000076,7.639999866,1.136999965,2.588999987,0.913999975,23.334320559993927
2016/7/14 23:15,14.13300037,4.21999979,9.345999718,1.953999996,4.965000153,1.401000023,19.929294975358122
2016/7/14 23:30,13.9989996,4.21999979,8.989999771,1.883000016,4.903999805,1.371000051,21.563095259485948
2016/7/14 23:45,14.60200024,4.554999828,9.559000015,2.203000069,4.873000145,1.70599997,15.547784050708774
2016/7/15 0:00,13.19499969,4.019000053,8.421999931,2.096999884,4.782000065,1.462000012,21.439096872162335
2016/7/15 0:15,13.52999973,4.019000053,8.989999771,1.70599997,4.690999985,1.432000041,19.769006079170968
2016/7/15 0:30,13.32900047,3.549999952,8.493000031,1.669999957,4.598999977,1.401000023,18.103322225974185
2016/7/15 0:45,14.2670002,4.354000092,9.593999863,2.273999929,4.630000114,1.401000023,22.979291698061097
2016/7/15 1:00,13.32900047,4.287000179,8.279999733,1.953999996,4.447000027,1.309999943,19.521658565032357
2016/7/15 1:15,13.32900047,4.019000053,8.989999771,1.77699995,4.507999897,1.309999943,20.617693550900025
2016/7/15 1:30,12.6590004,3.08100009,8.527999878,1.457000017,4.324999809,1.279000044,20.987948434668542
2016/7/15 1:45,12.59200001,4.21999979,8.847999573,2.273999929,4.295000076,1.340000033,19.594928188494332
2016/7/15 2:00,13.86499977,4.354000092,8.989999771,1.812000036,4.263999939,1.309999943,23.378635573609508
2016/7/15 2:15,13.66399956,3.549999952,8.918999672,1.91900003,4.295000076,1.340000033,20.177952015734675
2016/7/15 2:30,12.92700005,3.750999928,7.888999939,1.491999984,4.263999939,1.371000051,22.58564655348056
2016/7/15 2:45,13.52999973,4.287000179,8.706000328,1.63499999,4.203000069,1.309999943,18.20899963406559
2016/7/15 3:00,11.98900032,3.214999914,7.710999966,1.421000004,4.142000198,1.340000033,19.066241250556356
2016/7/15 3:15,12.72599983,3.88499999,8.31499958,1.63499999,4.172999859,1.279000044,19.389559617635502
2016/7/15 3:30,11.11900043,2.880000114,6.573999882,0.782000005,4.203000069,1.340000033,33.69599915
2016/7/15 3:45,11.85499954,2.880000114,7.390999794,1.243999958,4.234000206,1.371000051,22.483941222236353
2016/7/15 4:00,11.85499954,3.415999889,7.106999874,0.782000005,4.234000206,1.432000041,23.456146054428064
2016/7/15 4:15,10.7840004,2.477999926,6.610000134,0.924000025,4.355999947,1.340000033,34.40000153
2016/7/15 4:30,11.72099972,2.947000027,7.071000099,0.958999991,4.324999809,1.340000033,23.941141584302308
2016/7/15 4:45,11.78800011,2.27699995,6.965000153,0.745999992,4.324999809,1.309999943,24.025671528455387
2016/7/15 5:00,11.85499954,2.678999901,7.498000145,0.958999991,4.386000156,1.340000033,21.455064374600894
2016/7/15 5:15,11.31999969,2.009000063,6.289999962,0.569000006,4.568999767,1.644999981,20.35063385865356
2016/7/15 5:30,12.92700005,3.214999914,7.994999886,1.279000044,4.782000065,1.371000051,19.110203763087554
2016/7/15 5:45,11.18599987,2.142999887,5.862999916,0.284000009,4.842999935,1.340000033,22.68525478538028
2016/7/15 6:00,11.11900043,2.009000063,6.361000061,0.603999972,4.873000145,1.462000012,23.664247386336335
2016/7/15 6:15,11.05200005,1.875,6.076000214,0.142000005,4.721000195,1.552999973,25.217359345941766
2016/7/15 6:30,10.64999962,2.477999926,5.756999969,0.035999998,4.965000153,1.674999952,20.550187989756317
2016/7/15 6:45,11.72099972,2.545000076,6.254000187,0.816999972,5.086999893,1.70599997,21.93220139365514
2016/7/15 7:00,11.98900032,2.947000027,6.005000114,0.782000005,4.994999886,1.674999952,21.401400870296722
2016/7/15 7:15,11.25300026,3.214999914,6.361000061,0.603999972,5.177999973,1.70599997,21.065117860274867
2016/7/15 7:30,11.45400047,2.880000114,6.324999809,0.711000025,5.300000191,1.70599997,23.08491256765308
2016/7/15 7:45,12.12300014,3.282000065,7.0,0.888000011,5.117000103,1.76699996,23.703677704903257
2016/7/15 8:00,8.975000381,2.344000101,6.183000088,0.888000011,2.559000015,1.279000044,23.07426869410955
2016/7/15 8:15,8.907999992,2.545000076,6.005000114,0.958999991,2.437000036,1.097000003,23.982129061748033
2016/7/15 8:30,9.041999817,2.477999926,6.787000179,1.421000004,2.467000008,1.126999974,23.012046363837168
2016/7/15 8:45,8.572999954,3.214999914,6.147999763,1.315000057,2.497999907,1.156999946,25.0638547195465
2016/7/15 9:00,9.51099968,3.013999939,7.035999775,1.953999996,2.375999928,1.097000003,21.691059417064004
2016/7/15 9:15,9.645000458,3.348999977,6.610000134,1.243999958,2.650000095,1.156999946,23.82553996206443
2016/7/15 9:30,9.779000282,3.282000065,7.071000099,1.350000024,2.680000067,1.187999964,20.535326687170656
2016/7/15 9:45,9.979999542,3.549999952,6.857999802,1.172999978,2.772000074,1.248999953,23.63837062982997
2016/7/15 10:00,10.11400032,3.549999952,6.965000153,1.56400001,2.954999924,1.432000041,15.678405367336406
2016/7/15 10:15,11.18599987,2.746000051,7.498000145,1.031000018,3.381000042,1.279000044,20.88090015637113
2016/7/15 10:30,11.5880003,3.013999939,7.782000065,1.741000056,3.532999992,1.218000054,21.0335426567014
2016/7/15 10:45,11.5880003,2.812999964,7.390999794,1.527999997,3.349999905,1.309999943,20.890439296338677
2016/7/15 11:00,10.31499958,3.617000103,7.320000172,1.101999998,3.289999962,1.097000003,22.570889879073608
2016/7/15 11:15,9.376999855,3.148000002,6.681000233,1.315000057,3.015000105,1.097000003,22.03440935141326
2016/7/15 11:30,8.572999954,2.27699995,6.218999863,0.924000025,2.710999966,1.065999985,24.9297066690041
2016/7/15 11:45,8.706999779,2.344000101,5.578999996,0.319999993,2.894000053,1.065999985,20.94225991864378
2016/7/15 12:00,8.640000343,2.27699995,5.721000195,0.391000003,2.588999987,0.975000024,25.439367020520073
2016/7/15 12:15,8.171999931,2.075999975,5.472000122,0.425999999,2.528000116,0.975000024,24.64834019491273
2016/7/15 12:30,8.23900032,2.27699995,5.68599987,0.532999992,2.710999966,1.065999985,21.037858590655254
2016/7/15 12:45,8.840999603,2.545000076,5.756999969,0.284000009,2.650000095,1.097000003,31.72599983
2016/7/15 13:00,8.907999992,2.477999926,6.111999989,0.816999972,2.618999958,1.126999974,23.346804468410852
2016/7/15 13:15,8.505999565,2.27699995,6.289999962,1.101999998,2.588999987,1.156999946,31.375
2016/7/15 13:30,9.444000244,2.880000114,6.751999855,1.491999984,2.559000015,1.097000003,24.16566646089719
2016/7/15 13:45,8.706999779,2.27699995,6.218999863,0.924000025,2.467000008,1.218000054,31.44499969
2016/7/15 14:00,9.31000042,2.545000076,6.361000061,0.816999972,2.528000116,1.156999946,23.087447407446387
2016/7/15 14:15,9.243000031,2.812999964,6.43200016,1.315000057,2.528000116,1.248999953,20.525636489742794
2016/7/15 14:30,8.171999931,2.880000114,6.076000214,0.888000011,2.28399992,1.036000013,21.972264897664452
2016/7/15 14:45,8.640000343,2.812999964,5.650000095,0.711000025,2.28399992,1.126999974,23.73970684626378
2016/7/15 15:00,8.171999931,2.27699995,5.791999817,1.065999985,2.223999977,1.097000003,21.539115833084097
2016/7/15 15:15,8.572999954,2.812999964,5.828000069,0.888000011,2.28399992,1.126999974,24.024418555432046
2016/7/15 15:30,8.038000107,1.875,5.401000023,0.782000005,2.405999899,1.248999953,19.62700081
2016/7/15 15:45,8.171999931,2.344000101,5.543000221,0.852999985,2.588999987,1.248999953,22.217705716866046
2016/7/15 16:00,7.836999893,2.210000038,5.507999897,0.782000005,2.680000067,1.156999946,21.375448234567198
2016/7/15 16:15,7.769999981,2.27699995,5.721000195,0.958999991,2.618999958,1.279000044,21.696239989264868
2016/7/15 16:30,8.104999542,2.344000101,5.329999924,0.639999986,2.740999937,1.187999964,21.912031954368
2016/7/15 16:45,8.572999954,2.142999887,5.68599987,0.711000025,2.924000025,1.218000054,18.29000092
2016/7/15 17:00,8.505999565,2.210000038,5.578999996,0.497000009,3.229000092,1.401000023,19.649054938071693
2016/7/15 17:15,8.371999741,2.009000063,5.436999798,0.462000012,2.894000053,1.218000054,18.450297029967203
2016/7/15 17:30,8.371999741,2.27699995,5.366000175,0.391000003,2.984999895,1.218000054,16.277922552978417
2016/7/15 17:45,7.636000156,1.60800004,4.833000183,0.142000005,2.710999966,1.156999946,22.088292153630633
2016/7/15 18:00,7.234000206,1.340000033,4.619999886,0.0,2.588999987,1.097000003,26.464442112999542
2016/7/15 18:15,6.899000168,1.340000033,4.513000011,0.0,2.375999928,1.065999985,14.223234247687156
2016/7/15 18:30,6.497000217,1.20599997,4.263999939,-0.035999998,2.28399992,1.004999995,16.433854485435194
2016/7/15 18:45,6.631000042,1.072000027,4.19299984,-0.107000001,2.405999899,0.944000006,14.44202491640625
2016/7/15 19:00,6.96600008,1.139000058,4.441999912,-0.035999998,2.467000008,0.975000024,12.354468672796997
2016/7/15 19:15,6.96600008,1.072000027,4.513000011,-0.071000002,2.497999907,0.944000006,15.077853814096247
2016/7/15 19:30,6.96600008,1.139000058,4.547999859,0.0,2.405999899,0.944000006,20.61199951
2016/7/15 19:45,7.166999817,1.139000058,4.762000084,0.0,2.437000036,0.913999975,19.8137601669992
2016/7/15 20:00,7.166999817,1.139000058,4.762000084,0.0,2.437000036,0.852999985,18.01622181038461
2016/7/15 20:15,7.166999817,1.139000058,4.65500021,-0.035999998,2.497999907,0.913999975,19.62661969016786
2016/7/15 20:30,7.099999905,1.072000027,4.619999886,-0.107000001,2.437000036,0.975000024,21.139304272301338
2016/7/15 20:45,6.96600008,1.072000027,4.406000137,-0.107000001,2.559000015,1.004999995,15.054829983471478
2016/7/15 21:00,8.371999741,2.947000027,6.218999863,1.207999945,2.437000036,1.036000013,27.681738258221884
2016/7/15 21:15,8.640000343,1.273000002,6.218999863,0.284000009,2.467000008,1.036000013,24.604171229804066
2016/7/15 21:30,9.779000282,1.741000056,7.284999847,0.711000025,2.253999949,0.975000024,25.00400435373218
2016/7/15 21:45,9.711999893,2.477999926,7.461999893,0.852999985,2.101999998,0.913999975,20.721278985574244
2016/7/15 22:00,9.109000206,2.210000038,7.568999767,0.958999991,2.00999999,0.883000016,23.391837398921954
2016/7/15 22:15,9.845999718,2.812999964,7.284999847,0.675000012,2.101999998,0.883000016,21.326652271983914
2016/7/15 22:30,8.371999741,2.009000063,5.96999979,0.603999972,1.980000019,0.852999985,22.011271553197677
2016/7/15 22:45,9.31000042,1.942000031,6.928999901,0.603999972,2.040999889,0.883000016,22.561223516375268
2016/7/15 23:00,8.907999992,2.678999901,7.639999866,1.527999997,1.949000001,0.883000016,24.53048766196205
2016/7/15 23:15,10.11400032,3.08100009,7.994999886,1.172999978,1.91900003,0.883000016,19.60933133037684
2016/7/15 23:30,11.11900043,3.348999977,8.989999771,2.309999943,1.91900003,0.883000016,23.291327410101015
2016/7/15 23:45,9.913000107,2.27699995,8.279999733,1.84800005,1.797000051,0.852999985,20.97857669988691
2016/7/16 0:00,8.505999565,2.210000038,6.644999981,0.782000005,1.644999981,0.852999985,20.07874522704054
2016/7/16 0:15,8.706999779,1.674000025,6.681000233,0.924000025,1.70599997,0.852999985,20.570036362961407
2016/7/16 0:30,9.779000282,2.477999926,7.604000092,0.995000005,1.552999973,0.852999985,15.909702164702622
2016/7/16 0:45,9.711999893,2.545000076,7.710999966,1.243999958,1.797000051,0.852999985,23.130395687507878
2016/7/16 1:00,10.04699993,3.08100009,8.031000137,1.669999957,1.735999942,0.822000027,20.671174845374896
2016/7/16 1:15,9.175999641,2.880000114,7.284999847,1.741000056,1.70599997,0.822000027,21.47760814562709
2016/7/16 1:30,10.18099976,2.545000076,8.670999527,1.77699995,1.70599997,0.822000027,23.43920344021931
2016/7/16 1:45,10.64999962,2.611999989,8.527999878,1.598999977,1.552999973,0.760999978,28.49099922
2016/7/16 2:00,10.85099983,3.750999928,8.741999626,1.99000001,1.462000012,0.760999978,22.562059214844258
2016/7/16 2:15,9.109000206,2.075999975,7.604000092,1.527999997,1.491999984,0.760999978,17.670966563048445
2016/7/16 2:30,10.31499958,2.545000076,8.38599968,1.63499999,1.523000002,0.791999996,21.538553766227608
2016/7/16 2:45,9.979999542,3.549999952,8.954999924,1.883000016,1.491999984,0.760999978,18.3239656019959
2016/7/16 3:00,8.907999992,2.947000027,7.639999866,1.598999977,1.491999984,0.791999996,18.287160700296614
2016/7/16 3:15,8.23900032,2.27699995,6.681000233,0.995000005,1.432000041,0.731000006,18.260220730446438
2016/7/16 3:30,9.444000244,2.27699995,7.676000118,1.491999984,1.401000023,0.731000006,27.50600052
2016/7/16 3:45,9.243000031,2.746000051,7.960000038,1.812000036,1.432000041,0.670000017,22.756154402303636
2016/7/16 4:00,9.51099968,2.009000063,7.320000172,1.065999985,1.371000051,0.670000017,20.13666652018848
2016/7/16 4:15,9.175999641,2.210000038,7.143000126,0.639999986,1.432000041,0.670000017,22.630514463227865
2016/7/16 4:30,9.51099968,2.477999926,7.427000046,1.065999985,1.432000041,0.700999975,22.13682781762932
2016/7/16 4:45,9.041999817,1.807999969,7.355999947,1.172999978,1.552999973,0.670000017,28.42000008
2016/7/16 5:00,9.578000069,2.477999926,7.853000164,0.958999991,1.644999981,0.670000017,19.45522205780263
2016/7/16 5:15,10.91800022,1.674000025,8.421999931,0.782000005,1.797000051,0.639999986,21.164237233607814
2016/7/16 5:30,11.18599987,2.075999975,8.493000031,0.958999991,2.040999889,0.670000017,19.356601733887956
2016/7/16 5:45,11.38700008,2.678999901,8.598999977,1.279000044,2.00999999,0.700999975,22.412180316418258
2016/7/16 6:00,9.645000458,2.210000038,7.604000092,0.782000005,2.163000107,0.731000006,22.87282798591144
2016/7/16 6:15,9.779000282,2.545000076,7.390999794,0.569000006,2.193000078,0.822000027,24.69737440595958
2016/7/16 6:30,10.18099976,2.812999964,7.747000217,1.457000017,2.163000107,0.883000016,21.399748563164728
2016/7/16 6:45,7.032999992,1.406999946,5.046000004,0.0,2.253999949,0.944000006,21.273644674282277
2016/7/16 7:00,6.229000092,1.875,4.122000217,0.354999989,2.131999969,1.004999995,14.326273920811996
2016/7/16 7:15,6.764999866,1.674000025,4.833000183,0.603999972,1.827999949,0.700999975,19.422131236744306
2016/7/16 7:30,7.301000118,2.27699995,5.329999924,0.888000011,1.827999949,0.822000027,21.839122201228086
2016/7/16 7:45,6.831999779,1.60800004,4.762000084,0.711000025,2.101999998,1.036000013,22.684070228504787
2016/7/16 8:00,6.96600008,2.746000051,4.93900013,0.711000025,2.101999998,1.065999985,20.037773997467824
2016/7/16 8:15,7.368000031,1.875,4.833000183,0.425999999,2.223999977,1.156999946,15.752059523626759
2016/7/16 8:30,7.166999817,1.674000025,5.258999825,0.888000011,2.163000107,1.036000013,20.483557850702788
2016/7/16 8:45,7.636000156,2.411000013,5.295000076,0.816999972,2.131999969,1.036000013,25.686812047042377
2016/7/16 9:00,7.301000118,1.60800004,5.117000103,0.319999993,2.101999998,0.975000024,21.100209341211055
2016/7/16 9:15,7.971000195,2.075999975,5.258999825,0.782000005,2.163000107,1.156999946,16.269294436338445
2016/7/16 9:30,7.836999893,2.880000114,5.650000095,0.745999992,2.497999907,1.036000013,22.25165515425341
2016/7/16 9:45,8.305999756,2.27699995,6.324999809,1.598999977,2.253999949,1.036000013,25.383444834523182
2016/7/16 10:00,8.840999603,2.27699995,6.395999908,0.958999991,2.588999987,1.126999974,20.949058857163738
2016/7/16 10:15,9.979999542,2.210000038,6.681000233,1.243999958,2.772000074,1.065999985,23.171796690166325
2016/7/16 10:30,10.04699993,2.27699995,7.177999973,0.958999991,2.954999924,1.156999946,21.09920078524639
2016/7/16 10:45,9.779000282,2.27699995,7.106999874,1.172999978,3.075999975,1.065999985,23.21244438758322
2016/7/16 11:00,9.243000031,2.142999887,6.43200016,0.995000005,3.015000105,1.156999946,21.015524718627237
2016/7/16 11:15,9.243000031,2.545000076,6.183000088,0.924000025,2.984999895,1.279000044,20.320407005281705
2016/7/16 11:30,7.836999893,2.075999975,5.472000122,0.425999999,2.772000074,1.187999964,22.262145736487696
2016/7/16 11:45,7.166999817,1.875,5.046000004,0.071000002,2.345000029,1.004999995,20.630310683961557
2016/7/16 12:00,6.429999828,1.273000002,4.263999939,0.284000009,2.345000029,1.004999995,16.002009074807596
2016/7/16 12:15,6.09499979,0.938000023,4.086999893,0.213,2.163000107,0.975000024,15.170977905125893
2016/7/16 12:30,7.368000031,2.009000063,4.619999886,0.462000012,2.163000107,0.944000006,17.158028801357712
2016/7/16 12:45,6.96600008,2.344000101,4.93900013,0.569000006,2.253999949,0.975000024,22.23278993652705
2016/7/16 13:00,6.697999954,2.27699995,4.547999859,0.354999989,2.253999949,1.036000013,10.79134077353359
2016/7/16 13:15,6.631000042,1.473999977,4.477000237,0.248999998,2.193000078,0.944000006,14.789652451956847
2016/7/16 13:30,7.568999767,2.142999887,5.081999779,0.639999986,2.223999977,1.065999985,23.49861786536683
2016/7/16 13:45,6.831999779,2.210000038,5.046000004,1.172999978,2.071000099,1.004999995,20.442420130448742
2016/7/16 14:00,7.769999981,2.678999901,4.93900013,1.207999945,2.193000078,1.097000003,24.62540922088042
2016/7/16 14:15,7.636000156,2.812999964,5.614999771,1.207999945,2.040999889,1.065999985,21.89800673536987
2016/7/16 14:30,7.836999893,2.344000101,5.046000004,0.639999986,2.163000107,1.065999985,22.432711731293455
2016/7/16 14:45,7.368000031,2.009000063,5.188000202,0.711000025,2.040999889,1.004999995,23.168028561903036
2016/7/16 15:00,8.104999542,2.344000101,5.828000069,1.065999985,2.193000078,1.065999985,21.445996529976036
2016/7/16 15:15,7.568999767,2.210000038,4.868000031,0.958999991,2.193000078,1.065999985,35.80699921
2016/7/16 15:30,6.899000168,1.807999969,4.833000183,0.425999999,2.223999977,1.097000003,20.221272530075083
2016/7/16 15:45,7.301000118,2.411000013,4.65500021,1.031000018,2.28399992,1.065999985,23.86960170844936
2016/7/16 16:00,7.099999905,2.142999887,5.329999924,1.350000024,2.131999969,1.065999985,22.47502043565568
2016/7/16 16:15,7.301000118,2.545000076,5.046000004,1.172999978,2.193000078,1.126999974,21.08909007941968
2016/7/16 16:30,7.301000118,2.009000063,4.93900013,0.888000011,2.131999969,1.065999985,23.77729652706676
2016/7/16 16:45,7.903999805,2.27699995,5.650000095,1.207999945,2.405999899,1.036000013,22.19562008268224
2016/7/16 17:00,7.836999893,2.210000038,5.366000175,0.958999991,2.528000116,1.036000013,25.139570229237254
2016/7/16 17:15,8.171999931,2.27699995,5.507999897,0.816999972,2.528000116,1.036000013,25.2017079281489
2016/7/16 17:30,7.836999893,2.009000063,5.223999977,0.497000009,2.588999987,1.036000013,22.91861108511425
2016/7/16 17:45,7.501999855,1.807999969,4.868000031,0.497000009,2.618999958,1.097000003,35.45500183
2016/7/16 18:00,7.301000118,1.741000056,4.477000237,0.354999989,2.528000116,1.097000003,18.322244207253014
2016/7/16 18:15,6.899000168,1.406999946,4.547999859,0.142000005,2.405999899,1.004999995,11.884144882146828
2016/7/16 18:30,7.166999817,1.406999946,4.584000111,0.107000001,2.588999987,0.975000024,23.961146861468386
2016/7/16 18:45,6.96600008,1.340000033,4.406000137,0.035999998,2.497999907,1.036000013,15.452797359979574
2016/7/16 19:00,6.697999954,1.20599997,4.229000092,-0.035999998,2.405999899,1.004999995,11.787387093559271
2016/7/16 19:15,6.697999954,1.273000002,4.229000092,0.0,2.467000008,1.065999985,16.05948621757909
2016/7/16 19:30,6.899000168,1.20599997,4.335000038,-0.035999998,2.559000015,0.975000024,14.796663542550391
2016/7/16 19:45,7.501999855,1.273000002,4.65500021,0.035999998,2.802000046,1.004999995,22.200955321950822
2016/7/16 20:00,7.836999893,1.20599997,4.974999905,0.0,2.862999916,0.975000024,20.505575871257694
2016/7/16 20:15,8.104999542,1.340000033,5.152999878,0.071000002,2.924000025,1.004999995,21.694065977729323
2016/7/16 20:30,8.104999542,1.273000002,5.081999779,0.0,2.924000025,1.036000013,20.957546287116518
2016/7/16 20:45,7.769999981,1.406999946,4.93900013,0.071000002,2.772000074,1.004999995,22.422595354995945
2016/7/16 21:00,7.434999943,1.273000002,4.584000111,-0.354999989,2.650000095,0.975000024,25.83420266881918
2016/7/16 21:15,7.166999817,1.741000056,5.329999924,0.142000005,2.618999958,1.004999995,23.84534557865547
2016/7/16 21:30,8.038000107,2.075999975,5.507999897,0.425999999,2.437000036,1.004999995,25.92275916010492
2016/7/16 21:45,7.636000156,1.807999969,5.258999825,0.107000001,2.375999928,0.975000024,22.2964747544342
2016/7/16 22:00,8.104999542,2.009000063,6.005000114,0.958999991,2.253999949,0.852999985,23.41737160465869
2016/7/16 22:15,8.038000107,1.942000031,5.721000195,0.425999999,2.223999977,0.822000027,21.34491578908169
2016/7/16 22:30,8.104999542,2.009000063,5.436999798,0.425999999,2.253999949,0.913999975,21.881395166092574
2016/7/16 22:45,7.099999905,1.674000025,4.974999905,0.569000006,2.163000107,0.883000016,20.957618749927374
2016/7/16 23:00,7.836999893,1.807999969,5.366000175,0.782000005,2.071000099,0.883000016,30.88199997
2016/7/16 23:15,8.907999992,2.075999975,6.218999863,0.852999985,1.949000001,0.852999985,19.072026602341285
2016/7/16 23:30,9.578000069,2.344000101,7.676000118,1.350000024,1.980000019,0.852999985,21.179107481566298
2016/7/16 23:45,9.175999641,3.013999939,8.208999634,1.243999958,1.91900003,0.852999985,20.335065347320846
2016/7/17 0:00,10.18099976,2.746000051,8.598999977,1.669999957,1.91900003,0.852999985,22.238613418032735
2016/7/17 0:15,9.578000069,2.210000038,7.461999893,0.995000005,1.85800004,0.852999985,19.556124485131935
2016/7/17 0:30,10.04699993,2.880000114,8.598999977,1.63499999,1.85800004,0.883000016,18.478343254549674
2016/7/17 0:45,9.779000282,2.477999926,7.994999886,1.84800005,1.76699996,0.852999985,22.108353496501607
2016/7/17 1:00,10.04699993,2.947000027,8.173000336,1.598999977,1.827999949,0.883000016,19.70567070259874
2016/7/17 1:15,9.041999817,3.08100009,6.71600008,1.598999977,1.735999942,0.852999985,20.27871165262707
2016/7/17 1:30,9.31000042,2.880000114,7.320000172,1.56400001,1.797000051,0.822000027,21.68653313919659
2016/7/17 1:45,10.18099976,3.415999889,8.208999634,2.415999889,1.644999981,0.822000027,18.216321102967854
2016/7/17 2:00,9.779000282,3.08100009,7.747000217,2.131999969,1.735999942,0.822000027,23.12323711379131
2016/7/17 2:15,10.91800022,3.750999928,8.741999626,1.77699995,1.552999973,0.670000017,31.72599983
2016/7/17 2:30,7.836999893,2.075999975,6.324999809,0.958999991,1.491999984,0.670000017,19.68590096952963
2016/7/17 2:45,9.243000031,2.678999901,7.284999847,1.491999984,1.552999973,0.700999975,15.381018736654326
2016/7/17 3:00,8.43900013,2.27699995,6.787000179,1.207999945,1.583999991,0.760999978,16.88239229449008
2016/7/17 3:15,7.501999855,1.807999969,6.040999889,0.639999986,1.523000002,0.670000017,16.49417769373683
2016/7/17 3:30,8.305999756,2.812999964,6.857999802,1.315000057,1.583999991,0.731000006,19.52470278160458
2016/7/17 3:45,8.505999565,2.545000076,7.106999874,1.527999997,1.462000012,0.731000006,20.122623519173388
2016/7/17 4:00,9.041999817,1.942000031,7.604000092,1.491999984,1.552999973,0.700999975,19.08226987931695
2016/7/17 4:15,9.51099968,2.075999975,8.137999535,1.207999945,1.674999952,0.700999975,21.869348183025693
2016/7/17 4:30,6.56400013,2.075999975,5.721000195,0.675000012,1.76699996,0.700999975,22.83183446458585
2016/7/17 4:45,8.640000343,1.674000025,6.289999962,0.532999992,1.735999942,0.791999996,23.503972518220227
2016/7/17 5:00,9.31000042,2.210000038,7.568999767,1.243999958,1.85800004,0.975000024,22.834747726269956
2016/7/17 5:15,9.51099968,1.741000056,6.857999802,0.852999985,2.101999998,0.731000006,19.358018680270828
2016/7/17 5:30,10.11400032,2.477999926,7.355999947,0.995000005,2.345000029,0.883000016,17.65846821233133
2016/7/17 5:45,11.45400047,3.08100009,8.954999924,1.279000044,2.28399992,0.791999996,21.13677117764889
2016/7/17 6:00,11.45400047,3.214999914,8.883999825,1.421000004,2.437000036,0.791999996,22.96229584817296
2016/7/17 6:15,10.51599979,2.746000051,8.031000137,1.386000037,2.437000036,0.944000006,31.72599983
2016/7/17 6:30,9.175999641,2.545000076,6.751999855,1.101999998,2.375999928,1.036000013,20.817115155165776
2016/7/17 6:45,9.376999855,3.013999939,6.502999783,0.888000011,2.315000057,1.065999985,21.371019636147466
2016/7/17 7:00,7.703000069,2.009000063,5.68599987,0.711000025,2.375999928,1.065999985,21.976683948719533
2016/7/17 7:15,8.43900013,2.746000051,5.756999969,1.386000037,2.28399992,1.065999985,20.82165657306598
2016/7/17 7:30,7.568999767,1.807999969,5.117000103,0.782000005,2.315000057,1.036000013,23.032906816992533
2016/7/17 7:45,8.572999954,2.210000038,5.96999979,1.136999965,2.193000078,1.065999985,23.772034426232352
2016/7/17 8:00,7.836999893,2.210000038,5.650000095,0.745999992,2.345000029,1.036000013,21.23238490883183
2016/7/17 8:15,7.903999805,2.545000076,5.366000175,1.386000037,2.315000057,1.036000013,21.42889596682851
2016/7/17 8:30,7.636000156,2.075999975,5.366000175,0.958999991,2.253999949,1.126999974,20.916730955037714
2016/7/17 8:45,7.769999981,2.545000076,5.756999969,1.315000057,2.375999928,1.371000051,33.8370018
2016/7/17 9:00,7.769999981,2.142999887,5.366000175,1.101999998,2.650000095,1.248999953,17.54457008062625
2016/7/17 9:15,8.371999741,2.812999964,6.040999889,0.816999972,2.345000029,1.126999974,22.790039883702917
2016/7/17 9:30,8.975000381,2.344000101,6.147999763,0.852999985,2.437000036,1.279000044,20.25730540356096
2016/7/17 9:45,9.175999641,2.880000114,6.218999863,0.888000011,2.984999895,1.309999943,20.448818624598037
2016/7/17 10:00,9.175999641,3.08100009,6.43200016,1.172999978,2.894000053,1.218000054,14.127740316061907
2016/7/17 10:15,10.31499958,2.880000114,6.71600008,1.315000057,2.862999916,1.156999946,18.54684441903341
2016/7/17 10:30,10.18099976,2.009000063,6.573999882,0.782000005,3.107000113,1.340000033,20.882653112005993
2016/7/17 10:45,9.444000244,1.807999969,6.467000008,0.782000005,3.229000092,1.097000003,21.898607335323355
2016/7/17 11:00,9.645000458,2.477999926,6.610000134,1.350000024,3.107000113,1.004999995,20.929271530134805
2016/7/17 11:15,8.774000168,2.477999926,5.578999996,0.852999985,2.740999937,0.944000006,19.04546549404676
2016/7/17 11:30,8.104999542,2.545000076,5.899000168,0.782000005,2.528000116,1.004999995,23.81516515624573
2016/7/17 11:45,7.636000156,1.875,4.762000084,0.354999989,2.375999928,1.004999995,20.16335328834492
2016/7/17 12:00,7.636000156,1.807999969,5.188000202,0.248999998,2.405999899,0.975000024,23.358488141904417
2016/7/17 12:15,7.636000156,1.674000025,5.010000229,0.248999998,2.345000029,0.944000006,19.355428789530663
2016/7/17 12:30,6.96600008,1.807999969,4.868000031,0.213,2.315000057,0.975000024,16.796931180612916
2016/7/17 12:45,7.301000118,1.541000009,4.93900013,0.213,2.467000008,1.004999995,35.8769989
2016/7/17 13:00,8.038000107,1.541000009,5.010000229,0.497000009,2.437000036,1.036000013,36.72100067
2016/7/17 13:15,7.434999943,1.674000025,5.188000202,0.569000006,2.315000057,1.004999995,22.748832912971277
2016/7/17 13:30,7.501999855,2.27699995,5.329999924,0.532999992,2.223999977,0.944000006,18.953869092922105
2016/7/17 13:45,8.505999565,1.741000056,5.899000168,0.782000005,2.163000107,1.004999995,21.66393707949467
2016/7/17 14:00,8.371999741,2.411000013,6.147999763,1.031000018,2.193000078,0.975000024,23.716534188351048
2016/7/17 14:15,8.43900013,2.611999989,5.436999798,0.888000011,2.193000078,1.279000044,9.812157989247478
2016/7/17 14:30,7.769999981,2.477999926,5.650000095,0.675000012,2.253999949,1.004999995,20.478744800575242
2016/7/17 14:45,8.371999741,1.942000031,5.507999897,0.782000005,2.28399992,1.036000013,22.31890700625067
2016/7/17 15:00,8.371999741,2.344000101,5.899000168,0.852999985,2.345000029,1.065999985,19.08389407487313
2016/7/17 15:15,7.636000156,2.477999926,5.472000122,0.888000011,2.223999977,1.036000013,22.947600664838344
2016/7/17 15:30,8.104999542,2.477999926,5.472000122,0.888000011,2.253999949,0.975000024,36.50999832
2016/7/17 15:45,7.971000195,2.075999975,5.756999969,0.782000005,2.28399992,0.975000024,23.203237057212416
2016/7/17 16:00,7.703000069,2.142999887,5.472000122,1.065999985,2.223999977,0.975000024,23.245653335558888
2016/7/17 16:15,8.305999756,2.411000013,5.756999969,0.958999991,2.405999899,1.065999985,21.093387701694187
2016/7/17 16:30,8.171999931,2.27699995,5.650000095,0.958999991,2.467000008,1.036000013,23.746431932584137
2016/7/17 16:45,8.171999931,2.344000101,5.614999771,0.924000025,2.528000116,1.065999985,20.74551363897652
2016/7/17 17:00,8.505999565,2.545000076,5.791999817,1.172999978,2.710999966,1.126999974,22.91797187553807
2016/7/17 17:15,8.640000343,2.477999926,5.756999969,1.279000044,2.832999945,1.126999974,23.199303145130873
2016/7/17 17:30,8.572999954,1.942000031,5.543000221,0.675000012,2.832999945,1.126999974,20.622034886516307
2016/7/17 17:45,8.43900013,2.075999975,5.614999771,0.675000012,2.862999916,1.126999974,22.240131053786126
2016/7/17 18:00,8.305999756,1.942000031,5.543000221,0.532999992,2.710999966,1.097000003,25.121451768115314
2016/7/17 18:15,8.104999542,1.674000025,5.366000175,0.284000009,2.740999937,1.097000003,21.579836421395342
2016/7/17 18:30,7.769999981,1.807999969,5.081999779,0.354999989,2.650000095,1.065999985,23.339167916156377
2016/7/17 18:45,7.769999981,2.075999975,5.081999779,0.462000012,2.618999958,1.036000013,22.880028300387295
2016/7/17 19:00,8.104999542,1.674000025,5.366000175,0.319999993,2.710999966,1.065999985,18.881388899578845
2016/7/17 19:15,8.171999931,1.674000025,5.329999924,0.284000009,2.740999937,1.065999985,22.819748406241324
2016/7/17 19:30,8.505999565,1.674000025,5.650000095,0.248999998,2.894000053,1.036000013,35.31399918
2016/7/17 19:45,9.041999817,1.674000025,5.899000168,0.284000009,3.075999975,0.975000024,20.46128807203947
2016/7/17 20:00,9.913000107,1.674000025,6.395999908,0.284000009,3.381000042,0.975000024,19.21510654383756
2016/7/17 20:15,9.979999542,1.674000025,6.538000107,0.284000009,3.411000013,1.065999985,20.540153197708996
2016/7/17 20:30,10.18099976,1.60800004,6.71600008,0.248999998,3.441999912,0.944000006,19.13652340899609
2016/7/17 20:45,9.913000107,1.60800004,6.573999882,0.248999998,3.319999933,0.944000006,33.62599945
2016/7/17 21:00,10.24800014,0.536000013,6.502999783,-0.745999992,3.289999962,0.913999975,23.280465340291386
2016/7/17 21:15,11.98900032,2.611999989,8.989999771,1.243999958,3.107000113,0.913999975,32.92200089
2016/7/17 21:30,12.25699997,2.611999989,9.097000122,0.995000005,2.954999924,0.975000024,21.749954759727895
2016/7/17 21:45,12.32400036,2.880000114,9.487999916,1.56400001,2.772000074,0.913999975,18.91482046784861
2016/7/17 22:00,12.45800018,3.684000015,9.807999611,2.131999969,2.528000116,0.822000027,22.803689618912383
2016/7/17 22:15,12.99400043,3.415999889,10.625,1.63499999,2.710999966,0.760999978,20.62088717369708
2016/7/17 22:30,12.79300022,3.348999977,11.08699989,1.91900003,2.650000095,0.883000016,20.99053565382158
2016/7/17 22:45,14.46800041,3.88499999,11.54899979,2.523000002,2.650000095,0.852999985,22.725074070788718
2016/7/17 23:00,14.2670002,4.287000179,11.65499973,2.878000021,2.467000008,0.760999978,24.668610745470055
2016/7/17 23:15,15.94099998,4.956999779,10.44699955,3.092000008,4.934000015,1.248999953,19.250811709029517
2016/7/17 23:30,16.81200027,5.559000015,11.58399963,3.375999928,4.721000195,1.279000044,23.724211995975335
2016/7/17 23:45,16.20899963,4.956999779,11.58399963,2.559000015,4.690999985,1.340000033,22.576030617523823
2016/7/18 0:00,14.53499985,3.951999903,10.16300011,2.061000109,4.568999767,1.340000033,21.738250038594316
2016/7/18 0:15,15.60599995,5.290999889,10.66100025,2.451999903,4.538000107,1.309999943,21.654159824094368
2016/7/18 0:30,15.3380003,4.822999954,10.9090004,2.451999903,4.507999897,1.340000033,20.837851028624538
2016/7/18 0:45,15.3380003,5.157000065,11.33600044,2.664999962,4.355999947,1.309999943,25.027044792800574
2016/7/18 1:00,15.8739996,5.157000065,11.37100029,2.772000074,4.355999947,1.309999943,22.318216524004185
2016/7/18 1:15,16.34300041,5.090000153,12.15299988,3.305000067,4.324999809,1.279000044,23.223826775915622
2016/7/18 1:30,14.60200024,4.956999779,10.27000046,2.806999922,4.721000195,1.462000012,21.677282298930365
2016/7/18 1:45,14.66899967,5.022999763,10.4829998,2.914000034,4.630000114,1.523000002,20.387325699994957
2016/7/18 2:00,15.13700008,4.152999878,10.09200001,2.167999983,4.447000027,1.401000023,23.062131504823462
2016/7/18 2:15,14.40100002,4.21999979,9.807999611,2.131999969,4.447000027,1.552999973,19.734397550974965
2016/7/18 2:30,13.12800026,3.88499999,9.097000122,1.457000017,4.355999947,1.340000033,21.728688164957987
2016/7/18 2:45,13.9989996,4.085999966,9.666000366,2.025000095,4.295000076,1.401000023,18.02821819157704
2016/7/18 3:00,14.46800041,4.21999979,9.593999863,2.131999969,4.324999809,1.462000012,19.409754607709193
2016/7/18 3:15,14.53499985,4.487999916,9.984999657,1.77699995,4.386000156,1.432000041,20.049584846312246
2016/7/18 3:30,13.9989996,4.287000179,9.522999763,2.025000095,4.386000156,1.462000012,22.53456482275309
2016/7/18 3:45,13.12800026,3.750999928,8.883999825,1.421000004,4.447000027,1.432000041,22.23889652416687
2016/7/18 4:00,12.18999958,3.282000065,7.923999786,0.888000011,4.172999859,1.340000033,20.48468748701678
2016/7/18 4:15,13.39599991,3.549999952,8.777000427,1.136999965,4.234000206,1.432000041,22.7289739729184
2016/7/18 4:30,14.06599998,3.684000015,9.168000221,1.77699995,4.386000156,1.340000033,23.948722248921253
2016/7/18 4:45,14.73600006,4.085999966,10.05599976,2.273999929,4.416999817,1.371000051,23.856462957147105
2016/7/18 5:00,12.79300022,2.746000051,8.244000435,0.958999991,4.416999817,1.371000051,19.762114830244762
2016/7/18 5:15,15.40499973,4.756000042,10.51799965,1.91900003,4.630000114,1.432000041,33.76699829
2016/7/18 5:30,15.73999977,4.68900013,10.9090004,2.630000114,4.903999805,1.371000051,21.65197744745449
2016/7/18 5:45,16.27599907,4.21999979,10.8739996,1.953999996,4.934000015,1.309999943,25.120559484317816
2016/7/18 6:00,13.19499969,2.947000027,8.635000229,1.031000018,4.751999855,1.401000023,21.677847077850405
2016/7/18 6:15,13.9989996,3.549999952,9.949999809,1.741000056,4.903999805,1.491999984,24.45308009541057
2016/7/18 6:30,16.27599907,5.357999802,11.12199974,2.523000002,4.842999935,1.491999984,24.146925306158824
2016/7/18 6:45,16.27599907,5.290999889,11.01599979,2.594000101,4.873000145,1.674999952,18.264231762813985
2016/7/18 7:00,13.59700012,4.152999878,8.635000229,1.279000044,4.903999805,1.674999952,17.36442835619158
2016/7/18 7:15,15.3380003,4.554999828,9.843000412,2.309999943,4.842999935,1.674999952,16.339756938209653
2016/7/18 7:30,15.3380003,5.223999977,10.3409996,2.167999983,5.026000023,1.735999942,18.04325838857205
2016/7/18 7:45,13.73099995,3.549999952,8.173000336,1.101999998,5.026000023,1.76699996,21.89020332751941
2016/7/18 8:00,9.913000107,2.545000076,7.710999966,1.207999945,2.588999987,1.126999974,21.73475652543102
2016/7/18 8:15,10.64999962,2.947000027,8.173000336,1.350000024,2.467000008,1.218000054,19.74993177933686
2016/7/18 8:30,10.38199997,2.812999964,7.782000065,1.136999965,2.315000057,1.097000003,19.696593429107516
2016/7/18 8:45,10.85099983,2.947000027,7.568999767,1.315000057,2.375999928,1.187999964,22.218343461674348
2016/7/18 9:00,8.104999542,1.942000031,6.111999989,0.603999972,2.375999928,1.309999943,22.460882746670006
2016/7/18 9:15,8.171999931,2.477999926,5.650000095,0.958999991,2.772000074,1.279000044,34.89199829
2016/7/18 9:30,9.444000244,3.08100009,6.147999763,1.63499999,2.650000095,1.552999973,21.773150328702936
2016/7/18 9:45,9.444000244,3.214999914,6.183000088,0.852999985,2.772000074,1.371000051,23.350781317467064
2016/7/18 10:00,8.975000381,2.880000114,6.43200016,0.852999985,2.772000074,1.279000044,18.202013912192008
2016/7/18 10:15,10.31499958,2.880000114,6.71600008,0.995000005,3.289999962,1.279000044,19.751059297062636
2016/7/18 10:30,10.44900036,1.875,6.751999855,0.782000005,3.107000113,1.218000054,20.61600527220668
2016/7/18 10:45,9.913000107,2.411000013,6.573999882,1.172999978,3.289999962,1.309999943,20.185576811346756
2016/7/18 11:00,9.31000042,3.08100009,6.43200016,1.031000018,3.229000092,1.279000044,19.399192587203864
2016/7/18 11:15,8.305999756,2.27699995,5.899000168,1.065999985,2.984999895,1.097000003,21.621259616675488
2016/7/18 11:30,8.640000343,2.545000076,5.401000023,0.711000025,2.618999958,1.126999974,23.81528051864939
2016/7/18 11:45,7.301000118,1.473999977,4.725999832,0.142000005,2.375999928,1.126999974,19.958575543234808
2016/7/18 12:00,7.636000156,1.674000025,5.046000004,0.284000009,2.437000036,1.036000013,23.699490174055637
2016/7/18 12:15,7.301000118,1.807999969,4.974999905,-0.071000002,2.315000057,1.187999964,14.562596882335582
2016/7/18 12:30,8.038000107,1.942000031,5.366000175,0.319999993,2.345000029,0.944000006,17.889938059368117
2016/7/18 12:45,7.971000195,1.741000056,5.68599987,0.284000009,2.345000029,0.944000006,21.828256414900515
2016/7/18 13:00,8.23900032,2.075999975,5.68599987,0.639999986,2.345000029,0.913999975,20.03088790037736
2016/7/18 13:15,8.572999954,1.674000025,5.862999916,0.852999985,2.375999928,1.004999995,24.21370615155958
2016/7/18 13:30,8.371999741,2.344000101,5.899000168,0.745999992,2.437000036,1.036000013,23.20160471803401
2016/7/18 13:45,8.840999603,2.27699995,6.538000107,0.745999992,2.375999928,1.004999995,22.652616924017522
2016/7/18 14:00,8.706999779,2.009000063,6.43200016,0.745999992,2.437000036,1.004999995,38.54999924
2016/7/18 14:15,8.774000168,2.411000013,6.147999763,0.782000005,2.467000008,1.036000013,21.470257823447607
2016/7/18 14:30,7.836999893,2.545000076,5.614999771,0.711000025,2.772000074,1.097000003,21.039074671763654
2016/7/18 14:45,8.640000343,1.807999969,5.828000069,0.603999972,2.710999966,1.218000054,22.932510122267292
2016/7/18 15:00,7.903999805,2.27699995,5.436999798,0.675000012,2.832999945,1.126999974,19.60231830466331
2016/7/18 15:15,8.43900013,2.210000038,5.614999771,0.569000006,2.588999987,1.065999985,23.5002439523313
2016/7/18 15:30,8.171999931,1.741000056,5.401000023,0.284000009,2.894000053,1.097000003,21.192319846023494
2016/7/18 15:45,8.305999756,1.807999969,5.650000095,0.497000009,2.832999945,1.126999974,23.802509723528377
2016/7/18 16:00,8.43900013,1.741000056,5.578999996,0.462000012,2.802000046,1.156999946,20.27308423308934
2016/7/18 16:15,8.572999954,2.411000013,5.756999969,0.569000006,3.046000004,1.156999946,19.36786853899351
2016/7/18 16:30,8.774000168,2.27699995,5.721000195,0.711000025,2.984999895,1.309999943,20.592324580810086
2016/7/18 16:45,8.706999779,1.942000031,5.791999817,0.639999986,3.075999975,1.309999943,18.581824718875758
2016/7/18 17:00,8.505999565,2.075999975,5.472000122,0.497000009,3.015000105,1.309999943,17.464721529034968
2016/7/18 17:15,8.572999954,1.942000031,5.366000175,0.354999989,2.924000025,1.156999946,17.12726094081544
2016/7/18 17:30,8.43900013,1.60800004,5.366000175,0.248999998,2.984999895,1.065999985,21.051840174847406
2016/7/18 17:45,8.706999779,2.009000063,5.650000095,0.391000003,3.046000004,1.187999964,16.89519021013133
2016/7/18 18:00,8.371999741,1.942000031,5.543000221,0.391000003,3.289999962,1.340000033,20.40153077137138
2016/7/18 18:15,8.371999741,2.009000063,5.258999825,0.425999999,3.015000105,1.248999953,16.59021676567754
2016/7/18 18:30,8.23900032,1.807999969,5.258999825,0.284000009,2.954999924,1.218000054,18.139378082810563
2016/7/18 18:45,8.038000107,1.674000025,5.117000103,0.284000009,2.894000053,1.036000013,22.764232772401787
2016/7/18 19:00,8.171999931,1.741000056,5.329999924,0.319999993,2.832999945,1.036000013,19.815512278685354
2016/7/18 19:15,8.371999741,1.674000025,5.543000221,0.319999993,2.954999924,1.036000013,23.699445018548182
2016/7/18 19:30,8.975000381,1.807999969,5.828000069,0.391000003,3.167999983,1.097000003,23.535439059137317
2016/7/18 19:45,9.578000069,1.875,6.218999863,0.425999999,3.441999912,1.036000013,34.18899918
2016/7/18 20:00,10.51599979,2.075999975,6.822999954,0.497000009,3.686000109,1.126999974,21.06622960990428
2016/7/18 20:15,10.71700001,2.210000038,6.787000179,0.425999999,3.838000059,1.126999974,22.422387299810417
2016/7/18 20:30,10.44900036,2.142999887,6.822999954,0.425999999,3.746000051,1.126999974,21.852649380944765
2016/7/18 20:45,10.51599979,2.075999975,6.644999981,0.425999999,3.838000059,1.126999974,23.04135248807079
2016/7/18 21:00,11.45400047,1.674000025,8.065999985,0.178000003,3.563999891,1.156999946,24.556198534114234
2016/7/18 21:15,11.72099972,2.344000101,8.421999931,0.248999998,3.471999884,1.218000054,22.7255046984444
2016/7/18 21:30,11.85499954,2.947000027,9.204000473,1.56400001,3.319999933,1.097000003,23.476225445495754
2016/7/18 21:45,12.05599976,2.344000101,9.31000042,1.101999998,3.046000004,0.975000024,21.076297205306123
2016/7/18 22:00,12.45800018,3.415999889,9.949999809,1.77699995,2.862999916,0.883000016,33.9070015
2016/7/18 22:15,13.59700012,3.617000103,10.30500031,1.598999977,2.802000046,0.852999985,33.62599945
2016/7/18 22:30,12.72599983,3.415999889,9.807999611,1.812000036,2.710999966,0.913999975,22.415936289682072
2016/7/18 22:45,13.4630003,3.750999928,10.9090004,2.523000002,2.559000015,0.944000006,23.113928138977034
2016/7/18 23:00,12.05599976,3.348999977,10.05599976,1.77699995,2.437000036,0.883000016,33.69599915
2016/7/18 23:15,14.80300045,5.223999977,12.61499977,3.660000086,2.528000116,0.913999975,20.486099862541664
2016/7/18 23:30,14.60200024,4.622000217,12.33100033,2.984999895,2.497999907,0.913999975,22.65570584342029
2016/7/18 23:45,12.45800018,3.684000015,10.09200001,2.203000069,2.437000036,0.944000006,21.424713028111817
2016/7/19 0:00,13.59700012,4.085999966,11.37100029,2.486999989,2.315000057,0.852999985,22.74331901864228
2016/7/19 0:15,14.2670002,4.756000042,12.04599953,2.984999895,2.071000099,0.700999975,21.418371703408315
2016/7/19 0:30,13.19499969,4.487999916,11.12199974,3.019999981,1.91900003,0.639999986,19.03721644791135
2016/7/19 0:45,12.18999958,3.48300004,9.949999809,2.239000082,1.888000011,0.639999986,23.242225088256333
2016/7/19 1:00,13.79800034,4.085999966,11.30000019,3.163000107,1.827999949,0.670000017,21.33476341208966
2016/7/19 1:15,12.39099979,4.287000179,10.94499969,3.055999994,1.76699996,0.639999986,21.511179104354223
2016/7/19 1:30,11.52099991,3.282000065,9.559000015,2.486999989,1.76699996,0.639999986,22.631210266245347
2016/7/19 1:45,13.73099995,4.68900013,11.79800034,3.375999928,1.85800004,0.700999975,22.1188733521274
2016/7/19 2:00,12.72599983,4.354000092,10.8380003,2.486999989,1.827999949,0.670000017,24.1421568313999
2016/7/19 2:15,12.79300022,4.354000092,10.8380003,2.842999935,1.735999942,0.700999975,33.97800064
2016/7/19 2:30,13.06099987,4.019000053,11.22900009,2.948999882,1.76699996,0.670000017,34.32899857
2016/7/19 2:45,11.72099972,3.617000103,9.737000465,2.061000109,1.76699996,0.731000006,19.938942929733525
2016/7/19 3:00,11.38700008,3.214999914,9.593999863,2.381000042,1.70599997,0.731000006,21.23321067792967
2016/7/19 3:15,10.71700001,3.013999939,9.131999969,2.273999929,1.70599997,0.670000017,20.37441147149897
2016/7/19 3:30,11.45400047,3.282000065,9.274999619,1.91900003,1.70599997,0.700999975,24.05095766409294
2016/7/19 3:45,12.39099979,3.617000103,9.31000042,1.91900003,1.70599997,0.700999975,24.820321228511077
2016/7/19 4:00,12.52499962,4.152999878,10.5539999,2.203000069,1.70599997,1.004999995,25.178130263607475
2016/7/19 4:15,10.91800022,3.348999977,9.23900032,1.812000036,1.76699996,0.731000006,25.958174935672954
2016/7/19 4:30,11.31999969,3.617000103,9.701000214,2.273999929,1.76699996,0.731000006,25.657767910320736
2016/7/19 4:45,11.31999969,3.415999889,9.559000015,1.883000016,1.797000051,0.700999975,25.127453419763672
2016/7/19 5:00,12.05599976,3.08100009,10.23400021,1.812000036,1.888000011,0.731000006,31.65600014
2016/7/19 5:15,11.11900043,2.477999926,8.56400013,0.425999999,2.101999998,0.760999978,20.52723607005323
2016/7/19 5:30,11.38700008,2.075999975,9.522999763,0.995000005,2.375999928,0.822000027,19.0621951417742
2016/7/19 5:45,11.78800011,2.880000114,8.812999725,1.065999985,2.345000029,0.913999975,21.964073751392448
2016/7/19 6:00,10.7840004,2.545000076,8.777000427,1.065999985,2.253999949,0.913999975,22.917341421475083
2016/7/19 6:15,10.44900036,2.210000038,8.350999832,1.172999978,2.315000057,0.913999975,33.8370018
2016/7/19 6:30,11.5880003,3.48300004,8.635000229,1.207999945,2.315000057,1.004999995,21.960380460328906
2016/7/19 6:45,9.979999542,2.210000038,7.604000092,0.745999992,2.28399992,1.004999995,23.908707243668566
2016/7/19 7:00,8.572999954,2.075999975,6.147999763,0.284000009,2.315000057,1.065999985,22.70064630030211
2016/7/19 7:15,9.175999641,2.009000063,6.183000088,0.071000002,2.772000074,1.156999946,22.884362343245364
2016/7/19 7:30,9.175999641,2.344000101,6.040999889,0.816999972,2.650000095,1.097000003,25.007054337788333
2016/7/19 7:45,7.501999855,1.60800004,4.868000031,0.354999989,2.375999928,1.065999985,31.51499939
2016/7/19 8:00,8.706999779,2.545000076,5.578999996,1.56400001,2.618999958,1.126999974,23.03531595290271
2016/7/19 8:15,9.645000458,3.08100009,6.928999901,1.56400001,2.862999916,1.309999943,17.724138661220344
2016/7/19 8:30,9.109000206,3.348999977,6.787000179,1.70599997,3.107000113,1.309999943,19.619195191019106
2016/7/19 8:45,9.779000282,3.348999977,7.143000126,1.457000017,3.015000105,1.371000051,21.276325355480953
2016/7/19 9:00,9.645000458,2.678999901,6.894000053,0.888000011,2.559000015,1.309999943,21.93724875853333
2016/7/19 9:15,8.975000381,2.746000051,6.218999863,0.782000005,2.650000095,1.156999946,23.18041274526456
2016/7/19 9:30,9.175999641,2.210000038,6.076000214,0.852999985,2.588999987,1.218000054,20.330033152079682
2016/7/19 9:45,9.645000458,2.746000051,6.787000179,1.172999978,2.740999937,1.156999946,23.048519809787148
2016/7/19 10:00,9.645000458,2.477999926,6.751999855,0.782000005,3.107000113,1.036000013,19.106059549250308
2016/7/19 10:15,10.98499966,2.880000114,7.320000172,1.136999965,3.441999912,1.156999946,19.920539461680974
2016/7/19 10:30,10.18099976,2.746000051,7.214000225,1.136999965,3.167999983,0.944000006,32.21900177
2016/7/19 10:45,10.04699993,2.477999926,6.787000179,0.852999985,3.349999905,1.187999964,21.19552083214674
2016/7/19 11:00,9.51099968,2.545000076,6.183000088,0.782000005,3.259000063,1.126999974,22.045841117440993
2016/7/19 11:15,8.706999779,2.210000038,6.218999863,0.782000005,3.075999975,0.944000006,20.031164282859898
2016/7/19 11:30,8.23900032,1.674000025,5.366000175,0.497000009,2.559000015,1.126999974,25.16498712001535
2016/7/19 11:45,7.501999855,1.942000031,5.117000103,0.071000002,2.618999958,1.097000003,21.039704479051853
2016/7/19 12:00,7.703000069,1.807999969,4.903999805,0.354999989,2.253999949,0.852999985,29.26399994
2016/7/19 12:15,7.836999893,1.807999969,5.223999977,0.391000003,2.315000057,0.883000016,20.539678407269967
2016/7/19 12:30,7.836999893,1.875,4.903999805,0.425999999,2.345000029,1.218000054,11.951261687711739
2016/7/19 12:45,7.301000118,1.807999969,5.295000076,0.391000003,2.375999928,0.913999975,21.229260888121992
2016/7/19 13:00,7.903999805,1.741000056,5.223999977,0.425999999,2.223999977,0.852999985,19.635522628691195
2016/7/19 13:15,7.368000031,2.210000038,5.366000175,0.391000003,2.223999977,0.883000016,21.73261268629481
2016/7/19 13:30,7.903999805,1.60800004,5.046000004,0.391000003,1.980000019,0.852999985,20.071053349374097
2016/7/19 13:45,7.836999893,2.075999975,5.223999977,0.213,2.00999999,0.883000016,19.87592700406983
2016/7/19 14:00,7.501999855,1.473999977,5.791999817,0.711000025,2.040999889,0.852999985,21.663503544067034
2016/7/19 14:15,7.568999767,2.009000063,5.295000076,0.958999991,2.131999969,0.913999975,18.930511456239035
2016/7/19 14:30,8.706999779,1.942000031,6.751999855,0.958999991,2.071000099,0.852999985,19.945595762455923
2016/7/19 14:45,9.578000069,2.545000076,6.857999802,1.172999978,2.040999889,0.913999975,32.00799942
2016/7/19 15:00,9.578000069,2.746000051,6.894000053,0.995000005,1.980000019,0.913999975,18.319730202586527
2016/7/19 15:15,8.774000168,1.807999969,6.71600008,0.532999992,2.345000029,1.156999946,21.95899557628132
2016/7/19 15:30,8.907999992,2.880000114,6.502999783,1.136999965,2.28399992,1.097000003,31.65600014
2016/7/19 15:45,8.104999542,2.812999964,5.614999771,0.924000025,2.588999987,1.218000054,22.920344135497274
2016/7/19 16:00,7.903999805,2.075999975,5.507999897,0.852999985,2.740999937,1.279000044,21.199120184922688
2016/7/19 16:15,8.038000107,2.009000063,5.366000175,0.675000012,2.984999895,1.218000054,15.487927323653047
2016/7/19 16:30,8.43900013,2.411000013,5.650000095,0.745999992,2.832999945,1.218000054,22.506400126643914
2016/7/19 16:45,8.305999756,2.075999975,5.543000221,0.497000009,2.984999895,1.126999974,20.98216824739717
2016/7/19 17:00,8.371999741,1.875,5.472000122,0.391000003,2.924000025,1.218000054,18.141741243309575
2016/7/19 17:15,8.572999954,1.875,5.436999798,0.497000009,2.832999945,1.279000044,21.870033890223645
2016/7/19 17:30,8.774000168,1.807999969,5.721000195,0.462000012,2.954999924,1.279000044,19.635714302592387
2016/7/19 17:45,8.43900013,1.807999969,5.436999798,0.319999993,2.894000053,1.248999953,18.28457552993888
2016/7/19 18:00,7.836999893,1.674000025,4.974999905,0.178000003,2.710999966,1.065999985,27.110380771740438
2016/7/19 18:15,7.434999943,1.541000009,4.762000084,0.107000001,2.832999945,1.187999964,21.936746431450764
2016/7/19 18:30,7.368000031,1.406999946,4.690999985,0.071000002,2.772000074,1.248999953,33.62599945
2016/7/19 18:45,7.501999855,1.406999946,4.833000183,0.248999998,2.618999958,1.004999995,23.75451011801279
2016/7/19 19:00,7.636000156,1.541000009,5.081999779,0.213,2.618999958,1.065999985,33.69599915
2016/7/19 19:15,7.836999893,1.406999946,5.010000229,0.035999998,2.894000053,1.065999985,24.199116305087475
2016/7/19 19:30,8.706999779,1.541000009,5.507999897,0.107000001,3.167999983,1.156999946,17.08105822255051
2016/7/19 19:45,9.175999641,1.674000025,5.934000015,0.142000005,3.289999962,1.097000003,24.317751496033896
2016/7/19 20:00,9.645000458,1.541000009,6.361000061,0.462000012,3.319999933,1.065999985,21.662838540436983
2016/7/19 20:15,9.51099968,1.674000025,6.218999863,0.248999998,3.319999933,1.065999985,23.08363383625403
2016/7/19 20:30,9.51099968,1.674000025,6.289999962,0.284000009,3.229000092,1.036000013,22.292697980103657
2016/7/19 20:45,9.175999641,1.807999969,5.934000015,0.0,3.107000113,1.036000013,24.436695628694167
2016/7/19 21:00,9.578000069,1.875,6.183000088,0.284000009,3.015000105,1.036000013,32.71099854
2016/7/19 21:15,9.444000244,1.807999969,5.934000015,0.0,2.894000053,0.913999975,23.669305912384797
2016/7/19 21:30,8.43900013,1.473999977,5.862999916,0.603999972,2.740999937,0.883000016,32.43000031
2016/7/19 21:45,9.175999641,1.942000031,6.538000107,0.603999972,2.588999987,0.852999985,20.922270165790497
2016/7/19 22:00,8.43900013,1.807999969,5.934000015,0.745999992,2.345000029,0.731000006,32.64099884
2016/7/19 22:15,9.979999542,1.674000025,7.106999874,1.065999985,2.28399992,0.731000006,21.02449482078114
2016/7/19 22:30,9.51099968,2.344000101,6.610000134,0.675000012,2.253999949,0.731000006,21.343087228977648
2016/7/19 22:45,8.171999931,2.210000038,5.828000069,0.675000012,2.253999949,0.700999975,22.247946032297566
2016/7/19 23:00,10.64999962,2.411000013,8.065999985,1.279000044,2.163000107,0.700999975,23.938766510129042
2016/7/19 23:15,13.93200016,4.019000053,9.131999969,1.598999977,4.568999767,1.340000033,20.296551050828096
2016/7/19 23:30,13.73099995,3.415999889,8.635000229,1.91900003,4.477000237,1.401000023,22.325541747663458
2016/7/19 23:45,13.59700012,3.88499999,8.350999832,1.669999957,4.598999977,1.279000044,21.57280191187837
2016/7/20 0:00,13.52999973,4.019000053,8.208999634,1.56400001,4.568999767,1.401000023,23.225962317611074
2016/7/20 0:15,13.66399956,3.617000103,8.706000328,1.279000044,4.568999767,1.432000041,21.073653325674574
2016/7/20 0:30,12.6590004,3.282000065,7.853000164,1.101999998,4.477000237,1.309999943,18.896901760337435
2016/7/20 0:45,12.45800018,2.678999901,7.960000038,1.279000044,4.355999947,1.309999943,22.81227735464018
2016/7/20 1:00,13.32900047,3.48300004,8.847999573,1.63499999,4.295000076,1.371000051,19.356694941978525
2016/7/20 1:15,12.05599976,2.880000114,7.747000217,1.136999965,4.295000076,1.340000033,19.4481338886748
2016/7/20 1:30,12.32400036,3.348999977,8.137999535,1.172999978,4.172999859,1.279000044,31.51499939
2016/7/20 1:45,12.25699997,2.880000114,8.244000435,1.207999945,4.172999859,1.309999943,19.127821001164612
2016/7/20 2:00,12.25699997,2.947000027,7.960000038,1.598999977,4.234000206,1.279000044,31.375
2016/7/20 2:15,12.12300014,3.214999914,8.38599968,1.315000057,4.203000069,1.279000044,18.790267891303763
2016/7/20 2:30,12.59200001,3.684000015,8.137999535,1.031000018,4.172999859,1.309999943,22.57256255558974
2016/7/20 2:45,11.11900043,2.947000027,7.249000072,1.172999978,4.172999859,1.309999943,17.89585089374127
2016/7/20 3:00,11.18599987,3.214999914,7.214000225,1.243999958,4.142000198,1.279000044,19.38658655879463
2016/7/20 3:15,10.98499966,3.148000002,6.787000179,1.207999945,4.142000198,1.309999943,20.316588483644782
2016/7/20 3:30,10.11400032,2.075999975,6.254000187,0.639999986,4.203000069,1.279000044,23.756372056031832
2016/7/20 3:45,11.72099972,3.08100009,7.390999794,1.315000057,4.142000198,1.309999943,22.685777035237983
2016/7/20 4:00,11.78800011,1.942000031,7.0,0.816999972,4.203000069,1.309999943,23.27226245396942
2016/7/20 4:15,11.92199993,3.214999914,7.355999947,0.995000005,4.295000076,1.371000051,24.15240728074534
2016/7/20 4:30,11.05200005,2.678999901,6.502999783,0.532999992,4.324999809,1.340000033,31.44499969
2016/7/20 4:45,11.72099972,2.611999989,7.106999874,0.497000009,4.324999809,1.371000051,23.86634427733578
2016/7/20 5:00,12.25699997,2.411000013,7.177999973,0.816999972,4.447000027,1.371000051,21.81872649341741
2016/7/20 5:15,11.98900032,2.344000101,7.461999893,0.782000005,4.598999977,1.309999943,20.743496760021
2016/7/20 5:30,11.45400047,2.812999964,6.857999802,0.107000001,4.782000065,1.401000023,32.64099884
2016/7/20 5:45,13.19499969,3.214999914,7.710999966,0.462000012,4.903999805,1.523000002,21.85608106895512
2016/7/20 6:00,13.12800026,3.415999889,8.031000137,1.065999985,4.903999805,1.491999984,22.837086478402284
2016/7/20 6:15,12.39099979,3.08100009,6.71600008,0.107000001,4.903999805,1.644999981,23.808570443130368
2016/7/20 6:30,11.5880003,2.477999926,6.183000088,0.178000003,4.873000145,1.674999952,20.25292382613598
2016/7/20 6:45,10.98499966,2.344000101,6.43200016,0.107000001,4.903999805,1.735999942,21.499207394348634
2016/7/20 7:00,11.11900043,2.880000114,6.218999863,0.248999998,5.026000023,1.644999981,20.84274036873952
2016/7/20 7:15,11.45400047,3.148000002,6.681000233,0.603999972,5.056000233,1.644999981,20.316815778581315
2016/7/20 7:30,11.65499973,2.746000051,6.71600008,0.924000025,4.994999886,1.674999952,22.151510027969625
2016/7/20 7:45,12.25699997,3.684000015,7.106999874,1.136999965,4.903999805,1.70599997,34.54000092
2016/7/20 8:00,8.038000107,2.142999887,5.791999817,0.995000005,2.618999958,1.097000003,24.419821640573318
2016/7/20 8:15,9.041999817,2.142999887,6.361000061,0.782000005,2.375999928,1.187999964,20.540042948760288
2016/7/20 8:30,8.104999542,2.210000038,5.756999969,0.745999992,2.680000067,1.156999946,20.704569538729444
2016/7/20 8:45,9.109000206,2.411000013,6.218999863,1.279000044,2.710999966,1.156999946,24.139279536190763
2016/7/20 9:00,8.706999779,3.08100009,6.254000187,1.279000044,2.802000046,1.248999953,20.788398255181278
2016/7/20 9:15,8.975000381,2.477999926,6.289999962,0.816999972,2.650000095,1.036000013,24.799914602361746
2016/7/20 9:30,8.774000168,3.08100009,6.395999908,1.421000004,2.832999945,1.309999943,15.830404433446482
2016/7/20 9:45,9.779000282,2.678999901,6.43200016,0.888000011,2.772000074,1.004999995,23.822269101098758
2016/7/20 10:00,10.38199997,2.812999964,7.071000099,1.243999958,2.710999966,1.156999946,17.708363221784847
2016/7/20 10:15,10.31499958,2.545000076,7.320000172,0.782000005,3.381000042,1.156999946,21.21562497983022
2016/7/20 10:30,10.24800014,3.013999939,7.249000072,0.745999992,3.503000021,1.156999946,21.77213253475628
2016/7/20 10:45,10.44900036,2.611999989,7.106999874,0.711000025,3.229000092,1.097000003,23.029887771181592
2016/7/20 11:00,10.18099976,2.880000114,6.894000053,1.136999965,3.503000021,1.097000003,22.121694616744414
2016/7/20 11:15,9.913000107,2.947000027,6.681000233,1.207999945,3.289999962,1.279000044,20.000606344353443
2016/7/20 11:30,8.774000168,1.875,5.899000168,0.816999972,2.924000025,1.065999985,32.85200119
2016/7/20 11:45,7.903999805,1.942000031,6.111999989,0.319999993,2.924000025,1.097000003,20.66011908605712
2016/7/20 12:00,8.038000107,1.942000031,5.650000095,0.391000003,2.528000116,0.944000006,33.20399857
2016/7/20 12:15,8.907999992,2.009000063,5.578999996,0.425999999,2.467000008,0.975000024,23.994241319387978
2016/7/20 12:30,8.43900013,1.541000009,5.650000095,0.319999993,2.618999958,1.036000013,19.55881411836964
2016/7/20 12:45,9.175999641,2.27699995,5.828000069,0.425999999,2.740999937,1.065999985,23.852413126783432
2016/7/20 13:00,8.706999779,2.210000038,5.96999979,0.213,2.802000046,1.065999985,21.970554475194813
2016/7/20 13:15,9.109000206,2.210000038,6.183000088,0.995000005,2.710999966,1.309999943,24.6752656769342
2016/7/20 13:30,9.645000458,1.60800004,6.218999863,0.745999992,2.740999937,1.097000003,22.58272900527816
2016/7/20 13:45,9.376999855,2.477999926,6.573999882,0.816999972,2.710999966,1.065999985,21.95635229221312
2016/7/20 14:00,9.376999855,2.210000038,6.71600008,1.065999985,2.680000067,1.187999964,22.722773992032735
2016/7/20 14:15,9.578000069,2.477999926,6.502999783,0.888000011,2.984999895,1.401000023,18.516131930549488
2016/7/20 14:30,8.706999779,2.009000063,6.076000214,0.497000009,2.802000046,1.248999953,34.8219986
2016/7/20 14:45,8.774000168,2.142999887,6.005000114,0.852999985,2.832999945,1.097000003,35.73600006
2016/7/20 15:00,9.376999855,2.545000076,6.395999908,0.711000025,2.710999966,1.279000044,20.503689934763916
2016/7/20 15:15,8.840999603,2.009000063,6.040999889,0.603999972,2.650000095,1.218000054,22.923725587120575
2016/7/20 15:30,8.706999779,1.807999969,6.005000114,0.213,2.710999966,1.279000044,26.167115309676085
2016/7/20 15:45,8.371999741,2.344000101,5.366000175,0.711000025,2.924000025,1.279000044,17.62338150768778
2016/7/20 16:00,8.505999565,2.075999975,5.791999817,0.675000012,2.650000095,1.279000044,24.51864127502057
2016/7/20 16:15,8.640000343,2.678999901,5.862999916,0.711000025,2.650000095,1.248999953,35.80699921
2016/7/20 16:30,8.371999741,2.075999975,5.721000195,0.675000012,2.710999966,1.218000054,23.56848514010486
2016/7/20 16:45,8.706999779,3.013999939,5.862999916,0.711000025,3.075999975,1.523000002,19.188995911224247
2016/7/20 17:00,8.975000381,2.142999887,5.899000168,0.639999986,2.984999895,1.126999974,23.420100471490507
2016/7/20 17:15,8.774000168,1.741000056,5.543000221,0.319999993,3.015000105,1.340000033,17.94950897239427
2016/7/20 17:30,8.774000168,1.875,5.828000069,0.354999989,2.984999895,1.218000054,19.051383997121217
2016/7/20 17:45,8.640000343,1.674000025,5.472000122,0.213,3.015000105,1.248999953,17.13035807658095
2016/7/20 18:00,9.041999817,1.807999969,5.721000195,0.284000009,2.862999916,1.156999946,22.919445240081433
2016/7/20 18:15,8.640000343,1.807999969,5.721000195,0.319999993,2.954999924,1.126999974,22.24809369744429
2016/7/20 18:30,8.23900032,2.142999887,5.436999798,0.425999999,2.894000053,1.126999974,23.884223607828858
2016/7/20 18:45,9.243000031,2.344000101,5.96999979,0.532999992,2.984999895,1.097000003,23.128875245820787
2016/7/20 19:00,8.505999565,2.210000038,5.578999996,0.497000009,3.046000004,1.065999985,19.814195539310795
2016/7/20 19:15,9.175999641,1.674000025,5.862999916,0.248999998,3.259000063,1.097000003,36.08800125
2016/7/20 19:30,9.779000282,1.807999969,5.96999979,0.462000012,3.563999891,1.126999974,23.314214417871987
2016/7/20 19:45,10.91800022,2.142999887,6.822999954,0.354999989,3.960000038,1.187999964,20.938844393407468
2016/7/20 20:00,11.98900032,2.27699995,7.498000145,0.354999989,4.507999897,1.248999953,19.795937627594125
2016/7/20 20:15,12.59200001,2.210000038,7.994999886,0.354999989,4.598999977,1.279000044,21.172134728834305
2016/7/20 20:30,12.18999958,2.009000063,7.994999886,0.391000003,4.355999947,1.126999974,21.951514853464765
2016/7/20 20:45,12.32400036,2.344000101,7.81799984,0.745999992,4.324999809,1.036000013,23.06389595691894
2016/7/20 21:00,11.98900032,1.875,7.923999786,-0.142000005,4.172999859,1.097000003,35.38499832
2016/7/20 21:15,13.59700012,3.282000065,10.05599976,1.315000057,4.020999908,1.065999985,35.9469986
2016/7/20 21:30,13.59700012,2.812999964,9.772000313,1.172999978,3.806999922,1.036000013,24.19529455123291
2016/7/20 21:45,13.73099995,2.947000027,10.27000046,1.207999945,3.594000101,1.097000003,23.06195000329002
2016/7/20 22:00,15.27099991,4.085999966,11.19400024,2.203000069,3.625,1.036000013,25.911252118527678
2016/7/20 22:15,15.67300034,4.085999966,11.33600044,2.203000069,3.563999891,0.975000024,35.24399948
2016/7/20 22:30,14.93700027,4.421000004,11.40699959,2.523000002,3.411000013,1.004999995,24.58010676323741
2016/7/20 22:45,14.19999981,3.617000103,11.15799999,1.953999996,3.137000084,1.004999995,25.39701069212394
2016/7/20 23:00,14.93700027,4.085999966,10.9090004,2.345000029,3.046000004,1.156999946,27.26523622917135
2016/7/20 23:15,16.20899963,4.68900013,13.36100006,2.664999962,3.075999975,1.036000013,22.10747464058225
2016/7/20 23:30,15.3380003,5.357999802,13.04100037,3.730999947,2.924000025,1.218000054,26.809820198853785
2016/7/20 23:45,16.6779995,5.090000153,14.14299965,3.447000027,2.802000046,1.097000003,23.47728056471311
2016/7/21 0:00,15.20400047,4.622000217,12.04599953,2.700999975,2.802000046,0.975000024,25.110741528905827
2016/7/21 0:15,16.20899963,5.223999977,13.71700001,3.269000053,2.680000067,0.852999985,22.174471407637053
2016/7/21 0:30,15.67300034,4.822999954,13.18299961,3.233999968,2.680000067,0.975000024,21.613555044028164
2016/7/21 0:45,16.1420002,4.421000004,13.60999966,3.197999954,2.528000116,0.913999975,34.32899857
2016/7/21 1:00,16.94599915,5.357999802,14.67599964,4.122000217,2.588999987,0.913999975,22.26656172074168
2016/7/21 1:15,16.20899963,5.492000103,13.71700001,3.588999987,2.467000008,0.944000006,23.4583745718168
2016/7/21 1:30,16.47699928,5.69299984,14.14299965,4.014999866,2.437000036,0.913999975,24.842694606284482
2016/7/21 1:45,15.73999977,5.492000103,13.43200016,3.76699996,2.193000078,0.822000027,23.48590436508097
2016/7/21 2:00,15.20400047,4.889999866,12.79300022,3.163000107,2.163000107,0.883000016,26.401478037761624
2016/7/21 2:15,15.73999977,5.625999928,13.25500011,3.660000086,2.315000057,0.852999985,23.3110235531123
2016/7/21 2:30,15.3380003,5.492000103,13.32600021,3.588999987,2.315000057,0.883000016,26.288359954413227
2016/7/21 2:45,15.00399971,4.085999966,12.29500008,2.664999962,2.223999977,0.852999985,21.946391679709723
2016/7/21 3:00,13.93200016,5.090000153,11.90400028,3.197999954,2.131999969,0.883000016,23.21584731999872
2016/7/21 3:15,13.93200016,4.287000179,11.65499973,2.061000109,2.101999998,0.883000016,23.073065059550267
2016/7/21 3:30,14.19999981,4.554999828,12.18900013,2.842999935,2.071000099,0.822000027,25.89888304624978
2016/7/21 3:45,14.19999981,4.152999878,12.15299988,2.309999943,2.071000099,0.822000027,26.525822351287317
2016/7/21 4:00,13.73099995,4.085999966,11.05099964,2.273999929,2.040999889,0.822000027,25.640762182771432
2016/7/21 4:15,13.73099995,4.019000053,11.33600044,2.630000114,2.193000078,0.913999975,27.402797646225125
2016/7/21 4:30,13.79800034,4.019000053,11.76200008,2.273999929,2.223999977,0.883000016,27.161566894771276
2016/7/21 4:45,13.4630003,4.152999878,11.30000019,2.381000042,2.131999969,0.822000027,25.753139737382842
2016/7/21 5:00,13.52999973,3.148000002,11.37100029,1.669999957,2.193000078,0.822000027,22.71811417343219
2016/7/21 5:15,15.60599995,4.487999916,12.43700027,2.736000061,2.315000057,0.852999985,22.62150981701252
2016/7/21 5:30,14.66899967,3.88499999,12.43700027,2.025000095,2.467000008,0.852999985,20.846997653411762
2016/7/21 5:45,15.13700008,4.152999878,12.26000023,1.953999996,2.528000116,0.852999985,23.727535455844134
2016/7/21 6:00,14.19999981,3.88499999,11.76200008,1.91900003,2.437000036,0.883000016,24.67790320169667
2016/7/21 6:15,12.32400036,2.678999901,9.737000465,1.279000044,2.497999907,0.913999975,24.499660536414748
2016/7/21 6:30,13.66399956,4.152999878,11.15799999,1.84800005,2.559000015,0.975000024,23.520790649422345
2016/7/21 6:45,14.06599998,4.68900013,11.58399963,2.700999975,2.497999907,1.004999995,25.086350953390955
2016/7/21 7:00,13.79800034,4.21999979,11.37100029,1.883000016,2.559000015,1.097000003,24.421079267111512
2016/7/21 7:15,13.06099987,3.818000078,10.73200035,2.167999983,2.772000074,1.218000054,26.44447585199311
2016/7/21 7:30,13.4630003,4.152999878,10.73200035,2.486999989,2.618999958,1.340000033,38.90200043
2016/7/21 7:45,13.06099987,4.487999916,9.913999557,2.273999929,2.984999895,1.218000054,22.85760121274675
2016/7/21 8:00,13.93200016,4.554999828,10.97999954,2.984999895,2.954999924,1.248999953,40.94200134
2016/7/21 8:15,12.99400043,4.487999916,9.451999664,1.883000016,3.381000042,1.371000051,20.38771206839006
2016/7/21 8:30,12.05599976,3.549999952,9.131999969,2.025000095,3.137000084,1.462000012,18.90187529234283
2016/7/21 8:45,12.25699997,4.019000053,9.31000042,2.273999929,2.772000074,1.187999964,23.820699910626843
2016/7/21 9:00,12.92700005,4.554999828,9.593999863,2.167999983,2.772000074,1.279000044,21.854106675520278
2016/7/21 9:15,11.52099991,3.88499999,7.710999966,1.421000004,3.229000092,1.462000012,21.21930917549556
2016/7/21 9:30,10.44900036,2.611999989,7.106999874,0.958999991,3.289999962,1.401000023,18.34811914092948
2016/7/21 9:45,10.51599979,3.415999889,7.639999866,1.63499999,3.259000063,1.218000054,21.09553559234675
2016/7/21 10:00,10.91800022,3.617000103,7.427000046,1.812000036,3.349999905,1.340000033,15.834389836657952
2016/7/21 10:15,11.65499973,3.348999977,8.137999535,1.741000056,3.654999971,1.401000023,19.427027634460284
2016/7/21 10:30,11.78800011,3.08100009,7.994999886,0.958999991,3.71600008,1.156999946,20.106520161389597
2016/7/21 10:45,11.52099991,3.549999952,7.390999794,0.852999985,3.563999891,1.248999953,20.27195299075462
2016/7/21 11:00,11.52099991,3.348999977,8.031000137,1.491999984,3.319999933,1.248999953,18.698042154210153
2016/7/21 11:15,10.71700001,3.148000002,6.857999802,0.958999991,3.259000063,1.218000054,18.790097596076315
2016/7/21 11:30,9.243000031,1.942000031,6.71600008,0.816999972,3.075999975,1.126999974,32.99300003
2016/7/21 11:45,9.31000042,2.27699995,6.502999783,0.603999972,2.710999966,1.004999995,33.13299942
2016/7/21 12:00,9.376999855,2.477999926,5.899000168,0.142000005,2.862999916,1.004999995,33.936238990452736
2016/7/21 12:15,9.645000458,2.477999926,6.147999763,0.391000003,2.832999945,1.004999995,33.86317166086878
2016/7/21 12:30,9.175999641,2.210000038,6.218999863,0.569000006,3.015000105,1.065999985,33.907570674309206
2016/7/21 12:45,10.18099976,2.411000013,7.177999973,0.745999992,3.046000004,1.065999985,33.88684146366462
2016/7/21 13:00,10.04699993,2.411000013,7.106999874,0.639999986,3.015000105,1.036000013,33.87960952310202
2016/7/21 13:15,9.845999718,2.411000013,6.361000061,0.178000003,3.075999975,1.065999985,33.7399182111183
2016/7/21 13:30,9.913000107,1.60800004,6.467000008,0.532999992,2.924000025,0.975000024,33.66665940203561
2016/7/21 13:45,9.243000031,2.009000063,6.822999954,0.852999985,2.862999916,0.975000024,33.70820993937838
2016/7/21 14:00,9.913000107,2.411000013,7.035999775,0.782000005,2.832999945,0.975000024,33.87058178149549
2016/7/21 14:15,8.975000381,2.411000013,6.218999863,0.639999986,2.924000025,0.975000024,34.11856209371046
2016/7/21 14:30,9.376999855,2.27699995,6.005000114,0.462000012,2.772000074,1.156999946,34.04612381654056
2016/7/21 14:45,9.711999893,1.674000025,6.111999989,0.284000009,2.832999945,1.097000003,33.74161919967235
2016/7/21 15:00,8.23900032,1.340000033,5.96999979,0.569000006,2.071000099,0.760999978,32.50557516011728
2016/7/21 15:15,8.907999992,2.075999975,6.289999962,0.639999986,1.91900003,0.852999985,32.482594553464885
2016/7/21 15:30,8.171999931,2.009000063,6.147999763,0.532999992,1.980000019,0.883000016,32.49221705434184
2016/7/21 15:45,8.23900032,2.009000063,5.96999979,0.569000006,2.253999949,1.156999946,34.19289822225108
2016/7/21 16:00,8.23900032,2.075999975,6.111999989,0.675000012,2.131999969,0.944000006,32.48681531756553
2016/7/21 16:15,8.23900032,2.075999975,6.005000114,0.675000012,2.193000078,1.036000013,34.627933491324335
2016/7/21 16:30,8.23900032,1.875,5.828000069,0.958999991,3.046000004,1.248999953,32.42817660915924
2016/7/21 16:45,9.51099968,2.142999887,6.324999809,1.031000018,3.349999905,1.279000044,32.52028387082668
2016/7/21 17:00,9.376999855,2.210000038,6.218999863,0.603999972,3.349999905,1.401000023,33.39122227061186
2016/7/21 17:15,9.376999855,2.27699995,6.040999889,0.532999992,3.319999933,1.401000023,33.29718635715042
2016/7/21 17:30,9.444000244,2.27699995,6.040999889,0.497000009,3.441999912,1.371000051,33.14943689773691
2016/7/21 17:45,9.779000282,2.075999975,6.005000114,0.745999992,3.594000101,1.491999984,33.2010657797546
2016/7/21 18:00,9.444000244,2.880000114,5.934000015,0.391000003,3.441999912,1.371000051,33.11096323123351
2016/7/21 18:15,9.779000282,2.746000051,5.650000095,0.745999992,3.654999971,1.309999943,26.76620055933622
2016/7/21 18:30,8.706999779,2.210000038,5.68599987,0.639999986,3.503000021,1.340000033,22.68748430375765
2016/7/21 18:45,9.041999817,1.741000056,5.828000069,0.248999998,3.289999962,1.218000054,32.97285256511744
2016/7/21 19:00,8.907999992,1.60800004,5.68599987,0.178000003,3.167999983,1.097000003,35.12296146523226
2016/7/21 19:15,9.845999718,1.875,6.183000088,0.248999998,3.654999971,1.218000054,32.97568831286786
2016/7/21 19:30,10.51599979,1.875,6.538000107,0.213,3.928999901,1.156999946,32.93296720903933
2016/7/21 19:45,11.85499954,2.344000101,7.320000172,0.391000003,4.477000237,1.279000044,33.35488048346684
2016/7/21 20:00,12.59200001,2.142999887,7.853000164,0.391000003,4.598999977,1.156999946,33.74183388407294
2016/7/21 20:15,13.52999973,2.411000013,8.527999878,0.639999986,4.934000015,1.218000054,35.66600037
2016/7/21 20:30,13.52999973,2.411000013,8.493000031,0.603999972,4.994999886,1.126999974,34.63613471353044
2016/7/21 20:45,13.32900047,2.344000101,8.31499958,0.532999992,4.994999886,1.218000054,34.148355010429306
2016/7/21 21:00,14.53499985,3.88499999,10.44699955,1.84800005,4.842999935,1.248999953,34.54137038281115
2016/7/21 21:15,15.40499973,4.421000004,10.23400021,2.309999943,4.782000065,1.218000054,34.48943916669442
2016/7/21 21:30,14.33399963,4.487999916,10.16300011,2.131999969,4.630000114,1.156999946,34.418761934249886
2016/7/21 21:45,13.73099995,3.348999977,9.701000214,1.99000001,4.324999809,1.097000003,34.79219571047005
2016/7/21 22:00,14.19999981,3.951999903,10.44699955,2.451999903,4.142000198,1.065999985,35.30800591392234
2016/7/21 22:15,15.3380003,3.88499999,11.08699989,1.91900003,4.172999859,1.309999943,37.4446980570637
2016/7/21 22:30,15.8739996,4.21999979,11.30000019,3.411000013,3.960000038,1.097000003,35.63548319783785
2016/7/21 22:45,15.80700016,4.554999828,11.30000019,3.092000008,3.625,1.036000013,35.618905935752245
2016/7/21 23:00,15.06999969,5.022999763,11.12199974,3.092000008,3.806999922,1.097000003,35.65847861067984
2016/7/21 23:15,18.82099915,5.894000053,12.47299957,3.197999954,6.031000137,1.491999984,37.00842755448216
2016/7/21 23:30,19.15600014,6.96600008,13.32600021,3.696000099,5.84800005,1.613999963,30.64518207594664
2016/7/21 23:45,16.61100006,5.357999802,10.7670002,2.630000114,5.81799984,1.552999973,36.50999832
