PE,AT,V,AP,RH
458.85,14.96,41.76,1024.07,73.17
444.37,25.18,62.96,1020.04,59.08
489.22,5.11,39.4,1012.16,92.14
449.4,20.86,57.32,1010.24,76.64
474.24,10.82,37.5,1009.23,96.62
449.81,26.27,59.44,1012.23,58.77
468.57,15.89,43.96,1014.02,75.24
481.18,9.48,44.71,1019.12,66.43
471.42,14.64,45.0,1021.78,41.25
477.5,11.74,43.56,1015.14,70.72
465.09,17.99,43.72,1008.64,75.04
452.52,20.14,46.93,1014.66,64.22
432.13,24.34,73.5,1011.31,84.15
449.48,25.71,58.59,1012.77,61.83
435.51,26.19,69.34,1009.48,87.59
452.84,21.42,43.79,1015.76,43.08
468.8,18.21,45.0,1022.86,48.84
482.85,11.04,41.74,1022.6,77.51
464.93,14.45,52.75,1023.97,63.59
466.51,13.97,38.47,1015.15,55.28
468.27,17.76,42.42,1009.09,66.26
494.39,5.41,40.07,1019.16,64.77
483.8,7.76,42.28,1008.52,83.31
439.59,27.23,63.9,1014.3,47.19
437.98,27.36,48.6,1003.18,54.93
432.56,27.47,70.72,1009.97,74.62
467.32,14.6,39.31,1011.11,72.52
483.92,7.91,39.96,1023.57,88.44
484.65,5.81,35.79,1012.14,92.28
437.24,30.53,65.18,1012.69,41.85
441.07,23.87,63.94,1019.02,44.28
438.86,26.09,58.41,1013.64,64.58
444.68,29.27,66.85,1011.11,63.25
431.12,27.38,74.16,1010.08,78.61
441.07,24.81,63.94,1018.76,44.51
468.93,12.75,44.03,1007.29,89.46
438.73,24.66,63.73,1011.4,74.52
449.57,16.38,47.45,1010.08,88.86
474.26,13.91,39.35,1014.69,75.51
450.22,23.18,51.3,1012.04,78.64
453.08,22.47,47.45,1007.62,76.65
470.78,13.39,44.85,1017.24,80.44
484.08,9.28,41.54,1018.33,79.89
461.71,11.82,42.86,1014.12,88.28
475.49,10.27,40.64,1020.63,84.6
444.22,22.92,63.94,1019.28,42.69
468.12,16.0,37.87,1020.24,78.41
464.14,21.22,43.43,1010.96,61.07
471.08,13.46,44.71,1014.51,50.0
473.05,9.39,40.11,1029.14,77.29
432.06,31.07,73.5,1010.58,43.66
467.41,12.82,38.62,1018.71,83.8
434.29,32.57,78.92,1011.6,66.47
481.29,8.11,42.18,1014.82,93.09
469.57,13.92,39.39,1012.94,80.52
444.53,23.04,59.43,1010.23,68.99
437.87,27.31,64.44,1014.65,57.27
491.49,5.91,39.33,1010.18,95.53
447.26,25.26,61.08,1013.68,71.72
438.49,27.97,58.84,1002.25,57.88
449.73,26.08,52.3,1007.03,63.34
441.65,29.01,65.71,1013.61,48.07
470.92,12.18,40.1,1016.67,91.87
463.5,13.76,45.87,1008.89,87.27
438.86,25.5,58.79,1016.02,64.4
437.24,28.26,65.34,1014.56,43.4
449.09,21.39,62.96,1019.49,72.24
489.96,7.26,40.69,1020.43,90.22
479.68,10.54,34.03,1018.71,74.0
434.2,27.71,74.34,998.14,71.85
437.91,23.11,68.3,1017.83,86.62
476.15,7.51,41.01,1024.61,97.41
428.8,26.46,74.67,1016.65,84.44
433.53,29.34,74.34,998.58,81.55
477.65,10.32,42.28,1008.82,75.66
445.22,22.74,61.02,1009.56,79.41
475.74,13.48,39.85,1012.71,58.91
439.77,25.52,69.75,1010.36,90.06
450.25,21.58,67.25,1017.39,79.0
432.65,27.66,76.86,1001.31,69.47
434.47,26.96,69.45,1013.89,51.47
474.46,12.29,42.18,1016.53,83.13
466.01,15.86,43.02,1012.18,40.33
470.35,13.87,45.08,1024.42,81.69
441.34,24.09,73.68,1014.93,94.55
442.73,20.45,69.45,1012.53,91.81
464.15,15.07,39.3,1019.0,63.62
432.11,32.72,69.75,1009.6,49.35
454.35,18.23,58.96,1015.55,69.61
435.89,35.56,68.94,1006.56,38.75
449.6,18.36,51.43,1010.57,90.17
433.63,26.35,64.05,1009.81,81.24
439.74,25.92,60.95,1014.62,48.46
485.58,8.01,41.66,1014.49,76.72
463.47,19.63,52.72,1025.09,51.16
443.39,20.02,67.32,1012.05,76.34
481.73,10.08,40.72,1022.7,67.3
432.95,27.23,66.48,1005.23,52.38
443.86,23.37,63.77,1013.42,76.44
447.02,18.74,59.21,1018.3,91.55
470.71,14.81,43.69,1017.19,71.9
450.22,23.1,51.3,1011.93,80.05
473.44,10.72,41.38,1021.6,63.77
426.62,29.46,71.94,1006.96,62.26
475.32,8.1,40.64,1020.66,89.04
439.58,27.29,62.66,1007.63,58.02
454.47,17.1,49.69,1005.53,81.82
468.07,11.49,44.2,1018.79,91.14
440.16,23.69,65.59,1010.85,88.92
471.99,13.51,40.89,1011.03,84.83
484.34,9.64,39.35,1015.1,91.76
435.38,25.65,78.92,1010.83,86.56
441.15,21.59,61.87,1011.18,57.21
437.76,27.98,58.33,1013.92,54.25
457.26,18.8,39.72,1001.24,63.8
463.05,18.28,44.71,1016.99,33.71
464.33,13.55,43.48,1016.08,67.25
441.83,22.99,46.21,1010.71,60.11
439.55,23.94,59.39,1014.32,74.55
470.2,13.74,34.03,1018.69,67.34
451.95,21.3,41.1,1001.86,42.75
444.1,27.54,66.93,1017.06,55.2
433.63,24.81,63.73,1009.34,83.61
482.22,4.97,42.85,1014.02,88.78
460.56,15.22,50.88,1014.19,100.12
450.76,23.88,54.2,1012.81,64.52
430.35,33.01,68.67,1005.2,51.41
437.27,25.98,73.18,1012.28,85.78
431.97,28.18,73.88,1005.89,75.41
442.33,21.67,60.84,1017.93,81.63
466.63,17.67,45.09,1014.26,51.92
450.96,21.37,57.76,1018.8,70.12
432.21,28.69,67.25,1017.71,53.83
468.57,16.61,43.77,1012.25,77.23
435.35,27.91,63.76,1010.27,65.67
452.94,20.97,47.43,1007.64,71.18
474.46,10.8,41.66,1013.79,81.96
449.61,20.61,62.91,1013.24,79.54
441.43,25.45,57.32,1011.7,47.09
438.71,30.16,69.34,1007.67,57.69
484.31,4.99,39.04,1020.45,78.89
478.71,10.51,44.78,1012.59,85.29
433.7,33.79,69.05,1001.62,40.13
449.11,21.34,59.8,1016.92,77.06
446.3,23.4,65.06,1014.32,67.38
428.37,32.21,68.14,1003.34,62.44
465.0,14.26,42.32,1016.0,77.43
433.26,27.71,66.93,1016.85,58.77
452.27,21.95,57.76,1018.02,67.72
444.22,25.76,63.94,1018.49,42.14
437.93,23.68,68.3,1017.93,84.16
480.15,8.28,40.77,1011.55,89.79
449.34,23.44,62.52,1016.46,67.21
440.92,25.32,48.41,1008.47,72.14
490.68,3.94,39.9,1008.06,97.49
447.16,17.3,57.76,1016.26,87.74
459.38,18.2,49.39,1018.83,96.3
448.52,21.43,46.97,1013.94,61.25
479.11,11.16,40.05,1014.95,88.38
431.77,30.38,74.16,1007.44,74.77
450.31,23.36,62.52,1016.18,68.18
453.08,21.69,47.45,1007.56,77.2
447.09,23.62,49.21,1014.1,49.54
444.65,21.87,61.45,1011.13,92.22
441.7,29.25,66.51,1015.53,33.65
454.84,20.03,66.86,1013.05,64.59
451.44,18.14,49.78,1002.95,100.09
447.15,24.23,56.89,1012.32,68.04
459.06,18.11,44.85,1014.48,48.94
480.47,6.57,43.65,1018.24,74.47
473.93,12.56,43.41,1016.93,81.02
474.46,13.4,41.58,1020.5,71.17
430.27,27.1,52.84,1006.28,53.85
465.92,14.28,42.74,1028.79,70.67
468.8,16.29,44.34,1019.49,59.36
438.71,31.24,71.98,1004.66,57.17
476.22,10.57,37.73,1024.36,70.29
465.31,13.8,44.21,1022.93,83.37
433.76,25.3,71.58,1010.18,87.36
449.74,18.06,50.16,1009.52,100.09
447.15,25.42,59.04,1011.98,68.78
470.41,15.07,40.69,1015.29,70.98
458.07,11.75,71.14,1019.36,75.68
449.01,20.23,52.05,1012.15,47.49
438.5,27.31,59.54,1006.24,71.99
434.48,28.57,69.84,1003.57,66.55
465.09,17.9,43.72,1008.64,74.73
434.48,23.83,71.37,1002.04,64.78
431.97,27.92,74.99,1005.47,75.13
457.74,17.34,44.78,1007.81,56.38
440.64,17.94,63.07,1012.42,94.35
479.91,6.4,39.9,1007.75,86.55
481.51,11.78,39.96,1011.37,82.95
451.95,20.28,57.25,1010.12,88.42
448.1,21.04,54.2,1012.26,85.61
439.45,25.11,67.32,1014.49,58.39
435.66,30.28,70.98,1007.51,74.28
482.46,8.14,36.24,1013.15,87.85
465.16,16.86,39.63,1004.47,83.5
494.39,6.25,40.07,1020.19,65.24
453.86,22.35,54.42,1012.46,75.01
448.71,17.98,56.85,1012.28,84.52
469.76,21.19,42.48,1013.43,80.52
459.47,20.94,44.89,1009.64,75.14
448.32,24.23,58.79,1009.8,75.75
452.85,19.18,58.2,1017.46,76.72
451.74,20.88,57.85,1012.39,85.47
441.73,23.67,63.86,1019.67,57.95
469.52,14.12,39.52,1018.41,78.32
446.04,25.23,64.63,1020.59,52.2
484.09,6.54,39.33,1011.54,93.69
449.93,20.08,62.52,1017.99,75.74
446.3,24.67,63.56,1013.75,67.56
432.98,27.82,79.74,1008.37,69.46
463.06,15.55,42.03,1017.41,74.58
436.24,24.26,69.51,1013.43,53.23
464.12,13.45,41.49,1020.19,88.72
468.27,11.06,40.64,1021.47,96.16
443.45,24.91,52.3,1008.72,68.26
445.67,22.39,59.04,1011.78,86.39
467.42,11.95,40.69,1015.62,85.34
474.79,14.85,40.69,1014.91,72.64
462.87,10.11,41.62,1017.17,97.82
435.38,23.67,68.67,1006.71,77.22
465.61,16.14,44.21,1020.36,80.59
471.08,15.11,43.13,1014.99,46.91
441.94,24.14,59.87,1018.47,57.76
434.01,30.08,67.25,1017.6,53.09
465.23,14.77,44.9,1020.5,84.31
436.37,27.6,69.34,1009.63,71.58
472.59,13.89,44.84,1023.66,92.97
436.89,26.85,75.6,1017.43,74.55
462.3,12.41,40.96,1023.36,78.96
473.44,13.08,41.74,1020.75,64.44
471.36,18.93,44.06,1017.58,68.23
452.94,20.5,49.69,1009.6,70.81
438.47,30.72,69.13,1009.94,61.66
485.58,7.55,39.22,1014.53,77.76
467.15,13.49,44.47,1030.46,69.49
467.1,15.62,40.12,1013.03,96.26
447.82,24.8,64.63,1020.69,55.74
463.16,10.03,41.62,1014.55,95.61
447.98,22.43,63.21,1012.06,84.75
462.72,14.95,39.31,1009.15,75.3
442.86,24.78,58.46,1016.82,67.5
444.69,23.2,48.41,1008.64,80.92
469.52,14.01,39.0,1016.73,79.23
452.86,19.4,64.63,1020.38,81.1
441.7,30.15,67.32,1013.83,32.8
483.58,6.91,36.08,1021.82,84.31
439.74,29.04,60.07,1015.42,46.15
444.39,26.02,63.07,1010.94,53.96
484.12,5.89,39.48,1005.11,59.83
430.81,26.52,71.64,1008.27,75.3
436.7,28.53,68.08,1013.27,42.53
461.73,16.59,39.54,1007.97,70.58
443.44,22.95,67.79,1009.89,91.69
447.02,23.96,47.43,1008.38,63.55
465.89,17.48,44.2,1018.89,61.51
480.47,6.69,43.65,1020.14,69.55
475.96,10.25,41.26,1007.44,98.08
428.39,28.87,72.58,1008.69,79.34
472.22,12.04,40.23,1018.07,81.28
446.87,22.58,52.3,1009.04,78.99
464.78,15.12,52.05,1014.63,80.38
443.26,25.48,58.95,1017.02,51.16
433.44,27.87,70.79,1003.96,72.17
438.5,23.72,70.47,1010.65,75.39
435.87,25.0,59.43,1007.84,68.91
476.29,8.42,40.64,1022.35,96.38
445.68,22.46,58.49,1011.5,70.54
438.71,29.92,57.19,1008.62,45.8
474.4,11.68,39.22,1017.9,57.95
445.98,14.04,42.44,1012.74,81.89
454.35,19.86,59.14,1016.12,69.32
439.45,25.99,68.08,1013.13,59.14
445.57,23.42,58.79,1009.74,81.54
484.04,10.6,40.22,1011.37,85.81
444.28,20.97,61.87,1011.45,65.41
445.98,14.14,39.82,1012.46,81.15
471.58,8.56,40.71,1021.27,95.87
432.52,24.86,72.39,1001.15,90.24
430.55,29.0,77.54,1011.33,75.13
437.33,27.59,71.97,1008.64,88.22
474.46,10.45,40.71,1015.68,81.48
471.11,8.51,40.78,1023.51,89.84
441.56,29.82,66.51,1010.98,43.57
450.26,22.56,62.26,1012.11,63.16
474.4,11.38,39.22,1018.62,57.14
449.91,20.25,57.76,1016.28,77.76
440.75,22.42,59.43,1007.12,90.56
467.42,14.85,38.91,1014.48,60.98
441.0,25.62,58.82,1010.02,70.31
456.03,19.85,56.53,1020.57,74.05
463.93,13.67,54.3,1015.92,75.42
442.04,24.39,70.72,1009.78,82.25
471.36,16.07,44.58,1019.52,67.95
460.7,11.6,39.1,1009.81,100.09
432.11,31.38,70.83,1010.35,47.28
434.2,29.91,76.86,998.59,72.41
453.83,19.67,59.39,1014.07,77.67
437.57,27.18,64.79,1016.27,63.7
446.87,21.39,52.3,1009.2,79.77
467.81,10.45,41.01,1020.57,93.84
451.74,19.46,56.89,1014.02,84.95
450.07,23.55,62.96,1020.16,70.16
437.87,23.35,63.47,1011.78,84.24
489.1,9.26,41.66,1016.87,73.32
475.74,10.3,41.46,1018.21,86.17
455.16,20.94,58.16,1016.88,65.43
435.66,23.13,71.25,1002.49,94.59
477.3,12.77,41.5,1014.13,86.8
432.18,28.29,69.13,1009.29,58.18
448.39,19.13,59.21,1018.32,89.66
437.27,24.44,73.5,1011.49,87.39
460.21,20.32,44.6,1015.16,36.35
442.86,20.54,69.05,1001.6,79.62
471.58,12.16,45.0,1021.51,50.52
440.0,28.09,65.27,1013.27,51.96
478.81,9.25,41.82,1033.25,74.73
455.28,21.75,49.82,1015.01,78.33
439.01,23.7,66.56,1002.07,85.19
463.09,16.22,37.87,1022.36,83.13
436.51,24.75,69.45,1013.97,53.49
474.61,10.48,39.58,1011.81,88.86
426.85,29.53,70.79,1003.7,60.89
467.77,12.59,39.72,1017.76,61.14
447.57,23.5,54.42,1012.31,68.29
432.97,29.01,66.56,1006.44,57.62
478.73,9.75,42.49,1010.57,83.63
454.14,19.55,56.53,1020.2,78.1
448.93,21.05,58.33,1013.14,66.34
443.24,24.72,68.67,1006.74,79.02
448.93,21.19,58.86,1014.19,68.96
478.74,10.77,41.54,1019.94,71.13
427.65,28.68,73.77,1004.72,87.01
431.8,29.87,73.91,1004.53,74.3
435.38,22.99,68.67,1006.65,77.62
442.36,24.66,60.29,1018.0,59.56
431.99,32.63,69.89,1013.85,41.66
430.58,31.38,72.29,1008.73,73.27
443.13,23.87,60.27,1018.94,77.16
438.86,25.6,59.15,1013.31,67.02
429.08,27.62,71.14,1011.6,52.8
437.25,30.1,67.45,1014.23,39.04
477.89,12.19,41.17,1019.43,65.47
472.95,13.11,41.58,1020.43,74.32
428.67,28.29,68.67,1005.46,69.22
462.6,13.45,40.73,1018.7,93.88
476.89,10.98,41.54,1019.94,69.83
435.76,26.48,69.14,1009.31,84.11
470.78,13.07,45.51,1015.22,78.65
439.68,25.56,75.6,1017.37,69.31
442.9,22.68,50.78,1008.83,70.3
428.85,28.86,73.67,1006.65,68.23
445.0,22.7,63.56,1014.32,71.76
430.87,27.89,73.21,1001.32,85.88
466.56,13.78,44.47,1027.94,71.09
442.12,28.14,51.43,1012.16,52.67
469.49,11.8,45.09,1013.21,89.68
478.96,10.71,39.61,1018.72,73.66
442.36,24.54,60.29,1017.42,58.94
479.11,11.54,40.05,1014.78,87.05
431.5,29.47,71.32,1008.07,67.0
433.7,29.24,69.05,1003.12,43.18
459.14,14.51,41.79,1009.72,80.62
446.19,22.91,60.07,1016.03,59.72
441.86,27.02,71.77,1006.38,72.1
467.15,13.49,44.47,1030.18,69.15
435.02,30.24,66.75,1017.95,55.66
441.2,23.19,48.6,1002.38,61.19
465.7,17.73,40.55,1003.36,74.62
454.72,18.62,61.27,1019.26,73.35
471.56,12.85,40.0,1015.89,68.85
429.83,32.33,69.68,1011.95,39.89
443.26,25.09,58.95,1016.99,53.16
430.75,29.45,69.13,1009.3,52.97
465.96,16.91,43.96,1013.32,79.87
462.67,14.09,45.87,1009.05,84.09
470.96,10.73,25.36,1009.35,100.15
439.83,23.2,49.3,1003.4,79.77
482.17,8.21,38.91,1015.82,88.99
484.96,9.3,40.56,1022.64,76.14
463.83,16.97,39.16,1005.7,69.13
443.09,23.69,71.97,1009.62,93.03
439.84,25.13,59.44,1012.38,77.92
489.1,9.86,43.56,1015.13,74.89
477.3,11.33,41.5,1013.58,88.7
441.21,26.95,48.41,1008.53,62.94
457.53,15.0,40.66,1016.28,89.62
445.9,20.76,62.52,1015.63,81.04
464.63,14.29,39.59,1010.93,94.53
450.57,19.74,67.71,1007.68,64.02
444.85,26.68,59.92,1009.94,70.57
471.48,14.24,41.4,1019.7,70.32
447.32,21.98,48.41,1008.42,84.86
445.39,22.75,59.39,1015.4,81.41
483.92,8.34,40.96,1023.28,89.45
474.46,11.8,41.2,1017.18,82.71
479.62,8.81,44.68,1023.06,93.93
434.92,30.05,73.68,1014.95,70.6
452.42,16.01,65.46,1014.0,87.68
442.53,21.75,58.79,1012.42,87.58
460.01,13.94,41.26,1021.67,74.4
435.27,29.25,69.13,1010.27,67.35
447.02,22.33,45.87,1007.8,63.61
454.72,16.43,41.79,1005.47,76.89
455.52,11.5,40.22,1010.31,78.08
439.08,23.53,68.94,1007.53,69.17
451.92,21.86,49.21,1014.61,53.31
484.09,6.17,39.33,1012.57,93.32
437.24,30.19,64.79,1017.22,42.47
479.32,11.67,41.93,1019.81,82.58
471.69,15.34,36.99,1007.87,94.59
469.97,11.5,40.78,1023.91,86.31
446.01,25.53,57.17,1010.0,72.57
449.13,21.27,57.5,1014.53,80.76
436.37,28.37,69.13,1010.44,71.93
447.09,28.39,51.43,1011.74,47.54
472.59,13.78,45.78,1025.27,95.72
465.0,14.6,42.32,1015.71,77.03
477.62,5.1,35.57,1027.17,80.49
487.18,7.0,38.08,1020.27,77.67
434.09,26.3,77.95,1009.45,78.72
425.68,30.56,71.98,1004.74,58.77
448.66,21.09,46.63,1013.03,74.8
442.47,28.21,70.02,1010.58,51.34
464.72,15.84,49.69,1015.14,90.41
471.11,10.03,40.96,1024.57,91.1
448.52,20.37,52.05,1012.34,62.57
447.32,21.19,50.16,1005.81,84.27
434.98,33.73,69.88,1007.21,42.93
433.32,29.87,73.68,1015.1,40.96
453.09,19.62,62.96,1020.76,76.53
471.92,9.93,40.67,1018.08,69.74
472.02,9.43,37.14,1013.03,74.99
470.8,14.24,39.58,1011.17,70.45
467.1,12.97,49.83,1008.69,91.49
475.32,7.6,41.04,1021.82,88.97
482.46,8.39,36.24,1013.39,89.13
450.86,25.41,48.06,1013.12,46.52
455.49,18.43,56.03,1020.41,60.55
479.91,10.31,39.82,1012.87,88.71
455.71,11.29,41.5,1013.39,89.15
441.8,22.61,49.3,1003.51,83.02
431.8,29.34,71.98,1005.19,75.19
444.9,18.87,67.71,1004.0,87.35
464.88,13.21,45.87,1008.58,85.66
468.07,11.3,44.6,1018.19,91.66
434.45,29.23,72.99,1007.04,63.47
433.44,27.76,69.4,1004.27,72.25
432.26,29.26,67.17,1006.6,70.58
455.31,25.72,49.82,1016.19,60.1
440.16,23.43,63.94,1010.64,89.29
439.56,25.6,63.76,1010.18,67.43
453.09,22.3,44.57,1008.48,67.58
435.93,27.91,72.24,1010.74,70.8
434.29,30.35,77.17,1009.55,63.62
449.08,21.78,47.43,1007.88,66.68
485.66,7.19,41.39,1018.12,90.76
451.13,20.88,59.8,1015.66,75.34
455.31,24.19,50.23,1015.73,59.77
479.32,9.98,41.54,1019.7,80.79
451.11,23.47,51.3,1011.89,74.1
447.67,26.35,49.5,1012.67,41.34
440.23,29.89,64.69,1006.37,58.78
450.21,19.29,50.16,1010.49,97.78
463.06,17.48,43.14,1018.68,74.85
439.68,25.21,75.6,1017.19,69.84
451.0,23.3,48.78,1018.17,75.36
467.71,15.42,37.85,1009.89,85.8
441.19,21.44,63.09,1016.56,90.11
445.04,29.45,68.27,1007.96,61.63
438.02,29.69,47.93,1002.85,44.76
465.64,15.52,36.99,1006.86,89.7
464.62,11.47,43.67,1012.68,72.51
479.43,9.77,34.69,1027.72,74.98
443.24,22.6,69.84,1006.37,79.59
476.81,8.24,39.61,1017.99,78.42
465.89,17.01,44.2,1019.18,61.23
459.06,19.64,44.6,1015.88,47.56
467.81,10.61,41.58,1021.08,93.06
479.11,12.04,40.1,1014.42,89.65
438.24,29.19,65.71,1013.85,50.5
452.84,21.75,45.09,1014.15,44.84
435.38,23.66,77.54,1008.5,85.32
433.57,27.05,75.33,1003.88,82.94
435.27,29.63,69.71,1009.04,67.26
454.72,18.2,39.63,1005.35,79.05
438.47,32.22,70.8,1009.9,62.03
431.47,26.88,73.56,1004.85,94.36
437.87,29.05,65.74,1013.29,60.02
474.49,8.9,39.96,1026.31,95.46
458.18,18.93,48.6,1005.72,84.92
442.91,27.49,63.76,1010.09,62.8
442.07,23.1,70.79,1006.53,90.81
473.93,11.22,43.13,1017.24,80.9
435.99,31.97,79.74,1007.03,55.84
455.52,13.32,43.22,1009.45,75.3
427.22,31.68,68.24,1005.29,37.34
449.03,23.69,63.77,1013.39,79.5
464.12,13.83,41.49,1020.11,87.29
454.85,18.32,66.51,1015.18,81.5
479.59,11.05,40.71,1024.91,76.42
447.46,22.03,64.69,1007.21,75.75
481.38,10.23,41.46,1020.45,84.95
442.69,23.92,66.54,1009.93,62.37
431.12,29.38,69.68,1011.35,49.25
465.16,17.35,42.86,1014.62,74.16
478.82,9.81,44.45,1021.19,90.55
485.43,4.97,40.64,1020.91,94.28
482.96,5.15,40.07,1012.27,63.31
450.95,21.54,58.49,1010.85,78.9
480.53,7.94,42.02,1006.22,90.97
455.5,18.77,50.66,1014.89,87.34
434.45,21.69,69.94,1010.7,80.8
478.82,10.07,44.68,1023.44,90.95
470.8,13.83,39.64,1012.52,69.97
472.54,10.45,39.69,1003.92,89.45
468.09,11.56,40.71,1015.85,76.08
436.28,23.64,70.04,1011.09,83.35
472.54,10.48,40.22,1004.81,92.16
475.74,13.09,39.85,1012.86,58.42
480.83,10.67,40.23,1017.75,85.06
475.59,12.57,39.16,1016.53,88.91
462.16,14.45,43.34,1015.47,83.33
467.71,14.22,37.85,1011.24,88.49
480.68,6.97,41.26,1010.6,96.88
447.26,20.61,63.86,1015.43,73.86
456.83,14.67,42.28,1007.21,65.17
436.12,29.06,72.86,1004.23,69.41
469.57,14.38,40.1,1015.51,81.23
438.68,32.51,69.98,1013.29,54.07
469.49,11.79,45.09,1013.16,89.17
480.54,8.65,40.56,1023.23,78.85
473.94,9.75,40.81,1026.0,84.44
473.94,9.11,40.02,1031.1,83.02
439.77,23.39,69.13,1010.99,90.66
463.93,14.3,54.3,1015.16,75.29
452.86,17.49,63.94,1020.02,82.6
439.72,31.1,69.51,1010.84,45.4
454.29,19.77,56.65,1020.67,66.33
434.22,28.61,72.29,1011.61,45.33
473.17,13.52,41.48,1014.46,67.12
471.99,13.52,40.83,1008.31,84.14
459.39,17.57,46.21,1014.09,80.81
439.74,28.18,60.07,1016.34,49.13
457.45,14.29,46.18,1017.01,87.29
468.8,18.12,43.69,1016.91,52.95
430.64,31.27,73.91,1003.72,68.92
438.01,26.24,77.95,1014.19,85.21
475.32,7.44,41.04,1021.84,88.56
434.2,29.78,74.78,1009.28,55.09
441.07,23.37,65.46,1016.25,48.64
479.91,10.62,39.58,1011.9,87.85
480.74,5.84,43.02,1013.88,87.42
465.24,14.51,53.82,1016.46,62.75
472.63,11.31,42.02,1001.18,94.86
475.96,11.25,40.67,1011.64,63.54
475.59,9.18,39.42,1025.41,69.46
442.67,19.82,58.16,1016.76,74.66
445.39,24.77,58.41,1013.78,80.57
484.97,9.66,41.06,1021.21,84.7
445.76,21.96,59.8,1016.72,72.6
457.74,18.59,43.14,1011.92,52.63
443.77,24.75,69.89,1015.29,82.01
438.73,24.37,63.47,1012.77,75.22
431.25,29.6,67.79,1010.37,51.05
445.64,25.32,61.25,1011.56,80.1
459.15,16.15,41.85,1016.54,81.58
447.64,15.74,71.14,1019.65,65.94
487.03,5.97,36.25,1029.65,86.74
464.93,15.84,52.72,1026.45,62.57
468.8,14.84,44.63,1019.28,57.37
469.52,12.25,48.79,1017.44,88.91
434.67,27.38,70.04,1011.18,72.26
477.27,8.76,41.48,1018.49,74.98
470.8,15.54,39.31,1009.69,71.19
465.28,18.71,39.39,1014.09,62.82
475.74,13.06,41.78,1012.3,55.31
478.99,12.72,40.71,1016.02,71.57
465.28,19.83,39.39,1013.73,59.16
438.02,27.23,49.16,1004.03,40.8
445.23,24.27,68.28,1005.43,67.63
466.42,11.8,40.66,1017.13,97.2
484.36,6.76,36.25,1028.31,91.16
445.26,25.99,63.07,1012.5,64.81
465.64,16.3,39.63,1004.64,85.61
459.38,16.5,49.39,1018.35,93.42
455.52,10.59,42.49,1009.59,77.36
445.26,26.05,65.59,1012.78,67.03
465.64,19.5,40.79,1003.8,89.45
451.92,22.21,45.01,1012.22,54.84
468.8,17.86,45.0,1023.25,53.48
439.05,29.96,70.04,1010.15,54.47
471.42,19.08,44.63,1020.14,43.36
447.36,23.59,47.43,1006.64,48.92
489.1,3.38,39.64,1011.0,81.22
439.11,26.39,66.49,1012.96,60.35
484.96,8.99,39.04,1021.99,75.98
489.66,10.91,41.04,1026.57,74.24
471.99,13.08,39.82,1012.27,85.21
442.86,23.95,58.46,1017.5,68.46
463.6,15.64,43.71,1024.51,78.31
450.48,18.78,54.2,1012.05,89.25
456.64,20.65,50.59,1016.22,68.57
482.39,4.96,40.07,1011.8,67.38
444.58,23.51,57.32,1012.55,53.6
484.65,5.99,35.79,1011.56,91.69
439.03,23.65,66.05,1019.6,78.21
491.49,5.17,39.33,1009.68,94.19
454.06,26.38,49.5,1012.82,37.19
480.74,6.02,43.65,1013.85,83.53
445.57,23.2,61.02,1009.63,79.45
471.07,8.57,39.69,1000.91,99.9
432.11,30.72,71.58,1009.98,50.39
452.6,21.52,50.66,1013.56,74.33
437.87,22.93,62.26,1011.25,83.66
480.53,5.71,41.31,1003.24,89.48
472.33,18.62,44.06,1017.76,64.59
435.04,27.88,68.94,1007.68,75.68
452.65,22.32,59.8,1016.82,64.18
465.92,14.55,42.74,1028.41,70.09
458.42,17.83,44.92,1025.04,70.58
473.78,9.68,39.96,1026.09,99.28
460.01,19.41,49.39,1020.84,81.89
467.22,13.22,44.92,1023.84,87.99
467.22,12.24,44.92,1023.74,88.21
443.76,19.21,58.49,1011.7,91.29
430.75,29.74,70.32,1008.1,52.72
444.13,23.28,60.84,1017.91,67.5
480.99,8.02,41.92,1029.8,92.05
444.99,22.47,48.6,1002.33,63.23
431.19,27.51,73.77,1002.42,90.88
459.47,17.51,44.9,1009.05,74.91
439.01,23.22,66.56,1002.47,85.39
468.27,11.73,40.64,1020.68,96.98
440.22,21.19,67.71,1006.65,56.28
494.87,5.48,40.07,1019.63,65.62
436.51,24.26,66.44,1011.33,55.32
455.71,12.32,41.62,1012.88,88.88
427.22,31.26,68.94,1005.94,39.49
433.84,32.09,72.86,1003.47,54.59
444.16,24.98,60.32,1015.63,57.19
452.85,27.48,61.41,1012.2,45.06
463.48,21.04,45.09,1014.19,40.62
431.96,27.75,70.4,1006.65,90.21
435.66,22.79,71.77,1005.75,90.91
443.39,24.22,68.51,1013.23,74.96
441.74,27.06,64.45,1008.72,54.21
427.49,29.25,71.94,1007.18,63.62
439.72,26.86,68.08,1012.99,50.04
431.25,29.64,67.79,1009.99,51.23
443.54,19.92,63.31,1015.02,82.71
449.6,18.5,51.43,1010.82,92.04
440.75,23.71,60.23,1009.76,90.67
467.22,14.39,44.84,1023.55,91.14
437.14,19.3,56.65,1020.55,70.43
446.74,24.65,52.36,1014.76,66.63
474.26,13.5,45.51,1015.33,86.95
475.96,9.82,41.26,1007.71,96.69
470.71,18.4,44.06,1017.36,70.88
444.76,28.12,44.89,1009.18,47.14
465.89,17.15,43.69,1017.05,63.36
432.05,30.69,73.67,1006.14,60.58
436.26,28.82,65.71,1014.24,54.3
462.65,21.3,48.92,1010.92,65.09
443.27,30.58,70.04,1010.4,48.16
446.87,21.17,52.3,1009.36,81.51
475.75,9.87,41.82,1033.04,68.57
445.76,22.18,59.8,1016.77,73.16
449.03,24.39,63.21,1012.59,80.88
467.02,10.73,44.92,1025.1,85.4
480.05,9.38,40.46,1019.29,75.77
449.11,20.27,57.76,1016.66,75.76
433.62,24.82,66.48,1006.4,70.21
457.74,16.55,41.66,1011.45,55.53
443.93,20.73,59.87,1019.08,80.48
487.19,9.51,39.22,1015.3,72.41
482.52,8.63,43.79,1016.08,83.25
489.1,6.48,40.27,1010.55,82.12
468.09,14.95,43.52,1022.43,94.75
482.0,5.76,45.87,1010.83,95.79
475.49,10.94,39.04,1021.81,86.02
454.72,15.87,41.16,1005.85,78.29
469.56,12.42,38.25,1012.76,82.23
438.49,29.12,58.84,1001.31,52.86
439.77,29.12,51.43,1005.93,60.66
457.26,19.08,41.1,1001.96,62.77
430.11,31.06,67.17,1007.62,65.54
491.49,5.72,39.33,1009.96,95.4
440.92,26.52,65.06,1013.4,51.78
456.83,13.84,44.9,1007.58,63.62
474.46,13.03,39.52,1016.68,83.09
434.67,25.94,66.49,1012.83,61.81
463.75,16.64,53.82,1015.13,68.24
470.41,14.13,40.75,1016.05,72.41
471.23,13.65,39.28,1012.97,79.64
464.31,14.5,44.47,1028.2,66.95
449.6,19.8,51.19,1008.25,91.98
439.56,25.2,63.76,1009.78,64.96
446.33,20.66,51.19,1008.81,88.93
467.02,12.07,43.71,1025.53,85.62
435.76,25.64,70.72,1010.16,84.0
438.21,23.33,72.99,1009.33,89.41
434.99,29.41,64.05,1009.82,67.4
463.93,16.6,53.16,1014.5,76.75
428.93,27.53,72.58,1009.13,89.06
445.07,20.62,43.43,1009.93,64.02
432.83,26.02,71.94,1009.38,64.12
471.42,12.75,44.2,1017.59,81.22
464.14,12.87,48.04,1012.47,100.13
443.48,25.77,62.96,1019.86,58.07
468.76,14.84,41.48,1017.26,63.42
493.16,7.41,40.71,1023.07,83.32
478.81,8.87,41.82,1033.3,74.28
478.74,9.69,40.46,1019.1,71.91
454.43,16.17,46.97,1014.22,85.8
455.31,26.24,49.82,1014.9,55.58
463.99,13.78,43.22,1011.31,69.7
432.89,26.3,67.07,1006.26,63.79
447.16,17.37,57.76,1016.0,86.59
451.74,23.6,48.98,1015.41,48.28
483.58,8.3,36.08,1020.63,80.42
467.96,18.86,42.18,1001.16,98.58
451.0,22.12,49.39,1019.8,72.83
439.25,28.41,75.6,1018.48,56.07
431.93,29.42,71.32,1002.26,67.13
444.9,18.61,67.71,1004.07,84.49
428.67,27.57,69.84,1004.91,68.37
477.3,12.83,41.5,1013.12,86.07
481.51,9.64,39.85,1012.9,83.82
452.64,19.13,58.66,1013.32,74.86
470.22,15.92,40.56,1020.79,53.52
435.48,24.64,72.24,1011.37,80.61
450.94,27.62,63.9,1013.11,43.56
482.46,8.9,36.24,1013.29,89.35
474.17,9.55,43.99,1020.5,97.28
473.88,10.57,36.71,1022.62,80.49
451.95,19.8,57.25,1010.84,88.9
444.58,25.63,56.85,1012.68,49.7
449.98,24.7,58.46,1015.58,68.64
463.6,15.26,46.18,1013.68,98.58
448.24,20.06,52.84,1004.21,82.12
447.92,19.84,56.89,1013.23,78.32
469.02,11.49,44.63,1020.44,86.04
443.09,23.74,72.43,1007.99,91.36
450.22,22.62,51.3,1012.36,81.02
431.52,29.53,72.39,998.47,76.05
451.08,21.32,48.14,1016.57,71.81
445.41,20.3,58.46,1015.93,82.13
458.42,16.97,44.92,1025.21,74.27
474.58,12.07,41.17,1013.54,71.32
478.81,7.46,41.82,1032.67,74.59
448.1,19.2,54.2,1011.46,84.44
436.69,28.64,66.54,1010.43,43.39
472.22,13.56,41.48,1008.53,87.2
461.96,17.4,44.9,1020.5,77.11
445.98,14.08,40.1,1015.48,82.81
435.51,27.11,69.75,1009.74,85.67
448.75,20.92,70.02,1010.23,95.58
470.98,16.18,44.9,1021.3,74.46
467.57,15.57,44.68,1022.01,90.02
475.18,10.37,39.04,1023.95,81.93
446.29,19.6,59.21,1017.65,86.29
476.62,9.22,40.92,1021.83,85.43
434.91,27.76,72.99,1007.81,71.66
436.37,28.68,70.72,1009.43,71.33
449.65,20.95,48.14,1013.3,67.72
481.38,9.06,39.3,1019.73,84.23
478.96,9.21,39.72,1019.54,74.44
468.87,13.65,42.74,1026.58,71.48
435.61,31.79,76.2,1007.89,56.3
464.06,14.32,44.6,1013.85,68.13
437.27,26.28,75.23,1011.44,68.35
480.74,7.69,43.02,1014.51,85.23
475.37,14.44,40.1,1015.51,79.78
478.13,9.19,41.01,1022.14,98.98
472.95,13.35,41.39,1019.17,72.87
444.69,23.04,74.22,1009.52,90.93
487.45,4.83,38.44,1015.35,72.94
465.16,17.29,42.86,1014.38,72.3
472.16,8.73,36.18,1013.66,77.74
433.06,26.21,70.32,1007.0,78.29
442.86,23.72,58.62,1016.65,69.1
440.23,29.27,64.69,1006.85,55.79
489.66,10.4,40.43,1025.46,75.09
479.11,12.19,40.75,1015.13,88.98
458.28,20.4,54.9,1016.68,64.26
428.54,34.3,74.67,1015.98,25.89
445.31,27.56,68.08,1010.8,59.18
432.79,30.9,70.8,1008.48,67.48
456.72,14.85,58.59,1014.04,89.85
470.22,16.42,40.56,1020.36,50.62
452.42,16.45,63.31,1015.96,83.97
472.63,10.14,42.02,1003.19,96.51
484.08,9.53,41.44,1018.01,80.09
460.01,17.01,49.15,1021.83,84.02
449.48,23.94,62.08,1022.47,61.97
457.45,15.95,49.25,1019.04,88.51
475.18,11.15,41.26,1022.67,81.83
443.09,25.56,70.32,1009.07,90.63
444.51,27.16,66.44,1011.2,73.37
433.47,26.71,77.95,1012.13,77.5
435.61,29.56,74.22,1007.45,57.46
434.64,31.19,70.94,1007.29,51.91
484.08,6.86,41.17,1020.12,79.14
476.89,12.36,41.74,1020.58,69.24
441.56,32.82,68.31,1010.44,41.85
442.07,25.3,70.98,1007.22,95.1
478.81,8.71,41.82,1033.08,74.53
464.31,13.34,40.8,1026.56,64.85
475.74,14.2,43.02,1012.18,57.07
441.4,23.74,65.34,1013.7,62.9
470.71,16.9,44.88,1018.14,72.21
431.5,28.54,71.94,1007.4,65.99
435.66,30.15,69.88,1007.2,73.67
469.34,14.33,42.86,1010.82,88.59
435.51,25.57,59.43,1008.88,61.19
432.11,30.55,70.04,1010.51,49.37
435.95,28.04,74.33,1013.53,48.65
437.98,26.39,49.16,1005.68,56.18
474.46,15.3,41.76,1022.57,71.56
480.96,6.03,41.14,1028.04,87.46
470.98,13.49,44.63,1019.12,70.02
445.82,27.67,59.14,1016.51,61.2
440.15,24.19,65.48,1018.8,60.54
447.13,24.44,59.14,1016.74,71.82
433.34,29.86,64.79,1017.37,44.8
435.27,30.2,69.59,1008.9,67.32
484.96,7.99,41.38,1021.95,78.77
463.16,9.93,41.62,1013.76,96.02
465.94,11.03,42.32,1017.26,90.56
446.62,22.34,63.73,1014.37,83.19
442.48,25.33,48.6,1002.54,68.45
450.67,18.87,52.08,1005.25,99.19
435.51,25.97,69.34,1009.43,88.11
465.61,16.58,43.99,1021.81,79.29
457.45,14.35,46.18,1016.63,87.76
433.63,25.06,62.39,1008.09,82.56
464.17,13.85,48.92,1011.68,79.24
460.56,16.09,44.2,1019.39,67.24
449.81,26.34,59.21,1013.37,58.98
445.67,23.01,58.79,1009.71,84.22
432.52,26.39,71.25,999.8,89.12
432.11,31.32,71.29,1008.37,50.07
456.79,16.64,45.87,1009.02,98.86
468.82,13.42,41.23,994.17,95.79
449.76,20.06,44.9,1008.79,70.06
456.25,14.8,44.71,1014.67,41.71
469.97,12.59,41.14,1025.79,86.55
437.52,26.7,66.56,1005.31,71.97
450.21,19.78,50.32,1008.62,96.4
461.89,15.17,49.15,1021.91,91.73
444.65,21.71,61.45,1010.97,91.62
465.28,19.09,39.39,1013.36,59.14
449.6,19.76,51.19,1008.38,92.56
465.16,14.68,41.23,998.43,83.71
448.01,21.3,66.86,1013.04,55.43
464.46,16.73,39.64,1008.94,74.91
461.71,12.26,41.5,1014.87,89.41
461.52,14.77,48.06,1010.92,69.81
448.71,18.26,59.15,1012.04,86.01
435.38,27.1,79.74,1005.43,86.05
459.14,14.72,40.83,1009.65,80.98
441.83,26.3,51.43,1012.05,63.62
457.44,16.48,48.92,1011.84,64.16
461.38,17.99,43.79,1016.13,75.63
453.83,20.34,59.8,1015.18,80.21
444.38,25.53,62.96,1019.81,59.7
439.11,31.59,58.9,1003.39,47.6
437.65,30.8,69.14,1007.68,63.78
478.82,10.75,45.0,1023.68,89.37
449.76,19.3,44.9,1008.89,70.55
487.19,4.71,39.42,1026.4,84.42
439.03,23.1,66.05,1020.28,80.62
433.84,32.63,73.88,1005.64,52.56
437.18,26.63,74.16,1009.72,83.26
444.53,24.35,58.49,1011.03,70.64
461.96,15.11,56.03,1020.27,89.95
430.27,29.1,50.05,1005.87,51.53
447.32,21.24,50.32,1008.54,84.83
484.12,6.16,39.48,1004.85,59.68
476.15,7.36,41.01,1024.9,97.88
475.49,10.44,39.04,1023.99,85.03
444.76,26.76,48.41,1010.53,47.38
466.17,16.79,44.6,1014.27,48.08
490.78,10.76,40.43,1025.98,79.65
482.78,6.07,38.91,1019.25,83.39
435.48,27.33,73.18,1012.26,82.18
437.76,27.15,59.21,1013.49,51.71
445.34,22.35,51.43,1011.34,77.33
449.91,21.82,65.27,1013.86,72.81
439.91,21.11,69.94,1004.37,84.26
459.68,19.95,50.59,1016.11,73.23
484.31,7.45,39.61,1017.88,79.73
466.7,15.36,41.66,1012.41,62.32
463.6,15.65,43.5,1021.39,78.58
433.55,25.31,74.33,1015.04,79.88
439.98,25.88,63.47,1011.95,65.87
449.03,24.6,63.94,1012.87,80.28
460.26,22.58,41.54,1013.21,71.33
454.35,19.69,59.14,1015.99,70.33
436.15,25.85,75.08,1006.24,57.73
476.72,10.06,37.83,1005.49,99.46
461.73,18.59,39.54,1008.56,68.61
450.21,18.27,50.16,1011.07,95.91
490.78,8.85,40.43,1025.68,80.42
431.25,30.04,68.08,1011.04,51.01
441.01,26.06,49.02,1007.59,74.08
465.16,14.8,38.73,1003.18,80.73
447.85,23.93,64.45,1015.35,54.71
437.73,23.72,66.48,1003.61,73.75
469.97,11.44,40.55,1023.37,88.43
447.26,20.28,63.86,1016.04,74.66
435.11,27.9,63.13,1011.8,70.04
439.55,24.74,59.39,1015.23,74.64
449.28,14.8,58.2,1018.29,85.11
481.47,8.22,41.03,1021.76,82.97
444.1,27.56,66.93,1016.81,55.59
431.07,32.07,70.94,1006.91,49.9
483.63,9.53,44.03,1008.87,89.99
463.89,13.61,42.34,1017.93,91.61
447.32,22.2,51.19,1009.2,82.95
440.75,21.36,59.54,1007.99,92.62
441.73,23.25,63.86,1017.82,59.64
452.65,23.5,59.21,1018.29,63.0
484.86,8.46,39.66,1015.14,85.38
484.97,8.19,40.69,1019.86,85.23
434.64,30.67,71.29,1008.36,52.08
450.13,32.48,62.04,1010.39,38.05
478.65,8.99,36.66,1028.11,71.98
462.86,13.77,47.83,1007.41,90.66
440.28,19.05,67.32,1013.2,83.14
454.67,21.19,55.5,1019.83,65.22
479.32,10.12,40.0,1021.15,91.67
454.85,24.93,47.01,1014.28,66.04
476.81,8.47,40.46,1019.87,78.19
438.89,24.52,56.85,1012.59,54.47
428.67,28.55,69.84,1003.38,67.26
452.6,20.58,50.9,1011.89,72.56
450.22,18.31,46.21,1010.46,82.15
427.67,27.18,71.06,1008.16,86.32
491.9,4.43,38.91,1019.04,88.17
438.45,26.02,74.78,1010.04,72.78
467.85,15.75,39.0,1015.91,69.58
449.7,22.99,60.95,1015.14,69.86
438.86,25.52,59.15,1013.88,65.37
440.92,27.04,65.06,1013.33,52.37
477.62,6.42,35.57,1025.58,79.63
458.1,17.04,40.12,1011.81,83.14
479.91,10.79,39.82,1012.89,88.25
458.04,20.41,56.03,1019.94,55.85
489.45,7.36,40.07,1017.29,52.55
427.04,28.08,73.42,1012.17,62.74
439.77,24.74,69.13,1010.69,90.08
437.98,28.32,47.93,1003.26,54.5
470.22,16.71,40.56,1019.48,49.88
432.11,30.7,71.58,1010.0,48.96
447.16,18.42,58.95,1016.95,86.77
472.63,10.62,42.02,999.83,96.66
442.14,22.18,69.05,1002.75,70.84
441.8,22.38,49.3,1003.56,83.83
476.97,13.94,41.58,1020.76,68.22
442.33,21.24,60.84,1017.99,82.22
488.27,6.76,39.81,1017.11,87.9
440.45,26.73,68.84,1010.75,66.83
482.17,7.24,38.06,1020.6,85.36
471.26,10.84,40.62,1015.53,60.9
448.24,19.32,52.84,1004.29,83.51
429.73,29.0,69.13,1001.22,52.96
439.71,23.38,54.42,1013.95,73.02
441.56,31.17,69.51,1010.51,43.11
441.2,26.17,48.6,1002.59,61.41
434.95,30.9,73.42,1011.21,65.32
441.34,24.92,73.68,1015.12,93.68
434.98,32.77,71.32,1007.68,42.39
464.32,14.37,40.56,1021.67,68.18
480.15,8.36,40.22,1011.6,89.18
430.11,31.45,68.27,1007.56,64.79
432.06,31.6,73.17,1010.05,43.48
454.04,17.9,48.98,1014.17,80.4
452.6,20.35,50.9,1012.6,72.43
467.96,16.21,41.23,995.88,80.0
466.17,19.36,44.6,1016.25,45.65
452.12,21.04,65.46,1017.22,63.02
474.26,14.05,40.69,1015.66,74.39
441.73,23.48,64.15,1021.08,57.77
446.12,21.91,63.76,1009.85,76.8
439.56,24.42,63.07,1011.49,67.39
460.01,14.26,40.92,1022.07,73.96
452.64,21.38,58.33,1013.05,72.75
470.71,15.71,44.06,1018.34,71.69
483.13,5.78,40.62,1016.55,84.98
488.27,6.77,39.81,1017.01,87.68
447.09,23.84,49.21,1013.85,50.36
452.27,21.17,58.16,1017.16,68.11
448.93,19.94,58.96,1014.16,66.27
480.99,8.73,41.92,1029.41,89.72
466.7,16.39,41.67,1012.96,61.07
467.62,15.28,40.0,1016.65,65.0
440.75,22.05,59.92,1009.06,93.74
452.94,18.63,48.92,1011.37,71.72
467.62,15.0,41.17,1015.57,64.82
449.74,20.46,59.21,1018.42,85.89
474.73,11.97,45.51,1016.84,81.47
444.19,26.59,59.92,1009.97,70.09
470.35,13.76,45.08,1023.77,80.48
448.32,21.41,59.43,1010.27,74.54
470.92,12.45,37.92,1008.03,61.87
475.96,10.62,39.64,1010.65,62.15
472.08,12.33,37.73,1022.46,59.3
462.67,15.63,44.9,1009.38,82.8
449.74,19.11,50.16,1010.88,100.09
451.95,21.83,41.1,1001.91,41.79
449.41,22.02,64.45,1012.57,47.87
435.66,26.54,71.98,1005.8,91.16
488.27,6.9,39.81,1016.74,88.24
473.31,13.05,34.03,1018.31,64.99
456.62,19.61,45.01,1014.84,64.42
441.9,26.26,63.73,1010.45,70.61
434.85,30.56,71.25,1000.3,70.55
446.62,21.81,63.77,1014.28,83.66
438.86,26.65,58.41,1013.53,65.83
449.48,25.18,57.5,1015.07,60.76
452.66,17.8,46.48,1007.27,81.31
441.56,33.27,66.44,1010.63,43.47
441.65,29.94,65.74,1012.4,46.94
479.43,8.51,34.69,1026.96,75.34
472.81,9.45,36.71,1024.24,83.28
439.84,24.27,60.23,1011.84,77.8
473.36,11.28,42.44,1014.62,99.78
471.82,7.93,41.01,1023.64,97.23
467.9,14.3,42.99,1007.32,73.72
441.73,24.31,63.86,1019.47,58.54
426.25,29.3,70.04,1010.95,61.23
445.86,20.43,63.09,1016.46,91.78
469.6,10.94,39.69,1004.5,86.29
438.86,23.04,57.32,1011.23,64.27
447.02,25.37,44.89,1009.27,63.06
446.22,21.1,49.16,1006.76,86.08
443.76,20.4,57.85,1011.14,92.47
455.94,20.51,48.6,1005.29,80.7
464.63,12.15,38.78,1013.34,95.05
455.63,15.27,41.16,1009.0,84.12
443.13,23.78,60.27,1018.02,78.06
444.59,22.01,60.84,1017.55,83.82
433.4,24.72,77.54,1008.39,81.03
435.9,28.84,73.03,1013.99,76.05
450.76,26.53,54.2,1012.9,66.73
460.33,19.82,41.67,1012.92,51.92
470.22,16.69,40.56,1019.92,51.43
455.34,20.36,56.53,1020.25,72.96
444.9,18.6,68.28,1003.27,84.21
467.42,12.54,40.1,1015.73,84.29
463.03,14.54,46.18,1015.29,94.48
429.01,30.97,67.9,1005.98,55.6
441.86,26.54,71.14,1007.52,72.04
444.16,25.2,59.21,1017.54,55.53
467.41,13.17,38.52,1018.5,83.77
478.82,8.53,40.77,1009.85,90.95
443.26,24.06,58.2,1017.46,48.04
473.88,12.25,41.38,1021.81,59.0
474.87,14.7,40.8,1025.78,50.96
471.23,15.75,39.39,1014.38,76.29
434.95,29.45,74.16,1010.49,64.87
437.25,30.22,68.3,1014.91,34.9
428.93,26.96,72.58,1009.23,89.62
449.28,18.48,58.59,1015.61,85.14
455.11,17.78,50.66,1015.09,91.9
487.18,6.64,39.04,1018.84,74.94
448.9,21.83,63.13,1013.4,85.82
468.78,13.92,39.58,1012.5,80.28
467.9,12.14,40.27,1007.57,73.22
471.23,15.64,38.28,1014.39,76.93
465.61,16.0,44.9,1020.5,80.89
473.93,9.75,43.69,1016.81,82.42
467.09,13.56,43.67,1011.34,94.02
481.47,7.94,40.56,1023.25,80.84
448.1,20.46,54.2,1011.4,84.0
443.76,18.23,62.26,1011.48,91.35
447.85,23.14,63.94,1017.49,53.19
448.66,20.55,46.21,1013.21,73.18
443.03,23.58,49.3,1003.8,74.62
463.37,14.51,42.77,1017.47,81.95
471.8,10.05,40.71,1015.51,84.21
433.97,26.91,61.5,1009.47,55.26
465.33,15.66,41.35,1001.68,86.26
437.38,30.07,69.82,1010.39,57.53
433.82,24.28,68.31,1009.94,77.08
471.48,12.57,39.3,1019.57,72.44
475.46,11.01,42.02,995.24,98.62
443.09,23.3,72.99,1008.54,92.11
433.97,28.76,60.23,1010.03,58.24
450.57,21.4,68.28,1008.2,60.34
432.97,30.33,68.67,1006.0,54.99
444.9,18.89,67.71,1003.92,86.12
455.94,18.83,47.83,1005.58,77.07
474.73,12.32,43.69,1016.26,83.18
434.99,25.15,68.51,1013.25,72.31
460.88,17.06,52.9,1019.76,80.9
441.8,23.68,49.02,1007.53,86.05
470.92,11.95,39.82,1013.4,92.51
447.3,25.39,58.79,1015.85,62.59
479.56,11.52,40.8,1024.31,73.49
456.03,19.69,56.65,1020.86,73.41
437.18,26.1,74.16,1009.42,85.4
431.97,27.44,74.9,1003.85,76.65
444.1,27.35,66.05,1017.62,55.26
436.51,25.7,69.45,1013.86,56.91
449.81,24.54,58.66,1011.63,57.62
465.16,14.87,41.23,997.39,82.06
466.68,14.05,40.35,1011.52,66.21
437.27,25.69,73.18,1012.64,86.35
426.64,31.01,67.69,1005.06,46.16
468.45,9.46,42.28,1008.67,78.16
476.62,7.71,40.77,1021.93,87.04
471.23,15.69,37.64,1016.0,83.88
442.75,26.45,64.27,1013.23,60.92
452.34,22.86,60.08,1017.2,67.11
455.28,21.61,49.39,1019.41,78.2
433.4,25.66,77.54,1008.22,78.42
441.52,22.48,71.29,1008.15,75.41
451.87,21.58,63.87,1015.27,63.15
435.38,25.94,77.24,1007.97,84.82
462.66,16.45,44.68,1018.6,85.14
444.9,27.88,63.87,1017.79,40.0
437.24,26.62,65.12,1016.0,43.24
438.02,27.94,49.16,1004.22,35.46
482.0,5.02,45.87,1007.8,99.22
433.76,31.87,71.22,1006.16,45.66
442.53,24.49,68.61,1010.56,64.03
432.73,30.42,67.69,1006.23,54.19
449.4,20.85,59.21,1012.9,75.97
467.41,13.18,40.03,1017.75,82.29
489.0,5.37,38.68,1017.76,76.48
426.07,31.81,69.88,1007.94,55.91
452.52,20.55,48.98,1016.1,63.89
435.38,22.49,69.84,1006.78,73.76
480.54,12.57,39.18,1023.09,77.28
433.89,27.35,69.48,1008.51,65.81
462.22,17.82,49.15,1020.73,70.25
442.76,23.25,56.9,1006.82,76.37
460.72,9.37,40.11,1024.94,75.03
441.43,24.43,58.2,1017.18,46.84
460.88,20.04,49.39,1020.62,78.84
478.71,10.06,43.22,1014.1,85.7
446.22,21.44,50.78,1008.87,87.56
433.97,29.04,62.26,1010.63,56.6
476.62,8.83,41.26,1023.04,86.08
441.83,24.19,46.21,1010.79,62.04
475.59,11.97,41.04,1026.42,70.75
456.64,19.43,52.9,1017.16,67.41
468.23,15.59,45.09,1013.41,91.97
467.03,13.23,42.34,1018.02,97.49
463.39,16.34,41.16,1006.36,75.52
449.81,28.1,61.02,1011.28,59.05
439.77,26.08,70.32,1012.32,89.0
444.66,24.44,52.84,1006.39,49.05
454.35,18.37,58.96,1015.5,67.79
447.32,22.93,51.19,1009.3,82.8
434.45,29.67,73.67,1006.48,64.98
472.59,12.15,43.71,1025.78,93.69
468.09,15.67,45.17,1018.73,94.74
458.18,14.7,48.6,1006.91,85.65
437.98,27.33,52.84,1005.88,56.16
472.02,12.55,38.91,1012.58,75.44
440.38,31.42,69.13,1009.34,57.16
471.16,15.44,39.54,1007.49,82.14
447.02,24.19,47.45,1008.26,64.25
480.39,6.05,41.14,1027.69,86.93
472.27,13.94,42.86,1012.35,88.78
482.0,5.79,45.87,1010.23,95.41
437.29,27.01,69.75,1009.78,81.29
482.77,9.59,38.56,1017.01,60.1
436.66,27.46,69.98,1013.28,63.73
442.04,22.63,70.47,1008.0,82.27
432.98,28.11,77.95,1009.38,72.81
451.4,18.87,44.06,1013.42,68.78
460.88,15.5,49.25,1021.41,77.92
487.19,3.73,39.42,1024.4,82.42
433.82,26.41,68.24,1010.6,77.79
454.85,17.83,66.86,1011.65,77.31
469.89,13.44,37.85,1009.78,99.13
462.26,14.62,46.18,1014.75,96.81
465.2,19.7,43.79,1015.93,47.39
488.82,6.06,41.17,1019.67,84.7
465.7,15.89,38.73,1001.45,74.37
436.37,31.63,69.59,1008.66,61.81
456.36,18.99,44.58,1018.29,54.71
474.46,13.96,40.92,1022.65,73.08
456.64,20.21,54.9,1016.82,66.56
465.26,15.14,49.64,1023.78,75.0
466.17,18.97,44.85,1014.86,46.31
446.87,21.36,52.3,1007.95,79.38
436.65,29.48,64.69,1006.44,64.46
447.98,21.1,62.66,1011.19,83.49
431.82,26.51,70.32,1010.3,57.4
450.13,30.93,61.5,1009.81,41.46
478.99,11.64,41.44,1016.4,73.18
483.58,7.26,36.08,1021.47,83.15
461.96,16.36,44.88,1018.34,76.0
453.0,17.43,63.09,1019.87,92.77
472.16,10.37,37.5,1013.19,79.25
435.49,22.8,49.16,1006.4,77.05
448.75,21.0,70.02,1010.22,95.11
466.59,12.68,45.0,1022.54,77.19
474.73,12.35,44.2,1017.81,82.49
485.66,7.09,43.13,1017.91,92.37
440.31,28.9,68.12,1011.87,46.56
433.92,26.82,69.05,1004.62,40.0
464.12,11.02,40.71,1020.3,86.64
467.09,14.95,43.72,1010.28,93.62
461.07,16.58,44.68,1021.5,83.38
432.27,31.73,73.42,1010.8,61.81
482.78,8.58,38.38,1021.03,84.37
435.93,28.08,73.17,1011.19,73.1
429.46,31.01,67.83,1007.95,43.57
449.81,26.94,59.87,1011.66,58.34
462.87,10.2,41.62,1016.52,98.09
484.04,9.2,39.99,1011.73,85.95
437.29,27.69,70.32,1012.2,82.27
433.89,25.71,71.14,1010.02,66.39
454.72,18.22,39.63,1005.11,79.0
465.09,16.81,42.42,1008.95,74.25
430.3,30.63,74.22,1007.47,46.52
470.92,12.11,38.28,1013.56,93.21
452.65,23.75,60.29,1017.36,64.04
430.35,33.96,68.94,1006.93,47.39
437.53,29.35,54.2,1013.07,42.45
442.97,23.07,50.05,1006.9,86.98
463.99,12.91,41.66,1013.37,71.52
485.96,6.25,39.04,1019.65,71.27
446.29,19.8,58.79,1017.04,87.71
432.73,31.38,68.27,1006.79,52.79
470.8,10.62,39.96,1025.37,96.64
480.47,6.89,43.65,1019.87,72.77
465.7,16.3,38.73,1001.79,73.45
463.06,14.82,44.58,1020.13,74.88
440.16,22.97,63.94,1010.5,88.47
432.6,31.15,66.25,1008.89,61.08
470.22,15.69,41.93,1021.3,52.69
436.65,26.65,66.48,1005.7,65.09
445.58,29.38,73.42,1011.49,54.96
459.38,16.77,49.39,1018.61,95.86
434.45,22.77,70.32,1012.04,82.43
459.98,15.91,44.99,1010.93,62.81
438.36,24.33,68.08,1013.02,64.81
454.29,19.69,56.65,1020.79,66.94
430.35,31.76,66.54,1003.02,49.64
466.2,14.47,42.86,1031.55,66.73
433.16,27.2,72.43,1006.75,80.67
461.38,17.29,44.06,1016.24,77.56
441.91,25.44,63.13,1011.74,77.83
466.63,16.98,43.7,1015.07,53.51
435.38,22.65,68.67,1006.67,77.42
435.87,26.41,60.93,1007.16,66.02
455.29,19.78,63.09,1019.01,78.39
448.9,19.26,65.61,1015.03,85.74
450.96,22.25,59.8,1016.79,69.02
484.65,7.1,35.77,1015.39,92.1
457.26,18.53,39.72,1001.26,64.08
436.38,30.47,77.3,1002.13,63.7
434.91,27.34,71.64,1008.12,72.22
437.65,29.8,69.34,1009.36,64.74
446.37,22.69,65.12,1016.35,72.02
457.54,18.58,49.25,1019.92,60.24
463.06,14.16,44.06,1018.92,76.34
432.98,28.33,78.92,1011.15,70.04
440.31,28.31,70.32,1007.88,47.0
453.8,21.5,50.59,1017.08,65.28
442.91,29.24,64.33,1011.5,64.14
434.67,25.15,66.49,1012.71,63.46
465.25,15.48,53.82,1016.1,64.77
458.18,16.07,47.83,1006.99,86.49
456.49,18.02,53.16,1013.41,82.84
467.96,14.99,41.35,1004.56,98.9
434.95,29.62,71.8,1011.05,63.13
446.04,25.04,63.86,1018.92,52.79
490.78,11.45,40.8,1027.74,78.6
455.21,18.96,44.58,1016.66,71.95
443.88,26.54,66.51,1015.39,51.22
450.25,22.3,67.25,1017.33,75.85
464.32,14.7,41.39,1018.84,68.19
478.3,9.14,40.6,1015.34,88.91
487.19,6.14,38.5,1012.4,75.35
467.81,11.24,42.34,1021.3,95.19
430.58,30.55,71.06,1009.33,73.38
463.93,14.9,52.05,1015.11,77.33
472.9,10.25,37.14,1013.14,70.73
471.07,3.26,41.31,996.32,100.0
439.25,27.54,75.6,1018.26,57.89
474.26,13.65,44.6,1017.99,87.04
456.44,22.08,41.1,1002.19,46.69
439.01,24.93,69.05,1001.02,85.14
437.33,27.58,71.97,1008.51,87.99
432.0,32.14,75.08,1005.35,49.92
466.63,16.98,44.85,1015.48,51.77
470.2,13.25,34.03,1018.94,72.1
438.02,25.9,48.92,1009.82,35.42
434.99,30.27,64.05,1011.93,65.72
444.69,22.37,50.78,1008.84,82.06
445.57,21.93,57.17,1009.81,81.15
432.65,29.65,74.9,1003.22,71.09
467.96,18.32,42.18,1002.27,95.99
453.26,22.76,44.05,1006.95,74.07
482.52,8.95,43.56,1015.04,81.53
469.09,13.12,44.21,1019.57,89.29
453.26,21.18,44.57,1007.27,73.67
458.05,16.71,46.18,1011.61,95.82
469.5,15.01,43.56,1014.65,61.82
435.79,25.96,68.08,1011.34,71.57
439.72,33.4,69.98,1013.29,47.78
453.0,17.4,63.09,1020.84,92.58
477.62,6.49,35.57,1025.4,79.67
484.65,6.01,35.79,1011.26,90.72
435.27,29.97,69.14,1007.92,66.74
449.09,21.33,63.86,1020.33,72.13
433.62,23.27,64.69,1006.84,70.53
439.32,28.3,59.27,1010.92,61.83
482.0,5.74,45.87,1011.44,95.94
447.32,21.67,50.32,1008.41,85.99
453.35,20.06,47.03,1013.66,83.23
480.66,8.25,37.49,1009.02,81.09
446.87,22.61,50.32,1008.41,79.4
435.76,26.31,71.29,1009.87,84.16
449.48,25.03,57.5,1014.96,62.23
479.33,11.44,41.39,1019.59,79.95
444.69,25.14,49.02,1007.56,79.02
437.38,30.91,69.75,1010.23,59.36
430.11,31.54,71.06,1008.4,71.77
471.42,12.24,44.9,1020.31,82.22
489.22,6.65,39.33,1011.29,92.85
476.81,8.31,40.46,1020.07,78.18
442.24,22.72,50.05,1007.0,88.24
449.98,22.78,58.59,1012.84,65.55
437.18,25.63,72.99,1008.2,86.8
484.65,6.01,35.79,1011.05,91.33
446.64,20.21,65.06,1016.46,73.36
471.58,7.47,40.64,1020.47,94.8
454.84,19.73,69.51,1013.14,61.84
445.98,13.57,39.39,1014.01,82.12
463.06,14.8,42.77,1019.14,76.53
478.82,10.41,44.68,1023.53,91.38
466.68,12.33,39.85,1012.53,66.04
435.48,26.65,73.18,1012.27,83.12
451.42,19.09,56.51,1015.58,92.56
470.78,12.81,45.51,1015.46,79.97
472.81,9.99,36.71,1023.57,83.53
474.97,13.02,40.1,1014.43,87.32
471.23,14.15,39.28,1013.5,77.63
456.36,19.46,47.03,1013.9,88.86
447.02,23.19,42.67,1007.83,63.31
448.93,20.25,58.59,1012.99,65.98
425.68,31.9,69.4,1003.4,57.76
456.36,20.76,44.58,1017.09,57.47
451.0,20.51,42.23,1013.25,71.83
442.07,22.56,70.98,1005.66,95.95
432.95,25.64,68.14,1005.48,56.11
442.86,23.63,58.79,1017.2,67.68
470.71,15.3,43.14,1015.11,71.35
493.3,6.79,39.37,1019.79,72.39
441.83,23.89,48.41,1010.48,62.31
445.26,26.23,63.56,1013.57,65.81
474.73,12.5,45.51,1015.8,82.82
443.39,21.97,68.12,1012.53,75.12
448.01,24.11,66.51,1015.35,56.01
454.78,18.24,49.5,1014.37,79.36
444.64,19.7,52.84,1004.86,89.72
457.01,19.15,57.76,1019.62,74.89
471.48,14.79,39.52,1017.95,71.97
447.12,25.13,68.63,1013.57,43.44
445.72,23.02,59.21,1011.74,83.18
437.65,34.35,77.17,1009.26,59.33
437.73,23.95,66.48,1003.55,73.68
444.22,25.52,63.94,1017.81,41.54
453.09,23.56,42.67,1008.01,66.76
449.81,26.67,59.44,1012.01,58.83
454.85,18.7,66.51,1015.14,79.23
445.26,25.89,63.56,1013.82,64.51
441.21,27.25,50.05,1006.53,60.64
449.26,16.73,58.59,1015.02,89.61
432.61,30.67,77.95,1015.28,61.67
463.93,13.98,54.3,1015.58,74.91
442.04,25.42,69.71,1009.29,82.5
448.5,21.57,66.49,1014.76,68.19
439.03,23.66,67.17,1007.24,87.56
455.63,13.87,42.99,1007.45,81.52
473.94,9.42,41.4,1029.6,87.43
475.74,13.61,39.85,1012.78,58.12
441.94,23.84,59.87,1019.11,59.59
439.32,31.09,59.57,1010.67,60.5
489.07,3.98,35.47,1017.22,86.53
426.53,29.28,74.33,1011.66,72.37
445.57,23.55,58.79,1010.78,78.47
455.53,17.37,48.92,1011.91,58.4
465.64,18.34,44.63,1000.76,89.27
470.94,13.86,40.83,1008.76,82.4
437.76,27.36,58.33,1013.86,56.7
441.43,27.71,54.2,1012.72,47.25
481.47,8.46,40.8,1023.57,81.27
441.2,25.18,47.93,1002.92,60.33
447.29,21.82,63.9,1014.48,92.53
459.14,15.61,40.89,1010.48,80.26
436.32,30.4,71.97,1008.42,76.28
471.07,10.54,42.02,997.5,99.77
470.8,10.59,39.96,1025.87,97.05
471.47,12.52,41.44,1016.08,68.94
427.22,32.92,69.05,1000.74,39.61
440.78,21.14,69.94,1008.87,79.74
450.94,26.33,64.45,1013.12,43.31
434.16,27.19,71.58,1010.85,76.1
455.52,19.64,56.53,1019.6,76.19
449.26,15.52,58.59,1014.12,91.22
474.94,12.95,41.38,1021.97,53.83
483.58,6.43,36.08,1022.73,85.03
438.5,25.21,60.37,1006.01,73.14
460.33,21.24,41.67,1012.6,49.27
480.82,9.63,41.14,1027.99,87.89
452.65,24.32,58.79,1016.8,65.61
448.9,17.47,63.31,1015.28,88.22
471.23,14.54,39.39,1013.87,76.39
455.69,20.74,49.69,1010.91,69.1
476.62,8.75,40.77,1021.99,86.46
437.29,27.67,69.59,1009.13,82.15
438.86,23.21,58.66,1012.24,65.31
483.59,7.49,39.81,1019.03,87.29
482.17,7.82,38.91,1015.58,90.11
479.68,7.77,35.77,1016.53,73.79
449.54,22.84,50.05,1005.59,79.49
465.94,10.48,41.93,1017.17,92.81
481.38,10.2,41.46,1020.23,84.54
445.25,27.24,68.08,1013.23,51.96
482.52,9.37,42.32,1015.15,82.96
453.42,24.12,58.66,1011.55,58.96
459.14,14.54,43.14,1010.26,82.98
433.9,31.23,66.75,1017.48,36.55
482.0,5.41,45.87,1008.47,97.51
459.15,15.61,38.52,1018.4,80.99
447.13,26.9,59.14,1016.18,70.88
437.57,23.95,73.67,1007.32,87.67
484.34,9.2,40.03,1017.05,92.46
481.12,9.51,43.79,1016.02,79.81
483.92,8.51,41.26,1023.17,87.79
446.91,19.66,51.43,1010.17,84.19
439.12,27.33,51.43,1006.18,67.6
441.73,21.43,63.94,1017.28,57.49
469.34,14.97,43.67,1011.13,87.33
441.54,21.97,69.23,1012.25,86.45
480.15,8.34,40.77,1010.84,90.01
441.19,21.86,60.27,1016.06,90.48
432.25,24.59,71.94,1006.89,88.52
443.09,26.26,73.06,1009.35,91.65
432.59,26.76,71.94,1008.81,64.62
431.25,30.98,69.82,1009.17,50.63
443.54,19.22,65.06,1015.05,82.5
434.99,25.72,70.47,1010.44,70.57
460.26,22.37,41.54,1013.74,72.21
450.86,26.05,44.89,1009.83,56.36
452.6,20.8,50.9,1012.07,73.16
432.98,29.1,77.95,1010.01,71.48
477.65,11.17,40.27,1009.54,74.56
467.44,11.35,40.73,1019.37,96.05
449.21,18.12,63.09,1019.32,89.21
465.16,16.97,42.86,1013.92,74.8
478.31,10.22,38.18,1018.01,70.7
475.14,13.1,40.55,1007.59,95.46
468.57,18.22,45.09,1013.62,75.56
490.68,4.15,39.9,1008.84,96.68
448.39,19.15,59.21,1018.41,88.9
465.82,15.87,39.31,1009.95,66.78
483.43,8.05,40.8,1028.01,89.56
444.28,18.81,61.87,1009.71,70.47
447.57,23.95,51.86,1014.24,68.28
474.26,13.21,41.2,1016.63,74.1
478.37,9.38,43.7,1015.45,90.47
439.74,27.41,59.21,1013.3,50.93
454.72,18.42,63.94,1020.47,74.47
456.68,19.51,44.05,1008.52,78.38
430.62,28.5,76.86,999.49,77.47
466.17,11.97,42.32,1016.95,88.32
489.1,3.0,39.64,1011.0,80.14
467.77,12.11,41.17,1019.46,62.59
477.07,12.32,41.26,1022.42,79.74
479.43,8.83,36.3,1027.08,72.69
452.94,20.08,49.69,1008.34,69.88
438.68,32.12,69.98,1013.31,54.3
454.14,18.68,56.65,1020.38,80.26
433.47,28.33,68.27,1008.09,50.37
447.12,25.14,67.32,1013.96,41.78
438.68,31.43,69.89,1014.8,56.22
432.06,29.54,72.29,1011.0,42.0
443.06,24.94,74.33,1014.3,75.34
433.06,26.49,67.69,1004.61,78.13
443.86,23.89,64.27,1013.37,75.22
459.14,14.41,40.83,1009.82,80.43
442.78,29.3,68.08,1011.23,56.23
439.29,23.09,69.71,1009.75,91.35
432.25,23.23,71.77,1005.01,88.1
432.97,28.86,67.9,1006.29,57.19
471.11,7.4,41.04,1024.44,90.9
438.73,25.23,61.86,1013.0,76.18
431.41,26.69,79.74,1008.29,73.79
445.84,23.99,45.87,1007.63,52.62
438.67,31.65,66.25,1008.57,59.05
485.58,8.94,43.13,1014.82,76.66
449.26,15.79,58.86,1015.85,91.91
470.94,11.43,40.22,1010.84,81.04
440.22,21.14,67.71,1006.38,56.78
441.4,25.21,65.34,1013.94,65.04
478.52,10.42,39.35,1015.21,89.75
489.1,4.84,38.5,1011.96,81.62
440.28,21.57,69.23,1011.94,81.73
457.16,20.86,39.72,1001.73,56.38
473.72,11.06,37.92,1008.76,67.32
457.53,15.86,40.66,1016.23,86.74
443.44,22.12,60.77,1018.01,83.87
429.21,30.2,71.8,1011.13,60.66
474.31,7.91,37.8,1020.59,61.0
453.4,17.1,62.1,1020.39,93.63
469.02,13.06,44.2,1018.95,85.68
447.06,20.73,69.94,1009.9,82.12
472.81,10.69,36.71,1022.08,83.28
460.56,17.28,44.06,1018.15,66.93
477.12,8.13,39.96,1026.07,95.84
464.14,19.4,39.53,1007.96,63.38
445.33,25.21,59.21,1017.37,55.06
449.48,25.67,58.59,1013.0,62.34
483.13,7.31,42.18,1014.75,86.75
438.86,24.27,57.85,1012.81,63.48
440.0,25.8,65.38,1009.3,52.28
464.14,20.68,42.04,1010.2,63.43
446.22,21.26,50.32,1008.41,87.22
473.31,11.2,35.76,1019.24,64.59
458.75,20.0,39.53,1007.59,62.09
478.47,10.34,41.46,1017.75,89.73
476.15,7.72,41.14,1025.11,96.75
433.4,26.79,77.95,1009.9,80.22
444.43,21.26,60.84,1018.43,78.83
464.23,12.85,40.92,1023.04,84.04
428.85,28.07,70.32,1007.17,67.02
452.84,17.72,39.99,1007.34,72.3
433.57,26.43,75.33,1004.09,86.48
432.97,27.39,67.07,1006.17,58.2
441.65,30.18,65.74,1012.63,47.74
431.82,25.45,67.83,1009.47,57.97
477.89,11.72,41.54,1020.04,66.84
484.34,8.43,40.6,1015.39,91.81
465.82,16.18,41.66,1010.01,65.62
467.81,13.33,54.3,1016.77,80.32
441.99,26.18,52.36,1013.46,56.65
493.3,8.57,41.17,1020.18,72.47
453.42,21.22,59.15,1014.68,59.71
445.26,26.53,65.18,1012.77,64.37
470.92,12.34,40.1,1015.77,92.26
456.68,19.54,44.57,1007.19,78.93
478.3,9.68,41.44,1015.19,87.34
441.54,18.19,66.54,1012.9,86.05
430.35,31.25,68.94,1005.99,49.61
431.12,26.8,72.58,1008.94,78.24
462.59,16.82,41.66,1010.49,63.14
433.34,29.52,64.79,1017.53,44.83
431.12,26.93,72.99,1007.33,78.85
480.82,9.45,41.4,1027.06,87.35
467.22,13.98,44.84,1023.6,89.09
436.71,29.15,73.42,1011.43,66.49
481.73,10.28,39.61,1020.43,69.09
443.51,21.24,63.47,1011.86,97.02
479.33,11.41,41.4,1019.01,78.59
456.87,20.15,39.72,1001.85,59.32
477.65,11.39,40.27,1009.04,73.13
441.83,22.07,50.78,1008.6,61.33
445.04,28.28,69.48,1008.56,61.3
481.47,9.96,41.26,1022.9,83.83
453.26,21.69,44.57,1005.84,71.53
464.79,13.93,44.21,1022.26,82.4
438.52,23.63,60.93,1006.41,83.06
463.47,16.39,52.75,1024.42,54.61
461.91,13.93,44.9,1022.15,85.93
464.23,14.5,41.76,1023.94,84.42
440.28,18.84,67.32,1012.63,81.89
437.87,27.19,64.27,1013.06,58.13
445.66,20.95,70.72,1009.96,87.73
474.87,14.49,41.92,1030.3,56.62
432.25,24.77,71.94,1006.77,88.86
460.01,21.14,48.78,1020.39,86.2
441.57,28.4,59.27,1012.03,59.75
454.89,17.69,65.46,1013.72,67.28
440.16,23.39,63.94,1010.54,89.94
445.07,20.98,43.77,1010.67,62.73
484.08,7.24,41.17,1020.35,80.56
449.91,22.17,65.61,1014.71,70.91
460.33,19.23,41.67,1012.53,48.86
477.61,10.82,41.55,1004.55,65.14
459.38,16.7,50.66,1014.86,94.87
449.6,19.83,51.19,1008.13,91.29
434.15,29.99,74.9,1003.84,64.43
449.7,25.02,60.77,1016.71,69.85
480.53,8.85,40.22,1008.61,90.6
480.83,9.87,40.81,1017.17,84.25
437.57,24.04,72.43,1008.02,87.2
428.74,26.45,69.13,1001.53,89.64
436.95,27.58,57.19,1007.88,52.95
461.96,16.53,53.29,1018.64,87.47
439.32,29.24,60.23,1009.62,59.71
467.62,15.52,40.0,1017.0,66.27
432.97,28.47,67.69,1004.79,56.51
475.02,8.27,35.76,1020.11,75.25
447.85,26.75,64.79,1017.79,54.31
437.41,22.64,72.24,1011.07,98.55
441.54,19.59,66.54,1012.73,85.84
467.96,18.56,42.18,1001.46,99.59
469.1,9.35,44.03,1011.02,88.11
428.85,28.5,72.99,1007.02,67.13
438.62,23.42,73.17,1012.07,88.39
437.91,22.66,68.3,1017.73,86.92
426.07,32.0,71.85,1008.44,53.59
443.86,21.11,65.94,1009.83,71.91
434.67,26.34,69.04,1009.44,72.06
465.57,20.94,44.78,1008.14,35.7
445.41,20.54,59.39,1014.07,84.15
479.91,8.16,39.64,1011.21,85.56
431.77,29.11,74.9,1003.31,74.01
454.62,20.16,57.76,1019.34,72.1
436.51,24.87,68.61,1011.19,55.69
442.65,25.86,59.92,1009.92,73.95
426.48,27.26,73.18,1012.58,74.83
428.67,28.59,69.84,1003.79,67.31
480.15,8.75,40.22,1008.96,90.53
476.62,9.11,40.64,1020.68,86.91
439.91,22.98,69.84,1005.55,84.1
471.42,11.28,43.41,1017.91,81.03
439.68,26.12,75.6,1017.41,72.31
431.12,32.9,68.51,1012.95,50.09
463.05,17.31,44.71,1017.43,35.4
482.22,5.25,42.85,1013.75,89.67
450.08,22.57,62.4,1009.77,86.05
449.6,20.41,50.32,1008.45,93.12
475.59,12.29,40.03,1017.62,89.64
436.03,24.3,69.94,1007.02,62.14
478.37,11.56,41.62,1012.5,91.42
467.42,14.21,39.16,1016.5,85.09
435.79,24.96,68.12,1011.27,70.22
437.31,28.16,70.4,1003.77,83.17
441.83,22.86,47.43,1009.75,61.54
466.47,14.43,45.08,1023.23,83.98
432.97,29.3,67.69,1007.17,55.5
460.26,22.61,42.8,1014.24,69.71
440.03,19.83,59.21,1012.67,96.42
442.65,26.17,59.92,1010.01,73.75
483.63,5.78,45.87,1012.65,88.8
476.81,8.77,40.46,1019.68,77.84
434.48,24.48,69.13,1002.88,69.43
455.63,15.29,41.1,1005.75,85.53
474.17,9.44,43.99,1020.31,98.06
440.92,26.4,48.41,1008.51,66.95
454.26,21.95,60.95,1015.22,75.09
452.34,22.42,60.08,1017.71,67.46
440.92,24.32,65.48,1017.55,59.02
435.71,30.15,72.51,1009.37,50.64
473.05,6.86,40.02,1031.5,77.94
463.5,14.46,45.87,1008.26,89.44
472.63,4.73,41.31,999.77,93.44
476.22,10.27,38.38,1022.16,70.77
456.64,20.37,54.9,1016.94,65.86
480.74,8.12,43.02,1013.56,85.26
434.05,28.57,69.34,1007.98,65.55
457.54,18.81,49.15,1020.79,67.09
436.26,28.62,63.77,1012.82,55.77
471.99,13.96,40.83,1009.89,84.86
434.15,30.47,72.86,1004.02,66.35
432.73,29.13,66.56,1006.63,52.85
437.8,24.41,56.9,1006.58,77.94
468.17,14.56,45.51,1015.39,69.84
480.15,7.11,39.9,1008.82,87.76
479.91,7.92,39.54,1011.51,84.41
464.23,14.56,41.76,1023.82,85.36
463.83,17.45,42.28,1007.64,69.19
427.9,29.75,70.32,1007.35,55.8
467.71,14.86,37.85,1010.58,86.8
472.81,10.57,36.71,1022.11,82.39
432.22,30.09,76.2,1006.64,61.02
487.48,6.82,41.03,1022.12,87.63
465.16,15.4,41.16,1005.34,80.22
480.74,7.31,43.02,1014.19,86.43
438.42,32.56,68.94,1007.12,58.18
480.54,9.77,39.04,1023.73,76.06
431.52,29.22,72.39,1000.87,77.39
469.6,14.33,38.73,1003.52,85.92
439.68,23.36,74.93,1016.57,71.91
452.66,15.23,44.9,1007.75,81.34
440.92,26.82,65.27,1013.6,53.85
431.92,32.41,72.86,1003.69,58.04
469.83,12.92,39.35,1014.56,88.29
466.73,16.92,44.6,1017.34,58.75
453.4,17.18,63.09,1020.67,93.58
441.74,29.31,64.84,1010.49,53.97
441.21,27.04,48.41,1008.57,60.73
461.91,13.21,43.71,1024.5,86.59
474.79,12.3,39.85,1012.59,73.38
463.6,14.66,41.76,1022.12,78.13
436.15,29.1,73.9,1007.47,59.48
442.76,24.54,60.23,1011.55,72.78
435.38,25.24,68.67,1006.76,76.95
435.79,24.81,66.44,1011.19,69.96
438.63,8.75,36.3,1015.61,57.53
456.36,18.01,44.2,1018.84,55.72
433.89,28.44,67.07,1006.08,50.42
474.26,13.56,40.75,1016.05,74.64
469.64,8.13,71.14,1018.94,86.7
447.36,18.97,44.78,1007.87,47.98
440.45,25.66,70.02,1010.89,68.14
443.44,24.32,66.25,1009.09,91.89
458.05,16.7,46.18,1011.4,95.51
480.74,7.61,43.22,1014.8,86.92
482.77,9.01,38.56,1016.67,63.61
467.32,14.98,39.58,1011.78,75.07
433.34,30.24,67.32,1014.07,46.53
469.6,13.53,38.73,1004.86,85.38
465.16,16.73,43.79,1016.25,73.58
475.59,11.94,39.28,1017.04,89.88
435.79,25.68,67.79,1010.66,69.51
454.35,17.84,61.27,1020.1,70.68
450.01,22.66,61.27,1019.29,55.43
459.98,15.69,44.6,1014.06,61.51
440.16,22.88,63.91,1009.63,87.82
436.15,30.78,73.67,1005.97,58.7
456.36,18.44,45.38,1014.3,86.02
470.92,12.03,41.58,1015.09,90.43
436.87,27.74,74.78,1010.05,60.82
426.07,33.01,69.88,1006.71,53.25
479.33,10.56,41.54,1019.92,78.95
429.21,28.8,71.58,1010.51,59.87
461.38,18.0,44.06,1016.8,78.88
467.96,15.27,38.73,1002.83,77.77
472.54,6.26,41.31,1002.04,87.54
473.34,9.24,41.4,1018.34,84.91
455.11,19.65,51.3,1014.81,90.23
447.32,21.32,49.02,1008.81,85.81
476.62,8.43,40.69,1020.36,87.28
466.7,23.49,42.8,1013.96,65.31
456.62,17.88,46.97,1013.73,67.78
444.65,24.7,44.57,1008.24,57.62
435.95,28.4,74.93,1013.65,48.6
437.4,24.59,60.37,1005.31,76.81
444.76,18.28,60.1,1009.72,85.79
473.72,10.08,37.92,1010.47,66.37
463.03,14.48,46.18,1015.83,92.15
449.01,24.77,48.92,1010.25,47.04
433.34,26.13,79.74,1005.61,90.27
482.78,7.61,38.06,1021.16,83.22
442.53,22.06,59.21,1012.84,87.06
456.44,20.51,39.72,1002.25,47.97
449.13,22.99,56.57,1013.93,78.77
464.63,14.05,39.59,1011.2,94.54
472.22,10.95,40.81,1016.19,77.96
474.97,11.84,40.05,1014.54,86.78
446.22,20.76,51.19,1009.0,87.23
463.77,12.89,48.14,1017.48,83.95
432.49,26.62,72.43,1006.79,82.74
465.87,15.8,41.1,1003.0,77.36
456.68,17.8,43.72,1008.71,78.5
487.18,5.5,39.04,1021.46,78.91
471.42,12.38,44.2,1020.23,81.5
465.89,17.14,44.2,1018.91,62.18
485.58,9.41,39.61,1016.14,78.38
445.98,14.44,41.2,1015.96,81.97
475.49,11.68,40.55,1022.21,85.76
460.01,17.48,49.39,1021.51,84.53
473.44,13.87,41.74,1021.42,64.02
436.28,23.57,70.04,1011.06,82.79
464.72,15.85,49.69,1015.48,88.65
435.48,25.59,73.5,1011.19,81.52
458.07,13.95,71.14,1019.76,75.51
464.72,17.12,49.5,1014.79,87.03
434.08,23.99,67.69,1007.9,78.57
441.01,24.41,52.3,1006.28,70.33
429.21,30.25,71.8,1010.87,60.4
471.69,13.38,40.89,1010.48,92.55
435.48,27.55,73.68,1013.62,81.13
433.57,25.16,77.3,1000.73,86.4
430.19,34.15,68.51,1010.75,37.02
465.94,12.68,40.73,1017.66,92.08
442.76,24.64,58.49,1011.2,72.67
432.56,25.38,70.94,1007.87,73.59
426.62,31.35,71.32,1005.99,62.35
471.82,7.79,41.01,1024.0,97.2
448.5,19.19,63.31,1016.88,66.58
467.44,11.8,42.34,1020.25,93.54
448.9,20.47,63.07,1012.79,88.67
433.89,24.82,71.94,1010.5,64.67
434.64,29.6,71.58,1010.34,52.56
460.72,9.48,40.11,1025.49,73.81
427.04,28.42,73.4,1011.39,62.72
473.17,11.86,39.85,1013.0,66.92
470.94,14.48,40.89,1011.39,82.18
483.8,4.71,42.07,1005.35,82.26
447.35,21.7,60.77,1018.07,88.15
435.57,28.97,67.9,1006.19,65.81
465.49,14.1,44.84,1025.09,79.42
477.07,11.74,40.71,1020.64,82.15
447.67,23.82,48.92,1010.48,44.45
443.45,23.01,44.05,1006.56,74.95
448.58,25.77,68.08,1010.99,73.58
436.61,27.0,59.15,1013.12,61.39
466.51,11.92,40.62,1015.91,55.4
471.99,12.83,41.67,1012.84,84.29
455.52,13.69,43.22,1009.94,74.64
466.2,14.17,42.86,1030.94,66.47
477.07,12.82,41.58,1020.37,81.06
458.05,16.7,46.18,1012.6,96.15
480.96,6.5,41.14,1028.15,86.78
480.54,8.28,40.56,1023.29,79.44
431.39,28.46,69.75,1009.46,79.75
437.53,27.16,56.85,1012.07,39.05
472.27,14.12,42.86,1011.84,88.29
479.11,10.8,40.69,1014.3,87.44
453.26,21.4,44.57,1005.7,73.09
450.76,26.45,54.5,1014.96,65.55
441.04,27.39,66.93,1017.16,53.75
442.46,25.78,47.93,1003.67,67.23
438.63,9.5,37.36,1015.13,63.41
435.48,25.1,74.87,1010.01,79.41
425.68,31.98,70.17,999.43,59.42
474.97,11.71,40.05,1014.49,86.09
474.97,13.81,40.2,1013.66,88.16
439.45,21.95,68.63,1012.8,61.55
484.31,6.94,39.61,1017.74,81.43
469.34,14.26,42.86,1011.33,88.37
449.74,19.04,50.12,1010.53,100.09
471.23,14.65,39.28,1014.04,77.98
446.37,22.35,65.61,1016.27,73.93
439.3,33.33,73.03,1014.2,42.28
455.71,12.32,41.62,1012.16,88.37
444.51,29.55,66.25,1009.38,69.55
463.06,14.81,42.77,1017.83,75.09
452.64,19.48,58.66,1013.32,73.16
447.09,28.01,51.43,1011.6,49.2
425.68,31.46,70.79,1003.54,59.51
474.46,13.98,40.71,1022.72,71.83
437.18,27.32,73.42,1012.07,86.3
437.87,24.75,63.57,1010.47,84.24
439.74,28.29,61.86,1011.87,64.17
437.31,26.24,70.36,1005.4,82.43
481.18,9.54,41.17,1019.79,65.61
437.98,27.44,52.3,1008.15,58.92
448.11,20.86,51.3,1012.03,92.46
482.46,7.69,36.24,1013.08,88.37
450.07,22.97,64.15,1021.0,70.61
454.99,20.24,56.03,1019.78,59.8
484.86,8.5,39.16,1014.1,86.64
443.54,19.38,63.56,1013.13,83.54
451.74,21.31,58.05,1012.94,88.39
433.76,32.98,71.32,1003.67,49.78
438.01,26.49,78.92,1010.82,83.42
441.56,32.14,68.31,1010.48,42.15
473.34,9.45,43.5,1018.89,84.29
464.15,15.06,39.3,1019.63,63.32
467.57,15.7,44.21,1021.26,86.83
442.76,21.47,57.19,1006.45,75.8
477.62,9.08,36.71,1025.07,81.32
427.65,25.72,72.39,1003.01,86.38
440.42,20.25,63.91,1009.27,97.97
441.54,23.7,62.91,1012.26,57.89
432.67,31.84,71.37,1003.51,46.22
490.78,13.15,41.14,1026.72,80.31
480.83,10.33,41.44,1015.24,86.72
434.15,29.23,77.3,1002.71,65.24
458.07,20.29,65.27,1013.17,74.94
473.44,12.65,41.93,1023.07,65.05
444.9,25.06,65.46,1014.37,38.82
445.0,23.0,63.78,1015.85,70.46
445.55,21.9,47.43,1006.8,60.48
445.85,23.76,58.41,1013.85,85.38
481.38,10.05,41.17,1018.98,83.71
441.15,24.81,59.43,1009.42,54.64
450.94,25.69,64.45,1013.05,42.0
467.22,14.1,44.92,1023.95,89.5
481.38,10.17,41.46,1020.01,84.86
462.52,16.57,53.82,1015.17,63.69
456.25,19.02,44.85,1014.57,43.37
465.25,14.8,40.2,1012.87,88.35
439.72,29.39,69.89,1013.92,47.36
446.04,25.38,63.87,1018.7,52.48
464.71,13.52,42.34,1017.97,95.34
446.87,22.31,51.19,1009.38,79.72
461.96,17.55,43.14,1018.86,76.0
474.26,12.83,44.88,1017.86,87.88
438.45,26.77,74.22,1008.87,74.68
441.07,24.49,65.46,1015.77,44.95
458.67,15.21,43.56,1012.92,56.61
431.01,31.15,67.45,1014.85,42.11
454.6,19.45,38.52,1017.99,62.86
461.96,17.68,45.17,1017.5,77.57
449.11,22.01,58.46,1016.26,75.99
472.27,13.6,42.86,1013.37,87.52
460.97,17.63,40.55,1002.27,73.42
441.77,23.74,52.3,1008.88,76.34
446.87,21.34,51.61,1010.11,80.7
484.65,6.48,36.24,1013.62,92.03
444.43,24.32,59.14,1017.46,80.14
471.23,13.8,39.82,1012.37,83.69
433.84,30.74,71.77,1006.24,53.38
433.34,26.52,77.17,1008.71,92.32
446.3,24.01,46.93,1013.3,52.24
433.76,25.12,71.58,1010.18,87.5
431.12,33.26,68.51,1012.49,52.68
471.07,3.38,41.31,998.79,97.76
449.28,15.77,58.16,1016.09,82.56
473.56,10.75,45.01,1018.73,93.16
459.06,18.04,44.85,1015.13,48.4
451.0,20.79,50.59,1017.75,73.35
447.25,24.85,70.09,1006.56,70.09
469.37,14.87,35.71,1015.53,57.7
481.18,10.93,39.22,1019.44,64.94
489.25,9.51,40.46,1018.84,70.12
445.33,27.57,60.07,1016.52,54.75
450.86,26.13,48.06,1013.5,47.67
469.97,11.72,40.92,1023.35,88.55
464.12,13.32,41.7,1020.22,88.3
461.69,15.65,54.3,1018.0,69.66
435.66,28.98,70.8,1008.19,73.45
435.49,21.96,48.6,1004.87,76.27
452.94,21.29,47.45,1008.85,71.6
444.69,22.0,51.3,1012.87,85.79
455.11,16.49,49.39,1018.1,93.13
443.66,23.57,63.91,1011.65,80.74
448.75,22.72,69.13,1010.81,92.43
434.16,26.06,71.73,1009.65,77.02
432.27,31.11,74.16,1012.2,58.86
468.57,17.34,45.01,1013.22,77.71
449.91,24.42,64.79,1016.12,69.32
431.8,28.88,71.98,1005.37,74.24
463.37,14.28,42.77,1020.06,81.77
469.97,12.28,40.92,1023.23,89.14
454.6,19.92,38.52,1018.15,60.68
480.68,7.98,40.77,1008.69,98.65
434.45,29.17,72.99,1006.86,64.92
446.29,20.71,58.79,1017.48,86.67
436.99,25.15,62.91,1012.23,48.22
461.84,18.45,42.44,1013.45,63.52
433.35,27.96,77.24,1007.23,78.51
448.52,22.61,45.38,1013.92,62.91
473.72,10.62,39.64,1010.51,68.55
487.18,7.55,38.08,1019.37,76.32
434.92,28.84,74.67,1016.52,67.43
442.69,23.55,65.94,1011.76,58.44
466.17,19.11,44.85,1014.76,45.86
445.87,25.87,67.79,1011.16,79.88
472.43,11.68,40.55,1017.31,99.82
431.97,27.51,73.67,1005.71,76.75
471.23,14.43,39.82,1012.56,78.52
434.15,30.22,74.9,1003.57,67.15
459.47,18.41,44.9,1008.97,73.81
434.64,29.56,71.14,1011.42,53.18
436.51,31.54,77.24,1007.83,62.98
457.01,25.16,43.21,1011.73,88.69
436.15,30.75,73.88,1005.62,57.95
458.05,16.71,46.18,1012.06,96.6
453.09,20.29,63.09,1019.03,76.07
441.99,25.16,54.2,1012.69,58.02
437.73,22.56,66.48,1003.82,77.46
435.48,32.81,75.08,1005.09,42.0
435.04,27.04,69.98,1008.5,75.41
467.81,10.58,42.34,1022.32,94.01
439.15,22.91,66.44,1011.23,63.43
432.79,31.35,68.67,1005.26,66.85
470.92,10.55,41.55,1005.02,63.24
448.75,21.53,70.02,1010.33,95.95
474.79,13.42,38.91,1012.81,73.82
467.29,14.26,44.47,1028.81,72.19
435.48,21.89,74.78,1010.35,80.39
449.54,22.98,51.95,1006.83,74.92
454.72,18.63,61.27,1019.69,73.67
428.93,26.28,73.06,1008.06,90.7
470.92,10.12,41.55,1005.78,62.34
438.56,34.53,73.03,1013.53,36.74
431.93,25.55,71.64,1009.09,79.35
439.08,25.41,68.94,1007.21,69.2
444.9,25.59,65.46,1014.47,37.89
439.29,23.09,69.13,1010.93,90.07
471.92,10.31,40.67,1017.61,69.61
434.99,30.1,66.25,1009.38,65.41
468.57,16.81,42.86,1013.83,77.11
447.64,21.87,69.45,1014.04,71.19
457.01,26.75,43.21,1012.29,87.28
433.92,26.3,69.05,1005.37,41.7
434.73,27.19,64.96,1006.71,73.99
436.89,24.15,71.73,1009.76,85.16
430.32,29.28,77.17,1009.4,76.3
466.51,13.61,38.47,1015.1,54.98
447.3,22.04,57.32,1012.54,62.17
480.54,9.86,38.38,1018.22,85.35
437.57,25.81,66.51,1016.53,62.19
464.63,14.29,39.59,1012.36,92.38
433.71,23.15,69.48,1011.07,85.83
480.53,4.96,39.4,1003.58,92.22
449.28,19.11,58.95,1017.07,85.49
452.34,21.84,60.29,1017.23,66.89
433.35,27.4,77.24,1007.65,78.13
441.5,24.63,63.9,1014.53,75.24
440.22,24.37,68.14,1005.22,59.27
449.81,27.16,59.87,1011.78,58.84
475.46,10.67,42.02,996.55,99.94
472.2,11.2,37.5,1013.81,72.81
434.47,25.67,68.3,1017.16,74.19
434.08,25.93,69.34,1008.91,79.43
444.66,25.71,52.84,1006.32,53.29
438.21,22.98,73.17,1011.94,90.13
449.93,21.94,62.52,1015.99,74.56
443.49,22.67,68.08,1013.0,66.59
428.93,27.28,72.58,1009.21,89.96
454.14,20.24,56.53,1020.29,77.75
436.3,27.92,69.23,1013.21,44.43
438.71,31.95,70.79,1003.8,55.25
470.92,11.41,40.1,1014.27,91.17
446.62,23.74,63.9,1014.73,81.9
456.36,18.74,44.34,1019.4,55.16
477.65,11.22,41.66,1008.96,72.38
450.08,22.53,62.39,1007.84,86.4
433.47,26.31,77.95,1012.45,77.22
485.66,10.23,42.07,1017.93,91.1
438.63,9.07,36.3,1015.26,56.81
480.66,8.42,37.49,1009.22,82.15
482.22,4.87,42.85,1012.69,94.72
431.1,26.91,74.99,1005.64,78.98
468.09,10.77,41.44,1016.72,75.27
446.88,22.93,58.2,1017.75,54.09
449.76,20.19,44.57,1009.2,72.13
445.64,25.18,61.08,1013.08,80.75
460.01,14.1,41.16,1021.26,73.87
444.35,20.79,68.28,1001.42,76.77
432.22,30.56,72.39,999.96,69.81
457.45,17.67,53.16,1013.59,83.31
470.94,12.66,40.35,1011.37,82.77
442.73,17.28,65.94,1013.62,89.97
468.88,9.47,40.81,1026.44,91.87
457.16,20.32,39.72,1001.38,57.21
463.47,18.2,52.72,1025.87,54.26
493.16,7.81,40.71,1023.32,82.08
437.98,29.46,49.3,1003.88,54.1
436.28,22.68,70.47,1010.86,82.8
447.85,25.76,65.48,1017.82,54.77
448.51,23.3,52.84,1003.97,72.16
452.32,25.21,49.82,1016.44,63.14
454.72,18.82,61.27,1019.5,72.23
438.66,28.71,64.69,1006.52,68.38
472.63,7.0,41.55,1001.43,97.12
465.64,18.41,42.44,1012.66,65.93
434.91,29.06,71.64,1005.54,69.84
476.72,9.88,37.83,1005.68,97.61
447.35,20.06,60.77,1017.19,88.73
467.8,11.39,43.72,1010.91,98.83
434.91,28.7,71.64,1007.11,69.85
449.08,22.55,47.45,1008.65,67.9
444.16,28.08,59.14,1016.16,58.08
435.51,21.05,61.87,1009.69,62.81
457.45,14.47,48.14,1017.28,87.36
482.17,8.05,38.38,1021.14,86.39
466.59,13.41,45.0,1022.31,76.29
473.94,8.9,41.4,1030.83,85.63
453.28,18.83,48.98,1016.33,74.23
451.0,24.17,48.78,1018.08,75.14
440.92,26.73,49.02,1007.75,67.73
451.74,21.54,58.41,1013.99,86.34
444.39,26.12,63.31,1013.97,51.6
447.32,21.73,50.32,1008.51,84.62
439.74,28.28,61.47,1009.44,60.89
444.16,25.61,60.32,1015.77,56.48
431.43,25.28,70.32,1006.91,81.74
445.23,23.88,67.9,1005.99,67.58
425.11,34.6,64.96,1003.3,34.32
464.06,16.32,43.14,1014.72,70.43
443.44,23.56,67.79,1010.14,89.72
480.54,9.93,39.04,1023.78,77.08
432.13,24.93,73.5,1011.28,83.09
427.67,28.11,70.98,1007.76,85.6
435.54,29.2,64.84,1009.94,55.37
471.82,8.66,41.01,1022.51,98.55
481.18,9.35,41.03,1021.33,66.75
443.66,23.04,64.27,1014.29,80.23
483.31,7.38,41.22,1016.47,96.29
444.9,25.09,65.46,1015.29,40.13
487.45,5.47,38.68,1017.33,72.71
441.28,26.11,69.84,1002.57,84.99
482.74,6.62,42.49,1008.74,94.57
449.11,21.61,58.62,1017.61,76.07
430.75,29.97,70.32,1007.44,53.26
428.85,28.79,70.79,1003.83,65.9
439.06,23.9,61.41,1011.95,67.87
428.54,32.84,74.67,1015.89,31.81
469.97,11.11,40.55,1023.91,87.12
464.94,14.28,43.02,1012.97,49.44
444.28,19.94,61.87,1009.7,66.6
478.71,12.25,44.85,1014.13,85.25
465.25,15.15,37.64,1014.37,89.82
476.81,9.08,40.46,1019.48,77.37
431.12,26.58,70.98,1008.96,77.36
454.35,19.31,60.07,1014.86,69.37
436.51,33.3,80.18,1011.09,63.98
483.8,9.33,42.49,1008.93,82.59
439.59,26.96,65.34,1015.05,46.93
465.89,16.72,44.34,1019.26,63.77
472.27,14.38,45.09,1012.95,86.1
431.92,32.36,73.91,1003.88,59.84
441.3,27.08,63.78,1015.04,50.8
442.33,21.45,60.84,1017.86,82.8
448.93,20.25,58.33,1013.25,68.92
443.93,20.52,57.76,1017.03,81.19
433.82,26.04,68.08,1010.82,75.58
444.76,18.42,60.1,1009.77,86.75
476.03,8.06,39.96,1024.23,94.48
431.77,28.8,74.9,1003.48,75.01
438.21,23.34,73.5,1011.43,89.74
439.74,26.61,56.85,1012.48,48.84
432.61,29.24,74.67,1015.81,59.95
467.22,12.65,44.0,1023.03,88.73
474.97,12.08,40.75,1015.84,86.9
464.94,12.76,40.27,1006.58,49.34
442.48,25.65,49.3,1003.73,68.48
449.6,17.92,50.66,1012.62,93.0
465.2,16.45,41.48,1016.64,45.21
442.45,22.22,59.14,1017.32,83.41
458.75,18.56,42.28,1007.75,60.89
455.34,19.69,56.65,1020.84,72.14
448.9,20.27,63.56,1014.24,86.55
440.59,21.47,70.32,1011.72,88.36
467.81,10.1,41.58,1021.26,94.06
431.39,29.36,68.94,1007.5,79.91
445.41,18.62,59.15,1012.85,82.54
447.26,20.55,63.86,1015.12,73.98
484.97,8.57,40.69,1020.87,84.15
467.8,14.45,43.71,1025.26,84.23
432.79,31.17,70.98,1007.19,67.34
430.69,31.54,77.24,1008.23,70.19
467.8,14.19,43.71,1024.38,83.03
445.04,29.35,69.04,1008.55,61.78
435.66,29.63,69.59,1008.3,72.53
467.09,11.21,44.03,1007.95,93.03
474.57,13.74,41.16,1010.74,87.69
440.9,25.53,59.57,1010.65,82.04
433.74,31.67,69.89,1013.88,39.33
431.1,26.63,74.22,1007.44,78.5
438.89,24.66,58.86,1013.86,56.39
451.92,20.12,45.09,1013.73,57.78
478.96,9.52,39.61,1021.18,73.78
460.01,13.65,41.58,1020.56,72.17
436.51,25.44,66.54,1011.9,56.76
465.94,12.41,41.16,1017.45,93.64
464.32,14.05,41.39,1019.06,68.54
438.73,24.94,63.94,1012.72,73.71
484.65,6.08,35.79,1011.08,90.59
439.25,28.84,75.6,1018.41,53.96
480.74,7.51,43.02,1014.35,86.46
436.03,23.88,69.94,1007.48,61.0
430.11,31.88,66.44,1009.25,64.06
432.97,28.27,66.56,1007.36,55.99
451.11,23.96,51.3,1011.81,71.81
444.65,22.44,63.47,1012.02,91.08
472.9,14.01,38.91,1015.86,69.24
440.15,29.17,64.79,1016.43,61.05
465.32,14.53,39.0,1016.48,76.36
431.93,31.42,70.17,999.3,61.22
448.32,23.64,58.49,1011.4,74.2
447.09,26.25,52.09,1013.2,53.12
489.09,6.72,39.85,1011.84,84.66
443.66,21.9,63.13,1011.54,81.83
449.6,20.11,51.19,1007.82,92.06
434.95,29.22,73.18,1012.22,64.91
430.19,31.25,69.51,1010.25,36.83
480.15,8.13,39.99,1011.71,87.89
443.49,22.35,66.44,1011.19,65.41
463.09,13.87,38.01,1022.61,84.22
478.65,9.27,36.3,1026.93,72.13
471.42,17.32,45.0,1022.19,40.45
471.1,13.2,45.01,1013.96,78.78
460.02,15.83,45.01,1013.39,81.9
473.94,9.44,41.4,1027.64,86.22
438.02,26.17,48.92,1009.87,34.43
465.49,16.37,44.0,1024.61,78.26
479.11,10.74,40.05,1015.45,87.33
458.42,15.45,45.0,1023.63,70.74
430.62,28.54,76.86,1000.09,74.67
446.3,23.29,62.91,1013.35,68.25
481.18,9.54,41.17,1019.79,65.61
446.33,21.04,50.32,1008.41,90.19
443.13,23.56,60.77,1017.93,76.34
472.08,13.12,39.18,1023.11,64.33
434.67,26.03,70.32,1008.81,71.35
471.42,10.15,43.41,1018.4,82.07
435.51,25.87,59.43,1008.34,65.83
443.09,23.1,72.99,1008.85,90.54
441.75,22.35,63.94,1010.32,93.02
454.85,23.46,47.01,1014.41,69.19
435.86,29.76,73.56,1008.07,84.85
443.44,23.45,66.25,1009.1,90.28
433.19,33.18,72.29,1009.51,58.35
436.69,28.85,66.54,1010.73,43.27
439.03,25.37,66.75,1017.94,79.26
480.47,7.38,44.71,1020.27,70.55
480.83,10.9,41.46,1016.66,86.2
460.24,20.6,45.38,1014.93,75.78
474.97,13.43,40.1,1015.82,87.9
437.55,24.73,71.14,1009.07,68.87
442.53,24.36,68.61,1010.27,63.78
432.13,24.62,72.24,1011.39,83.94
474.24,10.87,37.5,1011.43,95.56
444.08,24.82,59.27,1012.76,72.34
452.32,25.31,49.82,1014.62,62.15
451.44,18.77,52.08,1004.02,99.86
448.08,21.5,61.5,1008.43,78.13
481.73,10.07,41.39,1019.89,70.53
437.28,27.92,68.3,1015.02,51.04
438.73,24.96,65.18,1012.68,76.19
448.75,20.67,70.02,1010.42,94.09
433.07,29.13,70.72,1009.61,67.49
443.06,24.47,75.23,1012.43,75.25
471.24,16.16,25.88,1009.58,72.24
454.26,21.32,59.8,1016.26,76.26
457.16,20.32,39.72,1002.0,51.71
434.99,24.32,71.14,1011.71,71.65
487.19,4.77,39.33,1011.32,68.98
449.61,20.87,63.31,1012.27,79.51
439.98,28.17,63.13,1012.44,66.61
436.7,29.64,69.51,1012.13,44.65
446.05,25.25,62.91,1012.51,62.64
442.33,22.25,60.77,1017.8,82.19
441.52,22.49,71.29,1008.24,75.8
436.71,29.16,73.17,1010.96,67.77
461.91,14.49,44.84,1024.09,86.55
471.61,11.95,41.48,1013.44,74.83
430.81,26.99,72.99,1008.0,76.1
428.8,26.36,73.68,1013.99,86.44
477.65,9.91,39.64,1010.57,75.82
442.9,23.94,51.95,1008.61,73.42
445.39,22.84,59.39,1014.61,80.36
466.68,13.64,44.88,1019.85,56.86
445.07,20.01,43.77,1012.13,65.53
459.06,18.58,44.6,1016.61,48.15
427.65,25.69,72.43,1006.86,86.38
431.12,26.98,72.58,1008.55,78.5
470.35,13.73,45.08,1023.55,81.64
436.37,28.67,69.14,1008.24,72.68
432.0,29.22,75.23,1010.49,48.73
438.71,25.67,74.78,1010.24,68.87
449.34,22.67,62.52,1016.47,65.63
463.6,16.44,44.0,1024.48,76.51
449.11,23.26,59.14,1016.98,76.29
451.74,21.14,58.05,1012.98,87.27
427.04,31.68,73.68,1014.85,64.0
480.68,8.8,41.26,1008.08,96.52
460.01,18.13,49.39,1021.29,82.52
437.96,22.68,59.54,1004.32,95.44
474.26,14.56,40.69,1015.48,73.73
436.15,29.28,75.08,1005.21,59.0
467.42,14.0,43.34,1016.37,85.51
444.69,23.76,74.22,1009.2,92.98
450.95,20.98,60.1,1011.07,79.44
438.5,27.61,59.54,1005.84,71.27
483.43,8.86,40.8,1028.18,91.0
441.07,25.64,63.87,1017.14,49.25
473.17,13.5,41.44,1015.72,68.36
428.54,33.94,74.67,1015.94,28.16
475.59,11.72,39.18,1024.19,68.53
436.37,28.61,69.75,1009.82,71.7
451.95,20.11,57.25,1010.36,88.89
426.64,30.61,67.69,1004.97,47.46
445.85,22.04,58.05,1013.11,85.22
445.31,27.62,67.51,1012.38,60.25
447.85,24.09,63.94,1017.59,51.02
443.86,23.22,63.07,1012.91,77.59
442.73,16.2,65.46,1013.97,89.84
489.66,9.7,40.11,1026.61,75.48
445.82,22.85,60.29,1017.29,61.92
431.25,31.18,69.04,1008.19,49.72
472.22,15.43,39.64,1008.58,87.99
455.31,24.57,49.5,1014.22,56.31
469.97,9.52,40.96,1023.48,86.49
437.24,26.38,66.49,1013.89,43.06
440.45,26.32,69.71,1009.39,67.05
448.51,25.92,50.16,1003.95,71.3
471.23,12.19,40.05,1014.77,84.39
449.76,19.79,44.9,1008.66,72.68
467.6,9.76,41.01,1019.66,97.59
465.09,16.74,41.16,1006.87,74.24
475.76,11.34,41.54,1020.25,75.83
439.4,25.9,47.45,1007.8,55.96
468.57,16.63,43.77,1012.25,75.09
458.67,17.45,50.9,1012.16,83.8
457.91,23.34,45.61,1012.73,74.09
438.86,24.41,58.59,1012.62,64.52
460.53,12.31,44.78,1011.15,77.34
472.9,10.35,37.14,1013.37,69.26
437.54,33.43,66.44,1010.29,53.45
483.13,5.64,40.62,1015.76,85.98
437.37,24.8,61.02,1009.86,71.75
450.86,24.33,46.93,1013.72,48.27
469.57,14.87,38.28,1014.65,80.24
480.96,7.66,41.92,1031.96,82.48
435.99,27.61,69.68,1012.79,77.01
438.21,23.4,72.99,1009.48,88.82
470.78,13.98,44.58,1016.48,77.59
449.28,18.12,58.95,1017.82,86.16
454.47,17.12,48.6,1007.38,79.15
481.18,9.56,44.71,1021.13,64.6
444.53,24.85,58.05,1011.5,70.12
477.3,11.63,41.5,1013.6,87.11
462.74,17.19,43.14,1014.34,68.62
466.73,15.68,43.7,1015.09,58.96
439.59,23.64,69.94,1005.2,64.53
478.82,10.19,44.63,1020.58,91.64
432.59,27.71,70.32,1008.63,64.05
484.08,9.12,41.54,1018.61,79.26
458.18,15.78,48.6,1007.24,84.23
445.31,27.55,68.08,1011.42,60.71
465.32,14.5,39.0,1017.04,75.75
449.54,23.88,51.95,1005.37,75.25
433.86,25.01,66.56,1004.55,82.46
444.76,22.36,58.79,1011.77,87.51
444.76,27.76,44.89,1009.4,50.15
482.52,9.95,43.56,1014.85,82.62
449.26,17.48,58.95,1016.49,90.35
452.66,17.35,47.83,1006.71,80.57
466.47,12.82,43.5,1022.38,84.32
430.27,28.86,49.3,1003.93,52.85
437.65,33.41,77.95,1010.3,59.72
466.47,13.63,43.5,1022.12,84.32
432.25,24.49,70.79,1005.51,88.65
439.98,25.58,63.47,1011.44,66.81
437.27,24.25,74.93,1013.07,69.31
482.77,9.59,38.56,1017.52,61.89
450.07,23.27,64.15,1020.98,71.18
434.45,23.09,70.47,1010.76,79.89
440.31,28.35,70.32,1009.22,47.13
454.89,19.62,68.63,1012.26,68.05
447.36,29.13,47.93,1002.5,49.1
440.28,21.92,66.54,1012.49,79.82
472.43,12.52,40.24,1020.45,97.41
451.44,18.17,52.08,1001.91,100.09
439.87,27.5,65.59,1011.23,65.37
465.32,14.48,39.0,1016.75,75.97
456.36,19.41,46.63,1013.23,86.28
447.02,24.43,47.45,1007.68,65.18
439.56,25.45,63.76,1009.96,67.78
479.64,10.07,39.66,1015.37,83.78
462.65,18.85,48.06,1012.52,67.88
446.04,24.65,64.63,1020.52,53.45
453.09,18.99,62.1,1020.0,76.76
481.73,8.8,39.42,1025.17,68.72
472.75,10.16,41.79,1021.35,52.4
433.35,27.75,77.24,1007.48,78.37
450.08,23.43,61.47,1007.84,87.11
435.91,28.62,69.98,1013.3,68.53
465.96,15.82,43.34,1014.52,79.07
443.45,22.61,44.05,1005.69,76.74
449.34,23.96,60.95,1015.01,65.24
436.15,29.81,73.67,1005.6,60.91
433.07,26.98,70.94,1007.99,68.16
488.53,7.64,41.17,1020.01,75.14
451.0,20.07,42.23,1012.86,74.11
448.39,19.05,59.21,1017.99,89.53
449.48,26.27,58.33,1013.81,60.43
450.61,22.45,57.76,1017.55,58.6
431.19,26.52,73.21,1002.3,95.38
436.88,24.73,69.94,1006.09,59.15
441.86,26.11,70.36,1007.64,70.12
476.22,10.87,38.38,1020.85,69.78
482.17,7.19,38.91,1016.53,88.61
474.26,14.91,39.28,1014.57,75.23
463.47,19.5,52.72,1025.21,50.21
443.39,22.96,68.61,1011.15,76.62
439.11,29.74,56.9,1007.15,41.91
465.16,16.03,41.23,996.35,82.04
458.6,17.35,52.72,1026.31,58.01
466.42,11.26,39.35,1015.47,99.28
441.43,27.82,59.15,1012.74,42.78
428.85,28.15,71.94,1006.73,68.21
464.27,14.66,42.77,1019.37,79.79
440.92,26.56,49.02,1007.65,70.78
464.27,15.49,42.07,1018.01,78.07
436.71,29.29,73.18,1012.4,66.65
445.67,21.69,57.17,1011.75,82.63
437.65,33.67,80.18,1010.83,60.87
448.93,20.79,57.32,1012.47,70.09
435.08,23.35,71.85,1009.32,73.48
444.01,27.01,43.77,1011.18,46.58
432.95,27.71,69.13,1001.63,51.45
448.51,23.48,49.16,1002.7,70.22
465.09,17.77,43.72,1009.01,77.7
434.45,22.24,69.23,1011.83,79.37
447.15,24.6,57.85,1012.92,69.56
449.74,19.06,50.16,1011.36,99.64
448.59,14.56,47.45,1009.52,91.14
431.93,26.62,71.73,1009.32,80.1
445.72,23.03,59.04,1011.85,81.24
463.9,13.73,41.92,1031.01,64.92
466.17,13.79,42.07,1018.27,88.06
438.62,23.46,73.18,1012.07,88.14
458.28,19.58,52.9,1017.46,64.64
464.33,12.76,43.7,1015.13,65.34
490.57,6.93,43.13,1018.61,88.31
476.22,10.63,39.61,1020.0,72.42
461.73,17.46,39.99,1008.52,69.73
487.48,6.15,40.77,1022.42,88.57
480.47,6.9,44.71,1019.7,71.21
447.13,25.77,59.39,1014.76,69.99
440.48,27.86,63.07,1011.11,56.81
472.75,7.91,41.79,1021.86,54.92
446.62,22.35,63.47,1013.21,82.52
449.74,17.65,62.1,1019.63,84.3
460.88,16.96,52.9,1019.61,81.86
456.49,18.71,53.16,1013.26,82.64
445.64,24.22,61.86,1013.39,80.11
449.13,23.61,59.39,1015.11,78.84
464.79,14.01,45.08,1023.28,82.49
436.38,31.33,76.86,997.85,64.43
463.06,12.86,44.77,1018.75,74.73
474.46,16.4,38.01,1022.2,73.05
445.67,22.49,58.82,1009.73,85.19
438.66,23.75,61.5,1008.16,69.14
441.7,28.92,66.51,1015.5,34.51
467.77,12.11,41.17,1019.46,62.59
467.8,13.64,43.71,1024.41,84.46
435.16,28.52,57.82,1004.81,57.82
443.26,24.79,59.21,1017.9,53.83
440.9,24.27,60.37,1005.13,77.16
442.58,31.59,62.7,1009.3,50.16
450.22,23.25,51.86,1013.54,78.34
448.93,22.1,58.33,1013.71,69.09
439.71,24.97,54.2,1012.68,74.25
472.22,11.96,43.41,1017.42,79.44
426.22,35.03,68.27,1006.55,43.82
448.9,17.97,65.94,1012.92,88.22
442.04,24.24,70.32,1009.38,82.83
484.42,5.04,40.64,1021.35,93.63
461.73,17.18,40.55,1000.47,72.03
469.51,11.24,25.36,1009.26,97.47
436.3,32.69,72.86,1003.57,56.84
435.48,27.6,73.42,1011.91,83.66
482.78,7.5,38.06,1021.96,83.45
464.14,22.15,43.77,1010.81,60.08
468.8,18.18,44.63,1020.41,48.64
471.24,17.19,37.2,1011.84,67.59
478.37,10.42,43.79,1016.22,90.75
467.1,12.74,49.83,1007.44,91.47
448.54,27.43,56.85,1011.86,36.76
448.58,23.68,68.12,1011.18,72.45
467.29,13.83,42.86,1030.77,75.09
471.0,16.58,41.93,1022.36,45.24
463.5,13.41,45.0,1021.65,45.24
459.91,16.61,50.9,1013.18,85.26
490.68,3.99,39.9,1009.74,96.81
448.3,23.39,63.21,1011.91,84.57
465.33,14.42,41.16,1004.32,88.42
473.34,7.11,43.13,1018.96,87.82
468.09,13.7,45.64,1019.18,92.66
436.39,24.43,65.18,1012.57,77.83
434.08,27.39,69.14,1008.82,78.35
450.94,26.94,62.91,1011.68,41.3
461.84,19.09,42.44,1012.93,63.59
468.87,15.46,44.6,1017.7,68.2
425.11,31.94,74.99,1002.05,34.12
479.32,10.58,41.49,1020.43,91.9
448.39,19.95,58.46,1017.45,89.46
483.13,5.82,40.62,1016.79,85.04
467.9,12.72,44.9,1007.6,71.8
461.69,14.87,54.3,1017.17,71.57
433.34,29.17,67.45,1014.1,46.85
460.02,14.13,43.7,1015.94,80.89
444.43,22.67,60.77,1017.56,79.43
440.23,28.01,64.69,1007.61,58.45
439.72,30.93,70.83,1010.61,46.13
442.53,23.01,66.54,1009.86,64.53
434.44,32.53,77.95,1014.76,58.1
442.13,26.57,44.57,1007.76,50.39
480.54,11.64,40.1,1015.5,87.05
463.39,16.31,42.28,1007.45,77.77
451.92,20.03,45.01,1012.73,56.89
448.93,20.79,65.59,1014.9,77.0
472.33,17.3,42.24,1017.07,64.52
446.3,25.86,61.08,1013.51,67.5
475.75,9.8,41.82,1032.98,67.55
438.24,25.42,75.6,1017.39,77.63
434.09,28.75,77.24,1008.92,77.17
452.73,18.58,46.97,1014.25,74.09
442.07,22.56,70.79,1005.85,93.09
451.74,23.05,48.98,1015.64,49.33
441.21,26.78,52.3,1008.52,61.23
469.97,10.13,39.18,1024.09,85.48
434.38,31.97,69.04,1008.5,47.69
472.16,8.95,36.18,1014.08,76.94
483.59,7.57,39.61,1018.66,85.73
457.01,25.97,43.21,1011.9,88.73
443.13,24.56,60.27,1017.63,74.5
439.74,30.71,64.05,1011.75,62.81
445.98,13.8,39.39,1013.85,81.95
449.91,20.21,58.12,1015.36,79.18
460.02,16.77,45.01,1013.47,81.42
429.21,29.18,71.43,1011.65,59.49
456.64,17.86,52.9,1015.71,67.99
490.68,4.24,39.9,1009.28,96.74
445.57,24.11,59.27,1011.02,78.18
467.1,15.5,40.12,1012.79,96.75
467.6,9.62,41.01,1019.43,97.99
477.62,5.05,35.57,1027.03,80.02
431.93,26.81,71.29,1009.65,80.69
463.39,15.68,39.16,1006.09,75.62
453.94,21.85,63.86,1020.16,68.84
433.34,30.98,67.45,1015.18,45.4
432.97,30.14,67.69,1006.54,57.05
431.45,29.89,71.29,1009.0,55.72
436.95,29.42,56.9,1006.51,53.6
435.14,26.6,61.02,1010.26,66.16
452.73,19.64,48.06,1014.81,74.96
467.81,13.16,54.3,1017.33,82.43
438.42,33.17,70.4,1004.45,58.0
463.48,16.14,44.71,1014.83,39.41
442.07,25.34,71.06,1007.74,92.52
445.9,21.12,63.56,1014.16,81.42
475.37,13.41,39.35,1015.1,79.32
466.95,13.38,40.12,1013.92,96.96
463.6,17.27,43.52,1021.37,76.73
458.05,16.69,46.18,1010.8,96.8
483.3,7.8,39.04,1018.46,66.5
436.87,27.14,75.23,1011.47,63.14
449.76,21.08,44.05,1008.13,72.52
427.53,32.23,69.13,1000.61,55.1
466.95,13.48,40.73,1017.59,94.81
471.85,10.45,40.0,1019.01,89.01
432.52,25.43,70.17,1000.46,87.84
486.9,7.09,39.37,1020.07,73.26
432.0,31.24,74.22,1007.74,48.77
441.15,21.92,61.87,1009.68,58.83
473.09,10.74,52.75,1021.75,75.41
475.86,13.67,41.48,1017.51,63.54
472.63,9.79,39.69,1002.36,93.86
467.71,14.04,39.64,1011.09,87.22
448.3,24.43,61.25,1011.66,85.24
452.84,14.88,42.28,1007.26,71.3
476.22,10.68,38.38,1020.79,72.33
465.0,14.22,42.32,1015.54,77.23
463.03,14.47,44.66,1016.33,93.52
483.13,7.19,40.81,1015.22,85.65
473.72,11.73,37.92,1008.24,65.13
464.62,10.94,43.67,1012.36,73.3
465.32,14.44,39.0,1017.06,76.02
434.07,24.53,74.78,1009.9,78.34
437.53,29.72,54.2,1012.86,38.48
456.72,17.52,44.05,1008.87,85.67
469.15,12.99,44.0,1025.22,90.27
479.64,10.04,39.66,1015.84,82.31
433.9,30.5,66.75,1017.55,38.2
434.98,33.11,69.75,1008.88,42.08
474.57,13.41,40.89,1010.85,89.61
439.2,26.98,74.78,1009.77,69.54
470.41,15.19,42.03,1017.38,71.66
434.88,28.24,64.69,1007.35,61.14
439.74,29.04,60.07,1014.88,47.23
467.02,13.74,45.08,1024.97,84.79
474.4,12.58,39.72,1017.85,57.74
449.57,17.3,47.45,1010.29,87.13
431.93,28.0,69.05,1000.82,65.24
465.24,15.15,53.82,1016.34,62.59
443.88,25.47,65.34,1015.3,50.31
450.57,20.78,68.28,1008.75,60.87
441.01,26.12,49.02,1008.63,72.04
466.95,13.78,40.73,1017.55,94.28
432.95,26.28,68.14,1005.61,53.17
433.57,27.76,75.33,1003.69,79.62
462.6,18.26,49.64,1024.92,62.82
487.48,6.4,39.18,1024.6,86.83
442.13,26.31,44.57,1007.51,52.6
426.46,32.89,73.68,1014.45,52.34
484.18,6.74,36.08,1020.36,86.98
443.66,22.69,65.18,1012.47,80.9
433.29,33.11,77.54,1010.36,50.99
449.98,22.28,58.86,1014.08,66.47
439.25,28.84,75.6,1018.41,53.96
433.84,31.75,74.99,1003.25,53.33
478.81,9.6,41.82,1032.93,72.63
440.28,21.54,69.48,1011.04,80.48
475.74,13.33,38.47,1015.42,58.27
472.08,12.73,37.73,1021.89,61.76
432.97,28.73,68.24,1008.31,56.85
479.32,9.0,43.13,1020.25,81.32
438.31,31.1,68.51,1012.99,54.3
435.16,28.81,56.86,1005.82,56.86
464.31,14.95,42.74,1027.66,66.71
451.92,23.04,48.06,1014.16,54.99
439.08,24.04,68.94,1007.62,69.11
439.59,27.69,65.34,1014.31,46.59
444.1,28.82,64.79,1016.74,56.34
442.04,25.23,69.34,1009.51,82.87
480.15,8.77,40.77,1011.54,89.58
480.47,7.61,44.71,1019.41,70.48
439.25,28.37,75.6,1017.48,55.19
452.6,21.82,50.66,1013.74,73.6
465.92,14.82,42.74,1028.04,69.81
459.91,13.97,52.05,1012.05,85.36
439.3,31.74,72.25,1012.21,41.62
428.93,27.27,72.58,1009.25,89.31
448.32,23.95,58.79,1010.45,74.34
436.65,29.08,66.54,1004.67,64.5
435.11,28.3,64.33,1011.23,68.88
467.09,12.66,43.67,1012.49,95.96
427.04,30.12,74.16,1013.13,63.56
436.26,29.44,65.51,1014.82,56.49
442.65,25.95,59.92,1010.05,76.05
433.7,32.5,71.37,1003.75,43.8
447.02,23.97,44.57,1007.35,62.71
449.13,21.97,58.12,1015.29,77.47
430.64,32.17,73.21,1001.43,69.86
467.44,12.35,40.73,1019.03,95.53
456.55,18.03,53.16,1013.06,82.03
434.98,32.07,71.29,1008.43,44.95
436.37,31.39,69.59,1008.28,62.86
466.51,11.92,40.62,1016.66,55.25
474.58,10.65,41.78,1013.66,70.04
431.01,31.24,68.3,1015.89,42.84
475.02,9.13,39.04,1022.36,74.6
442.07,23.39,71.25,1005.22,93.7
463.89,11.95,42.03,1017.58,90.89
429.73,33.3,68.14,1003.02,53.43
440.9,24.27,61.47,1007.84,80.85
459.72,18.13,39.72,1002.75,58.85
454.99,21.9,55.5,1018.85,60.27
432.97,27.52,67.9,1005.65,59.52
457.44,16.76,48.14,1012.92,65.74
473.55,12.77,36.71,1013.29,86.4
462.52,16.44,53.82,1015.4,63.16
439.11,29.01,70.32,1007.26,60.55
451.42,18.9,57.5,1016.21,93.9
432.13,22.33,71.94,1011.06,82.85
438.86,26.58,59.39,1014.49,65.87
461.62,17.36,52.9,1015.42,69.97
435.54,28.18,64.84,1009.22,56.04
445.67,24.63,59.57,1010.45,85.36
465.74,13.62,40.2,1014.2,85.05
460.73,16.62,54.3,1017.99,63.76
464.18,17.33,41.35,999.51,68.36
452.12,20.72,63.94,1017.17,59.83
486.9,6.89,39.37,1020.21,74.17
434.98,33.61,69.88,1007.4,42.51
437.76,27.38,59.21,1012.74,53.53
443.66,23.21,63.94,1013.56,80.23
432.52,26.13,71.25,999.8,88.47
470.98,15.18,44.2,1019.6,72.45
475.55,5.66,39.42,1024.7,78.52
471.69,15.75,36.99,1007.67,93.8
435.95,29.45,75.6,1018.12,50.68
441.54,20.12,69.45,1013.23,88.48
436.33,22.8,73.17,1011.87,91.57
431.5,29.93,71.85,1008.43,66.64
426.62,29.25,72.99,1006.85,61.15
433.7,34.14,74.34,1000.19,43.56
446.29,19.47,58.79,1016.8,87.26
447.13,24.03,58.46,1015.71,70.15
466.7,12.71,43.02,1012.25,62.68
448.55,26.6,61.41,1012.35,54.42
439.59,27.09,65.61,1014.22,48.13
434.45,26.44,71.77,1006.68,81.45
437.87,28.31,65.71,1014.67,59.29
468.55,10.87,44.71,1021.38,58.22
440.49,29.54,69.48,1008.91,56.07
456.36,15.98,41.48,1017.0,55.73
434.08,24.27,70.47,1008.96,78.31
436.32,29.78,70.98,1007.82,77.59
433.62,24.05,64.69,1006.63,69.2
430.98,28.59,80.18,1011.36,89.18
462.98,13.97,40.24,1018.32,88.72
489.66,11.56,40.43,1025.48,74.75
454.25,20.07,49.21,1012.34,56.8
437.25,31.19,68.3,1014.86,39.1
449.73,18.39,67.71,1003.77,92.48
481.73,9.78,43.8,1022.25,69.64
430.26,29.26,69.34,1009.76,58.64
473.88,9.53,38.38,1020.49,80.08
444.69,22.32,48.41,1008.68,79.11
462.73,18.95,42.23,1013.01,79.4
467.44,11.55,42.34,1020.78,94.56
441.07,27.3,65.12,1016.24,44.87
450.75,22.1,68.63,1015.19,59.05
443.59,17.12,68.28,1003.56,94.29
462.67,14.85,45.87,1009.37,84.65
471.8,10.33,40.69,1014.25,84.46
451.45,19.45,46.33,1013.39,99.52
475.59,12.16,40.81,1025.79,70.97
482.56,7.65,36.3,1016.5,65.51
489.1,4.31,38.5,1011.75,82.08
466.4,19.04,43.43,1009.25,68.74
433.06,26.02,70.79,1004.21,79.12
443.26,26.09,60.29,1017.72,50.83
441.68,27.14,65.27,1013.26,55.17
445.82,22.67,58.2,1016.91,60.75
493.3,7.28,40.67,1020.16,72.7
437.27,25.62,73.17,1011.65,86.45
452.34,22.33,59.8,1016.84,67.09
447.25,23.93,68.28,1005.16,69.91
439.77,29.07,51.43,1006.22,61.58
455.14,15.79,50.88,1014.58,99.9
427.91,28.81,64.96,1000.46,68.05
471.36,17.07,44.9,1020.74,70.18
431.12,32.51,69.98,1011.92,49.45
445.76,22.11,59.8,1016.74,73.9
455.29,18.41,62.1,1020.4,78.1
431.52,28.9,71.25,1000.73,77.24
476.12,10.47,44.21,1017.87,85.34
472.2,10.09,37.14,1012.99,72.59
438.45,27.09,73.5,1011.34,76.06
452.66,17.44,44.89,1009.9,80.54
449.4,23.76,58.82,1011.75,77.34
433.7,31.11,69.05,1002.37,41.56
440.15,23.86,63.77,1014.6,82.37
466.47,15.09,40.89,1010.15,92.0
484.97,9.26,39.61,1021.18,84.58
458.6,15.83,52.75,1024.3,58.34
479.64,9.96,39.66,1015.23,82.98
443.54,19.3,65.59,1014.07,81.98
448.03,19.91,51.19,1008.0,90.23
446.87,23.18,51.43,1011.56,81.83
459.39,19.13,45.38,1014.72,81.95
444.38,24.6,63.78,1017.25,60.33
432.65,29.38,74.9,1003.25,72.19
427.9,29.15,69.48,1008.68,55.78
437.65,31.03,69.59,1007.77,63.96
452.84,21.84,45.09,1013.94,46.11
480.15,6.28,43.02,1013.72,88.13
447.32,22.48,50.32,1008.47,83.58
430.11,31.51,71.97,1007.84,71.18
465.87,15.67,41.1,1004.1,77.93
480.54,13.24,39.16,1016.52,86.66
471.36,17.1,43.52,1020.3,70.51
427.22,32.32,67.9,1006.08,37.93
445.0,23.51,63.78,1016.1,69.79
469.48,13.58,40.75,1016.05,76.45
470.92,12.43,40.27,1007.08,61.56
463.91,16.37,39.64,1009.19,76.92
480.74,7.64,43.79,1016.17,84.45
453.83,21.03,59.8,1015.86,76.63
433.76,33.37,73.88,1005.8,47.94
448.9,18.92,62.26,1012.05,85.99
460.01,20.61,48.78,1020.8,85.05
445.0,22.38,63.31,1014.76,73.8
426.62,30.2,73.67,1006.31,62.14
436.32,31.02,70.4,1006.24,77.86
449.28,17.64,57.76,1016.28,85.04
437.53,28.85,58.33,1013.78,41.39
436.89,22.4,70.94,1008.06,84.52
448.75,19.13,68.61,1010.65,94.92
445.57,23.79,59.44,1012.53,79.48
440.75,22.12,60.37,1008.75,92.13
433.34,29.14,67.45,1015.51,46.47
458.04,20.17,56.03,1019.47,56.77
431.32,29.3,74.16,1007.72,81.92
483.13,5.7,40.62,1016.07,84.94
432.56,25.5,68.08,1011.13,72.86
450.62,16.06,47.45,1009.97,88.09
439.59,27.75,65.34,1014.8,45.91
439.84,25.12,66.56,1009.22,65.62
446.12,22.78,62.44,1011.79,75.43
439.05,29.3,69.48,1010.1,53.69
480.96,8.01,40.02,1031.33,85.01
474.7,16.58,38.01,1023.5,60.14
447.16,17.08,58.86,1016.04,87.46
461.38,17.54,44.58,1016.56,79.0
437.8,26.93,56.9,1006.25,77.79
443.49,22.52,67.32,1011.4,66.2
474.26,13.48,46.18,1018.15,88.38
479.64,9.05,40.0,1015.48,80.91
455.49,19.93,56.65,1020.7,62.82
435.54,29.68,64.33,1011.2,57.73
439.05,30.52,70.04,1010.62,54.47
475.59,12.54,40.8,1024.56,68.97
433.92,27.6,69.05,1003.87,42.01
452.66,18.48,46.48,1007.53,82.57
458.18,15.24,48.6,1007.08,86.49
488.36,4.41,42.07,1005.54,68.85
461.96,15.82,44.88,1018.59,78.88
443.09,24.65,72.43,1007.99,90.05
463.47,19.02,52.72,1025.44,51.9
439.77,23.32,69.13,1010.75,91.84
435.79,23.99,68.12,1012.92,70.68
473.78,10.12,39.96,1025.98,98.63
474.1,12.53,43.56,1014.8,74.05
451.44,18.11,52.08,1002.51,100.09
435.96,24.94,59.07,1008.89,84.79
439.32,30.92,59.57,1010.87,62.43
462.16,12.68,45.01,1013.86,83.26
443.88,25.41,66.49,1014.06,51.09
462.72,14.12,39.4,1008.02,76.45
427.91,28.33,64.96,999.71,69.66
465.61,14.77,49.15,1020.56,80.27
433.07,29.0,70.72,1009.51,67.72
451.44,18.02,49.78,1003.86,100.09
477.3,11.55,40.6,1014.44,87.06
463.47,15.31,52.75,1025.21,55.22
470.39,12.36,37.73,1021.36,65.45
447.02,19.45,58.95,1017.79,93.46
444.51,27.05,67.79,1010.99,71.37
479.91,9.73,40.22,1011.48,87.88
472.02,11.11,37.5,1013.68,73.67
463.6,13.01,41.58,1020.82,78.41
475.18,11.76,40.96,1023.22,81.31
465.16,17.58,39.63,1004.84,80.43
441.99,27.54,51.43,1012.3,54.82
434.29,29.79,77.17,1009.68,64.0
466.99,13.83,40.2,1013.28,90.44
435.01,32.05,77.24,1008.06,67.09
432.65,28.14,76.86,1000.7,70.17
435.48,34.11,73.56,1006.77,45.92
442.07,22.83,70.79,1006.36,92.07
447.02,21.04,47.43,1007.15,64.82
474.46,12.39,40.75,1016.05,81.91
436.71,27.7,72.24,1011.02,67.6
463.39,16.62,39.99,1007.07,77.14
436.65,25.27,67.07,1006.34,66.35
479.32,9.52,41.26,1020.55,89.73
448.71,17.74,58.33,1013.55,81.8
439.83,22.9,49.3,1003.45,80.95
467.03,14.86,43.14,1019.21,99.14
435.41,26.71,66.25,1008.11,79.28
472.27,13.42,42.86,1013.88,85.13
427.65,25.82,72.39,1003.4,86.33
465.23,15.14,44.21,1019.97,83.86
478.47,10.17,41.17,1018.58,87.72
440.52,27.44,65.59,1010.76,68.67
440.15,23.94,63.21,1013.52,83.12
435.9,25.16,74.33,1014.55,76.7
465.89,12.88,42.74,1026.25,74.54
435.77,31.87,67.32,1013.65,36.69
447.85,22.18,65.46,1016.74,54.02
479.32,9.41,41.54,1019.48,82.19
455.71,12.17,40.6,1013.59,88.62
436.37,30.57,69.71,1008.94,59.99
434.91,28.16,70.98,1008.51,72.12
485.58,9.72,43.41,1016.25,76.39
462.1,11.9,39.16,1016.53,84.59
448.97,7.1,41.74,1022.25,91.07
468.45,11.47,40.27,1005.39,77.4
435.69,28.19,67.45,1013.97,49.76
478.65,9.75,36.66,1026.21,70.12
479.21,7.55,43.65,1019.09,61.71
454.14,19.9,56.53,1020.52,78.05
471.56,12.45,40.56,1017.84,66.52
480.05,9.15,39.61,1018.11,75.29
462.98,14.38,40.66,1016.34,92.37
440.22,26.16,67.9,1005.81,61.02
457.91,22.63,45.61,1014.14,73.06
438.71,30.51,70.79,1004.55,56.05
449.81,26.2,60.07,1014.75,59.41
433.89,25.77,69.04,1009.66,65.49
464.31,14.74,44.47,1028.29,67.87
459.98,17.02,44.85,1014.38,62.66
457.45,17.68,53.16,1013.09,82.79
489.25,8.93,40.46,1019.03,71.0
478.52,9.49,40.69,1015.09,91.31
438.21,23.48,72.99,1009.61,88.16
449.01,22.69,49.21,1012.64,46.83
470.98,12.65,44.34,1019.4,71.45
474.17,12.79,44.68,1022.51,99.55
469.48,13.01,41.17,1017.26,76.2
432.26,30.76,69.14,1007.63,71.24
445.84,22.56,47.43,1006.72,54.82
446.94,20.7,58.16,1016.73,68.19
455.69,21.09,50.9,1012.42,69.09
438.86,26.35,59.44,1012.16,63.73
426.22,35.1,68.27,1006.96,43.51
469.52,14.43,38.28,1014.76,79.76
466.73,16.32,43.56,1014.4,59.77
465.78,12.21,40.64,1020.31,83.84
438.68,32.13,69.98,1013.3,55.85
443.09,25.68,70.32,1009.08,90.48
439.06,24.4,62.26,1011.62,70.1
483.8,6.41,40.81,1026.57,93.51
450.26,23.38,65.06,1014.12,59.36
434.15,30.21,75.33,1002.24,66.71
453.8,22.88,50.23,1016.11,63.77
434.01,27.99,71.58,1010.68,68.99
465.26,16.01,49.64,1026.35,77.75
439.32,31.08,59.57,1010.76,60.49
438.5,23.09,70.02,1010.58,77.85
444.35,21.03,69.05,1002.17,75.35
469.52,12.05,49.83,1008.54,95.11
463.75,14.73,54.3,1016.75,67.13
425.11,32.56,68.14,1004.02,35.04
489.45,6.99,40.07,1014.83,54.36
465.64,18.84,40.79,1005.18,92.46
493.16,6.18,41.38,1020.23,81.38
462.86,13.72,49.83,1006.88,89.49
439.74,29.48,59.27,1010.99,51.23
445.98,14.35,39.39,1012.92,82.41
451.4,19.47,43.43,1011.66,69.93
438.45,26.92,73.17,1011.42,76.94
432.56,26.16,70.04,1009.63,73.22
455.11,19.77,49.39,1019.02,91.03
438.25,26.92,62.44,1011.09,70.8
439.25,27.54,75.6,1018.26,57.89
459.72,18.75,41.1,1001.97,59.6
433.82,26.29,68.24,1010.71,76.95
439.59,27.16,65.61,1014.21,47.93
469.52,16.0,39.16,1016.37,77.63
475.02,10.38,37.73,1021.5,75.02
431.77,30.29,74.16,1008.77,75.23
436.78,24.69,71.73,1010.13,70.54
471.99,14.16,40.89,1010.78,82.86
474.24,9.97,39.99,1010.09,95.0
442.24,21.96,51.43,1007.28,89.96
441.56,32.43,68.31,1010.09,42.22
434.47,27.99,69.89,1013.94,51.25
455.21,18.15,45.01,1013.06,72.4
482.52,8.83,43.56,1014.9,81.55
441.28,26.62,70.36,1005.15,84.99
441.56,32.96,68.31,1010.39,42.33
431.82,24.67,68.61,1010.71,57.47
441.86,27.06,70.47,1007.0,72.37
433.97,25.0,69.71,1009.23,80.92
467.96,15.47,38.73,1001.13,77.61
459.1,17.36,41.23,998.08,63.46
441.56,29.62,70.02,1010.09,43.1
464.81,13.54,40.69,1015.85,77.55
439.55,24.52,59.15,1014.03,74.83
482.77,9.73,38.56,1017.18,61.81
449.91,20.6,65.12,1015.53,71.57
435.79,25.16,68.08,1010.89,70.16
440.42,20.86,63.73,1008.54,96.83
473.56,10.31,45.01,1018.42,93.67
447.06,20.37,69.48,1011.04,84.31
470.98,17.58,44.9,1020.52,71.48
460.88,19.04,51.86,1018.05,79.01
434.67,25.38,71.73,1009.97,72.6
433.29,32.81,77.17,1009.17,53.13
454.85,19.41,67.32,1012.34,78.8
439.01,21.73,69.05,1001.31,86.64
445.85,22.29,56.89,1014.39,84.89
434.64,29.39,71.14,1010.97,53.88
449.91,20.08,58.12,1015.53,80.84
460.01,16.51,51.86,1022.37,81.18
469.0,14.47,42.99,1009.78,91.15
460.97,17.37,40.55,1001.19,71.42
465.61,17.03,43.99,1021.5,82.32
440.22,25.91,67.07,1005.66,60.12
476.15,6.03,40.78,1025.53,98.68
432.27,31.9,73.42,1010.82,60.58
453.08,20.03,47.45,1009.04,77.56
432.73,31.23,68.67,1005.82,52.1
470.35,13.8,45.08,1023.99,79.72
470.22,15.52,41.93,1022.97,52.92
451.11,23.68,51.3,1011.86,71.24
433.71,23.25,70.32,1009.28,86.52
444.69,24.58,49.02,1008.85,79.32
438.63,8.3,36.3,1015.97,60.62
472.63,9.27,42.02,1004.29,95.05
467.12,15.52,42.86,1015.09,83.48
429.41,30.71,68.24,1006.15,34.15
469.51,11.47,25.36,1008.27,95.4
439.11,30.51,70.94,1007.64,59.42
432.95,26.43,66.48,1004.36,55.9
430.26,28.65,70.32,1008.46,58.13
454.25,21.38,49.21,1012.49,53.77
449.74,19.97,59.21,1017.87,83.46
461.69,19.38,54.9,1017.08,70.46
456.36,17.77,44.6,1016.97,54.25
475.32,7.04,41.74,1021.91,88.55
431.12,30.3,69.51,1011.8,50.43
460.02,14.91,43.34,1015.15,81.56
435.2,26.87,69.23,1012.71,54.54
446.91,18.86,51.43,1010.27,86.0
445.07,20.77,43.77,1010.76,63.12
463.06,12.2,44.77,1018.64,76.1
454.72,16.17,41.79,1005.78,78.8
469.37,11.69,35.76,1019.02,55.6
487.33,9.17,40.67,1019.03,66.21
475.46,10.82,42.02,996.03,99.34
444.69,23.08,48.41,1008.44,82.35
471.69,12.74,39.13,1008.19,94.81
435.16,26.85,57.19,1007.9,60.04
433.44,28.44,69.4,1003.98,73.51
466.2,14.02,42.86,1030.86,68.36
455.63,14.57,41.79,1007.61,82.85
470.41,15.4,40.69,1015.1,70.25
462.44,16.75,42.23,1013.81,84.98
432.26,29.83,68.67,1005.33,71.15
434.88,26.25,66.56,1008.29,60.65
446.3,27.17,63.09,1015.59,68.33
433.07,27.49,71.94,1008.25,68.29
464.71,11.7,41.16,1017.98,95.71
438.45,24.37,73.42,1010.19,76.01
443.66,26.14,61.02,1010.13,66.71
468.76,15.91,38.62,1016.2,63.63
480.99,9.24,41.4,1030.72,87.36
470.8,14.09,41.66,1009.25,71.4
460.7,10.61,37.5,1008.8,100.13
432.65,28.72,76.86,999.31,71.74
465.32,16.61,25.88,1009.34,65.47
446.74,24.35,51.86,1014.34,67.22
435.93,26.95,72.24,1011.16,73.14
464.12,13.89,41.49,1020.02,86.47
453.09,20.98,47.43,1007.39,68.15
442.89,24.74,63.87,1016.91,55.65
462.67,16.12,45.87,1008.15,86.12
466.73,20.94,44.58,1016.98,59.65
448.51,21.01,58.96,1014.33,61.8
477.62,6.52,35.57,1025.37,78.32
461.91,13.14,43.71,1024.47,87.42
465.49,13.93,44.47,1025.35,81.54
462.67,14.46,45.87,1009.21,84.09
444.65,21.83,62.91,1011.07,91.34
479.32,9.97,41.26,1020.6,91.14
466.63,15.09,43.13,1015.71,54.36
433.76,25.63,71.58,1010.14,87.57
443.09,24.17,71.58,1010.16,89.96
466.63,18.6,43.56,1013.9,51.16
425.68,31.05,69.13,1000.38,58.49
472.02,10.19,37.14,1012.74,73.48
475.96,13.26,41.78,1009.77,61.69
478.81,9.66,41.82,1033.19,73.19
434.97,23.6,62.44,1011.52,78.12
458.07,15.91,71.14,1019.7,72.65
489.02,8.79,40.67,1019.5,66.3
440.49,30.88,67.83,1008.97,54.99
452.34,20.98,60.07,1016.26,67.18
465.92,14.2,42.86,1031.96,69.59
441.43,25.69,57.32,1012.34,44.18
444.76,23.65,59.92,1010.19,89.53
464.06,15.48,44.99,1011.94,69.95
471.56,10.64,39.61,1018.33,66.81
469.83,14.48,38.92,1015.6,90.05
478.73,10.47,43.14,1010.35,86.86
442.89,24.65,63.86,1018.37,56.15
458.27,16.2,45.76,1014.73,89.84
444.66,28.61,52.84,1006.0,45.73
450.08,23.13,61.47,1008.96,85.5
475.14,13.55,42.99,1007.58,97.55
456.88,18.71,54.9,1017.12,74.79
460.45,14.35,49.83,1006.39,91.23
437.65,29.79,69.34,1008.82,65.13
437.53,29.64,54.2,1013.0,39.56
462.66,15.11,45.01,1017.01,84.39
445.33,25.02,60.29,1017.49,54.75
443.5,23.61,49.16,1002.39,65.63
474.79,16.05,38.28,1014.38,73.89
449.74,19.59,59.87,1018.28,84.83
439.55,23.23,56.89,1012.87,75.43
475.32,9.41,43.5,1021.0,88.74
487.18,6.63,39.37,1020.33,76.18
436.0,27.89,69.88,1007.99,85.62
446.87,22.54,51.95,1007.29,79.28
474.87,14.0,40.8,1026.17,54.82
489.09,6.87,39.85,1012.66,83.34
438.47,30.47,70.02,1009.65,62.03
445.04,27.33,68.94,1007.04,61.83
470.2,13.7,34.03,1018.82,69.07
438.52,22.03,59.43,1006.88,82.05
434.2,30.32,74.22,1008.31,53.14
466.73,17.13,43.79,1016.09,58.94
427.65,26.3,71.94,1006.64,85.12
455.11,17.55,48.78,1016.81,91.27
444.43,23.34,59.14,1017.47,78.91
450.61,23.26,58.2,1016.72,57.98
484.97,8.07,41.17,1019.4,86.43
448.45,24.45,68.63,1013.38,45.35
454.47,18.41,49.69,1006.66,80.55
449.74,18.22,58.2,1017.09,81.92
465.96,16.54,42.86,1014.85,78.0
436.7,30.01,65.18,1012.87,43.95
442.78,29.19,67.51,1011.48,55.55
463.9,14.58,41.92,1030.42,61.96
444.28,19.41,64.45,1009.44,64.05
446.37,18.95,65.48,1018.17,71.85
480.83,11.36,40.75,1016.34,85.19
448.32,23.79,58.49,1011.0,75.39
471.0,16.55,41.93,1022.71,42.73
448.51,21.43,59.14,1015.91,64.4
444.76,18.98,60.1,1010.09,85.34
461.96,16.38,55.5,1019.8,82.44
442.86,23.26,59.21,1017.71,67.16
435.38,22.55,69.84,1006.57,76.29
469.97,10.01,40.78,1023.71,88.11
450.22,23.33,54.2,1012.47,79.48
447.64,20.89,68.63,1012.6,69.52
465.25,14.18,53.82,1016.9,64.57
473.34,8.94,42.07,1018.9,85.93
428.67,28.61,69.84,1004.02,67.26
436.15,28.59,75.08,1005.58,60.3
467.42,13.91,40.24,1017.03,85.93
426.07,32.21,71.85,1008.25,58.09
463.6,15.34,43.5,1021.18,79.44
432.56,27.0,69.34,1008.88,74.4
436.39,23.63,65.59,1013.1,76.95
487.19,6.79,38.5,1012.61,72.46
471.11,9.01,40.77,1022.37,90.3
456.36,17.92,44.2,1018.97,53.8
489.1,9.05,40.67,1015.57,75.48
437.27,24.17,73.18,1011.72,86.1
439.56,26.92,63.73,1010.29,68.6
458.6,15.59,52.75,1024.3,59.93
481.38,10.17,41.46,1019.34,83.04
474.24,10.66,37.5,1009.42,95.86
439.72,32.48,69.89,1013.98,46.39
433.92,29.05,68.24,1007.88,42.67
426.28,32.91,73.68,1014.49,50.62
494.3,6.1,40.07,1020.21,67.24
440.15,25.11,63.21,1012.21,83.58
469.64,7.89,71.14,1018.4,86.49
442.14,22.82,69.94,1004.65,73.47
466.73,14.13,43.41,1015.26,55.63
479.43,9.32,36.3,1027.9,77.02
471.85,11.86,40.55,1019.82,91.45
487.33,10.05,40.46,1018.71,67.38
470.94,11.22,40.22,1011.01,81.67
433.84,31.68,70.79,1004.05,54.5
468.88,10.27,42.34,1022.69,92.78
478.82,9.34,40.77,1012.14,90.81
430.01,28.83,66.44,1008.47,77.49
436.0,24.01,67.17,1007.44,86.87
478.74,9.68,41.48,1018.24,71.04
463.5,14.86,44.71,1018.3,49.46
438.63,8.74,36.3,1015.18,61.97
458.05,16.55,46.18,1009.97,96.54
441.21,27.65,48.41,1008.54,58.25
481.38,10.1,41.17,1019.18,84.87
440.23,28.75,64.84,1009.61,58.24
447.35,18.75,63.09,1018.19,87.84
471.0,18.32,45.0,1022.67,46.38
436.37,28.62,68.24,1010.15,69.31
460.7,11.46,39.1,1010.17,100.15
469.5,13.92,43.41,1015.12,61.64
435.48,22.89,74.78,1009.79,81.57
447.02,21.13,47.43,1006.97,64.26
447.25,24.78,68.94,1007.29,70.56
454.47,17.03,47.83,1004.94,79.68
447.85,25.41,65.12,1016.01,53.39
450.08,21.47,60.93,1006.46,87.83
478.74,10.8,41.39,1019.74,74.08
438.63,11.67,36.18,1016.03,61.44
457.41,19.61,56.65,1020.64,63.74
447.02,21.48,47.43,1006.88,63.54
447.06,21.48,66.91,1008.58,84.49
471.08,14.17,43.13,1014.94,48.62
441.73,24.15,64.63,1020.72,58.06
433.74,28.81,69.23,1013.14,39.18
458.05,16.53,46.18,1010.2,95.42
440.28,22.1,68.12,1012.71,79.77
455.14,16.22,50.88,1014.33,100.09
475.86,10.9,40.67,1016.66,65.09
466.99,13.9,40.2,1013.13,89.91
432.98,30.61,77.17,1009.49,73.19
480.74,5.9,45.87,1013.25,87.0
482.0,5.67,45.87,1008.91,93.29
448.9,17.82,65.94,1013.44,88.13
467.6,9.34,41.49,1020.58,97.59
444.1,27.07,66.93,1017.32,55.38
427.65,25.52,71.98,1006.89,86.94
436.51,33.37,79.05,1007.19,62.64
449.73,22.25,66.54,1004.64,89.15
442.75,28.34,63.77,1013.7,61.13
433.84,32.87,71.32,1004.36,54.69
484.96,9.84,40.72,1022.21,77.79
463.75,15.8,53.82,1015.87,68.48
441.52,21.96,71.85,1009.38,75.98
483.31,8.3,40.35,1012.37,98.17
438.63,8.39,36.3,1015.39,62.23
455.52,12.55,39.58,1010.68,76.9
441.34,24.37,65.61,1014.5,65.67
434.98,33.43,69.88,1006.86,44.84
475.59,13.04,41.04,1026.27,69.75
471.23,13.52,39.39,1012.91,84.03
472.16,11.46,38.91,1012.34,77.37
447.92,19.75,57.32,1010.76,79.29
478.31,7.19,39.37,1019.67,70.77
437.92,26.76,70.98,1007.64,90.51
428.85,29.67,71.98,1005.16,67.75
441.56,32.86,66.44,1010.98,44.99
473.09,10.02,52.75,1021.93,73.68
465.87,17.41,40.55,1003.91,76.87
439.72,26.53,65.61,1014.29,50.9
437.65,29.82,69.75,1010.09,65.02
432.26,30.56,69.14,1007.49,71.0
467.57,13.92,43.5,1021.14,88.44
470.22,19.94,38.52,1018.4,55.9
465.57,21.03,44.78,1007.99,36.82
435.77,31.33,65.18,1011.97,36.62
464.12,11.7,41.16,1019.58,87.49
459.38,16.94,50.59,1018.75,94.22
440.45,26.06,67.83,1009.26,66.37
455.63,15.39,42.28,1007.35,81.35
474.24,10.98,37.5,1011.12,97.51
439.2,28.41,74.16,1010.29,72.09
489.1,4.88,40.27,1012.66,74.51
493.3,6.58,40.67,1020.18,71.07
471.47,13.79,40.0,1016.02,70.17
431.96,27.16,71.32,1007.81,89.07
476.15,7.65,41.01,1024.31,97.17
463.39,16.3,41.16,1007.88,76.61
441.73,23.04,63.86,1019.83,59.78
441.74,25.74,65.38,1009.6,54.34
453.26,24.31,44.05,1006.16,73.3
438.36,23.43,69.23,1013.09,63.48
463.35,14.91,46.9,1019.59,98.1
432.0,31.28,75.08,1005.39,49.53
434.88,25.84,67.83,1009.26,59.55
453.8,24.57,49.82,1016.82,65.25
464.14,13.42,48.04,1011.63,99.32
445.87,25.31,65.59,1011.16,79.71
444.76,22.78,59.92,1011.28,88.78
452.64,20.19,58.86,1014.3,71.64
465.16,17.98,39.63,1005.42,82.12
434.07,22.71,75.23,1010.48,76.86
465.78,13.68,41.7,1019.19,84.07
436.65,24.87,65.75,1006.45,65.75
448.97,7.53,41.74,1022.45,90.85
436.51,24.97,68.61,1011.0,55.04
462.67,13.55,40.71,1019.13,75.44
478.81,8.66,40.11,1032.86,75.31
461.38,16.84,45.01,1016.14,75.74
435.38,23.05,68.67,1006.69,76.43
450.44,17.7,49.78,1005.19,100.09
448.75,19.39,68.61,1011.09,96.51
439.11,30.05,56.9,1007.02,41.96
449.61,19.82,63.9,1013.19,78.96
455.52,19.1,56.53,1020.18,76.38
458.67,17.47,43.56,1014.15,54.71
447.36,23.86,45.87,1007.71,48.73
440.52,26.31,63.77,1014.15,69.36
434.47,26.74,69.89,1013.96,51.82
471.92,9.94,40.46,1018.9,68.51
432.52,27.01,71.25,1000.46,87.95
446.87,21.01,51.19,1008.44,81.49
435.48,34.97,73.56,1006.57,44.69
450.75,22.51,68.63,1015.1,57.19
447.64,21.03,67.45,1015.01,68.59
435.95,29.05,75.6,1017.63,51.16
444.59,23.6,57.17,1009.84,74.27
485.58,5.62,43.65,1017.9,77.43
446.37,21.16,65.48,1016.99,72.79
445.76,21.89,58.62,1016.15,74.59
478.3,9.66,40.05,1015.78,89.06
435.96,25.69,59.07,1006.89,82.34
478.96,8.33,38.08,1018.94,73.78
483.31,7.32,41.22,1015.42,97.25
460.33,21.11,41.67,1012.44,52.86
474.46,12.25,40.75,1016.02,82.4
448.51,24.57,51.95,1005.8,70.07
452.56,16.64,48.92,1011.55,78.76
476.89,11.57,41.54,1020.13,69.14
439.25,29.23,75.6,1017.72,52.26
440.38,32.37,67.83,1008.32,57.39
443.26,26.17,58.86,1014.52,51.28
483.3,6.05,38.68,1017.46,66.13
482.52,8.64,41.66,1014.14,80.44
432.61,25.91,75.6,1018.23,62.65
439.84,25.02,59.92,1009.9,76.27
440.45,25.96,68.08,1010.86,67.07
447.15,25.5,59.27,1012.92,68.88
459.67,14.85,45.01,1013.12,85.53
448.43,19.06,44.63,1004.23,84.43
462.74,15.22,41.67,1013.18,67.17
431.93,26.07,71.37,1008.6,79.48
480.47,7.62,44.71,1020.56,69.96
454.67,16.94,49.64,1024.43,69.22
436.0,26.18,69.14,1006.54,85.95
447.32,21.91,48.7,1006.89,83.97
451.87,23.24,63.78,1017.1,63.8
444.69,22.48,50.05,1005.55,82.36
475.49,12.8,41.16,1022.43,86.19
435.9,26.17,66.54,1002.23,75.6
427.04,29.71,73.18,1012.35,63.06
482.17,7.41,39.16,1015.23,90.66
452.85,16.25,58.16,1018.34,78.59
465.49,14.28,44.84,1024.84,79.09
441.8,22.12,47.93,1005.5,84.47
441.4,23.06,63.9,1013.54,65.28
474.79,13.46,39.85,1012.76,72.94
440.92,26.76,49.02,1007.96,70.05
447.09,28.57,51.43,1012.02,47.79
471.92,10.31,38.18,1018.02,70.1
433.74,28.47,69.23,1013.18,40.73
478.82,8.35,40.77,1011.77,90.25
438.89,24.42,57.32,1011.46,55.92
443.45,25.64,50.05,1006.97,67.72
483.92,7.69,39.96,1023.9,89.18
474.73,11.54,45.51,1017.19,83.02
454.72,15.62,40.89,1007.01,79.21
456.25,18.74,45.09,1014.24,41.54
447.46,20.12,65.94,1009.93,76.24
454.43,17.85,48.14,1017.16,86.68
460.88,17.21,52.9,1019.91,77.31
442.02,20.99,67.07,1005.17,82.41
462.81,17.69,46.36,1019.55,86.64
456.92,20.58,49.15,1021.42,56.15
469.56,12.04,38.25,1013.08,82.45
434.91,29.07,71.64,1006.07,69.53
443.88,21.81,65.46,1013.97,52.16
490.78,9.48,40.8,1023.82,78.98
470.78,13.69,44.85,1016.89,79.87
439.05,32.18,69.75,1009.94,52.91
445.57,23.48,60.23,1011.91,79.48
430.32,27.82,76.09,1007.83,76.07
433.55,25.26,74.33,1014.79,79.56
468.45,14.12,42.99,1007.13,78.16
444.43,23.14,60.27,1018.51,80.54
464.72,17.74,50.88,1015.56,89.78
479.32,10.15,41.17,1019.38,82.3
475.74,8.35,43.79,1016.2,85.23
446.87,20.35,68.61,1011.17,86.69
456.71,22.06,45.61,1014.3,77.75
465.23,15.64,44.21,1020.17,83.28
478.65,9.32,36.66,1027.46,70.76
441.65,29.28,65.71,1013.76,48.05
484.08,7.52,39.61,1018.61,78.96
442.78,29.08,67.79,1010.91,55.96
478.94,7.55,42.85,1011.21,93.25
442.13,26.51,44.57,1007.56,52.23
441.07,26.52,63.94,1018.23,42.41
484.97,8.07,41.17,1019.4,86.43
449.03,25.35,63.21,1012.31,80.16
455.52,11.36,41.48,1012.8,76.16
468.27,11.89,40.64,1021.29,97.16
454.84,20.19,66.86,1012.97,64.7
455.69,20.04,48.92,1011.14,68.92
484.34,10.32,39.28,1016.56,94.13
477.89,12.01,41.48,1017.75,66.67
447.98,23.08,61.86,1013.44,84.64
454.85,19.81,66.54,1013.88,80.09
439.59,24.1,71.29,1007.96,67.56
470.8,14.47,39.58,1011.31,69.85
433.29,32.25,77.54,1010.46,54.57
479.64,9.51,40.81,1015.69,82.52
472.22,12.63,41.48,1009.61,87.69
432.22,30.91,76.2,1008.53,58.08
489.1,8.38,39.22,1015.03,75.14
433.54,22.63,57.17,1009.83,77.43
487.48,5.71,40.77,1022.49,87.9
474.27,13.09,43.67,1012.22,91.91
445.22,22.72,62.4,1010.28,80.79
443.09,23.67,72.24,1011.22,90.45
462.73,18.19,43.96,1011.87,79.68
452.32,25.58,47.01,1014.5,63.53
484.31,6.79,40.0,1019.01,81.83
452.86,19.05,62.96,1020.48,83.04
441.5,25.32,63.77,1014.55,74.69
470.41,15.09,39.52,1017.05,72.43
438.62,23.44,72.24,1011.28,88.03
481.73,8.26,44.71,1020.85,68.82
465.32,17.22,36.71,1013.77,67.92
436.3,27.46,68.08,1013.06,46.49
480.54,11.52,40.03,1017.56,87.87
438.25,27.55,63.13,1012.92,71.29
484.33,6.5,38.5,1013.92,90.1
469.56,13.35,39.58,1012.41,83.45
449.11,21.5,59.87,1019.05,76.56
444.69,22.46,48.41,1008.66,80.85
443.86,22.05,63.31,1012.39,76.95
457.26,18.28,41.1,1002.0,65.69
465.25,14.56,53.82,1016.37,64.46
434.16,26.0,70.47,1009.61,74.66
466.95,13.14,40.66,1016.47,94.76
445.57,24.17,59.44,1012.66,78.53
432.83,26.11,73.17,1009.8,65.18
476.12,9.38,44.77,1020.41,85.26
455.53,18.77,49.21,1012.2,58.69
484.08,10.0,39.66,1016.83,78.91
483.63,10.1,44.03,1008.11,90.29
471.79,10.35,40.27,1005.09,92.42
474.97,12.95,40.1,1015.31,86.01
442.97,21.76,47.93,1005.34,86.28
446.74,25.06,52.36,1014.7,67.98
473.41,8.39,52.72,1026.06,86.76
438.5,23.56,71.85,1009.67,74.78
445.57,23.58,58.82,1009.68,81.38
453.35,20.71,45.61,1013.64,82.39
466.68,13.4,41.78,1010.2,64.57
465.94,10.36,41.46,1017.53,92.04
464.56,13.67,42.32,1015.41,79.04
438.47,29.35,71.58,1010.07,61.8
484.65,6.61,36.24,1013.57,91.8
470.8,13.92,39.85,1012.64,68.03
441.74,27.18,62.66,1009.89,52.83
477.89,11.41,41.54,1019.94,66.49
432.95,26.61,69.13,1002.05,51.97
450.57,20.32,67.71,1007.42,63.71
453.26,20.97,44.63,1007.64,73.69
447.09,25.34,49.5,1013.25,50.8
489.09,6.22,39.85,1012.05,86.88
473.88,11.87,36.43,1023.42,79.5
474.46,11.92,41.2,1016.99,81.24
433.53,28.15,71.25,1000.51,81.04
439.59,28.01,65.34,1014.68,46.86
465.09,16.51,41.79,1007.1,74.03
474.79,13.51,39.31,1012.18,75.19
448.9,18.34,65.94,1013.27,85.42
463.16,10.04,41.62,1013.36,95.17
454.14,20.3,56.53,1020.27,76.49
447.92,18.6,56.85,1012.34,80.24
448.11,19.79,51.19,1008.77,94.72
471.56,11.18,39.61,1018.56,68.0
478.52,10.91,40.1,1014.07,91.45
453.08,18.92,46.93,1009.89,77.98
463.3,14.1,42.18,1015.05,78.25
445.57,24.69,59.92,1010.12,80.58
450.86,23.61,43.77,1011.81,56.08
449.81,27.0,60.96,1012.36,58.97
471.42,15.87,45.0,1021.92,40.0
431.77,30.2,74.34,1004.17,74.77
464.32,14.18,39.3,1020.1,67.48
474.58,11.23,43.67,1012.57,72.1
439.14,32.95,75.08,1005.32,47.7
450.86,24.33,46.93,1013.83,44.59
478.5,9.55,38.08,1019.34,68.38
440.0,27.58,65.27,1013.51,50.43
441.0,25.56,58.82,1010.44,70.23
486.9,5.74,37.8,1021.37,74.47
479.43,8.22,41.82,1032.77,71.63
445.57,23.18,59.04,1011.44,79.28
445.31,26.91,70.02,1010.75,59.48
460.73,16.14,54.3,1017.93,65.68
447.58,20.69,50.78,1008.71,91.95
433.62,24.18,66.48,1003.3,70.99
489.1,2.8,39.64,1011.01,82.96
439.11,25.26,65.61,1014.43,58.35
473.09,10.11,52.75,1021.79,76.08
468.57,17.44,45.01,1013.65,75.13
443.13,25.37,59.14,1017.27,78.07
480.99,9.45,41.92,1029.32,91.09
472.54,10.39,39.69,1003.31,89.6
428.8,26.2,74.67,1016.69,84.38
447.02,22.85,47.43,1008.13,66.36
464.88,12.65,44.03,1007.13,85.23
473.44,15.14,41.93,1020.95,61.26
439.05,28.51,70.02,1010.58,54.68
442.07,22.55,70.79,1006.19,92.56
439.15,24.35,66.49,1012.48,62.12
465.94,12.64,41.79,1016.38,92.65
437.87,24.2,64.33,1011.15,84.23
485.58,7.52,41.66,1015.2,78.41
453.28,21.54,58.12,1015.33,78.67
449.7,23.43,60.32,1015.34,69.34
445.22,23.24,63.76,1010.1,79.16
439.03,24.67,69.14,1006.25,88.51
476.15,6.77,40.78,1024.86,96.58
438.68,31.94,69.98,1013.32,56.17
447.58,20.83,49.02,1009.45,91.92
484.09,8.37,39.99,1010.36,93.26
467.29,13.75,44.47,1029.63,70.74
439.11,30.82,70.36,1006.47,58.79
444.59,25.16,57.17,1009.86,75.7
447.0,22.1,65.48,1019.3,66.96
458.6,18.7,52.72,1024.84,57.72
448.39,19.76,58.79,1017.37,89.09
433.74,28.45,69.23,1013.07,39.46
466.38,13.58,49.83,1008.9,86.8
443.39,20.83,67.32,1011.76,73.11
471.07,5.85,41.55,1001.95,99.41
465.64,16.99,40.89,1011.54,64.51
473.72,10.68,37.92,1009.59,65.05
469.61,14.65,35.4,1016.16,60.26
432.56,26.2,71.14,1007.92,72.95
441.56,32.74,68.31,1010.23,41.29
459.14,15.78,41.16,1008.43,80.25
480.54,12.41,39.28,1017.08,87.02
438.86,25.36,60.07,1015.06,66.11
443.93,20.56,60.08,1017.79,78.08
444.37,24.92,63.86,1019.19,59.24
435.77,31.88,67.32,1013.64,35.1
446.74,24.51,51.86,1014.64,67.57
482.17,8.48,40.05,1015.89,90.25
427.67,27.76,71.97,1008.53,86.97
479.33,12.08,41.39,1019.45,78.3
438.62,23.56,73.18,1012.18,87.98
475.76,11.77,41.06,1021.45,76.63
447.46,21.37,65.94,1010.73,75.09
467.42,14.02,43.34,1016.06,85.8
471.36,17.53,44.9,1020.5,71.1
469.37,14.89,35.71,1015.1,55.11
469.5,14.81,43.7,1015.1,60.72
428.44,28.99,68.24,1008.75,66.57
436.88,30.49,70.32,1011.34,66.33
449.73,21.59,66.54,1004.88,90.54
445.26,24.46,61.9,1013.88,87.16
441.8,21.63,50.16,1005.7,84.84
448.66,21.46,46.63,1012.97,71.29
489.22,5.7,40.35,1012.18,91.57
434.67,27.11,70.04,1009.76,71.25
477.52,9.95,41.82,1033.09,69.44
451.44,18.68,46.0,1002.2,97.17
447.06,18.41,65.94,1010.23,84.71
455.57,19.02,49.25,1019.75,58.29
438.25,26.25,61.02,1011.47,71.22
449.42,18.07,63.31,1016.65,72.81
431.66,26.17,70.47,1010.25,68.96
449.01,23.83,49.21,1012.93,46.79
445.41,21.11,59.39,1013.87,85.29
465.92,13.9,42.86,1030.82,71.89
431.19,26.64,73.56,1004.98,93.31
466.7,21.5,45.38,1013.88,64.28
474.4,11.61,41.17,1019.57,58.82
484.12,6.13,39.48,1005.17,53.5
474.97,12.72,40.6,1013.45,86.16
471.42,17.29,44.63,1019.6,41.98
430.35,31.8,69.05,1000.77,49.82
451.0,19.16,43.43,1012.36,72.59
443.09,23.62,73.67,1007.0,90.8
476.81,7.87,41.17,1020.33,77.77
438.86,25.78,59.15,1013.61,66.68
434.91,29.29,72.58,1007.39,72.85
432.22,29.58,76.2,1008.37,60.73
440.16,24.29,63.57,1010.29,87.3
447.13,25.25,58.46,1015.54,70.76
432.05,31.74,72.58,1007.26,59.58
489.09,7.39,39.85,1011.63,83.61
433.34,28.5,79.74,1006.75,87.09
438.24,29.98,67.22,1014.22,52.69
437.37,22.94,61.5,1008.25,73.45
433.06,25.85,70.36,1005.59,78.23
433.55,21.09,74.93,1015.11,81.93
439.77,27.28,47.93,1003.46,59.22
444.08,23.86,59.21,1013.02,73.6
471.85,13.33,40.64,1020.92,91.47
450.08,23.66,60.37,1006.91,87.13
452.66,16.8,44.9,1009.14,79.78
442.76,22.12,57.19,1007.56,76.5
439.91,24.82,57.19,1007.82,71.46
489.66,11.09,40.43,1025.47,74.97
477.12,7.64,40.81,1026.67,95.24
437.76,27.78,60.07,1014.66,53.74
483.3,6.49,38.68,1017.94,64.81
479.11,10.97,40.6,1015.0,87.59
438.42,25.27,63.91,1009.82,75.48
467.42,14.07,43.34,1015.79,86.0
455.94,18.9,47.83,1005.31,77.79
489.0,4.49,38.44,1015.47,76.96
479.91,5.94,39.9,1007.84,86.33
449.48,21.94,64.15,1021.2,61.75
440.03,21.35,59.04,1012.28,95.71
482.56,7.94,35.77,1017.04,63.22
452.65,23.6,60.08,1017.51,63.02
433.9,29.73,67.25,1017.64,37.79
469.97,10.51,39.04,1023.95,85.35
482.46,8.7,36.24,1013.34,89.5
438.47,29.6,69.82,1010.49,61.66
445.68,24.26,56.57,1013.86,70.35
450.32,20.61,60.1,1010.84,80.57
465.32,14.2,38.62,1017.83,77.57
469.1,8.77,42.49,1010.7,86.78
433.44,27.38,69.4,1004.57,74.12
474.79,12.98,39.64,1013.95,74.39
431.92,32.38,73.91,1004.05,61.69
448.71,19.2,58.71,1009.8,84.62
435.35,27.37,63.73,1009.79,65.25
451.95,18.77,58.66,1010.34,87.25
448.32,21.95,59.43,1010.29,74.67
434.76,26.73,77.95,1012.31,78.35
447.64,16.02,71.14,1019.75,70.42
453.08,18.86,46.48,1007.28,78.47
445.0,21.7,64.44,1014.95,73.33
464.54,20.25,44.78,1007.93,40.16
479.23,11.42,41.38,1021.98,60.19
493.16,6.37,41.03,1022.23,80.36
468.93,14.54,42.99,1009.27,90.88
445.68,24.43,58.05,1011.88,71.39
471.23,15.92,37.64,1014.93,83.73
435.99,27.51,71.29,1009.43,76.92
452.65,23.64,60.95,1014.92,64.91
484.08,9.0,41.54,1018.83,79.61
426.53,28.98,73.42,1011.25,72.9
455.5,18.31,50.9,1011.87,86.83
460.56,15.82,44.2,1018.96,66.73
465.82,14.88,41.66,1009.4,67.15
439.59,27.49,63.78,1015.43,47.45
480.83,10.74,41.46,1016.76,84.59
448.9,18.21,62.26,1011.97,87.28
461.73,17.2,40.55,1000.68,72.67
487.03,8.66,36.25,1028.22,86.96
464.14,20.59,42.04,1009.78,62.77
444.58,22.86,58.96,1014.03,54.96
436.24,23.31,68.63,1014.73,51.57
465.09,16.71,42.99,1007.72,75.35
491.9,4.97,38.91,1018.99,89.86
432.79,31.95,70.8,1008.38,66.26
470.2,13.89,35.71,1016.4,65.49
455.31,26.92,51.43,1012.29,59.33
440.76,23.0,60.37,1005.34,83.73
444.19,25.95,59.27,1010.9,70.42
467.85,14.84,38.91,1013.78,69.27
442.04,22.5,70.94,1008.04,82.39
434.44,31.84,77.95,1014.9,55.35
465.28,19.35,39.39,1013.91,61.53
439.84,24.26,67.69,1008.48,66.74
447.64,21.95,68.08,1012.91,69.36
452.42,16.07,65.46,1013.88,87.11
435.99,30.21,79.74,1006.82,54.03
466.59,13.66,45.0,1021.97,79.04
484.86,9.76,39.16,1014.19,85.4
464.15,15.69,39.3,1019.03,60.57
493.16,5.29,41.38,1020.62,83.83
443.88,26.72,65.61,1014.41,52.01
463.6,12.68,41.4,1021.59,78.57
434.99,29.24,64.33,1011.49,65.08
466.17,19.09,43.14,1012.34,45.75
484.42,5.06,40.64,1021.49,93.7
432.56,26.23,70.72,1009.73,73.44
430.81,27.15,73.9,1007.57,74.42
449.91,23.47,65.61,1014.57,69.83
463.05,19.78,44.71,1015.7,29.43
471.99,13.07,40.83,1010.0,84.84
482.96,8.52,38.5,1013.16,64.06
475.49,10.39,40.96,1023.51,84.73
439.11,30.2,56.9,1006.89,42.69
445.26,23.93,64.05,1013.09,86.02
464.14,21.11,43.43,1010.1,62.62
452.84,16.59,41.79,1006.67,73.9
435.57,30.52,70.4,1003.9,64.33
465.49,15.74,43.71,1024.7,78.38
448.43,21.25,44.05,1005.69,81.87
473.93,12.25,44.58,1016.47,81.15
480.47,6.49,43.65,1020.41,72.78
459.91,14.1,48.92,1011.6,84.39
438.89,24.62,58.66,1011.43,56.61
465.96,16.0,43.34,1013.89,78.39
434.73,28.67,66.25,1007.96,76.36
435.27,29.18,68.24,1010.04,68.04
444.68,26.8,68.31,1011.04,61.48
464.11,16.76,43.67,1011.27,70.55
478.82,9.44,39.82,1013.26,91.55
479.68,11.44,34.03,1018.57,74.06
474.1,13.45,43.14,1015.5,74.33
454.72,16.46,61.27,1020.02,74.54
465.94,12.91,40.73,1017.66,93.66
444.28,18.58,64.45,1009.68,67.57
462.1,13.1,40.03,1017.79,84.48
465.78,13.45,41.16,1022.04,82.96
478.37,10.01,43.7,1015.73,91.97
462.74,17.32,41.67,1013.23,68.07
449.48,21.49,61.27,1019.81,63.21
443.5,23.56,49.16,1003.31,66.98
474.24,11.02,38.28,1013.51,95.66
436.51,33.62,77.17,1009.38,63.71
489.1,4.56,40.27,1011.13,80.24
463.6,14.87,41.76,1022.26,78.21
478.71,10.77,44.78,1012.87,84.16
445.76,21.45,60.08,1017.92,72.7
467.81,13.24,54.3,1017.05,81.99
453.42,22.64,58.66,1011.68,60.97
475.49,11.72,40.55,1020.74,86.22
436.61,26.74,59.87,1012.5,62.88
469.52,12.51,49.83,1008.61,94.27
480.05,9.88,39.66,1017.81,76.05
440.22,25.0,68.14,1005.35,57.13
431.47,25.51,73.56,1006.59,96.63
481.73,11.22,41.93,1023.13,69.35
447.32,21.7,49.02,1008.74,82.8
449.09,19.83,63.94,1019.81,75.05
466.51,12.34,40.62,1016.28,53.6
473.56,10.4,45.01,1018.58,93.48
466.17,13.61,42.34,1017.78,88.84
443.26,25.55,58.95,1017.12,51.84
466.68,13.2,41.78,1010.49,64.96
432.89,25.88,66.48,1004.24,63.16
472.22,14.75,41.16,1009.58,86.96
475.32,7.82,40.72,1022.17,88.13
470.88,11.7,25.36,1008.65,92.11
483.8,6.37,40.81,1025.98,91.0
443.45,23.98,50.32,1008.41,67.75
441.94,24.8,59.87,1018.79,60.79
443.03,23.89,50.16,1004.88,73.94
433.44,27.88,70.79,1005.06,72.5
484.33,7.19,39.4,1011.45,90.65
446.19,24.2,60.95,1014.82,59.42
432.13,33.82,72.29,1008.67,46.95
459.95,14.69,54.3,1018.01,73.4
438.45,24.82,74.87,1010.28,73.54
462.1,12.59,40.03,1018.76,85.4
465.16,19.05,44.06,1017.02,73.76
477.62,5.51,35.57,1026.3,78.97
430.35,33.7,68.27,1007.16,50.41
441.99,26.05,56.85,1012.78,59.09
468.78,14.45,39.58,1012.41,79.0
439.05,30.48,70.04,1010.73,53.7
454.29,19.68,56.65,1020.75,67.25
448.52,21.34,48.06,1014.49,63.23
449.91,23.03,65.12,1016.29,69.8
444.76,24.2,59.07,1009.25,88.25
450.86,24.54,48.06,1013.02,55.18
432.05,32.27,71.85,1008.06,59.28
480.68,7.61,41.26,1009.05,97.32
474.46,13.86,41.58,1020.69,70.74
445.33,24.35,59.21,1018.21,54.46
435.69,29.12,67.32,1014.21,48.8
449.26,18.03,58.86,1015.99,89.03
478.74,10.59,41.54,1019.94,72.52
445.04,27.69,69.98,1008.52,60.93
460.56,15.21,50.88,1014.24,100.11
460.86,16.92,50.9,1013.27,82.97
439.56,26.16,63.76,1010.03,68.77
466.51,13.78,38.47,1015.2,57.8
449.28,17.66,60.08,1017.22,86.96
427.04,30.12,73.18,1012.29,61.32
465.89,17.69,44.34,1019.31,61.12
452.33,23.14,58.95,1017.52,66.25
468.22,13.98,39.18,1009.61,89.12
435.38,24.41,69.48,1008.34,76.13
459.31,14.38,44.78,1010.8,66.58
442.04,22.75,70.94,1008.03,81.95
439.72,26.94,65.61,1014.31,49.73
455.94,18.8,47.83,1005.86,76.77
440.92,24.45,65.12,1015.92,57.19
439.77,23.77,69.13,1011.05,89.41
448.58,24.62,68.31,1010.45,75.18
440.28,18.85,67.32,1012.91,82.37
433.54,21.94,56.85,1011.01,77.72
437.76,25.61,58.86,1013.9,54.9
468.57,18.97,43.43,1012.72,75.69
442.9,23.46,51.19,1009.6,73.22
437.57,21.04,74.87,1009.09,88.25
489.0,4.23,38.44,1016.46,76.64
439.06,24.42,63.31,1012.64,71.8
440.76,23.1,59.43,1007.36,85.96
439.84,24.98,58.98,1010.34,78.56
426.46,32.96,73.03,1013.56,54.03
441.52,22.1,71.29,1008.2,75.38
426.07,32.27,71.85,1007.88,56.01
462.34,12.36,52.75,1026.04,68.71
471.61,13.11,41.44,1015.55,74.45
465.26,13.18,52.72,1024.67,75.96
489.25,8.03,40.67,1020.13,70.87
470.41,15.49,39.0,1016.01,71.31
428.44,30.02,68.24,1009.8,65.73
466.68,14.73,40.35,1011.15,65.2
482.22,4.78,42.85,1013.07,94.72
438.71,30.3,71.98,1004.4,55.6
479.17,9.63,40.27,1009.96,81.03
477.22,13.24,39.85,1012.64,59.99
446.12,22.93,63.13,1011.6,77.09
464.31,14.55,42.74,1027.29,66.64
438.86,26.42,59.27,1012.9,65.38
465.2,18.88,43.69,1016.77,46.88
431.43,24.47,70.94,1008.07,81.55
470.41,14.81,42.03,1017.43,72.54
467.42,12.8,42.18,1016.27,83.9
480.05,9.72,39.66,1018.31,76.07
468.8,17.74,44.2,1018.87,58.59
431.52,29.65,71.25,1001.07,73.97
453.94,22.19,62.96,1019.54,67.96
438.71,29.79,62.66,1008.5,48.51
434.47,27.13,69.45,1013.9,51.16
434.67,24.62,70.47,1010.55,72.71
432.73,28.65,68.27,1006.96,52.78
436.37,31.86,69.59,1008.61,59.74
436.99,27.56,63.9,1013.23,45.97
465.78,12.29,40.71,1019.71,83.09
483.63,8.84,42.49,1010.28,89.09
429.73,30.62,64.69,1006.23,52.06
489.1,3.99,39.64,1011.53,83.58
449.4,23.38,58.82,1012.27,77.87
427.91,27.46,66.54,1002.39,67.09
439.32,29.22,60.23,1009.73,61.5
451.92,22.22,48.98,1015.87,53.18
486.9,6.8,39.37,1020.24,73.29
489.0,4.49,40.27,1012.01,76.5
444.69,22.53,74.87,1009.91,93.21
438.52,23.63,60.37,1005.0,81.66
478.96,10.06,39.61,1020.87,74.01
478.37,11.09,42.44,1014.18,92.81
484.31,7.64,38.18,1017.65,78.51
430.35,33.95,68.14,1002.33,48.98
432.67,32.38,69.05,1000.76,45.85
480.99,9.42,41.4,1029.99,88.41
443.26,25.92,60.32,1016.05,52.51
450.67,18.5,52.08,1006.23,100.09
464.14,13.12,48.04,1011.93,100.07
425.11,34.33,69.05,1000.89,37.9
440.31,29.29,70.02,1010.13,46.93
462.67,16.4,44.9,1009.22,82.31
447.48,21.44,62.96,1020.27,79.85
474.49,11.45,41.17,1017.98,84.64
466.47,14.62,44.84,1023.41,85.17
435.16,29.29,57.19,1008.3,60.11
473.94,10.16,40.8,1028.13,86.39
435.76,25.45,69.59,1008.51,83.17
432.27,31.98,73.42,1010.66,60.06
437.73,25.93,66.56,1004.97,76.35
433.76,32.51,71.22,1005.62,47.6
469.9,11.38,52.75,1026.19,72.71
481.51,10.39,40.22,1009.77,83.27
467.42,13.6,41.2,1015.92,85.05
438.71,30.11,62.04,1010.69,47.96
432.67,33.24,74.34,1002.58,45.05
438.5,25.59,62.39,1006.37,74.06
446.19,24.33,60.32,1015.49,59.95
433.97,28.92,61.02,1011.19,56.13
440.03,15.62,58.59,1013.91,97.6
484.18,7.49,36.08,1020.27,85.69
468.8,18.33,44.34,1019.55,51.69
448.43,21.38,44.05,1005.69,81.66
436.33,24.13,73.18,1012.62,91.52
478.47,9.53,40.23,1017.74,89.05
473.05,8.83,41.92,1031.8,78.97
450.76,26.37,54.5,1014.48,66.31
467.96,15.04,41.35,1004.29,99.1
449.73,25.13,51.95,1005.42,62.05
436.28,22.26,69.04,1010.48,84.33
436.88,31.07,70.32,1011.74,65.91
430.69,30.74,79.05,1005.78,73.19
472.43,13.08,43.14,1019.39,99.74
437.52,26.18,69.84,1005.13,72.89
459.14,14.22,40.83,1009.2,81.32
470.94,10.95,40.22,1010.04,78.96
435.02,30.62,66.75,1017.68,53.68
428.8,26.96,73.68,1013.81,84.77
445.0,23.25,63.78,1016.01,72.01
484.31,8.0,34.03,1018.98,78.67
461.71,12.66,41.2,1015.88,89.12
444.69,23.04,74.99,1005.44,92.86
435.61,31.41,74.16,1011.1,57.05
435.95,29.51,75.6,1017.92,50.61
444.76,21.96,58.79,1012.1,88.74
436.89,26.45,75.6,1017.42,74.5
475.14,12.79,44.03,1007.46,95.93
465.16,14.63,41.23,998.96,86.4
463.06,14.74,42.77,1017.71,76.59
440.92,23.56,66.49,1012.21,53.86
465.16,17.34,44.06,1015.84,74.88
472.17,13.26,45.51,1015.99,69.82
448.51,19.46,60.07,1014.81,66.61
429.46,29.96,67.83,1008.0,44.05
442.33,21.38,60.84,1017.94,82.83
457.16,19.48,39.72,1001.75,55.41
472.95,12.99,41.93,1020.25,74.64
436.89,25.79,75.6,1017.46,75.63
480.05,11.46,39.3,1019.53,76.86
431.93,26.38,71.58,1011.02,80.9
477.62,5.23,35.57,1026.23,79.38
465.33,15.36,41.35,1002.4,91.67
489.25,9.19,40.62,1017.78,68.91
493.9,5.89,40.07,1018.99,63.13
427.62,34.29,68.51,1009.58,32.25
454.35,19.21,60.07,1014.94,70.02
467.42,14.02,40.66,1017.05,84.14
433.89,29.12,67.83,1008.05,46.86
479.43,2.58,39.42,1028.68,69.03
465.78,12.61,41.58,1020.17,85.18
452.3,20.48,60.29,1017.16,72.1
489.02,7.3,43.65,1019.33,67.62
443.49,22.7,66.44,1011.19,68.36
436.69,29.78,65.74,1012.13,44.96
467.12,15.3,43.34,1013.23,82.73
481.12,10.39,44.85,1014.22,78.42
467.1,13.1,49.83,1007.29,92.79
465.57,24.92,48.92,1010.11,36.53
476.12,10.89,44.2,1018.3,86.32
487.45,6.81,38.56,1016.5,70.99
437.55,23.63,71.29,1008.01,70.07
435.99,32.39,79.74,1006.92,58.58
454.25,20.64,49.21,1014.86,58.47
433.76,26.89,70.32,1012.39,87.17
455.5,19.02,50.66,1013.04,85.25
449.91,20.78,58.86,1016.02,77.29
487.03,8.72,36.25,1029.31,85.73
460.26,22.45,41.54,1012.69,70.89
441.21,24.2,50.78,1008.74,59.32
481.51,10.8,40.22,1011.25,84.57
434.98,31.48,69.75,1008.9,45.66
458.07,19.09,66.51,1015.11,76.38
447.28,24.38,63.91,1009.53,79.11
458.59,19.46,46.33,1013.77,89.62
428.8,26.63,73.68,1015.15,85.13
479.91,10.26,39.13,1010.94,87.78
433.84,31.01,71.37,1003.4,55.06
488.05,3.95,38.44,1016.75,79.65
433.55,25.99,74.67,1016.59,83.39
457.74,18.25,43.14,1011.51,55.16
463.75,14.46,53.82,1016.55,68.11
434.43,29.09,70.98,1007.86,80.35
473.93,12.53,42.03,1017.57,81.57
450.57,20.35,67.71,1005.85,63.97
490.57,5.82,41.38,1021.06,86.91
467.81,10.52,41.01,1020.35,93.58
465.89,14.1,41.04,1026.11,74.25
451.95,21.98,55.97,1009.12,89.51
437.57,23.6,65.48,1017.44,61.26
441.07,26.53,63.87,1017.38,48.53
449.73,28.22,51.43,1006.06,63.72
431.19,26.13,73.21,1002.12,92.02
488.05,4.11,38.44,1015.9,81.79
445.58,30.75,73.5,1011.02,54.76
472.22,13.27,42.28,1008.3,86.2
468.45,11.91,43.22,1008.75,76.57
448.71,18.24,59.15,1012.0,84.4
428.37,30.01,62.34,1005.28,62.34
475.74,11.41,40.62,1015.56,57.62
466.68,14.39,40.35,1011.33,64.86
444.59,20.75,60.77,1017.91,86.06
473.55,11.36,38.25,1013.22,86.16
450.13,27.94,63.07,1010.75,38.57
475.14,11.28,40.55,1006.23,97.78
465.26,14.69,49.64,1023.43,78.17
442.76,24.23,59.04,1011.91,71.79
478.74,9.44,41.79,1020.16,72.26
449.4,21.83,57.85,1012.49,75.16
465.16,14.79,38.73,999.83,86.45
443.39,23.29,68.51,1013.19,77.81
448.5,21.75,65.12,1015.53,66.0
456.93,17.33,53.16,1013.16,82.93
458.27,17.53,50.66,1012.74,91.51
453.86,22.61,54.42,1014.74,75.87
472.22,13.34,40.83,1008.09,85.85
464.72,15.85,49.69,1015.33,89.24
468.45,12.43,43.22,1008.93,77.42
459.39,20.34,46.63,1013.16,79.08
467.22,14.52,44.84,1023.51,88.51
436.38,31.92,75.33,1001.81,61.97
441.52,22.89,73.11,1006.66,73.11
447.32,20.84,51.19,1008.63,84.11
450.67,18.81,52.08,1005.77,98.86
433.26,28.95,66.75,1018.22,60.48
449.57,16.82,47.45,1010.19,88.48
479.23,11.2,41.38,1021.65,61.89
484.86,9.13,39.16,1014.14,86.17
462.67,15.24,45.87,1009.46,85.95
484.09,5.68,40.35,1012.11,92.86
433.89,30.32,64.69,1006.35,51.36
456.25,17.89,44.6,1014.48,42.51
432.79,33.38,71.06,1008.1,64.83
441.68,26.19,65.61,1014.51,54.52
476.12,12.59,44.34,1017.01,85.57
468.87,17.62,43.69,1016.49,67.92
453.94,22.06,64.15,1021.07,68.66
471.42,18.28,45.0,1022.47,43.03
462.65,16.62,52.05,1011.96,67.81
436.39,22.83,65.18,1012.24,79.74
469.97,12.04,40.78,1025.21,85.97
448.11,19.51,50.16,1010.33,94.37
442.07,24.65,71.98,1006.46,91.11
463.5,16.14,44.63,1019.44,47.85
458.67,19.27,50.9,1011.72,83.14
493.9,6.5,38.68,1017.8,62.9
483.13,6.43,39.61,1017.51,83.8
449.98,23.46,57.85,1012.7,65.54
448.97,5.68,40.77,1022.49,90.6
457.01,20.12,56.53,1020.34,75.59
436.69,27.75,66.54,1010.21,46.37
466.47,14.32,45.08,1023.24,84.53
437.98,28.29,47.93,1002.6,53.23
470.41,15.08,42.77,1018.43,73.19
480.83,10.98,41.39,1017.54,85.31
431.92,31.85,73.91,1003.6,60.22
459.91,19.54,50.66,1014.7,84.53
440.16,23.17,62.39,1008.04,89.42
449.93,20.28,62.52,1017.89,75.67
468.27,10.08,41.16,1023.14,96.03
434.2,28.5,74.87,1009.67,53.78
458.55,15.16,40.73,1017.7,86.37
436.7,28.02,68.08,1013.44,44.46
447.41,25.38,65.34,1012.87,62.49
430.3,27.55,64.96,999.73,57.34
473.05,6.45,40.02,1032.08,79.7
461.07,14.43,43.5,1021.86,83.14
469.57,14.22,39.39,1014.16,80.22
477.61,12.1,40.27,1005.53,68.37
482.77,9.83,38.56,1017.35,62.8
432.06,32.0,73.17,1009.94,40.48
469.49,11.83,45.09,1013.11,88.52
438.24,29.92,67.22,1014.09,50.62
476.15,7.22,41.01,1025.19,97.27
466.51,13.07,38.47,1015.16,57.26
478.73,10.08,43.14,1010.67,85.9
433.71,23.89,70.04,1011.16,84.9
451.4,18.88,44.06,1013.81,68.54
447.06,20.68,68.61,1011.2,84.81
469.56,13.99,36.71,1013.43,83.13
488.53,7.4,41.03,1022.09,74.83
475.49,11.77,40.0,1021.08,85.08
446.62,22.64,63.73,1013.88,84.22
454.85,18.13,66.86,1012.9,78.84
443.09,23.18,72.99,1009.01,90.09
429.41,29.45,68.24,1007.45,32.81
479.32,10.2,41.17,1019.56,82.46
454.06,26.57,48.06,1013.23,40.24
444.99,22.78,49.16,1002.29,64.28
434.97,25.59,61.08,1013.19,77.28
454.14,18.66,56.53,1020.13,80.04
436.03,24.66,69.94,1006.56,60.91
449.73,21.9,66.54,1004.76,89.99
469.83,12.12,38.28,1013.65,90.19
468.93,14.95,42.99,1008.75,90.76
463.47,19.31,52.72,1024.93,53.93
435.61,30.93,73.42,1010.98,56.42
436.99,26.27,62.91,1011.97,48.06
454.89,19.46,66.86,1012.74,66.2
465.25,15.56,40.12,1013.72,89.78
479.32,8.99,41.26,1020.52,91.96
444.76,22.16,58.82,1009.61,87.16
441.94,24.43,59.87,1019.08,60.57
452.3,20.78,62.52,1017.58,73.3
432.98,29.51,76.09,1007.39,71.5
470.94,12.4,40.35,1011.46,79.49
431.5,28.92,72.43,1007.03,66.14
472.27,13.03,42.86,1014.39,86.25
436.12,28.73,73.91,1004.91,70.17
431.47,26.43,77.17,1008.67,92.59
461.96,17.61,56.53,1019.5,82.3
448.66,21.79,46.21,1012.89,72.0
483.8,5.11,42.07,1004.28,81.8
470.94,12.85,40.35,1011.29,81.27
441.2,25.03,47.93,1003.02,62.89
440.22,25.35,66.56,1008.75,66.88
441.32,28.95,73.4,1011.33,55.14
448.11,19.72,51.19,1008.51,95.28
432.73,30.03,67.9,1006.22,52.61
476.81,8.7,39.72,1020.0,78.75
463.06,14.94,42.77,1018.06,75.35
482.46,7.07,37.49,1010.35,87.19
462.41,21.12,47.24,1003.79,70.55
483.8,8.6,42.28,1008.58,80.15
470.9,10.33,44.92,1025.34,85.67
462.22,16.79,49.25,1021.21,68.8
463.39,16.16,41.79,1007.53,76.21
446.62,22.52,64.27,1014.34,82.77
450.96,22.11,59.8,1016.86,70.14
465.31,14.11,45.08,1023.27,83.22
445.31,24.97,68.61,1011.08,58.94
455.29,19.22,62.1,1019.43,79.19
466.56,13.72,44.47,1027.2,68.89
432.25,24.58,71.94,1006.85,89.02
481.29,9.16,42.44,1014.43,93.67
449.11,20.92,57.76,1017.22,75.86
435.51,26.7,70.32,1011.04,86.41
478.82,9.04,44.68,1023.14,90.73
479.32,10.16,39.3,1019.71,81.21
489.07,3.85,35.47,1016.78,85.31
444.65,22.7,64.05,1012.65,89.69
434.43,28.54,69.59,1008.84,78.62
432.79,31.54,72.58,1007.61,65.57
473.88,10.48,36.71,1023.18,81.37
464.11,16.77,42.28,1007.53,73.19
450.67,17.84,52.08,1006.65,100.09
443.44,21.76,60.27,1018.96,85.06
475.18,12.24,40.96,1023.52,81.09
453.8,13.25,49.83,1008.76,88.21
463.6,17.28,44.92,1024.39,76.08
438.67,34.96,68.94,1006.17,59.26
439.33,28.51,74.78,1009.84,59.06
426.64,32.29,64.96,1002.13,42.61
462.66,15.6,44.68,1018.35,85.91
429.7,26.91,71.64,1004.59,83.54
438.62,23.55,73.18,1011.85,87.97
461.69,15.49,54.3,1017.59,71.26
452.86,19.68,62.96,1020.41,82.26
437.4,24.87,60.37,1005.48,76.21
434.48,24.73,69.05,1003.25,66.44
471.92,11.31,39.61,1018.74,68.9
463.09,15.24,37.87,1020.52,84.49
435.96,23.16,57.69,1007.91,84.7
470.41,14.81,40.71,1018.54,73.0
462.67,13.97,41.16,1020.88,74.88
436.78,23.25,71.29,1008.05,71.36
440.76,22.47,59.43,1006.02,85.21
467.57,16.38,45.64,1020.47,89.28
443.39,19.73,68.63,1012.41,74.12
436.37,30.24,69.88,1007.9,61.46
436.61,28.13,61.25,1013.12,62.57
434.07,24.6,75.23,1012.04,76.77
446.22,21.64,50.32,1008.41,86.32
440.31,29.03,69.51,1009.8,47.04
444.08,25.02,59.44,1012.49,73.65
438.5,23.32,69.23,1011.75,75.59
468.07,11.48,44.6,1018.29,90.76
466.2,13.83,41.23,993.31,93.94
444.68,26.77,68.08,1010.83,63.48
458.55,15.34,40.73,1018.03,86.19
460.26,28.14,43.21,1011.82,69.32
477.62,8.6,36.66,1026.4,81.23
449.4,21.86,58.49,1010.88,76.79
484.36,7.71,36.25,1027.92,89.84
448.52,22.7,48.14,1014.06,60.09
435.79,27.21,66.49,1013.57,40.11
454.06,24.58,48.98,1014.96,38.75
481.73,10.06,39.61,1020.69,69.49
437.52,26.34,68.67,1006.54,72.48
448.03,20.48,51.43,1007.4,90.7
480.53,6.19,41.31,1002.48,88.8
469.02,13.08,44.9,1020.47,86.46
437.57,21.87,74.87,1009.28,85.4
466.73,18.91,43.14,1013.56,58.34
473.55,11.92,38.25,1013.13,84.92
472.75,12.27,41.17,1019.39,52.18
477.62,5.17,35.57,1026.68,79.86
471.24,15.93,25.88,1009.45,72.83
441.15,22.21,61.87,1010.9,54.22
446.37,20.84,65.06,1016.88,71.93
445.76,22.53,58.62,1016.28,72.78
448.71,16.27,56.89,1013.74,84.36
435.69,27.37,69.23,1013.25,48.02
467.8,13.18,43.72,1010.59,99.09
431.97,27.69,73.91,1005.23,75.71
464.94,14.0,41.78,1010.96,48.37
446.87,18.88,65.94,1010.43,85.54
445.57,24.18,59.92,1009.88,79.54
449.74,19.19,50.16,1011.12,99.91
432.97,28.37,67.07,1005.65,56.13
434.67,27.55,65.59,1011.6,63.99
487.03,5.96,36.25,1029.4,88.63
439.05,28.52,70.02,1010.34,54.21
449.81,26.49,59.44,1012.09,57.84
440.76,22.65,60.93,1006.43,85.13
489.25,7.04,39.37,1019.37,69.11
434.29,30.13,78.05,1010.99,61.5
434.64,29.32,71.29,1008.34,51.51
479.32,10.46,41.26,1020.65,92.24
455.07,19.62,52.05,1012.09,50.02
465.94,10.71,41.93,1018.23,90.88
437.87,26.06,64.05,1012.0,84.05
477.45,8.2,41.14,1025.24,96.26
438.5,25.32,60.37,1006.19,73.94
469.52,15.75,39.16,1016.31,77.99
432.22,30.26,76.2,1008.44,62.1
483.8,9.86,42.49,1009.16,81.41
466.17,20.56,43.79,1015.85,45.7
444.76,27.28,44.89,1009.02,49.9
450.08,22.89,62.39,1007.84,88.16
437.98,27.59,50.05,1005.71,57.03
434.22,31.11,72.25,1012.34,44.45
466.99,13.8,40.2,1013.12,90.59
450.08,21.8,62.39,1007.84,89.04
471.23,14.28,39.39,1013.82,77.52
475.75,9.99,41.82,1033.14,68.36
450.93,17.65,59.87,1018.58,94.65
454.78,19.47,50.9,1012.77,77.33
455.63,16.64,39.64,1008.7,81.79
457.05,16.95,40.12,1012.59,87.87
440.45,25.95,69.51,1009.36,66.82
467.62,14.09,41.2,1016.45,67.27
472.02,11.21,39.85,1013.01,75.55
454.29,20.25,55.5,1020.03,69.33
457.44,17.72,48.14,1013.26,65.09
469.57,13.78,38.28,1014.8,81.19
482.22,5.57,42.85,1013.55,92.14
457.03,18.23,60.95,1016.74,78.85
436.39,23.89,65.18,1012.46,78.29
440.38,32.16,66.25,1008.17,56.88
440.15,25.62,63.13,1013.84,83.49
460.26,21.69,42.23,1013.05,67.55
465.31,13.9,45.08,1023.29,83.43
433.55,25.88,74.67,1016.66,81.09
445.64,25.03,61.86,1012.84,80.85
464.72,17.7,50.88,1015.44,89.57
458.55,13.98,40.24,1017.19,87.45
437.41,23.36,72.24,1010.99,94.41
431.1,26.55,73.67,1005.74,79.41
452.32,25.16,47.01,1014.99,64.0
439.56,23.82,63.76,1009.8,68.94
433.07,29.86,70.8,1010.22,70.36
433.65,25.42,66.05,1016.74,68.92
482.78,8.33,39.72,1020.24,82.84
436.99,26.2,65.18,1011.42,47.82
432.06,31.49,73.5,1010.71,40.16
432.59,28.05,70.36,1006.73,64.42
472.16,9.7,37.14,1012.79,75.2
468.87,15.94,44.85,1014.29,67.57
440.03,18.52,58.41,1013.77,99.89
463.65,14.5,40.66,1016.81,82.93
436.89,25.66,71.77,1006.76,84.76
439.98,24.29,62.91,1013.04,65.85
462.86,13.87,49.83,1006.76,89.14
488.53,6.1,43.65,1018.07,75.85
439.29,21.91,70.32,1009.17,90.57
433.57,29.34,70.94,1007.82,62.43
440.16,23.93,65.59,1011.09,87.26
479.91,7.77,40.27,1010.25,83.65
435.93,28.07,74.33,1012.0,71.69
435.9,28.34,73.68,1015.05,76.73
443.54,18.59,65.06,1015.75,80.72
439.74,28.68,61.86,1011.78,62.67
447.02,19.01,58.46,1017.14,90.99
446.33,21.29,51.43,1011.31,90.12
469.58,9.78,52.75,1022.97,78.31
454.71,19.65,42.23,1013.04,75.9
478.31,8.54,38.08,1019.75,71.24
451.74,21.39,58.05,1013.03,86.44
465.88,13.25,43.7,1013.61,76.05
463.65,13.53,42.03,1017.52,84.02
484.65,5.35,35.79,1013.23,93.53
441.65,32.0,65.74,1011.22,46.16
434.88,26.92,68.27,1008.11,61.73
435.51,25.82,59.43,1008.08,65.25
444.51,26.41,65.59,1010.69,73.78
489.09,4.27,39.64,1010.99,84.85
471.36,17.79,44.9,1020.5,69.72
449.74,17.47,58.16,1016.36,82.26
430.62,28.53,76.86,999.08,75.77
436.3,28.37,68.12,1012.41,45.87
445.66,22.88,71.73,1010.11,86.96
463.16,10.16,41.62,1013.15,94.3
487.19,4.59,39.33,1010.85,71.78
480.05,9.23,39.66,1019.44,76.11
449.91,23.81,66.51,1016.96,70.16
448.71,17.98,60.1,1009.61,84.11
469.49,12.38,45.09,1013.26,90.55
474.26,12.88,44.34,1016.03,88.51
445.0,23.26,63.56,1013.64,71.3
440.45,25.98,68.12,1011.36,66.86
478.47,10.01,41.17,1018.78,86.84
487.03,8.55,36.25,1029.54,85.23
459.91,16.85,50.9,1013.26,83.94
441.4,23.48,66.49,1014.41,62.61
451.45,19.64,46.33,1013.33,98.99
437.96,22.0,59.54,1004.55,95.25
447.98,22.54,63.91,1012.15,84.91
430.55,28.18,77.54,1011.99,74.72
439.81,31.04,74.67,1015.85,43.32
470.9,10.81,45.0,1023.45,85.89
454.99,21.84,55.5,1019.28,62.17
444.68,24.96,69.68,1011.37,63.12
434.45,22.19,70.02,1011.03,82.49
435.61,31.01,74.16,1010.89,56.52
455.52,19.05,55.5,1020.25,75.76
443.76,17.37,58.49,1012.2,91.14
430.81,24.07,73.46,1006.61,73.46
439.03,23.0,66.05,1020.61,80.29
457.01,20.05,42.48,1012.29,85.09
445.84,24.03,45.87,1007.55,52.48
435.99,31.44,79.74,1006.95,56.99
477.45,7.36,41.01,1025.49,96.48
446.64,20.53,65.06,1016.69,73.47
435.93,29.21,72.25,1012.72,71.85
447.26,20.68,63.86,1015.73,74.36
435.89,32.96,69.75,1008.86,40.23
449.48,26.29,56.85,1012.68,60.33
438.01,29.25,78.87,1012.05,84.28
438.68,31.91,69.89,1014.59,54.51
489.22,6.67,39.33,1011.07,91.96
459.14,14.56,40.89,1010.94,79.57
451.74,20.3,58.41,1014.05,86.38
450.96,20.74,58.2,1017.54,70.66
452.65,23.51,58.79,1016.44,65.38
436.51,32.32,76.09,1006.63,62.96
436.89,25.79,75.6,1017.46,75.63
447.06,22.26,70.47,1008.32,84.22
484.65,5.53,35.79,1013.48,94.19
452.42,16.05,65.46,1013.92,87.99
463.16,9.98,41.62,1013.56,95.77
452.86,18.47,62.1,1019.86,82.57
434.47,26.55,69.45,1013.92,52.22
436.61,27.67,71.64,1004.41,78.14
433.26,29.63,66.75,1018.08,58.46
489.25,9.32,41.39,1020.03,70.21
430.32,29.04,76.09,1007.52,75.44
449.42,19.27,65.12,1015.63,73.48
448.43,21.55,44.05,1005.69,84.05
477.27,8.35,40.46,1019.23,73.26
445.26,24.71,61.9,1013.78,85.82
448.93,21.85,58.33,1013.03,66.39
479.03,11.2,41.54,1019.94,67.18
448.58,25.21,69.48,1010.99,75.27
448.11,21.75,50.12,1009.36,94.41
433.76,23.59,71.73,1009.69,87.06
443.34,27.57,68.31,1010.48,55.87
467.42,15.03,40.66,1016.58,84.08
488.98,3.6,35.19,1018.73,99.1
439.59,27.81,66.51,1016.11,48.48
447.32,21.41,50.32,1008.61,84.47
488.82,6.4,41.17,1019.54,85.37
431.12,31.03,69.98,1011.33,52.16
468.09,14.09,44.84,1023.65,94.29
436.37,31.38,71.32,1009.17,60.42
428.85,30.21,71.32,1006.19,67.57
438.11,23.81,73.17,1012.13,86.13
443.93,21.4,59.21,1017.84,78.01
468.31,15.14,37.85,1010.33,84.3
471.08,16.34,41.48,1015.92,48.24
446.3,25.64,63.47,1012.33,68.35
474.46,14.2,40.92,1022.26,71.71
433.32,29.91,74.33,1013.22,39.76
442.07,22.64,70.98,1005.71,95.65
426.46,32.5,73.68,1014.65,55.72
441.15,25.73,62.66,1010.15,54.66
434.44,32.35,77.95,1014.76,60.88
468.8,18.1,45.0,1023.05,48.41
467.12,15.32,45.01,1013.3,83.72
448.1,21.41,54.2,1011.37,82.28
455.07,18.87,52.05,1012.02,53.46
435.51,27.3,57.19,1008.08,63.48
465.88,14.2,45.51,1015.36,74.85
478.25,8.61,43.8,1021.9,74.35
432.83,27.98,74.78,1009.46,63.11
441.73,23.97,63.86,1018.09,57.62
445.07,20.63,43.77,1010.71,62.34
438.62,23.63,73.18,1012.29,88.81
442.04,24.84,71.73,1009.84,82.41
437.92,25.76,71.06,1007.93,90.4
484.31,6.77,38.18,1017.8,81.13
447.64,21.75,67.45,1014.89,67.09
466.73,18.21,41.85,1014.67,56.86
438.21,23.09,73.5,1011.4,89.76
440.59,21.28,70.32,1011.55,88.05
435.27,29.04,70.72,1009.55,66.58
466.42,11.98,39.35,1014.97,98.05
473.09,11.4,52.75,1023.31,75.7
488.03,4.32,35.47,1017.8,88.51
468.78,15.77,39.82,1013.01,79.1
472.33,17.75,42.24,1016.86,61.52
445.41,19.26,58.46,1015.74,84.64
439.45,23.85,69.45,1013.99,60.6
450.94,26.77,64.45,1013.26,44.56
440.21,25.2,61.08,1013.04,74.28
440.75,21.84,59.07,1008.84,96.5
449.91,20.17,58.12,1015.41,79.47
441.19,21.74,60.27,1015.82,88.96
433.47,27.53,70.32,1007.75,49.31
451.08,21.95,50.66,1013.92,70.94
474.31,8.03,37.8,1020.47,60.67
469.52,15.25,39.16,1016.18,79.39
425.68,32.16,71.32,1005.5,60.23
435.76,24.81,67.17,1007.71,84.37
466.73,14.85,43.13,1016.02,55.29
428.39,28.32,72.58,1007.77,78.35
448.08,22.21,61.5,1008.34,76.22
485.43,5.53,40.64,1020.78,97.25
440.9,25.31,60.75,1008.65,79.35
460.01,15.86,43.5,1021.22,75.38
443.13,23.47,60.77,1017.19,75.36
466.63,14.08,43.41,1015.59,54.15
462.65,20.15,49.5,1013.47,66.7
471.47,13.07,43.13,1016.93,70.02
435.2,26.75,69.45,1013.88,53.65
450.13,32.31,62.04,1010.41,39.39
450.13,30.18,61.5,1009.8,36.81
478.81,9.15,41.82,1032.88,75.11
485.66,8.57,40.23,1017.53,90.46
451.92,24.68,48.06,1013.83,54.97
484.09,5.97,40.35,1012.3,94.1
468.27,17.54,42.42,1008.97,67.67
452.65,24.98,60.32,1016.39,63.12
438.5,25.54,60.37,1006.49,71.54
436.65,27.45,64.34,1007.12,65.87
457.01,23.24,45.01,1012.21,45.23
474.73,11.04,45.51,1017.53,83.42
452.64,17.06,58.96,1013.83,73.95
489.07,3.82,35.47,1016.62,84.34
472.95,12.1,44.77,1019.1,75.85
475.49,11.72,40.55,1021.54,85.13
463.65,14.66,42.07,1018.14,84.68
448.9,22.45,63.77,1014.57,87.44
443.09,23.46,72.43,1008.0,90.55
427.9,30.15,70.32,1007.58,54.14
436.51,31.74,79.74,1007.07,61.47
433.55,21.4,74.93,1014.58,80.85
465.09,16.56,42.99,1007.48,74.45
449.81,27.45,59.74,1011.34,58.58
471.99,13.69,40.83,1008.53,84.81
474.27,12.67,42.86,1014.06,89.9
447.26,19.77,65.06,1016.22,74.95
435.99,28.04,70.32,1011.28,78.16
474.57,13.35,41.16,1011.32,89.12
440.28,20.54,68.12,1012.23,81.06
452.27,21.67,57.76,1018.32,68.21
450.76,25.61,52.36,1014.1,62.9
456.55,18.03,53.16,1013.1,81.42
493.16,5.85,40.77,1022.44,84.77
467.81,10.38,40.92,1021.53,95.18
438.21,23.36,73.18,1011.96,89.15
472.71,12.91,41.16,1011.9,89.19
459.14,15.35,41.79,1008.38,81.13
432.27,30.69,74.16,1012.71,60.89
435.77,30.58,65.18,1011.61,37.43
448.39,18.15,58.46,1017.42,88.24
465.74,12.38,40.6,1013.86,85.35
428.54,34.65,74.67,1016.03,26.67
467.44,10.99,43.5,1021.1,93.64
428.62,33.72,74.33,1011.4,37.51
471.42,19.09,44.63,1019.91,39.32
443.51,21.43,63.94,1012.68,99.68
433.7,34.33,74.34,1001.74,42.75
431.12,30.59,70.04,1010.28,50.56
432.06,32.0,73.17,1009.92,42.47
489.07,3.96,35.47,1016.79,83.81
437.54,32.45,66.44,1011.21,50.18
437.53,28.91,58.33,1013.84,39.72
434.38,32.26,71.29,1008.41,48.58
437.27,23.39,74.22,1009.83,86.05
436.81,29.27,69.89,1015.21,67.16
470.98,16.37,43.5,1021.26,72.4
465.2,18.68,43.69,1016.68,48.88
439.11,24.86,65.34,1012.99,60.33
476.15,5.12,40.78,1025.45,96.88
439.81,32.55,73.03,1014.36,44.83
467.68,19.81,43.56,1013.39,38.13
481.73,8.46,39.42,1025.05,69.36
449.41,23.71,68.63,1014.54,46.04
438.71,30.52,71.77,1006.22,56.4
448.01,22.79,68.63,1012.99,55.78
456.49,19.05,53.16,1013.22,82.8
433.62,25.72,66.86,1007.47,69.14
480.54,9.64,40.56,1022.51,78.62
434.43,29.49,70.98,1007.83,79.08
448.51,23.4,49.16,1002.85,69.82
481.12,10.36,43.67,1011.95,78.15
452.84,16.74,39.16,1005.68,71.17
455.63,17.07,41.35,1005.88,83.43
427.91,27.43,64.96,999.72,67.94
452.65,23.1,60.08,1017.69,65.44
428.85,28.25,71.77,1006.36,67.03
437.65,30.92,78.05,1011.0,59.62
441.43,26.75,58.33,1013.55,45.47
480.39,6.62,41.14,1027.33,86.24
474.46,12.69,40.75,1016.05,82.92
460.56,18.04,44.88,1017.96,66.3
461.96,19.15,56.53,1019.95,84.1
470.92,12.08,40.24,1016.63,92.32
458.27,15.67,48.78,1013.76,88.92
428.54,34.63,74.33,1011.7,31.45
480.68,7.46,41.26,1009.63,96.51
454.14,19.61,56.53,1019.69,77.13
464.12,10.96,41.93,1019.28,87.38
447.29,24.15,63.13,1013.8,92.1
482.39,8.09,38.5,1012.99,67.31
454.78,21.59,48.06,1012.72,77.13
444.16,25.03,59.21,1017.28,56.96
467.81,10.24,41.58,1021.17,94.34
447.15,24.2,57.85,1013.05,70.29
440.03,20.24,58.41,1013.73,99.59
433.32,31.82,73.68,1014.8,40.58
464.63,14.17,39.59,1010.99,94.08
478.65,10.07,34.69,1028.09,70.52
428.44,29.79,68.24,1009.19,65.49
474.27,12.51,43.67,1013.24,91.55
449.26,18.91,59.21,1017.76,90.49
476.81,7.98,39.61,1018.57,77.04
439.72,31.67,69.68,1012.38,46.52
452.86,17.59,65.48,1018.96,81.34
445.33,25.96,60.32,1016.17,55.51
469.37,15.35,35.4,1016.3,57.12
448.52,22.39,48.14,1014.56,64.31
441.7,30.85,67.45,1014.53,32.99
447.82,24.02,64.63,1020.49,55.17
462.59,16.25,40.89,1011.09,62.7
446.3,24.33,46.93,1013.51,52.63
430.3,28.78,64.96,999.75,56.43
440.9,25.01,59.54,1007.91,80.93
445.76,22.98,58.46,1016.06,72.69
450.22,17.85,46.48,1007.79,83.59
443.09,24.24,71.58,1010.15,91.14
482.22,5.09,42.85,1013.78,91.34
475.37,12.68,40.69,1014.46,79.77
438.02,29.56,52.84,1006.09,42.17
467.96,18.46,42.18,1001.47,97.61
471.92,10.07,40.46,1018.65,69.2
435.51,21.49,56.9,1007.47,66.66
462.52,16.69,53.82,1015.39,63.62
448.54,28.77,58.33,1013.73,36.6
466.95,15.03,42.44,1014.25,94.52
440.31,28.62,70.32,1008.87,46.67
447.64,14.84,71.14,1019.61,66.78
452.33,23.33,58.95,1017.93,66.37
435.76,26.1,66.25,1009.25,84.52
471.69,12.72,39.13,1008.36,92.59
435.2,26.34,69.45,1013.87,54.15
431.93,30.54,70.17,999.42,64.32
480.47,7.09,43.65,1019.6,72.1
445.72,23.47,59.22,1013.44,83.33
482.85,9.78,41.93,1023.18,75.05
473.44,13.61,41.74,1021.66,62.83
433.4,24.96,74.99,1008.25,80.52
447.15,25.68,59.44,1012.33,67.29
445.72,23.01,59.44,1012.82,82.62
438.49,30.28,58.9,1005.03,54.59
483.13,5.86,40.62,1017.03,85.06
468.09,9.68,39.61,1015.63,74.5
434.99,26.04,71.14,1011.66,68.95
474.46,12.0,39.35,1015.48,82.51
459.67,15.45,46.63,1012.6,85.47
439.05,30.09,69.48,1009.51,53.24
474.4,11.23,41.17,1019.36,56.85
465.94,10.59,41.93,1017.7,92.91
448.03,19.89,51.43,1007.33,92.08
474.46,14.35,40.71,1023.09,69.5
488.82,5.47,40.62,1018.66,83.61
465.49,16.11,44.92,1025.37,79.85
435.96,26.03,59.07,1007.3,82.52
431.12,30.61,68.84,1011.18,52.5
443.66,22.54,63.07,1011.71,81.64
474.46,11.67,40.23,1017.65,82.48
475.37,11.71,41.44,1015.37,79.95
467.77,10.91,39.61,1018.44,64.38
434.91,29.53,70.94,1007.22,70.68
432.26,30.54,69.14,1007.25,70.46
470.9,10.72,45.0,1023.22,86.95
439.4,25.54,48.41,1010.51,55.34
445.26,24.89,64.27,1013.52,64.65
444.66,29.33,52.84,1006.04,44.3
473.78,9.33,39.96,1024.55,98.58
437.96,20.76,58.18,1007.8,99.22
439.74,28.78,60.07,1014.54,49.03
467.68,19.62,43.56,1012.89,37.6
446.19,24.92,60.95,1014.88,60.58
464.12,11.33,41.16,1019.05,87.13
440.16,22.12,63.91,1009.61,90.83
455.5,18.27,51.43,1010.38,88.39
465.64,15.9,41.35,1005.35,92.89
458.07,14.67,71.14,1019.84,77.72
465.32,17.94,37.2,1012.64,68.11
468.8,18.92,44.63,1020.32,47.81
456.72,15.27,56.89,1013.28,86.92
443.59,16.31,68.28,1003.98,98.62
493.16,4.99,41.03,1022.33,83.11
437.41,24.07,71.97,1008.83,94.87
445.9,20.03,62.26,1012.15,82.54
465.16,15.83,41.67,1013.39,74.12
428.74,25.44,70.17,1000.65,91.89
441.8,23.38,52.84,1005.27,82.98
433.34,30.17,64.79,1017.06,43.81
428.39,29.97,73.06,1009.41,78.26
482.74,6.86,42.49,1007.95,93.96
453.8,21.87,49.39,1019.99,67.05
447.58,20.46,51.43,1007.31,93.25
465.74,12.03,40.1,1015.32,85.39
431.12,32.21,68.3,1014.94,49.38
434.98,33.08,69.75,1009.03,43.69
484.65,5.66,35.79,1013.86,94.42
450.44,19.35,50.12,1005.43,100.1
451.11,23.43,51.43,1011.31,73.55
472.02,11.18,37.5,1013.32,74.32
433.84,28.37,72.86,1004.81,53.52
466.51,11.49,39.22,1016.35,53.11
466.4,18.87,43.43,1009.16,69.5
453.83,20.3,59.8,1015.24,78.75
467.1,12.39,49.83,1007.6,92.43
433.73,33.13,74.34,999.57,48.34
448.71,18.26,59.15,1012.38,85.74
484.96,11.21,41.06,1021.75,77.0
461.96,18.19,44.06,1017.24,78.73
476.97,12.6,41.74,1022.13,67.89
445.07,20.18,43.43,1011.31,65.11
439.45,22.89,65.34,1015.53,61.0
471.42,12.19,44.63,1018.96,80.91
440.9,25.86,59.07,1008.59,81.28
464.78,15.33,52.05,1014.15,80.56
449.21,17.3,62.1,1020.28,88.06
480.83,11.52,40.75,1016.23,85.18
436.51,32.09,79.74,1006.92,61.5
436.89,24.82,72.99,1007.81,84.72
429.0,27.85,66.44,1008.48,77.15
435.9,25.72,74.67,1016.64,75.93
438.45,25.61,74.22,1010.26,75.15
452.84,22.18,45.09,1014.04,43.13
465.33,13.92,41.16,1003.83,88.69
463.06,14.26,44.2,1019.81,76.46
432.52,27.02,71.25,1000.48,87.86
471.69,14.29,37.85,1009.98,92.81
474.4,11.23,41.17,1019.36,56.85
451.4,17.57,43.7,1015.53,67.22
465.94,12.67,41.16,1016.92,92.8
440.52,27.42,65.74,1013.43,69.42
466.01,15.63,43.02,1012.57,40.32
466.47,13.74,44.21,1023.26,84.2
427.22,29.61,67.07,1005.91,39.28
428.37,30.39,66.54,1002.7,59.15
464.65,15.24,44.45,1020.56,66.13
464.71,12.52,42.34,1018.67,95.29
447.57,24.56,51.86,1014.43,68.85
449.26,16.39,58.59,1014.58,90.34
468.88,10.64,41.04,1025.0,93.59
452.86,18.06,65.48,1018.79,77.95
470.78,12.81,44.58,1016.49,80.76
475.74,10.03,42.18,1017.3,85.99
449.13,22.74,58.12,1015.16,79.58
452.84,20.65,41.67,1012.76,45.27
489.1,8.19,41.66,1016.57,75.38
467.32,14.08,39.31,1011.67,72.0
484.34,8.74,40.03,1016.81,93.37
436.88,28.9,68.84,1011.64,64.44
466.99,13.95,40.2,1013.18,90.77
477.27,7.89,40.46,1019.61,74.53
437.57,25.17,64.79,1017.87,63.26
433.82,26.94,68.24,1010.49,76.58
462.98,14.08,40.73,1017.52,91.49
458.85,14.32,40.78,1024.49,73.84
445.67,24.63,59.57,1010.45,85.36
432.56,26.59,69.13,1009.27,73.96
471.56,11.62,39.72,1018.4,68.06
459.98,17.32,43.7,1015.13,61.66
449.48,20.39,64.15,1021.31,62.35
474.46,11.64,41.39,1017.36,83.4
450.61,22.08,55.5,1018.42,58.46
460.88,17.77,52.9,1020.11,81.51
435.38,22.43,69.84,1006.94,75.54
450.75,21.87,66.86,1013.01,57.39
432.49,25.59,72.43,1007.88,82.98
467.62,15.24,40.0,1017.34,65.16
480.66,8.14,37.49,1009.04,80.33
445.41,21.2,59.39,1014.04,85.06
473.72,10.9,39.64,1010.58,64.88
464.18,17.23,41.1,1002.45,68.88
462.86,14.03,49.83,1006.64,90.01
469.1,8.42,42.28,1008.4,87.78
447.36,29.09,47.93,1003.05,48.13
489.44,4.08,35.19,1018.87,97.07
439.05,29.72,68.08,1010.72,53.46
480.53,5.98,41.31,1001.66,89.5
430.24,28.83,64.96,1000.05,63.57
469.5,12.9,43.41,1015.92,59.15
438.56,34.61,73.03,1013.61,36.91
458.18,18.32,47.83,1005.06,87.21
433.16,27.37,72.58,1008.16,79.94
465.23,16.02,44.21,1020.97,85.64
437.57,22.1,74.87,1009.4,85.78
488.27,6.93,39.81,1017.25,87.29
485.96,6.75,39.37,1020.26,70.99
433.65,25.42,67.25,1017.92,68.61
447.3,23.05,58.86,1013.84,62.21
483.31,7.23,41.22,1015.23,98.04
440.76,22.59,59.43,1005.85,84.02
476.81,9.06,39.66,1019.64,76.98
474.94,11.82,41.17,1019.5,55.74
437.4,25.14,60.93,1007.44,76.71
432.93,25.21,70.04,1009.51,76.13
478.88,10.54,41.93,1016.64,93.52
435.48,32.42,75.08,1004.82,41.62
467.68,19.88,44.6,1015.52,37.85
433.76,24.73,70.72,1009.82,88.79
463.77,12.67,48.14,1017.41,83.63
472.22,11.02,40.81,1016.31,78.13
455.07,18.09,48.92,1010.6,52.11
460.21,19.67,44.71,1015.46,31.46
454.67,19.96,56.03,1020.59,64.95
474.46,12.3,40.69,1015.74,82.58
447.32,21.99,51.19,1009.19,82.58
431.96,25.35,71.98,1006.83,88.44
487.45,6.22,38.68,1017.87,69.41
463.09,15.69,37.87,1021.18,84.38
442.33,21.44,60.32,1015.2,81.1
450.26,24.27,63.9,1013.5,61.09
441.85,21.55,60.27,1017.42,92.59
447.09,23.74,49.5,1013.2,49.51
474.73,11.94,44.2,1017.97,82.93
434.45,23.45,70.04,1010.99,79.2
468.8,17.36,44.63,1020.49,54.21
443.59,17.51,68.28,1004.36,94.87
451.92,22.23,46.93,1013.09,58.02
441.21,27.01,52.3,1007.78,60.38
458.75,19.96,39.53,1006.16,62.77
441.54,24.43,65.27,1013.25,55.4
439.84,24.26,61.02,1009.78,76.68
437.73,23.45,66.48,1003.66,75.83
471.47,15.95,42.24,1017.71,69.32
453.86,23.03,54.42,1014.42,74.98
464.72,15.47,48.98,1016.42,89.85
471.58,7.71,40.71,1021.53,95.48
468.76,14.27,41.48,1014.83,62.7
478.47,11.02,41.17,1018.18,86.86
443.09,23.25,72.99,1009.17,89.85
463.5,13.45,45.87,1008.42,87.74
467.54,12.87,39.3,1020.64,74.38
484.97,8.16,39.3,1019.39,85.38
435.95,27.93,73.68,1015.41,49.95
449.91,20.12,58.12,1015.47,79.38
457.26,16.5,39.72,1003.05,65.99
450.57,18.92,67.71,1008.19,64.53
433.55,26.04,74.67,1016.68,81.2
455.21,19.23,45.01,1012.24,72.91
434.2,31.11,74.87,1009.11,54.86
433.55,25.45,74.33,1015.53,80.95
472.16,14.56,25.88,1009.46,78.22
437.98,28.18,49.3,1003.97,55.56
446.94,21.9,57.76,1017.45,66.89
442.45,22.04,59.14,1017.34,84.75
428.85,29.83,71.98,1004.32,67.55
439.68,25.21,75.6,1017.19,69.84
431.45,31.11,71.8,1010.81,56.08
448.11,18.94,48.7,1008.5,94.83
445.39,23.34,59.44,1012.67,80.76
440.75,22.5,59.54,1007.99,93.63
432.22,32.38,77.24,1007.7,61.15
488.82,7.39,39.81,1019.45,85.02
441.19,21.84,59.39,1015.77,88.12
462.44,14.72,43.34,1013.07,85.61
455.31,24.67,49.5,1013.62,59.42
441.77,23.17,51.19,1009.5,76.15
446.29,19.66,59.87,1018.75,87.6
444.76,23.95,59.92,1010.15,86.37
428.37,31.07,64.96,1005.2,58.93
434.01,27.03,71.14,1010.33,66.25
479.17,10.96,37.5,1013.46,79.54
485.66,7.84,41.39,1018.21,91.92
432.6,31.3,67.17,1007.27,62.99
459.67,15.76,44.89,1010.33,85.06
457.01,23.09,45.01,1012.25,43.95
467.85,16.9,38.58,1014.09,70.11
448.71,17.98,59.15,1012.09,83.03
467.42,13.86,40.66,1017.15,83.82
448.59,15.47,46.48,1007.69,91.07
448.97,7.11,40.77,1022.4,90.95
430.32,29.52,77.24,1008.55,76.24
484.34,7.94,40.6,1015.3,92.14
435.16,29.7,57.35,1005.63,57.35
451.0,23.5,50.23,1017.51,75.15
447.35,20.03,60.77,1017.23,87.82
487.03,8.49,36.25,1029.7,84.41
475.96,12.48,40.67,1011.24,61.1
479.32,9.96,42.03,1017.78,82.39
471.36,16.64,44.9,1021.02,70.34
469.61,14.35,35.71,1016.1,60.86
474.58,9.07,40.67,1014.41,70.39
470.8,12.57,41.66,1009.11,70.74
473.88,9.32,37.73,1022.14,79.49
435.41,27.17,67.17,1006.76,81.59
446.74,24.48,50.23,1017.03,66.89
484.65,6.69,36.24,1013.35,91.09
471.23,14.89,39.58,1012.26,77.58
442.97,22.32,47.93,1004.07,86.95
480.15,7.64,39.85,1012.78,88.09
447.26,25.34,59.39,1014.02,73.58
482.22,6.05,42.85,1013.09,91.88
460.73,16.72,53.82,1015.46,66.9
449.54,20.82,52.84,1004.13,79.42
459.47,18.94,46.93,1010.22,75.45
439.91,22.72,69.84,1005.96,83.9
443.39,22.02,69.45,1013.84,75.75
467.62,15.67,38.62,1015.76,66.29
495.21,6.17,40.07,1013.7,58.99
453.35,20.14,46.33,1013.24,83.39
441.07,28.05,62.6,1017.01,46.46
474.09,9.77,41.44,1017.69,78.26
448.24,18.91,56.9,1006.98,84.07
466.17,15.55,43.02,1011.97,44.66
479.11,11.95,41.58,1015.83,89.35
468.78,15.33,37.2,1013.4,78.99
443.26,25.62,60.29,1017.81,51.24
441.99,26.75,56.57,1013.76,57.93
452.86,19.37,63.09,1018.79,81.52
478.47,10.32,41.46,1017.98,87.66
454.72,16.85,41.35,1006.14,79.21
466.59,12.42,43.8,1023.13,79.8
446.33,20.3,48.41,1007.48,89.66
464.31,14.1,42.74,1026.92,67.25
472.22,11.77,42.03,1017.63,79.35
447.26,26.16,59.87,1013.24,71.92
437.31,26.85,69.84,1002.84,81.31
465.74,12.86,40.6,1013.6,84.85
460.01,14.12,40.92,1022.46,73.28
471.48,12.87,39.3,1019.26,71.55
443.13,26.23,59.14,1016.98,75.54
487.33,10.63,40.67,1017.13,66.12
464.31,15.62,41.76,1023.82,66.17
431.19,25.95,73.77,1001.35,92.67
462.59,18.77,39.54,1009.39,63.35
473.56,10.22,45.01,1018.27,93.62
455.11,17.67,50.88,1015.64,90.55
440.59,20.89,70.32,1011.22,89.68
445.76,22.5,58.79,1017.48,73.02
431.01,32.45,68.3,1015.26,44.12
468.07,10.31,44.63,1020.55,88.62
453.09,20.08,63.09,1019.0,77.06
435.51,28.28,56.9,1006.38,64.99
487.19,8.4,38.5,1013.67,69.13
448.58,24.31,67.79,1010.64,76.15
448.97,7.53,41.16,1023.19,91.28
432.52,25.17,72.39,1001.69,90.51
484.08,6.9,40.62,1018.48,78.84
445.55,23.03,44.89,1010.26,59.85
465.32,13.17,38.91,1016.55,74.47
439.77,25.09,69.68,1012.18,91.33
465.64,19.13,40.79,1004.47,91.7
428.85,29.56,73.88,1005.77,66.45
435.66,31.93,70.4,1005.27,73.71
459.31,13.8,42.99,1007.16,67.28
438.02,27.61,49.16,1005.01,35.63
461.07,16.36,43.99,1021.34,85.13
435.99,27.27,72.24,1010.69,78.09
454.29,20.27,56.65,1020.75,67.12
443.44,22.28,60.27,1018.98,84.12
438.25,26.99,62.26,1011.13,71.27
435.41,25.79,67.17,1007.89,81.38
440.49,29.49,69.71,1009.34,56.35
439.08,25.85,67.69,1007.7,70.14
439.77,25.82,69.68,1012.69,89.94
440.22,24.67,68.14,1004.96,58.15
430.3,30.09,64.96,1001.29,56.04
471.26,11.27,40.62,1017.03,61.94
447.64,20.28,68.63,1012.42,70.31
458.75,19.36,39.54,1008.97,58.92
467.1,15.37,41.96,1011.58,96.76
465.31,13.79,45.08,1023.3,83.59
437.27,24.35,73.17,1012.2,85.88
445.86,20.51,63.09,1016.39,92.99
440.42,21.93,61.45,1008.92,98.54
434.01,28.24,71.58,1010.1,67.92
441.4,25.19,64.44,1014.75,64.38
432.06,31.71,73.5,1010.63,40.17
441.54,24.88,63.31,1014.23,55.76
426.62,30.65,71.98,1004.92,63.39
442.47,29.01,68.08,1010.74,52.51
471.07,10.06,42.02,999.37,98.65
465.92,14.66,41.92,1030.81,68.88
435.91,26.12,68.51,1013.06,68.96
441.15,23.92,61.87,1009.63,54.16
441.31,21.88,59.39,1015.58,87.19
460.02,16.0,42.86,1013.88,81.74
444.08,24.74,59.21,1012.18,74.2
493.3,6.93,40.67,1020.17,71.16
475.37,12.26,39.96,1011.79,79.06
474.87,14.44,40.8,1025.05,56.59
462.6,11.85,42.07,1017.92,93.45
452.57,21.35,57.76,1017.36,73.1
441.07,27.31,65.12,1016.05,45.98
444.65,23.59,43.77,1010.85,55.98
466.42,11.94,40.66,1016.61,96.11
455.31,24.97,50.23,1015.6,56.79
435.51,24.78,57.19,1008.08,65.4
475.74,8.18,43.69,1017.16,88.16
466.95,13.75,40.66,1016.41,93.31
465.0,15.52,43.7,1015.8,76.27
461.07,14.98,43.99,1022.66,83.34
462.3,13.42,40.78,1025.03,77.51
438.21,24.05,72.24,1011.32,88.94
435.61,29.75,74.87,1009.1,56.5
467.59,17.89,42.42,1008.92,65.08
433.57,27.84,72.39,1001.18,83.46
449.28,18.24,58.46,1017.38,86.92
474.4,12.0,41.17,1019.48,58.71
476.12,12.23,43.69,1016.46,84.4
450.07,22.67,64.15,1021.02,70.49
467.32,16.73,37.2,1012.94,74.04
449.98,21.65,56.89,1013.13,66.07
457.01,21.18,45.01,1012.57,48.05
446.44,21.06,67.07,1004.9,84.09
470.78,13.88,48.79,1017.28,79.4
459.47,19.08,46.93,1010.6,75.21
462.59,17.48,40.89,1011.39,62.45
468.87,16.23,43.69,1016.4,68.9
438.5,24.99,60.37,1005.66,74.87
462.67,12.53,44.03,1007.21,84.2
471.24,18.3,37.2,1012.23,68.09
485.58,7.51,41.66,1015.9,78.31
432.98,28.66,77.95,1009.56,69.07
444.39,25.6,63.9,1013.16,53.19
477.71,12.75,39.85,1012.51,62.37
449.28,17.19,58.86,1016.74,85.97
442.58,30.51,60.75,1009.86,51.0
478.82,8.23,40.77,1011.92,90.59
478.52,10.17,40.1,1014.05,91.9
431.1,27.04,73.67,1006.82,77.45
467.81,10.74,40.92,1021.74,94.97
444.76,21.96,58.79,1010.51,87.32
446.3,23.14,62.26,1011.87,66.44
432.59,27.41,69.98,1008.51,65.49
439.08,25.61,67.69,1009.22,68.76
444.28,18.55,61.87,1008.45,65.3
430.11,30.55,66.25,1009.15,63.52
450.13,24.4,41.1,1002.14,38.75
439.15,25.17,68.08,1012.83,60.87
449.91,22.1,65.06,1014.56,71.5
472.63,11.48,42.02,1000.29,94.76
437.4,24.04,59.43,1007.6,76.98
473.88,12.74,41.38,1021.92,56.67
446.29,20.65,57.5,1016.04,87.45
481.73,9.6,41.03,1021.01,69.03
428.67,28.61,69.84,1004.24,67.74
456.2,16.58,37.64,1015.23,81.59
465.32,16.81,38.52,1018.26,75.21
483.8,5.46,40.81,1025.73,93.52
451.08,23.19,49.82,1014.59,70.52
477.65,11.86,40.27,1008.06,72.91
448.9,20.36,66.05,1015.86,87.19
439.06,25.14,63.47,1012.58,70.27
434.2,28.42,75.23,1010.25,56.8
473.56,10.96,45.01,1017.97,95.82
462.65,18.48,52.05,1012.41,68.2
465.64,16.48,41.35,1005.61,89.07
465.25,14.04,40.2,1013.29,89.54
451.95,22.24,41.1,1001.96,42.6
479.56,11.77,40.71,1024.55,72.49
439.11,32.41,58.9,1003.26,45.33
443.76,17.8,62.26,1011.81,89.81
450.32,19.08,59.15,1013.1,81.82
481.51,11.72,40.35,1012.08,83.98
437.51,27.92,68.12,1011.54,49.8
437.93,22.73,66.75,1018.13,84.06
433.84,30.67,72.86,1004.25,52.72
443.66,26.81,61.47,1009.68,68.34
465.82,15.39,39.31,1008.78,66.67
449.03,22.92,61.9,1013.27,78.32
438.78,29.53,71.43,1011.79,57.41
433.7,32.84,68.14,1003.59,43.88
466.63,15.78,41.48,1015.55,52.17
489.96,6.65,40.69,1020.11,89.84
463.18,14.64,53.82,1016.33,60.59
455.63,15.12,41.79,1007.16,82.35
435.76,28.36,69.88,1007.75,84.17
443.06,24.27,74.93,1012.73,73.81
439.12,27.77,51.43,1006.58,69.01
471.16,11.17,39.72,1002.4,81.4
443.44,23.71,67.17,1007.27,90.2
435.48,28.12,73.42,1011.49,80.16
458.59,19.17,52.9,1016.56,65.23
459.47,19.67,44.89,1009.43,73.88
456.62,18.5,46.93,1015.0,66.81
464.46,16.36,39.99,1008.91,72.48
446.12,22.43,63.76,1009.84,75.27
431.77,30.8,73.56,1007.39,75.78
438.59,22.07,60.08,1017.68,71.23
474.46,15.51,41.76,1022.81,69.55
435.27,29.78,69.71,1008.96,67.46
480.54,9.61,39.04,1023.45,75.66
430.27,31.99,53.53,1004.98,53.53
434.2,29.72,74.78,1009.32,55.25
466.63,15.47,43.13,1015.11,50.5
487.45,4.62,38.44,1016.09,73.14
467.81,15.61,41.2,1016.12,75.28
485.58,7.35,41.66,1015.55,79.67
441.15,23.77,61.87,1009.8,54.83
469.02,10.88,44.63,1020.52,86.81
473.44,12.99,43.8,1023.16,64.65
446.3,22.99,46.93,1014.15,49.42
443.26,24.38,58.2,1016.93,51.61
433.71,25.14,69.13,1011.15,85.67
467.41,13.21,40.03,1018.12,82.98
472.08,13.56,39.18,1023.4,63.82
479.32,10.6,41.46,1021.23,89.02
464.23,12.78,41.04,1025.16,85.14
433.62,27.44,66.56,1005.51,69.28
446.87,23.09,51.19,1009.4,81.61
442.76,20.87,57.19,1006.5,77.0
458.55,14.58,42.07,1017.9,86.14
439.29,22.12,69.71,1009.7,90.22
442.73,16.73,65.94,1013.79,90.19
455.63,14.92,41.16,1004.83,83.7
448.5,21.38,65.12,1015.73,68.02
480.99,10.55,41.92,1030.0,91.23
487.19,3.31,39.42,1024.05,84.31
463.06,16.23,43.52,1020.13,76.3
436.26,27.86,65.18,1012.87,55.53
464.62,13.63,43.22,1012.71,72.85
483.03,6.91,37.49,1011.05,82.07
483.03,8.62,39.54,1011.64,82.86
471.8,8.51,42.32,1015.08,84.89
433.84,31.3,70.79,1004.3,54.37
466.01,16.0,43.02,1012.37,39.2
476.12,11.44,44.2,1018.14,84.9
482.0,5.15,45.87,1008.02,98.36
447.28,24.88,63.91,1009.41,77.75
439.68,27.52,74.67,1015.77,72.01
438.67,32.89,66.44,1009.94,60.55
480.05,9.98,39.66,1017.32,77.78
438.1,25.42,74.22,1009.04,88.55
449.73,26.04,52.84,1005.68,65.18
458.27,16.0,48.78,1013.9,88.64
466.99,14.4,40.2,1013.04,90.5
444.59,21.71,60.77,1017.95,85.07
441.86,27.72,69.88,1007.58,72.25
478.5,9.34,38.08,1019.56,67.74
428.67,31.12,68.14,1003.67,67.36
469.5,12.14,44.85,1014.36,60.04
462.3,12.24,40.96,1023.22,78.74
431.43,25.67,69.88,1007.84,83.32
439.74,28.6,61.86,1011.86,62.13
433.84,33.63,70.4,1004.02,53.6
443.93,20.23,57.76,1016.84,81.26
461.89,13.3,50.59,1019.38,92.96
456.68,20.77,45.87,1008.07,76.22
455.52,20.0,56.53,1020.43,75.94
493.16,7.34,40.72,1023.01,80.08
454.84,21.71,65.27,1013.24,63.58
444.85,25.16,58.82,1009.63,72.62
467.85,17.35,39.39,1013.18,67.67
448.01,21.6,66.86,1013.02,54.19
478.13,9.89,40.64,1020.59,98.35
468.45,13.32,44.9,1007.72,78.64
453.8,24.8,50.23,1016.62,63.13
442.13,26.38,44.89,1009.14,51.79
451.95,19.93,57.25,1010.6,89.34
477.62,9.33,36.3,1027.88,79.23
467.02,13.85,45.08,1024.86,83.85
444.83,24.51,62.08,1022.58,57.44
432.97,27.78,68.67,1005.59,59.17
448.51,23.85,52.3,1005.9,70.95
471.99,13.75,40.89,1011.21,82.8
427.53,34.2,68.14,1002.7,56.09
444.9,19.04,68.28,1004.52,86.16
432.89,24.85,67.9,1005.9,64.55
438.36,22.51,66.49,1014.59,63.03
449.81,26.88,60.96,1012.1,57.9
452.66,15.48,47.83,1004.88,81.68
437.57,23.56,73.67,1007.13,87.1
455.57,19.43,52.9,1018.35,61.12
435.57,29.97,67.9,1006.09,61.6
459.68,18.97,50.59,1016.01,74.9
433.4,21.37,81.56,1006.57,81.56
438.59,20.09,61.27,1020.05,70.71
439.01,22.41,66.56,1003.3,88.71
448.45,24.51,68.63,1014.15,45.1
433.55,26.01,74.33,1015.69,81.22
435.69,28.32,68.12,1011.62,46.75
467.02,13.68,45.08,1024.91,85.26
476.03,8.83,41.14,1025.37,94.36
446.93,24.75,58.79,1009.87,71.97
432.22,30.64,74.87,1009.44,59.01
440.92,26.68,49.02,1008.4,68.01
448.51,23.38,48.6,1004.45,69.19
432.25,23.48,70.79,1006.7,88.57
463.77,14.03,49.15,1020.5,83.65
439.46,24.26,47.93,1003.87,70.44
463.65,13.08,42.32,1016.63,83.72
442.04,23.78,69.71,1008.79,83.17
436.87,27.71,75.23,1010.21,59.75
446.37,21.97,65.61,1016.09,73.29
465.16,15.54,41.23,995.45,83.73
429.35,31.03,74.33,1011.55,63.45
440.49,31.12,69.13,1009.61,56.54
448.97,7.11,41.74,1022.35,90.68
461.71,13.07,42.18,1014.98,87.77
449.7,22.86,62.52,1016.23,70.67
483.13,6.14,40.62,1015.71,86.51
465.25,14.3,53.82,1016.64,63.9
465.64,17.93,44.63,1003.54,87.41
434.16,25.9,71.73,1010.18,74.83
447.13,23.72,58.62,1016.32,71.17
465.33,13.83,38.73,999.62,91.95
433.4,21.71,76.86,1006.71,76.86
435.57,28.76,66.56,1006.07,62.41
465.49,15.28,43.71,1024.32,81.24
469.6,13.95,38.73,1003.87,83.94
449.4,22.19,58.49,1010.91,77.03
442.86,22.75,58.86,1016.0,67.34
438.66,28.52,64.96,1005.9,70.79
445.22,23.9,61.47,1009.01,81.05
438.42,31.88,70.36,1006.2,57.51
478.37,10.4,42.44,1014.24,93.48
451.0,21.31,49.39,1020.18,71.35
428.39,29.72,71.97,1008.6,79.25
456.92,20.92,49.15,1021.15,49.76
470.8,13.48,40.35,1011.71,69.44
443.93,21.36,58.95,1018.35,78.87
479.14,6.75,39.9,1008.3,87.42
449.26,18.11,58.95,1016.61,89.17
434.16,26.2,71.73,1010.14,76.14
433.4,22.89,80.25,1006.38,80.25
441.07,26.12,63.94,1017.97,44.81
479.91,9.84,40.22,1009.5,85.38
464.17,14.13,48.92,1011.72,78.06
479.43,9.05,36.3,1027.44,74.85
444.59,22.21,60.77,1018.21,84.96
454.71,18.73,40.12,1013.19,74.12
478.13,10.53,40.64,1020.62,98.43
449.11,21.47,58.79,1017.0,76.97
488.82,6.03,41.17,1019.81,84.2
441.34,23.55,65.12,1016.23,66.65
483.92,9.26,40.78,1023.61,88.48
467.9,14.18,42.99,1007.19,73.21
486.9,6.67,39.37,1020.31,73.56
443.09,24.1,71.97,1009.92,91.27
436.89,25.35,72.99,1007.65,84.09
448.32,23.21,58.49,1010.97,74.34
475.33,11.44,43.13,1014.88,63.88
465.78,12.75,40.64,1020.44,83.17
432.73,30.01,68.27,1006.88,51.67
452.85,27.18,61.41,1012.17,46.11
479.32,8.3,43.13,1020.02,83.11
434.16,26.2,71.73,1009.99,74.99
447.06,22.4,68.31,1009.52,83.5
471.08,14.66,43.13,1014.97,46.31
435.38,24.96,70.47,1007.73,76.48
440.15,26.5,66.05,1017.03,61.34
445.39,24.39,58.41,1013.65,80.93
489.07,3.91,35.47,1016.92,86.03
467.22,14.8,44.92,1024.06,91.67
475.96,10.22,39.64,1010.72,63.05
463.9,13.48,41.92,1030.2,65.96
456.68,17.83,43.72,1008.64,78.72
437.54,31.63,65.74,1010.83,50.59
445.23,23.16,69.94,1004.92,68.68
448.08,21.7,64.69,1007.93,78.37
465.16,13.92,41.16,1000.98,83.89
474.46,12.22,41.2,1016.81,81.22
448.93,21.62,58.59,1012.93,67.05
487.45,9.3,38.18,1017.19,71.51
434.98,32.55,70.94,1006.75,43.15
469.6,13.32,38.73,1005.37,88.48
443.76,19.83,59.44,1012.98,91.24
453.94,22.16,64.63,1020.81,68.47
449.26,15.81,58.59,1014.41,90.03
433.82,24.46,68.61,1011.02,76.66
438.78,29.1,73.4,1011.35,57.31
434.67,24.37,70.02,1010.97,71.97
472.16,7.48,38.5,1014.01,77.35
476.62,8.58,40.72,1022.04,87.55
455.34,19.69,56.65,1020.82,71.54
466.17,18.14,43.56,1012.83,47.1
461.73,18.21,39.54,1009.81,70.92
433.47,27.07,77.95,1012.34,76.64
471.23,15.62,38.28,1014.5,77.01
439.4,25.61,47.43,1008.62,54.51
472.27,15.41,42.44,1012.6,86.74
452.12,20.0,63.31,1017.06,63.1
441.43,25.87,57.32,1012.06,44.13
470.8,14.43,38.91,1013.28,70.26
482.17,9.14,38.91,1018.62,89.88
435.9,25.24,68.28,1000.26,78.17
444.01,27.06,43.77,1011.02,42.61
451.44,18.06,52.08,1003.73,100.09
445.72,23.15,58.79,1011.11,82.49
433.55,25.38,74.67,1016.61,81.34
436.7,30.65,65.18,1012.51,42.32
475.74,8.49,43.69,1016.93,85.63
438.47,29.86,69.34,1009.61,61.27
433.89,29.12,66.56,1006.9,49.79
475.02,10.35,38.38,1020.77,74.55
435.61,30.3,73.9,1006.72,55.13
448.52,21.31,46.97,1014.08,62.57
461.69,15.17,54.3,1017.38,72.11
467.44,11.87,40.55,1019.06,94.11
448.58,24.1,68.61,1010.97,74.87
436.33,23.92,73.17,1011.81,92.33
463.77,13.0,48.79,1017.14,85.23
450.13,24.14,41.1,1002.1,38.49
428.37,30.19,66.54,1004.39,61.43
447.25,22.08,69.94,1008.41,72.86
438.1,26.86,72.58,1009.22,88.39
469.57,13.55,40.1,1014.57,81.48
470.33,13.18,43.8,1023.18,61.21
484.09,7.2,40.35,1011.83,95.59
477.3,11.37,41.5,1013.57,88.82
469.56,13.93,39.64,1011.8,82.64
481.51,10.32,40.35,1011.64,84.05
455.14,16.32,50.88,1013.37,97.19
488.03,4.16,35.47,1017.72,88.49
434.91,28.26,72.43,1006.68,72.3
439.87,29.0,69.68,1012.78,66.09
431.01,31.63,68.3,1014.8,42.02
436.7,28.19,68.08,1013.41,43.93
466.99,13.93,40.2,1013.41,89.86
432.98,30.92,80.18,1010.11,72.47
446.87,19.89,69.48,1011.06,86.73
436.12,25.86,76.2,1005.73,69.35
469.09,10.81,44.63,1020.61,88.29
443.59,18.26,69.94,1004.1,97.39
452.86,18.61,63.09,1019.37,83.08
437.87,25.34,65.61,1014.61,57.51
446.87,21.28,70.72,1010.29,86.22
470.33,12.88,43.8,1023.19,59.18
427.53,33.68,68.14,1002.75,56.05
479.62,8.66,44.68,1022.99,95.45
471.11,8.26,40.96,1025.23,89.22
490.78,9.03,40.71,1025.98,81.94
471.23,14.85,39.39,1013.93,76.27
489.07,3.21,38.44,1016.9,86.34
464.15,15.71,39.3,1019.2,62.28
444.01,26.52,43.77,1011.49,46.98
474.26,14.18,40.69,1014.73,74.88
470.35,13.89,45.08,1024.64,82.29
474.58,10.12,41.78,1013.43,73.47
447.64,21.12,63.91,1009.33,96.14
441.9,26.68,63.73,1009.7,71.55
453.09,19.65,62.1,1019.46,77.82
439.29,23.47,69.71,1009.66,88.83
465.16,16.71,40.55,1004.45,81.64
484.65,5.21,35.79,1012.44,94.35
436.3,28.13,68.12,1012.6,44.71
467.22,12.14,45.0,1023.9,89.2
448.58,23.7,69.23,1011.73,73.18
432.65,29.52,75.33,1002.62,70.64
466.68,13.49,41.78,1010.66,63.34
438.78,28.24,65.74,1013.4,64.87
443.59,16.48,68.28,1004.27,99.89
465.92,14.01,42.74,1029.16,68.31
450.25,24.56,66.75,1018.5,77.47
434.91,28.94,71.64,1006.59,69.24
467.59,19.71,43.43,1009.58,65.71
455.71,11.06,41.5,1013.09,89.8
444.43,22.99,60.77,1017.97,78.47
454.04,19.87,48.14,1016.94,81.56
445.57,23.77,59.21,1011.97,80.08
448.11,20.99,50.12,1008.82,95.97
467.81,10.32,41.01,1021.04,95.3
435.16,26.72,56.9,1007.12,58.54
461.91,14.55,44.84,1023.83,87.6
482.0,4.89,45.87,1007.58,99.35
456.36,19.49,46.63,1013.11,88.01
445.82,24.44,59.21,1017.36,61.45
483.58,7.99,36.08,1020.08,83.2
447.09,27.28,51.43,1011.46,51.38
437.8,26.23,59.07,1008.2,78.93
480.82,9.46,41.4,1026.78,87.58
470.41,15.01,39.52,1017.53,72.0
441.9,24.86,63.47,1011.5,71.78
452.27,20.47,58.16,1016.97,68.6
439.77,27.09,49.3,1003.93,61.0
482.77,11.48,36.18,1017.03,61.62
489.45,7.84,40.07,1016.68,47.63
464.93,15.97,52.72,1024.72,65.97
433.89,29.55,67.69,1004.88,48.68
469.97,11.63,40.55,1022.89,87.12
446.3,22.96,45.01,1012.21,50.81
474.46,13.61,40.71,1022.36,72.87
436.28,22.17,70.47,1011.07,82.57
456.59,15.45,61.27,1019.87,79.21
437.37,25.08,61.02,1010.01,73.21
442.07,24.98,71.98,1006.59,90.61
447.02,20.57,44.9,1008.39,62.69
472.22,12.33,38.91,1017.24,79.84
483.58,8.29,36.08,1020.38,81.53
439.84,25.47,59.92,1010.08,77.18
433.26,28.2,66.75,1018.35,60.18
434.67,29.05,70.32,1011.33,72.5
441.07,27.03,65.12,1015.94,45.1
437.27,27.25,73.03,1014.15,68.52
435.66,30.71,71.85,1008.07,72.05
446.22,20.94,49.02,1008.91,87.32
482.52,9.06,43.79,1016.05,81.32
435.87,26.8,58.84,1001.2,65.03
447.85,25.77,65.48,1018.07,51.47
459.91,16.77,50.9,1013.24,84.4
472.9,11.73,37.92,1008.02,72.68
440.28,19.72,65.94,1010.53,82.12
433.86,24.42,66.56,1002.04,84.7
452.85,18.68,59.14,1016.96,77.09
466.47,14.22,45.08,1023.26,84.41
447.13,23.81,57.5,1015.53,70.66
487.45,7.91,38.56,1016.48,68.94
448.52,21.32,45.01,1012.23,59.94
448.51,24.75,52.84,1005.47,69.61
449.48,26.81,56.57,1013.68,61.6
455.31,25.99,49.82,1015.95,58.56
475.96,10.59,41.26,1008.1,98.27
480.66,6.33,42.07,1004.25,77.1
456.68,22.26,44.89,1009.51,78.93
463.39,15.9,39.99,1007.03,78.49
435.96,23.14,58.18,1008.89,81.82
448.39,19.48,58.79,1017.6,88.72
462.6,13.19,44.88,1017.61,94.95
436.61,27.4,69.84,1002.98,76.48
437.76,29.41,59.27,1011.36,52.37
438.71,25.22,71.85,1009.78,68.96
439.29,22.31,70.32,1009.22,89.53
483.8,7.64,42.28,1008.49,83.42
461.91,14.68,43.99,1023.36,86.79
462.59,15.12,48.92,1011.8,72.93
444.13,20.96,61.27,1019.99,67.32
488.36,5.95,39.48,1005.16,63.6
437.8,25.13,57.69,1007.43,78.43
466.42,11.58,40.66,1017.0,97.13
454.35,20.21,59.14,1016.0,70.38
459.15,16.64,43.14,1019.03,82.88
477.62,8.86,36.71,1025.64,79.65
458.59,19.72,47.03,1012.1,90.36
485.31,8.27,38.56,1016.47,66.6
431.25,30.19,68.08,1010.95,50.34
457.01,20.06,56.53,1020.38,75.16
465.6,13.16,43.41,1016.43,79.47
450.94,24.01,65.46,1014.17,43.02
485.66,9.78,40.03,1017.33,92.11
472.33,16.85,42.24,1017.43,66.01
463.39,15.12,39.16,1006.55,76.99
439.45,24.45,66.49,1014.24,58.15
478.37,9.14,42.44,1014.48,92.03
435.04,26.02,68.67,1006.73,75.19
445.34,21.46,51.61,1010.91,76.41
480.54,13.18,40.24,1016.81,86.71
487.45,5.79,38.68,1017.19,70.46
462.86,13.56,49.83,1007.01,89.86
474.49,11.95,42.07,1018.52,84.73
482.52,9.15,44.03,1012.45,81.67
430.3,28.96,66.54,1002.54,56.33
451.08,21.23,50.59,1017.42,69.26
474.61,10.73,40.35,1012.27,89.65
491.49,6.1,39.33,1010.4,95.34
438.42,25.5,63.91,1009.4,75.22
436.15,29.1,76.2,1006.28,60.22
445.39,22.58,58.12,1014.88,80.59
440.28,19.53,66.54,1013.72,81.46
448.11,20.07,51.3,1011.9,94.62
433.4,24.96,77.54,1008.25,80.6
443.51,21.08,63.13,1013.53,98.0
476.12,12.54,43.69,1017.26,83.59
479.68,6.64,35.19,1019.83,76.01
471.24,16.78,37.2,1011.97,68.94
439.68,25.56,75.6,1017.37,69.31
471.47,14.02,40.75,1016.05,70.65
437.65,29.45,70.02,1010.28,65.93
430.98,28.97,78.92,1011.71,88.5
484.31,6.11,38.68,1017.53,79.23
439.77,28.53,49.3,1003.83,59.69
432.11,31.71,69.04,1008.79,49.32
444.76,32.45,44.37,1005.05,44.37
432.65,30.53,73.21,1000.37,74.17
466.73,15.02,41.48,1015.19,58.69
435.96,24.91,58.69,1008.22,82.81
437.41,22.21,69.71,1009.69,96.85
437.57,24.51,65.12,1016.18,62.39
454.35,18.9,60.07,1016.02,71.38
433.35,28.51,76.09,1007.88,78.2
439.33,27.88,75.23,1011.33,58.91
441.2,24.33,49.16,1003.46,61.04
445.41,20.36,57.5,1014.36,82.96
478.13,11.15,40.64,1020.65,97.95
452.6,21.16,50.66,1014.13,72.77
440.31,30.47,70.83,1010.91,46.94
434.2,31.68,74.16,1011.3,55.94
457.54,19.8,49.15,1020.88,61.88
440.38,32.33,67.83,1008.11,57.48
447.16,18.67,58.46,1016.73,87.7
435.04,29.42,69.14,1007.32,75.04
433.16,27.84,71.32,1007.72,79.25
441.4,22.59,65.06,1014.36,62.44
467.81,10.38,41.01,1020.8,94.26
480.66,8.32,39.64,1010.93,78.21
431.93,30.34,71.25,1000.94,67.29
474.73,12.38,45.51,1016.15,81.37
478.37,11.23,43.7,1016.0,91.75
446.3,24.19,46.93,1013.4,49.39
436.3,30.17,75.08,1005.17,55.89
437.22,28.5,71.32,1002.54,69.35
467.41,14.78,38.58,1017.02,82.4
472.71,11.48,41.2,1012.88,90.04
479.43,9.59,34.69,1027.65,75.32
447.35,20.42,60.77,1017.65,87.07
443.93,20.76,58.79,1017.22,78.75
474.7,13.53,40.71,1023.83,61.59
437.65,34.4,77.95,1009.83,57.86
428.62,33.6,74.33,1012.31,35.66
488.82,6.03,41.17,1019.81,84.2
438.47,28.62,69.71,1009.67,62.12
464.54,19.72,44.78,1009.27,39.18
481.47,11.54,40.77,1022.13,83.5
450.32,19.39,60.1,1010.28,83.31
472.2,9.59,37.14,1013.8,72.85
467.44,12.31,40.64,1020.71,94.6
445.26,23.61,63.94,1012.9,87.06
475.55,7.61,39.42,1024.93,74.77
448.39,18.51,58.46,1017.21,88.1
481.18,7.53,43.65,1018.58,64.85
473.41,10.5,52.72,1026.32,85.04
442.86,24.99,58.79,1016.37,67.16
494.3,6.15,40.07,1020.2,66.64
441.7,30.54,67.45,1014.37,32.97
471.23,13.44,39.39,1012.93,84.29
430.64,31.27,73.77,1003.27,71.48
465.16,16.13,39.99,1007.04,80.49
433.89,30.97,67.69,1005.61,50.88
460.02,15.37,43.34,1014.84,80.37
439.45,21.25,66.86,1012.99,60.65
445.98,14.89,39.82,1013.23,82.49
482.9,6.65,40.77,1021.79,88.84
431.5,30.26,72.58,1007.0,65.51
431.99,33.71,69.98,1013.09,42.62
480.15,8.6,40.77,1011.8,89.45
432.65,29.0,75.33,1001.6,71.43
474.09,10.02,41.44,1017.37,77.65
440.23,28.75,64.69,1007.1,60.37
428.12,37.11,68.94,1006.23,31.15
435.02,30.06,67.25,1017.63,53.59
438.68,30.68,69.68,1012.86,56.56
434.95,30.08,73.42,1011.17,63.86
484.09,6.98,40.35,1011.92,94.72
436.87,29.17,73.17,1009.87,60.97
442.33,21.93,60.84,1017.8,82.61
468.23,15.11,43.67,1012.06,91.75
441.28,25.68,70.17,1001.38,85.89
438.49,30.44,56.24,1005.19,56.24
449.91,20.36,65.27,1011.73,70.8
439.4,26.47,47.43,1009.09,54.94
471.16,13.9,39.54,1007.01,81.33
441.85,21.81,60.27,1015.93,91.38
478.73,9.08,42.49,1010.67,85.35
436.51,32.31,77.95,1010.15,62.17
435.93,27.96,73.42,1011.11,71.93
481.29,9.23,42.44,1014.34,94.2
439.06,25.66,61.08,1013.0,71.21
455.16,19.2,61.27,1020.02,65.53
445.82,24.81,59.87,1018.56,61.18
435.51,24.1,60.29,1008.2,61.81
428.67,28.33,68.14,1004.63,71.21
448.11,19.53,50.32,1009.71,94.46
434.2,29.37,74.78,1009.47,55.65
443.24,24.44,69.84,1005.34,80.37
437.25,31.35,67.32,1013.74,38.56
441.67,28.98,62.66,1009.1,52.62
445.86,21.05,63.09,1016.49,91.23
438.59,25.03,60.27,1017.9,72.04
463.75,14.78,54.3,1016.96,68.53
439.72,25.24,67.45,1013.56,50.91
455.14,16.7,50.88,1015.11,97.25
463.93,16.44,53.16,1014.82,75.29
432.25,25.18,71.98,1006.71,89.86
454.06,23.51,48.98,1014.63,41.56
441.15,20.56,64.45,1012.24,53.09
444.76,26.63,43.77,1011.33,49.3
433.86,27.4,69.13,1001.4,82.47
439.72,26.91,65.34,1014.19,50.7
447.25,23.75,67.9,1006.25,70.17
436.3,27.79,69.23,1012.86,45.71
440.48,27.41,63.07,1011.5,55.3
483.79,7.98,43.52,1022.45,97.68
471.1,11.98,44.58,1016.45,78.8
430.87,27.1,73.21,1002.97,89.68
474.26,12.93,45.51,1015.27,87.27
458.67,18.91,45.01,1012.9,59.81
432.95,26.9,66.48,1004.47,54.71
467.62,14.36,40.0,1016.16,68.79
482.52,8.81,43.56,1014.99,81.5
456.49,18.36,53.16,1013.31,83.18
472.9,11.48,37.92,1008.47,70.55
431.19,25.92,73.77,1001.27,94.28
473.93,11.01,43.69,1016.7,81.48
432.89,26.31,66.48,1005.93,63.9
473.34,9.99,42.07,1018.78,85.68
475.59,12.84,40.8,1026.95,69.86
446.44,21.07,67.07,1004.64,86.16
455.5,17.7,38.52,1020.15,69.8
460.01,14.36,41.26,1021.16,73.43
448.32,24.0,58.05,1011.28,74.32
455.71,12.17,41.58,1013.89,88.98
449.74,19.58,50.12,1009.82,100.1
443.34,25.73,66.54,1010.07,55.97
435.48,23.85,74.22,1009.99,82.72
438.45,26.45,73.5,1010.31,74.33
449.08,20.95,44.89,1010.48,67.97
445.41,21.29,59.04,1012.49,84.23
454.85,14.32,71.14,1019.87,79.15
440.64,19.65,63.91,1009.26,99.08
437.61,28.09,77.95,1017.07,70.98
435.89,33.87,71.32,1007.91,39.48
455.52,13.72,41.62,1011.14,75.79
480.82,9.47,41.4,1026.49,87.9
430.35,32.19,69.13,1000.45,48.22
452.66,18.73,46.48,1007.19,79.23
480.47,6.09,43.65,1020.95,71.15
450.25,24.43,67.25,1017.99,74.27
433.86,25.24,66.54,1002.07,81.22
431.93,26.26,71.73,1009.59,80.06
439.11,26.15,64.27,1013.03,59.77
478.81,7.77,41.82,1032.72,72.8
452.85,27.92,63.07,1010.75,45.26
439.09,31.62,64.05,1010.94,58.93
473.56,12.47,45.01,1017.8,95.25
430.11,31.41,74.16,1008.65,68.5
433.7,32.63,74.99,1002.42,40.07
451.74,21.97,58.12,1014.21,85.93
445.67,22.68,58.82,1010.11,82.8
468.07,10.82,44.63,1020.64,90.26
430.35,32.37,68.67,1005.45,47.98
490.78,10.89,40.81,1025.82,81.18
442.04,25.45,70.04,1011.2,82.48
467.81,10.91,42.34,1021.83,94.99
484.33,6.75,39.4,1011.28,90.84
453.35,21.36,45.61,1013.43,83.64
457.91,23.45,45.61,1012.84,73.42
489.07,4.04,35.47,1017.51,87.35
467.96,15.4,38.73,1000.67,79.71
447.36,25.54,49.16,1003.64,47.4
444.13,22.61,59.87,1019.12,66.12
482.17,8.62,39.66,1015.18,89.59
462.67,13.84,41.26,1020.92,74.74
444.35,21.31,69.05,1002.46,73.42
439.74,28.54,58.33,1013.9,49.4
447.64,20.35,67.45,1015.14,69.22
450.94,24.54,65.46,1014.27,40.77
488.82,5.84,40.62,1018.58,82.73
433.89,26.47,69.51,1009.51,65.02
477.5,10.79,43.56,1015.15,73.01
472.33,18.3,44.06,1017.95,63.24
436.66,28.79,68.51,1013.02,62.84
447.32,23.07,49.02,1009.07,84.1
432.22,31.25,74.34,999.06,69.85
461.73,18.16,39.99,1007.73,70.54
437.27,25.06,74.33,1014.05,69.02
438.86,26.71,59.39,1014.24,66.45
436.89,26.45,75.6,1017.42,74.5
452.66,18.67,47.83,1005.12,82.97
479.32,10.29,40.0,1021.46,90.6
491.49,5.52,39.33,1009.74,95.25
447.57,23.41,54.42,1012.86,70.12
436.12,29.91,74.9,1003.36,69.34
459.39,19.92,46.97,1014.32,69.17
444.39,26.85,63.56,1013.25,52.84
442.86,23.59,58.62,1017.81,66.68
443.66,22.72,63.73,1012.63,82.14
452.3,20.3,62.52,1017.96,75.17
456.36,17.0,45.09,1013.52,88.32
481.38,8.89,41.54,1019.27,82.87
470.92,12.61,41.79,1015.82,91.9
434.45,28.9,71.94,1007.29,64.77
489.1,5.49,38.5,1012.18,79.33
474.49,12.91,42.07,1018.4,86.5
473.94,9.45,41.4,1027.34,86.66
445.31,27.47,69.98,1008.53,58.72
488.82,5.79,39.61,1021.64,85.41
446.22,21.92,49.02,1009.29,88.56
434.67,27.07,65.59,1012.14,63.93
454.84,20.6,66.86,1013.08,62.48
426.79,30.73,69.89,1015.0,58.9
439.77,26.31,48.6,1002.64,60.04
457.54,19.98,49.15,1021.56,63.89
448.93,21.31,58.66,1012.67,69.36
473.93,11.48,44.58,1016.43,80.15
436.33,23.33,73.18,1012.51,91.29
467.62,14.05,40.71,1016.36,68.58
478.65,10.06,34.69,1027.9,71.73
484.08,6.86,41.17,1020.12,79.14
435.51,28.87,57.19,1008.09,64.29
439.06,24.83,62.4,1010.13,70.18
470.8,10.42,39.96,1025.21,95.69
439.56,27.51,63.73,1009.97,66.14
435.38,23.97,68.67,1006.63,76.83
436.81,27.22,68.3,1016.84,64.88
466.59,11.54,45.0,1022.77,80.79
451.92,21.44,48.98,1014.4,54.22
437.4,25.1,61.47,1007.84,75.75
441.15,22.84,61.87,1010.63,51.67
445.31,26.03,69.68,1011.61,60.75
447.16,18.9,58.46,1016.74,87.65
465.0,11.75,42.32,1015.28,77.25
433.34,27.37,76.09,1007.52,89.12
465.09,17.73,43.72,1009.33,76.68
457.01,20.01,56.65,1020.77,74.46
479.64,7.89,39.37,1016.28,84.66
469.97,11.53,41.14,1025.63,88.54
471.48,13.46,41.4,1019.46,71.73
471.23,13.74,39.35,1014.82,77.48
465.89,13.77,43.13,1016.63,62.13
445.41,20.25,59.8,1015.3,82.69
472.22,10.75,40.81,1015.93,79.27
473.55,11.77,39.39,1012.9,85.8
473.22,9.29,39.96,1026.2,97.55
472.22,15.15,41.35,1006.3,86.16
461.96,16.96,44.9,1020.5,77.53
440.92,27.01,65.06,1013.16,53.02
475.96,12.74,44.03,1007.62,97.64
485.58,5.21,43.65,1017.64,78.62
478.81,8.18,40.02,1031.45,73.66
448.51,20.13,60.07,1014.79,63.57
435.77,31.54,67.32,1013.79,36.99
449.42,19.79,64.45,1016.14,73.54
466.01,14.96,43.02,1012.77,42.93
473.78,9.0,40.78,1025.39,99.22
463.61,16.47,38.01,1022.3,72.29
469.5,16.0,45.09,1014.31,60.02
437.27,25.42,73.17,1012.29,85.86
479.17,9.27,39.64,1010.79,79.56
489.09,6.85,37.49,1011.01,84.53
438.24,30.49,64.44,1013.43,51.73
480.74,4.81,42.85,1013.96,86.94
430.75,29.93,69.48,1009.21,54.59
443.13,21.93,60.84,1018.96,76.8
473.17,13.35,41.44,1015.9,66.04
434.97,32.44,77.95,1014.83,50.69
468.45,11.8,43.22,1008.57,78.01
447.13,24.4,60.32,1016.5,70.96
451.95,21.92,58.79,1010.09,89.7
487.19,8.27,37.7,1015.09,73.64
482.46,7.0,36.24,1013.15,89.64
453.83,20.74,59.8,1015.46,76.39
474.27,12.58,43.67,1014.36,91.72
444.37,24.22,62.08,1022.53,60.79
471.42,18.43,44.63,1019.76,39.99
458.07,12.52,71.14,1019.49,76.11
447.63,19.18,50.12,1005.99,100.09
470.78,13.51,44.9,1019.29,77.24
433.06,26.38,70.47,1007.36,76.91
476.97,11.65,41.54,1020.09,67.96
460.7,10.31,37.5,1008.55,99.31
463.35,15.37,50.59,1019.02,98.2
438.24,29.89,65.74,1012.95,51.36
438.71,31.53,70.36,1006.29,57.11
484.12,6.25,39.48,1004.82,52.71
443.27,29.09,70.02,1010.13,48.06
477.3,12.0,41.5,1013.21,86.75
455.94,18.61,47.83,1006.43,78.89
465.64,16.34,36.99,1006.99,90.06
437.53,28.12,58.33,1013.61,39.67
465.78,12.64,41.26,1020.79,83.66
446.05,26.1,62.91,1012.44,60.91
485.58,8.07,43.41,1016.02,76.26
432.56,27.5,68.24,1010.38,73.44
433.47,28.44,77.54,1011.73,77.3
428.39,28.31,71.85,1009.0,77.56
441.73,22.72,64.15,1021.14,60.34
453.09,22.79,44.57,1007.31,69.36
457.81,17.08,40.12,1012.17,81.5
464.31,15.6,41.04,1025.48,64.43
444.69,22.07,48.41,1008.71,81.29
446.37,24.16,66.05,1016.45,73.27
452.84,14.93,39.16,1007.25,72.35
478.52,11.99,38.28,1013.65,91.31
460.88,16.85,52.9,1019.47,81.28
442.69,24.82,66.54,1010.0,60.36
448.75,21.67,69.71,1010.46,96.83
459.98,18.06,43.14,1013.95,62.21
430.01,30.05,66.44,1008.46,76.82
455.24,18.36,62.1,1019.9,79.09
430.75,32.02,67.83,1007.77,53.31
440.9,24.61,62.39,1006.39,79.08
484.34,8.41,39.16,1015.47,93.42
477.62,8.94,36.71,1025.5,80.45
445.9,22.57,63.94,1013.49,81.61
467.81,9.92,40.64,1020.39,95.41
439.12,26.51,50.05,1006.75,65.34
452.32,24.93,47.01,1015.12,64.8
446.88,24.43,58.95,1017.18,57.73
455.52,12.28,39.96,1011.76,77.07
474.31,9.75,35.76,1019.88,62.31
490.78,10.94,40.81,1026.03,80.79
435.79,25.37,68.31,1011.12,70.99
443.13,23.82,60.32,1016.61,75.29
460.72,9.26,40.11,1024.38,74.82
433.86,24.57,66.54,1004.44,83.15
435.86,29.55,72.29,1007.94,84.45
442.75,27.37,63.31,1012.89,60.11
473.55,11.83,38.25,1013.36,85.33
436.28,22.32,70.47,1010.97,83.16
482.74,5.8,45.87,1009.14,92.06
439.03,25.41,69.14,1006.4,87.4
442.53,24.89,66.49,1010.15,65.65
449.74,18.12,50.16,1009.82,100.09
435.35,28.14,61.47,1009.69,64.66
474.4,12.0,41.17,1019.48,58.71
469.37,15.62,35.4,1016.19,53.95
474.31,11.29,35.76,1019.32,58.91
449.74,17.99,50.16,1009.98,100.09
482.22,4.87,42.85,1013.6,92.3
451.0,19.25,43.43,1012.01,73.26
466.99,11.74,40.6,1013.91,90.57
474.1,13.43,43.69,1016.21,73.01
436.89,25.33,71.32,1007.05,85.31
468.8,19.26,44.34,1019.45,51.32
454.71,17.89,40.12,1011.99,76.52
438.49,30.57,58.9,1004.54,54.37
473.34,7.45,43.13,1019.31,86.32
435.79,24.03,66.54,1012.19,69.15
489.45,8.03,40.07,1016.06,47.46
433.89,28.06,70.04,1009.89,66.07
471.92,10.06,39.61,1018.22,70.22
476.62,9.68,40.77,1022.04,85.23
435.51,26.38,69.88,1008.42,86.25
469.97,10.84,39.18,1023.64,87.1
489.96,7.05,40.69,1020.53,89.67
471.99,13.34,41.79,1011.48,86.66
443.86,24.39,63.77,1013.3,77.53
442.04,24.26,69.71,1008.98,81.58
471.82,8.23,41.01,1022.89,98.03
462.3,13.15,40.78,1024.13,79.59
430.58,31.35,71.97,1008.29,72.26
447.0,22.88,65.48,1017.33,66.26
449.98,25.44,56.57,1013.8,66.72
427.67,27.79,71.85,1008.95,87.35
449.13,21.99,57.5,1015.87,80.72
463.29,13.35,40.27,1005.83,49.75
436.65,28.63,66.56,1005.88,64.73
465.88,12.78,44.6,1013.64,77.56
476.62,8.37,40.92,1021.82,86.03
474.24,11.93,38.78,1013.15,96.08
445.0,21.03,63.86,1014.84,71.72
441.07,27.2,65.12,1016.2,44.95
436.87,26.93,75.23,1010.19,62.12
464.56,12.76,42.32,1015.35,78.18
479.68,8.55,35.77,1016.15,73.32
465.73,14.66,40.89,1009.72,91.56
476.72,10.36,37.83,1005.87,98.56
442.07,21.54,66.54,1004.99,92.87
464.94,14.02,41.78,1011.26,48.62
465.89,12.35,40.8,1027.35,72.69
437.76,25.89,58.86,1014.16,52.95
441.94,22.05,61.27,1019.6,58.83
426.07,32.06,71.85,1007.9,56.44
447.3,24.55,57.5,1015.36,62.45
431.1,27.23,71.77,1006.59,77.94
449.98,24.29,57.5,1014.85,67.28
438.43,30.4,77.3,1002.44,59.42
440.15,26.5,66.75,1018.48,61.62
475.96,10.42,41.26,1008.48,96.76
459.67,15.79,44.89,1010.19,84.61
460.88,15.79,49.15,1020.62,76.22
436.15,30.3,73.67,1005.57,58.74
442.69,25.58,64.45,1011.07,61.47
463.03,12.36,48.04,1012.8,93.59
472.54,10.56,40.22,1005.08,89.71
438.47,30.01,69.13,1010.11,62.42
458.55,14.91,40.73,1017.44,86.91
454.72,15.9,41.35,1006.28,78.2
483.79,8.91,43.52,1022.78,98.0
439.74,26.88,61.5,1009.17,61.26
467.12,14.78,42.86,1015.32,84.75
432.11,30.95,71.58,1009.95,50.02
448.71,17.9,58.33,1013.6,85.81
471.99,13.96,39.54,1011.05,85.72
437.38,29.85,71.58,1010.04,58.66
458.85,14.07,40.78,1024.67,72.66
449.73,25.26,52.3,1006.65,64.64
481.47,10.07,40.92,1021.84,84.18
467.57,15.66,43.99,1021.18,88.62
473.05,6.25,40.02,1032.14,80.22
432.18,27.71,69.51,1009.65,58.38
464.71,12.75,42.34,1018.17,94.67
447.32,21.44,51.19,1009.1,84.94
430.3,32.98,73.88,1006.31,47.55
430.81,27.54,74.22,1007.44,75.91
475.14,11.68,40.55,1006.48,96.16
478.5,8.02,39.04,1018.49,68.07
468.8,19.15,44.34,1019.54,48.09
440.64,18.53,63.91,1010.26,97.8
432.22,30.82,76.2,1007.47,59.3
450.25,22.9,67.25,1017.74,74.53
450.08,22.18,62.39,1007.84,85.74
488.05,3.69,38.44,1016.74,82.87
453.09,19.89,44.9,1008.12,67.3
436.39,23.36,65.18,1012.35,78.09
467.15,13.58,44.47,1029.91,70.41
438.66,25.88,61.47,1007.93,68.71
487.18,6.57,39.37,1020.2,77.37
474.24,10.51,37.5,1010.7,96.29
432.49,26.14,72.99,1007.49,81.72
477.07,13.31,41.26,1020.83,79.55
459.31,14.01,42.99,1007.12,69.69
477.62,8.64,34.69,1026.79,80.88
437.27,24.88,73.17,1012.26,84.96
448.01,23.28,69.51,1013.31,53.0
449.98,25.6,58.46,1016.34,66.6
432.83,27.0,73.17,1009.82,64.43
440.21,25.69,62.26,1011.38,74.08
450.32,20.77,60.1,1011.11,81.09
464.31,12.45,40.81,1025.63,66.26
437.52,27.32,66.54,1004.95,72.58
433.86,25.51,67.69,1004.53,80.03
454.67,17.45,49.64,1026.4,66.67
438.52,24.4,60.37,1006.77,82.43
454.6,18.98,38.52,1018.85,63.16
478.82,9.48,44.68,1023.29,92.9
466.17,12.04,41.58,1018.02,88.91
439.4,26.11,47.43,1009.01,56.09
427.65,25.28,71.94,1006.73,86.69
439.98,27.46,61.86,1012.39,66.09
475.59,12.42,40.24,1016.59,90.01
425.11,32.49,74.99,1002.19,34.58
441.99,26.16,52.36,1013.62,58.52
441.15,23.39,61.87,1010.35,48.91
456.92,21.12,49.15,1021.29,52.9
448.5,19.94,65.46,1017.7,68.94
441.91,26.15,63.21,1012.31,76.44
474.79,13.93,38.91,1013.04,73.51
474.26,12.87,45.51,1015.3,86.67
443.34,28.29,68.08,1010.77,53.92
482.17,7.78,39.18,1024.62,85.15
453.28,21.11,58.12,1015.38,77.78
440.74,23.97,64.05,1012.23,90.18
444.35,25.71,66.05,1018.58,66.23
455.31,24.7,50.23,1016.23,62.03
479.17,10.32,38.91,1012.11,81.49
479.91,11.46,39.82,1012.09,86.2
475.96,10.53,41.26,1007.48,98.74
445.76,21.91,58.62,1015.95,72.87
435.79,25.35,65.18,1012.67,70.36
440.75,22.77,59.92,1009.67,94.09
440.75,22.28,59.92,1009.36,95.38
455.94,18.94,47.83,1005.18,78.59
491.49,6.92,41.26,1011.16,96.2
449.41,23.07,65.46,1014.07,46.77
464.33,13.89,43.7,1015.12,64.99
465.25,14.13,53.82,1016.72,64.85
475.32,7.4,40.72,1022.56,87.67
484.36,6.17,36.25,1028.68,90.59
478.37,10.8,41.62,1012.84,93.84
433.84,32.77,72.86,1003.6,52.87
435.86,29.56,70.4,1006.49,82.95
441.67,31.05,62.7,1009.35,55.27
476.62,8.85,41.06,1020.99,86.05
432.79,31.15,69.59,1007.82,64.96
436.65,28.18,66.56,1005.69,65.67
479.32,10.24,41.17,1019.73,82.04
434.2,28.38,72.39,998.93,73.85
463.03,15.46,44.88,1017.52,93.32
454.35,19.97,59.14,1016.05,70.58
436.7,28.36,68.08,1013.34,42.82
465.89,15.09,44.34,1019.46,60.49
472.22,10.72,40.81,1016.51,80.26
459.95,16.37,52.9,1015.14,73.11
445.68,24.66,57.43,1013.17,71.82
441.43,26.44,54.2,1012.65,48.02
480.39,6.3,41.14,1027.45,86.11
442.48,23.56,49.16,1002.54,69.07
475.59,8.73,39.42,1025.63,69.87
472.27,14.49,42.86,1013.94,88.2
448.11,20.26,50.32,1009.81,93.12
474.7,13.56,40.8,1024.8,63.6
430.26,29.01,70.04,1010.02,57.35
450.48,19.78,54.42,1011.74,89.34
452.64,19.24,56.89,1014.29,72.97
473.94,8.36,40.71,1026.34,82.76
440.15,27.08,66.05,1017.91,59.1
469.1,9.3,43.14,1010.99,88.12
480.47,6.29,43.65,1020.68,70.14
450.95,21.33,60.1,1010.97,78.36
462.98,14.55,40.73,1018.36,89.12
444.65,24.54,44.89,1010.05,59.13
432.25,24.28,71.98,1006.34,90.45
440.78,23.45,69.04,1010.5,80.77
483.13,5.62,40.62,1015.81,85.34
454.62,20.82,57.76,1019.15,72.46
480.74,6.06,43.65,1014.36,83.94
453.35,21.24,44.3,1014.34,83.39
447.64,18.32,66.86,1012.02,70.0
479.64,9.44,40.0,1015.62,81.16
465.96,17.36,43.96,1013.02,79.59
430.07,26.95,70.79,1004.09,75.35
439.45,21.0,66.86,1013.06,59.7
434.29,29.36,78.05,1011.12,64.17
465.16,14.84,41.23,995.02,88.0
437.24,27.21,67.45,1013.83,43.26
432.83,25.44,75.23,1010.71,66.44
433.9,30.84,66.75,1017.54,40.69
450.75,20.55,65.46,1013.87,58.09
467.1,12.27,49.83,1007.75,92.02
437.87,24.49,65.59,1011.52,85.12
431.47,26.65,74.16,1008.27,94.54
437.96,21.46,58.18,1007.45,95.33
432.52,27.24,71.25,1000.5,86.28
460.33,19.86,41.67,1012.31,53.9
433.7,34.48,74.34,1000.91,42.61
444.19,25.16,60.23,1011.21,68.31
448.93,18.93,59.39,1013.92,68.78
475.96,10.55,41.26,1007.77,99.1
447.35,21.86,63.09,1016.64,87.94
443.48,25.57,62.96,1019.92,58.34
460.01,13.73,50.59,1020.44,85.54
464.31,14.26,44.47,1028.11,66.81
430.19,31.28,69.51,1010.09,36.85
441.04,27.08,66.05,1017.33,54.68
476.12,11.87,44.6,1018.81,84.68
431.01,31.92,68.3,1015.58,41.55
438.24,25.42,75.6,1017.39,77.63
439.77,26.08,48.6,1003.61,57.8
451.0,16.88,43.67,1011.43,73.98
434.47,27.75,69.89,1015.41,73.01
431.96,27.37,71.06,1008.4,87.52
445.85,22.74,58.41,1013.92,84.03
435.93,27.17,73.5,1010.36,73.29
455.52,18.99,56.65,1020.46,77.16
437.92,27.19,71.32,1008.97,88.43
428.67,27.46,67.69,1004.7,70.15
463.39,16.66,41.16,1007.37,76.82
440.15,26.39,66.05,1018.24,61.27
465.92,14.31,42.86,1031.14,69.6
466.99,12.1,41.58,1014.41,90.22
479.17,11.56,39.28,1011.27,82.05
479.33,10.34,41.74,1020.07,79.17
442.33,20.76,59.21,1017.94,80.84
469.56,12.09,38.25,1013.61,81.28
482.78,7.68,38.06,1020.92,83.87
453.42,22.78,58.96,1013.65,57.06
474.7,15.42,40.56,1021.23,59.37
448.52,21.08,46.93,1014.49,63.33
477.45,7.25,41.14,1024.99,95.85
436.69,28.25,66.54,1011.02,43.77
452.32,29.82,43.21,1011.52,63.54
459.15,14.55,41.7,1018.58,80.8
437.41,21.88,69.71,1010.28,97.64
435.66,31.07,70.98,1007.24,72.03
449.91,23.08,64.44,1014.85,69.95
451.95,19.95,57.25,1011.08,88.04
450.01,21.89,63.94,1019.55,55.09
433.07,30.11,70.8,1008.57,69.25
467.96,15.1,41.35,1003.84,97.89
466.73,16.59,43.56,1012.88,59.61
467.02,14.71,44.0,1024.98,85.08
459.1,18.15,41.23,993.82,61.21
470.2,12.24,34.03,1018.44,69.27
482.78,7.71,38.06,1021.0,83.47
434.91,28.15,72.99,1007.62,70.03
449.98,25.11,56.89,1013.33,67.31
434.47,26.82,69.23,1013.28,50.86
450.48,20.58,54.5,1015.04,89.83
432.89,25.04,66.48,1004.12,63.01
437.98,29.56,51.43,1005.87,59.22
471.36,18.92,44.06,1017.47,68.75
465.16,14.72,41.23,997.91,82.69
445.76,22.76,57.5,1014.75,74.38
441.9,25.74,63.73,1010.88,70.87
474.24,10.34,37.5,1010.35,95.56
469.15,14.64,44.92,1025.54,91.12
477.62,9.41,34.69,1027.02,78.91
482.0,4.96,45.87,1007.32,98.78
434.38,32.73,69.88,1007.86,46.95
479.43,9.11,36.66,1026.47,74.79
449.08,21.52,46.21,1010.62,67.62
448.11,19.39,51.43,1011.06,94.35
445.31,26.99,68.12,1011.45,58.48
432.27,30.68,71.8,1010.81,61.4
439.14,31.23,75.08,1004.93,46.19
471.99,14.24,39.99,1009.3,83.75
481.12,9.31,43.56,1015.09,79.96
467.32,16.1,36.71,1013.58,74.41
447.32,21.33,50.32,1008.58,85.3
463.06,17.4,43.14,1018.51,75.31
470.96,10.59,25.36,1009.59,100.16
434.15,29.42,74.9,1004.11,64.53
449.74,18.48,50.16,1011.45,99.92
441.86,26.91,70.47,1007.55,72.59
479.17,9.59,38.91,1011.87,81.3
447.12,25.01,68.63,1013.76,43.65
440.76,22.71,59.43,1005.68,83.52
440.9,26.55,60.23,1009.88,79.54
467.42,13.78,42.03,1017.51,84.94
433.44,28.32,71.64,1004.73,72.71
438.21,23.49,73.18,1012.4,90.05
451.74,22.76,49.21,1014.35,48.85
442.36,24.96,60.84,1018.13,59.51
453.26,20.31,45.87,1007.89,73.7
461.91,14.57,44.84,1023.46,87.2
435.35,27.17,61.02,1011.38,65.32
453.08,18.96,47.83,1006.15,75.61
431.39,29.23,68.14,1004.31,81.46
471.0,16.49,41.93,1022.92,44.98
460.21,20.08,44.6,1014.91,36.27
441.65,31.41,64.44,1013.84,49.49
462.1,12.12,40.0,1018.72,84.42
450.76,25.32,54.5,1015.5,68.17
447.06,20.21,69.94,1009.33,83.96
470.9,10.67,45.0,1022.99,85.91
448.51,22.44,58.16,1017.28,63.68
471.0,17.81,45.0,1022.32,43.84
446.22,20.85,48.7,1007.11,87.2
455.24,18.34,62.1,1020.52,78.6
434.64,29.6,71.14,1011.46,52.69
472.16,9.68,38.16,1015.54,79.67
436.71,28.69,73.18,1012.23,68.57
449.98,24.47,57.85,1013.05,66.34
459.39,19.6,48.14,1013.18,68.71
449.21,17.57,62.1,1019.51,86.14
441.43,26.21,56.85,1011.45,41.37
478.81,8.68,41.82,1032.83,73.62
443.48,24.94,62.96,1019.76,58.44
447.58,20.58,50.78,1008.87,91.18
468.78,17.79,40.12,1012.74,79.03
449.65,22.71,48.06,1012.82,67.81
440.9,25.53,59.57,1010.65,82.04
440.92,26.7,49.02,1007.68,67.97
441.07,27.43,63.87,1017.6,43.33
439.11,30.26,71.77,1006.24,58.98
432.97,29.08,67.07,1005.73,57.18
446.12,22.64,62.44,1011.82,75.07
443.39,23.75,68.51,1013.21,76.01
465.49,15.6,43.71,1024.88,80.37
441.7,28.55,66.51,1015.46,34.04
439.32,29.86,59.57,1011.24,64.02
467.54,15.63,37.87,1020.4,74.77
485.66,7.79,42.03,1017.74,91.48
432.26,30.06,69.14,1007.5,72.48
480.54,10.12,38.38,1018.22,85.93
469.49,10.86,44.85,1014.15,88.36
433.06,26.37,70.79,1005.31,77.3
435.79,23.05,65.94,1010.99,69.73
440.92,25.89,48.41,1008.59,65.38
439.91,22.77,69.84,1005.75,84.26
451.92,21.5,44.58,1016.87,57.58
481.51,11.01,40.22,1011.13,83.09
474.27,13.53,42.86,1014.0,90.63
432.61,25.91,75.6,1018.23,62.65
467.15,13.93,42.86,1032.37,71.11
481.24,9.96,41.55,1002.59,65.86
451.95,18.25,60.1,1009.72,90.15
442.07,22.59,66.54,1005.11,92.62
447.67,24.99,48.92,1010.03,41.26
447.3,23.78,58.86,1015.7,62.95
470.94,10.31,42.49,1009.43,78.36
463.93,15.25,52.9,1014.86,76.87
441.73,22.49,61.27,1019.6,57.1
461.91,14.04,44.21,1021.93,86.12
446.33,20.65,48.41,1008.38,91.02
437.27,24.79,75.6,1017.07,68.23
450.48,19.7,54.42,1011.83,89.86
465.82,15.48,41.66,1009.55,66.74
479.32,11.09,41.58,1020.99,91.09
436.37,27.22,69.04,1008.89,70.62
438.87,26.64,62.44,1011.81,72.46
469.61,15.21,35.4,1016.31,58.26
430.64,31.85,73.21,1000.98,72.2
471.99,12.54,41.62,1010.86,83.42
468.45,14.17,42.99,1007.38,78.88
480.99,11.48,41.14,1027.67,90.5
470.41,14.87,41.2,1016.27,70.51
433.84,29.5,72.86,1004.63,52.17
439.98,25.77,63.31,1012.76,65.98
432.49,25.99,71.32,1007.17,83.23
463.05,18.8,44.71,1016.56,31.29
445.22,21.23,61.5,1008.98,82.14
441.15,25.09,65.38,1009.99,54.28
434.45,23.54,70.32,1010.89,80.76
471.47,13.71,43.41,1015.45,69.26
470.94,12.6,40.35,1011.89,80.88
446.87,21.19,52.3,1008.24,79.19
449.54,25.21,51.43,1006.43,78.55
439.98,25.87,63.47,1011.54,65.45
433.53,29.48,73.21,1000.67,79.35
477.89,11.62,41.54,1019.94,66.43
471.24,14.57,25.88,1008.92,69.16
467.01,9.73,41.01,1021.76,97.71
441.83,24.25,50.78,1008.82,60.55
454.35,19.44,60.07,1014.8,69.06
464.27,13.32,44.2,1020.02,78.78
439.05,30.57,69.82,1009.86,52.94
431.47,26.88,79.74,1006.54,93.7
466.17,13.93,40.24,1017.88,88.35
438.24,28.56,65.27,1013.28,49.95
434.88,27.26,66.56,1007.83,60.95
465.78,12.68,41.16,1020.09,83.32
443.85,17.03,58.49,1011.91,92.16
471.24,16.66,36.71,1013.68,70.66
467.15,14.07,42.86,1032.16,71.53
468.45,12.41,45.87,1004.78,80.02
488.82,6.06,41.17,1019.67,84.7
471.82,7.79,41.16,1023.17,97.11
428.93,26.8,72.58,1009.22,89.03
461.96,14.68,58.2,1018.5,83.3
448.54,27.3,56.85,1011.66,36.09
479.43,8.99,36.3,1027.08,73.98
450.48,21.39,51.3,1013.39,89.05
435.01,27.37,76.2,1006.03,67.07
441.83,25.02,50.78,1008.79,63.06
477.45,6.8,41.16,1023.17,95.4
479.11,11.01,40.05,1015.46,89.22
441.07,27.91,64.79,1017.7,48.29
460.56,16.52,42.24,1017.51,67.65
436.37,29.23,69.59,1009.0,71.41
448.58,25.91,68.08,1010.92,74.25
457.53,15.55,40.66,1016.21,88.5
429.31,32.67,67.83,1007.81,42.16
467.81,11.1,40.92,1021.98,94.14
459.39,21.89,45.38,1014.42,68.95
429.31,32.48,69.75,1009.05,40.47
474.17,9.99,43.52,1022.95,99.67
452.86,18.87,62.96,1020.55,82.87
449.01,20.77,52.05,1012.22,45.61
483.3,6.61,38.68,1017.5,63.88
431.07,31.53,70.94,1007.11,50.04
466.73,12.93,43.13,1014.91,55.7
474.17,12.38,43.52,1022.98,100.0
431.99,32.2,69.68,1012.12,42.47
493.3,7.65,40.67,1020.14,72.37
474.79,15.51,36.71,1014.05,72.92
473.44,13.26,41.74,1021.89,63.32
433.4,21.16,78.11,1006.73,78.11
453.94,21.61,64.63,1020.86,69.73
458.55,13.95,41.49,1019.95,86.46
443.34,27.97,68.31,1010.64,55.91
442.75,26.63,64.44,1012.66,61.19
449.03,24.2,63.21,1012.25,79.86
482.52,8.23,43.79,1016.11,82.11
446.12,21.06,62.91,1011.92,75.52
462.67,16.02,44.9,1009.3,82.62
437.73,23.15,66.48,1003.71,76.0
435.51,24.44,69.13,1011.1,87.62
442.46,26.19,49.3,1003.69,65.88
449.09,20.09,63.94,1020.82,74.16
434.45,26.71,70.4,1007.59,82.63
474.24,10.63,37.5,1008.93,98.14
434.45,26.14,71.98,1005.98,82.45
437.8,25.9,59.54,1007.3,78.38
458.6,15.93,52.75,1024.57,58.71
471.08,13.09,43.02,1013.17,46.73
444.59,21.47,60.77,1018.06,85.73
472.22,13.57,42.99,1007.51,88.95
446.62,22.32,64.27,1014.35,82.98
454.71,22.08,41.54,1014.21,73.73
436.3,32.13,74.34,1003.34,56.39
456.44,18.32,42.28,1007.86,45.62
473.31,10.18,35.76,1019.71,66.7
438.5,23.07,69.23,1011.78,76.06
459.37,15.16,50.88,1013.88,100.11
472.71,12.24,41.2,1012.48,89.85
441.56,31.04,68.31,1010.54,42.74
433.7,32.34,74.99,1002.77,42.83
474.26,13.97,45.01,1017.44,89.15
455.31,26.24,51.43,1011.32,59.52
455.52,13.82,41.62,1011.48,77.66
478.96,9.55,39.66,1018.8,74.88
463.18,16.9,54.3,1017.97,60.57
446.93,24.47,58.05,1011.27,71.7
480.54,11.6,40.69,1015.51,86.55
450.25,21.47,65.61,1015.92,76.22
490.68,4.15,39.9,1007.62,95.69
430.81,26.45,71.37,1008.0,77.06
430.3,33.6,77.17,1009.01,47.53
465.7,16.2,38.73,1002.14,75.03
445.26,23.73,63.94,1010.7,87.1
437.37,27.45,66.25,1009.3,77.58
439.72,33.42,68.51,1011.91,45.83
433.07,28.91,70.72,1009.7,67.5
435.52,26.51,67.25,1017.85,64.17
484.42,5.66,40.0,1022.08,93.03
459.68,17.99,50.59,1015.9,77.28
476.62,10.77,41.46,1021.42,87.18
481.18,10.03,41.79,1020.35,66.42
473.94,8.69,40.81,1026.19,86.25
462.73,17.67,43.96,1011.68,82.13
466.05,9.98,41.01,1017.83,98.07
431.07,31.87,70.94,1006.94,50.78
460.02,15.74,43.34,1013.38,81.45
447.48,22.49,62.96,1020.21,78.99
434.38,32.21,70.94,1006.76,47.56
433.97,25.4,69.59,1008.58,82.22
472.63,10.87,42.02,1002.08,95.22
449.54,23.55,51.95,1006.0,76.46
441.7,27.29,67.32,1013.92,33.41
448.75,19.36,68.61,1010.85,94.87
468.27,10.2,41.01,1021.39,96.64
478.71,11.03,44.78,1013.16,83.85
482.52,8.97,44.03,1013.16,80.39
472.16,8.48,36.18,1013.31,75.15
438.86,26.56,56.57,1013.73,63.9
436.32,30.65,71.06,1008.61,76.76
484.09,6.44,39.33,1011.8,93.5
464.14,21.6,43.43,1010.28,61.87
462.59,19.46,42.04,1011.3,60.45
465.74,12.19,40.05,1014.65,85.1
445.26,23.92,63.21,1012.52,86.51
435.79,27.11,66.49,1013.71,39.28
445.57,23.73,61.02,1009.71,78.7
433.97,28.36,60.23,1010.05,53.03
445.82,24.38,60.84,1017.85,62.23
433.54,23.07,57.17,1009.84,76.8
460.56,15.07,50.88,1014.33,100.12
441.7,29.58,66.51,1015.57,32.95
437.52,25.39,70.36,1006.76,73.62
460.45,14.79,47.83,1007.27,92.04
481.47,10.61,40.77,1022.09,83.62
456.25,19.12,44.85,1014.66,43.66
442.73,20.23,69.45,1013.0,89.79
466.7,29.03,43.21,1011.83,65.23
471.08,15.72,43.02,1011.98,45.74
446.87,20.72,68.61,1011.25,87.1
443.85,17.54,58.49,1012.35,91.56
434.91,27.71,72.99,1007.18,72.68
488.82,6.4,41.17,1019.54,85.37
441.4,24.49,65.06,1014.07,63.32
462.66,15.98,44.68,1018.48,85.94
436.32,28.85,71.32,1009.09,76.9
449.4,21.23,57.32,1010.99,75.17
431.47,27.78,73.56,1007.05,95.32
434.47,25.27,69.89,1015.21,79.33
435.02,30.46,66.75,1017.81,54.48
442.46,26.13,47.93,1002.81,66.19
442.86,25.95,59.14,1016.42,67.03
475.14,13.66,40.55,1005.46,96.02
456.62,17.79,45.01,1015.71,67.13
446.29,20.1,59.87,1018.97,87.23
446.12,23.21,62.44,1011.78,76.66
441.74,29.23,66.51,1011.11,53.12
444.76,20.16,60.1,1011.24,86.23
429.7,24.21,71.77,1004.52,84.96
441.43,26.13,57.32,1012.27,45.78
453.08,19.07,49.69,1007.22,76.79
469.97,9.68,41.06,1022.75,87.44
465.61,16.18,43.99,1021.97,80.96
467.96,11.57,39.72,1002.26,78.69
440.78,23.24,68.31,1009.71,80.8
484.42,5.02,40.64,1021.2,93.27
442.24,22.27,50.05,1007.1,89.34
438.56,34.51,73.03,1013.73,39.42
487.19,2.71,39.42,1026.66,81.11
469.56,12.93,36.71,1013.22,83.44
435.16,28.75,57.55,1004.77,57.55
471.07,10.03,42.02,998.6,99.9
471.23,13.33,39.39,1013.93,84.74
443.03,23.29,49.3,1003.88,74.12
473.94,9.43,41.4,1028.81,85.83
442.36,24.97,59.87,1018.7,59.94
483.3,8.95,38.56,1017.85,64.34
479.17,10.59,37.5,1013.14,81.56
441.74,29.33,64.84,1010.76,53.32
478.74,11.42,41.54,1020.21,71.57
435.76,27.66,69.75,1009.71,84.27
464.88,13.45,45.87,1008.73,87.06
439.87,27.76,65.59,1010.8,67.29
453.42,23.96,58.33,1013.37,59.97
469.49,13.04,45.09,1013.0,87.68
478.3,8.91,40.69,1015.11,89.65
446.74,24.22,49.82,1014.61,66.82
434.91,29.71,71.85,1008.81,70.86
434.45,21.96,69.94,1011.09,80.27
433.62,26.85,66.86,1006.78,69.4
448.01,22.91,68.63,1014.92,55.82
441.3,28.37,63.31,1013.18,49.02
480.54,9.04,40.11,1023.3,76.32
439.74,28.23,62.26,1010.88,60.86
435.01,28.84,74.9,1004.38,66.86
432.06,31.25,73.5,1010.81,45.2
474.46,13.04,40.69,1015.96,82.37
460.88,17.48,52.9,1020.03,76.47
428.93,26.78,73.06,1007.99,90.47
448.93,20.51,68.08,1012.73,78.05
446.03,19.8,67.71,1005.58,69.65
463.65,14.39,42.77,1017.36,83.28
447.26,26.35,59.87,1013.24,73.63
480.74,7.87,43.02,1014.67,83.58
439.87,27.56,65.59,1010.88,66.47
429.83,33.76,68.51,1011.33,38.35
449.48,23.74,62.96,1019.65,63.39
463.93,16.68,53.16,1014.32,78.02
469.52,13.58,39.28,1016.17,79.17
451.0,21.99,42.48,1011.77,74.04
445.67,23.68,59.27,1010.75,83.82
463.18,16.73,54.3,1017.96,59.44
472.59,11.12,44.92,1025.58,93.52
476.22,10.45,39.61,1020.23,73.39
493.9,6.38,40.07,1018.53,60.2
477.45,5.19,40.78,1025.24,95.07
460.45,14.66,47.83,1006.15,91.98
439.83,23.49,49.3,1003.35,77.96
441.4,24.31,65.34,1013.82,63.85
452.84,16.57,41.79,1005.82,72.25
466.47,14.43,44.84,1024.34,84.0
458.07,15.34,71.14,1019.79,77.56
473.41,9.75,52.72,1026.03,78.53
439.74,26.05,58.59,1012.32,49.83
482.85,10.5,40.8,1024.06,76.05
470.9,9.87,42.74,1024.61,87.74
442.69,24.31,65.94,1011.5,61.61
444.53,24.67,58.05,1011.31,69.95
436.65,24.18,66.48,1004.0,64.86
443.34,27.53,67.83,1009.4,53.73
464.93,15.21,52.75,1024.32,61.11
426.64,31.16,64.96,1001.71,44.85
448.93,20.15,65.59,1014.62,79.39
449.28,17.51,58.86,1016.78,83.63
442.36,25.56,60.32,1016.28,59.84
471.8,8.51,40.81,1015.54,83.16
482.17,8.96,40.05,1015.91,89.4
431.96,27.14,71.32,1007.8,87.99
439.25,29.23,75.6,1017.72,52.26
436.26,28.97,64.44,1014.55,54.67
480.53,5.21,41.31,1003.51,91.23
471.23,13.69,40.1,1014.38,83.57
462.66,18.34,45.64,1019.05,82.53
460.33,24.01,42.48,1011.39,55.1
428.74,25.54,69.13,1001.64,90.98
445.26,25.5,63.56,1013.85,64.69
430.26,29.07,72.51,1009.24,58.38
473.44,14.38,40.71,1023.46,66.12
434.67,25.89,66.49,1013.08,63.16
447.98,22.66,63.73,1013.24,83.95
464.93,17.29,52.72,1024.71,62.32
457.45,13.43,50.59,1020.38,86.3
468.09,13.94,44.84,1023.69,95.3
436.51,24.31,66.49,1011.38,54.35
438.02,28.45,52.84,1006.18,43.16
478.5,11.67,37.73,1021.2,68.88
442.46,26.09,49.3,1003.79,66.19
437.76,27.66,59.21,1013.12,51.58
488.53,8.01,40.46,1019.42,76.15
447.15,24.22,56.89,1013.81,70.02
461.96,14.77,58.2,1018.78,83.83
452.84,22.73,43.79,1015.61,42.66
473.56,8.95,43.13,1017.56,94.85
461.96,16.8,56.03,1020.65,85.26
450.48,21.8,51.3,1012.07,89.51
447.09,25.28,49.5,1013.95,52.79
445.23,23.19,67.07,1005.67,65.19
447.63,19.27,50.12,1007.61,100.11
444.65,25.87,44.57,1007.43,55.92
470.98,14.27,44.34,1018.95,71.44
463.06,15.66,41.7,1018.0,77.0
432.27,30.16,73.17,1010.74,58.99
455.52,13.42,40.35,1011.2,77.0
440.75,22.49,61.47,1009.14,90.23
449.81,27.2,59.74,1011.99,56.74
442.91,27.08,62.91,1011.9,62.58
445.55,23.5,50.78,1008.7,57.7
467.71,12.88,38.53,1010.95,87.16
436.37,30.05,69.34,1008.26,61.5
439.06,24.76,63.07,1012.73,70.39
446.37,21.51,65.48,1017.11,72.99
438.86,25.05,58.59,1013.37,66.14
431.77,30.81,71.97,1008.36,75.0
480.66,7.57,37.49,1009.73,83.07
441.0,25.23,58.82,1010.9,70.47
475.59,10.93,39.16,1016.54,90.56
438.86,25.08,58.49,1011.1,64.47
479.59,13.44,41.14,1026.41,77.26
467.1,16.05,41.96,1011.82,96.05
459.72,18.49,41.1,1001.9,59.99
448.93,20.85,56.89,1013.15,68.22
456.72,15.72,56.89,1013.35,85.06
472.22,12.93,38.73,1006.41,89.24
471.92,10.15,39.22,1020.09,68.75
440.22,26.12,68.94,1007.12,67.08
462.16,15.97,45.01,1016.58,83.24
438.71,25.6,71.73,1010.15,68.99
444.9,27.77,63.87,1017.97,38.77
468.76,15.63,40.56,1018.68,59.44
478.73,9.44,44.03,1009.59,86.27
430.27,30.63,53.3,1004.91,53.3
465.7,17.68,39.08,1002.77,74.24
452.65,23.16,57.76,1017.74,63.79
444.83,27.52,69.68,1011.67,56.94
483.3,7.97,39.04,1018.51,65.17
470.98,17.62,43.52,1021.01,71.52
442.13,25.8,44.57,1008.0,52.56
442.07,22.33,70.79,1006.02,93.35
434.65,28.94,68.67,1005.39,75.24
444.68,26.72,67.79,1010.35,63.31
432.73,27.58,66.48,1004.82,51.23
431.19,26.94,73.21,1002.83,91.25
450.44,17.74,49.78,1004.9,100.09
474.46,11.91,40.69,1014.41,83.71
483.59,7.46,39.81,1018.62,86.73
454.43,18.34,50.59,1018.42,83.95
436.51,25.18,69.23,1013.26,57.45
431.12,25.71,71.64,1008.85,77.31
443.44,24.48,66.25,1009.42,88.17
476.03,8.87,41.16,1023.17,94.13
434.45,23.51,70.04,1011.02,81.39
466.2,13.3,37.9,997.41,91.51
466.51,11.69,39.22,1017.05,55.51
430.98,25.06,78.92,1010.74,90.7
443.76,20.6,59.15,1013.32,91.07
435.51,25.79,59.43,1008.61,64.3
471.92,10.29,40.56,1017.28,69.13
438.89,26.06,58.59,1012.41,55.22
432.13,25.8,71.58,1010.08,85.14
437.25,31.14,67.32,1013.93,38.37
451.0,22.01,49.39,1019.6,75.8
440.0,26.05,65.38,1009.43,52.1
447.92,17.82,56.89,1014.24,77.73
442.86,20.76,69.05,1001.89,77.86
470.94,11.64,40.22,1010.58,80.84
462.44,16.33,42.44,1013.98,84.9
478.47,10.23,42.32,1017.53,89.93
457.91,23.35,47.01,1015.03,73.9
484.09,7.7,40.35,1011.72,92.88
441.31,22.06,59.39,1015.26,85.04
461.73,17.14,40.55,1000.05,71.41
435.79,27.75,66.51,1015.42,39.0
468.93,14.58,42.99,1007.55,93.56
472.16,10.86,37.5,1013.36,75.56
478.94,7.87,42.85,1012.18,94.21
438.24,30.96,64.44,1013.63,49.64
466.4,19.55,42.04,1009.99,67.87
449.6,20.26,51.19,1008.9,93.47
479.56,11.61,40.81,1025.68,72.08
447.0,21.92,64.63,1020.42,65.22
464.06,14.22,45.01,1014.17,70.14
436.71,29.77,69.98,1013.32,69.6
445.26,25.96,63.77,1013.24,65.43
433.34,27.78,77.17,1009.11,86.54
435.51,22.49,56.9,1007.65,63.34
433.29,30.34,75.08,1005.32,52.97
439.83,23.78,49.3,1003.3,76.56
473.05,9.06,40.02,1031.16,82.04
439.77,27.51,49.3,1003.74,61.27
439.32,30.76,59.57,1010.66,61.76
468.22,13.86,37.85,1011.4,89.7
440.38,30.98,67.48,1009.96,58.92
439.05,31.01,69.04,1009.14,52.81
456.79,16.58,45.87,1009.66,97.59
442.65,26.01,61.47,1009.54,75.01
437.54,32.42,65.74,1010.97,52.73
438.02,27.96,49.16,1004.8,35.64
441.75,22.73,63.73,1009.12,94.8
457.05,15.65,39.59,1012.8,87.63
457.54,18.22,49.25,1020.33,61.87
449.34,23.05,62.52,1016.5,65.65
442.07,22.95,70.98,1005.36,93.76
440.76,24.34,59.54,1004.01,87.07
471.36,17.44,44.88,1018.05,68.35
445.72,22.69,59.44,1012.97,83.47
447.32,21.31,50.78,1008.68,85.28
448.55,26.46,61.41,1012.41,56.58
437.87,26.06,65.34,1014.07,57.63
466.42,12.24,40.66,1017.4,96.22
489.07,3.95,35.47,1017.36,84.88
435.77,31.74,67.32,1013.69,36.59
456.71,27.01,43.21,1011.71,77.84
444.1,28.73,68.3,1016.53,55.73
443.03,24.34,50.16,1004.78,74.0
477.71,13.0,39.85,1012.57,61.56
446.64,18.62,65.48,1018.45,73.39
441.7,31.16,67.45,1014.69,32.25
447.35,21.75,60.27,1018.55,87.81
435.99,28.71,70.32,1011.78,76.53
436.28,23.7,70.04,1011.13,84.16
463.37,14.41,42.77,1019.84,82.54
449.48,23.83,64.15,1020.93,63.86
434.45,29.3,73.67,1005.64,65.31
455.28,23.38,48.78,1019.03,78.69
460.14,19.95,50.66,1013.21,81.98
479.14,9.68,40.22,1007.6,89.97
434.64,30.27,70.32,1007.93,51.61
439.11,25.82,66.49,1013.2,60.32
438.86,24.54,57.85,1013.02,65.61
456.36,19.82,46.63,1013.17,87.1
427.65,24.9,71.77,1006.24,85.25
447.16,18.83,58.46,1016.85,87.16
449.48,22.99,62.96,1019.6,65.05
469.56,14.28,37.2,1013.96,82.71
447.13,24.2,60.77,1016.92,71.65
444.65,22.91,61.86,1012.8,92.69
463.6,14.16,44.58,1020.75,77.42
453.8,21.46,50.59,1016.75,67.14
443.88,25.95,65.61,1014.36,52.54
455.52,10.36,43.67,1012.16,77.04
438.1,27.0,73.42,1012.2,87.28
483.92,8.14,39.96,1023.41,88.86
437.93,20.86,67.25,1017.45,81.45
435.51,25.82,57.19,1007.99,62.95
445.31,27.25,69.98,1008.55,59.55
470.94,10.11,42.49,1010.22,82.11
442.86,23.99,58.62,1016.91,66.36
459.06,21.55,44.58,1017.2,46.64
466.95,13.18,40.73,1017.62,94.4
478.82,9.26,44.68,1023.22,91.44
437.8,26.3,59.07,1007.84,78.32
470.9,10.18,43.5,1022.84,88.7
443.59,22.84,71.25,1001.9,96.45
445.67,20.36,60.1,1011.21,84.79
479.32,10.33,40.0,1021.35,90.84
448.93,20.46,66.05,1014.93,78.51
434.47,26.0,69.89,1015.12,73.06
463.6,13.16,40.71,1021.99,77.91
446.22,21.39,52.3,1009.52,88.67
470.98,14.82,44.2,1018.98,72.8
462.98,14.38,40.73,1017.48,90.64
482.77,9.27,38.56,1017.69,62.49
438.66,26.58,62.39,1006.36,68.98
461.14,13.85,48.06,1011.13,75.2
439.91,24.58,56.9,1007.08,68.24
450.32,20.57,60.1,1011.16,83.45
457.03,18.26,60.95,1016.94,78.91
444.69,20.45,48.41,1010.81,86.7
448.1,22.25,51.86,1013.08,83.64
440.03,19.82,57.85,1011.58,97.23
453.09,19.93,62.1,1019.94,76.41
432.11,28.97,73.5,1010.47,48.24
437.41,23.53,72.24,1010.84,94.33
486.39,4.47,35.19,1018.78,92.68
456.59,16.27,58.2,1018.47,80.03
438.5,22.32,69.48,1011.1,77.86
435.89,35.77,73.56,1006.36,36.31
461.14,14.42,48.92,1011.76,76.03
428.67,31.2,68.24,1005.71,34.84
430.27,29.16,55.68,1004.84,55.68
449.21,19.34,64.79,1018.03,84.77
440.92,25.31,65.48,1018.31,55.57
468.07,11.66,44.6,1018.39,89.98
449.28,17.16,58.86,1016.4,86.39
445.67,22.11,59.44,1012.82,84.67
444.76,23.35,59.92,1009.86,88.6
466.73,17.67,43.7,1015.26,58.76
434.47,24.11,68.3,1017.33,79.16
472.16,9.03,37.14,1012.79,76.27
454.78,20.2,50.9,1011.72,77.63
471.26,10.95,39.22,1015.69,62.3
484.31,6.92,39.61,1018.64,82.27
449.13,23.36,56.89,1014.23,78.34
452.84,16.63,39.16,1005.85,72.02
472.22,15.36,40.89,1007.59,86.08
481.38,9.15,39.61,1018.69,84.47
435.69,28.61,68.12,1011.71,47.57
474.46,12.45,40.1,1015.4,82.61
430.26,29.25,69.98,1010.74,57.42
439.98,25.24,63.47,1011.3,66.21
469.02,11.98,44.6,1018.59,86.71
475.02,12.62,34.03,1019.06,74.78
448.58,24.14,69.23,1012.4,73.26
439.45,24.3,69.23,1013.17,59.91
451.87,22.49,62.52,1016.57,63.69
439.33,28.77,75.23,1010.01,59.0
485.66,7.21,42.03,1017.81,90.12
454.06,24.13,48.98,1014.74,40.13
439.59,28.14,65.34,1014.44,46.17
431.39,28.04,69.14,1007.16,80.38
448.75,21.18,70.02,1010.27,96.46
484.09,6.84,39.4,1011.9,93.75
434.73,26.92,64.69,1006.66,76.14
428.12,33.83,67.9,1005.94,29.86
474.46,11.81,40.75,1016.13,84.14
474.49,10.28,41.46,1018.44,85.23
482.17,6.72,38.91,1016.89,90.47
478.5,10.02,38.18,1017.43,68.4
471.07,8.64,39.69,1001.57,98.27
448.51,20.45,58.96,1014.53,65.36
467.68,20.01,45.09,1014.21,38.19
434.38,31.61,69.04,1008.11,47.96
465.25,14.69,53.82,1016.54,63.49
438.02,26.89,49.16,1003.84,41.22
437.57,24.41,73.67,1007.39,86.92
461.62,16.36,53.82,1015.05,71.95
474.7,14.08,41.93,1023.02,59.41
468.8,17.32,44.34,1019.52,56.24
490.78,10.38,40.71,1025.27,80.87
472.9,11.6,40.27,1008.55,72.12
461.69,19.54,54.9,1017.15,70.37
462.44,17.5,42.23,1013.37,86.87
480.39,6.04,41.14,1027.8,86.4
488.27,7.28,39.81,1017.61,87.56
434.48,23.45,69.05,1003.03,66.41
467.71,16.75,36.99,1006.42,87.18
452.65,24.01,60.84,1018.83,63.82
431.82,26.67,70.94,1007.7,56.56
468.07,11.57,44.63,1020.7,91.11
444.68,27.33,66.17,1011.06,64.55
464.79,14.51,44.84,1023.23,82.33
454.04,18.1,48.06,1015.47,82.47
433.29,33.58,77.54,1010.19,53.49
438.24,30.04,64.44,1014.46,52.19
446.74,23.91,50.23,1017.25,68.57
457.81,15.27,39.54,1010.64,81.91
466.38,13.41,49.83,1008.83,87.14
434.01,29.95,67.25,1017.68,51.91
437.22,27.0,71.25,1002.66,70.59
442.76,24.56,58.82,1011.42,72.47
454.72,18.84,61.27,1019.64,71.95
434.97,22.7,61.41,1012.08,78.08
438.21,23.21,74.22,1009.68,88.46
467.62,14.54,41.17,1015.15,67.78
432.61,26.45,74.33,1013.81,61.7
475.55,1.81,39.42,1026.92,76.97
446.44,22.95,66.54,1004.53,88.06
438.63,8.88,36.3,1015.27,56.96
474.79,13.44,39.64,1013.23,73.43
487.03,8.83,36.25,1028.86,85.6
464.63,15.57,38.78,1013.51,95.38
465.61,16.69,43.52,1021.78,80.87
454.26,22.53,60.95,1015.12,75.1
444.64,18.55,52.84,1004.45,86.82
444.58,22.81,58.96,1013.5,55.66
426.62,30.13,71.98,1004.95,63.62
470.94,14.04,40.83,1008.98,82.04
464.14,12.14,48.04,1011.8,100.13
438.86,25.18,56.89,1012.26,64.46
483.92,7.82,41.16,1023.3,87.7
445.76,22.2,59.21,1017.87,73.34
438.86,26.42,59.39,1013.95,66.03
460.72,9.29,39.04,1022.72,74.29
435.57,29.31,68.67,1006.18,63.38
451.74,19.24,58.33,1013.65,85.47
437.24,27.22,66.49,1013.45,42.41
467.6,10.09,41.01,1019.89,96.55
428.44,30.47,68.24,1009.55,64.98
436.0,24.85,70.47,1006.64,85.37
461.96,17.75,55.5,1020.15,81.26
446.05,26.09,60.23,1010.74,60.88
469.02,12.21,44.34,1017.98,86.17
444.69,21.5,50.32,1008.65,81.68
463.86,9.18,42.44,1014.52,98.04
435.79,24.66,66.49,1010.83,70.06
444.9,18.56,67.71,1004.77,85.28
437.57,25.14,73.67,1006.94,88.51
469.52,12.08,49.83,1008.21,96.01
452.86,18.88,62.96,1020.62,82.01
444.39,26.59,60.96,1011.9,52.41
479.32,10.42,41.46,1021.04,89.16
475.37,13.03,39.35,1015.34,79.18
433.34,29.43,66.75,1017.63,42.72
438.71,27.86,61.5,1009.23,46.19
441.2,24.73,48.6,1004.03,63.37
449.91,20.74,58.12,1015.43,77.88
490.78,9.41,40.43,1025.68,79.49
448.93,19.33,58.96,1014.88,67.86
436.0,25.04,70.47,1006.82,84.75
468.27,19.35,43.43,1009.4,66.11
465.32,14.72,39.0,1016.42,76.42
432.83,26.88,74.78,1010.42,64.81
449.76,20.72,44.57,1008.96,72.57
482.17,9.0,39.18,1024.38,84.91
443.06,25.45,75.23,1011.41,73.33
465.26,13.23,52.72,1026.4,75.78
439.72,30.88,69.51,1011.48,46.58
447.25,23.32,66.48,1003.92,72.25
429.08,25.15,68.61,1011.03,53.59
447.35,19.67,60.77,1017.33,88.13
485.66,6.92,43.13,1018.26,89.23
465.49,14.74,43.71,1024.35,81.53
440.75,22.7,59.92,1011.05,90.84
469.48,13.85,41.39,1018.62,75.55
444.76,31.59,43.5,1005.12,43.5
460.97,17.27,40.55,1000.89,70.66
434.91,27.49,71.94,1006.62,73.35
435.99,26.71,70.72,1010.3,78.18
444.13,23.25,59.87,1018.69,66.4
433.92,30.13,68.94,1005.88,40.71
445.33,26.53,60.07,1016.55,54.79
474.1,12.02,43.69,1016.12,74.07
473.05,13.77,42.86,1030.72,77.3
435.2,26.97,67.32,1014.35,55.07
435.48,25.76,73.5,1011.44,81.36
468.12,14.43,35.85,1021.99,78.25
448.75,21.03,70.02,1010.21,95.69
434.99,24.45,70.02,1010.75,71.37
455.63,15.43,41.1,1005.2,85.06
459.39,17.48,46.21,1014.02,80.78
440.92,23.96,65.34,1015.52,56.82
431.93,25.77,71.37,1008.88,78.96
440.21,25.52,61.25,1012.84,75.98
470.8,14.52,40.35,1011.11,69.84
439.03,24.8,68.3,1018.01,80.41
445.58,30.8,73.17,1010.51,51.93
484.08,7.9,40.0,1018.74,79.55
476.62,10.25,41.46,1020.65,87.07
432.0,30.97,74.22,1007.93,49.74
474.73,10.7,44.77,1017.8,82.37
427.36,32.83,74.33,1011.44,50.42
466.42,11.35,40.66,1016.86,96.4
448.43,21.28,44.05,1005.69,83.2
469.09,12.9,44.63,1020.72,89.51
459.67,16.47,44.89,1010.04,82.01
434.29,31.18,77.95,1014.89,65.62
449.65,21.92,48.14,1013.44,67.8
479.43,9.46,36.66,1026.22,72.58
486.9,7.29,39.37,1019.24,73.46
441.15,24.05,61.87,1009.64,54.54
472.71,11.75,41.2,1012.7,89.86
436.71,28.82,71.8,1010.97,67.64
486.39,5.3,35.19,1019.33,93.86
464.62,14.17,41.67,1013.4,72.77
444.43,21.63,60.84,1018.16,77.53
477.07,12.62,40.92,1021.85,81.41
485.66,6.94,38.91,1018.94,90.64
447.85,24.73,65.34,1015.42,52.8
467.96,14.94,41.35,1004.82,98.04
454.71,16.88,38.58,1014.72,73.99
474.31,10.7,36.18,1018.16,63.15
455.31,25.21,50.23,1016.0,56.58
480.82,12.51,41.14,1027.36,87.86
432.0,30.7,74.22,1008.12,50.39
439.77,24.61,69.68,1012.06,92.47
449.13,22.4,58.12,1015.24,78.03
484.34,5.98,38.91,1016.5,91.83
449.09,20.06,62.1,1020.21,72.21
467.77,12.7,39.72,1017.89,62.97
479.59,11.42,40.43,1025.5,75.85
443.03,24.23,49.3,1003.61,74.44
436.88,29.91,70.02,1010.18,64.1
441.52,22.87,71.29,1008.1,73.1
444.08,23.79,58.59,1013.94,72.5
465.89,17.4,44.58,1018.9,60.58
438.42,27.21,64.05,1010.08,76.69
481.38,10.23,41.46,1018.89,83.06
440.45,26.54,69.48,1010.7,66.09
428.62,32.46,74.33,1012.61,37.07
460.24,21.31,42.8,1014.1,75.77
465.73,13.4,40.89,1010.67,91.66
430.35,31.87,68.67,1005.64,48.85
433.57,26.05,73.88,1005.67,82.08
440.22,24.4,69.94,1005.75,58.1
475.59,11.88,41.58,1016.56,90.18
476.72,11.3,40.55,1005.97,97.99
458.18,16.83,46.48,1007.21,87.23
456.68,19.72,46.21,1010.54,77.74
435.27,30.74,69.59,1008.69,68.04
471.58,6.9,40.71,1021.78,94.8
493.16,7.7,40.72,1022.81,81.97
448.93,19.18,65.06,1015.99,77.06
440.22,24.26,68.14,1005.09,59.49
483.13,5.66,40.62,1015.87,84.97
456.59,14.97,58.2,1019.52,81.13
470.8,14.96,39.31,1010.52,71.28
461.91,13.9,44.0,1025.1,87.17
466.7,22.97,42.48,1012.84,64.71
426.07,32.91,73.56,1007.02,55.03
434.67,26.56,65.59,1012.6,64.25
465.26,14.76,49.64,1026.31,75.67
473.88,12.5,41.38,1021.87,57.59
484.31,5.89,35.77,1019.78,79.58
445.82,25.11,58.79,1015.99,60.55
470.33,16.73,45.0,1023.44,60.68
480.39,6.93,41.14,1027.18,84.67
441.4,24.01,63.56,1014.19,64.31
471.26,10.33,40.62,1017.41,64.22
474.61,10.04,39.13,1011.26,88.91
483.3,7.73,37.8,1020.71,63.93
435.61,30.24,73.9,1006.74,56.39
463.16,10.35,39.82,1013.33,94.78
445.57,23.19,58.82,1009.96,81.05
432.89,24.55,67.07,1005.66,63.58
444.51,29.01,66.44,1011.21,71.56
467.44,12.04,42.34,1019.72,94.67
428.37,29.85,61.85,1005.45,61.85
440.75,22.19,60.37,1008.45,92.43
474.61,10.02,39.82,1012.86,89.47
444.39,28.09,63.31,1013.01,52.6
442.97,22.36,51.43,1007.47,87.33
435.27,30.7,69.59,1008.03,66.78
493.16,7.06,41.38,1021.94,83.55
463.03,14.07,45.09,1013.32,94.45
476.22,10.58,39.61,1020.39,71.69
453.83,20.59,59.8,1015.27,77.94
456.68,22.06,47.43,1009.85,76.85
435.48,31.61,75.08,1004.83,42.29
455.34,19.98,56.53,1020.22,73.53
468.09,11.02,40.0,1015.75,74.83
481.47,8.34,40.72,1023.62,83.75
469.37,14.69,35.71,1015.78,57.34
464.27,14.84,42.03,1017.47,79.27
438.63,7.67,35.77,1017.55,60.97
468.57,16.76,43.77,1012.25,77.95
460.14,18.21,49.69,1013.54,80.16
474.31,7.85,37.8,1020.9,59.19
471.24,17.81,37.2,1011.98,67.27
485.31,9.23,37.36,1015.01,67.38
439.11,30.2,71.85,1008.25,59.1
436.71,28.86,73.18,1012.46,68.8
450.86,26.05,46.21,1011.31,55.25
463.83,17.46,42.42,1008.97,69.19
444.01,25.65,43.77,1011.65,46.18
433.57,26.81,74.9,1003.99,79.88
471.58,10.3,41.79,1021.09,49.39
438.31,30.07,70.04,1010.84,55.74
449.28,16.25,58.86,1015.94,86.52
430.3,31.09,74.22,1007.56,46.36
480.99,9.06,41.92,1029.9,90.88
442.24,21.4,47.93,1005.16,88.44
478.94,7.68,42.85,1012.51,91.51
430.32,30.26,77.24,1008.39,74.25
467.32,15.93,40.89,1011.57,74.55
434.99,23.25,69.45,1013.85,70.14
480.83,10.59,41.46,1016.87,85.7
449.6,18.86,50.78,1008.46,91.67
432.18,27.97,69.48,1010.4,57.24
434.2,30.17,76.86,998.23,73.61
474.57,15.19,41.43,1011.34,89.67
469.57,13.88,39.39,1014.08,80.48
489.66,11.26,40.43,1025.68,74.67
436.12,25.36,74.99,1002.21,65.96
446.33,21.17,52.3,1009.67,88.88
429.01,30.62,66.54,1004.11,55.36
433.55,27.41,74.67,1016.57,80.16
475.76,11.82,41.74,1022.36,74.06
440.38,32.41,67.83,1008.54,55.96
470.39,12.59,39.18,1024.18,67.57
444.51,27.81,64.69,1006.59,71.75
429.7,25.1,71.77,1004.34,82.8
465.32,15.29,25.88,1009.21,66.0
465.16,16.37,39.99,1007.05,80.61
441.28,27.63,70.17,1000.42,85.22
435.38,21.11,74.78,1009.71,84.35
430.11,30.66,66.25,1007.67,63.03
463.61,14.57,37.86,1022.44,68.82
481.47,10.92,40.92,1021.84,83.03
459.67,16.23,43.72,1009.96,83.01
432.83,26.85,71.73,1010.06,65.24
433.19,33.5,70.8,1008.99,57.24
456.49,17.85,53.16,1013.05,82.72
472.16,7.54,37.7,1014.58,78.43
441.73,23.39,64.63,1020.45,58.22
456.55,18.03,53.16,1013.02,81.95
470.33,10.95,43.8,1022.61,63.46
451.44,18.0,52.08,1003.07,100.09
464.46,17.46,39.54,1008.21,74.24
475.49,11.88,40.64,1020.5,85.43
471.92,10.11,39.72,1019.1,69.68
450.76,26.36,54.5,1015.35,66.87
465.2,16.41,41.48,1016.28,45.19
456.62,18.81,45.01,1015.28,65.91
432.56,26.44,69.34,1009.55,73.18
459.06,20.6,44.58,1017.67,48.36
436.26,29.32,63.77,1013.24,55.1
459.47,19.15,44.89,1009.6,74.52
449.73,21.09,67.07,1004.38,89.01
439.3,34.1,73.03,1014.01,41.26
449.4,20.02,58.66,1011.5,76.74
475.37,12.97,40.75,1016.05,79.67
440.15,28.31,64.79,1016.58,60.88
430.27,28.31,50.05,1005.75,50.17
450.57,19.29,67.71,1007.94,63.71
477.3,12.09,40.6,1013.85,85.72
432.26,31.12,68.94,1006.05,68.46
466.51,13.94,38.47,1015.03,53.9
437.76,27.59,59.21,1012.93,51.46
462.1,11.68,40.23,1018.49,83.43
464.65,13.8,44.34,1019.43,66.74
473.22,9.82,39.96,1024.72,97.69
431.47,26.92,78.92,1011.65,96.22
449.48,23.66,62.08,1022.42,64.13
468.45,12.34,43.22,1009.28,78.23
451.92,23.81,46.93,1013.19,54.82
449.48,20.54,61.27,1019.6,61.87
465.89,14.79,41.04,1025.32,75.81
468.8,18.28,44.2,1018.83,52.88
435.76,26.9,69.59,1008.9,85.08
449.48,21.83,63.87,1018.93,63.07
454.26,21.85,59.8,1016.89,75.28
493.16,7.95,40.72,1023.7,84.19
454.43,16.09,50.59,1015.69,84.41
467.05,13.72,54.3,1017.89,79.08
481.24,9.56,41.55,1002.67,70.27
471.0,16.24,41.93,1021.66,44.91
430.75,31.91,67.83,1008.76,53.22
478.5,7.73,39.04,1018.61,68.23
429.21,28.35,71.14,1010.65,60.38
445.41,19.6,60.95,1015.4,84.26
466.2,14.13,41.23,994.6,93.02
437.14,16.84,56.03,1020.25,70.37
463.06,14.76,43.79,1016.17,75.72
432.18,28.43,68.08,1011.32,58.19
451.0,23.71,50.23,1017.55,73.24
448.11,19.44,48.7,1008.66,94.71
432.25,22.78,71.77,1005.26,89.23
434.97,32.84,77.95,1014.68,45.8
461.96,18.06,56.65,1020.2,81.59
458.27,16.41,47.24,1015.75,88.78
467.81,10.05,41.58,1021.35,95.19
435.66,24.06,71.25,1002.39,92.18
473.78,8.63,39.96,1024.39,99.47
439.05,29.77,69.48,1009.8,52.6
478.82,9.2,40.77,1011.88,89.86
463.48,20.18,43.56,1013.14,39.16
469.52,16.26,38.58,1016.04,76.7
472.22,15.0,41.35,1006.6,86.95
490.68,4.0,39.9,1009.64,97.16
440.03,17.47,58.59,1014.03,97.13
482.22,4.78,42.85,1013.39,93.36
431.19,25.33,73.21,1002.19,97.24
487.48,7.03,41.74,1021.92,86.44
426.28,31.33,73.03,1014.18,49.28
480.66,6.76,37.49,1011.66,80.91
489.0,4.61,40.27,1012.32,77.28
438.21,23.21,73.42,1010.34,88.29
447.67,23.28,48.92,1010.23,41.55
485.96,5.95,37.8,1022.03,67.97
488.05,3.21,38.44,1017.11,84.86
430.87,28.5,73.77,1002.82,86.38
472.22,12.93,41.39,1018.5,80.28
440.59,21.04,69.48,1011.07,89.92
449.01,23.84,49.21,1013.35,45.4
462.22,18.79,49.15,1021.69,70.16
471.36,13.83,44.45,1021.5,68.75
433.76,32.78,71.22,1005.12,48.77
437.27,24.79,75.6,1017.07,68.23
482.22,5.49,40.81,1014.43,90.41
440.75,21.67,61.45,1010.84,92.19
473.94,12.02,41.92,1030.1,84.45
481.47,10.46,41.06,1021.41,82.34
457.53,16.0,40.66,1016.12,89.23
432.26,29.35,68.51,1007.63,70.67
446.87,20.92,70.02,1011.06,85.63
432.05,32.39,74.16,1008.53,61.09
479.23,11.57,41.38,1021.71,61.49
447.64,19.13,66.86,1012.95,71.24
426.53,30.57,73.03,1013.75,73.68
484.97,8.27,40.69,1020.13,86.1
447.16,18.43,57.76,1016.13,87.34
432.97,29.79,67.69,1006.86,55.93
442.65,24.7,58.82,1009.4,75.91
460.01,13.57,41.4,1021.27,72.55
436.61,28.28,61.86,1012.07,64.49
429.31,32.07,67.83,1007.91,41.61
461.38,19.1,43.79,1016.02,77.34
446.74,22.69,54.2,1012.92,65.55
449.81,27.44,59.74,1010.99,56.42
469.64,9.81,71.14,1019.43,87.93
441.68,26.05,65.27,1013.69,56.46
427.65,25.96,71.64,1003.84,86.83
467.02,13.79,45.08,1025.02,84.36
466.4,20.13,43.43,1009.75,66.16
466.59,13.99,45.0,1023.83,77.92
446.88,23.0,57.76,1017.64,56.86
454.16,20.37,60.08,1017.44,76.33
445.86,19.16,63.09,1017.71,91.15
479.33,10.8,41.74,1020.24,78.62
458.67,19.12,45.01,1014.0,59.95
459.31,14.46,44.78,1007.64,67.03
450.44,17.75,49.78,1004.49,100.09
431.12,33.15,68.51,1012.9,51.91
427.22,32.16,68.14,1004.86,37.77
433.32,32.66,73.68,1014.64,40.88
450.25,24.34,66.05,1019.26,74.58
426.07,31.93,72.58,1006.9,56.27
475.74,9.18,42.18,1017.4,87.3
439.74,28.57,62.26,1010.75,62.12
462.52,16.63,53.82,1015.18,66.09
461.96,17.25,43.14,1018.34,76.17
436.37,32.06,69.88,1006.88,63.53
458.07,19.72,66.51,1015.07,74.7
481.47,10.22,41.74,1022.65,83.58
442.86,21.78,68.28,1001.0,79.3
448.59,16.34,47.45,1009.41,92.96
479.32,10.29,41.74,1019.9,80.51
461.91,13.5,44.92,1023.87,87.17
462.72,13.88,39.16,1010.8,75.69
435.01,31.26,76.09,1006.66,63.91
474.97,13.55,40.1,1015.7,86.68
459.31,12.8,44.9,1007.58,66.6
436.15,26.96,72.86,1004.86,59.17
474.31,11.49,35.76,1019.08,60.04
472.75,12.27,41.17,1019.39,52.18
431.77,30.95,73.06,1008.86,74.86
466.56,13.7,44.47,1027.51,70.77
430.69,30.28,79.74,1006.96,70.21
480.66,8.61,37.49,1009.35,82.62
438.86,27.18,59.27,1012.57,64.18
456.64,19.8,52.9,1017.75,66.67
467.44,12.88,40.64,1020.76,92.58
465.32,14.19,39.52,1018.34,77.25
467.32,15.15,39.58,1011.94,73.63
441.32,28.8,73.4,1011.34,54.01
484.42,6.69,40.64,1020.54,92.83
438.86,26.43,58.41,1013.57,64.67
453.35,20.13,47.03,1012.59,83.03
465.32,14.24,39.52,1018.22,77.19
454.72,15.92,41.79,1006.24,79.42
436.15,30.74,73.67,1005.79,57.89
463.18,16.55,54.3,1017.95,60.84
467.1,16.39,41.96,1011.7,94.85
454.29,19.73,56.65,1020.7,69.49
461.91,14.62,43.99,1023.6,86.7
467.81,10.12,40.0,1021.33,95.29
444.65,26.1,44.57,1007.47,55.15
479.21,11.23,39.72,1018.46,60.62
436.37,27.24,69.13,1009.28,70.85
441.94,21.48,61.27,1019.29,61.43
438.51,27.52,66.25,1008.21,78.8
467.02,13.74,43.71,1025.45,86.62
450.67,18.65,52.08,1005.48,99.94
462.59,17.38,43.14,1011.09,61.9
468.76,15.25,41.17,1016.0,62.05
475.32,8.04,40.64,1020.64,89.26
439.72,26.59,66.49,1013.32,49.76
476.62,8.49,39.61,1021.05,87.74
441.43,25.15,57.32,1012.41,41.84
451.92,22.02,46.93,1014.32,55.92
446.12,23.23,63.31,1012.52,75.1
473.94,7.78,40.8,1026.7,85.61
455.52,12.93,39.58,1010.93,75.9
495.21,6.87,40.07,1017.91,57.64
436.88,30.35,71.32,1009.17,64.61
440.92,25.89,48.41,1008.49,68.58
480.99,8.11,41.92,1029.61,91.92
447.12,26.22,67.45,1013.7,44.04
467.44,12.64,41.49,1019.78,94.0
432.83,27.89,73.17,1009.85,64.22
448.93,21.11,58.66,1011.7,68.71
474.1,13.51,43.41,1015.94,75.22
438.01,25.07,77.95,1012.87,83.0
432.93,26.53,69.71,1009.88,76.26
466.63,16.13,43.48,1014.41,50.05
429.01,31.4,66.54,1003.55,57.73
448.93,22.65,57.85,1012.6,68.52
463.86,10.22,39.16,1015.71,96.2
449.91,22.72,65.61,1014.64,70.53
438.89,25.77,58.59,1012.51,55.84
465.74,13.6,39.82,1013.34,86.1
434.85,29.59,70.17,999.71,71.0
468.09,14.09,43.99,1021.02,94.39
467.62,13.67,40.71,1016.19,66.15
463.06,14.94,42.77,1018.9,73.95
475.86,14.77,41.39,1018.95,65.61
454.84,20.77,69.51,1012.96,62.89
461.71,12.75,42.86,1014.9,88.44
463.29,16.34,42.28,1008.08,52.8
471.99,14.24,41.16,1010.16,87.0
478.52,10.11,39.35,1015.19,90.74
440.75,23.38,59.07,1009.29,92.4
444.76,21.97,58.79,1010.93,86.7
449.21,17.66,62.1,1019.49,86.3
484.65,5.53,35.79,1011.19,94.01
437.57,23.48,73.67,1007.07,88.49
467.03,11.91,41.49,1019.69,96.39
471.92,10.17,40.46,1018.54,68.21
460.01,21.96,48.78,1019.56,85.05
438.21,23.63,73.5,1011.46,89.39
436.38,32.28,75.33,1002.14,62.49
433.34,30.08,67.25,1017.57,47.77
429.41,30.25,68.24,1006.58,31.9
429.01,29.8,64.69,1006.6,54.43
452.84,16.58,41.79,1006.24,72.95
456.93,16.98,53.16,1013.95,82.8
438.78,29.83,71.43,1011.93,55.8
483.8,6.13,40.81,1026.31,91.66
462.88,15.85,46.18,1013.14,97.8
466.01,13.27,40.27,1006.1,40.04
432.65,29.09,75.33,1001.61,71.06
449.74,18.96,50.16,1010.72,100.09
468.8,18.22,44.34,1019.35,56.78
471.0,19.07,44.63,1020.23,44.93
443.24,24.02,70.94,1008.0,79.55
438.5,24.35,70.04,1010.92,73.88
463.05,16.82,45.0,1022.05,37.28
435.49,23.79,50.16,1005.32,75.82
447.85,25.48,65.12,1016.12,53.66
439.71,23.56,51.86,1014.04,73.9
463.6,15.09,41.76,1022.4,76.22
460.01,18.77,49.39,1021.06,82.95
450.67,18.64,52.08,1004.24,99.9
478.82,9.77,44.68,1023.37,91.4
441.01,26.43,51.43,1006.3,71.48
483.8,4.95,42.07,1004.87,80.88
472.54,10.39,40.22,1004.95,91.65
455.34,18.9,56.03,1020.77,71.83
458.75,17.14,41.66,1010.97,57.66
441.86,28.28,68.67,1006.36,69.9
458.42,18.07,44.92,1024.72,69.15
436.37,28.06,68.24,1010.27,69.72
449.73,24.88,49.16,1006.04,64.54
429.73,31.46,66.54,1002.86,53.75
441.68,27.14,64.27,1012.71,54.4
451.08,22.05,48.14,1015.81,69.94
455.63,15.77,41.79,1007.96,80.69
444.9,18.18,67.71,1004.5,87.26
474.79,15.33,36.71,1013.99,73.89
439.74,25.98,60.95,1014.5,48.01
465.64,18.12,44.63,1001.26,89.72
443.86,23.84,63.47,1012.54,76.33
445.85,21.67,62.39,1007.98,92.96
443.44,23.86,66.54,1005.23,90.89
432.6,31.95,67.17,1007.11,61.58
458.18,17.96,47.83,1005.0,85.72
459.37,15.0,50.88,1014.04,100.12
449.11,21.97,58.95,1017.78,76.95
463.48,19.27,43.14,1013.17,39.85
426.85,30.21,69.4,1003.69,62.89
482.39,8.51,38.5,1013.33,64.28
477.12,8.51,39.96,1026.34,96.1
479.21,7.8,43.65,1018.92,60.77
463.65,15.6,41.7,1019.15,84.1
477.5,10.03,43.13,1014.85,70.09
441.52,22.38,71.85,1009.56,74.91
477.07,11.77,40.92,1021.85,81.55
436.87,29.84,74.87,1009.64,61.39
432.05,32.51,73.56,1007.06,59.6
463.6,14.47,41.76,1021.98,78.41
446.12,21.93,62.91,1013.45,74.62
434.38,31.85,69.04,1008.35,46.09
440.15,23.66,61.86,1013.33,83.09
440.64,18.83,63.91,1010.8,96.18
435.51,26.54,69.34,1009.5,87.18
465.16,17.51,41.85,1016.25,72.03
464.63,14.14,39.59,1010.84,96.02
434.85,30.68,71.25,999.98,68.99
449.54,23.24,51.95,1006.21,78.08
433.89,29.77,67.07,1005.82,48.38
475.86,14.04,40.56,1018.4,65.79
444.85,26.38,59.92,1009.99,71.91
483.8,5.28,42.07,1003.82,80.84
469.49,12.37,46.97,1013.95,90.76
469.61,13.86,35.71,1015.21,63.16
468.78,14.73,39.82,1012.67,80.82
426.25,30.12,69.68,1012.89,60.64
468.8,19.68,44.34,1019.49,49.5
479.68,8.27,35.77,1015.3,73.36
491.49,5.21,35.79,1011.5,95.08
431.01,31.13,67.45,1015.02,41.34
434.45,28.93,72.99,1007.23,64.41
462.81,17.05,44.88,1017.69,88.19
464.56,12.61,43.22,1013.41,78.94
486.39,4.93,35.19,1018.04,92.94
489.22,5.73,40.35,1012.24,91.84
434.45,24.57,72.24,1011.44,79.19
465.64,15.55,39.63,1004.98,89.82
437.41,23.43,71.97,1009.42,94.27
449.61,20.67,63.56,1013.27,79.39
477.62,5.95,35.57,1025.84,77.61
464.11,18.11,43.43,1008.65,73.3
468.88,11.02,39.96,1025.64,93.58
450.26,23.37,63.87,1016.67,60.44
439.29,23.22,69.04,1009.65,89.05
475.76,12.31,41.06,1021.19,74.38
465.16,15.34,41.23,996.87,86.56
433.34,28.69,67.25,1017.71,44.6
455.71,11.34,43.67,1011.54,87.95
490.57,6.02,41.38,1021.2,88.71
472.63,11.2,42.02,999.99,96.69
480.99,9.09,41.92,1029.36,91.0
433.26,29.47,65.51,1014.71,58.28
436.28,23.12,69.71,1008.98,84.41
479.32,10.29,41.46,1020.84,89.03
471.69,13.36,39.64,1010.3,93.26
437.14,18.38,55.28,1020.22,68.33
442.24,22.76,49.02,1007.5,88.56
441.07,28.19,62.6,1017.34,46.95
454.06,24.16,48.98,1015.19,42.55
436.71,29.75,73.5,1011.13,67.31
444.83,25.38,62.96,1019.98,56.88
441.31,21.98,59.39,1015.25,84.52
473.31,9.82,36.18,1019.18,65.8
439.59,27.5,65.34,1014.93,47.46
483.79,7.84,43.52,1022.23,96.51
447.02,23.49,47.45,1008.46,66.18
473.72,10.91,37.92,1008.66,66.53
468.82,12.95,41.23,993.74,96.35
485.58,7.92,41.66,1014.84,76.12
450.61,21.98,55.5,1017.89,57.9
471.58,9.39,41.79,1021.6,50.09
433.9,30.04,67.25,1017.57,38.14
469.57,14.56,39.39,1014.23,80.61
474.1,12.26,43.48,1016.41,72.95
454.35,18.87,60.07,1015.15,70.91
448.66,21.16,45.38,1014.65,73.06
434.88,27.65,67.07,1005.65,60.42
452.42,16.03,65.46,1013.96,87.56
464.79,14.45,44.84,1023.28,82.79
475.59,11.76,39.28,1016.9,91.06
463.99,13.83,43.22,1010.62,70.8
471.07,6.18,41.55,1001.58,98.79
467.62,14.82,40.0,1016.32,66.3
438.68,32.1,69.98,1013.31,55.84
468.87,15.11,45.01,1014.35,65.03
427.9,28.76,69.48,1008.62,55.86
482.0,5.54,45.87,1008.69,95.91
440.74,23.97,62.44,1013.64,88.5
450.48,19.77,54.42,1011.73,89.26
435.66,22.42,71.77,1005.5,90.62
436.0,25.57,66.54,1005.22,83.48
452.84,22.29,43.79,1015.68,41.75
465.28,19.55,39.39,1013.55,57.82
485.43,6.13,40.64,1020.69,94.57
445.55,25.21,46.21,1010.87,59.35
450.93,16.78,58.95,1017.74,96.24
452.66,17.55,45.87,1008.07,80.98
465.64,18.88,40.79,1004.98,92.65
446.33,20.32,49.16,1007.47,91.12
489.09,2.64,39.64,1011.02,85.24
438.36,22.88,69.45,1014.02,65.13
480.66,9.47,36.54,1007.93,77.65
439.09,31.98,64.05,1010.49,58.01
493.16,5.84,41.38,1020.34,82.41
444.16,25.23,60.84,1017.79,56.42
463.48,18.99,44.6,1014.7,40.11
430.87,28.16,73.21,1002.27,88.26
444.64,21.53,52.84,1005.06,88.22
443.09,23.13,72.24,1010.92,92.3
445.57,23.46,59.27,1010.6,79.79
437.76,28.62,59.14,1016.36,53.1
465.32,15.79,38.28,1014.4,74.84
457.91,23.19,45.61,1013.18,73.46
444.39,25.43,60.95,1014.62,51.39
432.22,31.52,76.2,1008.31,57.35
480.54,10.67,40.56,1022.39,77.92
489.09,6.25,39.64,1010.98,83.45
466.73,14.33,43.41,1015.43,55.4
445.04,27.62,68.27,1008.04,63.04
442.07,25.4,70.4,1006.8,94.78
478.74,9.83,41.17,1019.34,72.29
455.49,20.24,56.65,1020.72,62.9
435.93,28.42,73.5,1011.23,72.79
449.4,22.72,58.82,1012.54,77.72
435.48,24.59,72.24,1011.42,81.5
465.64,16.37,36.99,1006.37,90.11
472.54,8.52,41.55,1002.09,86.81
443.76,18.01,62.26,1011.89,89.29
428.93,27.02,72.58,1009.21,89.13
448.11,19.68,51.19,1008.64,94.88
481.12,10.38,43.02,1013.37,78.53
445.87,26.64,69.13,1010.6,79.23
482.52,8.09,43.02,1014.79,81.06
444.59,25.24,57.17,1010.44,74.0
454.84,21.8,65.94,1012.02,63.52
465.16,17.39,42.44,1013.72,73.79
465.16,16.84,39.63,1004.67,82.98
449.91,20.65,66.51,1014.94,71.83
455.63,15.56,41.1,1004.65,84.58
468.55,12.27,43.8,1023.21,57.0
488.82,5.6,38.91,1019.31,85.33
467.1,15.54,41.96,1011.78,97.46
450.96,22.83,58.62,1017.82,69.76
442.13,25.1,43.77,1010.9,49.68
455.16,20.91,58.2,1018.1,62.8
468.8,14.03,44.88,1019.6,57.63
448.66,20.71,46.63,1013.1,74.49
465.23,16.15,44.21,1020.76,85.41
486.39,5.15,35.19,1018.63,93.94
432.49,25.89,74.22,1007.43,81.55
485.96,6.24,35.77,1019.24,70.7
436.37,26.35,69.48,1008.45,70.47
475.49,10.94,39.04,1021.62,86.41
479.64,7.61,39.37,1015.84,83.73
440.31,28.56,69.51,1012.45,46.59
474.46,13.0,39.28,1016.7,81.94
477.62,8.82,34.69,1026.81,82.54
432.95,27.22,66.48,1004.59,52.66
463.06,15.08,42.77,1018.67,73.89
478.94,7.67,42.85,1012.02,93.35
468.07,11.83,44.6,1018.49,89.06
439.74,29.44,64.33,1011.4,61.78
436.87,30.36,74.87,1008.96,61.87
432.61,32.26,73.68,1014.75,60.9
439.33,28.86,73.4,1011.37,58.76
474.61,9.28,40.22,1009.23,88.43
474.58,10.52,41.78,1013.54,71.52
435.87,26.9,60.93,1007.1,67.32
442.46,24.86,44.05,1005.69,66.65
462.86,13.39,49.83,1007.14,90.88
433.16,27.98,71.98,1005.58,81.0
437.29,26.95,70.8,1009.73,82.95
471.07,3.2,41.31,997.67,98.84
471.99,13.45,42.44,1012.79,83.12
450.48,20.08,54.42,1011.79,89.35
436.32,30.07,70.98,1007.74,75.68
480.96,7.5,40.02,1031.39,82.53
436.51,33.59,79.05,1007.79,63.55
435.66,30.39,70.98,1007.55,72.76
453.26,21.64,44.05,1007.73,74.79
471.23,13.08,39.28,1012.41,77.98
470.78,13.39,44.58,1016.5,79.26
445.57,22.94,58.05,1012.27,80.12
436.65,28.07,64.09,1005.41,64.09
445.86,20.27,63.09,1016.6,90.7
455.71,11.83,43.14,1010.06,88.14
440.22,21.25,67.71,1006.9,55.76
443.13,24.35,60.27,1017.6,75.45
469.48,12.41,41.44,1015.46,76.9
435.69,28.61,68.12,1012.23,46.45
433.62,25.6,66.48,1006.16,69.34
475.14,13.11,42.99,1007.6,97.0
445.0,21.39,63.9,1013.44,70.95
473.72,12.41,37.92,1008.09,65.23
430.24,29.06,64.96,1000.88,62.07
453.09,18.38,62.1,1020.12,77.27
463.5,16.6,41.93,1022.01,48.98
434.15,31.18,74.34,1003.81,63.59
435.54,27.88,62.66,1009.51,56.44
436.51,26.18,68.08,1012.92,55.7
465.74,15.07,39.82,1012.78,84.46
448.11,21.47,50.12,1009.19,93.68
468.07,10.35,44.2,1018.46,88.6
447.02,20.3,44.9,1008.25,64.08
434.88,26.94,66.48,1005.46,60.62
445.55,25.72,47.45,1007.74,58.35
441.94,24.19,58.95,1017.78,58.78
455.69,20.71,49.69,1010.26,69.97
484.04,7.81,39.64,1011.42,86.68
437.98,27.11,48.6,1002.78,53.39
446.87,21.26,51.43,1009.96,80.66
428.39,29.12,73.06,1009.98,80.21
465.09,17.3,43.72,1009.64,77.86
463.65,15.02,42.07,1017.89,83.68
470.94,12.79,41.62,1010.52,81.83
448.03,19.89,51.43,1007.38,91.79
453.89,18.39,38.52,1019.66,66.93
443.39,22.8,69.23,1011.8,76.95
444.76,21.98,58.79,1010.72,86.85
447.64,20.01,68.63,1012.34,69.49
434.09,27.2,77.95,1009.48,78.53
475.14,14.07,42.99,1007.57,96.05
452.94,20.29,49.69,1008.94,69.91
436.15,28.22,76.2,1006.11,62.17
438.02,29.98,47.93,1002.46,42.73
465.2,18.55,43.69,1016.84,47.95
447.67,23.74,49.21,1012.78,42.5
467.96,19.13,42.18,1001.45,98.77
436.69,28.85,68.12,1012.05,46.31
453.42,22.76,58.96,1013.85,55.95
433.19,33.2,70.8,1008.75,59.41
427.9,30.85,70.94,1007.47,54.79
475.74,8.07,43.69,1017.05,87.34
435.79,24.78,66.49,1010.55,68.12
474.27,12.45,43.67,1013.61,91.34
426.64,32.8,68.67,1005.27,44.53
436.95,29.7,57.19,1008.41,55.07
489.22,5.4,39.4,1011.45,91.84
455.63,15.85,42.28,1007.4,82.12
484.96,9.16,41.03,1021.3,76.08
454.26,21.53,59.8,1016.46,74.72
463.83,18.16,39.99,1008.13,68.5
467.09,12.31,44.03,1007.78,94.42
447.82,23.77,64.15,1021.02,55.87
439.08,24.94,67.69,1008.86,68.97
442.07,22.53,70.98,1005.48,93.95
437.14,17.04,56.03,1020.38,68.69
476.62,10.48,40.0,1021.35,88.52
489.22,7.08,39.99,1010.55,91.44
436.71,29.95,73.42,1011.44,66.32
462.6,13.56,42.34,1017.95,93.83
482.78,8.16,39.72,1020.54,82.11
459.39,18.95,46.21,1013.47,81.22
435.48,33.45,73.88,1006.23,44.14
435.35,28.03,60.23,1010.23,66.04
438.73,25.19,63.94,1012.78,75.15
439.59,29.9,64.79,1016.9,48.24
457.91,24.13,45.61,1012.63,71.36
437.82,25.6,56.9,1006.35,81.58
448.03,19.83,51.43,1007.36,91.64
472.43,11.75,40.55,1018.09,97.7
489.96,6.28,41.06,1020.96,90.91
434.67,26.12,70.47,1009.93,72.13
483.58,7.92,36.08,1021.01,81.84
477.07,13.63,40.92,1021.89,80.5
447.25,23.84,68.94,1007.45,71.35
494.87,5.25,40.07,1019.48,67.7
466.59,13.91,44.58,1021.36,78.98
468.07,10.63,44.2,1018.63,90.26
438.36,22.48,67.45,1014.77,63.9
436.69,27.36,66.54,1011.31,45.3
434.88,27.99,66.91,1008.47,59.63
426.07,30.93,71.85,1008.63,58.47
456.62,20.37,44.58,1016.77,66.22
493.9,7.01,37.8,1021.47,62.84
450.55,16.98,63.09,1020.44,95.18
436.88,30.03,70.02,1010.07,64.2
485.43,6.34,40.64,1020.62,94.39
469.37,14.59,35.71,1015.19,54.13
479.21,10.72,41.17,1019.68,60.71
441.43,26.89,56.85,1012.27,43.84
475.59,11.84,39.28,1016.97,90.52
426.62,29.59,71.77,1006.33,62.35
469.6,12.02,39.69,1006.05,84.66
463.48,18.89,43.56,1012.79,38.63
449.74,18.18,50.16,1010.22,99.73
430.27,27.82,52.84,1006.23,52.18
455.5,20.77,51.3,1013.89,88.72
427.67,28.21,73.06,1008.26,86.29
459.14,15.86,43.67,1011.11,82.24
436.66,25.65,69.23,1012.55,62.02
438.71,31.18,70.36,1006.38,56.74
479.32,10.05,40.23,1019.71,90.41
432.26,30.33,70.36,1006.72,70.31
431.19,26.19,73.77,1001.31,91.87
442.47,28.09,70.02,1010.84,51.29
453.08,19.02,47.45,1007.44,76.76
455.63,15.49,40.89,1007.16,82.16
440.74,23.26,64.05,1012.96,88.31
465.96,15.99,43.34,1014.2,78.66
440.9,23.95,60.37,1004.96,79.48
436.88,30.91,70.32,1011.92,65.59
483.63,8.35,42.85,1010.46,90.13
488.05,7.0,38.5,1014.09,81.32
446.33,20.53,49.16,1007.11,90.02
440.92,25.04,65.48,1017.66,57.08
449.73,24.51,51.95,1005.57,63.53
443.39,21.23,68.08,1012.82,74.57
487.48,7.01,40.72,1024.0,86.37
460.97,16.78,41.35,1000.23,70.52
478.81,9.08,40.02,1031.2,75.34
436.37,30.78,69.14,1007.27,62.77
443.66,23.02,63.47,1012.21,80.61
435.9,25.56,74.67,1016.62,76.1
472.33,17.53,42.24,1016.9,60.95
450.07,21.12,62.96,1020.83,69.96
467.44,13.01,41.49,1019.82,92.86
489.45,7.47,40.07,1015.45,50.3
472.2,13.17,36.71,1012.82,72.76
466.01,15.25,43.02,1012.04,41.43
433.07,28.89,70.72,1009.36,70.33
444.39,27.19,62.91,1011.57,53.66
437.57,21.46,74.87,1009.23,86.58
433.29,32.16,76.2,1008.04,51.74
433.82,25.42,68.08,1011.2,76.58
440.76,22.83,59.43,1005.51,83.93
454.72,15.63,41.79,1006.7,78.28
438.43,30.83,77.3,1001.7,57.85
461.07,15.78,43.99,1022.19,83.7
449.48,25.46,56.89,1012.59,62.9
464.54,20.57,44.78,1008.89,38.78
473.36,10.02,42.44,1014.57,99.16
469.58,11.61,52.75,1020.94,77.56
441.77,23.14,51.19,1009.56,77.2
468.12,15.04,38.01,1022.46,78.29
470.76,10.27,52.75,1026.19,76.78
433.55,21.19,74.93,1015.75,80.84
477.07,12.69,40.71,1021.62,80.19
434.91,28.37,71.64,1007.39,71.06
447.02,19.12,58.79,1017.34,92.45
449.48,23.49,64.63,1020.75,65.16
449.74,19.0,58.95,1018.05,83.38
475.76,11.58,41.74,1020.41,74.09
474.26,15.2,39.0,1016.1,72.76
467.1,15.71,40.12,1012.81,97.46
449.48,23.27,65.48,1019.05,61.36
455.29,19.78,62.1,1019.72,78.36
462.72,14.1,39.16,1008.19,74.05
446.29,19.62,58.79,1017.59,87.39
464.63,13.9,39.59,1011.84,94.74
435.61,31.37,74.87,1009.22,56.58
433.16,26.86,71.32,1007.38,81.14
455.52,18.35,57.76,1019.64,77.94
441.57,30.29,59.22,1013.05,60.46
442.65,25.91,58.98,1010.02,75.31
455.63,15.98,42.99,1008.24,83.78
460.58,15.72,41.76,1023.07,66.95
441.52,22.81,71.85,1009.61,75.17
464.94,13.73,41.78,1011.75,49.65
491.49,5.33,39.33,1009.61,94.97
462.34,14.71,52.72,1024.7,70.29
466.7,24.26,42.8,1013.72,61.62
430.81,27.78,72.43,1006.72,74.53
459.38,16.5,53.29,1017.7,95.66
484.86,8.51,39.66,1015.16,86.61
451.95,18.6,58.71,1009.8,86.42
489.09,6.52,39.85,1012.55,86.36
470.41,14.76,40.71,1017.37,71.07
443.27,28.8,70.02,1010.76,49.61
474.49,11.53,41.39,1018.39,85.52
468.07,12.15,45.01,1018.89,90.02
483.63,9.61,44.03,1008.3,91.36
471.16,13.67,38.53,1009.3,81.85
434.67,25.88,71.73,1010.01,72.8
444.1,26.82,66.51,1016.32,55.76
428.85,28.11,69.84,1004.68,67.08
439.74,28.9,60.07,1015.96,45.06
434.16,26.97,71.58,1010.13,75.16
433.16,26.84,71.94,1006.6,79.12
439.08,25.28,67.69,1009.05,68.54
478.31,9.02,38.08,1019.02,69.98
473.55,12.89,36.71,1013.36,87.29
457.26,17.35,39.72,1003.0,64.62
430.81,26.86,71.14,1007.11,76.61
469.52,15.43,39.16,1016.44,79.8
428.44,29.72,68.24,1009.92,66.42
436.88,31.4,70.32,1011.62,65.01
454.26,21.6,59.8,1016.9,76.59
448.97,7.06,41.74,1021.95,90.38
452.86,18.9,62.96,1020.69,80.57
441.3,27.77,63.9,1013.62,51.43
471.69,13.2,40.83,1007.75,94.98
444.43,22.59,60.32,1016.84,78.58
441.74,28.5,64.84,1011.47,54.41
437.52,27.98,67.9,1006.3,73.53
439.25,27.64,75.6,1017.35,54.78
480.54,9.6,37.73,1021.87,77.75
474.1,10.61,43.79,1016.03,76.33
430.11,31.41,76.09,1007.68,70.49
435.79,28.53,66.51,1015.9,40.68
484.08,7.24,41.17,1020.35,80.56
482.74,7.32,41.26,1010.11,95.18
434.88,26.93,67.07,1005.65,60.26
479.32,9.76,40.71,1020.88,91.82
448.51,22.85,59.15,1014.74,63.92
472.22,13.24,40.83,1007.9,87.53
450.13,29.14,61.5,1009.64,39.95
439.06,22.18,62.91,1012.14,68.86
466.73,15.07,43.48,1015.22,57.74
432.52,25.43,72.39,1002.65,88.13
467.32,14.64,39.58,1011.46,71.9
467.33,14.43,41.76,1024.02,83.57
489.25,8.44,41.17,1019.9,70.72
431.12,32.33,69.89,1014.18,50.93
452.85,23.62,61.87,1010.07,48.77
434.45,25.83,70.47,1006.24,81.83
454.47,17.74,49.69,1006.09,80.7
439.84,23.54,67.83,1009.44,65.48
435.2,26.07,69.23,1013.32,54.03
433.4,27.38,77.24,1008.25,82.49
450.13,23.54,41.1,1002.05,38.05
430.27,28.73,50.05,1005.79,52.4
471.08,14.93,43.02,1012.11,45.56
426.22,34.76,68.94,1006.75,41.31
450.26,23.64,63.31,1014.5,61.83
438.49,29.84,58.9,1005.24,56.18
478.3,10.33,40.6,1015.0,88.62
440.9,25.74,59.07,1007.37,79.89
434.15,31.92,75.33,1002.13,65.73
467.42,13.97,39.16,1016.05,84.6
445.26,25.44,61.25,1012.57,87.65
472.75,12.88,44.71,1018.73,51.95
483.63,7.74,42.49,1009.07,90.11
474.17,11.8,43.99,1020.86,98.44
475.96,11.87,40.67,1011.43,62.92
465.64,18.41,42.04,1011.69,64.88
474.27,12.65,44.34,1014.74,92.81
480.47,7.05,43.65,1018.41,72.36
477.3,12.6,41.5,1013.07,86.22
431.5,30.69,71.98,1004.53,65.86
437.18,27.76,72.58,1009.04,84.96
458.6,16.31,52.75,1024.4,55.69
445.26,25.21,63.21,1012.24,85.14
434.29,29.53,77.54,1010.39,66.13
432.65,26.71,76.86,1002.86,74.5
460.58,15.94,41.76,1023.32,67.17
448.97,7.33,41.16,1023.17,92.43
465.89,14.31,40.78,1024.3,76.41
461.71,12.57,41.79,1014.99,87.8
430.75,30.61,69.13,1009.32,55.17
475.86,14.94,40.0,1017.69,65.43
461.91,14.65,44.84,1023.39,87.76
432.83,25.76,74.87,1010.18,65.15
445.31,24.4,71.14,1009.7,59.26
436.51,34.18,78.05,1010.71,66.77
446.37,23.02,67.25,1017.17,72.0
480.68,8.22,40.77,1009.11,95.61
478.31,7.16,38.56,1019.17,70.1
433.47,28.32,77.95,1014.61,77.17
464.65,15.5,44.34,1019.21,65.21
438.87,26.79,62.44,1011.51,72.46
466.17,13.62,42.34,1017.87,89.67
485.66,8.86,40.23,1017.57,90.47
480.47,7.14,44.71,1019.98,71.9
439.59,27.29,64.45,1013.46,45.35
445.57,24.06,58.98,1010.66,81.16
461.96,18.36,56.65,1020.29,82.0
458.85,13.83,40.78,1024.85,73.08
454.26,21.43,60.95,1015.27,75.49
448.93,19.08,58.59,1013.42,68.88
434.98,31.46,71.29,1008.57,41.79
435.79,24.54,66.49,1011.1,69.14
467.81,10.41,41.01,1020.12,94.27
470.94,10.49,42.49,1009.81,78.92
464.65,15.03,44.45,1020.94,65.57
473.94,8.53,40.02,1031.27,85.57
471.16,14.64,39.31,1008.84,79.3
452.65,24.31,58.62,1017.29,64.44
435.99,33.95,80.18,1010.3,56.69
479.14,10.39,40.22,1006.59,87.77
455.49,19.69,56.65,1020.77,62.83
460.33,21.45,45.09,1013.83,52.26
427.65,26.04,72.43,1006.82,84.88
436.78,24.39,71.85,1009.73,72.24
456.87,19.69,39.72,1001.49,60.34
468.23,15.37,43.67,1011.9,91.48
442.76,22.3,57.19,1006.4,75.28
459.06,18.64,43.79,1016.01,51.17
476.81,7.3,39.72,1020.85,77.83
436.7,28.59,68.08,1013.2,42.96
463.06,14.48,44.06,1018.73,75.88
470.92,10.16,41.55,1005.69,58.04
431.93,30.75,71.25,1000.07,65.47
462.67,12.54,44.03,1007.05,84.03
430.55,27.28,78.92,1011.05,75.48
441.4,23.54,65.27,1013.78,64.28
446.05,26.68,62.91,1012.33,60.78
479.32,9.88,40.0,1021.4,92.06
479.14,9.27,40.22,1008.1,89.24
441.07,26.38,65.12,1016.1,47.57
441.32,26.64,58.69,1007.99,75.68
447.13,23.63,58.62,1016.45,69.97
455.31,24.39,51.86,1014.92,59.98
443.86,23.09,63.76,1009.82,72.36
438.67,32.38,67.17,1006.97,60.04
435.87,27.44,58.9,1003.86,66.74
473.34,9.37,44.77,1020.61,87.31
433.84,30.96,71.77,1006.26,52.76
464.14,12.06,48.04,1010.01,100.13
443.93,20.1,58.95,1018.46,80.87
478.65,9.64,36.66,1027.1,70.11
434.91,28.02,71.77,1006.5,72.41
431.93,25.24,71.14,1008.73,79.39
438.59,24.96,60.27,1018.68,69.97
439.77,27.5,49.3,1004.02,59.23
465.57,20.83,44.78,1008.51,35.9
428.67,28.44,69.84,1003.25,68.24
445.67,21.89,58.05,1011.31,85.71
461.62,16.87,52.05,1012.7,71.63
441.8,23.48,51.43,1007.13,84.83
463.09,15.23,37.87,1020.17,85.02
439.03,23.57,66.75,1018.06,80.19
441.19,22.17,60.27,1018.21,89.55
437.38,30.97,69.13,1009.78,58.92
449.01,23.84,49.21,1013.6,47.63
441.15,23.55,61.87,1009.65,54.83
472.33,17.32,42.24,1017.35,62.96
454.71,21.61,41.54,1014.5,75.62
473.94,12.85,41.14,1027.04,86.29
444.76,22.39,58.18,1008.52,87.48
445.9,22.22,66.05,1016.15,80.58
435.38,24.67,70.94,1007.99,75.64
485.58,6.76,39.22,1013.91,77.0
474.7,13.35,39.18,1023.24,61.98
478.71,11.43,44.78,1013.43,82.45
475.59,13.18,37.91,1018.09,88.84
434.64,29.53,71.14,1011.39,53.41
444.58,25.07,56.85,1011.25,51.99
432.21,28.36,66.75,1017.71,52.6
434.97,32.67,77.95,1014.62,50.73
437.57,22.3,74.87,1009.69,86.18
450.44,16.85,49.78,1005.61,100.1
488.27,7.0,39.81,1017.47,87.65
477.3,12.74,41.5,1012.94,86.28
432.05,32.88,72.29,1008.5,62.74
455.11,17.46,53.29,1018.07,91.01
438.24,29.05,64.84,1011.1,51.39
438.63,11.32,36.18,1015.03,64.68
440.03,19.65,57.85,1011.73,93.89
450.94,22.69,64.45,1012.82,45.03
433.53,28.31,74.34,998.42,79.23
444.68,27.97,66.17,1010.81,63.73
447.06,21.45,69.94,1010.5,82.17
458.07,21.45,66.05,1014.81,73.73
459.39,20.51,45.38,1014.29,69.14
464.65,14.57,44.45,1021.42,66.23
449.65,22.21,48.14,1015.08,66.8
457.53,15.06,41.85,1016.78,88.23
445.72,24.84,59.22,1013.18,83.08
442.46,24.44,47.93,1003.13,67.04
449.81,27.05,59.15,1012.83,56.31
437.65,33.92,77.95,1010.15,58.89
458.1,15.42,39.82,1012.89,83.54
432.65,26.87,74.99,1002.48,71.91
490.78,8.69,41.04,1026.87,80.28
462.86,14.19,49.83,1006.52,90.72
455.21,18.23,45.01,1012.24,73.86
438.86,25.47,56.89,1013.02,63.21
470.94,12.62,40.83,1010.06,81.52
463.89,13.61,42.34,1017.57,91.35
439.84,23.91,67.69,1008.28,66.71
465.32,14.73,39.52,1017.01,74.21
447.58,21.62,50.05,1007.2,92.9
467.96,15.29,38.73,1000.9,81.17
432.25,23.66,72.43,1008.0,89.49
443.26,25.14,60.29,1017.91,53.3
447.09,22.56,48.92,1010.7,51.63
467.32,13.56,39.58,1011.05,73.62
443.27,28.74,71.14,1011.53,48.6
482.77,6.93,38.68,1017.61,61.28
464.32,13.52,39.3,1018.99,69.22
439.87,28.69,67.79,1011.01,66.4
482.52,7.9,43.79,1016.14,83.05
449.42,19.5,65.12,1015.53,73.87
451.74,22.27,48.98,1014.47,49.33
444.19,27.83,59.57,1011.22,71.05
445.26,25.34,64.27,1013.38,66.02
447.25,23.57,67.9,1006.08,70.12
435.86,29.73,73.06,1010.27,84.84
434.73,27.63,64.96,1006.3,75.38
464.46,17.28,39.99,1007.09,74.25
458.75,20.58,39.53,1005.68,62.09
439.46,24.6,49.3,1003.72,72.26
430.32,29.98,76.09,1007.62,75.6
477.89,12.19,41.17,1019.43,65.47
435.27,30.71,68.27,1007.76,68.04
441.07,24.92,63.94,1017.7,44.92
435.51,25.94,60.75,1007.22,64.76
442.07,23.92,71.98,1006.22,92.96
468.88,11.04,39.96,1025.75,94.44
443.49,22.1,65.94,1009.79,67.57
457.16,19.45,41.1,1001.88,52.16
440.15,24.56,63.21,1013.79,82.38
436.3,31.86,73.88,1005.6,57.68
456.71,22.49,45.61,1013.1,75.69
446.22,19.13,50.78,1008.51,87.54
454.89,20.55,68.63,1012.5,67.07
467.81,15.92,41.2,1016.04,73.37
468.8,18.4,43.69,1016.59,52.44
463.03,12.73,44.34,1015.11,93.55
483.92,7.68,39.96,1023.73,87.48
465.88,14.02,44.85,1016.54,75.73
438.24,30.94,64.44,1014.36,53.76
480.99,9.42,41.4,1030.38,87.8
475.76,11.12,41.54,1020.13,75.07
472.63,3.92,41.31,999.22,95.26
448.93,20.38,66.54,1013.95,77.8
427.65,25.6,73.67,1005.78,84.82
439.55,23.22,59.15,1014.58,75.18
437.4,25.14,60.37,1006.63,77.17
483.8,7.92,42.28,1008.55,81.68
433.71,24.77,69.71,1009.86,85.56
439.05,30.36,69.82,1010.02,54.22
448.5,21.81,65.06,1014.6,66.41
429.08,27.12,70.32,1009.94,52.67
476.81,8.97,39.66,1021.63,78.94
438.52,23.31,60.37,1005.17,82.75
443.77,20.8,69.45,1013.7,82.48
485.66,9.31,41.39,1018.3,93.68
438.5,27.5,59.54,1004.88,72.7
481.47,10.47,41.06,1022.24,81.16
463.35,13.86,50.59,1019.2,97.22
441.8,23.42,50.05,1006.79,86.45
465.87,15.56,41.1,1003.55,76.92
462.81,16.96,46.36,1019.91,89.11
449.74,18.68,62.1,1019.78,83.67
468.14,18.33,49.64,1025.36,62.57
445.98,13.78,40.1,1014.49,81.86
475.76,12.19,41.06,1021.35,74.98
464.31,15.56,41.04,1025.8,64.81
433.19,32.87,70.8,1009.54,59.85
441.43,25.76,57.32,1011.93,43.61
477.3,11.27,40.69,1014.35,86.63
441.86,26.69,70.36,1006.82,68.29
482.56,6.45,35.77,1018.86,67.84
439.68,23.86,74.93,1016.88,71.44
444.76,27.16,47.43,1009.17,45.79
432.13,33.97,72.29,1008.98,44.32
475.59,10.37,40.03,1017.47,90.47
434.99,25.15,71.14,1011.68,70.33
471.92,10.52,41.48,1018.0,68.99
432.97,28.88,66.56,1006.26,59.15
440.28,19.89,68.08,1012.65,80.25
456.25,19.31,43.56,1013.65,41.54
483.31,7.14,41.22,1016.6,97.09
443.27,28.18,71.14,1011.56,48.03
441.43,26.08,57.32,1012.2,47.06
433.34,29.01,64.79,1017.62,44.31
448.93,21.84,58.86,1014.13,69.67
462.22,16.82,49.15,1020.68,72.07
442.78,29.03,67.79,1010.86,54.03
467.62,14.78,41.17,1016.42,67.42
465.49,15.55,43.71,1024.34,79.61
436.88,30.22,70.32,1011.63,65.97
434.67,25.97,68.12,1013.11,61.97
456.55,19.21,53.16,1013.18,81.64
449.6,18.94,48.7,1007.82,92.88
453.26,22.2,44.05,1007.34,75.13
437.61,26.9,77.95,1017.47,75.58
458.05,16.58,46.18,1010.4,96.29
474.31,10.72,35.76,1019.71,62.26
469.61,13.64,34.03,1018.32,62.2
436.89,24.34,70.79,1006.82,85.66
433.32,30.9,73.68,1014.95,40.9
482.78,7.76,39.61,1021.63,80.67
473.31,9.08,36.18,1020.24,68.37
480.54,9.45,39.04,1023.08,75.81
439.12,28.71,51.43,1006.4,64.79
442.48,25.3,49.3,1003.67,69.08
442.08,24.47,48.6,1002.49,75.04
464.78,15.59,52.05,1013.67,78.55
437.61,29.72,77.95,1014.9,72.73
434.38,32.81,71.32,1007.69,47.29
426.62,29.2,70.79,1004.8,63.74
437.31,25.34,70.47,1006.46,83.94
470.66,10.37,37.83,1006.5,90.99
462.34,13.12,52.75,1023.69,67.5
467.57,14.8,44.21,1021.59,89.24
479.33,11.51,41.06,1021.3,78.11
460.01,14.4,41.26,1021.41,73.11
445.76,22.36,58.79,1016.69,73.6
456.68,20.61,44.63,1008.54,77.54
475.74,13.86,41.78,1010.75,57.9
471.99,12.27,39.82,1012.18,85.58
469.52,13.13,50.59,1020.26,87.44
438.5,25.1,60.37,1005.83,72.53
480.53,8.47,42.02,1005.37,92.73
450.95,21.18,60.1,1011.02,78.19
466.68,11.02,43.02,1012.32,66.54
448.54,28.69,58.33,1013.67,34.1
457.26,18.85,41.1,1001.95,61.75
438.71,29.83,62.66,1007.98,47.07
437.31,27.63,71.98,1005.45,82.88
456.62,17.7,49.21,1015.16,67.91
448.52,22.69,48.14,1013.7,62.05
479.91,10.56,39.13,1010.19,87.12
468.87,14.86,44.85,1016.19,67.43
442.13,27.24,44.89,1009.61,51.89
441.15,22.74,61.87,1009.66,55.03
435.51,25.31,61.5,1009.31,63.31
437.25,29.13,68.3,1014.96,37.08
482.52,8.42,43.14,1011.62,80.32
435.71,30.76,73.17,1009.89,50.43
438.02,28.46,49.16,1004.61,38.1
460.33,18.15,41.67,1012.75,52.69
434.91,28.71,71.64,1005.21,71.11
483.79,9.65,44.68,1022.9,98.08
478.5,7.28,38.56,1018.96,67.98
459.67,16.26,44.89,1010.48,86.57
443.26,25.86,60.32,1015.91,53.37
479.17,11.6,39.96,1011.65,80.79
441.75,21.43,63.47,1011.95,94.47
432.83,28.0,74.22,1008.68,66.0
428.85,28.83,72.43,1006.69,67.04
471.1,12.42,43.14,1015.88,79.48
432.67,33.37,71.37,1003.75,45.26
483.43,7.41,40.81,1026.15,88.96
463.37,14.54,42.77,1019.61,81.82
443.66,26.63,61.47,1008.18,69.0
434.85,29.87,69.13,1001.08,72.75
468.45,14.97,42.28,1007.31,79.25
425.11,34.62,69.05,1000.68,38.35
437.65,32.11,78.05,1010.36,58.78
493.16,4.69,39.42,1024.58,79.35
454.43,17.1,48.98,1016.48,85.63
472.27,13.77,42.86,1012.86,88.83
445.76,21.75,59.8,1016.65,72.94
447.15,24.98,58.05,1011.69,69.97
428.93,26.48,73.06,1008.07,90.73
464.32,13.78,40.0,1018.38,68.67
493.16,5.54,41.38,1020.47,82.91
434.45,22.07,69.94,1011.18,80.86
452.32,30.45,43.21,1011.35,63.59
444.65,21.79,61.45,1011.11,91.78
461.63,15.81,54.3,1017.8,68.45
487.18,6.86,38.08,1019.62,77.37
467.8,10.23,43.72,1011.18,97.93
449.91,22.09,65.59,1015.54,72.44
439.25,28.37,75.6,1017.48,55.19
467.01,10.07,40.92,1021.43,97.15
439.84,26.02,59.57,1011.16,76.93
439.74,25.96,60.95,1014.52,50.03
469.51,11.3,25.36,1008.66,96.18
460.58,15.12,41.04,1025.95,69.67
467.71,15.08,37.85,1009.85,85.9
426.64,32.95,67.9,1005.88,45.15
443.5,23.8,48.6,1002.43,67.32
448.97,6.86,41.38,1021.35,90.78
447.16,17.3,58.59,1015.52,87.17
436.89,26.85,75.6,1017.43,74.55
449.81,26.82,60.96,1012.25,57.41
476.81,7.87,41.17,1020.33,77.77
457.53,15.58,40.66,1016.34,87.42
445.82,24.39,60.84,1018.5,61.73
473.88,11.93,41.38,1021.76,57.63
483.58,6.67,36.08,1022.31,83.51
426.25,29.45,68.84,1011.64,59.7
444.59,22.26,60.77,1018.26,85.94
452.32,25.64,47.01,1014.81,62.29
448.93,22.46,58.33,1013.21,68.68
441.8,24.12,51.43,1006.55,83.77
439.72,31.85,68.3,1014.76,47.06
443.26,25.63,58.86,1014.86,52.75
464.11,17.09,42.42,1009.03,72.01
434.47,26.22,69.89,1015.46,76.63
475.55,8.26,39.42,1025.89,70.53
438.21,23.2,73.17,1012.0,89.92
449.09,20.92,63.86,1020.49,72.98
487.18,6.67,39.37,1019.99,75.61
426.62,29.6,71.94,1007.07,62.65
447.25,23.27,67.9,1006.17,71.01
441.3,28.43,63.31,1013.44,49.99
464.56,13.84,42.18,1015.74,79.76
481.51,11.42,40.35,1011.55,82.71
436.24,23.66,69.51,1012.9,52.59
436.0,26.09,70.4,1007.41,85.37
458.05,18.5,47.03,1013.97,93.6
464.59,16.28,42.99,1007.5,77.27
477.45,8.61,41.04,1024.81,95.6
438.87,26.11,62.44,1010.68,72.59
485.43,5.0,40.64,1021.05,94.84
446.62,22.95,63.94,1013.91,81.52
452.84,15.92,39.16,1006.59,71.32
439.45,23.07,65.27,1013.24,58.38
437.4,26.42,59.54,1007.02,76.28
473.55,11.64,38.25,1013.33,85.79
447.63,17.11,49.78,1007.25,100.09
480.96,7.17,41.92,1031.97,83.86
432.95,27.52,66.48,1004.99,52.54
469.1,8.25,43.14,1011.3,87.1
441.94,24.49,59.87,1018.4,59.95
435.86,28.19,71.97,1008.85,84.67
465.7,17.76,40.55,1002.82,73.77
450.57,20.9,67.71,1007.16,59.02
440.42,22.31,61.45,1009.25,98.56
484.08,8.88,41.54,1019.05,80.77
455.57,20.01,52.9,1018.05,58.88
442.53,23.36,59.15,1013.71,86.64
439.06,25.54,61.08,1013.14,71.15
449.81,24.5,58.66,1011.54,57.92
461.71,12.68,43.7,1016.07,86.89
475.18,11.52,39.18,1023.43,83.29
445.26,28.08,64.44,1013.02,64.34
435.95,28.66,74.93,1014.04,51.26
440.49,30.02,69.04,1009.68,56.01
468.09,9.53,40.62,1015.57,75.49
457.03,18.58,63.78,1016.24,78.74
480.54,8.91,40.11,1022.87,78.39
449.48,26.44,59.15,1013.35,60.71
438.62,23.86,73.5,1011.34,87.32
432.06,30.02,73.5,1010.52,44.91
469.52,12.17,49.83,1008.05,96.44
439.06,25.58,61.08,1013.37,71.27
477.61,12.73,40.27,1005.68,68.77
477.5,10.74,44.85,1014.25,71.61
468.09,15.25,46.36,1019.69,95.83
430.55,27.35,77.95,1012.14,74.14
438.24,30.28,67.22,1014.39,53.32
443.45,24.88,51.43,1011.28,67.38
431.99,33.74,69.98,1012.51,43.3
441.65,32.57,65.74,1011.03,46.27
432.97,27.54,68.27,1008.12,56.42
456.25,16.09,44.71,1017.86,42.74
444.66,23.86,52.84,1006.56,48.94
431.93,27.78,70.8,1009.81,79.57
448.45,24.11,68.63,1014.34,45.28
479.43,6.39,35.57,1025.53,77.23
469.52,14.16,39.28,1015.63,77.29
464.33,13.43,43.56,1013.02,66.36
464.14,20.11,42.04,1010.79,60.31
475.55,7.32,39.42,1026.15,76.51
464.79,13.71,45.08,1023.35,82.93
442.02,21.49,68.28,1004.68,80.64
467.32,15.25,39.58,1012.1,73.05
454.29,19.81,56.65,1020.62,67.99
434.16,25.71,71.73,1009.72,75.29
479.43,9.0,36.3,1027.11,75.89
435.16,28.85,57.19,1008.2,58.4
457.53,14.66,40.73,1017.45,88.57
449.13,21.94,57.5,1014.64,78.52
445.25,26.48,66.54,1011.61,51.9
448.51,24.08,49.3,1003.23,70.42
439.98,25.95,63.47,1011.77,66.22
449.09,19.76,62.1,1020.07,73.55
494.87,5.07,40.07,1019.32,66.17
488.82,5.62,41.38,1020.91,86.21
485.96,6.8,37.8,1021.09,70.02
446.01,24.77,57.17,1010.66,73.0
458.18,18.59,44.63,1003.99,86.22
471.42,11.17,44.77,1018.2,79.6
452.32,25.87,47.01,1014.67,61.87
469.83,15.46,37.64,1014.57,87.53
443.76,22.63,58.41,1013.69,90.32
434.2,29.59,74.78,1009.45,55.75
454.26,22.25,60.84,1018.07,73.67
431.92,31.53,74.99,1003.93,58.29
455.53,17.95,49.21,1012.05,59.44
428.37,29.45,64.96,1005.52,59.92
438.24,31.31,64.44,1014.24,51.08
489.25,8.41,40.67,1019.97,69.2
452.34,22.85,60.08,1018.05,67.12
464.46,16.02,39.54,1007.73,72.81
463.06,15.12,43.79,1016.37,75.62
472.17,14.47,48.79,1017.05,69.87
471.61,12.1,41.17,1013.72,75.61
461.07,15.38,43.99,1022.42,83.41
446.37,22.16,65.48,1017.22,70.51
432.52,26.31,72.39,1001.16,88.43
465.7,15.14,39.72,1002.96,72.52
440.21,26.49,61.86,1012.55,74.24
438.86,23.06,56.85,1012.5,64.03
459.91,16.21,50.9,1012.46,84.45
478.81,8.76,41.82,1033.29,76.5
472.43,11.92,40.55,1016.91,100.07
441.32,28.64,73.4,1011.48,52.84
448.71,17.95,59.15,1012.73,84.27
439.3,33.82,73.03,1013.49,42.17
477.45,5.82,40.78,1024.82,96.01
454.78,20.41,48.06,1012.62,76.21
426.62,31.23,72.58,1006.61,60.8
495.21,6.58,40.07,1014.22,55.44
472.22,13.1,41.48,1009.0,87.41
465.64,20.13,40.33,1005.31,85.42
436.87,29.12,74.87,1009.85,62.51
448.75,19.57,68.61,1011.13,96.4
432.3,25.38,72.24,1010.76,89.64
472.95,12.56,41.4,1019.23,74.26
435.14,28.25,57.19,1007.99,67.9
433.4,27.24,77.17,1009.37,81.51
461.07,16.41,44.92,1024.27,84.16
442.75,26.1,63.56,1013.12,61.0
464.18,17.37,41.23,998.79,68.44
437.54,31.81,66.44,1011.21,53.55
470.35,13.83,45.08,1024.2,80.52
435.93,28.43,73.18,1012.52,71.05
469.56,12.07,38.25,1012.67,81.66
461.96,14.73,58.2,1019.45,82.48
456.72,16.65,56.89,1013.52,87.44
444.13,22.56,60.29,1018.19,67.53
439.56,23.76,61.5,1009.15,68.52
467.42,14.72,38.91,1015.17,61.75
442.76,22.63,58.49,1010.94,72.7
448.51,21.82,58.66,1011.71,64.37
453.08,20.88,47.45,1007.5,76.21
462.73,18.4,43.96,1012.4,77.81
449.91,23.29,65.61,1014.81,70.27
435.9,26.65,74.67,1015.73,77.32
436.89,24.62,72.43,1007.97,84.36
428.67,27.94,69.84,1003.11,70.47
435.57,27.96,68.51,1007.26,63.21
431.93,25.52,71.73,1009.91,79.55
478.74,9.28,41.38,1021.96,72.22
447.58,20.5,51.19,1009.0,91.79
454.85,24.38,47.01,1015.17,68.96
438.52,25.69,59.54,1004.05,81.69
465.31,13.86,44.21,1022.6,83.56
441.65,31.44,64.44,1014.04,49.15
436.3,26.88,69.51,1012.76,45.03
434.05,27.83,69.04,1009.69,63.79
441.57,29.66,59.22,1013.25,61.2
476.89,11.49,41.54,1020.17,70.91
472.54,5.62,41.31,1001.37,89.16
431.07,31.0,71.77,1006.29,48.56
435.86,28.18,71.85,1008.78,82.88
482.96,5.76,40.07,1013.22,62.99
470.66,14.73,36.99,1007.32,90.84
446.01,24.91,57.17,1010.88,72.97
433.4,25.12,77.95,1009.26,82.95
445.41,21.42,56.89,1014.39,84.05
450.76,26.06,54.5,1015.52,67.12
440.75,21.14,58.98,1009.05,94.36
478.31,6.91,39.37,1019.58,71.02
465.24,13.97,53.82,1016.81,62.32
464.27,14.64,42.77,1017.59,79.6
429.73,31.58,66.54,1003.26,54.0
480.05,10.27,41.44,1017.04,77.09
479.21,7.94,43.65,1018.75,59.45
479.43,9.32,36.3,1027.67,73.25
465.94,11.87,41.58,1017.29,90.3
452.84,22.58,43.79,1015.66,44.18
448.39,19.2,59.21,1017.84,89.56
437.65,30.18,68.24,1009.31,64.06
427.65,26.27,71.98,1005.72,86.15
452.84,19.39,43.14,1012.75,44.21
474.27,12.81,44.34,1015.55,90.37
426.25,30.93,69.98,1013.33,62.1
448.24,20.03,57.19,1007.31,81.69
427.9,27.34,71.29,1008.32,56.51
454.04,17.7,48.98,1015.79,83.18
446.62,20.61,65.61,1014.91,83.82
466.99,13.82,40.2,1013.19,90.11
430.32,31.77,76.09,1007.4,73.36
436.51,26.55,69.45,1013.88,55.39
443.44,20.42,62.96,1020.34,84.0
451.74,20.76,59.04,1012.51,85.39
433.57,26.08,76.86,1003.3,79.49
447.25,22.86,66.48,1003.77,71.22
430.75,30.33,70.32,1007.75,52.49
432.97,27.22,67.9,1005.73,57.29
443.24,25.22,69.88,1007.17,80.26
471.48,15.3,38.62,1017.19,70.63
443.03,24.01,50.16,1004.22,75.32
484.86,8.01,40.62,1015.62,86.43
463.05,19.31,44.71,1016.13,30.59
436.28,22.07,70.72,1010.52,82.96
432.73,27.31,68.14,1005.73,50.74
449.6,19.89,50.78,1008.85,92.97
474.26,14.07,46.18,1017.77,87.83
475.59,12.07,40.81,1025.63,68.02
431.12,31.19,69.68,1012.6,52.06
438.25,26.7,62.26,1011.0,71.64
444.76,21.94,58.79,1010.3,88.21
474.46,12.19,40.23,1017.76,81.44
477.07,13.03,41.26,1022.17,79.79
426.48,28.55,74.33,1011.77,73.34
467.96,15.73,38.73,1002.48,76.91
465.87,16.22,41.35,1000.96,79.59
439.77,27.44,47.93,1002.71,59.44
442.75,25.51,64.27,1013.28,61.85
461.96,19.14,56.65,1020.84,82.97
465.89,16.5,44.2,1018.94,63.59
468.17,13.78,45.51,1015.56,69.92
458.07,13.29,71.14,1019.63,75.09
433.34,27.06,77.17,1008.71,90.6
466.47,13.67,44.92,1023.6,85.35
465.23,14.7,44.9,1021.87,83.9
472.9,11.48,37.5,1014.38,69.75
447.16,16.95,58.86,1015.96,87.8
446.87,22.3,50.78,1008.85,81.27
434.01,27.37,70.72,1009.77,67.87
461.38,18.61,44.06,1016.91,75.01
432.83,27.98,74.87,1010.02,66.44
478.96,9.39,39.66,1019.22,75.33
451.0,22.19,48.78,1017.84,76.01
443.26,25.48,60.29,1017.55,51.22
433.16,27.51,71.32,1007.59,80.02
480.54,11.37,39.16,1016.54,87.05
482.52,8.68,43.14,1011.94,79.06
435.16,25.3,59.43,1009.15,58.3
463.77,12.82,48.14,1017.47,81.45
455.69,20.31,49.69,1011.57,69.03
449.65,23.0,49.5,1014.15,66.68
469.49,14.24,45.01,1013.54,88.68
460.14,20.17,50.66,1014.38,82.09
482.78,7.69,38.06,1020.72,83.47
437.38,30.36,69.04,1009.6,58.73
437.25,29.12,66.51,1015.69,37.9
445.23,27.01,67.98,1006.01,67.98
437.57,24.24,72.43,1008.02,86.4
449.4,22.49,58.71,1009.75,76.43
434.45,23.76,70.32,1012.13,78.84
465.09,18.09,43.72,1008.64,74.15
457.74,15.96,41.66,1011.93,55.47
439.06,25.54,61.08,1013.77,69.64
442.07,22.96,70.79,1005.68,93.93
470.94,14.76,39.64,1010.37,81.99
463.93,16.16,52.05,1013.19,75.37
445.67,22.36,59.44,1013.1,84.74
441.68,25.79,65.27,1013.26,55.35
452.86,18.78,63.09,1019.22,80.2
487.45,6.49,36.3,1016.52,69.1
452.73,19.4,49.69,1012.89,75.53
484.09,6.16,38.5,1012.83,93.68
467.96,15.31,41.35,1005.09,95.25
483.13,5.74,40.62,1016.31,84.91
435.01,30.31,77.24,1008.02,67.84
435.08,24.54,72.24,1011.43,74.1
437.41,22.97,72.24,1011.15,95.85
438.59,22.45,59.87,1018.92,72.73
470.41,13.9,41.17,1016.84,72.9
450.67,17.78,52.08,1006.9,100.09
489.66,9.59,40.11,1026.05,74.27
469.02,11.91,44.45,1021.39,84.49
439.11,31.26,70.36,1006.49,60.47
444.37,23.82,64.15,1020.96,60.11
439.77,25.02,69.75,1010.04,91.86
433.06,25.47,70.36,1005.79,77.73
438.5,27.13,59.54,1004.33,73.27
451.0,24.6,48.78,1018.1,73.71
431.1,24.95,76.16,1006.2,76.16
480.39,7.55,41.04,1027.03,83.32
428.54,34.24,74.67,1016.24,25.56
459.47,19.94,44.9,1008.52,74.69
440.21,27.14,63.13,1013.38,75.68
436.12,28.56,74.22,1007.45,69.6
471.42,13.05,44.34,1018.47,81.2
439.2,26.72,74.87,1010.18,70.74
474.27,12.5,43.67,1013.99,90.91
440.28,20.62,68.12,1012.33,79.88
463.61,16.17,38.01,1022.19,70.99
478.5,9.58,38.08,1019.49,67.54
431.19,25.42,73.21,1001.91,93.78
439.11,30.31,70.36,1006.55,59.92
442.9,23.76,51.19,1009.69,70.87
432.22,29.42,79.74,1007.24,61.26
473.34,8.8,42.32,1017.91,86.8
428.93,27.16,72.58,1009.24,90.26
449.6,19.75,49.02,1009.38,92.89
438.31,30.44,68.84,1010.97,55.34
461.84,18.6,41.67,1013.07,64.23
458.67,19.65,45.01,1014.18,56.77
452.73,15.99,49.21,1015.17,76.4
479.32,8.73,41.26,1020.54,91.37
465.64,15.99,39.63,1006.09,89.92
482.74,5.56,45.87,1006.99,96.48
478.3,8.88,39.66,1015.21,88.29
488.82,5.42,41.38,1020.77,86.02
482.46,8.97,36.24,1013.21,90.77
444.28,18.18,61.87,1008.64,66.28
465.74,12.87,41.5,1013.51,85.72
457.45,14.23,46.18,1017.39,87.29
454.85,18.17,66.86,1011.29,78.48
452.94,19.73,49.69,1007.78,73.02
448.55,25.36,61.41,1011.89,55.64
445.58,29.78,73.42,1011.27,52.79
438.49,32.0,58.9,1003.48,51.38
449.73,18.64,67.71,1003.84,89.63
467.02,13.16,43.71,1024.44,85.68
479.43,7.64,40.02,1031.58,71.19
466.68,11.87,41.78,1012.97,64.79
446.94,20.56,59.14,1016.02,68.59
471.92,11.41,39.61,1018.69,69.44
441.99,26.11,52.36,1013.9,59.62
461.96,19.06,56.65,1020.82,82.14
478.81,9.13,40.02,1031.08,74.76
489.25,8.44,41.17,1019.9,70.72
465.0,14.44,42.32,1015.61,76.85
491.49,6.3,39.33,1010.63,94.26
462.6,13.47,44.88,1017.56,93.23
469.76,20.66,41.54,1014.68,79.7
445.55,23.62,45.87,1007.75,58.69
456.79,16.69,46.18,1011.0,97.85
444.76,28.01,44.89,1008.98,48.52
453.94,21.73,64.63,1020.84,68.9
433.74,30.35,69.51,1009.95,39.24
477.62,8.67,36.66,1026.8,84.36
439.32,30.51,59.57,1011.08,61.94
439.03,26.12,66.75,1017.86,79.02
469.6,13.11,38.73,1005.89,89.02
450.08,21.41,62.39,1007.84,88.83
470.78,12.33,45.51,1016.49,79.2
435.38,24.02,77.54,1008.33,83.92
482.77,9.37,38.56,1016.84,62.07
467.22,11.26,44.92,1023.63,88.99
434.64,30.12,69.71,1009.1,52.02
486.39,4.65,35.19,1018.23,94.78
435.99,28.21,70.8,1010.45,77.92
432.11,30.83,71.58,1009.92,48.8
487.18,6.59,39.37,1020.34,77.92
447.46,21.84,64.69,1007.57,77.34
425.68,31.63,70.17,999.4,59.94
489.22,4.7,39.9,1007.45,91.02
434.15,31.11,75.33,1002.32,64.25
459.1,18.21,41.23,993.11,62.29
472.9,9.82,39.64,1010.79,69.22
463.61,16.77,38.01,1023.04,65.5
464.46,16.88,39.99,1007.08,74.29
440.59,21.08,70.32,1011.39,88.79
439.29,22.79,69.13,1010.87,91.47
437.37,26.96,62.39,1008.14,73.95
441.7,30.87,67.32,1013.78,34.54
459.39,19.74,45.38,1015.11,80.67
433.89,24.22,71.14,1009.38,64.53
465.61,16.27,44.21,1020.56,82.22
457.45,14.41,46.18,1016.25,88.88
481.18,10.48,41.38,1021.97,65.22
468.09,14.24,44.84,1023.6,94.06
432.13,23.08,74.78,1009.85,83.67
428.8,25.77,73.68,1014.18,87.53
452.86,17.94,62.1,1019.81,82.65
473.94,9.43,41.4,1028.42,84.92
471.99,13.98,41.79,1010.6,83.84
441.21,25.02,47.45,1008.07,60.42
431.25,30.99,69.82,1009.41,50.84
450.55,17.17,63.09,1020.54,95.98
466.73,19.4,42.44,1013.19,58.63
438.36,24.1,68.08,1012.73,65.24
471.69,12.07,39.99,1009.7,93.27
481.73,9.55,40.72,1023.12,68.06
473.09,9.57,52.75,1022.32,75.4
433.71,21.74,70.32,1011.88,85.95
432.26,30.99,68.51,1008.0,71.35
455.83,17.88,45.87,1008.39,93.63
457.45,17.51,53.16,1013.13,82.86
473.34,7.79,43.13,1019.67,85.35
430.11,31.56,66.44,1008.91,64.16
431.12,30.58,68.84,1011.34,51.29
471.69,13.35,39.64,1010.1,93.3
449.73,17.9,67.71,1004.3,89.59
446.22,21.94,50.32,1008.44,86.98
439.05,31.49,69.13,1009.33,53.9
483.63,8.48,42.49,1010.77,88.68
430.87,26.85,73.77,1001.2,90.13
449.81,26.75,60.96,1012.05,56.77
450.94,24.91,64.45,1013.02,42.34
435.79,23.03,68.08,1012.63,70.37
471.69,12.99,40.55,1007.52,94.15
455.31,23.79,48.06,1012.92,60.03
446.12,23.42,63.07,1011.72,75.81
427.53,32.09,69.4,1003.1,56.91
442.24,21.78,51.43,1007.45,88.71
425.68,31.92,69.13,1000.77,58.91
441.83,22.79,50.78,1008.65,58.39
478.88,10.52,42.18,1014.9,95.67
483.8,7.64,42.28,1008.46,84.29
464.81,15.8,41.2,1016.08,77.83
456.36,17.3,46.21,1013.56,87.57
454.72,18.26,61.27,1019.1,74.74
455.63,14.03,41.79,1008.07,83.32
449.48,24.55,58.86,1015.22,60.53
441.43,24.6,57.32,1012.48,45.14
435.38,25.04,70.36,1006.56,75.91
450.13,32.31,62.04,1010.45,38.01
449.48,21.17,64.15,1021.25,62.38
460.72,9.15,40.11,1023.82,75.4
441.07,27.34,63.78,1016.5,48.4
475.33,11.7,43.41,1016.08,62.27
438.1,27.58,73.06,1009.63,88.31
454.99,20.53,54.9,1016.61,61.28
471.8,9.55,41.44,1015.07,85.94
478.3,9.94,41.44,1015.21,87.02
493.16,6.71,40.72,1022.78,80.69
439.09,31.09,64.05,1011.32,61.14
456.2,17.23,40.12,1013.52,81.55
454.62,18.27,58.2,1018.34,72.73
438.63,9.06,36.3,1015.14,58.71
466.7,14.66,41.66,1012.89,62.41
446.88,23.79,58.2,1016.77,55.88
438.49,31.33,58.9,1003.77,52.34
465.8,10.26,43.14,1019.68,98.97
427.22,33.75,64.96,1002.54,39.28
454.35,18.72,60.07,1015.81,70.55
437.96,20.71,58.18,1007.63,98.44
435.86,28.87,71.97,1008.74,82.61
463.6,12.63,48.04,1013.0,100.13
470.2,13.69,34.03,1018.45,65.76
440.28,20.3,67.32,1013.49,80.9
472.27,14.93,42.44,1012.65,86.8
441.28,25.43,69.13,1002.2,86.44
442.07,24.85,71.98,1005.97,95.09
468.87,14.67,45.01,1014.28,67.91
491.9,3.63,38.44,1016.16,87.38
428.85,28.54,72.99,1007.42,67.87
467.81,15.26,41.2,1016.0,76.06
442.78,29.88,68.08,1011.14,55.78
493.16,5.65,40.72,1022.46,85.17
478.82,9.2,39.82,1013.19,91.25
456.72,18.85,44.63,1009.06,84.75
435.35,28.16,61.47,1009.19,62.53
473.36,13.15,42.44,1014.51,99.53
460.86,16.97,50.9,1012.31,82.65
463.29,17.33,42.28,1007.97,50.33
454.04,17.39,46.21,1013.94,82.73
440.92,26.26,65.06,1013.58,52.72
465.88,13.72,45.01,1014.07,77.0
468.07,10.99,44.63,1020.67,90.09
471.11,8.94,41.74,1022.55,90.74
442.76,22.5,59.43,1010.31,72.17
436.24,23.62,68.63,1013.18,50.57
462.66,17.17,44.68,1018.72,83.58
469.56,12.47,38.25,1012.74,82.89
458.05,16.65,46.18,1010.6,95.69
432.25,24.56,71.94,1006.81,89.59
439.4,25.49,47.45,1007.89,57.04
484.31,7.33,40.0,1018.96,80.76
451.4,20.52,43.79,1015.9,68.1
462.67,13.61,41.16,1020.49,75.09
466.7,22.5,45.38,1014.11,65.08
439.59,28.24,65.27,1013.43,48.74
434.01,30.04,67.25,1017.65,52.84
465.49,14.38,44.84,1024.59,81.68
447.12,24.78,68.63,1013.96,43.7
465.64,19.99,40.79,1003.15,87.55
465.89,16.01,43.69,1017.12,62.43
431.5,29.09,72.43,1006.86,65.47
462.1,13.31,40.03,1017.73,84.48
434.98,33.34,69.88,1007.65,42.72
449.81,26.88,59.21,1013.54,58.13
462.16,15.69,37.87,1022.63,87.71
431.47,27.58,78.05,1010.83,94.98
449.09,20.51,63.86,1020.65,75.36
469.52,13.56,39.52,1016.61,78.35
445.72,22.64,59.27,1012.58,83.55
434.64,30.29,71.58,1010.01,54.03
462.87,10.15,41.62,1015.86,97.4
445.76,23.07,57.5,1015.7,75.47
448.97,7.29,40.96,1023.01,90.78
435.38,25.34,69.48,1008.4,74.79
449.74,19.66,58.79,1017.17,84.16
454.14,17.77,56.53,1019.57,79.89
466.2,14.34,42.86,1031.75,66.81
469.34,14.4,42.99,1010.3,89.72
455.24,18.31,62.1,1020.38,79.02
462.1,13.56,40.03,1017.73,83.76
472.54,6.17,41.31,1002.49,87.59
439.12,25.04,51.95,1005.56,66.53
467.96,14.49,41.16,1000.5,82.17
444.65,22.31,43.43,1010.64,56.44
455.21,16.38,46.97,1013.6,73.67
450.26,23.48,65.12,1015.82,60.83
469.6,11.58,39.69,1005.17,86.55
461.91,14.74,43.99,1023.13,86.31
465.82,15.33,42.28,1008.19,66.15
439.03,26.14,69.14,1007.1,88.27
434.38,32.86,68.51,1008.43,46.78
435.54,28.88,63.76,1010.16,56.34
437.76,27.59,54.2,1013.1,51.61
434.45,21.85,69.94,1010.89,79.4
480.74,6.58,43.02,1014.03,84.95
449.93,20.38,62.52,1017.85,75.56
480.05,9.53,38.18,1018.43,75.33
456.93,16.76,53.16,1014.13,81.87
432.26,32.31,68.94,1006.11,71.78
470.8,10.22,39.96,1025.05,96.05
480.54,10.72,39.35,1015.35,86.43
450.07,21.68,64.15,1021.09,70.88
442.24,21.13,51.43,1007.43,88.72
434.2,29.14,75.23,1010.15,54.87
471.1,12.04,43.69,1016.58,80.16
469.97,10.1,41.4,1024.29,85.94
433.89,28.72,68.14,1005.82,46.52
433.97,28.84,60.23,1009.7,59.0
444.64,18.68,52.84,1004.65,88.27
460.56,16.5,44.63,1020.58,64.11
442.75,27.18,64.44,1012.81,61.27
442.33,20.08,58.79,1017.32,81.59
456.03,19.64,56.65,1020.79,73.88
435.35,27.77,62.26,1010.88,66.45
430.58,31.4,71.06,1008.44,74.77
489.1,3.68,39.64,1011.31,84.05
471.85,11.89,40.03,1019.53,89.48
493.16,7.63,40.56,1023.13,81.01
431.66,26.38,71.73,1010.04,69.45
451.74,22.89,48.98,1014.55,48.21
461.96,17.98,53.29,1018.29,83.46
458.18,14.22,48.6,1006.26,88.05
452.27,22.35,57.76,1017.92,68.18
433.54,22.2,57.17,1009.82,78.43
459.39,16.89,49.21,1015.19,70.39
438.59,22.51,59.21,1018.35,71.97
472.22,15.11,42.99,1007.53,85.75
436.89,25.15,73.67,1007.42,85.48
465.61,15.47,44.9,1021.59,81.74
475.49,11.1,40.0,1021.29,86.58
442.33,20.78,60.84,1018.66,80.4
448.93,20.94,68.12,1012.43,78.2
482.22,5.52,42.85,1012.77,93.82
471.69,16.19,36.99,1007.37,92.4
428.93,27.06,72.58,1009.24,90.31
462.65,19.92,48.98,1014.32,64.99
454.72,18.53,61.27,1019.84,75.22
477.3,12.21,41.67,1012.88,85.19
474.97,11.59,40.05,1014.96,86.22
430.81,26.61,72.43,1007.71,75.82
462.6,18.4,44.92,1024.88,64.89
441.34,24.8,66.51,1016.74,65.72
435.87,25.47,60.75,1007.27,65.91
431.77,28.57,75.33,1003.16,76.14
432.11,31.01,73.5,1010.92,48.61
444.59,24.38,57.17,1009.85,74.46
435.35,28.46,60.23,1010.2,63.38
465.09,18.16,43.72,1008.64,75.22
478.47,10.6,41.17,1018.38,87.92
447.25,24.19,68.94,1007.37,70.83
466.51,12.2,39.72,1018.07,54.83
439.33,27.95,73.5,1010.42,58.01
432.11,30.38,71.58,1010.17,50.45
439.74,28.48,54.2,1013.14,49.51
467.37,11.3,43.14,1019.56,99.83
427.9,29.19,70.32,1008.28,55.42
431.07,30.75,71.22,1006.47,48.06
455.52,12.37,43.22,1009.1,76.06
443.26,25.75,60.95,1014.75,53.3
434.73,28.18,67.17,1006.84,75.55
438.24,21.89,74.93,1016.11,77.88
441.83,24.79,50.78,1008.78,61.88
438.47,30.86,70.32,1011.88,62.68
455.52,13.51,43.22,1009.63,75.02
440.31,29.35,68.31,1010.46,46.2
447.35,19.98,60.77,1017.72,90.71
460.26,21.77,42.23,1013.03,67.44
470.94,12.43,41.62,1011.87,80.57
489.1,3.4,39.64,1011.1,83.43
435.48,24.73,74.22,1010.15,79.83
432.56,25.54,70.47,1009.28,73.5
438.42,25.88,63.73,1009.48,77.17
442.04,23.07,70.47,1008.64,83.37
435.66,30.66,70.98,1007.6,72.08
460.01,13.77,41.58,1020.63,72.94
466.68,12.57,43.8,1023.2,56.85
434.38,31.1,71.32,1008.09,45.87
444.65,22.24,64.27,1012.97,89.54
438.02,29.08,52.84,1006.14,40.09
457.16,19.35,39.72,1002.5,51.24
436.95,28.88,54.89,1007.16,46.6
438.42,31.7,70.36,1006.26,58.18
467.22,13.25,44.92,1024.11,89.34
457.26,18.55,41.1,1002.02,65.16
433.07,28.69,71.29,1009.22,68.35
465.92,13.74,42.74,1029.54,70.0
437.87,23.97,64.33,1010.54,84.65
457.26,18.44,39.72,1001.14,66.83
448.71,16.88,56.89,1014.01,82.1
474.26,12.82,46.18,1018.53,88.46
487.45,7.18,38.56,1016.49,70.37
449.48,24.34,62.96,1019.7,61.44
438.25,26.63,62.44,1010.86,70.82
479.32,11.43,41.16,1022.81,92.04
433.65,27.24,66.75,1017.78,69.6
470.41,15.01,42.77,1018.21,73.22
480.83,11.21,40.75,1016.45,86.14
439.05,31.46,71.8,1010.75,54.88
461.71,13.65,42.86,1015.41,87.67
474.61,9.57,39.82,1013.12,89.15
475.33,11.46,44.85,1014.3,63.24
442.36,25.03,60.84,1017.69,59.23
467.22,14.6,44.84,1023.58,88.21
435.95,28.88,73.68,1015.25,47.73
468.09,13.82,44.84,1023.72,95.24
476.62,7.87,41.06,1020.91,87.64
479.43,2.34,39.42,1028.47,69.68
438.5,23.58,70.04,1010.95,76.32
439.29,21.49,70.32,1009.07,92.25
462.59,15.84,41.66,1009.69,62.81
439.98,25.82,61.08,1013.64,66.4
474.46,10.18,40.81,1015.79,81.42
436.37,28.4,69.34,1009.76,70.4
474.94,12.35,41.38,1021.99,55.38
466.73,16.52,43.7,1015.08,58.36
485.66,9.6,42.03,1017.66,92.27
487.45,7.54,38.56,1016.49,69.1
480.99,8.04,41.92,1029.7,92.21
479.32,11.82,41.26,1020.74,91.14
460.01,21.62,48.78,1020.06,85.09
456.83,15.41,44.78,1007.69,65.17
441.91,26.47,63.13,1013.72,79.4
435.61,31.5,74.16,1011.72,56.42
469.52,12.24,49.83,1007.9,94.28
473.17,13.52,41.44,1015.81,65.97
472.22,10.02,39.66,1016.34,79.98
445.07,21.01,44.05,1010.61,64.12
483.79,8.35,43.52,1022.78,97.34
465.32,14.12,39.52,1016.79,75.89
435.48,35.2,73.56,1006.56,45.72
432.52,25.28,72.39,1002.28,89.43
473.44,14.3,41.93,1020.6,65.38
456.64,19.32,52.9,1016.86,68.2
448.01,22.04,69.51,1013.25,56.15
444.68,28.07,66.17,1010.58,64.11
450.31,23.09,60.95,1015.02,68.78
435.11,27.17,61.25,1013.03,70.43
427.65,26.44,71.64,1004.55,85.53
444.65,27.23,44.05,1005.69,58.91
462.59,17.68,40.89,1011.24,61.37
431.47,27.18,79.05,1008.99,94.32
435.69,27.89,68.12,1012.78,48.72
467.05,13.5,54.3,1016.2,77.46
439.87,28.11,66.17,1010.51,65.16
440.31,28.75,70.02,1010.33,46.55
437.57,25.56,74.99,1005.41,85.75
469.52,12.84,50.59,1020.08,88.08
454.14,20.18,56.53,1020.3,77.1
436.24,25.65,69.45,1013.95,50.42
449.01,21.08,52.05,1012.28,45.25
468.17,14.33,45.51,1015.42,71.55
441.74,29.13,62.26,1010.51,52.94
439.81,31.73,74.67,1016.38,44.51
456.49,18.0,53.16,1013.02,82.47
476.12,12.39,44.58,1016.38,84.95
435.11,28.26,63.13,1012.0,68.35
462.44,14.59,42.44,1012.7,83.92
461.89,16.22,46.36,1020.04,91.73
441.32,25.99,59.54,1007.78,74.48
451.13,20.84,59.8,1016.96,75.05
431.47,26.85,74.16,1008.66,93.8
489.25,7.24,39.04,1019.0,68.69
463.65,14.01,43.34,1016.95,83.41
470.98,17.66,44.9,1020.5,71.33
469.97,11.6,40.96,1023.95,86.83
457.74,16.72,44.78,1007.75,56.79
474.79,12.77,40.71,1014.66,72.81
472.02,11.08,38.16,1014.45,74.99
473.05,8.96,40.02,1031.21,82.32
467.37,9.86,41.01,1018.49,98.71
451.44,17.18,46.0,1002.74,100.1
465.24,14.5,53.82,1016.81,62.89
443.86,24.01,65.18,1012.57,76.02
442.53,24.79,67.83,1009.32,61.46
473.56,11.67,44.6,1018.09,92.53
440.59,21.28,70.32,1011.06,90.12
447.06,20.96,69.48,1011.04,82.63
431.19,26.57,73.21,1002.31,92.51
455.53,16.43,48.06,1010.73,61.26
441.07,26.22,65.34,1015.17,47.25
447.57,24.88,52.36,1014.45,68.39
477.07,12.22,40.71,1021.25,80.83
441.31,22.28,58.12,1014.54,83.27
472.16,9.14,37.36,1015.22,78.06
441.86,27.34,70.98,1008.82,71.42
435.51,24.9,58.49,1011.06,65.14
465.73,13.26,40.83,1007.97,90.63
452.12,21.86,64.45,1015.83,63.36
472.33,18.55,41.85,1015.24,62.47
433.57,26.26,74.9,1003.85,81.94
477.45,5.15,40.78,1025.34,95.84
479.91,10.8,39.58,1011.99,87.54
434.91,27.99,71.64,1007.79,72.67
450.21,18.4,50.16,1011.51,98.07
471.23,15.17,36.71,1013.5,77.44
475.14,13.18,40.83,1007.67,95.44
433.34,30.37,67.45,1015.35,45.6
427.65,24.88,71.94,1006.85,87.32
463.06,14.87,42.77,1017.94,75.06
442.73,20.34,69.45,1012.76,91.05
482.9,5.71,40.77,1022.51,89.58
434.29,28.62,79.74,1008.12,65.39
455.52,12.75,39.58,1010.8,77.31
449.01,19.76,48.92,1010.48,46.57
448.1,19.75,54.2,1011.43,83.5
474.4,11.61,41.17,1019.57,58.82
474.58,9.63,43.02,1012.4,68.41
447.85,26.65,63.78,1015.32,53.95
450.94,24.63,65.38,1010.43,40.68
454.14,19.94,56.53,1020.48,76.43
468.23,15.18,43.67,1011.59,92.58
442.75,25.79,63.9,1014.39,60.49
473.44,12.64,40.71,1024.2,65.21
439.29,21.7,70.32,1009.12,91.3
474.46,12.19,40.23,1017.45,82.07
434.88,27.73,67.69,1007.47,59.42
448.85,20.83,70.72,1009.56,89.37
458.05,16.7,46.18,1011.2,96.84
479.91,8.27,39.64,1011.0,84.64
437.28,27.17,67.45,1015.67,49.03
463.6,14.92,46.18,1014.21,98.82
433.62,27.47,66.86,1006.1,70.2
471.8,9.72,41.44,1015.17,84.41
449.6,19.97,50.78,1008.75,92.7
459.68,18.37,51.86,1018.8,74.3
474.87,14.85,40.8,1025.38,53.29
440.75,22.92,60.37,1007.05,89.94
465.64,15.2,40.55,1005.0,88.4
435.35,28.07,61.47,1008.68,64.83
479.21,10.72,41.17,1019.68,60.71
455.11,16.09,48.78,1015.78,91.12
456.88,18.68,53.29,1018.16,75.01
459.14,14.48,40.83,1009.42,81.74
433.97,28.41,61.47,1008.94,56.56
449.03,24.03,62.44,1010.96,79.88
435.93,28.31,74.33,1011.89,69.77
450.08,21.79,60.93,1006.44,87.68
428.67,28.53,69.84,1004.46,68.03
478.65,9.84,36.66,1026.7,70.02
428.54,34.66,74.33,1012.0,32.19
453.42,21.99,58.96,1014.09,61.3
437.57,23.69,73.67,1007.19,86.73
448.08,21.94,64.69,1007.39,77.58
460.45,14.51,49.83,1006.27,91.65
472.27,13.72,45.09,1012.95,87.41
467.8,15.03,43.71,1025.07,83.25
487.18,6.99,39.37,1020.19,75.06
432.97,28.03,68.67,1005.52,58.16
478.88,10.9,41.93,1014.96,96.24
493.16,5.51,41.03,1022.28,84.5
460.01,17.02,51.86,1021.53,81.28
469.02,14.39,44.21,1019.77,85.7
442.07,24.05,70.4,1006.83,92.35
441.77,20.99,50.78,1008.55,75.14
448.08,21.02,61.5,1008.52,77.74
431.93,31.01,69.13,1000.93,62.96
471.99,12.38,41.62,1012.37,84.15
442.04,23.37,70.94,1008.01,81.28
464.23,12.22,40.78,1024.02,85.46
461.52,15.28,48.14,1012.55,69.65
447.15,25.09,57.43,1013.2,70.42
445.34,23.87,50.39,1012.96,76.05
467.32,15.43,40.89,1010.63,73.03
451.0,24.34,48.78,1018.0,73.44
433.76,25.09,71.58,1010.17,86.01
459.95,16.37,53.16,1014.89,74.84
477.89,11.8,41.54,1020.0,65.85
445.23,24.85,68.37,1006.5,68.37
461.73,17.16,40.55,1000.26,72.21
467.81,13.09,54.3,1017.61,82.38
481.38,10.25,41.46,1018.67,84.41
438.78,28.39,65.51,1014.52,66.48
437.38,31.55,69.75,1010.12,58.36
447.67,23.84,49.21,1013.1,44.72
465.92,14.46,42.86,1031.34,69.84
439.11,24.16,65.06,1013.88,58.96
448.9,20.82,63.77,1014.28,86.37
450.44,17.0,49.78,1005.32,100.1
468.07,11.45,45.01,1018.88,92.12
454.35,18.26,58.96,1014.04,69.7
482.52,10.74,43.67,1011.75,80.1
450.57,20.89,67.71,1006.12,59.12
476.97,11.82,41.54,1019.96,67.65
441.54,25.44,65.06,1013.82,55.72
435.27,29.92,69.75,1009.12,67.15
450.32,21.11,58.49,1011.6,80.44
465.25,14.6,53.82,1016.28,64.83
441.07,25.96,63.78,1016.95,49.47
467.59,18.32,39.53,1008.15,64.85
447.25,21.36,68.28,1007.6,72.37
464.59,15.7,42.99,1007.51,76.05
436.15,26.82,75.08,1005.93,60.81
467.96,15.22,41.35,1003.12,95.45
436.37,27.68,69.34,1008.28,70.9
437.52,27.14,70.32,1007.08,73.08
437.53,28.99,54.2,1012.79,41.9
431.99,32.55,69.89,1013.87,40.09
441.07,27.01,63.78,1016.72,47.89
483.8,6.31,42.07,1004.61,77.74
452.65,23.31,60.08,1017.14,64.35
478.88,10.66,41.93,1016.12,94.16
430.24,26.82,64.96,999.72,63.55
469.49,12.36,45.09,1013.05,88.4
478.99,10.2,40.67,1016.15,73.2
433.57,29.17,74.34,1004.51,82.02
467.42,12.03,40.75,1015.93,85.07
440.49,31.27,69.13,1009.45,57.01
432.13,24.8,72.24,1011.58,83.61
436.89,24.43,72.43,1008.03,85.56
440.74,24.14,63.21,1012.28,89.08
436.95,28.13,56.9,1007.17,51.66
456.87,19.15,39.72,1001.49,58.62
480.54,11.05,40.75,1016.55,87.08
439.72,25.23,66.44,1011.37,51.3
441.86,26.86,70.47,1007.18,72.38
469.64,12.15,71.14,1019.56,86.06
472.33,18.5,41.85,1015.81,64.78
453.42,21.93,58.96,1014.23,58.58
473.56,10.14,45.01,1018.12,94.32
453.28,14.04,48.79,1017.62,75.25
446.19,24.14,60.07,1016.56,58.08
470.41,13.48,41.44,1015.64,71.46
463.37,14.26,43.34,1017.24,81.54
447.46,19.99,65.94,1012.28,75.42
463.93,16.52,53.16,1014.68,76.82
445.67,22.75,58.79,1011.44,84.47
467.42,15.31,40.66,1016.46,84.64
449.91,21.33,58.46,1016.17,79.73
439.25,30.28,74.67,1016.45,55.76
471.42,19.08,44.63,1020.05,41.07
442.9,23.94,51.95,1008.18,71.87
453.83,21.12,62.52,1015.62,78.98
443.44,22.61,60.27,1018.81,83.27
463.06,14.85,44.63,1020.67,75.76
445.26,27.26,63.77,1014.07,66.58
434.38,31.96,71.29,1008.39,47.51
447.13,25.3,58.46,1015.91,69.71
441.4,24.49,65.61,1014.71,63.47
443.09,24.44,72.99,1008.38,91.66
457.74,17.89,44.78,1010.03,53.78
470.33,11.92,43.8,1022.96,60.49
449.03,23.34,63.73,1012.1,79.11
458.07,18.89,66.86,1012.38,71.96
450.21,18.63,50.16,1010.21,97.13
446.19,24.43,60.07,1015.59,59.99
478.74,9.83,41.17,1019.34,72.29
463.06,16.68,43.14,1018.39,76.48
446.3,22.29,45.01,1012.4,51.58
489.0,5.63,39.22,1013.35,77.67
470.2,13.72,34.03,1018.57,65.95
470.78,13.02,45.51,1015.24,80.05
478.82,8.9,40.77,1011.67,90.26
431.93,26.44,71.73,1009.52,81.75
439.33,27.07,74.87,1010.09,58.97
433.47,27.74,70.32,1009.58,50.29
436.88,31.5,70.32,1011.44,64.09
445.07,21.81,43.77,1011.97,64.72
464.72,15.86,49.69,1015.59,87.26
446.87,20.31,69.94,1009.7,86.53
447.28,23.23,64.69,1008.12,76.6
450.67,18.39,52.08,1006.53,100.09
436.15,30.68,73.67,1005.63,57.05
433.92,29.09,67.07,1005.99,41.39
435.14,27.35,60.75,1008.98,67.56
436.12,28.46,73.67,1005.67,71.21
434.99,31.21,66.44,1008.57,65.76
449.74,18.89,63.09,1018.47,84.85
436.66,26.71,68.3,1015.07,62.7
466.17,13.52,42.07,1017.91,90.21
441.77,24.17,48.41,1008.46,76.19
485.58,7.67,41.66,1016.25,77.0
446.29,19.44,59.21,1018.5,88.35
437.31,27.0,69.4,1004.86,82.2
462.73,18.16,43.96,1012.78,78.33
454.84,19.28,65.46,1013.77,64.24
469.52,15.43,38.58,1016.58,81.17
470.98,16.32,43.5,1021.3,72.6
441.56,33.12,68.31,1010.3,42.29
482.39,8.48,38.5,1013.5,66.51
448.85,20.76,70.72,1009.73,89.04
458.59,18.76,52.9,1016.27,64.7
443.13,24.5,60.77,1017.15,73.66
425.11,32.4,68.14,1004.44,34.53
449.21,17.82,65.48,1019.64,86.6
434.88,27.27,67.9,1006.36,62.12
449.61,20.14,65.06,1014.81,80.01
440.15,24.8,65.48,1018.56,62.05
431.96,26.42,71.06,1008.12,87.32
467.1,15.34,41.96,1012.08,100.12
444.66,28.66,50.05,1006.08,47.74
464.93,14.2,52.75,1025.64,61.02
439.68,26.12,75.6,1017.41,72.31
437.37,24.14,62.66,1007.33,73.27
447.57,23.43,54.42,1013.58,70.99
472.81,10.41,36.71,1022.02,84.56
444.13,23.27,60.84,1019.13,67.24
456.55,18.36,53.16,1013.14,79.89
457.53,15.8,40.66,1016.15,88.24
443.66,22.95,63.94,1013.87,80.37
450.32,19.79,60.1,1010.47,84.04
427.62,34.43,68.51,1010.17,34.09
435.91,26.31,68.51,1013.26,68.66
476.12,11.94,44.6,1018.69,85.33
470.8,10.82,39.96,1025.53,95.89
461.73,17.49,40.55,1001.73,73.15
438.86,26.23,59.87,1012.93,66.62
483.31,7.26,41.22,1014.86,97.82
473.94,9.42,41.4,1029.21,86.4
459.14,16.85,39.64,1008.82,80.81
447.09,26.31,52.09,1013.39,53.59
431.01,30.69,69.89,1013.9,42.85
463.91,16.55,39.64,1009.07,77.8
455.14,16.29,50.88,1013.79,99.15
469.56,12.49,38.25,1012.61,83.32
479.32,10.15,41.46,1019.56,81.79
451.74,21.71,58.05,1013.07,85.75
467.29,13.92,44.47,1029.36,70.86
449.54,24.04,51.95,1006.13,73.92
441.54,20.03,69.45,1013.47,86.66
430.69,31.7,76.09,1007.06,72.39
439.03,26.0,69.88,1007.99,87.07
435.9,25.35,74.33,1015.29,77.84
453.8,24.49,49.82,1017.09,64.02
446.04,24.27,63.87,1018.88,53.96
445.82,24.51,58.79,1016.11,61.7
473.41,12.06,52.72,1024.53,80.05
452.73,18.53,48.98,1014.24,74.29
462.73,18.31,42.23,1012.88,79.32
446.04,24.97,63.86,1018.64,52.01
473.22,10.02,39.96,1024.88,96.85
435.48,25.45,72.24,1011.44,80.54
440.92,26.74,49.02,1008.18,67.59
449.54,23.45,51.95,1005.23,76.17
475.33,11.1,44.85,1014.27,65.08
452.65,24.16,60.29,1018.09,63.49
487.18,5.45,39.04,1020.07,77.05
449.54,24.99,51.43,1006.95,79.63
448.9,18.32,65.94,1012.74,86.77
441.52,21.63,71.85,1009.44,76.89
480.05,8.53,38.18,1017.54,76.49
437.76,28.85,59.27,1011.69,51.8
444.43,23.23,60.32,1016.73,78.35
487.45,4.93,38.44,1015.65,71.47
463.05,18.76,44.71,1015.15,30.83
436.0,25.52,67.17,1007.33,85.12
464.14,12.38,48.04,1012.78,100.13
459.14,16.05,43.14,1010.67,79.36
429.08,26.75,70.32,1007.61,54.09
438.31,30.03,68.84,1011.41,53.82
448.51,24.78,50.16,1004.56,70.22
441.74,26.97,64.45,1009.43,53.96
434.73,27.98,67.17,1007.32,75.29
444.39,26.33,61.41,1011.9,52.1
473.56,11.34,45.17,1018.32,96.24
457.01,18.8,44.78,1009.65,46.0
483.8,5.23,40.78,1025.13,92.74
479.17,10.8,39.28,1010.7,82.62
463.05,19.32,44.71,1015.3,28.81
433.84,33.15,70.4,1003.72,53.98
475.59,12.8,39.16,1015.94,89.83
456.62,19.3,46.93,1014.83,66.71
452.85,26.33,60.06,1005.86,41.57
433.57,30.8,70.94,1007.06,63.09
446.37,21.52,66.51,1015.32,72.85
452.66,18.63,45.87,1007.98,79.9
458.67,16.69,44.78,1010.41,58.18
470.94,12.49,41.62,1011.37,82.68
436.38,32.06,75.33,1001.96,63.15
482.52,8.82,43.56,1014.95,81.54
446.04,25.14,64.63,1020.63,54.0
441.19,21.71,60.27,1015.74,89.76
459.47,19.65,44.89,1009.76,75.36
453.42,22.63,58.96,1013.62,56.67
481.51,11.82,41.67,1012.94,84.51
456.68,18.41,44.89,1009.75,77.24
427.53,32.09,70.4,1003.73,55.65
432.46,33.4,70.8,1009.17,57.01
469.02,11.83,44.21,1019.37,85.31
484.09,6.33,39.33,1012.06,93.16
467.41,15.02,37.64,1016.49,83.28
434.2,28.93,74.78,1009.48,56.4
467.32,14.81,39.58,1011.62,73.64
455.52,13.25,41.62,1010.8,77.81
448.9,18.27,65.94,1013.09,84.72
441.8,23.77,51.43,1006.67,84.09
474.26,12.8,44.34,1016.52,86.73
454.47,13.94,47.83,1004.83,81.2
468.57,16.44,43.96,1013.66,76.31
437.87,29.53,64.44,1013.22,59.75
436.61,29.1,70.4,1003.97,77.57
480.96,6.04,41.14,1027.92,87.12
434.97,25.11,62.26,1011.12,78.01
465.16,17.13,42.86,1014.15,73.6
456.92,20.54,49.15,1021.02,56.0
466.56,14.02,44.47,1028.02,68.97
471.79,10.22,37.83,1005.94,93.53
432.22,31.46,77.17,1009.26,59.61
442.07,23.64,71.25,1004.92,93.87
449.81,26.69,59.21,1012.55,57.59
437.91,25.1,69.89,1015.42,85.81
484.42,6.23,40.96,1022.49,93.15
471.16,13.74,38.73,1004.34,82.82
443.66,27.35,61.47,1008.43,70.65
441.86,26.84,70.36,1007.41,71.47
433.34,23.69,77.54,1009.32,89.7
453.8,21.06,50.59,1016.42,66.12
463.99,12.28,43.67,1012.69,70.23
449.13,22.35,58.59,1013.99,79.78
488.27,6.12,40.81,1014.77,88.15
430.11,32.31,66.44,1009.6,63.92
475.59,9.1,39.42,1025.28,68.78
464.71,12.99,42.34,1018.04,96.25
432.93,25.75,71.14,1008.33,77.12
447.13,22.92,58.62,1016.37,71.38
479.17,12.33,39.28,1011.84,80.01
475.37,13.66,41.67,1013.43,80.56
448.51,22.24,60.07,1015.93,62.25
463.6,13.48,41.26,1021.92,78.24
446.05,26.6,63.07,1011.97,61.3
434.98,31.82,71.29,1008.44,41.7
455.29,18.35,62.1,1019.97,78.36
431.92,31.44,72.86,1003.74,61.45
449.6,19.94,50.78,1008.78,92.07
448.71,18.13,60.1,1009.67,84.75
467.03,12.28,42.34,1019.19,95.8
451.95,18.6,60.1,1009.91,87.13
450.95,21.01,60.1,1010.93,78.6
439.25,27.64,75.6,1017.35,54.78
467.33,13.47,41.14,1026.09,82.96
482.17,7.96,38.91,1016.35,89.17
456.79,16.81,45.87,1008.7,98.0
449.11,22.69,58.46,1017.74,75.21
440.22,25.74,68.94,1007.7,67.56
483.8,5.75,42.07,1004.24,78.23
436.12,29.54,74.99,1005.0,69.69
441.3,27.36,63.31,1013.7,51.58
469.61,11.75,35.76,1018.99,57.92
466.42,12.02,40.66,1017.27,96.72
439.72,31.02,69.51,1011.16,47.64
449.6,20.11,50.78,1008.73,93.24
472.71,12.24,41.62,1013.38,90.26
435.61,29.11,74.78,1009.6,56.93
467.09,12.58,43.67,1012.86,94.01
438.86,25.21,59.21,1013.19,62.85
435.79,25.64,68.08,1011.06,71.06
469.52,15.5,39.16,1016.24,78.13
441.86,28.61,70.36,1006.95,73.06
481.24,6.57,42.07,1004.48,74.82
434.64,29.5,71.14,1011.27,52.81
432.95,27.4,66.48,1004.71,51.5
444.65,22.06,43.43,1010.46,58.01
435.66,23.35,71.77,1005.99,90.79
488.27,6.76,40.62,1015.67,87.16
446.22,20.62,48.41,1007.37,87.51
436.99,27.2,65.18,1011.47,47.14
435.66,24.17,71.25,1003.9,90.36
467.22,12.88,44.0,1022.71,88.58
435.61,29.23,74.22,1008.49,57.88
469.48,11.62,43.48,1016.66,76.32
432.97,28.41,66.91,1008.22,57.93
437.25,29.25,67.32,1013.88,38.57
483.8,5.43,39.9,1007.5,86.27
477.65,10.28,39.64,1010.45,74.15
480.66,7.95,37.49,1009.32,80.8
456.93,17.33,53.16,1013.77,82.77
479.32,11.02,41.26,1020.69,92.13
469.5,14.41,43.13,1016.32,59.55
455.34,19.69,56.65,1020.72,70.86
482.46,6.65,38.5,1014.01,87.6
479.43,8.88,36.66,1026.61,76.16
458.18,16.46,48.6,1006.08,89.0
445.67,20.2,60.1,1010.66,84.24
444.69,22.87,74.22,1009.36,93.05
436.32,28.83,71.32,1006.28,75.65
465.64,16.7,36.99,1006.19,89.33
453.94,22.36,64.15,1021.05,68.43
450.86,23.96,46.93,1013.98,47.22
435.96,23.19,60.75,1008.33,82.0
448.58,25.65,68.08,1011.27,75.26
471.69,13.22,40.83,1007.82,92.72
459.47,18.75,44.9,1007.99,75.76
439.59,28.02,63.9,1013.96,46.2
437.87,23.09,63.91,1012.23,83.25
441.07,26.21,65.12,1016.06,44.31
430.35,33.8,64.96,1004.88,49.37
442.12,26.45,47.43,1008.87,53.25
432.98,30.82,78.87,1012.06,70.69
460.53,14.22,44.99,1012.0,75.28
435.95,29.45,75.6,1018.12,50.68
485.96,6.99,35.19,1019.32,68.95
444.76,22.43,55.97,1008.97,85.98
452.42,16.57,63.31,1016.19,81.02
446.44,23.75,66.54,1004.41,85.44
428.39,29.05,71.85,1008.6,78.69
473.44,13.28,43.8,1023.17,63.98
472.16,7.76,37.7,1014.82,76.47
469.57,14.93,39.39,1014.31,80.68
450.22,18.5,47.45,1009.23,83.21
442.76,24.35,58.79,1010.13,72.1
445.31,26.66,70.02,1010.88,58.37
464.14,12.05,48.04,1009.14,100.13
471.16,14.79,39.54,1007.25,82.54
474.17,10.33,43.99,1020.7,96.68
440.21,28.23,64.05,1011.98,75.23
443.77,24.91,69.89,1015.25,82.39
437.57,23.82,73.67,1007.26,88.16
475.14,10.44,37.83,1006.31,97.2
440.31,28.74,70.32,1008.15,45.99
432.73,30.7,67.69,1005.92,51.58
449.26,17.12,58.95,1016.74,90.41
448.97,6.71,40.96,1022.71,91.89
434.64,29.08,70.83,1007.98,51.95
477.22,12.48,39.85,1012.93,60.23
469.5,15.92,44.85,1015.84,59.99
460.73,16.37,54.3,1017.94,63.63
472.43,12.05,40.55,1016.63,100.14
453.26,21.55,44.57,1006.03,71.54
472.22,13.52,40.83,1009.94,87.53
442.07,24.21,70.98,1007.02,95.57
438.89,24.87,58.33,1013.76,54.55
431.5,28.55,72.43,1007.2,65.82
435.11,26.93,62.44,1011.02,70.05
459.72,18.59,41.1,1001.93,58.16
435.51,23.59,59.43,1009.96,65.8
442.9,23.83,50.32,1008.41,72.23
464.72,17.86,50.88,1015.59,88.28
464.78,17.01,50.59,1015.8,80.95
442.67,20.04,58.2,1017.56,74.31
430.32,27.32,76.09,1007.77,74.64
439.09,31.13,64.05,1011.51,61.27
454.29,19.69,56.65,1020.86,70.02
471.23,12.0,39.96,1011.73,77.77
487.19,7.97,38.5,1013.84,72.36
448.97,8.14,41.26,1020.61,91.28
436.7,28.07,68.08,1013.13,44.67
463.3,13.44,40.69,1014.54,77.97
466.47,14.8,43.99,1022.89,85.25
465.61,16.98,43.99,1021.65,81.17
470.98,15.29,44.88,1018.85,73.67
453.94,19.35,64.15,1021.37,68.53
440.75,21.65,58.18,1008.33,95.28
441.31,22.18,59.39,1014.82,85.31
431.97,28.15,74.9,1003.67,76.32
477.12,7.74,39.96,1025.78,95.81
441.01,26.48,51.43,1006.76,74.3
438.42,27.6,67.25,1017.78,54.25
475.96,10.57,41.26,1008.32,97.96
433.86,23.28,68.28,1000.79,81.35
466.56,14.6,44.47,1028.46,69.96
432.06,30.6,72.29,1010.54,41.52
440.92,25.4,65.34,1013.11,53.93
467.57,16.52,44.88,1017.61,90.08
469.49,10.42,44.85,1014.18,88.36
459.98,15.55,45.09,1014.33,62.19
469.48,14.12,41.39,1018.73,76.51
470.71,16.57,43.7,1015.67,71.95
427.62,34.09,68.51,1009.0,32.96
460.33,22.25,43.79,1015.78,52.68
464.54,21.51,48.92,1010.36,38.27
482.96,5.37,40.07,1012.75,63.58
429.21,26.94,71.14,1011.63,62.74
437.91,22.57,68.3,1017.43,87.69
447.09,24.33,46.93,1013.61,53.02
445.41,21.3,59.39,1013.83,84.53
431.93,30.9,69.4,1003.53,66.69
459.95,16.29,53.82,1014.97,73.15
465.94,12.46,40.73,1017.53,93.47
435.95,28.44,74.93,1013.88,52.0
465.61,17.85,45.64,1020.11,82.94
448.51,25.56,50.05,1005.67,69.29
432.25,23.85,72.43,1008.01,88.34
451.45,19.83,46.33,1013.27,96.4
440.74,24.12,62.44,1013.83,88.02
450.01,22.54,61.27,1019.12,54.02
479.33,8.94,41.38,1021.5,79.45
465.96,16.0,43.34,1013.58,78.87
432.05,32.83,74.16,1007.57,60.2
440.22,24.6,67.69,1008.67,67.69
450.67,17.9,52.08,1006.41,100.09
445.82,23.81,60.08,1017.29,62.66
437.65,30.55,68.24,1009.43,63.84
465.88,14.39,44.85,1014.19,75.16
489.1,8.36,40.67,1014.99,73.65
442.78,29.03,67.79,1010.67,55.42
458.42,17.68,44.92,1024.55,69.7
474.97,13.51,40.1,1014.29,86.34
454.16,19.11,60.29,1017.1,76.62
465.64,17.46,40.22,1006.7,91.96
444.9,23.7,64.45,1012.87,38.24
466.56,13.68,44.47,1027.81,69.53
440.92,26.39,49.02,1007.62,70.82
477.27,8.05,40.62,1018.16,73.67
465.64,18.4,40.79,1006.18,92.36
459.15,14.75,40.66,1016.7,81.65
436.12,31.66,73.91,1004.49,68.13
482.0,5.28,45.87,1008.25,97.88
443.49,24.42,65.94,1011.25,65.04
476.81,8.68,39.61,1021.54,77.98
439.08,25.68,68.27,1008.05,68.48
465.28,18.19,41.85,1014.93,61.37
489.0,4.44,38.44,1016.14,75.35
468.8,14.42,44.88,1019.35,59.17
481.24,10.57,41.55,1003.62,67.89
443.27,27.83,72.29,1012.04,48.86
442.58,28.94,62.26,1010.64,50.41
474.73,11.02,44.58,1016.4,83.57
435.95,29.05,75.6,1017.63,51.16
436.38,31.37,76.86,997.34,62.94
487.48,7.54,40.72,1023.82,85.15
441.86,27.57,70.36,1007.18,71.1
450.67,18.81,52.08,1004.43,99.6
467.96,14.54,41.16,1000.0,81.34
489.25,9.55,40.67,1018.56,70.72
452.66,18.55,46.48,1007.34,80.67
465.16,14.59,41.23,999.48,86.66
438.02,28.7,49.16,1004.42,36.51
464.15,14.63,40.0,1018.03,63.4
436.95,29.4,57.19,1008.34,53.95
451.95,20.76,57.25,1011.01,90.31
469.37,15.03,35.71,1015.26,56.55
475.76,13.42,40.92,1022.84,75.89
428.54,35.01,74.67,1016.1,26.3
462.88,17.34,47.03,1013.36,98.13
435.99,26.2,72.24,1011.3,78.29
467.68,17.48,44.71,1014.99,36.71
482.78,7.75,38.06,1020.83,83.39
443.76,18.99,59.27,1012.15,89.39
441.2,26.8,49.3,1003.86,62.75
432.67,31.7,69.13,1000.29,46.27
450.13,22.83,41.1,1002.0,38.62
451.87,22.42,62.52,1016.83,63.27
474.79,13.78,39.85,1012.7,71.99
441.54,24.81,60.95,1014.72,54.71
444.58,25.37,58.33,1013.49,51.42
449.76,21.24,44.57,1008.72,72.57
471.16,11.61,39.69,1006.85,83.69
452.73,15.79,49.21,1015.08,75.8
489.96,6.84,41.06,1021.04,89.59
434.16,25.53,71.85,1009.19,74.7
489.07,3.51,35.47,1017.53,86.56
482.56,7.0,35.77,1018.21,64.84
466.2,12.71,43.8,1023.15,71.16
431.12,25.33,71.73,1009.78,77.78
435.99,30.91,79.74,1006.92,56.32
471.36,17.79,43.52,1020.65,68.29
435.71,32.15,72.29,1010.13,50.19
457.03,16.96,63.31,1016.42,77.09
432.95,26.48,68.14,1004.83,55.96
458.59,19.88,47.03,1012.27,91.99
455.14,16.18,50.88,1014.06,100.09
478.5,10.59,38.38,1021.58,68.23
461.73,17.51,39.54,1010.22,71.53
440.16,23.63,63.57,1011.05,87.96
431.93,24.6,71.73,1010.08,78.77
426.48,28.01,73.18,1012.25,75.02
427.65,23.67,71.77,1004.76,86.13
465.61,15.21,43.5,1021.6,82.06
478.3,9.38,41.44,1015.09,86.8
459.14,14.93,41.79,1008.88,81.48
436.71,28.18,73.03,1014.18,67.72
447.13,24.86,60.77,1016.85,71.24
455.52,12.14,40.83,1010.56,78.31
432.22,31.24,72.39,999.47,68.17
435.79,25.2,65.59,1013.0,71.34
435.11,27.02,61.86,1012.38,70.28
437.76,27.09,59.15,1013.02,55.18
473.05,13.7,42.86,1030.68,79.77
484.34,6.61,38.91,1015.77,92.31
474.09,10.1,41.79,1019.36,78.07
439.59,23.02,69.94,1007.94,64.66
448.32,23.69,58.05,1012.08,74.26
443.86,22.5,64.69,1007.03,74.92
467.96,19.66,42.18,1001.51,95.75
449.7,24.71,60.77,1016.67,69.7
465.16,15.62,41.23,992.89,83.99
462.16,15.28,44.58,1016.45,83.07
445.41,20.67,57.5,1014.42,81.89
454.78,20.79,50.66,1013.39,77.93
442.9,24.54,48.41,1008.61,73.53
446.04,25.21,64.63,1020.56,51.31
428.12,34.18,67.9,1005.87,30.34
429.41,29.85,68.24,1007.01,30.99
456.72,18.37,44.89,1010.61,86.74
462.65,19.87,49.69,1012.23,68.57
435.76,25.28,66.25,1009.77,84.55
472.27,13.47,43.34,1012.75,87.04
463.99,13.7,43.22,1012.01,71.57
442.67,20.91,59.14,1017.25,74.7
454.85,19.09,65.94,1012.53,81.06
478.73,9.33,44.03,1011.73,86.04
478.71,10.11,44.85,1014.2,84.81
433.74,28.64,69.23,1013.11,37.13
430.75,29.86,69.34,1007.76,54.12
437.37,24.42,62.66,1007.65,71.57
466.73,13.49,43.41,1015.75,57.86
438.02,30.1,47.93,1002.64,42.06
485.66,9.43,43.69,1017.28,91.8
441.83,24.78,50.78,1008.81,62.97
451.13,20.6,60.08,1017.84,75.92
445.98,14.77,39.16,1016.12,81.88
447.63,17.26,49.78,1007.38,100.06
443.88,24.48,64.45,1014.69,51.43
447.02,25.57,44.05,1005.79,65.14
474.94,11.82,41.17,1019.5,55.74
433.89,25.46,70.32,1010.65,64.7
444.76,23.75,59.07,1007.73,88.82
435.51,24.2,59.43,1009.69,62.3
434.91,27.62,72.43,1007.54,71.33
464.81,14.4,42.18,1015.47,77.7
472.27,14.1,43.34,1012.91,86.45
480.39,6.07,41.14,1027.57,86.98
443.85,17.31,58.49,1011.8,92.77
481.29,9.19,42.44,1014.38,94.24
468.57,17.5,42.44,1012.55,76.85
449.93,20.57,63.78,1016.76,74.0
467.44,12.28,41.49,1019.73,94.79
445.22,22.99,61.02,1009.88,81.56
439.83,28.38,64.05,1010.19,71.84
465.16,17.57,44.06,1015.43,72.75
482.17,8.36,38.91,1016.27,88.82
489.22,4.86,39.4,1012.73,91.39
470.22,16.7,40.56,1019.04,50.9
484.09,6.22,39.33,1012.31,93.23
441.07,27.47,63.78,1016.07,48.47
441.52,21.99,71.85,1009.5,74.77
437.37,24.67,61.5,1009.06,72.77
469.1,8.62,42.49,1009.06,86.93
443.59,18.14,67.71,1003.82,95.69
442.67,20.33,57.76,1016.47,75.35
438.5,26.1,58.9,1004.18,71.63
490.68,4.0,39.9,1008.46,97.21
440.75,22.26,60.37,1008.14,92.37
453.94,23.57,64.15,1020.95,68.19
465.89,17.7,43.69,1016.98,61.98
480.82,9.47,41.4,1026.21,89.08
459.91,16.69,50.9,1013.21,84.98
479.59,9.82,41.04,1026.72,77.28
478.88,10.78,41.93,1015.56,95.71
465.57,25.63,48.92,1009.99,34.64
438.63,9.29,35.77,1015.34,63.29
476.72,9.86,37.83,1005.05,100.15
475.86,11.37,40.56,1017.56,64.8
436.0,25.79,70.4,1007.11,86.03
436.03,24.93,70.32,1007.34,61.25
439.25,28.41,75.6,1018.48,56.07
479.32,9.25,41.26,1020.51,91.21
434.16,26.49,71.73,1010.07,74.48
459.14,15.98,39.64,1009.31,81.21
448.1,20.77,56.85,1012.4,83.63
479.23,13.69,41.74,1021.19,60.86
447.41,26.03,64.44,1012.75,62.24
473.94,9.43,41.4,1028.03,84.98
441.28,26.37,69.84,1002.71,83.51
488.53,7.64,41.17,1020.01,75.14
447.09,28.76,51.43,1011.88,49.79
436.3,27.84,68.08,1013.34,46.19
477.65,9.42,39.64,1010.86,74.03
451.11,25.08,51.43,1011.8,71.98
440.75,21.73,61.45,1010.27,91.59
480.53,5.18,41.31,1000.59,92.14
442.45,21.17,58.46,1017.71,83.98
435.02,22.52,66.48,1003.87,78.29
477.5,12.76,41.48,1014.06,70.34
438.66,27.71,62.39,1006.43,68.21
451.0,24.66,48.78,1018.39,71.79
479.43,7.2,40.02,1031.71,69.89
489.22,6.14,39.4,1011.21,90.87
443.44,23.0,60.27,1018.72,84.25
467.09,13.26,42.99,1007.58,94.26
443.03,22.34,52.84,1004.05,73.96
472.08,12.31,37.73,1023.3,63.01
445.57,23.63,58.98,1010.99,81.16
436.39,23.39,68.51,1013.09,78.6
431.5,28.8,71.77,1006.41,66.03
438.21,23.28,72.24,1011.3,90.5
426.85,28.6,71.22,1003.15,58.33
459.15,15.89,41.7,1018.93,82.68
459.15,15.46,42.07,1017.9,81.12
434.97,22.86,62.4,1010.59,78.24
442.02,20.9,67.07,1005.43,82.85
457.54,17.75,49.25,1020.86,63.67
443.26,25.93,60.29,1017.62,50.03
443.45,23.99,50.32,1008.41,67.4
461.96,18.76,56.53,1020.04,86.62
487.19,7.44,38.5,1012.81,70.27
441.54,25.18,65.06,1013.64,55.77
471.58,9.12,41.49,1020.58,96.23
449.74,20.01,59.87,1019.0,84.12
433.53,30.66,73.77,1003.13,78.09
430.11,32.2,72.29,1008.61,69.94
466.56,14.77,44.47,1028.38,71.18
469.57,13.48,39.35,1014.56,81.25
443.51,20.64,61.86,1012.81,99.97
467.12,17.42,44.06,1016.63,82.15
447.16,18.76,58.79,1016.66,88.22
432.79,31.16,69.88,1007.01,68.28
455.52,18.05,56.03,1020.69,77.87
483.92,7.29,41.04,1024.06,89.19
431.25,30.36,68.08,1010.76,51.32
474.58,8.81,43.14,1012.46,73.99
453.83,21.17,59.8,1016.06,77.73
459.98,18.0,43.7,1015.4,61.28
461.91,13.2,44.9,1022.43,87.68
432.59,28.16,70.72,1009.81,65.32
468.87,14.84,43.69,1016.31,68.67
436.88,30.2,70.02,1009.85,63.39
482.22,6.53,42.85,1012.65,91.6
435.95,29.51,75.6,1017.92,50.61
475.86,12.58,39.72,1018.08,64.25
466.99,12.12,38.28,1013.7,91.27
488.98,3.74,35.19,1018.58,98.84
432.11,30.98,71.29,1008.78,47.7
467.29,14.09,44.47,1029.08,72.36
449.98,24.84,56.89,1012.15,67.24
463.06,14.79,44.06,1018.53,74.79
490.78,9.7,40.71,1025.63,80.34
441.65,28.55,65.27,1013.34,48.95
460.26,20.98,42.23,1012.9,70.7
468.78,15.86,39.82,1013.12,77.37
455.63,15.29,41.35,1006.32,82.56
467.42,13.31,42.18,1016.0,83.94
465.64,16.78,39.63,1005.84,87.91
459.98,19.66,45.01,1014.42,60.14
447.3,23.73,59.15,1014.08,62.65
437.65,33.63,77.54,1009.82,58.04
434.48,25.56,69.13,1002.46,68.26
434.76,27.95,77.54,1010.12,78.97
440.15,26.92,67.25,1017.74,61.68
481.38,10.2,41.46,1019.12,83.26
452.42,16.09,65.46,1013.84,85.52
437.65,33.82,77.17,1008.96,58.91
463.06,13.85,44.9,1019.11,76.79
467.32,15.24,39.39,1013.01,74.24
467.8,10.03,43.72,1011.46,96.89
443.85,17.2,58.49,1012.06,92.01
467.44,12.72,40.64,1021.11,93.24
431.82,25.97,70.32,1007.48,57.01
470.66,10.1,40.22,1007.1,90.36
474.24,10.48,37.5,1009.81,95.26
435.51,25.84,69.14,1009.22,88.47
454.04,18.51,48.06,1015.14,79.83
452.34,22.82,60.08,1017.95,65.71
471.11,8.76,40.96,1025.21,90.72
489.22,6.49,39.33,1010.85,91.85
452.6,21.01,50.9,1012.24,70.82
445.98,13.31,40.1,1014.81,82.11
427.65,26.13,71.64,1004.16,87.18
489.1,5.34,39.22,1012.73,81.42
480.54,8.72,40.72,1023.48,77.87
432.83,25.32,71.94,1009.94,62.93
447.15,25.68,58.41,1013.71,70.61
443.13,24.04,60.77,1017.62,75.23
442.33,20.21,60.84,1018.5,82.73
441.43,25.97,57.32,1012.13,47.48
450.86,25.68,46.21,1011.01,57.53
448.93,19.51,66.51,1015.28,80.75
436.61,27.57,71.32,1002.59,76.68
481.38,10.15,41.46,1019.78,83.56
464.12,13.75,41.49,1019.9,88.23
471.8,11.02,41.44,1015.28,83.53
467.59,19.44,39.53,1006.99,63.18
465.25,14.83,53.82,1016.57,63.47
443.66,25.59,61.5,1009.12,68.0
434.45,27.29,71.32,1006.39,81.59
429.73,31.04,66.54,1003.83,53.05
432.83,28.15,72.24,1010.88,62.39
436.03,25.3,71.29,1007.86,62.98
469.97,10.76,40.78,1023.81,87.96
482.46,6.81,37.49,1010.74,88.25
433.34,25.41,77.54,1009.68,89.09
476.72,9.82,37.83,1005.29,100.07
467.09,15.3,43.67,1011.75,95.31
474.46,12.64,40.69,1015.86,82.06
463.9,12.51,41.92,1031.21,64.66
449.26,17.78,58.95,1016.32,89.61
434.2,28.4,75.23,1011.12,55.01
483.59,7.49,39.81,1018.2,85.96
490.78,11.67,42.74,1025.92,79.57
440.31,28.68,70.32,1008.51,45.73
479.17,10.24,39.28,1010.13,81.61
457.91,22.95,45.61,1013.65,73.92
480.68,7.95,41.26,1008.48,97.92
483.8,5.72,40.81,1025.78,92.46
437.93,24.24,68.3,1018.03,81.51
427.04,30.01,73.18,1012.23,60.9
469.1,9.36,44.03,1010.3,87.2
449.48,22.44,63.86,1020.0,64.83
447.64,21.39,64.27,1011.71,95.39
440.0,26.78,66.54,1010.14,49.01
458.67,16.76,45.09,1014.28,57.71
467.8,10.12,43.72,1011.33,97.62
450.25,19.84,65.48,1019.54,76.6
436.69,28.32,66.54,1010.28,45.6
448.97,8.25,41.26,1020.59,91.84
433.06,24.2,68.67,1006.72,78.08
428.39,28.32,71.32,1008.02,78.82
441.94,22.29,61.27,1019.05,58.23
434.05,29.05,69.71,1009.03,64.25
452.66,17.34,46.48,1007.18,83.15
467.85,17.25,39.39,1014.27,67.8
463.37,13.82,42.32,1016.32,81.19
434.09,27.05,77.95,1009.57,76.56
460.01,15.99,43.5,1021.34,73.22
447.15,26.01,58.41,1013.56,70.84
440.38,31.31,67.48,1009.71,57.06
444.9,25.57,65.46,1014.81,38.58
463.61,16.74,38.01,1022.63,69.19
455.34,20.35,56.53,1020.23,70.05
485.96,6.71,39.37,1020.28,71.15
468.22,12.84,39.54,1011.47,89.86
440.49,29.57,67.83,1009.19,55.74
447.32,20.46,51.43,1010.06,83.79
431.12,29.29,71.14,1011.49,49.97
472.16,10.13,38.16,1013.57,79.04
438.5,26.93,59.54,1004.02,75.5
469.5,14.39,43.56,1012.97,59.17
489.1,5.18,40.27,1010.84,81.64
451.95,20.1,57.17,1011.96,87.68
482.52,8.53,43.14,1012.25,78.88
444.66,24.1,52.84,1006.47,47.58
479.68,9.29,34.03,1018.84,74.81
449.11,22.07,58.95,1017.98,75.83
450.08,23.57,61.47,1009.27,84.17
453.83,20.45,59.8,1015.13,79.21
463.16,9.97,41.62,1013.99,96.02
436.12,26.62,76.2,1006.06,69.13
434.08,27.11,69.59,1008.56,79.2
460.01,19.51,48.78,1021.03,86.33
456.88,18.01,54.9,1017.04,77.82
471.47,14.41,40.71,1016.78,69.77
434.16,24.66,72.24,1011.35,77.45
478.74,10.59,41.54,1019.94,73.88
476.72,12.28,40.55,1005.72,98.56
475.49,11.19,40.64,1020.57,84.49
462.16,14.62,42.86,1015.56,84.5
472.16,10.05,37.14,1012.64,75.97
437.55,24.91,71.29,1008.29,69.06
434.64,30.96,69.82,1009.6,51.55
432.27,30.31,74.16,1010.69,58.81
468.57,17.47,43.77,1012.25,76.78
434.95,30.36,71.8,1010.9,63.27
444.65,25.06,44.57,1007.39,56.07
460.24,20.57,42.8,1013.1,75.48
456.72,17.79,46.21,1010.38,85.25
460.86,18.51,50.9,1012.95,82.71
475.86,13.21,40.56,1018.12,64.49
433.34,30.24,68.3,1016.21,48.25
450.75,24.4,67.45,1015.63,57.1
473.05,8.72,40.02,1031.32,78.09
475.18,11.16,40.96,1023.49,83.7
454.04,20.28,48.78,1017.4,82.51
493.3,8.57,41.17,1020.18,72.47
445.58,31.2,73.17,1010.28,53.23
445.26,21.83,63.07,1011.57,87.02
466.56,14.43,44.47,1028.57,70.7
432.79,31.35,70.8,1010.11,66.37
474.4,12.27,41.17,1019.41,58.1
463.86,10.09,41.62,1015.21,96.56
489.0,5.24,38.68,1018.03,78.65
489.22,7.14,39.4,1011.68,91.84
475.55,6.63,39.42,1024.81,72.58
440.0,27.37,65.06,1013.09,50.92
434.95,30.39,71.8,1010.87,64.11
450.62,15.75,47.45,1009.86,86.68
438.78,28.82,71.43,1011.51,58.58
443.06,24.0,75.23,1010.69,72.46
428.85,28.17,72.43,1007.37,68.92
430.98,27.2,78.05,1010.15,90.2
434.65,30.08,68.14,1003.99,77.38
481.18,9.65,41.03,1021.09,64.97
432.56,28.15,70.72,1009.76,73.38
435.2,27.21,68.12,1012.96,54.69
463.9,14.65,41.92,1030.61,63.07
441.65,32.18,65.74,1010.89,46.52
480.96,7.57,41.14,1028.23,87.97
447.36,27.2,49.16,1005.33,46.73
445.39,25.89,59.22,1013.4,80.17
442.53,25.01,66.56,1009.68,64.94
440.45,26.68,68.08,1011.41,67.33
455.5,17.72,50.9,1012.02,85.55
432.73,28.62,70.94,1007.38,53.0
452.85,27.06,61.41,1011.99,45.23
432.49,24.27,74.99,1007.73,82.49
438.68,32.15,69.98,1013.3,55.13
454.71,17.08,38.58,1015.41,73.42
456.71,22.08,45.61,1014.02,75.71
464.93,13.27,52.75,1025.86,65.12
428.44,30.24,68.24,1009.68,64.67
469.57,13.13,40.75,1016.05,80.87
439.98,26.2,63.56,1013.39,67.07
465.8,9.74,41.01,1019.12,98.39
445.57,23.83,58.79,1009.77,78.13
438.59,24.49,60.27,1018.96,72.62
437.87,26.66,64.27,1012.83,58.88
463.03,14.42,44.66,1016.1,93.89
481.12,10.76,44.58,1016.41,79.24
446.94,21.79,58.2,1017.21,66.74
475.02,9.51,38.38,1022.77,73.82
478.47,11.06,41.16,1018.52,89.14
436.37,27.69,69.71,1009.9,69.91
456.87,20.48,39.72,1001.61,57.32
450.25,22.03,64.79,1017.95,76.2
482.0,5.81,45.87,1009.63,94.38
464.12,12.23,41.58,1018.76,87.66
477.45,6.29,40.78,1024.75,96.37
448.32,24.64,58.79,1009.82,73.96
442.53,24.05,67.83,1009.35,63.8
473.88,11.06,36.71,1021.67,80.44
438.42,32.49,71.32,1005.03,57.12
447.92,19.69,57.32,1012.41,75.51
453.26,23.82,44.89,1009.39,74.69
464.12,11.0,40.23,1019.08,86.5
468.88,10.15,41.14,1025.5,91.54
437.57,23.41,74.99,1007.22,84.55
437.73,19.31,67.71,1005.31,77.15
431.25,30.34,68.08,1010.85,49.4
449.48,25.2,57.5,1015.19,59.62
436.7,28.26,69.23,1013.01,42.1
438.62,23.39,73.5,1011.37,88.48
483.13,5.98,39.61,1017.27,84.86
427.04,29.62,73.18,1012.21,61.6
435.38,22.59,70.32,1007.07,74.39
451.74,21.53,58.05,1012.9,87.57
467.62,15.86,38.62,1016.65,67.51
475.76,12.36,40.56,1022.11,72.99
449.11,21.09,59.8,1016.94,76.95
450.96,25.07,60.27,1018.13,70.33
433.89,31.12,67.69,1005.3,50.46
429.01,30.27,64.69,1006.3,53.69
455.29,19.48,63.09,1019.28,78.04
469.15,12.95,43.71,1025.63,90.7
439.45,23.62,67.45,1014.63,59.8
442.02,18.93,67.71,1005.04,82.4
474.1,14.57,42.18,1015.13,74.89
452.33,22.75,57.76,1017.83,66.54
444.68,25.5,67.83,1009.29,61.29
441.7,29.67,66.51,1015.6,34.1
441.28,25.88,69.13,1002.44,85.67
471.23,14.57,39.28,1015.1,76.94
464.71,13.44,42.34,1018.0,96.65
461.96,18.67,44.06,1017.13,77.18
428.39,29.53,71.97,1008.6,79.25
458.59,18.31,52.9,1015.99,66.14
471.99,13.09,41.62,1011.82,83.14
449.73,26.56,52.3,1007.4,62.04
472.16,10.46,37.5,1013.12,76.74
456.44,20.73,41.1,1001.86,47.51
433.35,28.82,77.24,1008.35,78.93
434.01,28.52,70.72,1009.64,66.76
462.52,16.13,53.82,1015.63,63.08
453.94,22.82,64.63,1020.78,66.73
438.36,22.84,67.32,1013.77,64.67
440.49,30.56,69.04,1009.29,55.73
438.43,29.9,74.99,1002.28,59.76
481.73,8.47,41.03,1021.72,70.16
433.47,27.89,70.94,1007.54,49.18
472.22,12.12,41.17,1017.68,78.72
449.08,20.42,45.01,1012.23,66.5
433.76,33.2,73.88,1005.67,48.48
438.86,23.62,56.85,1011.11,64.44
448.59,14.79,46.48,1007.46,92.4
443.45,19.94,44.63,1004.73,78.48
456.93,17.16,53.16,1013.2,82.85
480.15,8.67,40.77,1011.81,89.4
442.76,21.41,56.9,1007.03,79.41
483.8,7.93,42.28,1008.43,85.57
428.44,29.7,67.17,1007.31,66.56
474.7,15.84,41.04,1025.64,63.43
434.47,25.63,69.89,1015.17,77.42
482.0,5.71,45.87,1012.04,93.42
445.23,25.31,67.9,1006.34,68.04
436.12,29.65,72.86,1004.26,69.63
446.87,20.0,69.48,1011.05,85.51
462.67,13.78,41.16,1021.65,75.77
463.37,14.14,43.34,1017.1,81.77
442.07,23.65,71.98,1006.09,93.39
466.63,15.33,43.13,1015.41,53.17
444.01,26.98,43.77,1010.95,40.8
439.11,29.29,70.36,1006.64,60.82
432.26,30.85,68.94,1007.31,68.99
467.41,11.35,38.91,1017.93,83.45
441.57,30.26,59.22,1013.18,61.08
428.85,28.16,71.94,1007.69,68.17
433.29,34.03,73.56,1006.49,51.07
443.85,20.15,58.59,1014.13,91.96
460.14,17.01,50.9,1013.23,82.03
471.8,9.88,40.71,1015.34,84.32
472.95,12.71,41.39,1019.3,74.2
435.61,30.89,74.87,1008.99,56.58
469.6,10.84,40.27,1005.24,87.27
449.81,27.34,59.87,1012.06,59.04
464.65,14.81,44.88,1019.1,66.7
451.4,18.2,45.01,1013.82,68.14
438.59,22.7,60.84,1019.15,71.48
447.29,22.43,63.94,1012.76,93.24
438.71,30.0,61.5,1009.4,48.63
438.86,25.72,59.21,1012.37,66.62
448.1,20.88,56.85,1010.91,84.28
444.51,28.31,66.17,1009.75,72.66
464.12,12.42,41.58,1019.49,86.31
446.94,21.35,58.16,1017.21,67.66
431.47,26.66,73.56,1006.9,99.27
456.79,16.61,45.87,1009.34,97.93
452.85,17.14,58.16,1018.59,77.22
460.26,20.98,42.23,1013.12,67.37
467.05,13.41,54.3,1016.48,79.28
469.52,11.99,49.83,1008.33,95.2
452.66,17.27,44.9,1007.85,78.8
442.33,22.58,59.14,1017.2,80.91
448.71,18.89,58.66,1010.96,84.07
442.07,22.41,70.98,1005.67,95.03
436.88,24.06,69.94,1005.47,60.46
435.01,30.37,76.09,1006.95,65.93
473.44,13.42,41.74,1020.96,61.8
480.53,10.63,42.28,1008.37,92.68
470.96,10.94,25.36,1009.47,100.1
434.29,31.0,77.95,1010.14,65.97
448.97,8.47,41.26,1020.57,91.28
451.44,18.33,52.08,1001.78,100.09
432.56,28.43,69.59,1008.79,73.33
444.16,24.97,58.95,1017.19,56.24
470.92,10.5,39.28,1016.55,91.75
437.61,27.35,77.95,1017.43,73.36
446.57,25.06,64.63,1020.66,54.93
428.44,29.39,68.24,1009.06,66.76
449.4,24.18,58.49,1011.3,77.82
463.39,15.75,39.99,1007.02,77.44
471.07,10.32,42.02,998.27,99.12
461.73,17.36,39.53,1008.28,68.87
474.4,12.27,41.17,1019.41,58.1
464.32,15.11,40.71,1017.96,69.31
442.89,22.2,63.94,1017.38,56.17
444.76,22.88,59.21,1011.51,86.93
432.0,28.96,75.23,1010.88,49.45
477.62,5.35,35.57,1027.12,80.81
450.57,20.2,64.45,1009.03,61.77
472.2,11.01,37.5,1015.08,73.36
461.91,15.5,44.92,1024.16,86.44
444.65,20.19,62.26,1011.37,89.69
449.03,24.95,64.33,1011.34,81.05
455.5,19.7,51.3,1014.88,88.1
440.0,28.57,65.27,1013.27,51.11
471.82,8.07,41.01,1023.26,97.5
452.47,19.68,68.28,1002.62,71.57
485.31,8.64,38.56,1016.51,66.03
460.7,10.53,37.5,1008.55,99.91
435.49,23.53,50.05,1005.63,78.4
441.34,24.9,67.25,1017.77,66.17
480.53,5.01,39.4,1003.69,91.9
439.91,22.66,69.84,1006.16,82.79
436.95,29.76,57.19,1008.59,51.1
448.55,26.3,61.41,1012.45,56.85
432.0,30.17,74.22,1007.46,49.27
482.17,8.02,40.23,1017.42,90.26
449.74,19.12,50.16,1011.52,99.71
474.1,14.87,42.18,1015.23,74.41
481.29,9.71,42.44,1014.29,94.03
433.4,24.33,77.54,1008.5,82.45
484.33,7.17,39.4,1011.48,90.38
449.48,24.61,62.96,1020.1,63.83
442.69,23.48,66.44,1011.28,61.11
439.59,23.7,70.32,1007.21,66.85
433.97,25.44,69.59,1008.22,80.73
449.74,17.46,62.1,1019.96,83.99
446.12,22.97,62.4,1010.25,75.18
455.31,26.22,49.82,1015.48,55.8
437.73,23.27,68.28,1005.01,74.83
464.12,11.76,41.58,1020.91,88.35
445.98,14.02,40.1,1015.56,82.44
458.27,16.65,49.69,1014.01,91.0
470.39,13.19,39.18,1023.67,66.78
428.62,31.32,74.33,1012.92,36.48
436.66,24.48,69.45,1013.86,62.39
444.13,21.6,62.52,1017.23,67.87
