PE,AT,V,AP,RH
462.25,14.96,41.76,1024.07,73.17
444.37,25.18,62.96,1020.04,59.08
488.56,5.11,39.4,1012.16,92.14
449.9,20.86,57.32,1010.24,76.64
472.32,10.82,37.5,1009.23,96.62
450.46,26.27,59.44,1012.23,58.77
466.38,15.89,43.96,1014.02,75.24
489.02,9.48,44.71,1019.12,66.43
463.05,14.64,45.0,1021.78,41.25
479.64,11.74,43.56,1015.14,70.72
455.42,17.99,43.72,1008.64,75.04
457.68,20.14,46.93,1014.66,64.22
441.29,24.34,73.5,1011.31,84.15
440.89,25.71,58.59,1012.77,61.83
441.29,26.19,69.34,1009.48,87.59
463.05,21.42,43.79,1015.76,43.08
455.32,18.21,45.0,1022.86,48.84
482.36,11.04,41.74,1022.6,77.51
462.6,14.45,52.75,1023.97,63.59
468.75,13.97,38.47,1015.15,55.28
465.2,17.76,42.42,1009.09,66.26
494.43,5.41,40.07,1019.16,64.77
476.7,7.76,42.28,1008.52,83.31
444.44,27.23,63.9,1014.3,47.19
439.5,27.36,48.6,1003.18,54.93
445.28,27.47,70.72,1009.97,74.62
467.34,14.6,39.31,1011.11,72.52
475.32,7.91,39.96,1023.57,88.44
488.56,5.81,35.79,1012.14,92.28
436.7,30.53,65.18,1012.69,41.85
444.26,23.87,63.94,1019.02,44.28
441.11,26.09,58.41,1013.64,64.58
426.25,29.27,66.85,1011.11,63.25
434.25,27.38,74.16,1010.08,78.61
444.26,24.81,63.94,1018.76,44.51
471.23,12.75,44.03,1007.29,89.46
441.91,24.66,63.73,1011.4,74.52
446.68,16.38,47.45,1010.08,88.86
472.16,13.91,39.35,1014.69,75.51
454.78,23.18,51.3,1012.04,78.64
450.71,22.47,47.45,1007.62,76.65
475.24,13.39,44.85,1017.24,80.44
484.99,9.28,41.54,1018.33,79.89
472.27,11.82,42.86,1014.12,88.28
481.46,10.27,40.64,1020.63,84.6
444.22,22.92,63.94,1019.28,42.69
462.87,16.0,37.87,1020.24,78.41
448.25,21.22,43.43,1010.96,61.07
471.08,13.46,44.71,1014.51,50.0
485.36,9.39,40.11,1029.14,77.29
441.5,31.07,73.5,1010.58,43.66
463.49,12.82,38.62,1018.71,83.8
430.96,32.57,78.92,1011.6,66.47
478.37,8.11,42.18,1014.82,93.09
469.29,13.92,39.39,1012.94,80.52
444.51,23.04,59.43,1010.23,68.99
449.23,27.31,64.44,1014.65,57.27
484.09,5.91,39.33,1010.18,95.53
436.89,25.26,61.08,1013.68,71.72
435.4,27.97,58.84,1002.25,57.88
438.43,26.08,52.3,1007.03,63.34
435.28,29.01,65.71,1013.61,48.07
465.94,12.18,40.1,1016.67,91.87
471.23,13.76,45.87,1008.89,87.27
446.46,25.5,58.79,1016.02,64.4
441.22,28.26,65.34,1014.56,43.4
451.49,21.39,62.96,1019.49,72.24
489.79,7.26,40.69,1020.43,90.22
475.01,10.54,34.03,1018.71,74.0
428.61,27.71,74.34,998.14,71.85
436.17,23.11,68.3,1017.83,86.62
474.52,7.51,41.01,1024.61,97.41
434.78,26.46,74.67,1016.65,84.44
437.06,29.34,74.34,998.58,81.55
476.18,10.32,42.28,1008.82,75.66
446.44,22.74,61.02,1009.56,79.41
468.75,13.48,39.85,1012.71,58.91
433.75,25.52,69.75,1010.36,90.06
436.17,21.58,67.25,1017.39,79.0
431.83,27.66,76.86,1001.31,69.47
447.91,26.96,69.45,1013.89,51.47
475.96,12.29,42.18,1016.53,83.13
463.05,15.86,43.02,1012.18,40.33
466.67,13.87,45.08,1024.42,81.69
434.15,24.09,73.68,1014.93,94.55
442.73,20.45,69.45,1012.53,91.81
464.7,15.07,39.3,1019.0,63.62
429.38,32.72,69.75,1009.6,49.35
456.54,18.23,58.96,1015.55,69.61
435.56,35.56,68.94,1006.56,38.75
446.68,18.36,51.43,1010.57,90.17
440.43,26.35,64.05,1009.81,81.24
452.41,25.92,60.95,1014.62,48.46
488.43,8.01,41.66,1014.49,76.72
455.25,19.63,52.72,1025.09,51.16
456.56,20.02,67.32,1012.05,76.34
481.41,10.08,40.72,1022.7,67.3
435.94,27.23,66.48,1005.23,52.38
441.91,23.37,63.77,1013.42,76.44
455.05,18.74,59.21,1018.3,91.55
461.6,14.81,43.69,1017.19,71.9
454.78,23.1,51.3,1011.93,80.05
481.41,10.72,41.38,1021.6,63.77
433.57,29.46,71.94,1006.96,62.26
475.32,8.1,40.64,1020.66,89.04
437.94,27.29,62.66,1007.63,58.02
448.32,17.1,49.69,1005.53,81.82
473.23,11.49,44.2,1018.79,91.14
442.75,23.69,65.59,1010.85,88.92
476.96,13.51,40.89,1011.03,84.83
474.56,9.64,39.35,1015.1,91.76
434.78,25.65,78.92,1010.83,86.56
451.41,21.59,61.87,1011.18,57.21
447.93,27.98,58.33,1013.92,54.25
459.1,18.8,39.72,1001.24,63.8
463.05,18.28,44.71,1016.99,33.71
472.11,13.55,43.48,1016.08,67.25
439.55,22.99,46.21,1010.71,60.11
448.21,23.94,59.39,1014.32,74.55
468.54,13.74,34.03,1018.69,67.34
449.99,21.3,41.1,1001.86,42.75
449.23,27.54,66.93,1017.06,55.2
440.43,24.81,63.73,1009.34,83.61
478.55,4.97,42.85,1014.02,88.78
451.38,15.22,50.88,1014.19,100.12
450.07,23.88,54.2,1012.81,64.52
433.5,33.01,68.67,1005.2,51.41
441.29,25.98,73.18,1012.28,85.78
430.72,28.18,73.88,1005.89,75.41
442.33,21.67,60.84,1017.93,81.63
466.63,17.67,45.09,1014.26,51.92
454.66,21.37,57.76,1018.8,70.12
440.53,28.69,67.25,1017.71,53.83
460.4,16.61,43.77,1012.25,77.23
430.19,27.91,63.76,1010.27,65.67
453.54,20.97,47.43,1007.64,71.18
480.6,10.8,41.66,1013.79,81.96
444.84,20.61,62.91,1013.24,79.54
452.41,25.45,57.32,1011.7,47.09
429.1,30.16,69.34,1007.67,57.69
479.78,4.99,39.04,1020.45,78.89
472.45,10.51,44.78,1012.59,85.29
429.31,33.79,69.05,1001.62,40.13
452.85,21.34,59.8,1016.92,77.06
447.13,23.4,65.06,1014.32,67.38
432.3,32.21,68.14,1003.34,62.44
466.38,14.26,42.32,1016.0,77.43
449.23,27.71,66.93,1016.85,58.77
454.66,21.95,57.76,1018.02,67.72
444.26,25.76,63.94,1018.49,42.14
436.17,23.68,68.3,1017.93,84.16
484.33,8.28,40.77,1011.55,89.79
450.86,23.44,62.52,1016.46,67.21
444.99,25.32,48.41,1008.47,72.14
480.38,3.94,39.9,1008.06,97.49
453.2,17.3,57.76,1016.26,87.74
469.13,18.2,49.39,1018.83,96.3
457.68,21.43,46.97,1013.94,61.25
474.29,11.16,40.05,1014.95,88.38
431.77,30.38,74.16,1007.44,74.77
447.13,23.36,62.52,1016.18,68.18
450.71,21.69,47.45,1007.56,77.2
448.25,23.62,49.21,1014.1,49.54
436.7,21.87,61.45,1011.13,92.22
434.8,29.25,66.51,1015.53,33.65
447.13,20.03,66.86,1013.05,64.59
447.8,18.14,49.78,1002.95,100.09
444.51,24.23,56.89,1012.32,68.04
466.63,18.11,44.85,1014.48,48.94
481.46,6.57,43.65,1018.24,74.47
475.24,12.56,43.41,1016.93,81.02
462.25,13.4,41.58,1020.5,71.17
439.5,27.1,52.84,1006.28,53.85
466.66,14.28,42.74,1028.79,70.67
466.0,16.29,44.34,1019.49,59.36
426.14,31.24,71.98,1004.66,57.17
473.56,10.57,37.73,1024.36,70.29
466.67,13.8,44.21,1022.93,83.37
441.29,25.3,71.58,1010.18,87.36
451.38,18.06,50.16,1009.52,100.09
444.51,25.42,59.04,1011.98,68.78
470.19,15.07,40.69,1015.29,70.98
456.5,11.75,71.14,1019.36,75.68
448.25,20.23,52.05,1012.15,47.49
439.91,27.31,59.54,1006.24,71.99
432.7,28.57,69.84,1003.57,66.55
455.42,17.9,43.72,1008.64,74.73
438.48,23.83,71.37,1002.04,64.78
430.72,27.92,74.99,1005.47,75.13
462.78,17.34,44.78,1007.81,56.38
445.86,17.94,63.07,1012.42,94.35
482.8,6.4,39.9,1007.75,86.55
476.7,11.78,39.96,1011.37,82.95
446.76,20.28,57.25,1010.12,88.42
455.7,21.04,54.2,1012.26,85.61
449.23,25.11,67.32,1014.49,58.39
432.6,30.28,70.98,1007.51,74.28
480.25,8.14,36.24,1013.15,87.85
465.97,16.86,39.63,1004.47,83.5
494.43,6.25,40.07,1020.19,65.24
454.72,22.35,54.42,1012.46,75.01
457.99,17.98,56.85,1012.28,84.52
459.39,21.19,42.48,1013.43,80.52
450.71,20.94,44.89,1009.64,75.14
443.33,24.23,58.79,1009.8,75.75
452.85,19.18,58.2,1017.46,76.72
446.76,20.88,57.85,1012.39,85.47
444.37,23.67,63.86,1019.67,57.95
472.88,14.12,39.52,1018.41,78.32
450.01,25.23,64.63,1020.59,52.2
484.09,6.54,39.33,1011.54,93.69
456.5,20.08,62.52,1017.99,75.74
442.18,24.67,63.56,1013.75,67.56
431.83,27.82,79.74,1008.37,69.46
461.6,15.55,42.03,1017.41,74.58
447.91,24.26,69.51,1013.43,53.23
451.93,13.45,41.49,1020.19,88.72
467.44,11.06,40.64,1021.47,96.16
454.68,24.91,52.3,1008.72,68.26
446.76,22.39,59.04,1011.78,86.39
474.29,11.95,40.69,1015.62,85.34
479.28,14.85,40.69,1014.91,72.64
472.43,10.11,41.62,1017.17,97.82
437.39,23.67,68.67,1006.71,77.22
460.51,16.14,44.21,1020.36,80.59
471.08,15.11,43.13,1014.99,46.91
449.81,24.14,59.87,1018.47,57.76
441.41,30.08,67.25,1017.6,53.09
466.67,14.77,44.9,1020.5,84.31
436.5,27.6,69.34,1009.63,71.58
471.46,13.89,44.84,1023.66,92.97
435.81,26.85,75.6,1017.43,74.55
470.27,12.41,40.96,1023.36,78.96
472.12,13.08,41.74,1020.75,64.44
454.4,18.93,44.06,1017.58,68.23
453.54,20.5,49.69,1009.6,70.81
433.07,30.72,69.13,1009.94,61.66
488.43,7.55,39.22,1014.53,77.76
466.66,13.49,44.47,1030.46,69.49
468.14,15.62,40.12,1013.03,96.26
444.37,24.8,64.63,1020.69,55.74
478.37,10.03,41.62,1014.55,95.61
443.1,22.43,63.21,1012.06,84.75
466.15,14.95,39.31,1009.15,75.3
450.86,24.78,58.46,1016.82,67.5
449.8,23.2,48.41,1008.64,80.92
463.44,14.01,39.0,1016.73,79.23
450.57,19.4,64.63,1020.38,81.1
434.8,30.15,67.32,1013.83,32.8
482.78,6.91,36.08,1021.82,84.31
441.41,29.04,60.07,1015.42,46.15
444.8,26.02,63.07,1010.94,53.96
475.46,5.89,39.48,1005.11,59.83
434.16,26.52,71.64,1008.27,75.3
436.7,28.53,68.08,1013.27,42.53
466.15,16.59,39.54,1007.97,70.58
442.73,22.95,67.79,1009.89,91.69
446.45,23.96,47.43,1008.38,63.55
466.0,17.48,44.2,1018.89,61.51
483.42,6.69,43.65,1020.14,69.55
476.03,10.25,41.26,1007.44,98.08
431.37,28.87,72.58,1008.69,79.34
475.96,12.04,40.23,1018.07,81.28
454.78,22.58,52.3,1009.04,78.99
456.86,15.12,52.05,1014.63,80.38
452.41,25.48,58.95,1017.02,51.16
428.61,27.87,70.79,1003.96,72.17
434.16,23.72,70.47,1010.65,75.39
439.91,25.0,59.43,1007.84,68.91
474.52,8.42,40.64,1022.35,96.38
444.51,22.46,58.49,1011.5,70.54
442.87,29.92,57.19,1008.62,45.8
475.85,11.68,39.22,1017.9,57.95
457.29,14.04,42.44,1012.74,81.89
456.54,19.86,59.14,1016.12,69.32
437.11,25.99,68.08,1013.13,59.14
446.44,23.42,58.79,1009.74,81.54
476.96,10.6,40.22,1011.37,85.81
444.38,20.97,61.87,1011.45,65.41
469.29,14.14,39.82,1012.46,81.15
478.08,8.56,40.71,1021.27,95.87
433.34,24.86,72.39,1001.15,90.24
433.21,29.0,77.54,1011.33,75.13
433.75,27.59,71.97,1008.64,88.22
480.6,10.45,40.71,1015.68,81.48
475.32,8.51,40.78,1023.51,89.84
436.7,29.82,66.51,1010.98,43.57
444.38,22.56,62.26,1012.11,63.16
475.85,11.38,39.22,1018.62,57.14
455.25,20.25,57.76,1016.28,77.76
445.22,22.42,59.43,1007.12,90.56
471.63,14.85,38.91,1014.48,60.98
444.51,25.62,58.82,1010.02,70.31
457.55,19.85,56.53,1020.57,74.05
467.05,13.67,54.3,1015.92,75.42
439.37,24.39,70.72,1009.78,82.25
454.4,16.07,44.58,1019.52,67.95
472.32,11.6,39.1,1009.81,100.09
435.28,31.38,70.83,1010.35,47.28
428.61,29.91,76.86,998.59,72.41
455.25,19.67,59.39,1014.07,77.67
441.34,27.18,64.79,1016.27,63.7
448.98,21.39,52.3,1009.2,79.77
466.75,10.45,41.01,1020.57,93.84
448.79,19.46,56.89,1014.02,84.95
447.0,23.55,62.96,1020.16,70.16
440.43,23.35,63.47,1011.78,84.24
478.21,9.26,41.66,1016.87,73.32
476.31,10.3,41.46,1018.21,86.17
450.86,20.94,58.16,1016.88,65.43
433.34,23.13,71.25,1002.49,94.59
472.45,12.77,41.5,1014.13,86.8
431.44,28.29,69.13,1009.29,58.18
444.19,19.13,59.21,1018.32,89.66
433.97,24.44,73.5,1011.49,87.39
463.05,20.32,44.6,1015.16,36.35
442.86,20.54,69.05,1001.6,79.62
471.08,12.16,45.0,1021.51,50.52
444.8,28.09,65.27,1013.27,51.96
468.63,9.25,41.82,1033.25,74.73
454.78,21.75,49.82,1015.01,78.33
439.01,23.7,66.56,1002.07,85.19
464.02,16.22,37.87,1022.36,83.13
447.91,24.75,69.45,1013.97,53.49
468.02,10.48,39.58,1011.81,88.86
433.57,29.53,70.79,1003.7,60.89
464.7,12.59,39.72,1017.76,61.14
454.68,23.5,54.42,1012.31,68.29
435.94,29.01,66.56,1006.44,57.62
476.7,9.75,42.49,1010.57,83.63
457.55,19.55,56.53,1020.2,78.1
450.07,21.05,58.33,1013.14,66.34
439.37,24.72,68.67,1006.74,79.02
451.05,21.19,58.86,1014.19,68.96
478.21,10.77,41.54,1019.94,71.13
427.65,28.68,73.77,1004.72,87.01
428.61,29.87,73.91,1004.53,74.3
437.39,22.99,68.67,1006.65,77.62
446.19,24.66,60.29,1018.0,59.56
437.35,32.63,69.89,1013.85,41.66
432.6,31.38,72.29,1008.73,73.27
445.18,23.87,60.27,1018.94,77.16
441.11,25.6,59.15,1013.31,67.02
434.64,27.62,71.14,1011.6,52.8
437.25,30.1,67.45,1014.23,39.04
472.12,12.19,41.17,1019.43,65.47
462.25,13.11,41.58,1020.43,74.32
429.91,28.29,68.67,1005.46,69.22
464.61,13.45,40.73,1018.7,93.88
478.21,10.98,41.54,1019.94,69.83
441.29,26.48,69.14,1009.31,84.11
464.59,13.07,45.51,1015.22,78.65
437.27,25.56,75.6,1017.37,69.31
453.54,22.68,50.78,1008.83,70.3
431.83,28.86,73.67,1006.65,68.23
449.91,22.7,63.56,1014.32,71.76
430.34,27.89,73.21,1001.32,85.88
466.66,13.78,44.47,1027.94,71.09
449.98,28.14,51.43,1012.16,52.67
472.27,11.8,45.09,1013.21,89.68
478.21,10.71,39.61,1018.72,73.66
446.19,24.54,60.29,1017.42,58.94
474.29,11.54,40.05,1014.78,87.05
426.82,29.47,71.32,1008.07,67.0
429.31,29.24,69.05,1003.12,43.18
459.14,14.51,41.79,1009.72,80.62
446.19,22.91,60.07,1016.03,59.72
434.02,27.02,71.77,1006.38,72.1
466.66,13.49,44.47,1030.18,69.15
429.86,30.24,66.75,1017.95,55.66
439.82,23.19,48.6,1002.38,61.19
455.42,17.73,40.55,1003.36,74.62
456.5,18.62,61.27,1019.26,73.35
470.19,12.85,40.0,1015.89,68.85
437.35,32.33,69.68,1011.95,39.89
450.01,25.09,58.95,1016.99,53.16
429.1,29.45,69.13,1009.3,52.97
458.22,16.91,43.96,1013.32,79.87
457.29,14.09,45.87,1009.05,84.09
472.32,10.73,25.36,1009.35,100.15
449.8,23.2,49.3,1003.4,79.77
468.02,8.21,38.91,1015.82,88.99
473.57,9.3,40.56,1022.64,76.14
461.16,16.97,39.16,1005.7,69.13
434.15,23.69,71.97,1009.62,93.03
438.95,25.13,59.44,1012.38,77.92
479.64,9.86,43.56,1015.13,74.89
474.29,11.33,41.5,1013.58,88.7
441.21,26.95,48.41,1008.53,62.94
459.19,15.0,40.66,1016.28,89.62
444.84,20.76,62.52,1015.63,81.04
463.13,14.29,39.59,1010.93,94.53
446.1,19.74,67.71,1007.68,64.02
436.89,26.68,59.92,1009.94,70.57
462.25,14.24,41.4,1019.7,70.32
444.6,21.98,48.41,1008.42,84.86
446.96,22.75,59.39,1015.4,81.41
475.32,8.34,40.96,1023.28,89.45
475.96,11.8,41.2,1017.18,82.71
473.23,8.81,44.68,1023.06,93.93
437.42,30.05,73.68,1014.95,70.6
455.17,16.01,65.46,1014.0,87.68
446.76,21.75,58.79,1012.42,87.58
462.25,13.94,41.26,1021.67,74.4
426.25,29.25,69.13,1010.27,67.35
446.45,22.33,45.87,1007.8,63.61
455.42,16.43,41.79,1005.47,76.89
476.46,11.5,40.22,1010.31,78.08
442.66,23.53,68.94,1007.53,69.17
443.67,21.86,49.21,1014.61,53.31
491.54,6.17,39.33,1012.57,93.32
443.24,30.19,64.79,1017.22,42.47
481.46,11.67,41.93,1019.81,82.58
463.13,15.34,36.99,1007.87,94.59
474.28,11.5,40.78,1023.91,86.31
439.91,25.53,57.17,1010.0,72.57
446.96,21.27,57.5,1014.53,80.76
436.5,28.37,69.13,1010.44,71.93
449.98,28.39,51.43,1011.74,47.54
467.44,13.78,45.78,1025.27,95.72
466.38,14.6,42.32,1015.71,77.03
486.06,5.1,35.57,1027.17,80.49
479.78,7.0,38.08,1020.27,77.67
434.7,26.3,77.95,1009.45,78.72
426.14,30.56,71.98,1004.74,58.77
454.26,21.09,46.63,1013.03,74.8
434.64,28.21,70.02,1010.58,51.34
460.57,15.84,49.69,1015.14,90.41
465.88,10.03,40.96,1024.57,91.1
447.7,20.37,52.05,1012.34,62.57
448.32,21.19,50.16,1005.81,84.27
429.31,33.73,69.88,1007.21,42.93
437.65,29.87,73.68,1015.1,40.96
450.57,19.62,62.96,1020.76,76.53
475.42,9.93,40.67,1018.08,69.74
478.95,9.43,37.14,1013.03,74.99
467.34,14.24,39.58,1011.17,70.45
466.09,12.97,49.83,1008.69,91.49
475.32,7.6,41.04,1021.82,88.97
480.25,8.39,36.24,1013.39,89.13
448.25,25.41,48.06,1013.12,46.52
460.59,18.43,56.03,1020.41,60.55
468.02,10.31,39.82,1012.87,88.71
468.02,11.29,41.5,1013.39,89.15
448.32,22.61,49.3,1003.51,83.02
428.61,29.34,71.98,1005.19,75.19
442.26,18.87,67.71,1004.0,87.35
457.29,13.21,45.87,1008.58,85.66
473.23,11.3,44.6,1018.19,91.66
433.57,29.23,72.99,1007.04,63.47
434.02,27.76,69.4,1004.27,72.25
434.02,29.26,67.17,1006.6,70.58
447.7,25.72,49.82,1016.19,60.1
442.75,23.43,63.94,1010.64,89.29
430.19,25.6,63.76,1010.18,67.43
452.75,22.3,44.57,1008.48,67.58
428.49,27.91,72.24,1010.74,70.8
430.96,30.35,77.17,1009.55,63.62
446.45,21.78,47.43,1007.88,66.68
489.79,7.19,41.39,1018.12,90.76
452.85,20.88,59.8,1015.66,75.34
447.7,24.19,50.23,1015.73,59.77
484.99,9.98,41.54,1019.7,80.79
448.04,23.47,51.3,1011.89,74.1
448.25,26.35,49.5,1012.67,41.34
428.63,29.89,64.69,1006.37,58.78
451.38,19.29,50.16,1010.49,97.78
464.74,17.48,43.14,1018.68,74.85
437.27,25.21,75.6,1017.19,69.84
448.04,23.3,48.78,1018.17,75.36
476.96,15.42,37.85,1009.89,85.8
444.19,21.44,63.09,1016.56,90.11
427.67,29.45,68.27,1007.96,61.63
442.39,29.69,47.93,1002.85,44.76
465.97,15.52,36.99,1006.86,89.7
479.64,11.47,43.67,1012.68,72.51
478.88,9.77,34.69,1027.72,74.98
436.7,22.6,69.84,1006.37,79.59
479.78,8.24,39.61,1017.99,78.42
466.0,17.01,44.2,1019.18,61.23
466.63,19.64,44.6,1015.88,47.56
466.75,10.61,41.58,1021.08,93.06
474.29,12.04,40.1,1014.42,89.65
441.41,29.19,65.71,1013.85,50.5
448.25,21.75,45.09,1014.15,44.84
434.78,23.66,77.54,1008.5,85.32
433.63,27.05,75.33,1003.88,82.94
426.82,29.63,69.71,1009.04,67.26
455.42,18.2,39.63,1005.35,79.05
433.07,32.22,70.8,1009.9,62.03
431.19,26.88,73.56,1004.85,94.36
442.75,29.05,65.74,1013.29,60.02
471.6,8.9,39.96,1026.31,95.46
448.32,18.93,48.6,1005.72,84.92
443.12,27.49,63.76,1010.09,62.8
433.99,23.1,70.79,1006.53,90.81
475.24,11.22,43.13,1017.24,80.9
432.22,31.97,79.74,1007.03,55.84
468.52,13.32,43.22,1009.45,75.3
435.56,31.68,68.24,1005.29,37.34
441.93,23.69,63.77,1013.39,79.5
465.24,13.83,41.49,1020.11,87.29
444.84,18.32,66.51,1015.18,81.5
475.01,11.05,40.71,1024.91,76.42
436.62,22.03,64.69,1007.21,75.75
481.46,10.23,41.46,1020.45,84.95
434.67,23.92,66.54,1009.93,62.37
435.28,29.38,69.68,1011.35,49.25
461.55,17.35,42.86,1014.62,74.16
473.23,9.81,44.45,1021.19,90.55
478.08,4.97,40.64,1020.91,94.28
475.88,5.15,40.07,1012.27,63.31
449.9,21.54,58.49,1010.85,78.9
480.53,7.94,42.02,1006.22,90.97
456.4,18.77,50.66,1014.89,87.34
441.17,21.69,69.94,1010.7,80.8
473.23,10.07,44.68,1023.44,90.95
467.34,13.83,39.64,1012.52,69.97
478.02,10.45,39.69,1003.92,89.45
472.88,11.56,40.71,1015.85,76.08
436.16,23.64,70.04,1011.09,83.35
478.02,10.48,40.22,1004.81,92.16
468.75,13.09,39.85,1012.86,58.42
476.31,10.67,40.23,1017.75,85.06
474.29,12.57,39.16,1016.53,88.91
464.36,14.45,43.34,1015.47,83.33
476.96,14.22,37.85,1011.24,88.49
480.38,6.97,41.26,1010.6,96.88
456.5,20.61,63.86,1015.43,73.86
465.2,14.67,42.28,1007.21,65.17
429.91,29.06,72.86,1004.23,69.41
463.44,14.38,40.1,1015.51,81.23
429.86,32.51,69.98,1013.29,54.07
472.27,11.79,45.09,1013.16,89.17
485.36,8.65,40.56,1023.23,78.85
474.28,9.75,40.81,1026.0,84.44
476.01,9.11,40.02,1031.1,83.02
442.73,23.39,69.13,1010.99,90.66
467.05,14.3,54.3,1015.16,75.29
447.73,17.49,63.94,1020.02,82.6
435.28,31.1,69.51,1010.84,45.4
454.66,19.77,56.65,1020.67,66.33
435.28,28.61,72.29,1011.61,45.33
470.19,13.52,41.48,1014.46,67.12
457.29,13.52,40.83,1008.31,84.14
458.22,17.57,46.21,1014.09,80.81
452.41,28.18,60.07,1016.34,49.13
472.27,14.29,46.18,1017.01,87.29
466.87,18.12,43.69,1016.91,52.95
429.91,31.27,73.91,1003.72,68.92
434.78,26.24,77.95,1014.19,85.21
475.32,7.44,41.04,1021.84,88.56
437.43,29.78,74.78,1009.28,55.09
440.53,23.37,65.46,1016.25,48.64
468.02,10.62,39.58,1011.9,87.85
478.55,5.84,43.02,1013.88,87.42
460.59,14.51,53.82,1016.46,62.75
471.07,11.31,42.02,1001.18,94.86
472.11,11.25,40.67,1011.64,63.54
473.56,9.18,39.42,1025.41,69.46
452.85,19.82,58.16,1016.76,74.66
444.04,24.77,58.41,1013.78,80.57
481.46,9.66,41.06,1021.21,84.7
451.49,21.96,59.8,1016.72,72.6
462.78,18.59,43.14,1011.92,52.63
436.17,24.75,69.89,1015.29,82.01
441.91,24.37,63.47,1012.77,75.22
434.64,29.6,67.79,1010.37,51.05
438.95,25.32,61.25,1011.56,80.1
464.36,16.15,41.85,1016.54,81.58
447.0,15.74,71.14,1019.65,65.94
481.28,5.97,36.25,1029.65,86.74
462.6,15.84,52.72,1026.45,62.57
466.0,14.84,44.63,1019.28,57.37
470.96,12.25,48.79,1017.44,88.91
434.67,27.38,70.04,1011.18,72.26
479.78,8.76,41.48,1018.49,74.98
467.34,15.54,39.31,1009.69,71.19
464.14,18.71,39.39,1014.09,62.82
466.87,13.06,41.78,1012.3,55.31
479.28,12.72,40.71,1016.02,71.57
462.78,19.83,39.39,1013.73,59.16
443.78,27.23,49.16,1004.03,40.8
442.66,24.27,68.28,1005.43,67.63
472.43,11.8,40.66,1017.13,97.2
475.8,6.76,36.25,1028.31,91.16
445.26,25.99,63.07,1012.5,64.81
465.97,16.3,39.63,1004.64,85.61
469.13,16.5,49.39,1018.35,93.42
468.52,10.59,42.49,1009.59,77.36
445.26,26.05,65.59,1012.78,67.03
465.97,19.5,40.79,1003.8,89.45
448.42,22.21,45.01,1012.22,54.84
466.0,17.86,45.0,1023.25,53.48
429.1,29.96,70.04,1010.15,54.47
455.32,19.08,44.63,1020.14,43.36
448.25,23.59,47.43,1006.64,48.92
491.23,3.38,39.64,1011.0,81.22
437.11,26.39,66.49,1012.96,60.35
473.57,8.99,39.04,1021.99,75.98
475.01,10.91,41.04,1026.57,74.24
476.96,13.08,39.82,1012.27,85.21
454.66,23.95,58.46,1017.5,68.46
460.51,15.64,43.71,1024.51,78.31
446.76,18.78,54.2,1012.05,89.25
454.68,20.65,50.59,1016.22,68.57
485.01,4.96,40.07,1011.8,67.38
451.41,23.51,57.32,1012.55,53.6
488.56,5.99,35.79,1011.56,91.69
436.17,23.65,66.05,1019.6,78.21
484.09,5.17,39.33,1009.68,94.19
439.87,26.38,49.5,1012.82,37.19
478.55,6.02,43.65,1013.85,83.53
446.44,23.2,61.02,1009.63,79.45
471.07,8.57,39.69,1000.91,99.9
434.64,30.72,71.58,1009.98,50.39
448.04,21.52,50.66,1013.56,74.33
440.43,22.93,62.26,1011.25,83.66
485.57,5.71,41.31,1003.24,89.48
454.4,18.62,44.06,1017.76,64.59
430.11,27.88,68.94,1007.68,75.68
450.86,22.32,59.8,1016.82,64.18
466.66,14.55,42.74,1028.41,70.09
473.56,17.83,44.92,1025.04,70.58
471.6,9.68,39.96,1026.09,99.28
451.58,19.41,49.39,1020.84,81.89
464.88,13.22,44.92,1023.84,87.99
471.46,12.24,44.92,1023.74,88.21
446.76,19.21,58.49,1011.7,91.29
434.64,29.74,70.32,1008.1,52.72
450.86,23.28,60.84,1017.91,67.5
475.8,8.02,41.92,1029.8,92.05
439.82,22.47,48.6,1002.33,63.23
431.19,27.51,73.77,1002.42,90.88
450.71,17.51,44.9,1009.05,74.91
439.01,23.22,66.56,1002.47,85.39
466.71,11.73,40.64,1020.68,96.98
447.91,21.19,67.71,1006.65,56.28
494.43,5.48,40.07,1019.63,65.62
447.91,24.26,66.44,1011.33,55.32
472.27,12.32,41.62,1012.88,88.88
429.31,31.26,68.94,1005.94,39.49
432.76,32.09,72.86,1003.47,54.59
440.89,24.98,60.32,1015.63,57.19
442.87,27.48,61.41,1012.2,45.06
463.05,21.04,45.09,1014.19,40.62
433.75,27.75,70.4,1006.65,90.21
433.99,22.79,71.77,1005.75,90.91
441.17,24.22,68.51,1013.23,74.96
442.16,27.06,64.45,1008.72,54.21
433.57,29.25,71.94,1007.18,63.62
438.28,26.86,68.08,1012.99,50.04
426.67,29.64,67.79,1009.99,51.23
444.84,19.92,63.31,1015.02,82.71
446.68,18.5,51.43,1010.82,92.04
436.7,23.71,60.23,1009.76,90.67
464.88,14.39,44.84,1023.55,91.14
454.66,19.3,56.65,1020.55,70.43
454.68,24.65,52.36,1014.76,66.63
472.27,13.5,45.51,1015.33,86.95
476.03,9.82,41.26,1007.71,96.69
461.96,18.4,44.06,1017.36,70.88
448.25,28.12,44.89,1009.18,47.14
454.4,17.15,43.69,1017.05,63.36
425.12,30.69,73.67,1006.14,60.58
444.8,28.82,65.71,1014.24,54.3
446.45,21.3,48.92,1010.92,65.09
435.28,30.58,70.04,1010.4,48.16
448.98,21.17,52.3,1009.36,81.51
468.63,9.87,41.82,1033.04,68.57
451.49,22.18,59.8,1016.77,73.16
441.93,24.39,63.21,1012.59,80.88
474.28,10.73,44.92,1025.1,85.4
479.78,9.38,40.46,1019.29,75.77
452.85,20.27,57.76,1016.66,75.76
442.66,24.82,66.48,1006.4,70.21
462.78,16.55,41.66,1011.45,55.53
445.18,20.73,59.87,1019.08,80.48
475.01,9.51,39.22,1015.3,72.41
476.1,8.63,43.79,1016.08,83.25
491.23,6.48,40.27,1010.55,82.12
467.44,14.95,43.52,1022.43,94.75
478.98,5.76,45.87,1010.83,95.79
478.87,10.94,39.04,1021.81,86.02
455.42,15.87,41.16,1005.85,78.29
469.29,12.42,38.25,1012.76,82.23
435.4,29.12,58.84,1001.31,52.86
439.63,29.12,51.43,1005.93,60.66
459.1,19.08,41.1,1001.96,62.77
426.25,31.06,67.17,1007.62,65.54
484.09,5.72,39.33,1009.96,95.4
438.28,26.52,65.06,1013.4,51.78
465.2,13.84,44.9,1007.58,63.62
463.49,13.03,39.52,1016.68,83.09
434.67,25.94,66.49,1012.83,61.81
461.63,16.64,53.82,1015.13,68.24
479.28,14.13,40.75,1016.05,72.41
469.29,13.65,39.28,1012.97,79.64
466.2,14.5,44.47,1028.2,66.95
446.68,19.8,51.19,1008.25,91.98
430.19,25.2,63.76,1009.78,64.96
446.68,20.66,51.19,1008.81,88.93
463.6,12.07,43.71,1025.53,85.62
441.29,25.64,70.72,1010.16,84.0
433.97,23.33,72.99,1009.33,89.41
430.19,29.41,64.05,1009.82,67.4
454.78,16.6,53.16,1014.5,76.75
433.97,27.53,72.58,1009.13,89.06
464.14,20.62,43.43,1009.93,64.02
433.08,26.02,71.94,1009.38,64.12
475.24,12.75,44.2,1017.59,81.22
456.2,12.87,48.04,1012.47,100.13
444.37,25.77,62.96,1019.86,58.07
464.7,14.84,41.48,1017.26,63.42
485.06,7.41,40.71,1023.07,83.32
468.63,8.87,41.82,1033.3,74.28
478.21,9.69,40.46,1019.1,71.91
460.57,16.17,46.97,1014.22,85.8
443.67,26.24,49.82,1014.9,55.58
464.39,13.78,43.22,1011.31,69.7
427.67,26.3,67.07,1006.26,63.79
453.2,17.37,57.76,1016.0,86.59
448.25,23.6,48.98,1015.41,48.28
482.78,8.3,36.08,1020.63,80.42
457.07,18.86,42.18,1001.16,98.58
448.04,22.12,49.39,1019.8,72.83
440.87,28.41,75.6,1018.48,56.07
432.7,29.42,71.32,1002.26,67.13
439.01,18.61,67.71,1004.07,84.49
429.91,27.57,69.84,1004.91,68.37
472.45,12.83,41.5,1013.12,86.07
480.6,9.64,39.85,1012.9,83.82
448.21,19.13,58.66,1013.32,74.86
466.87,15.92,40.56,1020.79,53.52
439.37,24.64,72.24,1011.37,80.61
442.87,27.62,63.9,1013.11,43.56
480.25,8.9,36.24,1013.29,89.35
473.56,9.55,43.99,1020.5,97.28
482.36,10.57,36.71,1022.62,80.49
446.76,19.8,57.25,1010.84,88.9
452.41,25.63,56.85,1012.68,49.7
441.11,24.7,58.46,1015.58,68.64
456.2,15.26,46.18,1013.68,98.58
448.32,20.06,52.84,1004.21,82.12
455.25,19.84,56.89,1013.23,78.32
476.1,11.49,44.63,1020.44,86.04
433.75,23.74,72.43,1007.99,91.36
454.78,22.62,51.3,1012.36,81.02
435.9,29.53,72.39,998.47,76.05
461.96,21.32,48.14,1016.57,71.81
448.79,20.3,58.46,1015.93,82.13
460.06,16.97,44.92,1025.21,74.27
479.28,12.07,41.17,1013.54,71.32
476.01,7.46,41.82,1032.67,74.59
455.7,19.2,54.2,1011.46,84.44
436.7,28.64,66.54,1010.43,43.39
476.96,13.56,41.48,1008.53,87.2
464.74,17.4,44.9,1020.5,77.11
463.49,14.08,40.1,1015.48,82.81
441.29,27.11,69.75,1009.74,85.67
434.15,20.92,70.02,1010.23,95.58
460.06,16.18,44.9,1021.3,74.46
464.88,15.57,44.68,1022.01,90.02
485.06,10.37,39.04,1023.95,81.93
445.22,19.6,59.21,1017.65,86.29
478.87,9.22,40.92,1021.83,85.43
431.83,27.76,72.99,1007.81,71.66
428.49,28.68,70.72,1009.43,71.33
454.4,20.95,48.14,1013.3,67.72
479.95,9.06,39.3,1019.73,84.23
484.2,9.21,39.72,1019.54,74.44
473.56,13.65,42.74,1026.58,71.48
432.22,31.79,76.2,1007.89,56.3
470.19,14.32,44.6,1013.85,68.13
437.27,26.28,75.23,1011.44,68.35
478.55,7.69,43.02,1014.51,85.23
468.66,14.44,40.1,1015.51,79.78
474.52,9.19,41.01,1022.14,98.98
462.25,13.35,41.39,1019.17,72.87
433.97,23.04,74.22,1009.52,90.93
485.01,4.83,38.44,1015.35,72.94
461.55,17.29,42.86,1014.38,72.3
478.95,8.73,36.18,1013.66,77.74
431.37,26.21,70.32,1007.0,78.29
454.66,23.72,58.62,1016.65,69.1
435.94,29.27,64.69,1006.85,55.79
475.01,10.4,40.43,1025.46,75.09
474.29,12.19,40.75,1015.13,88.98
460.59,20.4,54.9,1016.68,64.26
434.8,34.3,74.67,1015.98,25.89
431.44,27.56,68.08,1010.8,59.18
426.82,30.9,70.8,1008.48,67.48
455.05,14.85,58.59,1014.04,89.85
466.63,16.42,40.56,1020.36,50.62
455.17,16.45,63.31,1015.96,83.97
476.03,10.14,42.02,1003.19,96.51
484.99,9.53,41.44,1018.01,80.09
469.33,17.01,49.15,1021.83,84.02
444.37,23.94,62.08,1022.47,61.97
470.96,15.95,49.25,1019.04,88.51
475.21,11.15,41.26,1022.67,81.83
433.75,25.56,70.32,1009.07,90.63
430.9,27.16,66.44,1011.2,73.37
433.21,26.71,77.95,1012.13,77.5
437.43,29.56,74.22,1007.45,57.46
433.5,31.19,70.94,1007.29,51.91
484.99,6.86,41.17,1020.12,79.14
473.56,12.36,41.74,1020.58,69.24
437.35,32.82,68.31,1010.44,41.85
431.16,25.3,70.98,1007.22,95.1
468.63,8.71,41.82,1033.08,74.53
466.2,13.34,40.8,1026.56,64.85
462.78,14.2,43.02,1012.18,57.07
434.67,23.74,65.34,1013.7,62.9
461.96,16.9,44.88,1018.14,72.21
426.82,28.54,71.94,1007.4,65.99
432.6,30.15,69.88,1007.2,73.67
472.27,14.33,42.86,1010.82,88.59
440.8,25.57,59.43,1008.88,61.19
434.64,30.55,70.04,1010.51,49.37
440.79,28.04,74.33,1013.53,48.65
439.5,26.39,49.16,1005.68,56.18
473.56,15.3,41.76,1022.57,71.56
475.8,6.03,41.14,1028.04,87.46
461.6,13.49,44.63,1019.12,70.02
440.89,27.67,59.14,1016.51,61.2
444.37,24.19,65.48,1018.8,60.54
451.49,24.44,59.14,1016.74,71.82
441.41,29.86,64.79,1017.37,44.8
433.24,30.2,69.59,1008.9,67.32
485.36,7.99,41.38,1021.95,78.77
478.37,9.93,41.62,1013.76,96.02
465.94,11.03,42.32,1017.26,90.56
441.93,22.34,63.73,1014.37,83.19
442.46,25.33,48.6,1002.54,68.45
451.38,18.87,52.08,1005.25,99.19
441.29,25.97,69.34,1009.43,88.11
460.51,16.58,43.99,1021.81,79.29
472.27,14.35,46.18,1016.63,87.76
440.43,25.06,62.39,1008.09,82.56
464.59,13.85,48.92,1011.68,79.24
454.4,16.09,44.2,1019.39,67.24
440.89,26.34,59.21,1013.37,58.98
444.64,23.01,58.79,1009.71,84.22
430.34,26.39,71.25,999.8,89.12
434.64,31.32,71.29,1008.37,50.07
456.2,16.64,45.87,1009.02,98.86
468.82,13.42,41.23,994.17,95.79
452.75,20.06,44.9,1008.79,70.06
471.08,14.8,44.71,1014.67,41.71
474.28,12.59,41.14,1025.79,86.55
436.62,26.7,66.56,1005.31,71.97
451.38,19.78,50.32,1008.62,96.4
469.13,15.17,49.15,1021.91,91.73
436.7,21.71,61.45,1010.97,91.62
462.78,19.09,39.39,1013.36,59.14
446.68,19.76,51.19,1008.38,92.56
465.61,14.68,41.23,998.43,83.71
446.16,21.3,66.86,1013.04,55.43
466.15,16.73,39.64,1008.94,74.91
474.29,12.26,41.5,1014.87,89.41
464.39,14.77,48.06,1010.92,69.81
446.76,18.26,59.15,1012.04,86.01
431.51,27.1,79.74,1005.43,86.05
459.14,14.72,40.83,1009.65,80.98
447.7,26.3,51.43,1012.05,63.62
454.4,16.48,48.92,1011.84,64.16
466.38,17.99,43.79,1016.13,75.63
455.25,20.34,59.8,1015.18,80.21
444.37,25.53,62.96,1019.81,59.7
442.87,31.59,58.9,1003.39,47.6
426.25,30.8,69.14,1007.68,63.78
471.46,10.75,45.0,1023.68,89.37
452.75,19.3,44.9,1008.89,70.55
481.28,4.71,39.42,1026.4,84.42
450.57,23.1,66.05,1020.28,80.62
432.76,32.63,73.88,1005.64,52.56
433.25,26.63,74.16,1009.72,83.26
444.51,24.35,58.49,1011.03,70.64
453.2,15.11,56.03,1020.27,89.95
439.5,29.1,50.05,1005.87,51.53
443.63,21.24,50.32,1008.54,84.83
475.46,6.16,39.48,1004.85,59.68
474.52,7.36,41.01,1024.9,97.88
474.28,10.44,39.04,1023.99,85.03
448.25,26.76,48.41,1010.53,47.38
471.08,16.79,44.6,1014.27,48.08
485.36,10.76,40.43,1025.98,79.65
483.83,6.07,38.91,1019.25,83.39
439.37,27.33,73.18,1012.26,82.18
452.41,27.15,59.21,1013.49,51.71
454.78,22.35,51.43,1011.34,77.33
449.91,21.82,65.27,1013.86,72.81
436.75,21.11,69.94,1004.37,84.26
454.26,19.95,50.59,1016.11,73.23
483.83,7.45,39.61,1017.88,79.73
472.11,15.36,41.66,1012.41,62.32
460.51,15.65,43.5,1021.39,78.58
435.81,25.31,74.33,1015.04,79.88
445.26,25.88,63.47,1011.95,65.87
441.93,24.6,63.94,1012.87,80.28
454.71,22.58,41.54,1013.21,71.33
456.54,19.69,59.14,1015.99,70.33
440.7,25.85,75.08,1006.24,57.73
472.32,10.06,37.83,1005.49,99.46
461.16,18.59,39.54,1008.56,68.61
451.38,18.27,50.16,1011.07,95.91
485.06,8.85,40.43,1025.68,80.42
434.64,30.04,68.08,1011.04,51.01
444.99,26.06,49.02,1007.59,74.08
459.14,14.8,38.73,1003.18,80.73
449.23,23.93,64.45,1015.35,54.71
436.62,23.72,66.48,1003.61,73.75
465.88,11.44,40.55,1023.37,88.43
456.5,20.28,63.86,1016.04,74.66
436.89,27.9,63.13,1011.8,70.04
448.21,24.74,59.39,1015.23,74.64
453.2,14.8,58.2,1018.29,85.11
475.21,8.22,41.03,1021.76,82.97
449.23,27.56,66.93,1016.81,55.59
433.5,32.07,70.94,1006.91,49.9
471.23,9.53,44.03,1008.87,89.99
465.94,13.61,42.34,1017.93,91.61
448.98,22.2,51.19,1009.2,82.95
445.22,21.36,59.54,1007.99,92.62
449.02,23.25,63.86,1017.82,59.64
446.46,23.5,59.21,1018.29,63.0
471.8,8.46,39.66,1015.14,85.38
479.95,8.19,40.69,1019.86,85.23
434.64,30.67,71.29,1008.36,52.08
436.92,32.48,62.04,1010.39,38.05
478.88,8.99,36.66,1028.11,71.98
466.09,13.77,47.83,1007.41,90.66
444.84,19.05,67.32,1013.2,83.14
450.86,21.19,55.5,1019.83,65.22
466.75,10.12,40.0,1021.15,91.67
457.68,24.93,47.01,1014.28,66.04
479.78,8.47,40.46,1019.87,78.19
451.41,24.52,56.85,1012.59,54.47
432.7,28.55,69.84,1003.38,67.26
448.04,20.58,50.9,1011.89,72.56
458.22,18.31,46.21,1010.46,82.15
434.68,27.18,71.06,1008.16,86.32
489.6,4.43,38.91,1019.04,88.17
434.16,26.02,74.78,1010.04,72.78
470.19,15.75,39.0,1015.91,69.58
449.77,22.99,60.95,1015.14,69.86
441.11,25.52,59.15,1013.88,65.37
444.8,27.04,65.06,1013.33,52.37
486.06,6.42,35.57,1025.58,79.63
456.2,17.04,40.12,1011.81,83.14
468.02,10.79,39.82,1012.89,88.25
460.54,20.41,56.03,1019.94,55.85
475.85,7.36,40.07,1017.29,52.55
427.04,28.08,73.42,1012.17,62.74
433.75,24.74,69.13,1010.69,90.08
439.5,28.32,47.93,1003.26,54.5
466.63,16.71,40.56,1019.48,49.88
434.64,30.7,71.58,1010.0,48.96
453.2,18.42,58.95,1016.95,86.77
471.07,10.62,42.02,999.83,96.66
438.48,22.18,69.05,1002.75,70.84
448.32,22.38,49.3,1003.56,83.83
473.56,13.94,41.58,1020.76,68.22
444.99,21.24,60.84,1017.99,82.22
478.55,6.76,39.81,1017.11,87.9
433.08,26.73,68.84,1010.75,66.83
482.78,7.24,38.06,1020.6,85.36
475.85,10.84,40.62,1015.53,60.9
448.32,19.32,52.84,1004.29,83.51
426.9,29.0,69.13,1001.22,52.96
454.72,23.38,54.42,1013.95,73.02
437.35,31.17,69.51,1010.51,43.11
439.63,26.17,48.6,1002.59,61.41
427.04,30.9,73.42,1011.21,65.32
434.15,24.92,73.68,1015.12,93.68
435.56,32.77,71.32,1007.68,42.39
473.56,14.37,40.56,1021.67,68.18
484.33,8.36,40.22,1011.6,89.18
426.25,31.45,68.27,1007.56,64.79
441.5,31.6,73.17,1010.05,43.48
459.39,17.9,48.98,1014.17,80.4
448.04,20.35,50.9,1012.6,72.43
455.42,16.21,41.23,995.88,80.0
471.08,19.36,44.6,1016.25,45.65
447.13,21.04,65.46,1017.22,63.02
472.88,14.05,40.69,1015.66,74.39
444.37,23.48,64.15,1021.08,57.77
441.91,21.91,63.76,1009.85,76.8
444.38,24.42,63.07,1011.49,67.39
462.25,14.26,40.92,1022.07,73.96
448.21,21.38,58.33,1013.05,72.75
461.6,15.71,44.06,1018.34,71.69
483.83,5.78,40.62,1016.55,84.98
478.55,6.77,39.81,1017.01,87.68
448.25,23.84,49.21,1013.85,50.36
454.66,21.17,58.16,1017.16,68.11
456.54,19.94,58.96,1014.16,66.27
475.8,8.73,41.92,1029.41,89.72
448.25,16.39,41.67,1012.96,61.07
472.11,15.28,40.0,1016.65,65.0
445.22,22.05,59.92,1009.06,93.74
453.54,18.63,48.92,1011.37,71.72
472.11,15.0,41.17,1015.57,64.82
445.22,20.46,59.21,1018.42,85.89
475.24,11.97,45.51,1016.84,81.47
444.51,26.59,59.92,1009.97,70.09
466.67,13.76,45.08,1023.77,80.48
443.33,21.41,59.43,1010.27,74.54
475.46,12.45,37.92,1008.03,61.87
475.46,10.62,39.64,1010.65,62.15
475.85,12.33,37.73,1022.46,59.3
459.14,15.63,44.9,1009.38,82.8
451.38,19.11,50.16,1010.88,100.09
449.99,21.83,41.1,1001.91,41.79
438.28,22.02,64.45,1012.57,47.87
433.75,26.54,71.98,1005.8,91.16
478.55,6.9,39.81,1016.74,88.24
468.54,13.05,34.03,1018.31,64.99
454.4,19.61,45.01,1014.84,64.42
436.89,26.26,63.73,1010.45,70.61
432.7,30.56,71.25,1000.3,70.55
444.84,21.81,63.77,1014.28,83.66
441.11,26.65,58.41,1013.53,65.83
440.89,25.18,57.5,1015.07,60.76
449.8,17.8,46.48,1007.27,81.31
429.31,33.27,66.44,1010.63,43.47
435.28,29.94,65.74,1012.4,46.94
478.88,8.51,34.69,1026.96,75.34
482.78,9.45,36.71,1024.24,83.28
441.91,24.27,60.23,1011.84,77.8
472.43,11.28,42.44,1014.62,99.78
474.52,7.93,41.01,1023.64,97.23
455.42,14.3,42.99,1007.32,73.72
444.37,24.31,63.86,1019.47,58.54
433.07,29.3,70.04,1010.95,61.23
445.86,20.43,63.09,1016.46,91.78
478.02,10.94,39.69,1004.5,86.29
440.8,23.04,57.32,1011.23,64.27
446.45,25.37,44.89,1009.27,63.06
448.32,21.1,49.16,1006.76,86.08
436.7,20.4,57.85,1011.14,92.47
449.8,20.51,48.6,1005.29,80.7
474.56,12.15,38.78,1013.34,95.05
459.14,15.27,41.16,1009.0,84.12
445.18,23.78,60.27,1018.02,78.06
444.99,22.01,60.84,1017.55,83.82
434.7,24.72,77.54,1008.39,81.03
437.42,28.84,73.03,1013.99,76.05
454.68,26.53,54.2,1012.9,66.73
462.78,19.82,41.67,1012.92,51.92
466.63,16.69,40.56,1019.92,51.43
454.66,20.36,56.53,1020.25,72.96
439.01,18.6,68.28,1003.27,84.21
463.49,12.54,40.1,1015.73,84.29
463.03,14.54,46.18,1015.29,94.48
435.94,30.97,67.9,1005.98,55.6
434.02,26.54,71.14,1007.52,72.04
450.01,25.2,59.21,1017.54,55.53
463.49,13.17,38.52,1018.5,83.77
482.8,8.53,40.77,1009.85,90.95
452.41,24.06,58.2,1017.46,48.04
475.85,12.25,41.38,1021.81,59.0
475.85,14.7,40.8,1025.78,50.96
454.71,15.75,39.39,1014.38,76.29
427.04,29.45,74.16,1010.49,64.87
434.8,30.22,68.3,1014.91,34.9
433.75,26.96,72.58,1009.23,89.62
453.2,18.48,58.59,1015.61,85.14
460.57,17.78,50.66,1015.09,91.9
479.78,6.64,39.04,1018.84,74.94
443.1,21.83,63.13,1013.4,85.82
469.29,13.92,39.58,1012.5,80.28
476.18,12.14,40.27,1007.57,73.22
454.71,15.64,38.28,1014.39,76.93
460.51,16.0,44.9,1020.5,80.89
476.1,9.75,43.69,1016.81,82.42
467.09,13.56,43.67,1011.34,94.02
485.06,7.94,40.56,1023.25,80.84
455.7,20.46,54.2,1011.4,84.0
436.7,18.23,62.26,1011.48,91.35
445.6,23.14,63.94,1017.49,53.19
454.26,20.55,46.21,1013.21,73.18
444.99,23.58,49.3,1003.8,74.62
464.36,14.51,42.77,1017.47,81.95
471.8,10.05,40.71,1015.51,84.21
442.16,26.91,61.5,1009.47,55.26
465.97,15.66,41.35,1001.68,86.26
429.1,30.07,69.82,1010.39,57.53
441.17,24.28,68.31,1009.94,77.08
462.25,12.57,39.3,1019.57,72.44
471.07,11.01,42.02,995.24,98.62
434.15,23.3,72.99,1008.54,92.11
450.46,28.76,60.23,1010.03,58.24
446.1,21.4,68.28,1008.2,60.34
426.67,30.33,68.67,1006.0,54.99
442.26,18.89,67.71,1003.92,86.12
453.26,18.83,47.83,1005.58,77.07
475.24,12.32,43.69,1016.26,83.18
443.89,25.15,68.51,1013.25,72.31
459.45,17.06,52.9,1019.76,80.9
444.6,23.68,49.02,1007.53,86.05
474.56,11.95,39.82,1013.4,92.51
446.46,25.39,58.79,1015.85,62.59
475.01,11.52,40.8,1024.31,73.49
457.55,19.69,56.65,1020.86,73.41
433.97,26.1,74.16,1009.42,85.4
437.06,27.44,74.9,1003.85,76.65
449.23,27.35,66.05,1017.62,55.26
446.16,25.7,69.45,1013.86,56.91
451.41,24.54,58.66,1011.63,57.62
465.61,14.87,41.23,997.39,82.06
467.34,14.05,40.35,1011.52,66.21
433.97,25.69,73.18,1012.64,86.35
429.31,31.01,67.69,1005.06,46.16
468.52,9.46,42.28,1008.67,78.16
478.87,7.71,40.77,1021.93,87.04
463.44,15.69,37.64,1016.0,83.88
442.75,26.45,64.27,1013.23,60.92
450.86,22.86,60.08,1017.2,67.11
454.78,21.61,49.39,1019.41,78.2
434.7,25.66,77.54,1008.22,78.42
437.39,22.48,71.29,1008.15,75.41
447.13,21.58,63.87,1015.27,63.15
433.63,25.94,77.24,1007.97,84.82
459.19,16.45,44.68,1018.6,85.14
443.24,27.88,63.87,1017.79,40.0
441.22,26.62,65.12,1016.0,43.24
443.78,27.94,49.16,1004.22,35.46
481.88,5.02,45.87,1007.8,99.22
429.31,31.87,71.22,1006.16,45.66
433.08,24.49,68.61,1010.56,64.03
426.67,30.42,67.69,1006.23,54.19
448.21,20.85,59.21,1012.9,75.97
463.49,13.18,40.03,1017.75,82.29
479.78,5.37,38.68,1017.76,76.48
429.1,31.81,69.88,1007.94,55.91
457.68,20.55,48.98,1016.1,63.89
437.39,22.49,69.84,1006.78,73.76
482.36,12.57,39.18,1023.09,77.28
430.29,27.35,69.48,1008.51,65.81
461.96,17.82,49.15,1020.73,70.25
443.33,23.25,56.9,1006.82,76.37
475.01,9.37,40.11,1024.94,75.03
452.41,24.43,58.2,1017.18,46.84
451.58,20.04,49.39,1020.62,78.84
478.55,10.06,43.22,1014.1,85.7
445.17,21.44,50.78,1008.87,87.56
447.93,29.04,62.26,1010.63,56.6
478.87,8.83,41.26,1023.04,86.08
439.55,24.19,46.21,1010.79,62.04
473.56,11.97,41.04,1026.42,70.75
461.63,19.43,52.9,1017.16,67.41
468.23,15.59,45.09,1013.41,91.97
472.43,13.23,42.34,1018.02,97.49
455.42,16.34,41.16,1006.36,75.52
450.46,28.1,61.02,1011.28,59.05
441.29,26.08,70.32,1012.32,89.0
448.25,24.44,52.84,1006.39,49.05
456.54,18.37,58.96,1015.5,67.79
443.63,22.93,51.19,1009.3,82.8
426.82,29.67,73.67,1006.48,64.98
471.46,12.15,43.71,1025.78,93.69
463.03,15.67,45.17,1018.73,94.74
466.09,14.7,48.6,1006.91,85.65
439.63,27.33,52.84,1005.88,56.16
472.16,12.55,38.91,1012.58,75.44
429.1,31.42,69.13,1009.34,57.16
459.14,15.44,39.54,1007.49,82.14
446.45,24.19,47.45,1008.26,64.25
481.28,6.05,41.14,1027.69,86.93
472.27,13.94,42.86,1012.35,88.78
478.98,5.79,45.87,1010.23,95.41
439.37,27.01,69.75,1009.78,81.29
475.88,9.59,38.56,1017.01,60.1
437.11,27.46,69.98,1013.28,63.73
436.7,22.63,70.47,1008.0,82.27
433.21,28.11,77.95,1009.38,72.81
454.4,18.87,44.06,1013.42,68.78
460.06,15.5,49.25,1021.41,77.92
481.28,3.73,39.42,1024.4,82.42
437.37,26.41,68.24,1010.6,77.79
456.56,17.83,66.86,1011.65,77.31
472.32,13.44,37.85,1009.78,99.13
463.03,14.62,46.18,1014.75,96.81
466.63,19.7,43.79,1015.93,47.39
489.6,6.06,41.17,1019.67,84.7
455.42,15.89,38.73,1001.45,74.37
433.07,31.63,69.59,1008.66,61.81
466.87,18.99,44.58,1018.29,54.71
462.25,13.96,40.92,1022.65,73.08
450.07,20.21,54.9,1016.82,66.56
465.26,15.14,49.64,1023.78,75.0
471.08,18.97,44.85,1014.86,46.31
448.98,21.36,52.3,1007.95,79.38
432.3,29.48,64.69,1006.44,64.46
450.32,21.1,62.66,1011.19,83.49
431.44,26.51,70.32,1010.3,57.4
436.92,30.93,61.5,1009.81,41.46
479.64,11.64,41.44,1016.4,73.18
482.78,7.26,36.08,1021.47,83.15
465.77,16.36,44.88,1018.34,76.0
445.86,17.43,63.09,1019.87,92.77
472.16,10.37,37.5,1013.19,79.25
444.99,22.8,49.16,1006.4,77.05
434.15,21.0,70.02,1010.22,95.11
460.06,12.68,45.0,1022.54,77.19
475.24,12.35,44.2,1017.81,82.49
489.79,7.09,43.13,1017.91,92.37
435.28,28.9,68.12,1011.87,46.56
429.31,26.82,69.05,1004.62,40.0
463.36,11.02,40.71,1020.3,86.64
467.74,14.95,43.72,1010.28,93.62
460.51,16.58,44.68,1021.5,83.38
433.07,31.73,73.42,1010.8,61.81
482.78,8.58,38.38,1021.03,84.37
445.28,28.08,73.17,1011.19,73.1
429.31,31.01,67.83,1007.95,43.57
450.46,26.94,59.87,1011.66,58.34
472.43,10.2,41.62,1016.52,98.09
468.02,9.2,39.99,1011.73,85.95
439.37,27.69,70.32,1012.2,82.27
433.08,25.71,71.14,1010.02,66.39
455.42,18.22,39.63,1005.11,79.0
455.42,16.81,42.42,1008.95,74.25
441.5,30.63,74.22,1007.47,46.52
474.56,12.11,38.28,1013.56,93.21
446.46,23.75,60.29,1017.36,64.04
433.5,33.96,68.94,1006.93,47.39
440.1,29.35,54.2,1013.07,42.45
448.32,23.07,50.05,1006.9,86.98
479.28,12.91,41.66,1013.37,71.52
484.2,6.25,39.04,1019.65,71.27
445.22,19.8,58.79,1017.04,87.71
426.67,31.38,68.27,1006.79,52.79
471.6,10.62,39.96,1025.37,96.64
483.42,6.89,43.65,1019.87,72.77
455.42,16.3,38.73,1001.79,73.45
460.06,14.82,44.58,1020.13,74.88
443.1,22.97,63.94,1010.5,88.47
437.94,31.15,66.25,1008.89,61.08
466.0,15.69,41.93,1021.3,52.69
432.3,26.65,66.48,1005.7,65.09
434.64,29.38,73.42,1011.49,54.96
469.13,16.77,49.39,1018.61,95.86
436.16,22.77,70.32,1012.04,82.43
448.25,15.91,44.99,1010.93,62.81
434.67,24.33,68.08,1013.02,64.81
454.66,19.69,56.65,1020.79,66.94
426.67,31.76,66.54,1003.02,49.64
466.64,14.47,42.86,1031.55,66.73
430.32,27.2,72.43,1006.75,80.67
466.38,17.29,44.06,1016.24,77.56
441.91,25.44,63.13,1011.74,77.83
466.87,16.98,43.7,1015.07,53.51
437.39,22.65,68.67,1006.67,77.42
442.59,26.41,60.93,1007.16,66.02
450.57,19.78,63.09,1019.01,78.39
455.17,19.26,65.61,1015.03,85.74
454.66,22.25,59.8,1016.79,69.02
491.54,7.1,35.77,1015.39,92.1
459.1,18.53,39.72,1001.26,64.08
436.38,30.47,77.3,1002.13,63.7
434.02,27.34,71.64,1008.12,72.22
426.25,29.8,69.34,1009.36,64.74
449.91,22.69,65.12,1016.35,72.02
461.78,18.58,49.25,1019.92,60.24
465.77,14.16,44.06,1018.92,76.34
437.27,28.33,78.92,1011.15,70.04
435.28,28.31,70.32,1007.88,47.0
461.78,21.5,50.59,1017.08,65.28
430.19,29.24,64.33,1011.5,64.14
434.67,25.15,66.49,1012.71,63.46
461.63,15.48,53.82,1016.1,64.77
446.68,16.07,47.83,1006.99,86.49
456.49,18.02,53.16,1013.41,82.84
466.85,14.99,41.35,1004.56,98.9
427.04,29.62,71.8,1011.05,63.13
450.01,25.04,63.86,1018.92,52.79
485.36,11.45,40.8,1027.74,78.6
461.96,18.96,44.58,1016.66,71.95
438.28,26.54,66.51,1015.39,51.22
441.17,22.3,67.25,1017.33,75.85
470.19,14.7,41.39,1018.84,68.19
468.02,9.14,40.6,1015.34,88.91
488.43,6.14,38.5,1012.4,75.35
467.44,11.24,42.34,1021.3,95.19
432.6,30.55,71.06,1009.33,73.38
467.05,14.9,52.05,1015.11,77.33
475.01,10.25,37.14,1013.14,70.73
471.07,3.26,41.31,996.32,100.0
440.87,27.54,75.6,1018.26,57.89
465.24,13.65,44.6,1017.99,87.04
449.99,22.08,41.1,1002.19,46.69
439.01,24.93,69.05,1001.02,85.14
433.75,27.58,71.97,1008.51,87.99
432.76,32.14,75.08,1005.35,49.92
466.63,16.98,44.85,1015.48,51.77
468.54,13.25,34.03,1018.94,72.1
439.87,25.9,48.92,1009.82,35.42
430.19,30.27,64.05,1011.93,65.72
448.98,22.37,50.78,1008.84,82.06
446.44,21.93,57.17,1009.81,81.15
428.61,29.65,74.9,1003.22,71.09
457.07,18.32,42.18,1002.27,95.99
453.26,22.76,44.05,1006.95,74.07
475.24,8.95,43.56,1015.04,81.53
473.23,13.12,44.21,1019.57,89.29
453.26,21.18,44.57,1007.27,73.67
456.2,16.71,46.18,1011.61,95.82
472.11,15.01,43.56,1014.65,61.82
443.89,25.96,68.08,1011.34,71.57
439.81,33.4,69.98,1013.29,47.78
445.86,17.4,63.09,1020.84,92.58
486.06,6.49,35.57,1025.4,79.67
483.04,6.01,35.79,1011.26,90.72
433.24,29.97,69.14,1007.92,66.74
451.49,21.33,63.86,1020.33,72.13
445.91,23.27,64.69,1006.84,70.53
443.12,28.3,59.27,1010.92,61.83
478.98,5.74,45.87,1011.44,95.94
445.17,21.67,50.32,1008.41,85.99
459.39,20.06,47.03,1013.66,83.23
481.88,8.25,37.49,1009.02,81.09
448.98,22.61,50.32,1008.41,79.4
441.29,26.31,71.29,1009.87,84.16
446.46,25.03,57.5,1014.96,62.23
462.87,11.44,41.39,1019.59,79.95
449.8,25.14,49.02,1007.56,79.02
433.07,30.91,69.75,1010.23,59.36
432.6,31.54,71.06,1008.4,71.77
466.67,12.24,44.9,1020.31,82.22
484.09,6.65,39.33,1011.29,92.85
479.78,8.31,40.46,1020.07,78.18
446.68,22.72,50.05,1007.0,88.24
441.11,22.78,58.59,1012.84,65.55
433.97,25.63,72.99,1008.2,86.8
483.04,6.01,35.79,1011.05,91.33
456.5,20.21,65.06,1016.46,73.36
478.08,7.47,40.64,1020.47,94.8
439.67,19.73,69.51,1013.14,61.84
469.29,13.57,39.39,1014.01,82.12
472.88,14.8,42.77,1019.14,76.53
473.23,10.41,44.68,1023.53,91.38
472.11,12.33,39.85,1012.53,66.04
433.25,26.65,73.18,1012.27,83.12
455.05,19.09,56.51,1015.58,92.56
475.24,12.81,45.51,1015.46,79.97
482.78,9.99,36.71,1023.57,83.53
474.29,13.02,40.1,1014.43,87.32
472.16,14.15,39.28,1013.5,77.63
460.57,19.46,47.03,1013.9,88.86
464.14,23.19,42.67,1007.83,63.31
456.54,20.25,58.59,1012.99,65.98
427.53,31.9,69.4,1003.4,57.76
457.68,20.76,44.58,1017.09,57.47
454.71,20.51,42.23,1013.25,71.83
434.15,22.56,70.98,1005.66,95.95
435.94,25.64,68.14,1005.48,56.11
450.86,23.63,58.79,1017.2,67.68
461.55,15.3,43.14,1015.11,71.35
484.2,6.79,39.37,1019.79,72.39
439.55,23.89,48.41,1010.48,62.31
440.8,26.23,63.56,1013.57,65.81
475.24,12.5,45.51,1015.8,82.82
441.17,21.97,68.12,1012.53,75.12
449.23,24.11,66.51,1015.35,56.01
454.78,18.24,49.5,1014.37,79.36
446.68,19.7,52.84,1004.86,89.72
457.55,19.15,57.76,1019.62,74.89
461.6,14.79,39.52,1017.95,71.97
436.7,25.13,68.63,1013.57,43.44
444.85,23.02,59.21,1011.74,83.18
430.96,34.35,77.17,1009.26,59.33
436.62,23.95,66.48,1003.55,73.68
443.24,25.52,63.94,1017.81,41.54
464.14,23.56,42.67,1008.01,66.76
450.46,26.67,59.44,1012.01,58.83
444.84,18.7,66.51,1015.14,79.23
445.26,25.89,63.56,1013.82,64.51
439.63,27.25,50.05,1006.53,60.64
455.05,16.73,58.59,1015.02,89.61
427.04,30.67,77.95,1015.28,61.67
467.05,13.98,54.3,1015.58,74.91
441.29,25.42,69.71,1009.29,82.5
455.18,21.57,66.49,1014.76,68.19
441.29,23.66,67.17,1007.24,87.56
459.14,13.87,42.99,1007.45,81.52
475.8,9.42,41.4,1029.6,87.43
468.75,13.61,39.85,1012.78,58.12
449.81,23.84,59.87,1019.11,59.59
443.12,31.09,59.57,1010.67,60.5
480.25,3.98,35.47,1017.22,86.53
437.42,29.28,74.33,1011.66,72.37
449.9,23.55,58.79,1010.78,78.47
457.68,17.37,48.92,1011.91,58.4
465.97,18.34,44.63,1000.76,89.27
459.14,13.86,40.83,1008.76,82.4
447.93,27.36,58.33,1013.86,56.7
449.98,27.71,54.2,1012.72,47.25
485.06,8.46,40.8,1023.57,81.27
439.63,25.18,47.93,1002.92,60.33
445.86,21.82,63.9,1014.48,92.53
459.14,15.61,40.89,1010.48,80.26
431.77,30.4,71.97,1008.42,76.28
471.07,10.54,42.02,997.5,99.77
471.6,10.59,39.96,1025.87,97.05
470.19,12.52,41.44,1016.08,68.94
429.31,32.92,69.05,1000.74,39.61
439.37,21.14,69.94,1008.87,79.74
441.22,26.33,64.45,1013.12,43.31
434.16,27.19,71.58,1010.85,76.1
457.55,19.64,56.53,1019.6,76.19
455.05,15.52,58.59,1014.12,91.22
475.85,12.95,41.38,1021.97,53.83
482.78,6.43,36.08,1022.73,85.03
437.67,25.21,60.37,1006.01,73.14
466.63,21.24,41.67,1012.6,49.27
475.8,9.63,41.14,1027.99,87.89
450.86,24.32,58.79,1016.8,65.61
455.17,17.47,63.31,1015.28,88.22
472.16,14.54,39.39,1013.87,76.39
453.54,20.74,49.69,1010.91,69.1
478.87,8.75,40.77,1021.99,86.46
431.37,27.67,69.59,1009.13,82.15
441.11,23.21,58.66,1012.24,65.31
475.32,7.49,39.81,1019.03,87.29
468.02,7.82,38.91,1015.58,90.11
485.01,7.77,35.77,1016.53,73.79
449.8,22.84,50.05,1005.59,79.49
465.94,10.48,41.93,1017.17,92.81
481.46,10.2,41.46,1020.23,84.54
438.28,27.24,68.08,1013.23,51.96
471.8,9.37,42.32,1015.15,82.96
451.41,24.12,58.66,1011.55,58.96
457.29,14.54,43.14,1010.26,82.98
434.8,31.23,66.75,1017.48,36.55
481.88,5.41,45.87,1008.47,97.51
463.44,15.61,38.52,1018.4,80.99
444.51,26.9,59.14,1016.18,70.88
433.99,23.95,73.67,1007.32,87.67
465.94,9.2,40.03,1017.05,92.46
475.24,9.51,43.79,1016.02,79.81
478.87,8.51,41.26,1023.17,87.79
448.98,19.66,51.43,1010.17,84.19
439.82,27.33,51.43,1006.18,67.6
449.02,21.43,63.94,1017.28,57.49
472.27,14.97,43.67,1011.13,87.33
436.16,21.97,69.23,1012.25,86.45
484.33,8.34,40.77,1010.84,90.01
442.11,21.86,60.27,1016.06,90.48
433.99,24.59,71.94,1006.89,88.52
431.16,26.26,73.06,1009.35,91.65
433.08,26.76,71.94,1008.81,64.62
434.64,30.98,69.82,1009.17,50.63
444.84,19.22,65.06,1015.05,82.5
434.67,25.72,70.47,1010.44,70.57
454.71,22.37,41.54,1013.74,72.21
448.42,26.05,44.89,1009.83,56.36
448.04,20.8,50.9,1012.07,73.16
431.83,29.1,77.95,1010.01,71.48
476.18,11.17,40.27,1009.54,74.56
466.71,11.35,40.73,1019.37,96.05
450.98,18.12,63.09,1019.32,89.21
461.55,16.97,42.86,1013.92,74.8
475.42,10.22,38.18,1018.01,70.7
468.43,13.1,40.55,1007.59,95.46
454.26,18.22,45.09,1013.62,75.56
480.38,4.15,39.9,1008.84,96.68
444.19,19.15,59.21,1018.41,88.9
468.4,15.87,39.31,1009.95,66.78
475.8,8.05,40.8,1028.01,89.56
444.28,18.81,61.87,1009.71,70.47
454.68,23.95,51.86,1014.24,68.28
461.6,13.21,41.2,1016.63,74.1
478.37,9.38,43.7,1015.45,90.47
452.41,27.41,59.21,1013.3,50.93
456.5,18.42,63.94,1020.47,74.47
450.71,19.51,44.05,1008.52,78.38
437.06,28.5,76.86,999.49,77.47
476.31,11.97,42.32,1016.95,88.32
491.23,3.0,39.64,1011.0,80.14
472.12,12.11,41.17,1019.46,62.59
470.27,12.32,41.26,1022.42,79.74
478.88,8.83,36.3,1027.08,72.69
453.54,20.08,49.69,1008.34,69.88
429.86,32.12,69.98,1013.31,54.3
459.45,18.68,56.65,1020.38,80.26
426.67,28.33,68.27,1008.09,50.37
441.22,25.14,67.32,1013.96,41.78
429.86,31.43,69.89,1014.8,56.22
441.5,29.54,72.29,1011.0,42.0
435.81,24.94,74.33,1014.3,75.34
433.25,26.49,67.69,1004.61,78.13
441.91,23.89,64.27,1013.37,75.22
459.14,14.41,40.83,1009.82,80.43
429.1,29.3,68.08,1011.23,56.23
433.75,23.09,69.71,1009.75,91.35
433.99,23.23,71.77,1005.01,88.1
435.94,28.86,67.9,1006.29,57.19
475.32,7.4,41.04,1024.44,90.9
441.91,25.23,61.86,1013.0,76.18
433.21,26.69,79.74,1008.29,73.79
439.4,23.99,45.87,1007.63,52.62
439.09,31.65,66.25,1008.57,59.05
479.64,8.94,43.13,1014.82,76.66
455.05,15.79,58.86,1015.85,91.91
476.7,11.43,40.22,1010.84,81.04
437.76,21.14,67.71,1006.38,56.78
445.26,25.21,65.34,1013.94,65.04
468.02,10.42,39.35,1015.21,89.75
491.23,4.84,38.5,1011.96,81.62
436.16,21.57,69.23,1011.94,81.73
456.18,20.86,39.72,1001.73,56.38
475.61,11.06,37.92,1008.76,67.32
459.19,15.86,40.66,1016.23,86.74
444.99,22.12,60.77,1018.01,83.87
433.07,30.2,71.8,1011.13,60.66
473.33,7.91,37.8,1020.59,61.0
445.86,17.1,62.1,1020.39,93.63
463.36,13.06,44.2,1018.95,85.68
436.16,20.73,69.94,1009.9,82.12
482.78,10.69,36.71,1022.08,83.28
454.4,17.28,44.06,1018.15,66.93
471.6,8.13,39.96,1026.07,95.84
464.14,19.4,39.53,1007.96,63.38
450.01,25.21,59.21,1017.37,55.06
440.89,25.67,58.59,1013.0,62.34
478.55,7.31,42.18,1014.75,86.75
441.11,24.27,57.85,1012.81,63.48
438.28,25.8,65.38,1009.3,52.28
464.14,20.68,42.04,1010.2,63.43
445.17,21.26,50.32,1008.41,87.22
473.33,11.2,35.76,1019.24,64.59
464.14,20.0,39.53,1007.59,62.09
465.94,10.34,41.46,1017.75,89.73
474.52,7.72,41.14,1025.11,96.75
434.7,26.79,77.95,1009.9,80.22
445.18,21.26,60.84,1018.43,78.83
461.05,12.85,40.92,1023.04,84.04
430.29,28.07,70.32,1007.17,67.02
466.15,17.72,39.99,1007.34,72.3
433.63,26.43,75.33,1004.09,86.48
437.76,27.39,67.07,1006.17,58.2
435.28,30.18,65.74,1012.63,47.74
431.44,25.45,67.83,1009.47,57.97
481.41,11.72,41.54,1020.04,66.84
478.37,8.43,40.6,1015.39,91.81
465.2,16.18,41.66,1010.01,65.62
467.05,13.33,54.3,1016.77,80.32
447.7,26.18,52.36,1013.46,56.65
484.2,8.57,41.17,1020.18,72.47
446.19,21.22,59.15,1014.68,59.71
445.26,26.53,65.18,1012.77,64.37
465.94,12.34,40.1,1015.77,92.26
450.71,19.54,44.57,1007.19,78.93
474.29,9.68,41.44,1015.19,87.34
455.17,18.19,66.54,1012.9,86.05
426.67,31.25,68.94,1005.99,49.61
438.16,26.8,72.58,1008.94,78.24
464.14,16.82,41.66,1010.49,63.14
441.41,29.52,64.79,1017.53,44.83
434.25,26.93,72.99,1007.33,78.85
475.8,9.45,41.4,1027.06,87.35
464.88,13.98,44.84,1023.6,89.09
426.82,29.15,73.42,1011.43,66.49
475.42,10.28,39.61,1020.43,69.09
445.85,21.24,63.47,1011.86,97.02
474.09,11.41,41.4,1019.01,78.59
456.18,20.15,39.72,1001.85,59.32
476.18,11.39,40.27,1009.04,73.13
441.21,22.07,50.78,1008.6,61.33
431.44,28.28,69.48,1008.56,61.3
475.21,9.96,41.26,1022.9,83.83
453.26,21.69,44.57,1005.84,71.53
466.67,13.93,44.21,1022.26,82.4
444.64,23.63,60.93,1006.41,83.06
455.25,16.39,52.75,1024.42,54.61
466.67,13.93,44.9,1022.15,85.93
461.05,14.5,41.76,1023.94,84.42
444.84,18.84,67.32,1012.63,81.89
442.75,27.19,64.27,1013.06,58.13
436.16,20.95,70.72,1009.96,87.73
466.2,14.49,41.92,1030.3,56.62
433.99,24.77,71.94,1006.77,88.86
451.58,21.14,48.78,1020.39,86.2
450.46,28.4,59.27,1012.03,59.75
455.18,17.69,65.46,1013.72,67.28
442.75,23.39,63.94,1010.54,89.94
448.25,20.98,43.77,1010.67,62.73
484.99,7.24,41.17,1020.35,80.56
449.91,22.17,65.61,1014.71,70.91
466.63,19.23,41.67,1012.53,48.86
475.46,10.82,41.55,1004.55,65.14
463.03,16.7,50.66,1014.86,94.87
446.68,19.83,51.19,1008.13,91.29
436.38,29.99,74.9,1003.84,64.43
441.11,25.02,60.77,1016.71,69.85
482.8,8.85,40.22,1008.61,90.6
476.31,9.87,40.81,1017.17,84.25
433.99,24.04,72.43,1008.02,87.2
430.34,26.45,69.13,1001.53,89.64
452.41,27.58,57.19,1007.88,52.95
469.33,16.53,53.29,1018.64,87.47
443.12,29.24,60.23,1009.62,59.71
472.11,15.52,40.0,1017.0,66.27
435.94,28.47,67.69,1004.79,56.51
479.78,8.27,35.76,1020.11,75.25
449.23,26.75,64.79,1017.79,54.31
434.15,22.64,72.24,1011.07,98.55
455.17,19.59,66.54,1012.73,85.84
457.07,18.56,42.18,1001.46,99.59
471.23,9.35,44.03,1011.02,88.11
426.82,28.5,72.99,1007.02,67.13
433.97,23.42,73.17,1012.07,88.39
444.19,22.66,68.3,1017.73,86.92
433.5,32.0,71.85,1008.44,53.59
445.91,21.11,65.94,1009.83,71.91
434.67,26.34,69.04,1009.44,72.06
439.87,20.94,44.78,1008.14,35.7
448.79,20.54,59.39,1014.07,84.15
481.88,8.16,39.64,1011.21,85.56
428.61,29.11,74.9,1003.31,74.01
454.66,20.16,57.76,1019.34,72.1
447.91,24.87,68.61,1011.19,55.69
437.41,25.86,59.92,1009.92,73.95
434.16,27.26,73.18,1012.58,74.83
428.25,28.59,69.84,1003.79,67.31
482.8,8.75,40.22,1008.96,90.53
478.87,9.11,40.64,1020.68,86.91
436.75,22.98,69.84,1005.55,84.1
475.24,11.28,43.41,1017.91,81.03
435.81,26.12,75.6,1017.41,72.31
429.38,32.9,68.51,1012.95,50.09
463.05,17.31,44.71,1017.43,35.4
483.27,5.25,42.85,1013.75,89.67
443.1,22.57,62.4,1009.77,86.05
446.68,20.41,50.32,1008.45,93.12
465.94,12.29,40.03,1017.62,89.64
427.67,24.3,69.94,1007.02,62.14
474.56,11.56,41.62,1012.5,91.42
463.49,14.21,39.16,1016.5,85.09
443.89,24.96,68.12,1011.27,70.22
427.65,28.16,70.4,1003.77,83.17
439.55,22.86,47.43,1009.75,61.54
466.67,14.43,45.08,1023.23,83.98
435.94,29.3,67.69,1007.17,55.5
461.96,22.61,42.8,1014.24,69.71
445.22,19.83,59.21,1012.67,96.42
437.41,26.17,59.92,1010.01,73.75
483.27,5.78,45.87,1012.65,88.8
479.78,8.77,40.46,1019.68,77.84
438.48,24.48,69.13,1002.88,69.43
465.97,15.29,41.1,1005.75,85.53
474.52,9.44,43.99,1020.31,98.06
446.45,26.4,48.41,1008.51,66.95
451.49,21.95,60.95,1015.22,75.09
450.86,22.42,60.08,1017.71,67.46
449.23,24.32,65.48,1017.55,59.02
434.64,30.15,72.51,1009.37,50.64
476.01,6.86,40.02,1031.5,77.94
468.23,14.46,45.87,1008.26,89.44
485.57,4.73,41.31,999.77,93.44
484.2,10.27,38.38,1022.16,70.77
450.07,20.37,54.9,1016.94,65.86
478.55,8.12,43.02,1013.56,85.26
430.29,28.57,69.34,1007.98,65.55
461.78,18.81,49.15,1020.79,67.09
444.8,28.62,63.77,1012.82,55.77
476.96,13.96,40.83,1009.89,84.86
428.25,30.47,72.86,1004.02,66.35
426.67,29.13,66.56,1006.63,52.85
443.33,24.41,56.9,1006.58,77.94
454.4,14.56,45.51,1015.39,69.84
482.8,7.11,39.9,1008.82,87.76
481.88,7.92,39.54,1011.51,84.41
461.05,14.56,41.76,1023.82,85.36
461.16,17.45,42.28,1007.64,69.19
426.14,29.75,70.32,1007.35,55.8
476.96,14.86,37.85,1010.58,86.8
482.78,10.57,36.71,1022.11,82.39
432.22,30.09,76.2,1006.64,61.02
475.32,6.82,41.03,1022.12,87.63
459.14,15.4,41.16,1005.34,80.22
478.55,7.31,43.02,1014.19,86.43
425.12,32.56,68.94,1007.12,58.18
473.57,9.77,39.04,1023.73,76.06
425.27,29.22,72.39,1000.87,77.39
465.97,14.33,38.73,1003.52,85.92
437.27,23.36,74.93,1016.57,71.91
459.14,15.23,44.9,1007.75,81.34
444.8,26.82,65.27,1013.6,53.85
432.34,32.41,72.86,1003.69,58.04
474.29,12.92,39.35,1014.56,88.29
466.0,16.92,44.6,1017.34,58.75
445.86,17.18,63.09,1020.67,93.58
444.8,29.31,64.84,1010.49,53.97
441.21,27.04,48.41,1008.57,60.73
464.88,13.21,43.71,1024.5,86.59
479.28,12.3,39.85,1012.59,73.38
462.87,14.66,41.76,1022.12,78.13
437.43,29.1,73.9,1007.47,59.48
436.89,24.54,60.23,1011.55,72.78
433.25,25.24,68.67,1006.76,76.95
443.89,24.81,66.44,1011.19,69.96
475.88,8.75,36.3,1015.61,57.53
466.0,18.01,44.2,1018.84,55.72
426.67,28.44,67.07,1006.08,50.42
472.88,13.56,40.75,1016.05,74.64
455.17,8.13,71.14,1018.94,86.7
448.25,18.97,44.78,1007.87,47.98
433.08,25.66,70.02,1010.89,68.14
445.85,24.32,66.25,1009.09,91.89
456.2,16.7,46.18,1011.4,95.51
478.55,7.61,43.22,1014.8,86.92
475.88,9.01,38.56,1016.67,63.61
454.71,14.98,39.58,1011.78,75.07
435.28,30.24,67.32,1014.07,46.53
465.97,13.53,38.73,1004.86,85.38
461.96,16.73,43.79,1016.25,73.58
465.94,11.94,39.28,1017.04,89.88
443.89,25.68,67.79,1010.66,69.51
456.5,17.84,61.27,1020.1,70.68
450.01,22.66,61.27,1019.29,55.43
448.25,15.69,44.6,1014.06,61.51
443.1,22.88,63.91,1009.63,87.82
425.12,30.78,73.67,1005.97,58.7
460.57,18.44,45.38,1014.3,86.02
478.37,12.03,41.58,1015.09,90.43
440.7,27.74,74.78,1010.05,60.82
433.5,33.01,69.88,1006.71,53.25
474.09,10.56,41.54,1019.92,78.95
431.44,28.8,71.58,1010.51,59.87
460.4,18.0,44.06,1016.8,78.88
455.42,15.27,38.73,1002.83,77.77
485.57,6.26,41.31,1002.04,87.54
479.95,9.24,41.4,1018.34,84.91
460.57,19.65,51.3,1014.81,90.23
444.6,21.32,49.02,1008.81,85.81
475.32,8.43,40.69,1020.36,87.28
464.14,23.49,42.8,1013.96,65.31
454.4,17.88,46.97,1013.73,67.78
448.42,24.7,44.57,1008.24,57.62
440.79,28.4,74.93,1013.65,48.6
437.67,24.59,60.37,1005.31,76.81
442.75,18.28,60.1,1009.72,85.79
467.34,10.08,37.92,1010.47,66.37
463.03,14.48,46.18,1015.83,92.15
448.25,24.77,48.92,1010.25,47.04
431.51,26.13,79.74,1005.61,90.27
482.78,7.61,38.06,1021.16,83.22
446.76,22.06,59.21,1012.84,87.06
456.18,20.51,39.72,1002.25,47.97
444.04,22.99,56.57,1013.93,78.77
463.13,14.05,39.59,1011.2,94.54
474.09,10.95,40.81,1016.19,77.96
474.29,11.84,40.05,1014.54,86.78
445.17,20.76,51.19,1009.0,87.23
469.33,12.89,48.14,1017.48,83.95
433.25,26.62,72.43,1006.79,82.74
455.42,15.8,41.1,1003.0,77.36
459.14,17.8,43.72,1008.71,78.5
479.78,5.5,39.04,1021.46,78.91
462.87,12.38,44.2,1020.23,81.5
472.12,17.14,44.2,1018.91,62.18
481.56,9.41,39.61,1016.14,78.38
475.96,14.44,41.2,1015.96,81.97
461.05,11.68,40.55,1022.21,85.76
469.33,17.48,49.39,1021.51,84.53
472.12,13.87,41.74,1021.42,64.02
436.16,23.57,70.04,1011.06,82.79
460.57,15.85,49.69,1015.48,88.65
439.37,25.59,73.5,1011.19,81.52
456.5,13.95,71.14,1019.76,75.51
456.4,17.12,49.5,1014.79,87.03
437.37,23.99,67.69,1007.9,78.57
444.99,24.41,52.3,1006.28,70.33
433.07,30.25,71.8,1010.87,60.4
463.13,13.38,40.89,1010.48,92.55
439.37,27.55,73.68,1013.62,81.13
433.63,25.16,77.3,1000.73,86.4
435.56,34.15,68.51,1010.75,37.02
465.94,12.68,40.73,1017.66,92.08
439.91,24.64,58.49,1011.2,72.67
445.28,25.38,70.94,1007.87,73.59
433.57,31.35,71.32,1005.99,62.35
474.52,7.79,41.01,1024.0,97.2
447.13,19.19,63.31,1016.88,66.58
467.44,11.8,42.34,1020.25,93.54
443.1,20.47,63.07,1012.79,88.67
433.08,24.82,71.94,1010.5,64.67
434.64,29.6,71.58,1010.34,52.56
475.01,9.48,40.11,1025.49,73.81
427.04,28.42,73.4,1011.39,62.72
472.11,11.86,39.85,1013.0,66.92
457.29,14.48,40.89,1011.39,82.18
485.57,4.71,42.07,1005.35,82.26
444.19,21.7,60.77,1018.07,88.15
430.29,28.97,67.9,1006.19,65.81
460.51,14.1,44.84,1025.09,79.42
477.14,11.74,40.71,1020.64,82.15
448.25,23.82,48.92,1010.48,44.45
453.26,23.01,44.05,1006.56,74.95
430.9,25.77,68.08,1010.99,73.58
440.89,27.0,59.15,1013.12,61.39
475.85,11.92,40.62,1015.91,55.4
457.29,12.83,41.67,1012.84,84.29
468.52,13.69,43.22,1009.94,74.64
466.2,14.17,42.86,1030.94,66.47
462.87,12.82,41.58,1020.37,81.06
456.2,16.7,46.18,1012.6,96.15
475.8,6.5,41.14,1028.15,86.78
485.36,8.28,40.56,1023.29,79.44
431.37,28.46,69.75,1009.46,79.75
440.1,27.16,56.85,1012.07,39.05
472.27,14.12,42.86,1011.84,88.29
474.29,10.8,40.69,1014.3,87.44
453.26,21.4,44.57,1005.7,73.09
441.11,26.45,54.5,1014.96,65.55
449.23,27.39,66.93,1017.16,53.75
442.46,25.78,47.93,1003.67,67.23
475.88,9.5,37.36,1015.13,63.41
434.25,25.1,74.87,1010.01,79.41
426.9,31.98,70.17,999.43,59.42
474.29,11.71,40.05,1014.49,86.09
472.45,13.81,40.2,1013.66,88.16
439.67,21.95,68.63,1012.8,61.55
483.83,6.94,39.61,1017.74,81.43
472.27,14.26,42.86,1011.33,88.37
451.38,19.04,50.12,1010.53,100.09
468.66,14.65,39.28,1014.04,77.98
449.91,22.35,65.61,1016.27,73.93
437.65,33.33,73.03,1014.2,42.28
472.27,12.32,41.62,1012.16,88.37
436.5,29.55,66.25,1009.38,69.55
461.6,14.81,42.77,1017.83,75.09
448.21,19.48,58.66,1013.32,73.16
449.98,28.01,51.43,1011.6,49.2
425.12,31.46,70.79,1003.54,59.51
462.25,13.98,40.71,1022.72,71.83
433.97,27.32,73.42,1012.07,86.3
440.43,24.75,63.57,1010.47,84.24
430.19,28.29,61.86,1011.87,64.17
430.32,26.24,70.36,1005.4,82.43
489.02,9.54,41.17,1019.79,65.61
439.63,27.44,52.3,1008.15,58.92
460.57,20.86,51.3,1012.03,92.46
480.25,7.69,36.24,1013.08,88.37
447.0,22.97,64.15,1021.0,70.61
460.54,20.24,56.03,1019.78,59.8
468.02,8.5,39.16,1014.1,86.64
444.84,19.38,63.56,1013.13,83.54
446.76,21.31,58.05,1012.94,88.39
432.76,32.98,71.32,1003.67,49.78
434.78,26.49,78.92,1010.82,83.42
437.35,32.14,68.31,1010.48,42.15
476.1,9.45,43.5,1018.89,84.29
464.7,15.06,39.3,1019.63,63.32
464.88,15.7,44.21,1021.26,86.83
443.33,21.47,57.19,1006.45,75.8
486.06,9.08,36.71,1025.07,81.32
433.42,25.72,72.39,1003.01,86.38
445.85,20.25,63.91,1009.27,97.97
443.8,23.7,62.91,1012.26,57.89
432.76,31.84,71.37,1003.51,46.22
470.27,13.15,41.14,1026.72,80.31
474.29,10.33,41.44,1015.24,86.72
436.38,29.23,77.3,1002.71,65.24
456.56,20.29,65.27,1013.17,74.94
472.12,12.65,41.93,1023.07,65.05
444.06,25.06,65.46,1014.37,38.82
449.91,23.0,63.78,1015.85,70.46
446.45,21.9,47.43,1006.8,60.48
442.92,23.76,58.41,1013.85,85.38
479.95,10.05,41.17,1018.98,83.71
447.93,24.81,59.43,1009.42,54.64
441.22,25.69,64.45,1013.05,42.0
464.88,14.1,44.92,1023.95,89.5
481.46,10.17,41.46,1020.01,84.86
460.59,16.57,53.82,1015.17,63.69
471.08,19.02,44.85,1014.57,43.37
472.27,14.8,40.2,1012.87,88.35
435.28,29.39,69.89,1013.92,47.36
450.01,25.38,63.87,1018.7,52.48
466.71,13.52,42.34,1017.97,95.34
454.78,22.31,51.19,1009.38,79.72
464.74,17.55,43.14,1018.86,76.0
451.93,12.83,44.88,1017.86,87.88
430.72,26.77,74.22,1008.87,74.68
444.44,24.49,65.46,1015.77,44.95
466.87,15.21,43.56,1012.92,56.61
436.7,31.15,67.45,1014.85,42.11
464.7,19.45,38.52,1017.99,62.86
466.38,17.68,45.17,1017.5,77.57
452.85,22.01,58.46,1016.26,75.99
472.27,13.6,42.86,1013.37,87.52
455.42,17.63,40.55,1002.27,73.42
454.72,23.74,52.3,1008.88,76.34
455.09,21.34,51.61,1010.11,80.7
491.54,6.48,36.24,1013.62,92.03
446.96,24.32,59.14,1017.46,80.14
476.96,13.8,39.82,1012.37,83.69
432.76,30.74,71.77,1006.24,53.38
431.16,26.52,77.17,1008.71,92.32
443.67,24.01,46.93,1013.3,52.24
441.29,25.12,71.58,1010.18,87.5
429.38,33.26,68.51,1012.49,52.68
471.07,3.38,41.31,998.79,97.76
448.79,15.77,58.16,1016.09,82.56
473.56,10.75,45.01,1018.73,93.16
466.63,18.04,44.85,1015.13,48.4
448.04,20.79,50.59,1017.75,73.35
442.66,24.85,70.09,1006.56,70.09
468.75,14.87,35.71,1015.53,57.7
489.02,10.93,39.22,1019.44,64.94
475.42,9.51,40.46,1018.84,70.12
447.93,27.57,60.07,1016.52,54.75
448.25,26.13,48.06,1013.5,47.67
465.88,11.72,40.92,1023.35,88.55
451.93,13.32,41.7,1020.22,88.3
461.63,15.65,54.3,1018.0,69.66
432.6,28.98,70.8,1008.19,73.45
444.99,21.96,48.6,1004.87,76.27
447.03,21.29,47.45,1008.85,71.6
446.17,22.0,51.3,1012.87,85.79
469.13,16.49,49.39,1018.1,93.13
441.93,23.57,63.91,1011.65,80.74
442.73,22.72,69.13,1010.81,92.43
438.16,26.06,71.73,1009.65,77.02
437.43,31.11,74.16,1012.2,58.86
460.4,17.34,45.01,1013.22,77.71
449.91,24.42,64.79,1016.12,69.32
428.61,28.88,71.98,1005.37,74.24
462.87,14.28,42.77,1020.06,81.77
465.88,12.28,40.92,1023.23,89.14
464.7,19.92,38.52,1018.15,60.68
476.03,7.98,40.77,1008.69,98.65
426.82,29.17,72.99,1006.86,64.92
445.22,20.71,58.79,1017.48,86.67
442.87,25.15,62.91,1012.23,48.22
448.25,18.45,42.44,1013.45,63.52
434.7,27.96,77.24,1007.23,78.51
457.68,22.61,45.38,1013.92,62.91
467.34,10.62,39.64,1010.51,68.55
479.78,7.55,38.08,1019.37,76.32
437.27,28.84,74.67,1016.52,67.43
443.8,23.55,65.94,1011.76,58.44
471.08,19.11,44.85,1014.76,45.86
437.37,25.87,67.79,1011.16,79.88
472.43,11.68,40.55,1017.31,99.82
430.72,27.51,73.67,1005.71,76.75
476.46,14.43,39.82,1012.56,78.52
428.25,30.22,74.9,1003.57,67.15
453.26,18.41,44.9,1008.97,73.81
434.64,29.56,71.14,1011.42,53.18
430.96,31.54,77.24,1007.83,62.98
434.83,25.16,43.21,1011.73,88.69
432.34,30.75,73.88,1005.62,57.95
456.2,16.71,46.18,1012.06,96.6
450.57,20.29,63.09,1019.03,76.07
447.7,25.16,54.2,1012.69,58.02
433.25,22.56,66.48,1003.82,77.46
441.5,32.81,75.08,1005.09,42.0
430.11,27.04,69.98,1008.5,75.41
466.75,10.58,42.34,1022.32,94.01
434.67,22.91,66.44,1011.23,63.43
433.24,31.35,68.67,1005.26,66.85
475.46,10.55,41.55,1005.02,63.24
434.15,21.53,70.02,1010.33,95.95
475.01,13.42,38.91,1012.81,73.82
466.66,14.26,44.47,1028.81,72.19
439.37,21.89,74.78,1010.35,80.39
444.99,22.98,51.95,1006.83,74.92
451.49,18.63,61.27,1019.69,73.67
433.75,26.28,73.06,1008.06,90.7
475.46,10.12,41.55,1005.78,62.34
437.65,34.53,73.03,1013.53,36.74
439.37,25.55,71.64,1009.09,79.35
442.66,25.41,68.94,1007.21,69.2
444.06,25.59,65.46,1014.47,37.89
442.73,23.09,69.13,1010.93,90.07
475.42,10.31,40.67,1017.61,69.61
426.25,30.1,66.25,1009.38,65.41
460.4,16.81,42.86,1013.83,77.11
449.91,21.87,69.45,1014.04,71.19
434.83,26.75,43.21,1012.29,87.28
429.31,26.3,69.05,1005.37,41.7
437.41,27.19,64.96,1006.71,73.99
441.29,24.15,71.73,1009.76,85.16
433.21,29.28,77.17,1009.4,76.3
468.75,13.61,38.47,1015.1,54.98
446.19,22.04,57.32,1012.54,62.17
479.95,9.86,38.38,1018.22,85.35
434.67,25.81,66.51,1016.53,62.19
463.13,14.29,39.59,1012.36,92.38
436.16,23.15,69.48,1011.07,85.83
480.53,4.96,39.4,1003.58,92.22
445.22,19.11,58.95,1017.07,85.49
450.86,21.84,60.29,1017.23,66.89
434.7,27.4,77.24,1007.65,78.13
441.91,24.63,63.9,1014.53,75.24
437.76,24.37,68.14,1005.22,59.27
450.46,27.16,59.87,1011.78,58.84
471.07,10.67,42.02,996.55,99.94
475.01,11.2,37.5,1013.81,72.81
441.17,25.67,68.3,1017.16,74.19
439.37,25.93,69.34,1008.91,79.43
439.4,25.71,52.84,1006.32,53.29
433.97,22.98,73.17,1011.94,90.13
451.49,21.94,62.52,1015.99,74.56
455.18,22.67,68.08,1013.0,66.59
433.75,27.28,72.58,1009.21,89.96
457.55,20.24,56.53,1020.29,77.75
436.7,27.92,69.23,1013.21,44.43
426.14,31.95,70.79,1003.8,55.25
474.56,11.41,40.1,1014.27,91.17
441.93,23.74,63.9,1014.73,81.9
466.0,18.74,44.34,1019.4,55.16
476.18,11.22,41.66,1008.96,72.38
443.01,22.53,62.39,1007.84,86.4
433.21,26.31,77.95,1012.45,77.22
465.94,10.23,42.07,1017.93,91.1
468.75,9.07,36.3,1015.26,56.81
481.88,8.42,37.49,1009.22,82.15
478.98,4.87,42.85,1012.69,94.72
437.06,26.91,74.99,1005.64,78.98
479.64,10.77,41.44,1016.72,75.27
450.01,22.93,58.2,1017.75,54.09
447.03,20.19,44.57,1009.2,72.13
444.85,25.18,61.08,1013.08,80.75
462.25,14.1,41.16,1021.26,73.87
442.86,20.79,68.28,1001.42,76.77
432.7,30.56,72.39,999.96,69.81
457.99,17.67,53.16,1013.59,83.31
457.29,12.66,40.35,1011.37,82.77
455.17,17.28,65.94,1013.62,89.97
465.88,9.47,40.81,1026.44,91.87
456.18,20.32,39.72,1001.38,57.21
455.25,18.2,52.72,1025.87,54.26
485.06,7.81,40.71,1023.32,82.08
439.5,29.46,49.3,1003.88,54.1
436.16,22.68,70.47,1010.86,82.8
449.23,25.76,65.48,1017.82,54.77
449.06,23.3,52.84,1003.97,72.16
447.7,25.21,49.82,1016.44,63.14
451.49,18.82,61.27,1019.5,72.23
436.51,28.71,64.69,1006.52,68.38
471.07,7.0,41.55,1001.43,97.12
464.14,18.41,42.44,1012.66,65.93
431.83,29.06,71.64,1005.54,69.84
472.32,9.88,37.83,1005.68,97.61
444.19,20.06,60.77,1017.19,88.73
476.03,11.39,43.72,1010.91,98.83
431.83,28.7,71.64,1007.11,69.85
446.45,22.55,47.45,1008.65,67.9
440.89,28.08,59.14,1016.16,58.08
444.38,21.05,61.87,1009.69,62.81
470.96,14.47,48.14,1017.28,87.36
489.6,8.05,38.38,1021.14,86.39
460.06,13.41,45.0,1022.31,76.29
475.8,8.9,41.4,1030.83,85.63
454.26,18.83,48.98,1016.33,74.23
448.04,24.17,48.78,1018.08,75.14
446.45,26.73,49.02,1007.75,67.73
442.92,21.54,58.41,1013.99,86.34
444.8,26.12,63.31,1013.97,51.6
443.63,21.73,50.32,1008.51,84.62
443.12,28.28,61.47,1009.44,60.89
440.89,25.61,60.32,1015.77,56.48
433.25,25.28,70.32,1006.91,81.74
442.66,23.88,67.9,1005.99,67.58
425.5,34.6,64.96,1003.3,34.32
461.55,16.32,43.14,1014.72,70.43
436.16,23.56,67.79,1010.14,89.72
473.57,9.93,39.04,1023.78,77.08
433.25,24.93,73.5,1011.28,83.09
434.68,28.11,70.98,1007.76,85.6
444.8,29.2,64.84,1009.94,55.37
474.52,8.66,41.01,1022.51,98.55
489.02,9.35,41.03,1021.33,66.75
441.93,23.04,64.27,1014.29,80.23
478.08,7.38,41.22,1016.47,96.29
441.22,25.09,65.46,1015.29,40.13
485.01,5.47,38.68,1017.33,72.71
433.42,26.11,69.84,1002.57,84.99
486.14,6.62,42.49,1008.74,94.57
452.85,21.61,58.62,1017.61,76.07
426.67,29.97,70.32,1007.44,53.26
428.25,28.79,70.79,1003.83,65.9
444.38,23.9,61.41,1011.95,67.87
434.8,32.84,74.67,1015.89,31.81
465.88,11.11,40.55,1023.91,87.12
471.08,14.28,43.02,1012.97,49.44
444.28,19.94,61.87,1009.7,66.6
472.27,12.25,44.85,1014.13,85.25
463.13,15.15,37.64,1014.37,89.82
479.78,9.08,40.46,1019.48,77.37
434.41,26.58,70.98,1008.96,77.36
456.54,19.31,60.07,1014.86,69.37
430.96,33.3,80.18,1011.09,63.98
476.7,9.33,42.49,1008.93,82.59
444.44,26.96,65.34,1015.05,46.93
472.12,16.72,44.34,1019.26,63.77
472.27,14.38,45.09,1012.95,86.1
432.34,32.36,73.91,1003.88,59.84
440.53,27.08,63.78,1015.04,50.8
444.99,21.45,60.84,1017.86,82.8
451.05,20.25,58.33,1013.25,68.92
448.79,20.52,57.76,1017.03,81.19
430.11,26.04,68.08,1010.82,75.58
442.75,18.42,60.1,1009.77,86.75
478.08,8.06,39.96,1024.23,94.48
428.61,28.8,74.9,1003.48,75.01
433.97,23.34,73.5,1011.43,89.74
452.41,26.61,56.85,1012.48,48.84
440.87,29.24,74.67,1015.81,59.95
471.46,12.65,44.0,1023.03,88.73
474.29,12.08,40.75,1015.84,86.9
471.08,12.76,40.27,1006.58,49.34
442.46,25.65,49.3,1003.73,68.48
460.57,17.92,50.66,1012.62,93.0
471.08,16.45,41.48,1016.64,45.21
442.45,22.22,59.14,1017.32,83.41
464.14,18.56,42.28,1007.75,60.89
454.66,19.69,56.65,1020.84,72.14
443.1,20.27,63.56,1014.24,86.55
436.16,21.47,70.32,1011.72,88.36
466.75,10.1,41.58,1021.26,94.06
431.37,29.36,68.94,1007.5,79.91
450.32,18.62,59.15,1012.85,82.54
456.5,20.55,63.86,1015.12,73.98
481.46,8.57,40.69,1020.87,84.15
463.6,14.45,43.71,1025.26,84.23
433.24,31.17,70.98,1007.19,67.34
431.83,31.54,77.24,1008.23,70.19
463.6,14.19,43.71,1024.38,83.03
433.57,29.35,69.04,1008.55,61.78
434.02,29.63,69.59,1008.3,72.53
468.43,11.21,44.03,1007.95,93.03
472.45,13.74,41.16,1010.74,87.69
446.44,25.53,59.57,1010.65,82.04
436.96,31.67,69.89,1013.88,39.33
434.25,26.63,74.22,1007.44,78.5
451.41,24.66,58.86,1013.86,56.39
457.68,20.12,45.09,1013.73,57.78
484.2,9.52,39.61,1021.18,73.78
462.25,13.65,41.58,1020.56,72.17
446.16,25.44,66.54,1011.9,56.76
464.61,12.41,41.16,1017.45,93.64
470.19,14.05,41.39,1019.06,68.54
436.89,24.94,63.94,1012.72,73.71
483.04,6.08,35.79,1011.08,90.59
440.87,28.84,75.6,1018.41,53.96
478.55,7.51,43.02,1014.35,86.46
431.44,23.88,69.94,1007.48,61.0
426.25,31.88,66.44,1009.25,64.06
435.94,28.27,66.56,1007.36,55.99
448.04,23.96,51.3,1011.81,71.81
442.75,22.44,63.47,1012.02,91.08
470.19,14.01,38.91,1015.86,69.24
442.75,29.17,64.79,1016.43,61.05
472.88,14.53,39.0,1016.48,76.36
436.38,31.42,70.17,999.3,61.22
448.21,23.64,58.49,1011.4,74.2
449.98,26.25,52.09,1013.2,53.12
481.88,6.72,39.85,1011.84,84.66
441.93,21.9,63.13,1011.54,81.83
446.68,20.11,51.19,1007.82,92.06
427.04,29.22,73.18,1012.22,64.91
435.56,31.25,69.51,1010.25,36.83
468.02,8.13,39.99,1011.71,87.89
447.13,22.35,66.44,1011.19,65.41
464.02,13.87,38.01,1022.61,84.22
478.88,9.27,36.3,1026.93,72.13
463.05,17.32,45.0,1022.19,40.45
464.59,13.2,45.01,1013.96,78.78
458.22,15.83,45.01,1013.39,81.9
475.8,9.44,41.4,1027.64,86.22
439.87,26.17,48.92,1009.87,34.43
460.51,16.37,44.0,1024.61,78.26
474.29,10.74,40.05,1015.45,87.33
473.56,15.45,45.0,1023.63,70.74
428.61,28.54,76.86,1000.09,74.67
449.77,23.29,62.91,1013.35,68.25
489.02,9.54,41.17,1019.79,65.61
446.68,21.04,50.32,1008.41,90.19
451.49,23.56,60.77,1017.93,76.34
472.12,13.12,39.18,1023.11,64.33
434.67,26.03,70.32,1008.81,71.35
476.1,10.15,43.41,1018.4,82.07
442.59,25.87,59.43,1008.34,65.83
433.99,23.1,72.99,1008.85,90.54
445.85,22.35,63.94,1010.32,93.02
461.96,23.46,47.01,1014.41,69.19
427.65,29.76,73.56,1008.07,84.85
442.75,23.45,66.25,1009.1,90.28
425.12,33.18,72.29,1009.51,58.35
436.7,28.85,66.54,1010.73,43.27
436.17,25.37,66.75,1017.94,79.26
483.42,7.38,44.71,1020.27,70.55
476.31,10.9,41.46,1016.66,86.2
454.26,20.6,45.38,1014.93,75.78
474.29,13.43,40.1,1015.82,87.9
434.67,24.73,71.14,1009.07,68.87
433.08,24.36,68.61,1010.27,63.78
441.29,24.62,72.24,1011.39,83.94
482.31,10.87,37.5,1011.43,95.56
444.51,24.82,59.27,1012.76,72.34
455.31,25.31,49.82,1014.62,62.15
451.38,18.77,52.08,1004.02,99.86
443.33,21.5,61.5,1008.43,78.13
478.21,10.07,41.39,1019.89,70.53
438.28,27.92,68.3,1015.02,51.04
441.91,24.96,65.18,1012.68,76.19
434.15,20.67,70.02,1010.42,94.09
426.82,29.13,70.72,1009.61,67.49
435.81,24.47,75.23,1012.43,75.25
461.86,16.16,25.88,1009.58,72.24
452.85,21.32,59.8,1016.26,76.26
456.18,20.32,39.72,1002.0,51.71
434.67,24.32,71.14,1011.71,71.65
485.01,4.77,39.33,1011.32,68.98
441.93,20.87,63.31,1012.27,79.51
430.19,28.17,63.13,1012.44,66.61
435.28,29.64,69.51,1012.13,44.65
442.75,25.25,62.91,1012.51,62.64
442.33,22.25,60.77,1017.8,82.19
437.39,22.49,71.29,1008.24,75.8
426.82,29.16,73.17,1010.96,67.77
464.88,14.49,44.84,1024.09,86.55
479.64,11.95,41.48,1013.44,74.83
430.72,26.99,72.99,1008.0,76.1
433.97,26.36,73.68,1013.99,86.44
476.18,9.91,39.64,1010.57,75.82
444.99,23.94,51.95,1008.61,73.42
444.04,22.84,59.39,1014.61,80.36
466.0,13.64,44.88,1019.85,56.86
464.14,20.01,43.77,1012.13,65.53
466.63,18.58,44.6,1016.61,48.15
427.65,25.69,72.43,1006.86,86.38
431.37,26.98,72.58,1008.55,78.5
466.67,13.73,45.08,1023.55,81.64
434.02,28.67,69.14,1008.24,72.68
440.79,29.22,75.23,1010.49,48.73
437.27,25.67,74.78,1010.24,68.87
450.86,22.67,62.52,1016.47,65.63
460.06,16.44,44.0,1024.48,76.51
451.49,23.26,59.14,1016.98,76.29
446.76,21.14,58.05,1012.98,87.27
427.04,31.68,73.68,1014.85,64.0
480.38,8.8,41.26,1008.08,96.52
451.58,18.13,49.39,1021.29,82.52
445.22,22.68,59.54,1004.32,95.44
461.55,14.56,40.69,1015.48,73.73
432.34,29.28,75.08,1005.21,59.0
459.19,14.0,43.34,1016.37,85.51
434.15,23.76,74.22,1009.2,92.98
450.32,20.98,60.1,1011.07,79.44
439.91,27.61,59.54,1005.84,71.27
475.8,8.86,40.8,1028.18,91.0
440.53,25.64,63.87,1017.14,49.25
470.19,13.5,41.44,1015.72,68.36
434.8,33.94,74.67,1015.94,28.16
473.56,11.72,39.18,1024.19,68.53
436.5,28.61,69.75,1009.82,71.7
446.76,20.11,57.25,1010.36,88.89
426.67,30.61,67.69,1004.97,47.46
446.76,22.04,58.05,1013.11,85.22
437.11,27.62,67.51,1012.38,60.25
450.01,24.09,63.94,1017.59,51.02
441.91,23.22,63.07,1012.91,77.59
455.17,16.2,65.46,1013.97,89.84
475.01,9.7,40.11,1026.61,75.48
446.19,22.85,60.29,1017.29,61.92
426.67,31.18,69.04,1008.19,49.72
465.97,15.43,39.64,1008.58,87.99
443.67,24.57,49.5,1014.22,56.31
478.87,9.52,40.96,1023.48,86.49
441.22,26.38,66.49,1013.89,43.06
434.11,26.32,69.71,1009.39,67.05
444.99,25.92,50.16,1003.95,71.3
471.8,12.19,40.05,1014.77,84.39
447.03,19.79,44.9,1008.66,72.68
472.43,9.76,41.01,1019.66,97.59
455.42,16.74,41.16,1006.87,74.24
474.09,11.34,41.54,1020.25,75.83
439.4,25.9,47.45,1007.8,55.96
461.55,16.63,43.77,1012.25,75.09
456.4,17.45,50.9,1012.16,83.8
450.71,23.34,45.61,1012.73,74.09
441.11,24.41,58.59,1012.62,64.52
468.52,12.31,44.78,1011.15,77.34
475.01,10.35,37.14,1013.37,69.26
429.38,33.43,66.44,1010.29,53.45
478.55,5.64,40.62,1015.76,85.98
436.89,24.8,61.02,1009.86,71.75
448.25,24.33,46.93,1013.72,48.27
463.44,14.87,38.28,1014.65,80.24
476.01,7.66,41.92,1031.96,82.48
434.41,27.61,69.68,1012.79,77.01
433.97,23.4,72.99,1009.48,88.82
466.38,13.98,44.58,1016.48,77.59
445.22,18.12,58.95,1017.82,86.16
455.09,17.12,48.6,1007.38,79.15
481.41,9.56,44.71,1021.13,64.6
444.51,24.85,58.05,1011.5,70.12
472.45,11.63,41.5,1013.6,87.11
454.4,17.19,43.14,1014.34,68.62
466.0,15.68,43.7,1015.09,58.96
434.11,23.64,69.94,1005.2,64.53
473.23,10.19,44.63,1020.58,91.64
427.67,27.71,70.32,1008.63,64.05
484.99,9.12,41.54,1018.61,79.26
456.4,15.78,48.6,1007.24,84.23
437.11,27.55,68.08,1011.42,60.71
472.88,14.5,39.0,1017.04,75.75
444.99,23.88,51.95,1005.37,75.25
436.7,25.01,66.56,1004.55,82.46
446.76,22.36,58.79,1011.77,87.51
439.4,27.76,44.89,1009.4,50.15
475.24,9.95,43.56,1014.85,82.62
455.05,17.48,58.95,1016.49,90.35
449.8,17.35,47.83,1006.71,80.57
466.67,12.82,43.5,1022.38,84.32
439.5,28.86,49.3,1003.93,52.85
430.96,33.41,77.95,1010.3,59.72
466.67,13.63,43.5,1022.12,84.32
433.99,24.49,70.79,1005.51,88.65
445.26,25.58,63.47,1011.44,66.81
437.27,24.25,74.93,1013.07,69.31
475.88,9.59,38.56,1017.52,61.89
447.0,23.27,64.15,1020.98,71.18
439.37,23.09,70.47,1010.76,79.89
435.28,28.35,70.32,1009.22,47.13
455.18,19.62,68.63,1012.26,68.05
439.5,29.13,47.93,1002.5,49.1
441.17,21.92,66.54,1012.49,79.82
466.71,12.52,40.24,1020.45,97.41
447.8,18.17,52.08,1001.91,100.09
445.26,27.5,65.59,1011.23,65.37
472.88,14.48,39.0,1016.75,75.97
460.57,19.41,46.63,1013.23,86.28
446.45,24.43,47.45,1007.68,65.18
436.51,25.45,63.76,1009.96,67.78
480.6,10.07,39.66,1015.37,83.78
454.4,18.85,48.06,1012.52,67.88
450.01,24.65,64.63,1020.52,53.45
457.03,18.99,62.1,1020.0,76.76
481.41,8.8,39.42,1025.17,68.72
475.85,10.16,41.79,1021.35,52.4
434.7,27.75,77.24,1007.48,78.37
443.01,23.43,61.47,1007.84,87.11
432.11,28.62,69.98,1013.3,68.53
460.4,15.82,43.34,1014.52,79.07
453.26,22.61,44.05,1005.69,76.74
446.46,23.96,60.95,1015.01,65.24
425.12,29.81,73.67,1005.6,60.91
430.29,26.98,70.94,1007.99,68.16
484.2,7.64,41.17,1020.01,75.14
454.71,20.07,42.23,1012.86,74.11
453.2,19.05,59.21,1017.99,89.53
440.89,26.27,58.33,1013.81,60.43
446.19,22.45,57.76,1017.55,58.6
433.34,26.52,73.21,1002.3,95.38
431.44,24.73,69.94,1006.09,59.15
434.02,26.11,70.36,1007.64,70.12
478.21,10.87,38.38,1020.85,69.78
468.02,7.19,38.91,1016.53,88.61
454.71,14.91,39.28,1014.57,75.23
455.25,19.5,52.72,1025.21,50.21
441.17,22.96,68.61,1011.15,76.62
440.1,29.74,56.9,1007.15,41.91
465.61,16.03,41.23,996.35,82.04
455.25,17.35,52.72,1026.31,58.01
472.43,11.26,39.35,1015.47,99.28
440.1,27.82,59.15,1012.74,42.78
430.29,28.15,71.94,1006.73,68.21
462.87,14.66,42.77,1019.37,79.79
444.99,26.56,49.02,1007.65,70.78
472.88,15.49,42.07,1018.01,78.07
427.04,29.29,73.18,1012.4,66.65
444.85,21.69,57.17,1011.75,82.63
430.96,33.67,80.18,1010.83,60.87
450.07,20.79,57.32,1012.47,70.09
437.39,23.35,71.85,1009.32,73.48
448.25,27.01,43.77,1011.18,46.58
432.76,27.71,69.13,1001.63,51.45
442.46,23.48,49.16,1002.7,70.22
450.71,17.77,43.72,1009.01,77.7
441.17,22.24,69.23,1011.83,79.37
444.51,24.6,57.85,1012.92,69.56
451.38,19.06,50.16,1011.36,99.64
466.09,14.56,47.45,1009.52,91.14
439.37,26.62,71.73,1009.32,80.1
444.85,23.03,59.04,1011.85,81.24
466.2,13.73,41.92,1031.01,64.92
451.93,13.79,42.07,1018.27,88.06
433.97,23.46,73.18,1012.07,88.14
460.59,19.58,52.9,1017.46,64.64
472.11,12.76,43.7,1015.13,65.34
475.32,6.93,43.13,1018.61,88.31
478.21,10.63,39.61,1020.0,72.42
461.16,17.46,39.99,1008.52,69.73
475.32,6.15,40.77,1022.42,88.57
483.42,6.9,44.71,1019.7,71.21
444.51,25.77,59.39,1014.76,69.99
447.93,27.86,63.07,1011.11,56.81
475.85,7.91,41.79,1021.86,54.92
441.93,22.35,63.47,1013.21,82.52
447.73,17.65,62.1,1019.63,84.3
459.45,16.96,52.9,1019.61,81.86
455.7,18.71,53.16,1013.26,82.64
441.93,24.22,61.86,1013.39,80.11
444.04,23.61,59.39,1015.11,78.84
466.67,14.01,45.08,1023.28,82.49
436.38,31.33,76.86,997.85,64.43
465.77,12.86,44.77,1018.75,74.73
462.25,16.4,38.01,1022.2,73.05
444.64,22.49,58.82,1009.73,85.19
449.77,23.75,61.5,1008.16,69.14
434.8,28.92,66.51,1015.5,34.51
472.12,12.11,41.17,1019.46,62.59
463.6,13.64,43.71,1024.41,84.46
435.4,28.52,57.82,1004.81,57.82
450.01,24.79,59.21,1017.9,53.83
437.67,24.27,60.37,1005.13,77.16
442.16,31.59,62.7,1009.3,50.16
454.78,23.25,51.86,1013.54,78.34
450.07,22.1,58.33,1013.71,69.09
454.72,24.97,54.2,1012.68,74.25
475.24,11.96,43.41,1017.42,79.44
429.31,35.03,68.27,1006.55,43.82
455.17,17.97,65.94,1012.92,88.22
441.29,24.24,70.32,1009.38,82.83
478.08,5.04,40.64,1021.35,93.63
455.42,17.18,40.55,1000.47,72.03
472.32,11.24,25.36,1009.26,97.47
432.34,32.69,72.86,1003.57,56.84
433.25,27.6,73.42,1011.91,83.66
482.78,7.5,38.06,1021.96,83.45
448.25,22.15,43.77,1010.81,60.08
455.32,18.18,44.63,1020.41,48.64
468.4,17.19,37.2,1011.84,67.59
478.37,10.42,43.79,1016.22,90.75
466.09,12.74,49.83,1007.44,91.47
440.1,27.43,56.85,1011.86,36.76
443.89,23.68,68.12,1011.18,72.45
468.63,13.83,42.86,1030.77,75.09
471.08,16.58,41.93,1022.36,45.24
471.08,13.41,45.0,1021.65,45.24
456.4,16.61,50.9,1013.18,85.26
480.38,3.99,39.9,1009.74,96.81
443.1,23.39,63.21,1011.91,84.57
465.97,14.42,41.16,1004.32,88.42
475.32,7.11,43.13,1018.96,87.82
473.56,13.7,45.64,1019.18,92.66
441.91,24.43,65.18,1012.57,77.83
434.41,27.39,69.14,1008.82,78.35
442.87,26.94,62.91,1011.68,41.3
464.14,19.09,42.44,1012.93,63.59
454.4,15.46,44.6,1017.7,68.2
425.5,31.94,74.99,1002.05,34.12
466.75,10.58,41.49,1020.43,91.9
442.11,19.95,58.46,1017.45,89.46
483.83,5.82,40.62,1016.79,85.04
464.39,12.72,44.9,1007.6,71.8
461.63,14.87,54.3,1017.17,71.57
435.28,29.17,67.45,1014.1,46.85
464.36,14.13,43.7,1015.94,80.89
442.33,22.67,60.77,1017.56,79.43
437.94,28.01,64.69,1007.61,58.45
435.28,30.93,70.83,1010.61,46.13
436.51,23.01,66.54,1009.86,64.53
437.43,32.53,77.95,1014.76,58.1
439.4,26.57,44.57,1007.76,50.39
474.29,11.64,40.1,1015.5,87.05
455.42,16.31,42.28,1007.45,77.77
462.78,20.03,45.01,1012.73,56.89
444.84,20.79,65.59,1014.9,77.0
454.4,17.3,42.24,1017.07,64.52
441.11,25.86,61.08,1013.51,67.5
466.2,9.8,41.82,1032.98,67.55
435.81,25.42,75.6,1017.39,77.63
434.7,28.75,77.24,1008.92,77.17
454.26,18.58,46.97,1014.25,74.09
433.75,22.56,70.79,1005.85,93.09
455.32,23.05,48.98,1015.64,49.33
439.63,26.78,52.3,1008.52,61.23
474.28,10.13,39.18,1024.09,85.48
435.28,31.97,69.04,1008.5,47.69
478.95,8.95,36.18,1014.08,76.94
479.95,7.57,39.61,1018.66,85.73
434.83,25.97,43.21,1011.9,88.73
451.49,24.56,60.27,1017.63,74.5
439.09,30.71,64.05,1011.75,62.81
469.29,13.8,39.39,1013.85,81.95
455.25,20.21,58.12,1015.36,79.18
458.22,16.77,45.01,1013.47,81.42
431.44,29.18,71.43,1011.65,59.49
461.63,17.86,52.9,1015.71,67.99
480.38,4.24,39.9,1009.28,96.74
443.33,24.11,59.27,1011.02,78.18
468.14,15.5,40.12,1012.79,96.75
472.43,9.62,41.01,1019.43,97.99
486.06,5.05,35.57,1027.03,80.02
439.37,26.81,71.29,1009.65,80.69
466.15,15.68,39.16,1006.09,75.62
447.0,21.85,63.86,1020.16,68.84
435.28,30.98,67.45,1015.18,45.4
435.94,30.14,67.69,1006.54,57.05
429.1,29.89,71.29,1009.0,55.72
435.4,29.42,56.9,1006.51,53.6
430.19,26.6,61.02,1010.26,66.16
454.26,19.64,48.06,1014.81,74.96
468.4,13.16,54.3,1017.33,82.43
427.53,33.17,70.4,1004.45,58.0
463.05,16.14,44.71,1014.83,39.41
433.75,25.34,71.06,1007.74,92.52
444.84,21.12,63.56,1014.16,81.42
468.66,13.41,39.35,1015.1,79.32
472.43,13.38,40.12,1013.92,96.96
464.74,17.27,43.52,1021.37,76.73
456.2,16.69,46.18,1010.8,96.8
489.02,7.8,39.04,1018.46,66.5
427.04,27.14,75.23,1011.47,63.14
447.03,21.08,44.05,1008.13,72.52
426.9,32.23,69.13,1000.61,55.1
464.61,13.48,40.73,1017.59,94.81
451.93,10.45,40.0,1019.01,89.01
430.34,25.43,70.17,1000.46,87.84
484.2,7.09,39.37,1020.07,73.26
432.76,31.24,74.22,1007.74,48.77
451.41,21.92,61.87,1009.68,58.83
465.79,10.74,52.75,1021.75,75.41
472.11,13.67,41.48,1017.51,63.54
478.02,9.79,39.69,1002.36,93.86
476.96,14.04,39.64,1011.09,87.22
440.67,24.43,61.25,1011.66,85.24
455.42,14.88,42.28,1007.26,71.3
478.21,10.68,38.38,1020.79,72.33
466.38,14.22,42.32,1015.54,77.23
463.03,14.47,44.66,1016.33,93.52
478.55,7.19,40.81,1015.22,85.65
475.61,11.73,37.92,1008.24,65.13
479.64,10.94,43.67,1012.36,73.3
472.88,14.44,39.0,1017.06,76.02
434.25,24.53,74.78,1009.9,78.34
440.1,29.72,54.2,1012.86,38.48
465.97,17.52,44.05,1008.87,85.67
471.46,12.99,44.0,1025.22,90.27
480.6,10.04,39.66,1015.84,82.31
437.25,30.5,66.75,1017.55,38.2
435.56,33.11,69.75,1008.88,42.08
463.13,13.41,40.89,1010.85,89.61
431.83,26.98,74.78,1009.77,69.54
461.6,15.19,42.03,1017.38,71.66
437.94,28.24,64.69,1007.35,61.14
452.41,29.04,60.07,1014.88,47.23
463.6,13.74,45.08,1024.97,84.79
475.85,12.58,39.72,1017.85,57.74
456.4,17.3,47.45,1010.29,87.13
432.7,28.0,69.05,1000.82,65.24
460.59,15.15,53.82,1016.34,62.59
440.53,25.47,65.34,1015.3,50.31
446.1,20.78,68.28,1008.75,60.87
444.99,26.12,49.02,1008.63,72.04
464.61,13.78,40.73,1017.55,94.28
435.94,26.28,68.14,1005.61,53.17
437.06,27.76,75.33,1003.69,79.62
462.6,18.26,49.64,1024.92,62.82
489.6,6.4,39.18,1024.6,86.83
439.4,26.31,44.57,1007.51,52.6
429.86,32.89,73.68,1014.45,52.34
489.6,6.74,36.08,1020.36,86.98
441.93,22.69,65.18,1012.47,80.9
440.79,33.11,77.54,1010.36,50.99
450.07,22.28,58.86,1014.08,66.47
440.87,28.84,75.6,1018.41,53.96
432.76,31.75,74.99,1003.25,53.33
468.63,9.6,41.82,1032.93,72.63
441.17,21.54,69.48,1011.04,80.48
468.75,13.33,38.47,1015.42,58.27
464.7,12.73,37.73,1021.89,61.76
429.1,28.73,68.24,1008.31,56.85
484.99,9.0,43.13,1020.25,81.32
429.86,31.1,68.51,1012.99,54.3
435.4,28.81,56.86,1005.82,56.86
466.2,14.95,42.74,1027.66,66.71
443.67,23.04,48.06,1014.16,54.99
442.66,24.04,68.94,1007.62,69.11
444.44,27.69,65.34,1014.31,46.59
449.23,28.82,64.79,1016.74,56.34
441.29,25.23,69.34,1009.51,82.87
468.02,8.77,40.77,1011.54,89.58
483.42,7.61,44.71,1019.41,70.48
440.87,28.37,75.6,1017.48,55.19
448.04,21.82,50.66,1013.74,73.6
466.66,14.82,42.74,1028.04,69.81
456.4,13.97,52.05,1012.05,85.36
441.5,31.74,72.25,1012.21,41.62
433.97,27.27,72.58,1009.25,89.31
443.33,23.95,58.79,1010.45,74.34
432.3,29.08,66.54,1004.67,64.5
430.19,28.3,64.33,1011.23,68.88
467.09,12.66,43.67,1012.49,95.96
427.04,30.12,74.16,1013.13,63.56
439.09,29.44,65.51,1014.82,56.49
438.95,25.95,59.92,1010.05,76.05
429.31,32.5,71.37,1003.75,43.8
446.45,23.97,44.57,1007.35,62.71
455.25,21.97,58.12,1015.29,77.47
432.7,32.17,73.21,1001.43,69.86
466.71,12.35,40.73,1019.03,95.53
456.49,18.03,53.16,1013.06,82.03
441.5,32.07,71.29,1008.43,44.95
433.07,31.39,69.59,1008.28,62.86
475.85,11.92,40.62,1016.66,55.25
479.28,10.65,41.78,1013.66,70.04
436.7,31.24,68.3,1015.89,42.84
475.01,9.13,39.04,1022.36,74.6
433.75,23.39,71.25,1005.22,93.7
465.94,11.95,42.03,1017.58,90.89
427.53,33.3,68.14,1003.02,53.43
438.95,24.27,61.47,1007.84,80.85
456.18,18.13,39.72,1002.75,58.85
460.54,21.9,55.5,1018.85,60.27
437.76,27.52,67.9,1005.65,59.52
454.4,16.76,48.14,1012.92,65.74
476.96,12.77,36.71,1013.29,86.4
460.59,16.44,53.82,1015.4,63.16
433.57,29.01,70.32,1007.26,60.55
455.05,18.9,57.5,1016.21,93.9
436.16,22.33,71.94,1011.06,82.85
441.11,26.58,59.39,1014.49,65.87
461.63,17.36,52.9,1015.42,69.97
444.8,28.18,64.84,1009.22,56.04
440.67,24.63,59.57,1010.45,85.36
476.96,13.62,40.2,1014.2,85.05
460.59,16.62,54.3,1017.99,63.76
459.1,17.33,41.35,999.51,68.36
449.02,20.72,63.94,1017.17,59.83
484.2,6.89,39.37,1020.21,74.17
429.31,33.61,69.88,1007.4,42.51
447.93,27.38,59.21,1012.74,53.53
441.93,23.21,63.94,1013.56,80.23
430.34,26.13,71.25,999.8,88.47
461.6,15.18,44.2,1019.6,72.45
486.06,5.66,39.42,1024.7,78.52
463.13,15.75,36.99,1007.67,93.8
440.79,29.45,75.6,1018.12,50.68
442.73,20.12,69.45,1013.23,88.48
434.15,22.8,73.17,1011.87,91.57
426.82,29.93,71.85,1008.43,66.64
433.57,29.25,72.99,1006.85,61.15
435.56,34.14,74.34,1000.19,43.56
445.22,19.47,58.79,1016.8,87.26
454.66,24.03,58.46,1015.71,70.15
472.11,12.71,43.02,1012.25,62.68
444.8,26.6,61.41,1012.35,54.42
440.53,27.09,65.61,1014.22,48.13
430.32,26.44,71.77,1006.68,81.45
442.75,28.31,65.71,1014.67,59.29
484.63,10.87,44.71,1021.38,58.22
429.1,29.54,69.48,1008.91,56.07
466.87,15.98,41.48,1017.0,55.73
439.37,24.27,70.47,1008.96,78.31
431.37,29.78,70.98,1007.82,77.59
442.66,24.05,64.69,1006.63,69.2
434.78,28.59,80.18,1011.36,89.18
451.93,13.97,40.24,1018.32,88.72
475.01,11.56,40.43,1025.48,74.75
443.67,20.07,49.21,1012.34,56.8
437.25,31.19,68.3,1014.86,39.1
442.26,18.39,67.71,1003.77,92.48
483.42,9.78,43.8,1022.25,69.64
431.44,29.26,69.34,1009.76,58.64
484.99,9.53,38.38,1020.49,80.08
449.8,22.32,48.41,1008.68,79.11
456.2,18.95,42.23,1013.01,79.4
467.44,11.55,42.34,1020.78,94.56
444.44,27.3,65.12,1016.24,44.87
439.67,22.1,68.63,1015.19,59.05
442.26,17.12,68.28,1003.56,94.29
457.29,14.85,45.87,1009.37,84.65
471.8,10.33,40.69,1014.25,84.46
456.2,19.45,46.33,1013.39,99.52
473.56,12.16,40.81,1025.79,70.97
475.88,7.65,36.3,1016.5,65.51
491.23,4.31,38.5,1011.75,82.08
452.75,19.04,43.43,1009.25,68.74
430.32,26.02,70.79,1004.21,79.12
450.01,26.09,60.29,1017.72,50.83
444.8,27.14,65.27,1013.26,55.17
446.19,22.67,58.2,1016.91,60.75
484.2,7.28,40.67,1020.16,72.7
433.97,25.62,73.17,1011.65,86.45
450.86,22.33,59.8,1016.84,67.09
438.48,23.93,68.28,1005.16,69.91
438.43,29.07,51.43,1006.22,61.58
451.38,15.79,50.88,1014.58,99.9
432.7,28.81,64.96,1000.46,68.05
461.96,17.07,44.9,1020.74,70.18
429.38,32.51,69.98,1011.92,49.45
451.49,22.11,59.8,1016.74,73.9
450.57,18.41,62.1,1020.4,78.1
425.27,28.9,71.25,1000.73,77.24
476.1,10.47,44.21,1017.87,85.34
475.01,10.09,37.14,1012.99,72.59
434.16,27.09,73.5,1011.34,76.06
458.22,17.44,44.89,1009.9,80.54
449.9,23.76,58.82,1011.75,77.34
429.31,31.11,69.05,1002.37,41.56
441.93,23.86,63.77,1014.6,82.37
463.13,15.09,40.89,1010.15,92.0
481.46,9.26,39.61,1021.18,84.58
455.25,15.83,52.75,1024.3,58.34
480.6,9.96,39.66,1015.23,82.98
444.84,19.3,65.59,1014.07,81.98
446.68,19.91,51.19,1008.0,90.23
455.09,23.18,51.43,1011.56,81.83
459.39,19.13,45.38,1014.72,81.95
444.37,24.6,63.78,1017.25,60.33
428.61,29.38,74.9,1003.25,72.19
429.1,29.15,69.48,1008.68,55.78
426.25,31.03,69.59,1007.77,63.96
448.25,21.84,45.09,1013.94,46.11
478.55,6.28,43.02,1013.72,88.13
443.63,22.48,50.32,1008.47,83.58
428.49,31.51,71.97,1007.84,71.18
455.42,15.67,41.1,1004.1,77.93
474.29,13.24,39.16,1016.52,86.66
461.6,17.1,43.52,1020.3,70.51
435.56,32.32,67.9,1006.08,37.93
449.91,23.51,63.78,1016.1,69.79
472.88,13.58,40.75,1016.05,76.45
475.46,12.43,40.27,1007.08,61.56
466.15,16.37,39.64,1009.19,76.92
478.55,7.64,43.79,1016.17,84.45
452.85,21.03,59.8,1015.86,76.63
432.76,33.37,73.88,1005.8,47.94
443.1,18.92,62.26,1012.05,85.99
451.58,20.61,48.78,1020.8,85.05
449.91,22.38,63.31,1014.76,73.8
433.57,30.2,73.67,1006.31,62.14
425.27,31.02,70.4,1006.24,77.86
453.2,17.64,57.76,1016.28,85.04
440.1,28.85,58.33,1013.78,41.39
436.7,22.4,70.94,1008.06,84.52
442.73,19.13,68.61,1010.65,94.92
444.85,23.79,59.44,1012.53,79.48
445.22,22.12,60.37,1008.75,92.13
435.28,29.14,67.45,1015.51,46.47
460.54,20.17,56.03,1019.47,56.77
430.32,29.3,74.16,1007.72,81.92
478.55,5.7,40.62,1016.07,84.94
443.89,25.5,68.08,1011.13,72.86
456.4,16.06,47.45,1009.97,88.09
444.44,27.75,65.34,1014.8,45.91
436.51,25.12,66.56,1009.22,65.62
441.91,22.78,62.44,1011.79,75.43
429.1,29.3,69.48,1010.1,53.69
476.01,8.01,40.02,1031.33,85.01
460.16,16.58,38.01,1023.5,60.14
453.2,17.08,58.86,1016.04,87.46
460.4,17.54,44.58,1016.56,79.0
437.67,26.93,56.9,1006.25,77.79
447.13,22.52,67.32,1011.4,66.2
473.23,13.48,46.18,1018.15,88.38
480.6,9.05,40.0,1015.48,80.91
460.59,19.93,56.65,1020.7,62.82
439.09,29.68,64.33,1011.2,57.73
429.1,30.52,70.04,1010.62,54.47
473.56,12.54,40.8,1024.56,68.97
429.31,27.6,69.05,1003.87,42.01
449.8,18.48,46.48,1007.53,82.57
466.09,15.24,48.6,1007.08,86.49
475.61,4.41,42.07,1005.54,68.85
464.74,15.82,44.88,1018.59,78.88
433.99,24.65,72.43,1007.99,90.05
455.25,19.02,52.72,1025.44,51.9
442.73,23.32,69.13,1010.75,91.84
449.91,23.99,68.12,1012.92,70.68
471.6,10.12,39.96,1025.98,98.63
479.64,12.53,43.56,1014.8,74.05
447.8,18.11,52.08,1002.51,100.09
440.67,24.94,59.07,1008.89,84.79
443.12,30.92,59.57,1010.87,62.43
475.24,12.68,45.01,1013.86,83.26
438.28,25.41,66.49,1014.06,51.09
476.18,14.12,39.4,1008.02,76.45
432.7,28.33,64.96,999.71,69.66
467.05,14.77,49.15,1020.56,80.27
426.82,29.0,70.72,1009.51,67.72
447.8,18.02,49.78,1003.86,100.09
474.29,11.55,40.6,1014.44,87.06
455.25,15.31,52.75,1025.21,55.22
473.33,12.36,37.73,1021.36,65.45
445.86,19.45,58.95,1017.79,93.46
443.89,27.05,67.79,1010.99,71.37
468.02,9.73,40.22,1011.48,87.88
475.01,11.11,37.5,1013.68,73.67
462.87,13.01,41.58,1020.82,78.41
470.27,11.76,40.96,1023.22,81.31
459.14,17.58,39.63,1004.84,80.43
443.67,27.54,51.43,1012.3,54.82
430.96,29.79,77.17,1009.68,64.0
463.13,13.83,40.2,1013.28,90.44
426.82,32.05,77.24,1008.06,67.09
428.61,28.14,76.86,1000.7,70.17
441.5,34.11,73.56,1006.77,45.92
433.75,22.83,70.79,1006.36,92.07
446.45,21.04,47.43,1007.15,64.82
475.96,12.39,40.75,1016.05,81.91
432.11,27.7,72.24,1011.02,67.6
455.42,16.62,39.99,1007.07,77.14
434.11,25.27,67.07,1006.34,66.35
475.32,9.52,41.26,1020.55,89.73
448.79,17.74,58.33,1013.55,81.8
449.8,22.9,49.3,1003.45,80.95
472.43,14.86,43.14,1019.21,99.14
437.37,26.71,66.25,1008.11,79.28
472.45,13.42,42.86,1013.88,85.13
427.65,25.82,72.39,1003.4,86.33
466.67,15.14,44.21,1019.97,83.86
476.31,10.17,41.17,1018.58,87.72
443.89,27.44,65.59,1010.76,68.67
441.93,23.94,63.21,1013.52,83.12
435.81,25.16,74.33,1014.55,76.7
475.01,12.88,42.74,1026.25,74.54
437.25,31.87,67.32,1013.65,36.69
445.6,22.18,65.46,1016.74,54.02
484.99,9.41,41.54,1019.48,82.19
474.29,12.17,40.6,1013.59,88.62
433.07,30.57,69.71,1008.94,59.99
434.02,28.16,70.98,1008.51,72.12
479.64,9.72,43.41,1016.25,76.39
463.49,11.9,39.16,1016.53,84.59
489.79,7.1,41.74,1022.25,91.07
476.46,11.47,40.27,1005.39,77.4
435.28,28.19,67.45,1013.97,49.76
478.88,9.75,36.66,1026.21,70.12
484.63,7.55,43.65,1019.09,61.71
457.55,19.9,56.53,1020.52,78.05
472.11,12.45,40.56,1017.84,66.52
479.78,9.15,39.61,1018.11,75.29
465.94,14.38,40.66,1016.34,92.37
437.76,26.16,67.9,1005.81,61.02
454.26,22.63,45.61,1014.14,73.06
426.14,30.51,70.79,1004.55,56.05
440.89,26.2,60.07,1014.75,59.41
433.08,25.77,69.04,1009.66,65.49
466.66,14.74,44.47,1028.29,67.87
454.4,17.02,44.85,1014.38,62.66
456.86,17.68,53.16,1013.09,82.79
478.21,8.93,40.46,1019.03,71.0
478.37,9.49,40.69,1015.09,91.31
433.97,23.48,72.99,1009.61,88.16
448.25,22.69,49.21,1012.64,46.83
461.6,12.65,44.34,1019.4,71.45
474.52,12.79,44.68,1022.51,99.55
472.88,13.01,41.17,1017.26,76.2
433.24,30.76,69.14,1007.63,71.24
439.4,22.56,47.43,1006.72,54.82
456.54,20.7,58.16,1016.73,68.19
454.68,21.09,50.9,1012.42,69.09
441.11,26.35,59.44,1012.16,63.73
429.31,35.1,68.27,1006.96,43.51
463.44,14.43,38.28,1014.76,79.76
466.87,16.32,43.56,1014.4,59.77
463.36,12.21,40.64,1020.31,83.84
429.86,32.13,69.98,1013.3,55.85
433.75,25.68,70.32,1009.08,90.48
449.77,24.4,62.26,1011.62,70.1
474.52,6.41,40.81,1026.57,93.51
443.8,23.38,65.06,1014.12,59.36
436.38,30.21,75.33,1002.24,66.71
447.7,22.88,50.23,1016.11,63.77
436.5,27.99,71.58,1010.68,68.99
465.26,16.01,49.64,1026.35,77.75
443.12,31.08,59.57,1010.76,60.49
441.17,23.09,70.02,1010.58,77.85
436.62,21.03,69.05,1002.17,75.35
454.18,12.05,49.83,1008.54,95.11
461.63,14.73,54.3,1016.75,67.13
425.5,32.56,68.14,1004.02,35.04
475.85,6.99,40.07,1014.83,54.36
465.97,18.84,40.79,1005.18,92.46
483.83,6.18,41.38,1020.23,81.38
466.09,13.72,49.83,1006.88,89.49
452.41,29.48,59.27,1010.99,51.23
469.29,14.35,39.39,1012.92,82.41
452.75,19.47,43.43,1011.66,69.93
434.16,26.92,73.17,1011.42,76.94
445.28,26.16,70.04,1009.63,73.22
460.57,19.77,49.39,1019.02,91.03
436.89,26.92,62.44,1011.09,70.8
440.87,27.54,75.6,1018.26,57.89
456.18,18.75,41.1,1001.97,59.6
437.37,26.29,68.24,1010.71,76.95
440.53,27.16,65.61,1014.21,47.93
463.44,16.0,39.16,1016.37,77.63
473.57,10.38,37.73,1021.5,75.02
431.77,30.29,74.16,1008.77,75.23
434.67,24.69,71.73,1010.13,70.54
457.29,14.16,40.89,1010.78,82.86
480.38,9.97,39.99,1010.09,95.0
446.68,21.96,51.43,1007.28,89.96
429.31,32.43,68.31,1010.09,42.22
434.64,27.99,69.89,1013.94,51.25
454.26,18.15,45.01,1013.06,72.4
475.24,8.83,43.56,1014.9,81.55
427.65,26.62,70.36,1005.15,84.99
437.35,32.96,68.31,1010.39,42.33
446.16,24.67,68.61,1010.71,57.47
434.02,27.06,70.47,1007.0,72.37
439.37,25.0,69.71,1009.23,80.92
455.42,15.47,38.73,1001.13,77.61
459.1,17.36,41.23,998.08,63.46
441.5,29.62,70.02,1010.09,43.1
468.66,13.54,40.69,1015.85,77.55
448.21,24.52,59.15,1014.03,74.83
475.88,9.73,38.56,1017.18,61.81
449.91,20.6,65.12,1015.53,71.57
443.89,25.16,68.08,1010.89,70.16
445.85,20.86,63.73,1008.54,96.83
473.56,10.31,45.01,1018.42,93.67
436.16,20.37,69.48,1011.04,84.31
461.96,17.58,44.9,1020.52,71.48
459.45,19.04,51.86,1018.05,79.01
434.67,25.38,71.73,1009.97,72.6
434.64,32.81,77.17,1009.17,53.13
456.56,19.41,67.32,1012.34,78.8
439.01,21.73,69.05,1001.31,86.64
442.92,22.29,56.89,1014.39,84.89
434.64,29.39,71.14,1010.97,53.88
455.25,20.08,58.12,1015.53,80.84
459.45,16.51,51.86,1022.37,81.18
468.23,14.47,42.99,1009.78,91.15
455.42,17.37,40.55,1001.19,71.42
460.51,17.03,43.99,1021.5,82.32
437.76,25.91,67.07,1005.66,60.12
474.52,6.03,40.78,1025.53,98.68
437.43,31.9,73.42,1010.82,60.58
450.71,20.03,47.45,1009.04,77.56
426.67,31.23,68.67,1005.82,52.1
460.51,13.8,45.08,1023.99,79.72
466.0,15.52,41.93,1022.97,52.92
454.68,23.68,51.3,1011.86,71.24
441.29,23.25,70.32,1009.28,86.52
449.8,24.58,49.02,1008.85,79.32
475.88,8.3,36.3,1015.97,60.62
486.14,9.27,42.02,1004.29,95.05
464.36,15.52,42.86,1015.09,83.48
425.5,30.71,68.24,1006.15,34.15
472.32,11.47,25.36,1008.27,95.4
425.12,30.51,70.94,1007.64,59.42
435.94,26.43,66.48,1004.36,55.9
431.44,28.65,70.32,1008.46,58.13
443.67,21.38,49.21,1012.49,53.77
447.73,19.97,59.21,1017.87,83.46
454.66,19.38,54.9,1017.08,70.46
466.87,17.77,44.6,1016.97,54.25
475.32,7.04,41.74,1021.91,88.55
434.64,30.3,69.51,1011.8,50.43
464.36,14.91,43.34,1015.15,81.56
447.91,26.87,69.23,1012.71,54.54
456.4,18.86,51.43,1010.27,86.0
448.25,20.77,43.77,1010.76,63.12
465.77,12.2,44.77,1018.64,76.1
459.14,16.17,41.79,1005.78,78.8
468.75,11.69,35.76,1019.02,55.6
489.02,9.17,40.67,1019.03,66.21
471.07,10.82,42.02,996.03,99.34
449.8,23.08,48.41,1008.44,82.35
468.43,12.74,39.13,1008.19,94.81
440.8,26.85,57.19,1007.9,60.04
428.61,28.44,69.4,1003.98,73.51
468.63,14.02,42.86,1030.86,68.36
459.14,14.57,41.79,1007.61,82.85
470.19,15.4,40.69,1015.1,70.25
456.2,16.75,42.23,1013.81,84.98
434.02,29.83,68.67,1005.33,71.15
437.76,26.25,66.56,1008.29,60.65
440.8,27.17,63.09,1015.59,68.33
431.83,27.49,71.94,1008.25,68.29
466.71,11.7,41.16,1017.98,95.71
434.16,24.37,73.42,1010.19,76.01
430.19,26.14,61.02,1010.13,66.71
464.7,15.91,38.62,1016.2,63.63
475.8,9.24,41.4,1030.72,87.36
464.39,14.09,41.66,1009.25,71.4
472.32,10.61,37.5,1008.8,100.13
428.61,28.72,76.86,999.31,71.74
461.86,16.61,25.88,1009.34,65.47
454.68,24.35,51.86,1014.34,67.22
445.28,26.95,72.24,1011.16,73.14
465.24,13.89,41.49,1020.02,86.47
453.54,20.98,47.43,1007.39,68.15
449.23,24.74,63.87,1016.91,55.65
446.68,16.12,45.87,1008.15,86.12
457.68,20.94,44.58,1016.98,59.65
446.19,21.01,58.96,1014.33,61.8
486.06,6.52,35.57,1025.37,78.32
471.46,13.14,43.71,1024.47,87.42
463.6,13.93,44.47,1025.35,81.54
457.29,14.46,45.87,1009.21,84.09
436.7,21.83,62.91,1011.07,91.34
466.75,9.97,41.26,1020.6,91.14
466.87,15.09,43.13,1015.71,54.36
441.29,25.63,71.58,1010.14,87.57
433.75,24.17,71.58,1010.16,89.96
466.63,18.6,43.56,1013.9,51.16
426.9,31.05,69.13,1000.38,58.49
475.01,10.19,37.14,1012.74,73.48
475.46,13.26,41.78,1009.77,61.69
468.63,9.66,41.82,1033.19,73.19
441.91,23.6,62.44,1011.52,78.12
456.5,15.91,71.14,1019.7,72.65
489.02,8.79,40.67,1019.5,66.3
429.1,30.88,67.83,1008.97,54.99
456.54,20.98,60.07,1016.26,67.18
468.63,14.2,42.86,1031.96,69.59
440.1,25.69,57.32,1012.34,44.18
436.7,23.65,59.92,1010.19,89.53
464.39,15.48,44.99,1011.94,69.95
489.02,10.64,39.61,1018.33,66.81
465.94,14.48,38.92,1015.6,90.05
471.23,10.47,43.14,1010.35,86.86
445.6,24.65,63.86,1018.37,56.15
460.57,16.2,45.76,1014.73,89.84
442.39,28.61,52.84,1006.0,45.73
440.67,23.13,61.47,1008.96,85.5
476.03,13.55,42.99,1007.58,97.55
457.55,18.71,54.9,1017.12,74.79
466.09,14.35,49.83,1006.39,91.23
426.25,29.79,69.34,1008.82,65.13
440.1,29.64,54.2,1013.0,39.56
464.36,15.11,45.01,1017.01,84.39
450.01,25.02,60.29,1017.49,54.75
439.82,23.61,49.16,1002.39,65.63
454.71,16.05,38.28,1014.38,73.89
445.22,19.59,59.87,1018.28,84.83
448.21,23.23,56.89,1012.87,75.43
473.23,9.41,43.5,1021.0,88.74
479.78,6.63,39.37,1020.33,76.18
434.68,27.89,69.88,1007.99,85.62
448.98,22.54,51.95,1007.29,79.28
475.85,14.0,40.8,1026.17,54.82
491.23,6.87,39.85,1012.66,83.34
433.07,30.47,70.02,1009.65,62.03
427.67,27.33,68.94,1007.04,61.83
468.54,13.7,34.03,1018.82,69.07
446.44,22.03,59.43,1006.88,82.05
434.64,30.32,74.22,1008.31,53.14
466.0,17.13,43.79,1016.09,58.94
434.68,26.3,71.94,1006.64,85.12
460.57,17.55,48.78,1016.81,91.27
446.96,23.34,59.14,1017.47,78.91
446.19,23.26,58.2,1016.72,57.98
479.95,8.07,41.17,1019.4,86.43
435.28,24.45,68.63,1013.38,45.35
448.98,18.41,49.69,1006.66,80.55
448.79,18.22,58.2,1017.09,81.92
460.4,16.54,42.86,1014.85,78.0
436.7,30.01,65.18,1012.87,43.95
429.1,29.19,67.51,1011.48,55.55
466.2,14.58,41.92,1030.42,61.96
444.28,19.41,64.45,1009.44,64.05
456.5,18.95,65.48,1018.17,71.85
476.31,11.36,40.75,1016.34,85.19
443.33,23.79,58.49,1011.0,75.39
463.05,16.55,41.93,1022.71,42.73
450.86,21.43,59.14,1015.91,64.4
444.64,18.98,60.1,1010.09,85.34
459.45,16.38,55.5,1019.8,82.44
450.86,23.26,59.21,1017.71,67.16
437.39,22.55,69.84,1006.57,76.29
465.88,10.01,40.78,1023.71,88.11
454.72,23.33,54.2,1012.47,79.48
455.18,20.89,68.63,1012.6,69.52
461.63,14.18,53.82,1016.9,64.57
479.95,8.94,42.07,1018.9,85.93
428.25,28.61,69.84,1004.02,67.26
432.22,28.59,75.08,1005.58,60.3
459.19,13.91,40.24,1017.03,85.93
425.12,32.21,71.85,1008.25,58.09
460.51,15.34,43.5,1021.18,79.44
430.11,27.0,69.34,1008.88,74.4
441.17,23.63,65.59,1013.1,76.95
485.01,6.79,38.5,1012.61,72.46
475.32,9.01,40.77,1022.37,90.3
466.87,17.92,44.2,1018.97,53.8
488.43,9.05,40.67,1015.57,75.48
436.16,24.17,73.18,1011.72,86.1
430.19,26.92,63.73,1010.29,68.6
462.6,15.59,52.75,1024.3,59.93
481.46,10.17,41.46,1019.34,83.04
480.38,10.66,37.5,1009.42,95.86
439.81,32.48,69.89,1013.98,46.39
429.31,29.05,68.24,1007.88,42.67
440.79,32.91,73.68,1014.49,50.62
494.43,6.1,40.07,1020.21,67.24
440.43,25.11,63.21,1012.21,83.58
455.17,7.89,71.14,1018.4,86.49
437.39,22.82,69.94,1004.65,73.47
466.87,14.13,43.41,1015.26,55.63
478.88,9.32,36.3,1027.9,77.02
465.94,11.86,40.55,1019.82,91.45
489.02,10.05,40.46,1018.71,67.38
476.7,11.22,40.22,1011.01,81.67
432.76,31.68,70.79,1004.05,54.5
466.75,10.27,42.34,1022.69,92.78
468.02,9.34,40.77,1012.14,90.81
437.37,28.83,66.44,1008.47,77.49
441.29,24.01,67.17,1007.44,86.87
478.21,9.68,41.48,1018.24,71.04
466.63,14.86,44.71,1018.3,49.46
475.88,8.74,36.3,1015.18,61.97
456.2,16.55,46.18,1009.97,96.54
441.21,27.65,48.41,1008.54,58.25
479.95,10.1,41.17,1019.18,84.87
437.94,28.75,64.84,1009.61,58.24
450.98,18.75,63.09,1018.19,87.84
455.32,18.32,45.0,1022.67,46.38
436.5,28.62,68.24,1010.15,69.31
472.32,11.46,39.1,1010.17,100.15
472.11,13.92,43.41,1015.12,61.64
433.25,22.89,74.78,1009.79,81.57
446.45,21.13,47.43,1006.97,64.26
442.66,24.78,68.94,1007.29,70.56
449.8,17.03,47.83,1004.94,79.68
449.23,25.41,65.12,1016.01,53.39
442.75,21.47,60.93,1006.46,87.83
478.21,10.8,41.39,1019.74,74.08
471.63,11.67,36.18,1016.03,61.44
460.59,19.61,56.65,1020.64,63.74
446.45,21.48,47.43,1006.88,63.54
436.7,21.48,66.91,1008.58,84.49
471.08,14.17,43.13,1014.94,48.62
444.37,24.15,64.63,1020.72,58.06
436.96,28.81,69.23,1013.14,39.18
456.2,16.53,46.18,1010.2,95.42
441.17,22.1,68.12,1012.71,79.77
451.38,16.22,50.88,1014.33,100.09
472.11,10.9,40.67,1016.66,65.09
463.13,13.9,40.2,1013.13,89.91
431.77,30.61,77.17,1009.49,73.19
483.27,5.9,45.87,1013.25,87.0
486.14,5.67,45.87,1008.91,93.29
455.17,17.82,65.94,1013.44,88.13
474.52,9.34,41.49,1020.58,97.59
449.23,27.07,66.93,1017.32,55.38
427.65,25.52,71.98,1006.89,86.94
430.96,33.37,79.05,1007.19,62.64
442.26,22.25,66.54,1004.64,89.15
442.75,28.34,63.77,1013.7,61.13
433.5,32.87,71.32,1004.36,54.69
482.36,9.84,40.72,1022.21,77.79
461.63,15.8,53.82,1015.87,68.48
437.39,21.96,71.85,1009.38,75.98
480.38,8.3,40.35,1012.37,98.17
475.88,8.39,36.3,1015.39,62.23
476.46,12.55,39.58,1010.68,76.9
441.34,24.37,65.61,1014.5,65.67
429.31,33.43,69.88,1006.86,44.84
473.56,13.04,41.04,1026.27,69.75
476.96,13.52,39.39,1012.91,84.03
472.16,11.46,38.91,1012.34,77.37
449.9,19.75,57.32,1010.76,79.29
484.2,7.19,39.37,1019.67,70.77
433.75,26.76,70.98,1007.64,90.51
429.91,29.67,71.98,1005.16,67.75
437.35,32.86,66.44,1010.98,44.99
465.79,10.02,52.75,1021.93,73.68
455.42,17.41,40.55,1003.91,76.87
438.28,26.53,65.61,1014.29,50.9
426.25,29.82,69.75,1010.09,65.02
433.24,30.56,69.14,1007.49,71.0
451.93,13.92,43.5,1021.14,88.44
468.75,19.94,38.52,1018.4,55.9
439.87,21.03,44.78,1007.99,36.82
436.92,31.33,65.18,1011.97,36.62
451.93,11.7,41.16,1019.58,87.49
469.13,16.94,50.59,1018.75,94.22
436.51,26.06,67.83,1009.26,66.37
459.14,15.39,42.28,1007.35,81.35
472.32,10.98,37.5,1011.12,97.51
428.49,28.41,74.16,1010.29,72.09
488.43,4.88,40.27,1012.66,74.51
484.2,6.58,40.67,1020.18,71.07
470.19,13.79,40.0,1016.02,70.17
433.75,27.16,71.32,1007.81,89.07
474.52,7.65,41.01,1024.31,97.17
455.42,16.3,41.16,1007.88,76.61
444.37,23.04,63.86,1019.83,59.78
442.16,25.74,65.38,1009.6,54.34
453.26,24.31,44.05,1006.16,73.3
439.67,23.43,69.23,1013.09,63.48
463.03,14.91,46.9,1019.59,98.1
432.76,31.28,75.08,1005.39,49.53
431.44,25.84,67.83,1009.26,59.55
447.7,24.57,49.82,1016.82,65.25
456.2,13.42,48.04,1011.63,99.32
441.93,25.31,65.59,1011.16,79.71
436.7,22.78,59.92,1011.28,88.78
451.05,20.19,58.86,1014.3,71.64
465.97,17.98,39.63,1005.42,82.12
434.16,22.71,75.23,1010.48,76.86
463.36,13.68,41.7,1019.19,84.07
436.51,24.87,65.75,1006.45,65.75
489.79,7.53,41.74,1022.45,90.85
447.91,24.97,68.61,1011.0,55.04
472.88,13.55,40.71,1019.13,75.44
476.01,8.66,40.11,1032.86,75.31
466.38,16.84,45.01,1016.14,75.74
437.39,23.05,68.67,1006.69,76.43
451.38,17.7,49.78,1005.19,100.09
434.15,19.39,68.61,1011.09,96.51
440.1,30.05,56.9,1007.02,41.96
444.84,19.82,63.9,1013.19,78.96
457.55,19.1,56.53,1020.18,76.38
462.78,17.47,43.56,1014.15,54.71
448.25,23.86,45.87,1007.71,48.73
440.8,26.31,63.77,1014.15,69.36
447.91,26.74,69.89,1013.96,51.82
475.42,9.94,40.46,1018.9,68.51
430.34,27.01,71.25,1000.46,87.95
448.98,21.01,51.19,1008.44,81.49
435.56,34.97,73.56,1006.57,44.69
446.16,22.51,68.63,1015.1,57.19
455.18,21.03,67.45,1015.01,68.59
440.79,29.05,75.6,1017.63,51.16
443.33,23.6,57.17,1009.84,74.27
486.08,5.62,43.65,1017.9,77.43
449.91,21.16,65.48,1016.99,72.79
451.49,21.89,58.62,1016.15,74.59
468.02,9.66,40.05,1015.78,89.06
446.44,25.69,59.07,1006.89,82.34
484.2,8.33,38.08,1018.94,73.78
478.98,7.32,41.22,1015.42,97.25
462.78,21.11,41.67,1012.44,52.86
475.96,12.25,40.75,1016.02,82.4
444.99,24.57,51.95,1005.8,70.07
454.78,16.64,48.92,1011.55,78.76
475.42,11.57,41.54,1020.13,69.14
440.79,29.23,75.6,1017.72,52.26
429.1,32.37,67.83,1008.32,57.39
452.41,26.17,58.86,1014.52,51.28
494.43,6.05,38.68,1017.46,66.13
480.6,8.64,41.66,1014.14,80.44
440.87,25.91,75.6,1018.23,62.65
443.33,25.02,59.92,1009.9,76.27
436.51,25.96,68.08,1010.86,67.07
444.51,25.5,59.27,1012.92,68.88
472.27,14.85,45.01,1013.12,85.53
449.8,19.06,44.63,1004.23,84.43
470.19,15.22,41.67,1013.18,67.17
439.37,26.07,71.37,1008.6,79.48
483.42,7.62,44.71,1020.56,69.96
462.6,16.94,49.64,1024.43,69.22
434.68,26.18,69.14,1006.54,85.95
449.8,21.91,48.7,1006.89,83.97
441.34,23.24,63.78,1017.1,63.8
449.8,22.48,50.05,1005.55,82.36
461.05,12.8,41.16,1022.43,86.19
433.25,26.17,66.54,1002.23,75.6
427.04,29.71,73.18,1012.35,63.06
468.02,7.41,39.16,1015.23,90.66
452.85,16.25,58.16,1018.34,78.59
460.51,14.28,44.84,1024.84,79.09
449.8,22.12,47.93,1005.5,84.47
442.18,23.06,63.9,1013.54,65.28
479.28,13.46,39.85,1012.76,72.94
442.46,26.76,49.02,1007.96,70.05
449.98,28.57,51.43,1012.02,47.79
475.42,10.31,38.18,1018.02,70.1
436.96,28.47,69.23,1013.18,40.73
484.33,8.35,40.77,1011.77,90.25
451.41,24.42,57.32,1011.46,55.92
439.82,25.64,50.05,1006.97,67.72
475.32,7.69,39.96,1023.9,89.18
475.24,11.54,45.51,1017.19,83.02
459.14,15.62,40.89,1007.01,79.21
463.05,18.74,45.09,1014.24,41.54
456.56,20.12,65.94,1009.93,76.24
460.57,17.85,48.14,1017.16,86.68
457.55,17.21,52.9,1019.91,77.31
436.7,20.99,67.07,1005.17,82.41
451.58,17.69,46.36,1019.55,86.64
455.25,20.58,49.15,1021.42,56.15
469.29,12.04,38.25,1013.08,82.45
431.83,29.07,71.64,1006.07,69.53
438.28,21.81,65.46,1013.97,52.16
485.36,9.48,40.8,1023.82,78.98
475.24,13.69,44.85,1016.89,79.87
429.1,32.18,69.75,1009.94,52.91
444.85,23.48,60.23,1011.91,79.48
430.72,27.82,76.09,1007.83,76.07
435.81,25.26,74.33,1014.79,79.56
468.52,14.12,42.99,1007.13,78.16
442.33,23.14,60.27,1018.51,80.54
460.57,17.74,50.88,1015.56,89.78
484.99,10.15,41.17,1019.38,82.3
478.55,8.35,43.79,1016.2,85.23
436.16,20.35,68.61,1011.17,86.69
459.39,22.06,45.61,1014.3,77.75
460.51,15.64,44.21,1020.17,83.28
478.88,9.32,36.66,1027.46,70.76
441.41,29.28,65.71,1013.76,48.05
479.78,7.52,39.61,1018.61,78.96
429.1,29.08,67.79,1010.91,55.96
478.98,7.55,42.85,1011.21,93.25
439.4,26.51,44.57,1007.56,52.23
441.22,26.52,63.94,1018.23,42.41
479.95,8.07,41.17,1019.4,86.43
441.93,25.35,63.21,1012.31,80.16
476.46,11.36,41.48,1012.8,76.16
466.71,11.89,40.64,1021.29,97.16
447.13,20.19,66.86,1012.97,64.7
453.54,20.04,48.92,1011.14,68.92
464.61,10.32,39.28,1016.56,94.13
472.11,12.01,41.48,1017.75,66.67
443.1,23.08,61.86,1013.44,84.64
444.84,19.81,66.54,1013.88,80.09
434.11,24.1,71.29,1007.96,67.56
467.34,14.47,39.58,1011.31,69.85
437.43,32.25,77.54,1010.46,54.57
480.6,9.51,40.81,1015.69,82.52
472.45,12.63,41.48,1009.61,87.69
432.22,30.91,76.2,1008.53,58.08
488.43,8.38,39.22,1015.03,75.14
443.33,22.63,57.17,1009.83,77.43
475.32,5.71,40.77,1022.49,87.9
467.74,13.09,43.67,1012.22,91.91
441.93,22.72,62.4,1010.28,80.79
433.97,23.67,72.24,1011.22,90.45
458.22,18.19,43.96,1011.87,79.68
457.68,25.58,47.01,1014.5,63.53
483.83,6.79,40.0,1019.01,81.83
447.73,19.05,62.96,1020.48,83.04
441.91,25.32,63.77,1014.55,74.69
461.6,15.09,39.52,1017.05,72.43
436.16,23.44,72.24,1011.28,88.03
483.42,8.26,44.71,1020.85,68.82
468.4,17.22,36.71,1013.77,67.92
435.28,27.46,68.08,1013.06,46.49
474.29,11.52,40.03,1017.56,87.87
436.89,27.55,63.13,1012.92,71.29
484.33,6.5,38.5,1013.92,90.1
476.96,13.35,39.58,1012.41,83.45
452.85,21.5,59.87,1019.05,76.56
449.8,22.46,48.41,1008.66,80.85
441.91,22.05,63.31,1012.39,76.95
459.1,18.28,41.1,1002.0,65.69
461.63,14.56,53.82,1016.37,64.46
445.28,26.0,70.47,1009.61,74.66
464.61,13.14,40.66,1016.47,94.76
444.04,24.17,59.44,1012.66,78.53
433.08,26.11,73.17,1009.8,65.18
476.1,9.38,44.77,1020.41,85.26
457.68,18.77,49.21,1012.2,58.69
479.78,10.0,39.66,1016.83,78.91
471.23,10.1,44.03,1008.11,90.29
478.02,10.35,40.27,1005.09,92.42
474.29,12.95,40.1,1015.31,86.01
448.32,21.76,47.93,1005.34,86.28
454.68,25.06,52.36,1014.7,67.98
470.96,8.39,52.72,1026.06,86.76
434.16,23.56,71.85,1009.67,74.78
446.44,23.58,58.82,1009.68,81.38
459.39,20.71,45.61,1013.64,82.39
465.2,13.4,41.78,1010.2,64.57
465.94,10.36,41.46,1017.53,92.04
468.66,13.67,42.32,1015.41,79.04
433.57,29.35,71.58,1010.07,61.8
491.54,6.61,36.24,1013.57,91.8
467.34,13.92,39.85,1012.64,68.03
442.16,27.18,62.66,1009.89,52.83
481.41,11.41,41.54,1019.94,66.49
432.76,26.61,69.13,1002.05,51.97
446.1,20.32,67.71,1007.42,63.71
453.26,20.97,44.63,1007.64,73.69
449.98,25.34,49.5,1013.25,50.8
484.33,6.22,39.85,1012.05,86.88
482.36,11.87,36.43,1023.42,79.5
475.96,11.92,41.2,1016.99,81.24
435.9,28.15,71.25,1000.51,81.04
441.41,28.01,65.34,1014.68,46.86
455.42,16.51,41.79,1007.1,74.03
476.18,13.51,39.31,1012.18,75.19
455.17,18.34,65.94,1013.27,85.42
478.37,10.04,41.62,1013.36,95.17
457.55,20.3,56.53,1020.27,76.49
455.25,18.6,56.85,1012.34,80.24
451.38,19.79,51.19,1008.77,94.72
475.42,11.18,39.61,1018.56,68.0
474.56,10.91,40.1,1014.07,91.45
450.71,18.92,46.93,1009.89,77.98
468.66,14.1,42.18,1015.05,78.25
446.44,24.69,59.92,1010.12,80.58
448.42,23.61,43.77,1011.81,56.08
450.46,27.0,60.96,1012.36,58.97
463.05,15.87,45.0,1021.92,40.0
428.61,30.2,74.34,1004.17,74.77
473.56,14.18,39.3,1020.1,67.48
479.64,11.23,43.67,1012.57,72.1
432.76,32.95,75.08,1005.32,47.7
448.25,24.33,46.93,1013.83,44.59
475.42,9.55,38.08,1019.34,68.38
438.28,27.58,65.27,1013.51,50.43
444.51,25.56,58.82,1010.44,70.23
479.78,5.74,37.8,1021.37,74.47
468.63,8.22,41.82,1032.77,71.63
444.85,23.18,59.04,1011.44,79.28
431.44,26.91,70.02,1010.75,59.48
461.63,16.14,54.3,1017.93,65.68
446.68,20.69,50.78,1008.71,91.95
436.62,24.18,66.48,1003.3,70.99
491.23,2.8,39.64,1011.01,82.96
443.8,25.26,65.61,1014.43,58.35
465.79,10.11,52.75,1021.79,76.08
454.26,17.44,45.01,1013.65,75.13
446.96,25.37,59.14,1017.27,78.07
475.8,9.45,41.92,1029.32,91.09
478.02,10.39,39.69,1003.31,89.6
434.78,26.2,74.67,1016.69,84.38
446.45,22.85,47.43,1008.13,66.36
457.29,12.65,44.03,1007.13,85.23
472.12,15.14,41.93,1020.95,61.26
429.1,28.51,70.02,1010.58,54.68
433.75,22.55,70.79,1006.19,92.56
434.67,24.35,66.49,1012.48,62.12
465.94,12.64,41.79,1016.38,92.65
440.43,24.2,64.33,1011.15,84.23
488.43,7.52,41.66,1015.2,78.41
455.25,21.54,58.12,1015.33,78.67
441.11,23.43,60.32,1015.34,69.34
441.93,23.24,63.76,1010.1,79.16
433.99,24.67,69.14,1006.25,88.51
474.52,6.77,40.78,1024.86,96.58
429.86,31.94,69.98,1013.32,56.17
446.68,20.83,49.02,1009.45,91.92
482.31,8.37,39.99,1010.36,93.26
466.66,13.75,44.47,1029.63,70.74
425.12,30.82,70.36,1006.47,58.79
443.33,25.16,57.17,1009.86,75.7
447.0,22.1,65.48,1019.3,66.96
455.25,18.7,52.72,1024.84,57.72
442.11,19.76,58.79,1017.37,89.09
436.96,28.45,69.23,1013.07,39.46
466.09,13.58,49.83,1008.9,86.8
449.91,20.83,67.32,1011.76,73.11
471.07,5.85,41.55,1001.95,99.41
464.14,16.99,40.89,1011.54,64.51
475.46,10.68,37.92,1009.59,65.05
468.75,14.65,35.4,1016.16,60.26
445.28,26.2,71.14,1007.92,72.95
435.56,32.74,68.31,1010.23,41.29
459.14,15.78,41.16,1008.43,80.25
474.29,12.41,39.28,1017.08,87.02
441.11,25.36,60.07,1015.06,66.11
452.85,20.56,60.08,1017.79,78.08
444.37,24.92,63.86,1019.19,59.24
434.8,31.88,67.32,1013.64,35.1
454.68,24.51,51.86,1014.64,67.57
468.02,8.48,40.05,1015.89,90.25
427.65,27.76,71.97,1008.53,86.97
474.09,12.08,41.39,1019.45,78.3
433.97,23.56,73.18,1012.18,87.98
482.36,11.77,41.06,1021.45,76.63
456.56,21.37,65.94,1010.73,75.09
472.27,14.02,43.34,1016.06,85.8
461.96,17.53,44.9,1020.5,71.1
468.75,14.89,35.71,1015.1,55.11
466.0,14.81,43.7,1015.1,60.72
426.25,28.99,68.24,1008.75,66.57
426.25,30.49,70.32,1011.34,66.33
442.26,21.59,66.54,1004.88,90.54
442.75,24.46,61.9,1013.88,87.16
448.32,21.63,50.16,1005.7,84.84
454.26,21.46,46.63,1012.97,71.29
488.56,5.7,40.35,1012.18,91.57
434.67,27.11,70.04,1009.76,71.25
468.63,9.95,41.82,1033.09,69.44
447.8,18.68,46.0,1002.2,97.17
443.1,18.41,65.94,1010.23,84.71
461.78,19.02,49.25,1019.75,58.29
436.89,26.25,61.02,1011.47,71.22
456.5,18.07,63.31,1016.65,72.81
436.5,26.17,70.47,1010.25,68.96
448.25,23.83,49.21,1012.93,46.79
442.92,21.11,59.39,1013.87,85.29
468.63,13.9,42.86,1030.82,71.89
431.19,26.64,73.56,1004.98,93.31
457.68,21.5,45.38,1013.88,64.28
475.85,11.61,41.17,1019.57,58.82
475.46,6.13,39.48,1005.17,53.5
472.45,12.72,40.6,1013.45,86.16
463.05,17.29,44.63,1019.6,41.98
426.9,31.8,69.05,1000.77,49.82
461.55,19.16,43.43,1012.36,72.59
433.99,23.62,73.67,1007.0,90.8
479.78,7.87,41.17,1020.33,77.77
441.11,25.78,59.15,1013.61,66.68
428.61,29.29,72.58,1007.39,72.85
432.22,29.58,76.2,1008.37,60.73
443.1,24.29,63.57,1010.29,87.3
444.51,25.25,58.46,1015.54,70.76
425.12,31.74,72.58,1007.26,59.58
481.88,7.39,39.85,1011.63,83.61
431.51,28.5,79.74,1006.75,87.09
429.38,29.98,67.22,1014.22,52.69
437.67,22.94,61.5,1008.25,73.45
431.37,25.85,70.36,1005.59,78.23
435.81,21.09,74.93,1015.11,81.93
439.63,27.28,47.93,1003.46,59.22
448.21,23.86,59.21,1013.02,73.6
465.94,13.33,40.64,1020.92,91.47
443.01,23.66,60.37,1006.91,87.13
459.14,16.8,44.9,1009.14,79.78
443.33,22.12,57.19,1007.56,76.5
439.91,24.82,57.19,1007.82,71.46
475.01,11.09,40.43,1025.47,74.97
471.6,7.64,40.81,1026.67,95.24
447.93,27.78,60.07,1014.66,53.74
494.43,6.49,38.68,1017.94,64.81
474.29,10.97,40.6,1015.0,87.59
441.91,25.27,63.91,1009.82,75.48
472.27,14.07,43.34,1015.79,86.0
453.26,18.9,47.83,1005.31,77.79
488.43,4.49,38.44,1015.47,76.96
482.8,5.94,39.9,1007.84,86.33
444.37,21.94,64.15,1021.2,61.75
445.22,21.35,59.04,1012.28,95.71
475.88,7.94,35.77,1017.04,63.22
446.46,23.6,60.08,1017.51,63.02
437.25,29.73,67.25,1017.64,37.79
474.28,10.51,39.04,1023.95,85.35
480.25,8.7,36.24,1013.34,89.5
433.07,29.6,69.82,1010.49,61.66
454.68,24.26,56.57,1013.86,70.35
450.32,20.61,60.1,1010.84,80.57
472.88,14.2,38.62,1017.83,77.57
471.23,8.77,42.49,1010.7,86.78
428.61,27.38,69.4,1004.57,74.12
479.28,12.98,39.64,1013.95,74.39
436.38,32.38,73.91,1004.05,61.69
444.64,19.2,58.71,1009.8,84.62
430.19,27.37,63.73,1009.79,65.25
446.76,18.77,58.66,1010.34,87.25
443.33,21.95,59.43,1010.29,74.67
433.21,26.73,77.95,1012.31,78.35
456.5,16.02,71.14,1019.75,70.42
450.71,18.86,46.48,1007.28,78.47
449.91,21.7,64.44,1014.95,73.33
449.99,20.25,44.78,1007.93,40.16
484.63,11.42,41.38,1021.98,60.19
485.06,6.37,41.03,1022.23,80.36
468.23,14.54,42.99,1009.27,90.88
444.51,24.43,58.05,1011.88,71.39
463.44,15.92,37.64,1014.93,83.73
434.41,27.51,71.29,1009.43,76.92
446.46,23.64,60.95,1014.92,64.91
484.99,9.0,41.54,1018.83,79.61
437.42,28.98,73.42,1011.25,72.9
456.4,18.31,50.9,1011.87,86.83
454.4,15.82,44.2,1018.96,66.73
465.2,14.88,41.66,1009.4,67.15
440.53,27.49,63.78,1015.43,47.45
476.31,10.74,41.46,1016.76,84.59
443.1,18.21,62.26,1011.97,87.28
455.42,17.2,40.55,1000.68,72.67
475.8,8.66,36.25,1028.22,86.96
464.14,20.59,42.04,1009.78,62.77
451.41,22.86,58.96,1014.03,54.96
438.28,23.31,68.63,1014.73,51.57
455.42,16.71,42.99,1007.72,75.35
489.79,4.97,38.91,1018.99,89.86
426.82,31.95,70.8,1008.38,66.26
468.54,13.89,35.71,1016.4,65.49
455.31,26.92,51.43,1012.29,59.33
443.01,23.0,60.37,1005.34,83.73
444.51,25.95,59.27,1010.9,70.42
467.34,14.84,38.91,1013.78,69.27
436.7,22.5,70.94,1008.04,82.39
440.79,31.84,77.95,1014.9,55.35
464.14,19.35,39.39,1013.91,61.53
436.51,24.26,67.69,1008.48,66.74
455.18,21.95,68.08,1012.91,69.36
455.17,16.07,65.46,1013.88,87.11
432.22,30.21,79.74,1006.82,54.03
460.06,13.66,45.0,1021.97,79.04
471.8,9.76,39.16,1014.19,85.4
464.7,15.69,39.3,1019.03,60.57
489.6,5.29,41.38,1020.62,83.83
438.28,26.72,65.61,1014.41,52.01
462.87,12.68,41.4,1021.59,78.57
430.19,29.24,64.33,1011.49,65.08
471.08,19.09,43.14,1012.34,45.75
478.08,5.06,40.64,1021.49,93.7
445.28,26.23,70.72,1009.73,73.44
430.72,27.15,73.9,1007.57,74.42
449.91,23.47,65.61,1014.57,69.83
463.05,19.78,44.71,1015.7,29.43
476.96,13.07,40.83,1010.0,84.84
475.88,8.52,38.5,1013.16,64.06
475.21,10.39,40.96,1023.51,84.73
440.1,30.2,56.9,1006.89,42.69
442.75,23.93,64.05,1013.09,86.02
448.25,21.11,43.43,1010.1,62.62
455.42,16.59,41.79,1006.67,73.9
428.25,30.52,70.4,1003.9,64.33
460.51,15.74,43.71,1024.7,78.38
449.8,21.25,44.05,1005.69,81.87
475.24,12.25,44.58,1016.47,81.15
483.42,6.49,43.65,1020.41,72.78
456.4,14.1,48.92,1011.6,84.39
451.41,24.62,58.66,1011.43,56.61
460.4,16.0,43.34,1013.89,78.39
437.37,28.67,66.25,1007.96,76.36
436.5,29.18,68.24,1010.04,68.04
437.11,26.8,68.31,1011.04,61.48
464.39,16.76,43.67,1011.27,70.55
468.02,9.44,39.82,1013.26,91.55
475.01,11.44,34.03,1018.57,74.06
466.38,13.45,43.14,1015.5,74.33
456.5,16.46,61.27,1020.02,74.54
464.61,12.91,40.73,1017.66,93.66
444.28,18.58,64.45,1009.68,67.57
463.49,13.1,40.03,1017.79,84.48
461.05,13.45,41.16,1022.04,82.96
478.37,10.01,43.7,1015.73,91.97
470.19,17.32,41.67,1013.23,68.07
450.86,21.49,61.27,1019.81,63.21
442.46,23.56,49.16,1003.31,66.98
474.56,11.02,38.28,1013.51,95.66
430.96,33.62,77.17,1009.38,63.71
491.23,4.56,40.27,1011.13,80.24
462.87,14.87,41.76,1022.26,78.21
457.29,10.77,44.78,1012.87,84.16
451.49,21.45,60.08,1017.92,72.7
468.4,13.24,54.3,1017.05,81.99
451.41,22.64,58.66,1011.68,60.97
463.36,11.72,40.55,1020.74,86.22
440.89,26.74,59.87,1012.5,62.88
454.18,12.51,49.83,1008.61,94.27
479.78,9.88,39.66,1017.81,76.05
435.94,25.0,68.14,1005.35,57.13
431.16,25.51,73.56,1006.59,96.63
473.56,11.22,41.93,1023.13,69.35
443.63,21.7,49.02,1008.74,82.8
456.5,19.83,63.94,1019.81,75.05
466.87,12.34,40.62,1016.28,53.6
473.56,10.4,45.01,1018.58,93.48
451.93,13.61,42.34,1017.78,88.84
450.01,25.55,58.95,1017.12,51.84
465.2,13.2,41.78,1010.49,64.96
437.76,25.88,66.48,1004.24,63.16
476.96,14.75,41.16,1009.58,86.96
475.32,7.82,40.72,1022.17,88.13
480.25,11.7,25.36,1008.65,92.11
475.32,6.37,40.81,1025.98,91.0
446.45,23.98,50.32,1008.41,67.75
446.46,24.8,59.87,1018.79,60.79
444.99,23.89,50.16,1004.88,73.94
428.61,27.88,70.79,1005.06,72.5
483.04,7.19,39.4,1011.45,90.65
446.19,24.2,60.95,1014.82,59.42
439.81,33.82,72.29,1008.67,46.95
461.63,14.69,54.3,1018.01,73.4
434.16,24.82,74.87,1010.28,73.54
463.36,12.59,40.03,1018.76,85.4
461.96,19.05,44.06,1017.02,73.76
486.06,5.51,35.57,1026.3,78.97
426.67,33.7,68.27,1007.16,50.41
450.46,26.05,56.85,1012.78,59.09
469.29,14.45,39.58,1012.41,79.0
434.64,30.48,70.04,1010.73,53.7
454.66,19.68,56.65,1020.75,67.25
457.68,21.34,48.06,1014.49,63.23
449.91,23.03,65.12,1016.29,69.8
440.67,24.2,59.07,1009.25,88.25
443.67,24.54,48.06,1013.02,55.18
425.12,32.27,71.85,1008.06,59.28
480.38,7.61,41.26,1009.05,97.32
462.25,13.86,41.58,1020.69,70.74
450.01,24.35,59.21,1018.21,54.46
435.28,29.12,67.32,1014.21,48.8
453.2,18.03,58.86,1015.99,89.03
478.21,10.59,41.54,1019.94,72.52
431.44,27.69,69.98,1008.52,60.93
451.38,15.21,50.88,1014.24,100.11
456.86,16.92,50.9,1013.27,82.97
436.89,26.16,63.76,1010.03,68.77
468.75,13.78,38.47,1015.2,57.8
453.2,17.66,60.08,1017.22,86.96
427.04,30.12,73.18,1012.29,61.32
466.0,17.69,44.34,1019.31,61.12
450.86,23.14,58.95,1017.52,66.25
463.13,13.98,39.18,1009.61,89.12
438.16,24.41,69.48,1008.34,76.13
465.2,14.38,44.78,1010.8,66.58
436.7,22.75,70.94,1008.03,81.95
438.28,26.94,65.61,1014.31,49.73
453.26,18.8,47.83,1005.86,76.77
449.23,24.45,65.12,1015.92,57.19
436.16,23.77,69.13,1011.05,89.41
430.11,24.62,68.31,1010.45,75.18
444.84,18.85,67.32,1012.91,82.37
449.9,21.94,56.85,1011.01,77.72
451.41,25.61,58.86,1013.9,54.9
461.55,18.97,43.43,1012.72,75.69
448.04,23.46,51.19,1009.6,73.22
433.97,21.04,74.87,1009.09,88.25
488.43,4.23,38.44,1016.46,76.64
436.89,24.42,63.31,1012.64,71.8
443.01,23.1,59.43,1007.36,85.96
438.95,24.98,58.98,1010.34,78.56
429.86,32.96,73.03,1013.56,54.03
437.39,22.1,71.29,1008.2,75.38
426.14,32.27,71.85,1007.88,56.01
465.26,12.36,52.75,1026.04,68.71
479.64,13.11,41.44,1015.55,74.45
465.26,13.18,52.72,1024.67,75.96
484.2,8.03,40.67,1020.13,70.87
470.19,15.49,39.0,1016.01,71.31
426.25,30.02,68.24,1009.8,65.73
465.2,14.73,40.35,1011.15,65.2
478.98,4.78,42.85,1013.07,94.72
426.14,30.3,71.98,1004.4,55.6
476.7,9.63,40.27,1009.96,81.03
468.75,13.24,39.85,1012.64,59.99
441.91,22.93,63.13,1011.6,77.09
466.2,14.55,42.74,1027.29,66.64
441.11,26.42,59.27,1012.9,65.38
466.63,18.88,43.69,1016.77,46.88
433.25,24.47,70.94,1008.07,81.55
461.6,14.81,42.03,1017.43,72.54
463.49,12.8,42.18,1016.27,83.9
479.78,9.72,39.66,1018.31,76.07
466.0,17.74,44.2,1018.87,58.59
428.61,29.65,71.25,1001.07,73.97
447.0,22.19,62.96,1019.54,67.96
442.87,29.79,62.66,1008.5,48.51
447.91,27.13,69.45,1013.9,51.16
434.67,24.62,70.47,1010.55,72.71
426.67,28.65,68.27,1006.96,52.78
433.07,31.86,69.59,1008.61,59.74
442.87,27.56,63.9,1013.23,45.97
463.36,12.29,40.71,1019.71,83.09
471.23,8.84,42.49,1010.28,89.09
426.67,30.62,64.69,1006.23,52.06
491.23,3.99,39.64,1011.53,83.58
449.9,23.38,58.82,1012.27,77.87
432.7,27.46,66.54,1002.39,67.09
443.12,29.22,60.23,1009.73,61.5
443.67,22.22,48.98,1015.87,53.18
484.2,6.8,39.37,1020.24,73.29
488.43,4.49,40.27,1012.01,76.5
434.15,22.53,74.87,1009.91,93.21
446.44,23.63,60.37,1005.0,81.66
484.2,10.06,39.61,1020.87,74.01
478.37,11.09,42.44,1014.18,92.81
479.78,7.64,38.18,1017.65,78.51
426.67,33.95,68.14,1002.33,48.98
429.31,32.38,69.05,1000.76,45.85
475.8,9.42,41.4,1029.99,88.41
450.01,25.92,60.32,1016.05,52.51
451.38,18.5,52.08,1006.23,100.09
456.2,13.12,48.04,1011.93,100.07
429.31,34.33,69.05,1000.89,37.9
435.28,29.29,70.02,1010.13,46.93
459.14,16.4,44.9,1009.22,82.31
450.57,21.44,62.96,1020.27,79.85
476.31,11.45,41.17,1017.98,84.64
466.67,14.62,44.84,1023.41,85.17
438.65,29.29,57.19,1008.3,60.11
475.8,10.16,40.8,1028.13,86.39
441.29,25.45,69.59,1008.51,83.17
437.43,31.98,73.42,1010.66,60.06
433.25,25.93,66.56,1004.97,76.35
432.76,32.51,71.22,1005.62,47.6
465.26,11.38,52.75,1026.19,72.71
476.7,10.39,40.22,1009.77,83.27
463.49,13.6,41.2,1015.92,85.05
442.87,30.11,62.04,1010.69,47.96
432.76,33.24,74.34,1002.58,45.05
437.41,25.59,62.39,1006.37,74.06
446.19,24.33,60.32,1015.49,59.95
447.93,28.92,61.02,1011.19,56.13
455.05,15.62,58.59,1013.91,97.6
482.78,7.49,36.08,1020.27,85.69
466.63,18.33,44.34,1019.55,51.69
449.8,21.38,44.05,1005.69,81.66
434.15,24.13,73.18,1012.62,91.52
474.29,9.53,40.23,1017.74,89.05
476.01,8.83,41.92,1031.8,78.97
441.11,26.37,54.5,1014.48,66.31
466.85,15.04,41.35,1004.29,99.1
439.63,25.13,51.95,1005.42,62.05
436.16,22.26,69.04,1010.48,84.33
426.25,31.07,70.32,1011.74,65.91
430.72,30.74,79.05,1005.78,73.19
472.43,13.08,43.14,1019.39,99.74
434.02,26.18,69.84,1005.13,72.89
459.14,14.22,40.83,1009.2,81.32
476.46,10.95,40.22,1010.04,78.96
429.86,30.62,66.75,1017.68,53.68
441.29,26.96,73.68,1013.81,84.77
449.91,23.25,63.78,1016.01,72.01
481.56,8.0,34.03,1018.98,78.67
474.29,12.66,41.2,1015.88,89.12
431.16,23.04,74.99,1005.44,92.86
437.43,31.41,74.16,1011.1,57.05
440.79,29.51,75.6,1017.92,50.61
446.76,21.96,58.79,1012.1,88.74
435.81,26.45,75.6,1017.42,74.5
468.43,12.79,44.03,1007.46,95.93
465.61,14.63,41.23,998.96,86.4
472.88,14.74,42.77,1017.71,76.59
447.91,23.56,66.49,1012.21,53.86
466.38,17.34,44.06,1015.84,74.88
479.64,13.26,45.51,1015.99,69.82
456.54,19.46,60.07,1014.81,66.61
429.31,29.96,67.83,1008.0,44.05
444.99,21.38,60.84,1017.94,82.83
456.18,19.48,39.72,1001.75,55.41
462.25,12.99,41.93,1020.25,74.64
435.81,25.79,75.6,1017.46,75.63
474.09,11.46,39.3,1019.53,76.86
439.37,26.38,71.58,1011.02,80.9
486.06,5.23,35.57,1026.23,79.38
465.97,15.36,41.35,1002.4,91.67
475.42,9.19,40.62,1017.78,68.91
494.43,5.89,40.07,1018.99,63.13
425.5,34.29,68.51,1009.58,32.25
451.05,19.21,60.07,1014.94,70.02
463.49,14.02,40.66,1017.05,84.14
435.28,29.12,67.83,1008.05,46.86
494.43,2.58,39.42,1028.68,69.03
463.36,12.61,41.58,1020.17,85.18
451.49,20.48,60.29,1017.16,72.1
489.02,7.3,43.65,1019.33,67.62
449.77,22.7,66.44,1011.19,68.36
435.28,29.78,65.74,1012.13,44.96
458.22,15.3,43.34,1013.23,82.73
464.59,10.39,44.85,1014.22,78.42
466.09,13.1,49.83,1007.29,92.79
439.87,24.92,48.92,1010.11,36.53
476.1,10.89,44.2,1018.3,86.32
485.01,6.81,38.56,1016.5,70.99
438.48,23.63,71.29,1008.01,70.07
430.96,32.39,79.74,1006.92,58.58
457.68,20.64,49.21,1014.86,58.47
441.29,26.89,70.32,1012.39,87.17
456.4,19.02,50.66,1013.04,85.25
452.85,20.78,58.86,1016.02,77.29
475.8,8.72,36.25,1029.31,85.73
454.71,22.45,41.54,1012.69,70.89
441.21,24.2,50.78,1008.74,59.32
476.96,10.8,40.22,1011.25,84.57
437.35,31.48,69.75,1008.9,45.66
456.56,19.09,66.51,1015.11,76.38
441.93,24.38,63.91,1009.53,79.11
460.57,19.46,46.33,1013.77,89.62
436.16,26.63,73.68,1015.15,85.13
468.02,10.26,39.13,1010.94,87.78
432.76,31.01,71.37,1003.4,55.06
481.56,3.95,38.44,1016.75,79.65
436.17,25.99,74.67,1016.59,83.39
462.78,18.25,43.14,1011.51,55.16
461.63,14.46,53.82,1016.55,68.11
431.37,29.09,70.98,1007.86,80.35
475.96,12.53,42.03,1017.57,81.57
446.1,20.35,67.71,1005.85,63.97
489.6,5.82,41.38,1021.06,86.91
466.75,10.52,41.01,1020.35,93.58
462.25,14.1,41.04,1026.11,74.25
446.76,21.98,55.97,1009.12,89.51
443.8,23.6,65.48,1017.44,61.26
440.53,26.53,63.87,1017.38,48.53
438.43,28.22,51.43,1006.06,63.72
433.34,26.13,73.21,1002.12,92.02
491.23,4.11,38.44,1015.9,81.79
434.64,30.75,73.5,1011.02,54.76
457.29,13.27,42.28,1008.3,86.2
468.52,11.91,43.22,1008.75,76.57
450.32,18.24,59.15,1012.0,84.4
437.94,30.01,62.34,1005.28,62.34
475.85,11.41,40.62,1015.56,57.62
465.2,14.39,40.35,1011.33,64.86
445.22,20.75,60.77,1017.91,86.06
474.29,11.36,38.25,1013.22,86.16
436.92,27.94,63.07,1010.75,38.57
476.03,11.28,40.55,1006.23,97.78
465.26,14.69,49.64,1023.43,78.17
444.51,24.23,59.04,1011.91,71.79
484.2,9.44,41.79,1020.16,72.26
448.21,21.83,57.85,1012.49,75.16
465.61,14.79,38.73,999.83,86.45
441.17,23.29,68.51,1013.19,77.81
447.13,21.75,65.12,1015.53,66.0
456.86,17.33,53.16,1013.16,82.93
460.57,17.53,50.66,1012.74,91.51
454.72,22.61,54.42,1014.74,75.87
476.96,13.34,40.83,1008.09,85.85
460.57,15.85,49.69,1015.33,89.24
468.52,12.43,43.22,1008.93,77.42
459.39,20.34,46.63,1013.16,79.08
464.88,14.52,44.84,1023.51,88.51
436.38,31.92,75.33,1001.81,61.97
437.39,22.89,73.11,1006.66,73.11
448.98,20.84,51.19,1008.63,84.11
451.38,18.81,52.08,1005.77,98.86
444.37,28.95,66.75,1018.22,60.48
460.57,16.82,47.45,1010.19,88.48
481.41,11.2,41.38,1021.65,61.89
474.29,9.13,39.16,1014.14,86.17
472.27,15.24,45.87,1009.46,85.95
491.54,5.68,40.35,1012.11,92.86
426.67,30.32,64.69,1006.35,51.36
471.08,17.89,44.6,1014.48,42.51
433.07,33.38,71.06,1008.1,64.83
449.23,26.19,65.61,1014.51,54.52
476.31,12.59,44.34,1017.01,85.57
454.4,17.62,43.69,1016.49,67.92
447.0,22.06,64.15,1021.07,68.66
455.32,18.28,45.0,1022.47,43.03
453.54,16.62,52.05,1011.96,67.81
441.93,22.83,65.18,1012.24,79.74
474.28,12.04,40.78,1025.21,85.97
456.2,19.51,50.16,1010.33,94.37
433.99,24.65,71.98,1006.46,91.11
471.08,16.14,44.63,1019.44,47.85
455.09,19.27,50.9,1011.72,83.14
475.88,6.5,38.68,1017.8,62.9
483.83,6.43,39.61,1017.51,83.8
441.11,23.46,57.85,1012.7,65.54
489.79,5.68,40.77,1022.49,90.6
457.55,20.12,56.53,1020.34,75.59
435.28,27.75,66.54,1010.21,46.37
466.67,14.32,45.08,1023.24,84.53
439.5,28.29,47.93,1002.6,53.23
461.6,15.08,42.77,1018.43,73.19
476.31,10.98,41.39,1017.54,85.31
432.34,31.85,73.91,1003.6,60.22
455.09,19.54,50.66,1014.7,84.53
443.01,23.17,62.39,1008.04,89.42
456.5,20.28,62.52,1017.89,75.67
474.52,10.08,41.16,1023.14,96.03
434.64,28.5,74.87,1009.67,53.78
459.19,15.16,40.73,1017.7,86.37
436.7,28.02,68.08,1013.44,44.46
434.67,25.38,65.34,1012.87,62.49
435.94,27.55,64.96,999.73,57.34
476.01,6.45,40.02,1032.08,79.7
466.67,14.43,43.5,1021.86,83.14
469.29,14.22,39.39,1014.16,80.22
475.61,12.1,40.27,1005.53,68.37
475.88,9.83,38.56,1017.35,62.8
441.5,32.0,73.17,1009.94,40.48
472.27,11.83,45.09,1013.11,88.52
441.41,29.92,67.22,1014.09,50.62
474.52,7.22,41.01,1025.19,97.27
468.75,13.07,38.47,1015.16,57.26
472.45,10.08,43.14,1010.67,85.9
436.16,23.89,70.04,1011.16,84.9
454.4,18.88,44.06,1013.81,68.54
436.16,20.68,68.61,1011.2,84.81
469.29,13.99,36.71,1013.43,83.13
473.57,7.4,41.03,1022.09,74.83
463.36,11.77,40.0,1021.08,85.08
443.1,22.64,63.73,1013.88,84.22
456.56,18.13,66.86,1012.9,78.84
433.99,23.18,72.99,1009.01,90.09
425.5,29.45,68.24,1007.45,32.81
481.46,10.2,41.17,1019.56,82.46
439.87,26.57,48.06,1013.23,40.24
439.82,22.78,49.16,1002.29,64.28
441.91,25.59,61.08,1013.19,77.28
459.45,18.66,56.53,1020.13,80.04
431.44,24.66,69.94,1006.56,60.91
442.26,21.9,66.54,1004.76,89.99
474.56,12.12,38.28,1013.65,90.19
468.43,14.95,42.99,1008.75,90.76
455.25,19.31,52.72,1024.93,53.93
437.43,30.93,73.42,1010.98,56.42
442.87,26.27,62.91,1011.97,48.06
447.13,19.46,66.86,1012.74,66.2
463.13,15.56,40.12,1013.72,89.78
466.75,8.99,41.26,1020.52,91.96
444.64,22.16,58.82,1009.61,87.16
449.81,24.43,59.87,1019.08,60.57
451.49,20.78,62.52,1017.58,73.3
431.83,29.51,76.09,1007.39,71.5
476.46,12.4,40.35,1011.46,79.49
426.82,28.92,72.43,1007.03,66.14
472.27,13.03,42.86,1014.39,86.25
431.83,28.73,73.91,1004.91,70.17
431.16,26.43,77.17,1008.67,92.59
459.45,17.61,56.53,1019.5,82.3
454.26,21.79,46.21,1012.89,72.0
485.57,5.11,42.07,1004.28,81.8
476.7,12.85,40.35,1011.29,81.27
439.82,25.03,47.93,1003.02,62.89
436.51,25.35,66.56,1008.75,66.88
434.64,28.95,73.4,1011.33,55.14
451.38,19.72,51.19,1008.51,95.28
426.67,30.03,67.9,1006.22,52.61
479.78,8.7,39.72,1020.0,78.75
465.77,14.94,42.77,1018.06,75.35
480.25,7.07,37.49,1010.35,87.19
453.54,21.12,47.24,1003.79,70.55
468.52,8.6,42.28,1008.58,80.15
474.28,10.33,44.92,1025.34,85.67
461.63,16.79,49.25,1021.21,68.8
455.42,16.16,41.79,1007.53,76.21
441.93,22.52,64.27,1014.34,82.77
451.49,22.11,59.8,1016.86,70.14
466.67,14.11,45.08,1023.27,83.22
439.67,24.97,68.61,1011.08,58.94
450.57,19.22,62.1,1019.43,79.19
466.66,13.72,44.47,1027.2,68.89
433.99,24.58,71.94,1006.85,89.02
478.37,9.16,42.44,1014.43,93.67
452.85,20.92,57.76,1017.22,75.86
441.29,26.7,70.32,1011.04,86.41
473.23,9.04,44.68,1023.14,90.73
484.99,10.16,39.3,1019.71,81.21
480.25,3.85,35.47,1016.78,85.31
442.75,22.7,64.05,1012.65,89.69
431.37,28.54,69.59,1008.84,78.62
426.82,31.54,72.58,1007.61,65.57
482.78,10.48,36.71,1023.18,81.37
455.42,16.77,42.28,1007.53,73.19
451.38,17.84,52.08,1006.65,100.09
445.22,21.76,60.27,1018.96,85.06
470.27,12.24,40.96,1023.52,81.09
466.09,13.25,49.83,1008.76,88.21
460.06,17.28,44.92,1024.39,76.08
427.53,34.96,68.94,1006.17,59.26
440.7,28.51,74.78,1009.84,59.06
429.31,32.29,64.96,1002.13,42.61
465.24,15.6,44.68,1018.35,85.91
427.65,26.91,71.64,1004.59,83.54
433.97,23.55,73.18,1011.85,87.97
461.63,15.49,54.3,1017.59,71.26
447.73,19.68,62.96,1020.41,82.26
437.67,24.87,60.37,1005.48,76.21
438.48,24.73,69.05,1003.25,66.44
475.42,11.31,39.61,1018.74,68.9
464.02,15.24,37.87,1020.52,84.49
444.64,23.16,57.69,1007.91,84.7
461.6,14.81,40.71,1018.54,73.0
462.25,13.97,41.16,1020.88,74.88
437.39,23.25,71.29,1008.05,71.36
443.01,22.47,59.43,1006.02,85.21
464.88,16.38,45.64,1020.47,89.28
456.56,19.73,68.63,1012.41,74.12
433.57,30.24,69.88,1007.9,61.46
442.75,28.13,61.25,1013.12,62.57
433.21,24.6,75.23,1012.04,76.77
445.17,21.64,50.32,1008.41,86.32
435.28,29.03,69.51,1009.8,47.04
448.21,25.02,59.44,1012.49,73.65
441.17,23.32,69.23,1011.75,75.59
473.23,11.48,44.6,1018.29,90.76
468.82,13.83,41.23,993.31,93.94
437.11,26.77,68.08,1010.83,63.48
459.19,15.34,40.73,1018.03,86.19
446.45,28.14,43.21,1011.82,69.32
486.06,8.6,36.66,1026.4,81.23
449.9,21.86,58.49,1010.88,76.79
475.8,7.71,36.25,1027.92,89.84
457.68,22.7,48.14,1014.06,60.09
436.96,27.21,66.49,1013.57,40.11
439.87,24.58,48.98,1014.96,38.75
475.42,10.06,39.61,1020.69,69.49
434.02,26.34,68.67,1006.54,72.48
446.68,20.48,51.43,1007.4,90.7
485.57,6.19,41.31,1002.48,88.8
465.24,13.08,44.9,1020.47,86.46
433.97,21.87,74.87,1009.28,85.4
462.78,18.91,43.14,1013.56,58.34
476.96,11.92,38.25,1013.13,84.92
475.85,12.27,41.17,1019.39,52.18
486.06,5.17,35.57,1026.68,79.86
462.7,15.93,25.88,1009.45,72.83
451.41,22.21,61.87,1010.9,54.22
449.91,20.84,65.06,1016.88,71.93
451.49,22.53,58.62,1016.28,72.78
457.99,16.27,56.89,1013.74,84.36
435.28,27.37,69.23,1013.25,48.02
468.14,13.18,43.72,1010.59,99.09
430.72,27.69,73.91,1005.23,75.71
471.08,14.0,41.78,1010.96,48.37
443.1,18.88,65.94,1010.43,85.54
446.44,24.18,59.92,1009.88,79.54
451.38,19.19,50.16,1011.12,99.91
435.94,28.37,67.07,1005.65,56.13
434.67,27.55,65.59,1011.6,63.99
481.28,5.96,36.25,1029.4,88.63
434.64,28.52,70.02,1010.34,54.21
450.46,26.49,59.44,1012.09,57.84
443.01,22.65,60.93,1006.43,85.13
494.43,7.04,39.37,1019.37,69.11
430.96,30.13,78.05,1010.99,61.5
434.64,29.32,71.29,1008.34,51.51
466.75,10.46,41.26,1020.65,92.24
448.25,19.62,52.05,1012.09,50.02
465.94,10.71,41.93,1018.23,90.88
440.43,26.06,64.05,1012.0,84.05
474.52,8.2,41.14,1025.24,96.26
437.67,25.32,60.37,1006.19,73.94
463.44,15.75,39.16,1016.31,77.99
430.96,30.26,76.2,1008.44,62.1
476.7,9.86,42.49,1009.16,81.41
466.63,20.56,43.79,1015.85,45.7
448.25,27.28,44.89,1009.02,49.9
443.01,22.89,62.39,1007.84,88.16
439.63,27.59,50.05,1005.71,57.03
439.81,31.11,72.25,1012.34,44.45
463.13,13.8,40.2,1013.12,90.59
442.75,21.8,62.39,1007.84,89.04
468.66,14.28,39.39,1013.82,77.52
468.63,9.99,41.82,1033.14,68.36
445.86,17.65,59.87,1018.58,94.65
454.78,19.47,50.9,1012.77,77.33
459.14,16.64,39.64,1008.7,81.79
472.27,16.95,40.12,1012.59,87.87
434.11,25.95,69.51,1009.36,66.82
470.19,14.09,41.2,1016.45,67.27
472.16,11.21,39.85,1013.01,75.55
454.66,20.25,55.5,1020.03,69.33
454.4,17.72,48.14,1013.26,65.09
469.29,13.78,38.28,1014.8,81.19
481.47,5.57,42.85,1013.55,92.14
457.03,18.23,60.95,1016.74,78.85
441.91,23.89,65.18,1012.46,78.29
429.1,32.16,66.25,1008.17,56.88
441.93,25.62,63.13,1013.84,83.49
464.14,21.69,42.23,1013.05,67.55
466.67,13.9,45.08,1023.29,83.43
435.81,25.88,74.67,1016.66,81.09
441.93,25.03,61.86,1012.84,80.85
460.57,17.7,50.88,1015.44,89.57
459.19,13.98,40.24,1017.19,87.45
434.15,23.36,72.24,1010.99,94.41
437.06,26.55,73.67,1005.74,79.41
457.68,25.16,47.01,1014.99,64.0
449.77,23.82,63.76,1009.8,68.94
428.49,29.86,70.8,1010.22,70.36
441.34,25.42,66.05,1016.74,68.92
482.78,8.33,39.72,1020.24,82.84
442.87,26.2,65.18,1011.42,47.82
441.5,31.49,73.5,1010.71,40.16
430.29,28.05,70.36,1006.73,64.42
478.95,9.7,37.14,1012.79,75.2
454.4,15.94,44.85,1014.29,67.57
445.86,18.52,58.41,1013.77,99.89
463.49,14.5,40.66,1016.81,82.93
434.68,25.66,71.77,1006.76,84.76
442.18,24.29,62.91,1013.04,65.85
466.09,13.87,49.83,1006.76,89.14
481.46,6.1,43.65,1018.07,75.85
442.73,21.91,70.32,1009.17,90.57
433.57,29.34,70.94,1007.82,62.43
442.75,23.93,65.59,1011.09,87.26
481.88,7.77,40.27,1010.25,83.65
437.42,28.07,74.33,1012.0,71.69
435.81,28.34,73.68,1015.05,76.73
444.84,18.59,65.06,1015.75,80.72
443.12,28.68,61.86,1011.78,62.67
455.05,19.01,58.46,1017.14,90.99
446.68,21.29,51.43,1011.31,90.12
465.79,9.78,52.75,1022.97,78.31
454.71,19.65,42.23,1013.04,75.9
484.2,8.54,38.08,1019.75,71.24
446.76,21.39,58.05,1013.03,86.44
464.59,13.25,43.7,1013.61,76.05
463.49,13.53,42.03,1017.52,84.02
491.54,5.35,35.79,1013.23,93.53
435.28,32.0,65.74,1011.22,46.16
427.67,26.92,68.27,1008.11,61.73
442.59,25.82,59.43,1008.08,65.25
430.9,26.41,65.59,1010.69,73.78
491.23,4.27,39.64,1010.99,84.85
461.96,17.79,44.9,1020.5,69.72
448.79,17.47,58.16,1016.36,82.26
437.06,28.53,76.86,999.08,75.77
435.28,28.37,68.12,1012.41,45.87
436.16,22.88,71.73,1010.11,86.96
478.37,10.16,41.62,1013.15,94.3
485.01,4.59,39.33,1010.85,71.78
479.78,9.23,39.66,1019.44,76.11
449.91,23.81,66.51,1016.96,70.16
450.32,17.98,60.1,1009.61,84.11
468.23,12.38,45.09,1013.26,90.55
472.27,12.88,44.34,1016.03,88.51
449.91,23.26,63.56,1013.64,71.3
436.51,25.98,68.12,1011.36,66.86
479.95,10.01,41.17,1018.78,86.84
476.01,8.55,36.25,1029.54,85.23
456.4,16.85,50.9,1013.26,83.94
434.67,23.48,66.49,1014.41,62.61
456.2,19.64,46.33,1013.33,98.99
445.22,22.0,59.54,1004.55,95.25
443.1,22.54,63.91,1012.15,84.91
433.21,28.18,77.54,1011.99,74.72
439.81,31.04,74.67,1015.85,43.32
466.67,10.81,45.0,1023.45,85.89
460.59,21.84,55.5,1019.28,62.17
433.08,24.96,69.68,1011.37,63.12
436.16,22.19,70.02,1011.03,82.49
437.43,31.01,74.16,1010.89,56.52
457.55,19.05,55.5,1020.25,75.76
455.05,17.37,58.49,1012.2,91.14
437.39,24.07,73.46,1006.61,73.46
450.57,23.0,66.05,1020.61,80.29
456.2,20.05,42.48,1012.29,85.09
439.4,24.03,45.87,1007.55,52.48
432.22,31.44,79.74,1006.95,56.99
474.52,7.36,41.01,1025.49,96.48
456.5,20.53,65.06,1016.69,73.47
437.42,29.21,72.25,1012.72,71.85
456.5,20.68,63.86,1015.73,74.36
435.56,32.96,69.75,1008.86,40.23
450.46,26.29,56.85,1012.68,60.33
434.78,29.25,78.87,1012.05,84.28
429.86,31.91,69.89,1014.59,54.51
483.04,6.67,39.33,1011.07,91.96
459.14,14.56,40.89,1010.94,79.57
446.76,20.3,58.41,1014.05,86.38
454.66,20.74,58.2,1017.54,70.66
450.86,23.51,58.79,1016.44,65.38
430.96,32.32,76.09,1006.63,62.96
435.81,25.79,75.6,1017.46,75.63
436.7,22.26,70.47,1008.32,84.22
491.54,5.53,35.79,1013.48,94.19
455.17,16.05,65.46,1013.92,87.99
478.37,9.98,41.62,1013.56,95.77
447.73,18.47,62.1,1019.86,82.57
447.91,26.55,69.45,1013.92,52.22
431.37,27.67,71.64,1004.41,78.14
444.37,29.63,66.75,1018.08,58.46
478.21,9.32,41.39,1020.03,70.21
430.72,29.04,76.09,1007.52,75.44
456.5,19.27,65.12,1015.63,73.48
449.8,21.55,44.05,1005.69,84.05
484.2,8.35,40.46,1019.23,73.26
442.75,24.71,61.9,1013.78,85.82
450.07,21.85,58.33,1013.03,66.39
489.02,11.2,41.54,1019.94,67.18
430.11,25.21,69.48,1010.99,75.27
446.68,21.75,50.12,1009.36,94.41
441.29,23.59,71.73,1009.69,87.06
447.91,27.57,68.31,1010.48,55.87
463.49,15.03,40.66,1016.58,84.08
478.08,3.6,35.19,1018.73,99.1
440.53,27.81,66.51,1016.11,48.48
443.63,21.41,50.32,1008.61,84.47
489.6,6.4,41.17,1019.54,85.37
434.64,31.03,69.98,1011.33,52.16
467.44,14.09,44.84,1023.65,94.29
433.07,31.38,71.32,1009.17,60.42
433.24,30.21,71.32,1006.19,67.57
436.16,23.81,73.17,1012.13,86.13
445.18,21.4,59.21,1017.84,78.01
476.96,15.14,37.85,1010.33,84.3
471.08,16.34,41.48,1015.92,48.24
440.8,25.64,63.47,1012.33,68.35
462.25,14.2,40.92,1022.26,71.71
441.5,29.91,74.33,1013.22,39.76
434.15,22.64,70.98,1005.71,95.65
429.86,32.5,73.68,1014.65,55.72
444.8,25.73,62.66,1010.15,54.66
427.04,32.35,77.95,1014.76,60.88
455.32,18.1,45.0,1023.05,48.41
458.22,15.32,45.01,1013.3,83.72
454.01,21.41,54.2,1011.37,82.28
443.67,18.87,52.05,1012.02,53.46
438.65,27.3,57.19,1008.08,63.48
464.59,14.2,45.51,1015.36,74.85
483.42,8.61,43.8,1021.9,74.35
440.7,27.98,74.78,1009.46,63.11
445.6,23.97,63.86,1018.09,57.62
448.25,20.63,43.77,1010.71,62.34
433.97,23.63,73.18,1012.29,88.81
433.25,24.84,71.73,1009.84,82.41
433.75,25.76,71.06,1007.93,90.4
483.83,6.77,38.18,1017.8,81.13
455.18,21.75,67.45,1014.89,67.09
462.78,18.21,41.85,1014.67,56.86
433.97,23.09,73.5,1011.4,89.76
436.16,21.28,70.32,1011.55,88.05
426.82,29.04,70.72,1009.55,66.58
472.43,11.98,39.35,1014.97,98.05
465.79,11.4,52.75,1023.31,75.7
480.25,4.32,35.47,1017.8,88.51
456.2,15.77,39.82,1013.01,79.1
464.7,17.75,42.24,1016.86,61.52
448.79,19.26,58.46,1015.74,84.64
439.67,23.85,69.45,1013.99,60.6
444.44,26.77,64.45,1013.26,44.56
436.89,25.2,61.08,1013.04,74.28
445.22,21.84,59.07,1008.84,96.5
455.25,20.17,58.12,1015.41,79.47
442.11,21.74,60.27,1015.82,88.96
434.64,27.53,70.32,1007.75,49.31
448.04,21.95,50.66,1013.92,70.94
473.33,8.03,37.8,1020.47,60.67
463.44,15.25,39.16,1016.18,79.39
425.12,32.16,71.32,1005.5,60.23
441.29,24.81,67.17,1007.71,84.37
466.87,14.85,43.13,1016.02,55.29
431.37,28.32,72.58,1007.77,78.35
443.33,22.21,61.5,1008.34,76.22
478.08,5.53,40.64,1020.78,97.25
438.95,25.31,60.75,1008.65,79.35
464.74,15.86,43.5,1021.22,75.38
451.49,23.47,60.77,1017.19,75.36
466.87,14.08,43.41,1015.59,54.15
454.4,20.15,49.5,1013.47,66.7
470.19,13.07,43.13,1016.93,70.02
447.91,26.75,69.45,1013.88,53.65
436.92,32.31,62.04,1010.41,39.39
436.92,30.18,61.5,1009.8,36.81
468.63,9.15,41.82,1032.88,75.11
489.79,8.57,40.23,1017.53,90.46
443.67,24.68,48.06,1013.83,54.97
491.54,5.97,40.35,1012.3,94.1
461.16,17.54,42.42,1008.97,67.67
446.46,24.98,60.32,1016.39,63.12
437.67,25.54,60.37,1006.49,71.54
442.59,27.45,64.34,1007.12,65.87
448.25,23.24,45.01,1012.21,45.23
475.24,11.04,45.51,1017.53,83.42
452.85,17.06,58.96,1013.83,73.95
483.83,3.82,35.47,1016.62,84.34
465.77,12.1,44.77,1019.1,75.85
463.36,11.72,40.55,1021.54,85.13
463.49,14.66,42.07,1018.14,84.68
442.75,22.45,63.77,1014.57,87.44
433.99,23.46,72.43,1008.0,90.55
429.1,30.15,70.32,1007.58,54.14
430.96,31.74,79.74,1007.07,61.47
435.81,21.4,74.93,1014.58,80.85
455.42,16.56,42.99,1007.48,74.45
450.46,27.45,59.74,1011.34,58.58
457.29,13.69,40.83,1008.53,84.81
472.27,12.67,42.86,1014.06,89.9
456.5,19.77,65.06,1016.22,74.95
434.41,28.04,70.32,1011.28,78.16
472.27,13.35,41.16,1011.32,89.12
444.84,20.54,68.12,1012.23,81.06
454.66,21.67,57.76,1018.32,68.21
447.7,25.61,52.36,1014.1,62.9
454.01,18.03,53.16,1013.1,81.42
489.6,5.85,40.77,1022.44,84.77
466.75,10.38,40.92,1021.53,95.18
433.97,23.36,73.18,1011.96,89.15
472.27,12.91,41.16,1011.9,89.19
459.14,15.35,41.79,1008.38,81.13
427.04,30.69,74.16,1012.71,60.89
436.92,30.58,65.18,1011.61,37.43
453.2,18.15,58.46,1017.42,88.24
472.45,12.38,40.6,1013.86,85.35
434.8,34.65,74.67,1016.03,26.67
466.75,10.99,43.5,1021.1,93.64
437.65,33.72,74.33,1011.4,37.51
463.05,19.09,44.63,1019.91,39.32
445.86,21.43,63.94,1012.68,99.68
435.56,34.33,74.34,1001.74,42.75
434.64,30.59,70.04,1010.28,50.56
441.5,32.0,73.17,1009.92,42.47
483.83,3.96,35.47,1016.79,83.81
429.38,32.45,66.44,1011.21,50.18
440.1,28.91,58.33,1013.84,39.72
434.64,32.26,71.29,1008.41,48.58
433.97,23.39,74.22,1009.83,86.05
432.11,29.27,69.89,1015.21,67.16
462.25,16.37,43.5,1021.26,72.4
466.63,18.68,43.69,1016.68,48.88
443.8,24.86,65.34,1012.99,60.33
474.52,5.12,40.78,1025.45,96.88
439.81,32.55,73.03,1014.36,44.83
463.05,19.81,43.56,1013.39,38.13
494.43,8.46,39.42,1025.05,69.36
444.44,23.71,68.63,1014.54,46.04
426.14,30.52,71.77,1006.22,56.4
446.16,22.79,68.63,1012.99,55.78
455.7,19.05,53.16,1013.22,82.8
442.66,25.72,66.86,1007.47,69.14
482.36,9.64,40.56,1022.51,78.62
431.37,29.49,70.98,1007.83,79.08
442.46,23.4,49.16,1002.85,69.82
468.52,10.36,43.67,1011.95,78.15
466.15,16.74,39.16,1005.68,71.17
465.97,17.07,41.35,1005.88,83.43
432.7,27.43,64.96,999.72,67.94
450.86,23.1,60.08,1017.69,65.44
430.29,28.25,71.77,1006.36,67.03
437.43,30.92,78.05,1011.0,59.62
440.1,26.75,58.33,1013.55,45.47
475.8,6.62,41.14,1027.33,86.24
475.96,12.69,40.75,1016.05,82.92
454.4,18.04,44.88,1017.96,66.3
445.22,19.15,56.53,1019.95,84.1
465.94,12.08,40.24,1016.63,92.32
460.57,15.67,48.78,1013.76,88.92
425.5,34.63,74.33,1011.7,31.45
480.38,7.46,41.26,1009.63,96.51
457.55,19.61,56.53,1019.69,77.13
451.93,10.96,41.93,1019.28,87.38
442.75,24.15,63.13,1013.8,92.1
475.88,8.09,38.5,1012.99,67.31
454.78,21.59,48.06,1012.72,77.13
446.19,25.03,59.21,1017.28,56.96
466.75,10.24,41.58,1021.17,94.34
444.51,24.2,57.85,1013.05,70.29
445.86,20.24,58.41,1013.73,99.59
437.65,31.82,73.68,1014.8,40.58
463.13,14.17,39.59,1010.99,94.08
478.88,10.07,34.69,1028.09,70.52
426.25,29.79,68.24,1009.19,65.49
478.37,12.51,43.67,1013.24,91.55
453.2,18.91,59.21,1017.76,90.49
479.78,7.98,39.61,1018.57,77.04
435.28,31.67,69.68,1012.38,46.52
450.57,17.59,65.48,1018.96,81.34
440.89,25.96,60.32,1016.17,55.51
468.75,15.35,35.4,1016.3,57.12
457.68,22.39,48.14,1014.56,64.31
434.8,30.85,67.45,1014.53,32.99
445.6,24.02,64.63,1020.49,55.17
464.14,16.25,40.89,1011.09,62.7
443.67,24.33,46.93,1013.51,52.63
426.9,28.78,64.96,999.75,56.43
446.44,25.01,59.54,1007.91,80.93
451.49,22.98,58.46,1016.06,72.69
449.8,17.85,46.48,1007.79,83.59
433.75,24.24,71.58,1010.15,91.14
481.47,5.09,42.85,1013.78,91.34
468.66,12.68,40.69,1014.46,79.77
443.78,29.56,52.84,1006.09,42.17
457.07,18.46,42.18,1001.47,97.61
475.42,10.07,40.46,1018.65,69.2
440.8,21.49,56.9,1007.47,66.66
460.59,16.69,53.82,1015.39,63.62
436.92,28.77,58.33,1013.73,36.6
468.14,15.03,42.44,1014.25,94.52
435.28,28.62,70.32,1008.87,46.67
447.0,14.84,71.14,1019.61,66.78
450.86,23.33,58.95,1017.93,66.37
440.43,26.1,66.25,1009.25,84.52
463.13,12.72,39.13,1008.36,92.59
447.91,26.34,69.45,1013.87,54.15
432.7,30.54,70.17,999.42,64.32
483.42,7.09,43.65,1019.6,72.1
444.85,23.47,59.22,1013.44,83.33
475.01,9.78,41.93,1023.18,75.05
472.12,13.61,41.74,1021.66,62.83
433.25,24.96,74.99,1008.25,80.52
441.11,25.68,59.44,1012.33,67.29
444.85,23.01,59.44,1012.82,82.62
435.4,30.28,58.9,1005.03,54.59
483.83,5.86,40.62,1017.03,85.06
475.01,9.68,39.61,1015.63,74.5
432.11,26.04,71.14,1011.66,68.95
475.96,12.0,39.35,1015.48,82.51
458.22,15.45,46.63,1012.6,85.47
429.1,30.09,69.48,1009.51,53.24
475.85,11.23,41.17,1019.36,56.85
465.94,10.59,41.93,1017.7,92.91
446.68,19.89,51.43,1007.33,92.08
473.56,14.35,40.71,1023.09,69.5
483.83,5.47,40.62,1018.66,83.61
460.51,16.11,44.92,1025.37,79.85
438.95,26.03,59.07,1007.3,82.52
429.38,30.61,68.84,1011.18,52.5
441.93,22.54,63.07,1011.71,81.64
475.96,11.67,40.23,1017.65,82.48
475.96,11.71,41.44,1015.37,79.95
489.02,10.91,39.61,1018.44,64.38
428.49,29.53,70.94,1007.22,70.68
433.24,30.54,69.14,1007.25,70.46
471.46,10.72,45.0,1023.22,86.95
439.4,25.54,48.41,1010.51,55.34
445.26,24.89,64.27,1013.52,64.65
442.39,29.33,52.84,1006.04,44.3
471.6,9.33,39.96,1024.55,98.58
445.22,20.76,58.18,1007.8,99.22
452.41,28.78,60.07,1014.54,49.03
463.05,19.62,43.56,1012.89,37.6
440.89,24.92,60.95,1014.88,60.58
476.31,11.33,41.16,1019.05,87.13
445.85,22.12,63.91,1009.61,90.83
456.4,18.27,51.43,1010.38,88.39
468.43,15.9,41.35,1005.35,92.89
456.56,14.67,71.14,1019.84,77.72
468.4,17.94,37.2,1012.64,68.11
455.32,18.92,44.63,1020.32,47.81
453.2,15.27,56.89,1013.28,86.92
442.26,16.31,68.28,1003.98,98.62
489.6,4.99,41.03,1022.33,83.11
434.15,24.07,71.97,1008.83,94.87
450.32,20.03,62.26,1012.15,82.54
461.55,15.83,41.67,1013.39,74.12
430.34,25.44,70.17,1000.65,91.89
448.32,23.38,52.84,1005.27,82.98
441.22,30.17,64.79,1017.06,43.81
431.37,29.97,73.06,1009.41,78.26
486.14,6.86,42.49,1007.95,93.96
461.78,21.87,49.39,1019.99,67.05
446.68,20.46,51.43,1007.31,93.25
474.29,12.03,40.1,1015.32,85.39
429.38,32.21,68.3,1014.94,49.38
429.31,33.08,69.75,1009.03,43.69
491.54,5.66,35.79,1013.86,94.42
451.38,19.35,50.12,1005.43,100.1
448.04,23.43,51.43,1011.31,73.55
475.01,11.18,37.5,1013.32,74.32
432.76,28.37,72.86,1004.81,53.52
475.85,11.49,39.22,1016.35,53.11
452.75,18.87,43.43,1009.16,69.5
455.25,20.3,59.8,1015.24,78.75
466.09,12.39,49.83,1007.6,92.43
432.76,33.13,74.34,999.57,48.34
446.76,18.26,59.15,1012.38,85.74
482.36,11.21,41.06,1021.75,77.0
459.39,18.19,44.06,1017.24,78.73
473.56,12.6,41.74,1022.13,67.89
464.14,20.18,43.43,1011.31,65.11
443.8,22.89,65.34,1015.53,61.0
475.24,12.19,44.63,1018.96,80.91
438.95,25.86,59.07,1008.59,81.28
456.86,15.33,52.05,1014.15,80.56
450.98,17.3,62.1,1020.28,88.06
476.31,11.52,40.75,1016.23,85.18
430.96,32.09,79.74,1006.92,61.5
434.68,24.82,72.99,1007.81,84.72
437.37,27.85,66.44,1008.48,77.15
435.81,25.72,74.67,1016.64,75.93
434.16,25.61,74.22,1010.26,75.15
448.25,22.18,45.09,1014.04,43.13
478.02,13.92,41.16,1003.83,88.69
460.06,14.26,44.2,1019.81,76.46
430.34,27.02,71.25,1000.48,87.86
463.13,14.29,37.85,1009.98,92.81
475.85,11.23,41.17,1019.36,56.85
454.4,17.57,43.7,1015.53,67.22
465.94,12.67,41.16,1016.92,92.8
443.89,27.42,65.74,1013.43,69.42
463.05,15.63,43.02,1012.57,40.32
466.67,13.74,44.21,1023.26,84.2
429.31,29.61,67.07,1005.91,39.28
428.63,30.39,66.54,1002.7,59.15
472.12,15.24,44.45,1020.56,66.13
467.44,12.52,42.34,1018.67,95.29
454.68,24.56,51.86,1014.43,68.85
455.05,16.39,58.59,1014.58,90.34
466.75,10.64,41.04,1025.0,93.59
450.57,18.06,65.48,1018.79,77.95
475.24,12.81,44.58,1016.49,80.76
476.31,10.03,42.18,1017.3,85.99
444.04,22.74,58.12,1015.16,79.58
471.08,20.65,41.67,1012.76,45.27
481.46,8.19,41.66,1016.57,75.38
467.34,14.08,39.31,1011.67,72.0
466.75,8.74,40.03,1016.81,93.37
426.25,28.9,68.84,1011.64,64.44
463.13,13.95,40.2,1013.18,90.77
484.2,7.89,40.46,1019.61,74.53
441.34,25.17,64.79,1017.87,63.26
437.37,26.94,68.24,1010.49,76.58
465.94,14.08,40.73,1017.52,91.49
462.25,14.32,40.78,1024.49,73.84
440.67,24.63,59.57,1010.45,85.36
430.11,26.59,69.13,1009.27,73.96
475.42,11.62,39.72,1018.4,68.06
457.68,17.32,43.7,1015.13,61.66
447.0,20.39,64.15,1021.31,62.35
476.31,11.64,41.39,1017.36,83.4
446.19,22.08,55.5,1018.42,58.46
459.45,17.77,52.9,1020.11,81.51
437.39,22.43,69.84,1006.94,75.54
446.16,21.87,66.86,1013.01,57.39
433.25,25.59,72.43,1007.88,82.98
464.7,15.24,40.0,1017.34,65.16
481.88,8.14,37.49,1009.04,80.33
442.92,21.2,59.39,1014.04,85.06
475.46,10.9,39.64,1010.58,64.88
475.61,17.23,41.1,1002.45,68.88
466.09,14.03,49.83,1006.64,90.01
471.23,8.42,42.28,1008.4,87.78
439.5,29.09,47.93,1003.05,48.13
478.08,4.08,35.19,1018.87,97.07
429.1,29.72,68.08,1010.72,53.46
485.57,5.98,41.31,1001.66,89.5
432.3,28.83,64.96,1000.05,63.57
466.0,12.9,43.41,1015.92,59.15
437.65,34.61,73.03,1013.61,36.91
446.68,18.32,47.83,1005.06,87.21
431.37,27.37,72.58,1008.16,79.94
466.67,16.02,44.21,1020.97,85.64
433.97,22.1,74.87,1009.4,85.78
478.55,6.93,39.81,1017.25,87.29
484.2,6.75,39.37,1020.26,70.99
441.34,25.42,67.25,1017.92,68.61
446.19,23.05,58.86,1013.84,62.21
472.43,7.23,41.22,1015.23,98.04
444.64,22.59,59.43,1005.85,84.02
479.78,9.06,39.66,1019.64,76.98
475.85,11.82,41.17,1019.5,55.74
437.67,25.14,60.93,1007.44,76.71
434.16,25.21,70.04,1009.51,76.13
478.37,10.54,41.93,1016.64,93.52
441.5,32.42,75.08,1004.82,41.62
463.05,19.88,44.6,1015.52,37.85
433.75,24.73,70.72,1009.82,88.79
475.24,12.67,48.14,1017.41,83.63
474.09,11.02,40.81,1016.31,78.13
462.78,18.09,48.92,1010.6,52.11
463.05,19.67,44.71,1015.46,31.46
450.86,19.96,56.03,1020.59,64.95
475.96,12.3,40.69,1015.74,82.58
448.98,21.99,51.19,1009.19,82.58
433.99,25.35,71.98,1006.83,88.44
485.01,6.22,38.68,1017.87,69.41
464.02,15.69,37.87,1021.18,84.38
448.79,21.44,60.32,1015.2,81.1
442.75,24.27,63.9,1013.5,61.09
445.86,21.55,60.27,1017.42,92.59
448.25,23.74,49.5,1013.2,49.51
475.24,11.94,44.2,1017.97,82.93
441.17,23.45,70.04,1010.99,79.2
466.0,17.36,44.63,1020.49,54.21
442.26,17.51,68.28,1004.36,94.87
457.68,22.23,46.93,1013.09,58.02
439.63,27.01,52.3,1007.78,60.38
464.14,19.96,39.53,1006.16,62.77
449.23,24.43,65.27,1013.25,55.4
443.33,24.26,61.02,1009.78,76.68
436.62,23.45,66.48,1003.66,75.83
470.19,15.95,42.24,1017.71,69.32
454.72,23.03,54.42,1014.42,74.98
469.13,15.47,48.98,1016.42,89.85
478.08,7.71,40.71,1021.53,95.48
472.11,14.27,41.48,1014.83,62.7
476.31,11.02,41.17,1018.18,86.86
433.97,23.25,72.99,1009.17,89.85
471.23,13.45,45.87,1008.42,87.74
462.25,12.87,39.3,1020.64,74.38
479.95,8.16,39.3,1019.39,85.38
440.79,27.93,73.68,1015.41,49.95
455.25,20.12,58.12,1015.47,79.38
475.61,16.5,39.72,1003.05,65.99
446.1,18.92,67.71,1008.19,64.53
435.81,26.04,74.67,1016.68,81.2
454.26,19.23,45.01,1012.24,72.91
437.43,31.11,74.87,1009.11,54.86
435.81,25.45,74.33,1015.53,80.95
462.7,14.56,25.88,1009.46,78.22
439.5,28.18,49.3,1003.97,55.56
450.86,21.9,57.76,1017.45,66.89
442.45,22.04,59.14,1017.34,84.75
429.91,29.83,71.98,1004.32,67.55
437.27,25.21,75.6,1017.19,69.84
429.1,31.11,71.8,1010.81,56.08
456.2,18.94,48.7,1008.5,94.83
444.85,23.34,59.44,1012.67,80.76
445.22,22.5,59.54,1007.99,93.63
430.96,32.38,77.24,1007.7,61.15
489.6,7.39,39.81,1019.45,85.02
442.11,21.84,59.39,1015.77,88.12
472.27,14.72,43.34,1013.07,85.61
455.31,24.67,49.5,1013.62,59.42
454.72,23.17,51.19,1009.5,76.15
445.22,19.66,59.87,1018.75,87.6
440.67,23.95,59.92,1010.15,86.37
428.63,31.07,64.96,1005.2,58.93
433.08,27.03,71.14,1010.33,66.25
469.29,10.96,37.5,1013.46,79.54
489.79,7.84,41.39,1018.21,91.92
432.3,31.3,67.17,1007.27,62.99
457.29,15.76,44.89,1010.33,85.06
448.25,23.09,45.01,1012.25,43.95
468.4,16.9,38.58,1014.09,70.11
450.32,17.98,59.15,1012.09,83.03
463.49,13.86,40.66,1017.15,83.82
466.09,15.47,46.48,1007.69,91.07
489.79,7.11,40.77,1022.4,90.95
434.7,29.52,77.24,1008.55,76.24
491.54,7.94,40.6,1015.3,92.14
435.4,29.7,57.35,1005.63,57.35
448.04,23.5,50.23,1017.51,75.15
444.19,20.03,60.77,1017.23,87.82
476.01,8.49,36.25,1029.7,84.41
475.46,12.48,40.67,1011.24,61.1
484.99,9.96,42.03,1017.78,82.39
461.6,16.64,44.9,1021.02,70.34
471.63,14.35,35.71,1016.1,60.86
479.28,9.07,40.67,1014.41,70.39
464.39,12.57,41.66,1009.11,70.74
482.36,9.32,37.73,1022.14,79.49
437.37,27.17,67.17,1006.76,81.59
454.68,24.48,50.23,1017.03,66.89
480.25,6.69,36.24,1013.35,91.09
476.46,14.89,39.58,1012.26,77.58
448.32,22.32,47.93,1004.07,86.95
468.02,7.64,39.85,1012.78,88.09
448.21,25.34,59.39,1014.02,73.58
481.47,6.05,42.85,1013.09,91.88
461.63,16.72,53.82,1015.46,66.9
449.06,20.82,52.84,1004.13,79.42
450.71,18.94,46.93,1010.22,75.45
436.7,22.72,69.84,1005.96,83.9
441.17,22.02,69.45,1013.84,75.75
470.19,15.67,38.62,1015.76,66.29
475.88,6.17,40.07,1013.7,58.99
459.39,20.14,46.33,1013.24,83.39
440.53,28.05,62.6,1017.01,46.46
474.09,9.77,41.44,1017.69,78.26
444.64,18.91,56.9,1006.98,84.07
471.08,15.55,43.02,1011.97,44.66
474.29,11.95,41.58,1015.83,89.35
463.44,15.33,37.2,1013.4,78.99
450.01,25.62,60.29,1017.81,51.24
440.89,26.75,56.57,1013.76,57.93
447.73,19.37,63.09,1018.79,81.52
476.31,10.32,41.46,1017.98,87.66
459.14,16.85,41.35,1006.14,79.21
470.27,12.42,43.8,1023.13,79.8
446.68,20.3,48.41,1007.48,89.66
466.2,14.1,42.74,1026.92,67.25
474.09,11.77,42.03,1017.63,79.35
436.89,26.16,59.87,1013.24,71.92
435.9,26.85,69.84,1002.84,81.31
476.96,12.86,40.6,1013.6,84.85
462.25,14.12,40.92,1022.46,73.28
462.25,12.87,39.3,1019.26,71.55
451.49,26.23,59.14,1016.98,75.54
489.02,10.63,40.67,1017.13,66.12
472.12,15.62,41.76,1023.82,66.17
433.34,25.95,73.77,1001.35,92.67
464.14,18.77,39.54,1009.39,63.35
473.56,10.22,45.01,1018.27,93.62
460.57,17.67,50.88,1015.64,90.55
442.73,20.89,70.32,1011.22,89.68
451.49,22.5,58.79,1017.48,73.02
437.35,32.45,68.3,1015.26,44.12
473.23,10.31,44.63,1020.55,88.62
450.57,20.08,63.09,1019.0,77.06
438.65,28.28,56.9,1006.38,64.99
485.01,8.4,38.5,1013.67,69.13
441.17,24.31,67.79,1010.64,76.15
489.79,7.53,41.16,1023.19,91.28
433.34,25.17,72.39,1001.69,90.51
479.78,6.9,40.62,1018.48,78.84
439.55,23.03,44.89,1010.26,59.85
472.88,13.17,38.91,1016.55,74.47
434.15,25.09,69.68,1012.18,91.33
465.97,19.13,40.79,1004.47,91.7
426.82,29.56,73.88,1005.77,66.45
428.61,31.93,70.4,1005.27,73.71
465.2,13.8,42.99,1007.16,67.28
443.78,27.61,49.16,1005.01,35.63
466.67,16.36,43.99,1021.34,85.13
434.41,27.27,72.24,1010.69,78.09
454.66,20.27,56.65,1020.75,67.12
444.99,22.28,60.27,1018.98,84.12
436.89,26.99,62.26,1011.13,71.27
440.43,25.79,67.17,1007.89,81.38
429.1,29.49,69.71,1009.34,56.35
442.66,25.85,67.69,1007.7,70.14
433.75,25.82,69.68,1012.69,89.94
437.76,24.67,68.14,1004.96,58.15
426.9,30.09,64.96,1001.29,56.04
464.7,11.27,40.62,1017.03,61.94
455.18,20.28,68.63,1012.42,70.31
464.14,19.36,39.54,1008.97,58.92
468.14,15.37,41.96,1011.58,96.76
466.67,13.79,45.08,1023.3,83.59
436.16,24.35,73.17,1012.2,85.88
445.86,20.51,63.09,1016.39,92.99
445.22,21.93,61.45,1008.92,98.54
426.82,28.24,71.58,1010.1,67.92
445.26,25.19,64.44,1014.75,64.38
441.5,31.71,73.5,1010.63,40.17
449.23,24.88,63.31,1014.23,55.76
433.57,30.65,71.98,1004.92,63.39
429.1,29.01,68.08,1010.74,52.51
471.07,10.06,42.02,999.37,98.65
468.63,14.66,41.92,1030.81,68.88
432.11,26.12,68.51,1013.06,68.96
442.16,23.92,61.87,1009.63,54.16
442.92,21.88,59.39,1015.58,87.19
458.22,16.0,42.86,1013.88,81.74
448.21,24.74,59.21,1012.18,74.2
484.2,6.93,40.67,1020.17,71.16
476.46,12.26,39.96,1011.79,79.06
475.85,14.44,40.8,1025.05,56.59
464.61,11.85,42.07,1017.92,93.45
451.49,21.35,57.76,1017.36,73.1
444.44,27.31,65.12,1016.05,45.98
448.42,23.59,43.77,1010.85,55.98
472.43,11.94,40.66,1016.61,96.11
455.31,24.97,50.23,1015.6,56.79
440.8,24.78,57.19,1008.08,65.4
478.55,8.18,43.69,1017.16,88.16
464.61,13.75,40.66,1016.41,93.31
466.38,15.52,43.7,1015.8,76.27
466.67,14.98,43.99,1022.66,83.34
470.27,13.42,40.78,1025.03,77.51
433.97,24.05,72.24,1011.32,88.94
437.43,29.75,74.87,1009.1,56.5
465.2,17.89,42.42,1008.92,65.08
433.42,27.84,72.39,1001.18,83.46
453.2,18.24,58.46,1017.38,86.92
475.85,12.0,41.17,1019.48,58.71
476.31,12.23,43.69,1016.46,84.4
447.0,22.67,64.15,1021.02,70.49
454.71,16.73,37.2,1012.94,74.04
450.07,21.65,56.89,1013.13,66.07
448.25,21.18,45.01,1012.57,48.05
436.75,21.06,67.07,1004.9,84.09
475.24,13.88,48.79,1017.28,79.4
450.71,19.08,46.93,1010.6,75.21
464.14,17.48,40.89,1011.39,62.45
454.4,16.23,43.69,1016.4,68.9
437.67,24.99,60.37,1005.66,74.87
459.14,12.53,44.03,1007.21,84.2
468.4,18.3,37.2,1012.23,68.09
486.08,7.51,41.66,1015.9,78.31
431.83,28.66,77.95,1009.56,69.07
444.8,25.6,63.9,1013.16,53.19
471.63,12.75,39.85,1012.51,62.37
453.2,17.19,58.86,1016.74,85.97
442.16,30.51,60.75,1009.86,51.0
483.04,8.23,40.77,1011.92,90.59
474.56,10.17,40.1,1014.05,91.9
434.25,27.04,73.67,1006.82,77.45
466.75,10.74,40.92,1021.74,94.97
446.76,21.96,58.79,1010.51,87.32
444.38,23.14,62.26,1011.87,66.44
430.29,27.41,69.98,1008.51,65.49
436.51,25.61,67.69,1009.22,68.76
444.28,18.55,61.87,1008.45,65.3
426.25,30.55,66.25,1009.15,63.52
449.99,24.4,41.1,1002.14,38.75
437.11,25.17,68.08,1012.83,60.87
449.91,22.1,65.06,1014.56,71.5
471.07,11.48,42.02,1000.29,94.76
443.33,24.04,59.43,1007.6,76.98
475.85,12.74,41.38,1021.92,56.67
442.92,20.65,57.5,1016.04,87.45
489.02,9.6,41.03,1021.01,69.03
429.91,28.61,69.84,1004.24,67.74
463.44,16.58,37.64,1015.23,81.59
472.88,16.81,38.52,1018.26,75.21
489.79,5.46,40.81,1025.73,93.52
448.04,23.19,49.82,1014.59,70.52
476.18,11.86,40.27,1008.06,72.91
450.98,20.36,66.05,1015.86,87.19
436.89,25.14,63.47,1012.58,70.27
440.7,28.42,75.23,1010.25,56.8
473.56,10.96,45.01,1017.97,95.82
453.54,18.48,52.05,1012.41,68.2
465.97,16.48,41.35,1005.61,89.07
463.13,14.04,40.2,1013.29,89.54
449.99,22.24,41.1,1001.96,42.6
475.01,11.77,40.71,1024.55,72.49
442.87,32.41,58.9,1003.26,45.33
455.17,17.8,62.26,1011.81,89.81
450.32,19.08,59.15,1013.1,81.82
476.96,11.72,40.35,1012.08,83.98
435.28,27.92,68.12,1011.54,49.8
436.17,22.73,66.75,1018.13,84.06
432.76,30.67,72.86,1004.25,52.72
430.19,26.81,61.47,1009.68,68.34
465.2,15.39,39.31,1008.78,66.67
441.91,22.92,61.9,1013.27,78.32
429.1,29.53,71.43,1011.79,57.41
429.31,32.84,68.14,1003.59,43.88
466.63,15.78,41.48,1015.55,52.17
489.79,6.65,40.69,1020.11,89.84
460.59,14.64,53.82,1016.33,60.59
459.14,15.12,41.79,1007.16,82.35
434.68,28.36,69.88,1007.75,84.17
435.81,24.27,74.93,1012.73,73.81
439.82,27.77,51.43,1006.58,69.01
485.57,11.17,39.72,1002.4,81.4
433.75,23.71,67.17,1007.27,90.2
439.37,28.12,73.42,1011.49,80.16
461.63,19.17,52.9,1016.56,65.23
450.71,19.67,44.89,1009.43,73.88
454.4,18.5,46.93,1015.0,66.81
466.15,16.36,39.99,1008.91,72.48
441.91,22.43,63.76,1009.84,75.27
431.77,30.8,73.56,1007.39,75.78
451.49,22.07,60.08,1017.68,71.23
473.56,15.51,41.76,1022.81,69.55
426.82,29.78,69.71,1008.96,67.46
475.01,9.61,39.04,1023.45,75.66
439.5,31.99,53.53,1004.98,53.53
437.43,29.72,74.78,1009.32,55.25
466.63,15.47,43.13,1015.11,50.5
485.01,4.62,38.44,1016.09,73.14
466.38,15.61,41.2,1016.12,75.28
486.08,7.35,41.66,1015.55,79.67
442.16,23.77,61.87,1009.8,54.83
473.23,10.88,44.63,1020.52,86.81
472.12,12.99,43.8,1023.16,64.65
448.25,22.99,46.93,1014.15,49.42
450.01,24.38,58.2,1016.93,51.61
441.29,25.14,69.13,1011.15,85.67
463.49,13.21,40.03,1018.12,82.98
472.12,13.56,39.18,1023.4,63.82
465.88,10.6,41.46,1021.23,89.02
461.05,12.78,41.04,1025.16,85.14
442.66,27.44,66.56,1005.51,69.28
448.98,23.09,51.19,1009.4,81.61
443.33,20.87,57.19,1006.5,77.0
459.19,14.58,42.07,1017.9,86.14
442.73,22.12,69.71,1009.7,90.22
455.17,16.73,65.94,1013.79,90.19
465.97,14.92,41.16,1004.83,83.7
455.18,21.38,65.12,1015.73,68.02
475.8,10.55,41.92,1030.0,91.23
481.28,3.31,39.42,1024.05,84.31
464.74,16.23,43.52,1020.13,76.3
444.8,27.86,65.18,1012.87,55.53
464.39,13.63,43.22,1012.71,72.85
481.88,6.91,37.49,1011.05,82.07
481.88,8.62,39.54,1011.64,82.86
471.8,8.51,42.32,1015.08,84.89
432.76,31.3,70.79,1004.3,54.37
463.05,16.0,43.02,1012.37,39.2
476.1,11.44,44.2,1018.14,84.9
481.88,5.15,45.87,1008.02,98.36
441.91,24.88,63.91,1009.41,77.75
437.27,27.52,74.67,1015.77,72.01
439.09,32.89,66.44,1009.94,60.55
479.78,9.98,39.66,1017.32,77.78
433.97,25.42,74.22,1009.04,88.55
438.43,26.04,52.84,1005.68,65.18
460.57,16.0,48.78,1013.9,88.64
463.13,14.4,40.2,1013.04,90.5
442.45,21.71,60.77,1017.95,85.07
434.02,27.72,69.88,1007.58,72.25
489.02,9.34,38.08,1019.56,67.74
428.25,31.12,68.14,1003.67,67.36
466.0,12.14,44.85,1014.36,60.04
470.27,12.24,40.96,1023.22,78.74
434.68,25.67,69.88,1007.84,83.32
443.12,28.6,61.86,1011.86,62.13
433.5,33.63,70.4,1004.02,53.6
448.79,20.23,57.76,1016.84,81.26
469.13,13.3,50.59,1019.38,92.96
450.71,20.77,45.87,1008.07,76.22
457.55,20.0,56.53,1020.43,75.94
485.06,7.34,40.72,1023.01,80.08
447.13,21.71,65.27,1013.24,63.58
439.91,25.16,58.82,1009.63,72.62
468.4,17.35,39.39,1013.18,67.67
446.16,21.6,66.86,1013.02,54.19
474.52,9.89,40.64,1020.59,98.35
468.52,13.32,44.9,1007.72,78.64
447.7,24.8,50.23,1016.62,63.13
439.4,26.38,44.89,1009.14,51.79
446.76,19.93,57.25,1010.6,89.34
486.06,9.33,36.3,1027.88,79.23
463.6,13.85,45.08,1024.86,83.85
444.37,24.51,62.08,1022.58,57.44
437.76,27.78,68.67,1005.59,59.17
444.99,23.85,52.3,1005.9,70.95
457.29,13.75,40.89,1011.21,82.8
427.53,34.2,68.14,1002.7,56.09
442.26,19.04,68.28,1004.52,86.16
434.11,24.85,67.9,1005.9,64.55
434.67,22.51,66.49,1014.59,63.03
447.93,26.88,60.96,1012.1,57.9
449.8,15.48,47.83,1004.88,81.68
433.99,23.56,73.67,1007.13,87.1
460.59,19.43,52.9,1018.35,61.12
432.3,29.97,67.9,1006.09,61.6
454.26,18.97,50.59,1016.01,74.9
431.51,21.37,81.56,1006.57,81.56
451.49,20.09,61.27,1020.05,70.71
439.01,22.41,66.56,1003.3,88.71
444.44,24.51,68.63,1014.15,45.1
435.81,26.01,74.33,1015.69,81.22
435.28,28.32,68.12,1011.62,46.75
463.6,13.68,45.08,1024.91,85.26
474.52,8.83,41.14,1025.37,94.36
439.91,24.75,58.79,1009.87,71.97
437.43,30.64,74.87,1009.44,59.01
446.45,26.68,49.02,1008.4,68.01
442.46,23.38,48.6,1004.45,69.19
433.99,23.48,70.79,1006.7,88.57
469.33,14.03,49.15,1020.5,83.65
442.46,24.26,47.93,1003.87,70.44
463.49,13.08,42.32,1016.63,83.72
441.29,23.78,69.71,1008.79,83.17
440.7,27.71,75.23,1010.21,59.75
449.91,21.97,65.61,1016.09,73.29
465.61,15.54,41.23,995.45,83.73
427.04,31.03,74.33,1011.55,63.45
429.1,31.12,69.13,1009.61,56.54
489.79,7.11,41.74,1022.35,90.68
472.27,13.07,42.18,1014.98,87.77
449.91,22.86,62.52,1016.23,70.67
478.55,6.14,40.62,1015.71,86.51
460.59,14.3,53.82,1016.64,63.9
465.97,17.93,44.63,1003.54,87.41
434.16,25.9,71.73,1010.18,74.83
451.49,23.72,58.62,1016.32,71.17
465.61,13.83,38.73,999.62,91.95
434.25,21.71,76.86,1006.71,76.86
432.3,28.76,66.56,1006.07,62.41
460.51,15.28,43.71,1024.32,81.24
465.97,13.95,38.73,1003.87,83.94
449.9,22.19,58.49,1010.91,77.03
450.86,22.75,58.86,1016.0,67.34
437.41,28.52,64.96,1005.9,70.79
446.44,23.9,61.47,1009.01,81.05
426.14,31.88,70.36,1006.2,57.51
478.37,10.4,42.44,1014.24,93.48
461.96,21.31,49.39,1020.18,71.35
431.37,29.72,71.97,1008.6,79.25
455.32,20.92,49.15,1021.15,49.76
467.34,13.48,40.35,1011.71,69.44
445.18,21.36,58.95,1018.35,78.87
482.8,6.75,39.9,1008.3,87.42
453.2,18.11,58.95,1016.61,89.17
434.16,26.2,71.73,1010.14,76.14
437.06,22.89,80.25,1006.38,80.25
444.26,26.12,63.94,1017.97,44.81
476.7,9.84,40.22,1009.5,85.38
464.59,14.13,48.92,1011.72,78.06
478.88,9.05,36.3,1027.44,74.85
442.45,22.21,60.77,1018.21,84.96
454.71,18.73,40.12,1013.19,74.12
472.43,10.53,40.64,1020.62,98.43
452.85,21.47,58.79,1017.0,76.97
489.6,6.03,41.17,1019.81,84.2
441.34,23.55,65.12,1016.23,66.65
465.88,9.26,40.78,1023.61,88.48
455.42,14.18,42.99,1007.19,73.21
484.2,6.67,39.37,1020.31,73.56
433.75,24.1,71.97,1009.92,91.27
434.68,25.35,72.99,1007.65,84.09
448.21,23.21,58.49,1010.97,74.34
472.11,11.44,43.13,1014.88,63.88
463.36,12.75,40.64,1020.44,83.17
426.67,30.01,68.27,1006.88,51.67
442.87,27.18,61.41,1012.17,46.11
476.1,8.3,43.13,1020.02,83.11
434.16,26.2,71.73,1009.99,74.99
436.16,22.4,68.31,1009.52,83.5
471.08,14.66,43.13,1014.97,46.31
438.16,24.96,70.47,1007.73,76.48
434.67,26.5,66.05,1017.03,61.34
444.85,24.39,58.41,1013.65,80.93
480.25,3.91,35.47,1016.92,86.03
464.88,14.8,44.92,1024.06,91.67
475.46,10.22,39.64,1010.72,63.05
466.2,13.48,41.92,1030.2,65.96
459.14,17.83,43.72,1008.64,78.72
429.38,31.63,65.74,1010.83,50.59
438.48,23.16,69.94,1004.92,68.68
441.93,21.7,64.69,1007.93,78.37
465.97,13.92,41.16,1000.98,83.89
475.96,12.22,41.2,1016.81,81.22
450.07,21.62,58.59,1012.93,67.05
475.42,9.3,38.18,1017.19,71.51
429.31,32.55,70.94,1006.75,43.15
478.02,13.32,38.73,1005.37,88.48
446.76,19.83,59.44,1012.98,91.24
447.0,22.16,64.63,1020.81,68.47
455.05,15.81,58.59,1014.41,90.03
441.17,24.46,68.61,1011.02,76.66
437.43,29.1,73.4,1011.35,57.31
434.67,24.37,70.02,1010.97,71.97
488.43,7.48,38.5,1014.01,77.35
475.32,8.58,40.72,1022.04,87.55
454.66,19.69,56.65,1020.82,71.54
471.08,18.14,43.56,1012.83,47.1
461.16,18.21,39.54,1009.81,70.92
433.21,27.07,77.95,1012.34,76.64
463.44,15.62,38.28,1014.5,77.01
439.4,25.61,47.43,1008.62,54.51
472.27,15.41,42.44,1012.6,86.74
447.13,20.0,63.31,1017.06,63.1
440.1,25.87,57.32,1012.06,44.13
467.34,14.43,38.91,1013.28,70.26
475.32,9.14,38.91,1018.62,89.88
435.9,25.24,68.28,1000.26,78.17
448.25,27.06,43.77,1011.02,42.61
451.38,18.06,52.08,1003.73,100.09
444.85,23.15,58.79,1011.11,82.49
435.81,25.38,74.67,1016.61,81.34
436.7,30.65,65.18,1012.51,42.32
476.1,8.49,43.69,1016.93,85.63
433.57,29.86,69.34,1009.61,61.27
426.67,29.12,66.56,1006.9,49.79
473.57,10.35,38.38,1020.77,74.55
426.14,30.3,73.9,1006.72,55.13
457.68,21.31,46.97,1014.08,62.57
461.63,15.17,54.3,1017.38,72.11
467.44,11.87,40.55,1019.06,94.11
430.11,24.1,68.61,1010.97,74.87
434.15,23.92,73.17,1011.81,92.33
469.33,13.0,48.79,1017.14,85.23
449.99,24.14,41.1,1002.1,38.49
432.3,30.19,66.54,1004.39,61.43
445.91,22.08,69.94,1008.41,72.86
433.97,26.86,72.58,1009.22,88.39
475.96,13.55,40.1,1014.57,81.48
472.12,13.18,43.8,1023.18,61.21
484.09,7.2,40.35,1011.83,95.59
468.02,11.37,41.5,1013.57,88.82
457.29,13.93,39.64,1011.8,82.64
476.7,10.32,40.35,1011.64,84.05
451.38,16.32,50.88,1013.37,97.19
480.25,4.16,35.47,1017.72,88.49
428.61,28.26,72.43,1006.68,72.3
432.11,29.0,69.68,1012.78,66.09
437.35,31.63,68.3,1014.8,42.02
436.7,28.19,68.08,1013.41,43.93
463.13,13.93,40.2,1013.41,89.86
433.21,30.92,80.18,1010.11,72.47
436.16,19.89,69.48,1011.06,86.73
431.83,25.86,76.2,1005.73,69.35
473.23,10.81,44.63,1020.61,88.29
442.26,18.26,69.94,1004.1,97.39
447.73,18.61,63.09,1019.37,83.08
449.23,25.34,65.61,1014.61,57.51
436.16,21.28,70.72,1010.29,86.22
484.63,12.88,43.8,1023.19,59.18
427.53,33.68,68.14,1002.75,56.05
474.52,8.66,44.68,1022.99,95.45
475.32,8.26,40.96,1025.23,89.22
485.06,9.03,40.71,1025.98,81.94
454.71,14.85,39.39,1013.93,76.27
489.6,3.21,38.44,1016.9,86.34
464.7,15.71,39.3,1019.2,62.28
448.25,26.52,43.77,1011.49,46.98
466.38,14.18,40.69,1014.73,74.88
466.67,13.89,45.08,1024.64,82.29
479.64,10.12,41.78,1013.43,73.47
445.85,21.12,63.91,1009.33,96.14
436.89,26.68,63.73,1009.7,71.55
450.57,19.65,62.1,1019.46,77.82
436.16,23.47,69.71,1009.66,88.83
459.14,16.71,40.55,1004.45,81.64
491.54,5.21,35.79,1012.44,94.35
435.28,28.13,68.12,1012.6,44.71
471.46,12.14,45.0,1023.9,89.2
434.67,23.7,69.23,1011.73,73.18
428.61,29.52,75.33,1002.62,70.64
465.2,13.49,41.78,1010.66,63.34
434.67,28.24,65.74,1013.4,64.87
442.26,16.48,68.28,1004.27,99.89
466.66,14.01,42.74,1029.16,68.31
436.17,24.56,66.75,1018.5,77.47
431.83,28.94,71.64,1006.59,69.24
464.14,19.71,43.43,1009.58,65.71
468.02,11.06,41.5,1013.09,89.8
445.18,22.99,60.77,1017.97,78.47
459.39,19.87,48.14,1016.94,81.56
444.85,23.77,59.21,1011.97,80.08
451.38,20.99,50.12,1008.82,95.97
466.75,10.32,41.01,1021.04,95.3
435.4,26.72,56.9,1007.12,58.54
464.88,14.55,44.84,1023.83,87.6
481.88,4.89,45.87,1007.58,99.35
460.57,19.49,46.63,1013.11,88.01
446.46,24.44,59.21,1017.36,61.45
482.78,7.99,36.08,1020.08,83.2
449.98,27.28,51.43,1011.46,51.38
438.95,26.23,59.07,1008.2,78.93
475.8,9.46,41.4,1026.78,87.58
461.6,15.01,39.52,1017.53,72.0
436.89,24.86,63.47,1011.5,71.78
454.66,20.47,58.16,1016.97,68.6
439.63,27.09,49.3,1003.93,61.0
475.88,11.48,36.18,1017.03,61.62
471.08,7.84,40.07,1016.68,47.63
462.6,15.97,52.72,1024.72,65.97
426.67,29.55,67.69,1004.88,48.68
465.88,11.63,40.55,1022.89,87.12
448.42,22.96,45.01,1012.21,50.81
462.25,13.61,40.71,1022.36,72.87
436.16,22.17,70.47,1011.07,82.57
457.03,15.45,61.27,1019.87,79.21
437.41,25.08,61.02,1010.01,73.21
433.99,24.98,71.98,1006.59,90.61
448.25,20.57,44.9,1008.39,62.69
475.96,12.33,38.91,1017.24,79.84
482.78,8.29,36.08,1020.38,81.53
438.95,25.47,59.92,1010.08,77.18
444.37,28.2,66.75,1018.35,60.18
432.6,29.05,70.32,1011.33,72.5
444.44,27.03,65.12,1015.94,45.1
437.27,27.25,73.03,1014.15,68.52
428.49,30.71,71.85,1008.07,72.05
445.17,20.94,49.02,1008.91,87.32
475.24,9.06,43.79,1016.05,81.32
438.65,26.8,58.84,1001.2,65.03
440.53,25.77,65.48,1018.07,51.47
456.4,16.77,50.9,1013.24,84.4
476.18,11.73,37.92,1008.02,72.68
441.93,19.72,65.94,1010.53,82.12
439.01,24.42,66.56,1002.04,84.7
452.85,18.68,59.14,1016.96,77.09
466.67,14.22,45.08,1023.26,84.41
454.66,23.81,57.5,1015.53,70.66
475.42,7.91,38.56,1016.48,68.94
457.68,21.32,45.01,1012.23,59.94
449.06,24.75,52.84,1005.47,69.61
440.89,26.81,56.57,1013.68,61.6
455.31,25.99,49.82,1015.95,58.56
476.03,10.59,41.26,1008.1,98.27
476.18,6.33,42.07,1004.25,77.1
450.71,22.26,44.89,1009.51,78.93
459.14,15.9,39.99,1007.03,78.49
446.44,23.14,58.18,1008.89,81.82
444.19,19.48,58.79,1017.6,88.72
463.03,13.19,44.88,1017.61,94.95
425.27,27.4,69.84,1002.98,76.48
442.16,29.41,59.27,1011.36,52.37
434.67,25.22,71.85,1009.78,68.96
433.99,22.31,70.32,1009.22,89.53
476.7,7.64,42.28,1008.49,83.42
464.88,14.68,43.99,1023.36,86.79
454.26,15.12,48.92,1011.8,72.93
450.86,20.96,61.27,1019.99,67.32
475.46,5.95,39.48,1005.16,63.6
438.95,25.13,57.69,1007.43,78.43
472.43,11.58,40.66,1017.0,97.13
456.54,20.21,59.14,1016.0,70.38
464.36,16.64,43.14,1019.03,82.88
486.06,8.86,36.71,1025.64,79.65
460.57,19.72,47.03,1012.1,90.36
475.42,8.27,38.56,1016.47,66.6
429.38,30.19,68.08,1010.95,50.34
457.55,20.06,56.53,1020.38,75.16
468.66,13.16,43.41,1016.43,79.47
444.44,24.01,65.46,1014.17,43.02
465.94,9.78,40.03,1017.33,92.11
454.4,16.85,42.24,1017.43,66.01
455.42,15.12,39.16,1006.55,76.99
443.8,24.45,66.49,1014.24,58.15
478.37,9.14,42.44,1014.48,92.03
430.11,26.02,68.67,1006.73,75.19
454.78,21.46,51.61,1010.91,76.41
459.19,13.18,40.24,1016.81,86.71
485.01,5.79,38.68,1017.19,70.46
466.09,13.56,49.83,1007.01,89.86
476.31,11.95,42.07,1018.52,84.73
476.7,9.15,44.03,1012.45,81.67
435.94,28.96,66.54,1002.54,56.33
448.04,21.23,50.59,1017.42,69.26
468.02,10.73,40.35,1012.27,89.65
484.09,6.1,39.33,1010.4,95.34
437.41,25.5,63.91,1009.4,75.22
432.22,29.1,76.2,1006.28,60.22
444.04,22.58,58.12,1014.88,80.59
444.84,19.53,66.54,1013.72,81.46
451.38,20.07,51.3,1011.9,94.62
434.7,24.96,77.54,1008.25,80.6
445.86,21.08,63.13,1013.53,98.0
464.36,12.54,43.69,1017.26,83.59
479.78,6.64,35.19,1019.83,76.01
468.4,16.78,37.2,1011.97,68.94
437.27,25.56,75.6,1017.37,69.31
470.19,14.02,40.75,1016.05,70.65
426.25,29.45,70.02,1010.28,65.93
434.78,28.97,78.92,1011.71,88.5
479.78,6.11,38.68,1017.53,79.23
439.63,28.53,49.3,1003.83,59.69
426.67,31.71,69.04,1008.79,49.32
429.81,32.45,44.37,1005.05,44.37
428.61,30.53,73.21,1000.37,74.17
466.87,15.02,41.48,1015.19,58.69
444.64,24.91,58.69,1008.22,82.81
434.15,22.21,69.71,1009.69,96.85
441.34,24.51,65.12,1016.18,62.39
451.49,18.9,60.07,1016.02,71.38
434.25,28.51,76.09,1007.88,78.2
440.7,27.88,75.23,1011.33,58.91
439.63,24.33,49.16,1003.46,61.04
448.79,20.36,57.5,1014.36,82.96
472.43,11.15,40.64,1020.65,97.95
448.04,21.16,50.66,1014.13,72.77
435.28,30.47,70.83,1010.91,46.94
437.43,31.68,74.16,1011.3,55.94
461.78,19.8,49.15,1020.88,61.88
429.1,32.33,67.83,1008.11,57.48
453.2,18.67,58.46,1016.73,87.7
434.02,29.42,69.14,1007.32,75.04
431.37,27.84,71.32,1007.72,79.25
443.8,22.59,65.06,1014.36,62.44
466.75,10.38,41.01,1020.8,94.26
476.46,8.32,39.64,1010.93,78.21
432.7,30.34,71.25,1000.94,67.29
475.24,12.38,45.51,1016.15,81.37
478.37,11.23,43.7,1016.0,91.75
448.25,24.19,46.93,1013.4,49.39
432.34,30.17,75.08,1005.17,55.89
432.7,28.5,71.32,1002.54,69.35
463.44,14.78,38.58,1017.02,82.4
468.02,11.48,41.2,1012.88,90.04
478.88,9.59,34.69,1027.65,75.32
444.19,20.42,60.77,1017.65,87.07
455.25,20.76,58.79,1017.22,78.75
472.12,13.53,40.71,1023.83,61.59
430.96,34.4,77.95,1009.83,57.86
437.65,33.6,74.33,1012.31,35.66
489.6,6.03,41.17,1019.81,84.2
433.57,28.62,69.71,1009.67,62.12
439.87,19.72,44.78,1009.27,39.18
461.05,11.54,40.77,1022.13,83.5
450.32,19.39,60.1,1010.28,83.31
475.01,9.59,37.14,1013.8,72.85
467.44,12.31,40.64,1020.71,94.6
442.75,23.61,63.94,1012.9,87.06
475.01,7.61,39.42,1024.93,74.77
453.2,18.51,58.46,1017.21,88.1
489.02,7.53,43.65,1018.58,64.85
469.33,10.5,52.72,1026.32,85.04
441.11,24.99,58.79,1016.37,67.16
494.43,6.15,40.07,1020.2,66.64
434.8,30.54,67.45,1014.37,32.97
476.96,13.44,39.39,1012.93,84.29
428.61,31.27,73.77,1003.27,71.48
459.14,16.13,39.99,1007.04,80.49
426.67,30.97,67.69,1005.61,50.88
460.4,15.37,43.34,1014.84,80.37
443.8,21.25,66.86,1012.99,60.65
456.2,14.89,39.82,1013.23,82.49
475.32,6.65,40.77,1021.79,88.84
426.82,30.26,72.58,1007.0,65.51
437.35,33.71,69.98,1013.09,42.62
468.02,8.6,40.77,1011.8,89.45
428.61,29.0,75.33,1001.6,71.43
474.09,10.02,41.44,1017.37,77.65
437.94,28.75,64.69,1007.1,60.37
425.5,37.11,68.94,1006.23,31.15
429.86,30.06,67.25,1017.63,53.59
429.86,30.68,69.68,1012.86,56.56
427.04,30.08,73.42,1011.17,63.86
484.09,6.98,40.35,1011.92,94.72
440.7,29.17,73.17,1009.87,60.97
444.99,21.93,60.84,1017.8,82.61
468.23,15.11,43.67,1012.06,91.75
430.34,25.68,70.17,1001.38,85.89
435.4,30.44,56.24,1005.19,56.24
449.91,20.36,65.27,1011.73,70.8
439.4,26.47,47.43,1009.09,54.94
459.14,13.9,39.54,1007.01,81.33
444.19,21.81,60.27,1015.93,91.38
472.45,9.08,42.49,1010.67,85.35
430.96,32.31,77.95,1010.15,62.17
428.49,27.96,73.42,1011.11,71.93
478.37,9.23,42.44,1014.34,94.2
436.89,25.66,61.08,1013.0,71.21
450.86,19.2,61.27,1020.02,65.53
446.46,24.81,59.87,1018.56,61.18
440.8,24.1,60.29,1008.2,61.81
434.02,28.33,68.14,1004.63,71.21
446.68,19.53,50.32,1009.71,94.46
437.43,29.37,74.78,1009.47,55.65
436.7,24.44,69.84,1005.34,80.37
437.25,31.35,67.32,1013.74,38.56
442.16,28.98,62.66,1009.1,52.62
444.19,21.05,63.09,1016.49,91.23
451.49,25.03,60.27,1017.9,72.04
461.63,14.78,54.3,1016.96,68.53
438.28,25.24,67.45,1013.56,50.91
463.03,16.7,50.88,1015.11,97.25
467.05,16.44,53.16,1014.82,75.29
433.99,25.18,71.98,1006.71,89.86
448.25,23.51,48.98,1014.63,41.56
438.28,20.56,64.45,1012.24,53.09
448.25,26.63,43.77,1011.33,49.3
435.9,27.4,69.13,1001.4,82.47
438.28,26.91,65.34,1014.19,50.7
442.66,23.75,67.9,1006.25,70.17
435.28,27.79,69.23,1012.86,45.71
444.8,27.41,63.07,1011.5,55.3
474.52,7.98,43.52,1022.45,97.68
475.24,11.98,44.58,1016.45,78.8
431.19,27.1,73.21,1002.97,89.68
472.27,12.93,45.51,1015.27,87.27
457.68,18.91,45.01,1012.9,59.81
435.94,26.9,66.48,1004.47,54.71
470.19,14.36,40.0,1016.16,68.79
475.24,8.81,43.56,1014.99,81.5
455.7,18.36,53.16,1013.31,83.18
475.61,11.48,37.92,1008.47,70.55
433.34,25.92,73.77,1001.27,94.28
475.24,11.01,43.69,1016.7,81.48
432.3,26.31,66.48,1005.93,63.9
479.95,9.99,42.07,1018.78,85.68
473.56,12.84,40.8,1026.95,69.86
436.75,21.07,67.07,1004.64,86.16
473.56,17.7,38.52,1020.15,69.8
462.25,14.36,41.26,1021.16,73.43
448.21,24.0,58.05,1011.28,74.32
472.27,12.17,41.58,1013.89,88.98
451.38,19.58,50.12,1009.82,100.1
447.91,25.73,66.54,1010.07,55.97
433.25,23.85,74.22,1009.99,82.72
434.16,26.45,73.5,1010.31,74.33
452.75,20.95,44.89,1010.48,67.97
444.64,21.29,59.04,1012.49,84.23
444.84,14.32,71.14,1019.87,79.15
445.85,19.65,63.91,1009.26,99.08
434.18,28.09,77.95,1017.07,70.98
435.56,33.87,71.32,1007.91,39.48
476.18,13.72,41.62,1011.14,75.79
474.28,9.47,41.4,1026.49,87.9
426.9,32.19,69.13,1000.45,48.22
450.71,18.73,46.48,1007.19,79.23
483.42,6.09,43.65,1020.95,71.15
449.91,24.43,67.25,1017.99,74.27
435.9,25.24,66.54,1002.07,81.22
439.37,26.26,71.73,1009.59,80.06
442.75,26.15,64.27,1013.03,59.77
468.63,7.77,41.82,1032.72,72.8
442.87,27.92,63.07,1010.75,45.26
439.09,31.62,64.05,1010.94,58.93
473.56,12.47,45.01,1017.8,95.25
426.82,31.41,74.16,1008.65,68.5
435.56,32.63,74.99,1002.42,40.07
442.92,21.97,58.12,1014.21,85.93
444.64,22.68,58.82,1010.11,82.8
473.23,10.82,44.63,1020.64,90.26
426.67,32.37,68.67,1005.45,47.98
485.36,10.89,40.81,1025.82,81.18
441.29,25.45,70.04,1011.2,82.48
466.75,10.91,42.34,1021.83,94.99
483.04,6.75,39.4,1011.28,90.84
459.39,21.36,45.61,1013.43,83.64
450.71,23.45,45.61,1012.84,73.42
480.25,4.04,35.47,1017.51,87.35
455.42,15.4,38.73,1000.67,79.71
442.39,25.54,49.16,1003.64,47.4
450.86,22.61,59.87,1019.12,66.12
468.02,8.62,39.66,1015.18,89.59
462.25,13.84,41.26,1020.92,74.74
436.62,21.31,69.05,1002.46,73.42
452.41,28.54,58.33,1013.9,49.4
455.18,20.35,67.45,1015.14,69.22
441.22,24.54,65.46,1014.27,40.77
483.83,5.84,40.62,1018.58,82.73
433.08,26.47,69.51,1009.51,65.02
479.64,10.79,43.56,1015.15,73.01
454.4,18.3,44.06,1017.95,63.24
437.11,28.79,68.51,1013.02,62.84
444.6,23.07,49.02,1009.07,84.1
432.7,31.25,74.34,999.06,69.85
461.16,18.16,39.99,1007.73,70.54
437.27,25.06,74.33,1014.05,69.02
441.11,26.71,59.39,1014.24,66.45
435.81,26.45,75.6,1017.42,74.5
449.8,18.67,47.83,1005.12,82.97
465.88,10.29,40.0,1021.46,90.6
484.09,5.52,39.33,1009.74,95.25
454.68,23.41,54.42,1012.86,70.12
431.83,29.91,74.9,1003.36,69.34
454.4,19.92,46.97,1014.32,69.17
444.8,26.85,63.56,1013.25,52.84
450.86,23.59,58.62,1017.81,66.68
441.93,22.72,63.73,1012.63,82.14
456.5,20.3,62.52,1017.96,75.17
460.57,17.0,45.09,1013.52,88.32
484.99,8.89,41.54,1019.27,82.87
465.94,12.61,41.79,1015.82,91.9
426.82,28.9,71.94,1007.29,64.77
491.23,5.49,38.5,1012.18,79.33
465.24,12.91,42.07,1018.4,86.5
475.8,9.45,41.4,1027.34,86.66
431.44,27.47,69.98,1008.53,58.72
489.6,5.79,39.61,1021.64,85.41
446.68,21.92,49.02,1009.29,88.56
434.67,27.07,65.59,1012.14,63.93
439.67,20.6,66.86,1013.08,62.48
429.86,30.73,69.89,1015.0,58.9
439.63,26.31,48.6,1002.64,60.04
461.78,19.98,49.15,1021.56,63.89
450.07,21.31,58.66,1012.67,69.36
475.24,11.48,44.58,1016.43,80.15
434.15,23.33,73.18,1012.51,91.29
470.19,14.05,40.71,1016.36,68.58
478.88,10.06,34.69,1027.9,71.73
484.99,6.86,41.17,1020.12,79.14
438.65,28.87,57.19,1008.09,64.29
436.89,24.83,62.4,1010.13,70.18
471.6,10.42,39.96,1025.21,95.69
430.19,27.51,63.73,1009.97,66.14
437.39,23.97,68.67,1006.63,76.83
441.34,27.22,68.3,1016.84,64.88
470.27,11.54,45.0,1022.77,80.79
443.67,21.44,48.98,1014.4,54.22
437.67,25.1,61.47,1007.84,75.75
442.16,22.84,61.87,1010.63,51.67
437.11,26.03,69.68,1011.61,60.75
453.2,18.9,58.46,1016.74,87.65
468.66,11.75,42.32,1015.28,77.25
433.34,27.37,76.09,1007.52,89.12
450.71,17.73,43.72,1009.33,76.68
457.55,20.01,56.65,1020.77,74.46
471.8,7.89,39.37,1016.28,84.66
465.88,11.53,41.14,1025.63,88.54
462.25,13.46,41.4,1019.46,71.73
468.66,13.74,39.35,1014.82,77.48
472.11,13.77,43.13,1016.63,62.13
448.79,20.25,59.8,1015.3,82.69
475.96,10.75,40.81,1015.93,79.27
476.96,11.77,39.39,1012.9,85.8
471.6,9.29,39.96,1026.2,97.55
465.97,15.15,41.35,1006.3,86.16
464.74,16.96,44.9,1020.5,77.53
444.8,27.01,65.06,1013.16,53.02
476.03,12.74,44.03,1007.62,97.64
486.08,5.21,43.65,1017.64,78.62
478.88,8.18,40.02,1031.45,73.66
456.54,20.13,60.07,1014.79,63.57
437.25,31.54,67.32,1013.79,36.99
456.5,19.79,64.45,1016.14,73.54
471.08,14.96,43.02,1012.77,42.93
471.6,9.0,40.78,1025.39,99.22
462.25,16.47,38.01,1022.3,72.29
466.0,16.0,45.09,1014.31,60.02
441.29,25.42,73.17,1012.29,85.86
476.46,9.27,39.64,1010.79,79.56
481.88,6.85,37.49,1011.01,84.53
444.8,30.49,64.44,1013.43,51.73
478.55,4.81,42.85,1013.96,86.94
429.1,29.93,69.48,1009.21,54.59
450.57,21.93,60.84,1018.96,76.8
472.11,13.35,41.44,1015.9,66.04
440.79,32.44,77.95,1014.83,50.69
468.52,11.8,43.22,1008.57,78.01
451.49,24.4,60.32,1016.5,70.96
436.7,21.92,58.79,1010.09,89.7
475.01,8.27,37.7,1015.09,73.64
480.25,7.0,36.24,1013.15,89.64
452.85,20.74,59.8,1015.46,76.39
478.37,12.58,43.67,1014.36,91.72
444.37,24.22,62.08,1022.53,60.79
463.05,18.43,44.63,1019.76,39.99
456.56,12.52,71.14,1019.49,76.11
451.38,19.18,50.12,1005.99,100.09
460.06,13.51,44.9,1019.29,77.24
434.41,26.38,70.47,1007.36,76.91
489.02,11.65,41.54,1020.09,67.96
472.32,10.31,37.5,1008.55,99.31
469.13,15.37,50.59,1019.02,98.2
429.38,29.89,65.74,1012.95,51.36
426.14,31.53,70.36,1006.29,57.11
475.46,6.25,39.48,1004.82,52.71
435.28,29.09,70.02,1010.13,48.06
472.45,12.0,41.5,1013.21,86.75
449.8,18.61,47.83,1006.43,78.89
465.97,16.34,36.99,1006.99,90.06
440.1,28.12,58.33,1013.61,39.67
463.36,12.64,41.26,1020.79,83.66
442.75,26.1,62.91,1012.44,60.91
481.46,8.07,43.41,1016.02,76.26
430.9,27.5,68.24,1010.38,73.44
433.21,28.44,77.54,1011.73,77.3
434.41,28.31,71.85,1009.0,77.56
444.37,22.72,64.15,1021.14,60.34
447.03,22.79,44.57,1007.31,69.36
456.2,17.08,40.12,1012.17,81.5
460.16,15.6,41.04,1025.48,64.43
449.8,22.07,48.41,1008.71,81.29
449.91,24.16,66.05,1016.45,73.27
466.15,14.93,39.16,1007.25,72.35
474.56,11.99,38.28,1013.65,91.31
459.45,16.85,52.9,1019.47,81.28
437.11,24.82,66.54,1010.0,60.36
434.15,21.67,69.71,1010.46,96.83
448.25,18.06,43.14,1013.95,62.21
437.37,30.05,66.44,1008.46,76.82
457.03,18.36,62.1,1019.9,79.09
426.67,32.02,67.83,1007.77,53.31
438.95,24.61,62.39,1006.39,79.08
491.54,8.41,39.16,1015.47,93.42
486.06,8.94,36.71,1025.5,80.45
441.93,22.57,63.94,1013.49,81.61
466.75,9.92,40.64,1020.39,95.41
438.43,26.51,50.05,1006.75,65.34
457.68,24.93,47.01,1015.12,64.8
446.19,24.43,58.95,1017.18,57.73
476.46,12.28,39.96,1011.76,77.07
473.33,9.75,35.76,1019.88,62.31
485.36,10.94,40.81,1026.03,80.79
443.89,25.37,68.31,1011.12,70.99
451.49,23.82,60.32,1016.61,75.29
475.01,9.26,40.11,1024.38,74.82
436.75,24.57,66.54,1004.44,83.15
427.65,29.55,72.29,1007.94,84.45
442.75,27.37,63.31,1012.89,60.11
476.96,11.83,38.25,1013.36,85.33
436.16,22.32,70.47,1010.97,83.16
486.14,5.8,45.87,1009.14,92.06
434.68,25.41,69.14,1006.4,87.4
436.51,24.89,66.49,1010.15,65.65
451.38,18.12,50.16,1009.82,100.09
442.59,28.14,61.47,1009.69,64.66
475.85,12.0,41.17,1019.48,58.71
468.75,15.62,35.4,1016.19,53.95
468.75,11.29,35.76,1019.32,58.91
451.38,17.99,50.16,1009.98,100.09
481.47,4.87,42.85,1013.6,92.3
461.55,19.25,43.43,1012.01,73.26
474.56,11.74,40.6,1013.91,90.57
479.64,13.43,43.69,1016.21,73.01
434.68,25.33,71.32,1007.05,85.31
455.32,19.26,44.34,1019.45,51.32
454.71,17.89,40.12,1011.99,76.52
435.4,30.57,58.9,1004.54,54.37
476.1,7.45,43.13,1019.31,86.32
455.18,24.03,66.54,1012.19,69.15
471.08,8.03,40.07,1016.06,47.46
430.29,28.06,70.04,1009.89,66.07
475.42,10.06,39.61,1018.22,70.22
478.87,9.68,40.77,1022.04,85.23
441.29,26.38,69.88,1008.42,86.25
465.88,10.84,39.18,1023.64,87.1
489.79,7.05,40.69,1020.53,89.67
472.45,13.34,41.79,1011.48,86.66
441.91,24.39,63.77,1013.3,77.53
439.37,24.26,69.71,1008.98,81.58
474.52,8.23,41.01,1022.89,98.03
470.27,13.15,40.78,1024.13,79.59
432.6,31.35,71.97,1008.29,72.26
447.0,22.88,65.48,1017.33,66.26
441.11,25.44,56.57,1013.8,66.72
433.97,27.79,71.85,1008.95,87.35
446.96,21.99,57.5,1015.87,80.72
471.08,13.35,40.27,1005.83,49.75
432.3,28.63,66.56,1005.88,64.73
464.59,12.78,44.6,1013.64,77.56
478.87,8.37,40.92,1021.82,86.03
474.56,11.93,38.78,1013.15,96.08
449.91,21.03,63.86,1014.84,71.72
444.44,27.2,65.12,1016.2,44.95
440.7,26.93,75.23,1010.19,62.12
468.66,12.76,42.32,1015.35,78.18
475.01,8.55,35.77,1016.15,73.32
463.13,14.66,40.89,1009.72,91.56
472.32,10.36,37.83,1005.87,98.56
442.26,21.54,66.54,1004.99,92.87
471.08,14.02,41.78,1011.26,48.62
475.01,12.35,40.8,1027.35,72.69
452.41,25.89,58.86,1014.16,52.95
449.81,22.05,61.27,1019.6,58.83
426.14,32.06,71.85,1007.9,56.44
446.46,24.55,57.5,1015.36,62.45
431.37,27.23,71.77,1006.59,77.94
441.11,24.29,57.5,1014.85,67.28
432.34,30.4,77.3,1002.44,59.42
441.34,26.5,66.75,1018.48,61.62
476.03,10.42,41.26,1008.48,96.76
458.22,15.79,44.89,1010.19,84.61
460.06,15.79,49.15,1020.62,76.22
432.34,30.3,73.67,1005.57,58.74
442.75,25.58,64.45,1011.07,61.47
463.03,12.36,48.04,1012.8,93.59
478.02,10.56,40.22,1005.08,89.71
426.25,30.01,69.13,1010.11,62.42
459.19,14.91,40.73,1017.44,86.91
455.42,15.9,41.35,1006.28,78.2
474.52,8.91,43.52,1022.78,98.0
443.12,26.88,61.5,1009.17,61.26
463.49,14.78,42.86,1015.32,84.75
434.64,30.95,71.58,1009.95,50.02
453.2,17.9,58.33,1013.6,85.81
476.96,13.96,39.54,1011.05,85.72
437.43,29.85,71.58,1010.04,58.66
473.56,14.07,40.78,1024.67,72.66
438.43,25.26,52.3,1006.65,64.64
475.21,10.07,40.92,1021.84,84.18
464.88,15.66,43.99,1021.18,88.62
476.01,6.25,40.02,1032.14,80.22
431.44,27.71,69.51,1009.65,58.38
467.44,12.75,42.34,1018.17,94.67
446.17,21.44,51.19,1009.1,84.94
432.76,32.98,73.88,1006.31,47.55
430.72,27.54,74.22,1007.44,75.91
476.03,11.68,40.55,1006.48,96.16
475.42,8.02,39.04,1018.49,68.07
455.32,19.15,44.34,1019.54,48.09
445.85,18.53,63.91,1010.26,97.8
432.22,30.82,76.2,1007.47,59.3
449.91,22.9,67.25,1017.74,74.53
443.01,22.18,62.39,1007.84,85.74
483.83,3.69,38.44,1016.74,82.87
452.75,19.89,44.9,1008.12,67.3
441.91,23.36,65.18,1012.35,78.09
466.66,13.58,44.47,1029.91,70.41
430.19,25.88,61.47,1007.93,68.71
479.78,6.57,39.37,1020.2,77.37
472.32,10.51,37.5,1010.7,96.29
433.25,26.14,72.99,1007.49,81.72
462.87,13.31,41.26,1020.83,79.55
475.61,14.01,42.99,1007.12,69.69
486.06,8.64,34.69,1026.79,80.88
441.29,24.88,73.17,1012.26,84.96
446.16,23.28,69.51,1013.31,53.0
441.11,25.6,58.46,1016.34,66.6
433.08,27.0,73.17,1009.82,64.43
436.89,25.69,62.26,1011.38,74.08
450.32,20.77,60.1,1011.11,81.09
481.41,12.45,40.81,1025.63,66.26
436.62,27.32,66.54,1004.95,72.58
433.25,25.51,67.69,1004.53,80.03
462.6,17.45,49.64,1026.4,66.67
446.44,24.4,60.37,1006.77,82.43
464.7,18.98,38.52,1018.85,63.16
473.23,9.48,44.68,1023.29,92.9
451.93,12.04,41.58,1018.02,88.91
439.4,26.11,47.43,1009.01,56.09
427.65,25.28,71.94,1006.73,86.69
430.19,27.46,61.86,1012.39,66.09
465.94,12.42,40.24,1016.59,90.01
425.5,32.49,74.99,1002.19,34.58
447.7,26.16,52.36,1013.62,58.52
452.41,23.39,61.87,1010.35,48.91
455.32,21.12,49.15,1021.29,52.9
447.0,19.94,65.46,1017.7,68.94
441.91,26.15,63.21,1012.31,76.44
479.28,13.93,38.91,1013.04,73.51
472.27,12.87,45.51,1015.3,86.67
429.1,28.29,68.08,1010.77,53.92
478.87,7.78,39.18,1024.62,85.15
455.25,21.11,58.12,1015.38,77.78
442.75,23.97,64.05,1012.23,90.18
441.34,25.71,66.05,1018.58,66.23
447.7,24.7,50.23,1016.23,62.03
476.7,10.32,38.91,1012.11,81.49
476.96,11.46,39.82,1012.09,86.2
476.03,10.53,41.26,1007.48,98.74
451.49,21.91,58.62,1015.95,72.87
443.89,25.35,65.18,1012.67,70.36
445.22,22.77,59.92,1009.67,94.09
445.22,22.28,59.92,1009.36,95.38
449.8,18.94,47.83,1005.18,78.59
480.38,6.92,41.26,1011.16,96.2
444.44,23.07,65.46,1014.07,46.77
472.11,13.89,43.7,1015.12,64.99
461.63,14.13,53.82,1016.72,64.85
475.32,7.4,40.72,1022.56,87.67
481.28,6.17,36.25,1028.68,90.59
478.37,10.8,41.62,1012.84,93.84
432.76,32.77,72.86,1003.6,52.87
430.32,29.56,70.4,1006.49,82.95
439.09,31.05,62.7,1009.35,55.27
478.87,8.85,41.06,1020.99,86.05
426.25,31.15,69.59,1007.82,64.96
432.3,28.18,66.56,1005.69,65.67
484.99,10.24,41.17,1019.73,82.04
428.61,28.38,72.39,998.93,73.85
463.03,15.46,44.88,1017.52,93.32
456.54,19.97,59.14,1016.05,70.58
436.7,28.36,68.08,1013.34,42.82
466.0,15.09,44.34,1019.46,60.49
475.96,10.72,40.81,1016.51,80.26
461.63,16.37,52.9,1015.14,73.11
454.68,24.66,57.43,1013.17,71.82
449.98,26.44,54.2,1012.65,48.02
481.28,6.3,41.14,1027.45,86.11
442.46,23.56,49.16,1002.54,69.07
475.01,8.73,39.42,1025.63,69.87
472.27,14.49,42.86,1013.94,88.2
446.68,20.26,50.32,1009.81,93.12
472.12,13.56,40.8,1024.8,63.6
429.1,29.01,70.04,1010.02,57.35
446.76,19.78,54.42,1011.74,89.34
448.21,19.24,56.89,1014.29,72.97
485.06,8.36,40.71,1026.34,82.76
444.37,27.08,66.05,1017.91,59.1
471.23,9.3,43.14,1010.99,88.12
483.42,6.29,43.65,1020.68,70.14
449.9,21.33,60.1,1010.97,78.36
451.93,14.55,40.73,1018.36,89.12
439.55,24.54,44.89,1010.05,59.13
433.99,24.28,71.98,1006.34,90.45
439.37,23.45,69.04,1010.5,80.77
478.55,5.62,40.62,1015.81,85.34
454.66,20.82,57.76,1019.15,72.46
478.55,6.06,43.65,1014.36,83.94
459.39,21.24,44.3,1014.34,83.39
444.28,18.32,66.86,1012.02,70.0
480.6,9.44,40.0,1015.62,81.16
458.22,17.36,43.96,1013.02,79.59
428.61,26.95,70.79,1004.09,75.35
443.8,21.0,66.86,1013.06,59.7
427.04,29.36,78.05,1011.12,64.17
465.61,14.84,41.23,995.02,88.0
436.7,27.21,67.45,1013.83,43.26
437.27,25.44,75.23,1010.71,66.44
443.24,30.84,66.75,1017.54,40.69
443.8,20.55,65.46,1013.87,58.09
466.09,12.27,49.83,1007.75,92.02
440.43,24.49,65.59,1011.52,85.12
431.16,26.65,74.16,1008.27,94.54
445.22,21.46,58.18,1007.45,95.33
430.34,27.24,71.25,1000.5,86.28
462.78,19.86,41.67,1012.31,53.9
435.56,34.48,74.34,1000.91,42.61
444.51,25.16,60.23,1011.21,68.31
451.05,18.93,59.39,1013.92,68.78
476.03,10.55,41.26,1007.77,99.1
444.19,21.86,63.09,1016.64,87.94
444.37,25.57,62.96,1019.92,58.34
469.33,13.73,50.59,1020.44,85.54
466.2,14.26,44.47,1028.11,66.81
435.56,31.28,69.51,1010.09,36.85
449.23,27.08,66.05,1017.33,54.68
476.1,11.87,44.6,1018.81,84.68
437.35,31.92,68.3,1015.58,41.55
435.81,25.42,75.6,1017.39,77.63
439.5,26.08,48.6,1003.61,57.8
461.55,16.88,43.67,1011.43,73.98
430.65,27.75,69.89,1015.41,73.01
434.68,27.37,71.06,1008.4,87.52
444.85,22.74,58.41,1013.92,84.03
445.28,27.17,73.5,1010.36,73.29
457.55,18.99,56.65,1020.46,77.16
433.75,27.19,71.32,1008.97,88.43
429.91,27.46,67.69,1004.7,70.15
455.42,16.66,41.16,1007.37,76.82
444.37,26.39,66.05,1018.24,61.27
468.63,14.31,42.86,1031.14,69.6
478.37,12.1,41.58,1014.41,90.22
476.7,11.56,39.28,1011.27,82.05
474.09,10.34,41.74,1020.07,79.17
445.18,20.76,59.21,1017.94,80.84
469.29,12.09,38.25,1013.61,81.28
482.78,7.68,38.06,1020.92,83.87
451.41,22.78,58.96,1013.65,57.06
466.0,15.42,40.56,1021.23,59.37
457.68,21.08,46.93,1014.49,63.33
474.52,7.25,41.14,1024.99,95.85
436.7,28.25,66.54,1011.02,43.77
439.55,29.82,43.21,1011.52,63.54
464.36,14.55,41.7,1018.58,80.8
434.15,21.88,69.71,1010.28,97.64
428.49,31.07,70.98,1007.24,72.03
449.91,23.08,64.44,1014.85,69.95
446.76,19.95,57.25,1011.08,88.04
445.6,21.89,63.94,1019.55,55.09
428.49,30.11,70.8,1008.57,69.25
466.85,15.1,41.35,1003.84,97.89
462.78,16.59,43.56,1012.88,59.61
463.6,14.71,44.0,1024.98,85.08
457.53,18.15,41.23,993.82,61.21
468.54,12.24,34.03,1018.44,69.27
482.78,7.71,38.06,1021.0,83.47
431.83,28.15,72.99,1007.62,70.03
441.11,25.11,56.89,1013.33,67.31
438.28,26.82,69.23,1013.28,50.86
446.76,20.58,54.5,1015.04,89.83
437.76,25.04,66.48,1004.12,63.01
439.63,29.56,51.43,1005.87,59.22
454.4,18.92,44.06,1017.47,68.75
465.61,14.72,41.23,997.91,82.69
448.21,22.76,57.5,1014.75,74.38
436.89,25.74,63.73,1010.88,70.87
482.31,10.34,37.5,1010.35,95.56
464.88,14.64,44.92,1025.54,91.12
486.06,9.41,34.69,1027.02,78.91
481.88,4.96,45.87,1007.32,98.78
429.31,32.73,69.88,1007.86,46.95
478.88,9.11,36.66,1026.47,74.79
452.75,21.52,46.21,1010.62,67.62
451.38,19.39,51.43,1011.06,94.35
431.44,26.99,68.12,1011.45,58.48
433.07,30.68,71.8,1010.81,61.4
432.76,31.23,75.08,1004.93,46.19
457.29,14.24,39.99,1009.3,83.75
475.24,9.31,43.56,1015.09,79.96
454.71,16.1,36.71,1013.58,74.41
445.17,21.33,50.32,1008.58,85.3
464.74,17.4,43.14,1018.51,75.31
472.32,10.59,25.36,1009.59,100.16
436.38,29.42,74.9,1004.11,64.53
451.38,18.48,50.16,1011.45,99.92
434.02,26.91,70.47,1007.55,72.59
476.7,9.59,38.91,1011.87,81.3
436.7,25.01,68.63,1013.76,43.65
444.64,22.71,59.43,1005.68,83.52
438.95,26.55,60.23,1009.88,79.54
463.49,13.78,42.03,1017.51,84.94
428.61,28.32,71.64,1004.73,72.71
433.97,23.49,73.18,1012.4,90.05
448.25,22.76,49.21,1014.35,48.85
444.37,24.96,60.84,1018.13,59.51
453.26,20.31,45.87,1007.89,73.7
464.88,14.57,44.84,1023.46,87.2
430.19,27.17,61.02,1011.38,65.32
453.26,18.96,47.83,1006.15,75.61
425.27,29.23,68.14,1004.31,81.46
471.08,16.49,41.93,1022.92,44.98
463.05,20.08,44.6,1014.91,36.27
441.41,31.41,64.44,1013.84,49.49
476.31,12.12,40.0,1018.72,84.42
454.68,25.32,54.5,1015.5,68.17
436.16,20.21,69.94,1009.33,83.96
471.46,10.67,45.0,1022.99,85.91
450.86,22.44,58.16,1017.28,63.68
455.32,17.81,45.0,1022.32,43.84
446.68,20.85,48.7,1007.11,87.2
450.57,18.34,62.1,1020.52,78.6
434.64,29.6,71.14,1011.46,52.69
481.56,9.68,38.16,1015.54,79.67
432.11,28.69,73.18,1012.23,68.57
441.11,24.47,57.85,1013.05,66.34
454.4,19.6,48.14,1013.18,68.71
450.98,17.57,62.1,1019.51,86.14
440.1,26.21,56.85,1011.45,41.37
468.63,8.68,41.82,1032.83,73.62
444.37,24.94,62.96,1019.76,58.44
446.68,20.58,50.78,1008.87,91.18
456.2,17.79,40.12,1012.74,79.03
453.54,22.71,48.06,1012.82,67.81
446.44,25.53,59.57,1010.65,82.04
446.45,26.7,49.02,1007.68,67.97
441.22,27.43,63.87,1017.6,43.33
425.12,30.26,71.77,1006.24,58.98
435.94,29.08,67.07,1005.73,57.18
441.91,22.64,62.44,1011.82,75.07
441.17,23.75,68.51,1013.21,76.01
460.51,15.6,43.71,1024.88,80.37
434.8,28.55,66.51,1015.46,34.04
442.59,29.86,59.57,1011.24,64.02
462.25,15.63,37.87,1020.4,74.77
489.79,7.79,42.03,1017.74,91.48
434.02,30.06,69.14,1007.5,72.48
479.95,10.12,38.38,1018.22,85.93
472.27,10.86,44.85,1014.15,88.36
431.37,26.37,70.79,1005.31,77.3
449.77,23.05,65.94,1010.99,69.73
446.45,25.89,48.41,1008.59,65.38
436.75,22.77,69.84,1005.75,84.26
457.68,21.5,44.58,1016.87,57.58
476.7,11.01,40.22,1011.13,83.09
468.23,13.53,42.86,1014.0,90.63
440.87,25.91,75.6,1018.23,62.65
468.63,13.93,42.86,1032.37,71.11
475.46,9.96,41.55,1002.59,65.86
436.7,18.25,60.1,1009.72,90.15
445.85,22.59,66.54,1005.11,92.62
448.25,24.99,48.92,1010.03,41.26
446.46,23.78,58.86,1015.7,62.95
468.52,10.31,42.49,1009.43,78.36
467.05,15.25,52.9,1014.86,76.87
449.81,22.49,61.27,1019.6,57.1
466.67,14.04,44.21,1021.93,86.12
446.68,20.65,48.41,1008.38,91.02
437.27,24.79,75.6,1017.07,68.23
446.76,19.7,54.42,1011.83,89.86
465.2,15.48,41.66,1009.55,66.74
466.75,11.09,41.58,1020.99,91.09
436.5,27.22,69.04,1008.89,70.62
436.89,26.64,62.44,1011.81,72.46
468.75,15.21,35.4,1016.31,58.26
428.61,31.85,73.21,1000.98,72.2
457.29,12.54,41.62,1010.86,83.42
468.52,14.17,42.99,1007.38,78.88
465.88,11.48,41.14,1027.67,90.5
470.19,14.87,41.2,1016.27,70.51
432.76,29.5,72.86,1004.63,52.17
445.26,25.77,63.31,1012.76,65.98
434.68,25.99,71.32,1007.17,83.23
463.05,18.8,44.71,1016.56,31.29
450.32,21.23,61.5,1008.98,82.14
438.28,25.09,65.38,1009.99,54.28
439.37,23.54,70.32,1010.89,80.76
470.19,13.71,43.41,1015.45,69.26
476.7,12.6,40.35,1011.89,80.88
448.98,21.19,52.3,1008.24,79.19
444.99,25.21,51.43,1006.43,78.55
445.26,25.87,63.47,1011.54,65.45
437.06,29.48,73.21,1000.67,79.35
481.41,11.62,41.54,1019.94,66.43
461.86,14.57,25.88,1008.92,69.16
474.52,9.73,41.01,1021.76,97.71
441.21,24.25,50.78,1008.82,60.55
456.54,19.44,60.07,1014.8,69.06
462.87,13.32,44.2,1020.02,78.78
434.64,30.57,69.82,1009.86,52.94
433.34,26.88,79.74,1006.54,93.7
459.19,13.93,40.24,1017.88,88.35
438.28,28.56,65.27,1013.28,49.95
437.76,27.26,66.56,1007.83,60.95
463.36,12.68,41.16,1020.09,83.32
455.05,17.03,58.49,1011.91,92.16
468.4,16.66,36.71,1013.68,70.66
468.63,14.07,42.86,1032.16,71.53
468.52,12.41,45.87,1004.78,80.02
489.6,6.06,41.17,1019.67,84.7
474.52,7.79,41.16,1023.17,97.11
433.97,26.8,72.58,1009.22,89.03
468.4,14.68,58.2,1018.5,83.3
436.92,27.3,56.85,1011.66,36.09
478.88,8.99,36.3,1027.08,73.98
460.57,21.39,51.3,1013.39,89.05
431.83,27.37,76.2,1006.03,67.07
441.21,25.02,50.78,1008.79,63.06
478.08,6.8,41.16,1023.17,95.4
474.29,11.01,40.05,1015.46,89.22
440.53,27.91,64.79,1017.7,48.29
470.19,16.52,42.24,1017.51,67.65
436.5,29.23,69.59,1009.0,71.41
430.9,25.91,68.08,1010.92,74.25
459.19,15.55,40.66,1016.21,88.5
429.31,32.67,67.83,1007.81,42.16
466.75,11.1,40.92,1021.98,94.14
454.4,21.89,45.38,1014.42,68.95
435.56,32.48,69.75,1009.05,40.47
474.52,9.99,43.52,1022.95,99.67
447.73,18.87,62.96,1020.55,82.87
448.25,20.77,52.05,1012.22,45.61
489.02,6.61,38.68,1017.5,63.88
433.5,31.53,70.94,1007.11,50.04
466.87,12.93,43.13,1014.91,55.7
474.52,12.38,43.52,1022.98,100.0
437.35,32.2,69.68,1012.12,42.47
484.2,7.65,40.67,1020.14,72.37
454.71,15.51,36.71,1014.05,72.92
472.12,13.26,41.74,1021.89,63.32
437.06,21.16,78.11,1006.73,78.11
447.0,21.61,64.63,1020.86,69.73
465.24,13.95,41.49,1019.95,86.46
429.1,27.97,68.31,1010.64,55.91
442.75,26.63,64.44,1012.66,61.19
441.93,24.2,63.21,1012.25,79.86
476.1,8.23,43.79,1016.11,82.11
449.9,21.06,62.91,1011.92,75.52
459.14,16.02,44.9,1009.3,82.62
436.62,23.15,66.48,1003.71,76.0
436.16,24.44,69.13,1011.1,87.62
439.82,26.19,49.3,1003.69,65.88
456.5,20.09,63.94,1020.82,74.16
433.25,26.71,70.4,1007.59,82.63
472.32,10.63,37.5,1008.93,98.14
433.25,26.14,71.98,1005.98,82.45
438.95,25.9,59.54,1007.3,78.38
462.6,15.93,52.75,1024.57,58.71
471.08,13.09,43.02,1013.17,46.73
445.22,21.47,60.77,1018.06,85.73
471.23,13.57,42.99,1007.51,88.95
441.93,22.32,64.27,1014.35,82.98
454.71,22.08,41.54,1014.21,73.73
432.34,32.13,74.34,1003.34,56.39
471.08,18.32,42.28,1007.86,45.62
473.33,10.18,35.76,1019.71,66.7
441.17,23.07,69.23,1011.78,76.06
451.38,15.16,50.88,1013.88,100.11
474.56,12.24,41.2,1012.48,89.85
437.35,31.04,68.31,1010.54,42.74
435.56,32.34,74.99,1002.77,42.83
451.93,13.97,45.01,1017.44,89.15
455.31,26.24,51.43,1011.32,59.52
476.46,13.82,41.62,1011.48,77.66
479.78,9.55,39.66,1018.8,74.88
460.59,16.9,54.3,1017.97,60.57
444.51,24.47,58.05,1011.27,71.7
474.29,11.6,40.69,1015.51,86.55
444.84,21.47,65.61,1015.92,76.22
486.14,4.15,39.9,1007.62,95.69
434.41,26.45,71.37,1008.0,77.06
439.81,33.6,77.17,1009.01,47.53
455.42,16.2,38.73,1002.14,75.03
443.1,23.73,63.94,1010.7,87.1
437.37,27.45,66.25,1009.3,77.58
437.35,33.42,68.51,1011.91,45.83
426.82,28.91,70.72,1009.7,67.5
441.34,26.51,67.25,1017.85,64.17
489.79,5.66,40.0,1022.08,93.03
454.78,17.99,50.59,1015.9,77.28
465.88,10.77,41.46,1021.42,87.18
489.02,10.03,41.79,1020.35,66.42
474.28,8.69,40.81,1026.19,86.25
458.22,17.67,43.96,1011.68,82.13
472.43,9.98,41.01,1017.83,98.07
433.5,31.87,70.94,1006.94,50.78
458.22,15.74,43.34,1013.38,81.45
450.57,22.49,62.96,1020.21,78.99
433.5,32.21,70.94,1006.76,47.56
439.37,25.4,69.59,1008.58,82.22
471.07,10.87,42.02,1002.08,95.22
444.99,23.55,51.95,1006.0,76.46
434.8,27.29,67.32,1013.92,33.41
442.73,19.36,68.61,1010.85,94.87
474.52,10.2,41.01,1021.39,96.64
457.29,11.03,44.78,1013.16,83.85
475.24,8.97,44.03,1013.16,80.39
478.95,8.48,36.18,1013.31,75.15
441.11,26.56,56.57,1013.73,63.9
431.77,30.65,71.06,1008.61,76.76
484.09,6.44,39.33,1011.8,93.5
448.25,21.6,43.43,1010.28,61.87
448.25,19.46,42.04,1011.3,60.45
474.29,12.19,40.05,1014.65,85.1
442.75,23.92,63.21,1012.52,86.51
436.96,27.11,66.49,1013.71,39.28
438.95,23.73,61.02,1009.71,78.7
442.16,28.36,60.23,1010.05,53.03
446.46,24.38,60.84,1017.85,62.23
443.33,23.07,57.17,1009.84,76.8
451.38,15.07,50.88,1014.33,100.12
434.8,29.58,66.51,1015.57,32.95
434.02,25.39,70.36,1006.76,73.62
466.09,14.79,47.83,1007.27,92.04
475.21,10.61,40.77,1022.09,83.62
471.08,19.12,44.85,1014.66,43.66
442.73,20.23,69.45,1013.0,89.79
446.45,29.03,43.21,1011.83,65.23
471.08,15.72,43.02,1011.98,45.74
436.16,20.72,68.61,1011.25,87.1
455.05,17.54,58.49,1012.35,91.56
431.83,27.71,72.99,1007.18,72.68
489.6,6.4,41.17,1019.54,85.37
434.67,24.49,65.06,1014.07,63.32
465.24,15.98,44.68,1018.48,85.94
434.41,28.85,71.32,1009.09,76.9
448.21,21.23,57.32,1010.99,75.17
431.16,27.78,73.56,1007.05,95.32
436.17,25.27,69.89,1015.21,79.33
429.86,30.46,66.75,1017.81,54.48
442.46,26.13,47.93,1002.81,66.19
441.11,25.95,59.14,1016.42,67.03
466.85,13.66,40.55,1005.46,96.02
454.4,17.79,45.01,1015.71,67.13
445.22,20.1,59.87,1018.97,87.23
441.91,23.21,62.44,1011.78,76.66
429.1,29.23,66.51,1011.11,53.12
443.1,20.16,60.1,1011.24,86.23
433.42,24.21,71.77,1004.52,84.96
440.1,26.13,57.32,1012.27,45.78
450.71,19.07,49.69,1007.22,76.79
478.87,9.68,41.06,1022.75,87.44
460.51,16.18,43.99,1021.97,80.96
468.52,11.57,39.72,1002.26,78.69
439.37,23.24,68.31,1009.71,80.8
489.79,5.02,40.64,1021.2,93.27
446.68,22.27,50.05,1007.1,89.34
437.65,34.51,73.03,1013.73,39.42
481.28,2.71,39.42,1026.66,81.11
469.29,12.93,36.71,1013.22,83.44
435.4,28.75,57.55,1004.77,57.55
471.07,10.03,42.02,998.6,99.9
476.96,13.33,39.39,1013.93,84.74
444.99,23.29,49.3,1003.88,74.12
475.8,9.43,41.4,1028.81,85.83
446.19,24.97,59.87,1018.7,59.94
489.02,8.95,38.56,1017.85,64.34
469.29,10.59,37.5,1013.14,81.56
444.8,29.33,64.84,1010.76,53.32
478.21,11.42,41.54,1020.21,71.57
441.29,27.66,69.75,1009.71,84.27
471.23,13.45,45.87,1008.73,87.06
436.51,27.76,65.59,1010.8,67.29
440.89,23.96,58.33,1013.37,59.97
472.27,13.04,45.09,1013.0,87.68
468.02,8.91,40.69,1015.11,89.65
454.68,24.22,49.82,1014.61,66.82
428.49,29.71,71.85,1008.81,70.86
441.17,21.96,69.94,1011.09,80.27
442.66,26.85,66.86,1006.78,69.4
446.16,22.91,68.63,1014.92,55.82
441.41,28.37,63.31,1013.18,49.02
473.57,9.04,40.11,1023.3,76.32
443.12,28.23,62.26,1010.88,60.86
431.83,28.84,74.9,1004.38,66.86
439.81,31.25,73.5,1010.81,45.2
475.96,13.04,40.69,1015.96,82.37
457.55,17.48,52.9,1020.03,76.47
433.75,26.78,73.06,1007.99,90.47
441.17,20.51,68.08,1012.73,78.05
445.91,19.8,67.71,1005.58,69.65
464.36,14.39,42.77,1017.36,83.28
436.89,26.35,59.87,1013.24,73.63
471.8,7.87,43.02,1014.67,83.58
436.51,27.56,65.59,1010.88,66.47
435.56,33.76,68.51,1011.33,38.35
450.86,23.74,62.96,1019.65,63.39
454.01,16.68,53.16,1014.32,78.02
463.44,13.58,39.28,1016.17,79.17
450.71,21.99,42.48,1011.77,74.04
444.64,23.68,59.27,1010.75,83.82
460.54,16.73,54.3,1017.96,59.44
471.46,11.12,44.92,1025.58,93.52
478.21,10.45,39.61,1020.23,73.39
475.85,6.38,40.07,1018.53,60.2
474.52,5.19,40.78,1025.24,95.07
466.09,14.66,47.83,1006.15,91.98
444.99,23.49,49.3,1003.35,77.96
434.67,24.31,65.34,1013.82,63.85
455.42,16.57,41.79,1005.82,72.25
466.67,14.43,44.84,1024.34,84.0
444.84,15.34,71.14,1019.79,77.56
465.79,9.75,52.72,1026.03,78.53
452.41,26.05,58.59,1012.32,49.83
475.01,10.5,40.8,1024.06,76.05
474.28,9.87,42.74,1024.61,87.74
434.67,24.31,65.94,1011.5,61.61
444.51,24.67,58.05,1011.31,69.95
442.66,24.18,66.48,1004.0,64.86
447.91,27.53,67.83,1009.4,53.73
462.6,15.21,52.75,1024.32,61.11
429.31,31.16,64.96,1001.71,44.85
444.84,20.15,65.59,1014.62,79.39
448.79,17.51,58.86,1016.78,83.63
440.89,25.56,60.32,1016.28,59.84
471.8,8.51,40.81,1015.54,83.16
468.02,8.96,40.05,1015.91,89.4
433.75,27.14,71.32,1007.8,87.99
440.79,29.23,75.6,1017.72,52.26
444.8,28.97,64.44,1014.55,54.67
480.53,5.21,41.31,1003.51,91.23
476.96,13.69,40.1,1014.38,83.57
460.51,18.34,45.64,1019.05,82.53
448.42,24.01,42.48,1011.39,55.1
430.34,25.54,69.13,1001.64,90.98
445.26,25.5,63.56,1013.85,64.69
437.43,29.07,72.51,1009.24,58.38
472.12,14.38,40.71,1023.46,66.12
434.67,25.89,66.49,1013.08,63.16
443.1,22.66,63.73,1013.24,83.95
462.6,17.29,52.72,1024.71,62.32
469.33,13.43,50.59,1020.38,86.3
467.44,13.94,44.84,1023.69,95.3
447.91,24.31,66.49,1011.38,54.35
442.39,28.45,52.84,1006.18,43.16
473.56,11.67,37.73,1021.2,68.88
439.82,26.09,49.3,1003.79,66.19
452.41,27.66,59.21,1013.12,51.58
479.78,8.01,40.46,1019.42,76.15
454.68,24.22,56.89,1013.81,70.02
468.4,14.77,58.2,1018.78,83.83
448.25,22.73,43.79,1015.61,42.66
473.56,8.95,43.13,1017.56,94.85
445.22,16.8,56.03,1020.65,85.26
460.57,21.8,51.3,1012.07,89.51
443.67,25.28,49.5,1013.95,52.79
442.66,23.19,67.07,1005.67,65.19
451.38,19.27,50.12,1007.61,100.11
439.4,25.87,44.57,1007.43,55.92
461.6,14.27,44.34,1018.95,71.44
472.88,15.66,41.7,1018.0,77.0
437.43,30.16,73.17,1010.74,58.99
476.46,13.42,40.35,1011.2,77.0
436.7,22.49,61.47,1009.14,90.23
447.93,27.2,59.74,1011.99,56.74
442.75,27.08,62.91,1011.9,62.58
441.21,23.5,50.78,1008.7,57.7
476.96,12.88,38.53,1010.95,87.16
433.57,30.05,69.34,1008.26,61.5
436.89,24.76,63.07,1012.73,70.39
449.91,21.51,65.48,1017.11,72.99
441.11,25.05,58.59,1013.37,66.14
431.77,30.81,71.97,1008.36,75.0
481.88,7.57,37.49,1009.73,83.07
444.51,25.23,58.82,1010.9,70.47
465.94,10.93,39.16,1016.54,90.56
441.11,25.08,58.49,1011.1,64.47
470.27,13.44,41.14,1026.41,77.26
468.14,16.05,41.96,1011.82,96.05
456.18,18.49,41.1,1001.9,59.99
450.07,20.85,56.89,1013.15,68.22
453.2,15.72,56.89,1013.35,85.06
478.02,12.93,38.73,1006.41,89.24
475.42,10.15,39.22,1020.09,68.75
434.11,26.12,68.94,1007.12,67.08
464.36,15.97,45.01,1016.58,83.24
434.67,25.6,71.73,1010.15,68.99
444.06,27.77,63.87,1017.97,38.77
464.7,15.63,40.56,1018.68,59.44
471.23,9.44,44.03,1009.59,86.27
439.5,30.63,53.3,1004.91,53.3
455.42,17.68,39.08,1002.77,74.24
450.86,23.16,57.76,1017.74,63.79
431.44,27.52,69.68,1011.67,56.94
489.02,7.97,39.04,1018.51,65.17
461.6,17.62,43.52,1021.01,71.52
439.4,25.8,44.57,1008.0,52.56
433.75,22.33,70.79,1006.02,93.35
425.27,28.94,68.67,1005.39,75.24
427.67,26.72,67.79,1010.35,63.31
426.67,27.58,66.48,1004.82,51.23
431.19,26.94,73.21,1002.83,91.25
451.38,17.74,49.78,1004.9,100.09
471.8,11.91,40.69,1014.41,83.71
479.95,7.46,39.81,1018.62,86.73
451.58,18.34,50.59,1018.42,83.95
446.16,25.18,69.23,1013.26,57.45
438.16,25.71,71.64,1008.85,77.31
442.75,24.48,66.25,1009.42,88.17
478.08,8.87,41.16,1023.17,94.13
439.37,23.51,70.04,1011.02,81.39
465.61,13.3,37.9,997.41,91.51
475.85,11.69,39.22,1017.05,55.51
434.78,25.06,78.92,1010.74,90.7
446.76,20.6,59.15,1013.32,91.07
440.8,25.79,59.43,1008.61,64.3
475.42,10.29,40.56,1017.28,69.13
447.93,26.06,58.59,1012.41,55.22
441.29,25.8,71.58,1010.08,85.14
437.25,31.14,67.32,1013.93,38.37
448.04,22.01,49.39,1019.6,75.8
438.28,26.05,65.38,1009.43,52.1
455.25,17.82,56.89,1014.24,77.73
442.86,20.76,69.05,1001.89,77.86
476.7,11.64,40.22,1010.58,80.84
472.27,16.33,42.44,1013.98,84.9
465.94,10.23,42.32,1017.53,89.93
454.26,23.35,47.01,1015.03,73.9
484.09,7.7,40.35,1011.72,92.88
442.45,22.06,59.39,1015.26,85.04
455.42,17.14,40.55,1000.05,71.41
437.25,27.75,66.51,1015.42,39.0
468.43,14.58,42.99,1007.55,93.56
472.16,10.86,37.5,1013.36,75.56
478.98,7.87,42.85,1012.18,94.21
441.41,30.96,64.44,1013.63,49.64
461.16,19.55,42.04,1009.99,67.87
446.68,20.26,51.19,1008.9,93.47
473.56,11.61,40.81,1025.68,72.08
447.0,21.92,64.63,1020.42,65.22
464.39,14.22,45.01,1014.17,70.14
430.65,29.77,69.98,1013.32,69.6
445.26,25.96,63.77,1013.24,65.43
433.34,27.78,77.17,1009.11,86.54
440.8,22.49,56.9,1007.65,63.34
432.76,30.34,75.08,1005.32,52.97
444.99,23.78,49.3,1003.3,76.56
476.01,9.06,40.02,1031.16,82.04
439.63,27.51,49.3,1003.74,61.27
443.12,30.76,59.57,1010.66,61.76
463.13,13.86,37.85,1011.4,89.7
439.09,30.98,67.48,1009.96,58.92
429.1,31.01,69.04,1009.14,52.81
456.2,16.58,45.87,1009.66,97.59
437.41,26.01,61.47,1009.54,75.01
429.38,32.42,65.74,1010.97,52.73
443.78,27.96,49.16,1004.8,35.64
445.85,22.73,63.73,1009.12,94.8
476.96,15.65,39.59,1012.8,87.63
461.78,18.22,49.25,1020.33,61.87
450.86,23.05,62.52,1016.5,65.65
433.75,22.95,70.98,1005.36,93.76
443.01,24.34,59.54,1004.01,87.07
454.4,17.44,44.88,1018.05,68.35
444.85,22.69,59.44,1012.97,83.47
445.17,21.31,50.78,1008.68,85.28
447.93,26.46,61.41,1012.41,56.58
449.23,26.06,65.34,1014.07,57.63
472.43,12.24,40.66,1017.4,96.22
483.83,3.95,35.47,1017.36,84.88
437.25,31.74,67.32,1013.69,36.59
450.71,27.01,43.21,1011.71,77.84
429.86,28.73,68.3,1016.53,55.73
444.99,24.34,50.16,1004.78,74.0
471.63,13.0,39.85,1012.57,61.56
456.5,18.62,65.48,1018.45,73.39
434.8,31.16,67.45,1014.69,32.25
444.19,21.75,60.27,1018.55,87.81
434.41,28.71,70.32,1011.78,76.53
436.16,23.7,70.04,1011.13,84.16
464.36,14.41,42.77,1019.84,82.54
447.0,23.83,64.15,1020.93,63.86
426.82,29.3,73.67,1005.64,65.31
454.78,23.38,48.78,1019.03,78.69
455.09,19.95,50.66,1013.21,81.98
482.8,9.68,40.22,1007.6,89.97
426.67,30.27,70.32,1007.93,51.61
437.11,25.82,66.49,1013.2,60.32
441.11,24.54,57.85,1013.02,65.61
460.57,19.82,46.63,1013.17,87.1
434.68,24.9,71.77,1006.24,85.25
453.2,18.83,58.46,1016.85,87.16
447.0,22.99,62.96,1019.6,65.05
469.29,14.28,37.2,1013.96,82.71
451.49,24.2,60.77,1016.92,71.65
436.7,22.91,61.86,1012.8,92.69
460.06,14.16,44.58,1020.75,77.42
454.68,21.46,50.59,1016.75,67.14
438.28,25.95,65.61,1014.36,52.54
468.52,10.36,43.67,1012.16,77.04
433.97,27.0,73.42,1012.2,87.28
475.32,8.14,39.96,1023.41,88.86
444.84,20.86,67.25,1017.45,81.45
440.8,25.82,57.19,1007.99,62.95
431.44,27.25,69.98,1008.55,59.55
476.7,10.11,42.49,1010.22,82.11
450.86,23.99,58.62,1016.91,66.36
455.32,21.55,44.58,1017.2,46.64
464.61,13.18,40.73,1017.62,94.4
473.23,9.26,44.68,1023.22,91.44
438.95,26.3,59.07,1007.84,78.32
471.46,10.18,43.5,1022.84,88.7
433.34,22.84,71.25,1001.9,96.45
444.64,20.36,60.1,1011.21,84.79
466.75,10.33,40.0,1021.35,90.84
444.84,20.46,66.05,1014.93,78.51
443.89,26.0,69.89,1015.12,73.06
462.87,13.16,40.71,1021.99,77.91
445.17,21.39,52.3,1009.52,88.67
461.6,14.82,44.2,1018.98,72.8
465.94,14.38,40.73,1017.48,90.64
475.88,9.27,38.56,1017.69,62.49
442.59,26.58,62.39,1006.36,68.98
464.59,13.85,48.06,1011.13,75.2
439.91,24.58,56.9,1007.08,68.24
450.32,20.57,60.1,1011.16,83.45
457.03,18.26,60.95,1016.94,78.91
444.6,20.45,48.41,1010.81,86.7
455.09,22.25,51.86,1013.08,83.64
445.22,19.82,57.85,1011.58,97.23
450.57,19.93,62.1,1019.94,76.41
434.64,28.97,73.5,1010.47,48.24
434.15,23.53,72.24,1010.84,94.33
489.79,4.47,35.19,1018.78,92.68
459.45,16.27,58.2,1018.47,80.03
441.17,22.32,69.48,1011.1,77.86
435.56,35.77,73.56,1006.36,36.31
464.59,14.42,48.92,1011.76,76.03
425.5,31.2,68.24,1005.71,34.84
435.4,29.16,55.68,1004.84,55.68
450.98,19.34,64.79,1018.03,84.77
449.23,25.31,65.48,1018.31,55.57
473.23,11.66,44.6,1018.39,89.98
453.2,17.16,58.86,1016.4,86.39
444.64,22.11,59.44,1012.82,84.67
436.7,23.35,59.92,1009.86,88.6
466.87,17.67,43.7,1015.26,58.76
436.17,24.11,68.3,1017.33,79.16
478.95,9.03,37.14,1012.79,76.27
454.78,20.2,50.9,1011.72,77.63
475.88,10.95,39.22,1015.69,62.3
483.83,6.92,39.61,1018.64,82.27
444.04,23.36,56.89,1014.23,78.34
466.15,16.63,39.16,1005.85,72.02
465.97,15.36,40.89,1007.59,86.08
479.95,9.15,39.61,1018.69,84.47
435.28,28.61,68.12,1011.71,47.57
475.96,12.45,40.1,1015.4,82.61
429.1,29.25,69.98,1010.74,57.42
442.18,25.24,63.47,1011.3,66.21
476.1,11.98,44.6,1018.59,86.71
472.16,12.62,34.03,1019.06,74.78
434.67,24.14,69.23,1012.4,73.26
439.67,24.3,69.23,1013.17,59.91
446.46,22.49,62.52,1016.57,63.69
440.7,28.77,75.23,1010.01,59.0
489.79,7.21,42.03,1017.81,90.12
439.87,24.13,48.98,1014.74,40.13
444.44,28.14,65.34,1014.44,46.17
431.37,28.04,69.14,1007.16,80.38
434.15,21.18,70.02,1010.27,96.46
484.09,6.84,39.4,1011.9,93.75
433.25,26.92,64.69,1006.66,76.14
425.5,33.83,67.9,1005.94,29.86
471.8,11.81,40.75,1016.13,84.14
479.95,10.28,41.46,1018.44,85.23
489.79,6.72,38.91,1016.89,90.47
475.42,10.02,38.18,1017.43,68.4
471.07,8.64,39.69,1001.57,98.27
456.54,20.45,58.96,1014.53,65.36
463.05,20.01,45.09,1014.21,38.19
426.67,31.61,69.04,1008.11,47.96
460.59,14.69,53.82,1016.54,63.49
442.39,26.89,49.16,1003.84,41.22
433.97,24.41,73.67,1007.39,86.92
461.63,16.36,53.82,1015.05,71.95
484.63,14.08,41.93,1023.02,59.41
466.0,17.32,44.34,1019.52,56.24
485.36,10.38,40.71,1025.27,80.87
476.18,11.6,40.27,1008.55,72.12
454.66,19.54,54.9,1017.15,70.37
472.27,17.5,42.23,1013.37,86.87
481.28,6.04,41.14,1027.8,86.4
479.95,7.28,39.81,1017.61,87.56
438.48,23.45,69.05,1003.03,66.41
465.97,16.75,36.99,1006.42,87.18
450.86,24.01,60.84,1018.83,63.82
431.44,26.67,70.94,1007.7,56.56
473.23,11.57,44.63,1020.7,91.11
434.67,27.33,66.17,1011.06,64.55
466.67,14.51,44.84,1023.23,82.33
459.39,18.1,48.06,1015.47,82.47
437.43,33.58,77.54,1010.19,53.49
444.8,30.04,64.44,1014.46,52.19
454.68,23.91,50.23,1017.25,68.57
459.14,15.27,39.54,1010.64,81.91
466.09,13.41,49.83,1008.83,87.14
441.41,29.95,67.25,1017.68,51.91
429.91,27.0,71.25,1002.66,70.59
444.51,24.56,58.82,1011.42,72.47
451.49,18.84,61.27,1019.64,71.95
441.91,22.7,61.41,1012.08,78.08
433.97,23.21,74.22,1009.68,88.46
470.19,14.54,41.17,1015.15,67.78
427.04,26.45,74.33,1013.81,61.7
486.06,1.81,39.42,1026.92,76.97
439.01,22.95,66.54,1004.53,88.06
468.75,8.88,36.3,1015.27,56.96
479.28,13.44,39.64,1013.23,73.43
475.8,8.83,36.25,1028.86,85.6
463.13,15.57,38.78,1013.51,95.38
460.51,16.69,43.52,1021.78,80.87
451.49,22.53,60.95,1015.12,75.1
448.32,18.55,52.84,1004.45,86.82
451.41,22.81,58.96,1013.5,55.66
433.57,30.13,71.98,1004.95,63.62
459.14,14.04,40.83,1008.98,82.04
456.2,12.14,48.04,1011.8,100.13
441.11,25.18,56.89,1012.26,64.46
478.87,7.82,41.16,1023.3,87.7
451.49,22.2,59.21,1017.87,73.34
441.11,26.42,59.39,1013.95,66.03
475.01,9.29,39.04,1022.72,74.29
432.3,29.31,68.67,1006.18,63.38
446.76,19.24,58.33,1013.65,85.47
436.7,27.22,66.49,1013.45,42.41
466.71,10.09,41.01,1019.89,96.55
426.25,30.47,68.24,1009.55,64.98
434.68,24.85,70.47,1006.64,85.37
459.45,17.75,55.5,1020.15,81.26
450.46,26.09,60.23,1010.74,60.88
476.31,12.21,44.34,1017.98,86.17
448.98,21.5,50.32,1008.65,81.68
472.43,9.18,42.44,1014.52,98.04
443.89,24.66,66.49,1010.83,70.06
442.26,18.56,67.71,1004.77,85.28
433.99,25.14,73.67,1006.94,88.51
454.18,12.08,49.83,1008.21,96.01
447.73,18.88,62.96,1020.62,82.01
444.8,26.59,60.96,1011.9,52.41
465.88,10.42,41.46,1021.04,89.16
468.66,13.03,39.35,1015.34,79.18
441.22,29.43,66.75,1017.63,42.72
442.87,27.86,61.5,1009.23,46.19
439.82,24.73,48.6,1004.03,63.37
455.25,20.74,58.12,1015.43,77.88
485.36,9.41,40.43,1025.68,79.49
456.54,19.33,58.96,1014.88,67.86
434.68,25.04,70.47,1006.82,84.75
464.14,19.35,43.43,1009.4,66.11
472.88,14.72,39.0,1016.42,76.42
427.04,26.88,74.78,1010.42,64.81
447.03,20.72,44.57,1008.96,72.57
474.28,9.0,39.18,1024.38,84.91
434.16,25.45,75.23,1011.41,73.33
465.26,13.23,52.72,1026.4,75.78
435.28,30.88,69.51,1011.48,46.58
436.62,23.32,66.48,1003.92,72.25
447.91,25.15,68.61,1011.03,53.59
444.19,19.67,60.77,1017.33,88.13
489.79,6.92,43.13,1018.26,89.23
463.6,14.74,43.71,1024.35,81.53
436.7,22.7,59.92,1011.05,90.84
472.88,13.85,41.39,1018.62,75.55
429.81,31.59,43.5,1005.12,43.5
455.42,17.27,40.55,1000.89,70.66
428.61,27.49,71.94,1006.62,73.35
434.41,26.71,70.72,1010.3,78.18
450.86,23.25,59.87,1018.69,66.4
429.31,30.13,68.94,1005.88,40.71
450.01,26.53,60.07,1016.55,54.79
479.64,12.02,43.69,1016.12,74.07
468.63,13.77,42.86,1030.72,77.3
449.23,26.97,67.32,1014.35,55.07
439.37,25.76,73.5,1011.44,81.36
477.14,14.43,35.85,1021.99,78.25
434.15,21.03,70.02,1010.21,95.69
434.67,24.45,70.02,1010.75,71.37
465.97,15.43,41.1,1005.2,85.06
458.22,17.48,46.21,1014.02,80.78
449.23,23.96,65.34,1015.52,56.82
439.37,25.77,71.37,1008.88,78.96
441.91,25.52,61.25,1012.84,75.98
467.34,14.52,40.35,1011.11,69.84
436.17,24.8,68.3,1018.01,80.41
434.64,30.8,73.17,1010.51,51.93
484.99,7.9,40.0,1018.74,79.55
481.46,10.25,41.46,1020.65,87.07
434.64,30.97,74.22,1007.93,49.74
475.24,10.7,44.77,1017.8,82.37
434.64,32.83,74.33,1011.44,50.42
472.43,11.35,40.66,1016.86,96.4
449.8,21.28,44.05,1005.69,83.2
473.23,12.9,44.63,1020.72,89.51
458.22,16.47,44.89,1010.04,82.01
427.04,31.18,77.95,1014.89,65.62
454.4,21.92,48.14,1013.44,67.8
478.88,9.46,36.66,1026.22,72.58
484.2,7.29,39.37,1019.24,73.46
442.16,24.05,61.87,1009.64,54.54
468.02,11.75,41.2,1012.7,89.86
426.82,28.82,71.8,1010.97,67.64
478.08,5.3,35.19,1019.33,93.86
479.28,14.17,41.67,1013.4,72.77
445.18,21.63,60.84,1018.16,77.53
477.14,12.62,40.92,1021.85,81.41
489.79,6.94,38.91,1018.94,90.64
449.23,24.73,65.34,1015.42,52.8
466.85,14.94,41.35,1004.82,98.04
454.71,16.88,38.58,1014.72,73.99
473.33,10.7,36.18,1018.16,63.15
455.31,25.21,50.23,1016.0,56.58
475.8,12.51,41.14,1027.36,87.86
434.64,30.7,74.22,1008.12,50.39
434.15,24.61,69.68,1012.06,92.47
444.04,22.4,58.12,1015.24,78.03
491.54,5.98,38.91,1016.5,91.83
451.49,20.06,62.1,1020.21,72.21
464.7,12.7,39.72,1017.89,62.97
475.01,11.42,40.43,1025.5,75.85
444.99,24.23,49.3,1003.61,74.44
426.25,29.91,70.02,1010.18,64.1
437.39,22.87,71.29,1008.1,73.1
448.21,23.79,58.59,1013.94,72.5
466.0,17.4,44.58,1018.9,60.58
437.37,27.21,64.05,1010.08,76.69
479.95,10.23,41.46,1018.89,83.06
433.08,26.54,69.48,1010.7,66.09
437.65,32.46,74.33,1012.61,37.07
454.71,21.31,42.8,1014.1,75.77
463.13,13.4,40.89,1010.67,91.66
426.67,31.87,68.67,1005.64,48.85
433.25,26.05,73.88,1005.67,82.08
431.44,24.4,69.94,1005.75,58.1
465.94,11.88,41.58,1016.56,90.18
476.03,11.3,40.55,1005.97,97.99
446.68,16.83,46.48,1007.21,87.23
450.71,19.72,46.21,1010.54,77.74
433.24,30.74,69.59,1008.69,68.04
478.08,6.9,40.71,1021.78,94.8
485.06,7.7,40.72,1022.81,81.97
444.84,19.18,65.06,1015.99,77.06
437.76,24.26,68.14,1005.09,59.49
478.55,5.66,40.62,1015.87,84.97
459.45,14.97,58.2,1019.52,81.13
467.34,14.96,39.31,1010.52,71.28
464.88,13.9,44.0,1025.1,87.17
464.14,22.97,42.48,1012.84,64.71
426.14,32.91,73.56,1007.02,55.03
434.67,26.56,65.59,1012.6,64.25
465.26,14.76,49.64,1026.31,75.67
475.85,12.5,41.38,1021.87,57.59
483.83,5.89,35.77,1019.78,79.58
440.89,25.11,58.79,1015.99,60.55
462.6,16.73,45.0,1023.44,60.68
481.28,6.93,41.14,1027.18,84.67
442.18,24.01,63.56,1014.19,64.31
489.02,10.33,40.62,1017.41,64.22
468.02,10.04,39.13,1011.26,88.91
489.02,7.73,37.8,1020.71,63.93
426.14,30.24,73.9,1006.74,56.39
474.56,10.35,39.82,1013.33,94.78
446.44,23.19,58.82,1009.96,81.05
437.76,24.55,67.07,1005.66,63.58
443.89,29.01,66.44,1011.21,71.56
467.44,12.04,42.34,1019.72,94.67
437.94,29.85,61.85,1005.45,61.85
445.22,22.19,60.37,1008.45,92.43
468.02,10.02,39.82,1012.86,89.47
444.8,28.09,63.31,1013.01,52.6
445.17,22.36,51.43,1007.47,87.33
433.24,30.7,69.59,1008.03,66.78
489.6,7.06,41.38,1021.94,83.55
463.03,14.07,45.09,1013.32,94.45
478.21,10.58,39.61,1020.39,71.69
455.25,20.59,59.8,1015.27,77.94
450.71,22.06,47.43,1009.85,76.85
441.5,31.61,75.08,1004.83,42.29
457.55,19.98,56.53,1020.22,73.53
479.64,11.02,40.0,1015.75,74.83
475.21,8.34,40.72,1023.62,83.75
468.75,14.69,35.71,1015.78,57.34
468.66,14.84,42.03,1017.47,79.27
475.88,7.67,35.77,1017.55,60.97
460.4,16.76,43.77,1012.25,77.95
454.78,18.21,49.69,1013.54,80.16
475.85,7.85,37.8,1020.9,59.19
468.4,17.81,37.2,1011.98,67.27
475.88,9.23,37.36,1015.01,67.38
425.12,30.2,71.85,1008.25,59.1
432.11,28.86,73.18,1012.46,68.8
439.4,26.05,46.21,1011.31,55.25
461.16,17.46,42.42,1008.97,69.19
448.25,25.65,43.77,1011.65,46.18
437.06,26.81,74.9,1003.99,79.88
471.08,10.3,41.79,1021.09,49.39
429.1,30.07,70.04,1010.84,55.74
453.2,16.25,58.86,1015.94,86.52
441.5,31.09,74.22,1007.56,46.36
475.8,9.06,41.92,1029.9,90.88
446.68,21.4,47.93,1005.16,88.44
478.98,7.68,42.85,1012.51,91.51
431.77,30.26,77.24,1008.39,74.25
461.55,15.93,40.89,1011.57,74.55
455.18,23.25,69.45,1013.85,70.14
476.31,10.59,41.46,1016.87,85.7
446.68,18.86,50.78,1008.46,91.67
431.44,27.97,69.48,1010.4,57.24
428.61,30.17,76.86,998.23,73.61
468.23,15.19,41.43,1011.34,89.67
469.29,13.88,39.39,1014.08,80.48
475.01,11.26,40.43,1025.68,74.67
432.7,25.36,74.99,1002.21,65.96
445.17,21.17,52.3,1009.67,88.88
435.94,30.62,66.54,1004.11,55.36
435.81,27.41,74.67,1016.57,80.16
462.25,11.82,41.74,1022.36,74.06
429.1,32.41,67.83,1008.54,55.96
473.56,12.59,39.18,1024.18,67.57
437.41,27.81,64.69,1006.59,71.75
433.42,25.1,71.77,1004.34,82.8
461.86,15.29,25.88,1009.21,66.0
459.14,16.37,39.99,1007.05,80.61
430.34,27.63,70.17,1000.42,85.22
436.16,21.11,74.78,1009.71,84.35
432.3,30.66,66.25,1007.67,63.03
473.56,14.57,37.86,1022.44,68.82
475.21,10.92,40.92,1021.84,83.03
459.14,16.23,43.72,1009.96,83.01
433.08,26.85,71.73,1010.06,65.24
425.12,33.5,70.8,1008.99,57.24
456.49,17.85,53.16,1013.05,82.72
481.56,7.54,37.7,1014.58,78.43
444.37,23.39,64.63,1020.45,58.22
456.49,18.03,53.16,1013.02,81.95
481.41,10.95,43.8,1022.61,63.46
447.8,18.0,52.08,1003.07,100.09
466.15,17.46,39.54,1008.21,74.24
463.36,11.88,40.64,1020.5,85.43
475.42,10.11,39.72,1019.1,69.68
454.68,26.36,54.5,1015.35,66.87
471.08,16.41,41.48,1016.28,45.19
454.4,18.81,45.01,1015.28,65.91
430.11,26.44,69.34,1009.55,73.18
455.32,20.6,44.58,1017.67,48.36
444.8,29.32,63.77,1013.24,55.1
450.71,19.15,44.89,1009.6,74.52
442.26,21.09,67.07,1004.38,89.01
437.65,34.1,73.03,1014.01,41.26
449.9,20.02,58.66,1011.5,76.74
468.66,12.97,40.75,1016.05,79.67
442.75,28.31,64.79,1016.58,60.88
439.5,28.31,50.05,1005.75,50.17
446.1,19.29,67.71,1007.94,63.71
472.45,12.09,40.6,1013.85,85.72
433.24,31.12,68.94,1006.05,68.46
468.75,13.94,38.47,1015.03,53.9
452.41,27.59,59.21,1012.93,51.46
479.95,11.68,40.23,1018.49,83.43
472.12,13.8,44.34,1019.43,66.74
471.6,9.82,39.96,1024.72,97.69
431.16,26.92,78.92,1011.65,96.22
450.86,23.66,62.08,1022.42,64.13
468.52,12.34,43.22,1009.28,78.23
443.67,23.81,46.93,1013.19,54.82
449.81,20.54,61.27,1019.6,61.87
462.25,14.79,41.04,1025.32,75.81
466.87,18.28,44.2,1018.83,52.88
441.29,26.9,69.59,1008.9,85.08
447.0,21.83,63.87,1018.93,63.07
451.49,21.85,59.8,1016.89,75.28
478.87,7.95,40.72,1023.7,84.19
457.99,16.09,50.59,1015.69,84.41
467.05,13.72,54.3,1017.89,79.08
475.61,9.56,41.55,1002.67,70.27
471.08,16.24,41.93,1021.66,44.91
426.67,31.91,67.83,1008.76,53.22
475.42,7.73,39.04,1018.61,68.23
431.44,28.35,71.14,1010.65,60.38
448.79,19.6,60.95,1015.4,84.26
468.82,14.13,41.23,994.6,93.02
461.63,16.84,56.03,1020.25,70.37
466.38,14.76,43.79,1016.17,75.72
431.44,28.43,68.08,1011.32,58.19
448.04,23.71,50.23,1017.55,73.24
456.2,19.44,48.7,1008.66,94.71
433.99,22.78,71.77,1005.26,89.23
439.81,32.84,77.95,1014.68,45.8
459.45,18.06,56.65,1020.2,81.59
460.57,16.41,47.24,1015.75,88.78
466.75,10.05,41.58,1021.35,95.19
433.34,24.06,71.25,1002.39,92.18
471.6,8.63,39.96,1024.39,99.47
434.64,29.77,69.48,1009.8,52.6
468.02,9.2,40.77,1011.88,89.86
463.05,20.18,43.56,1013.14,39.16
472.88,16.26,38.58,1016.04,76.7
465.97,15.0,41.35,1006.6,86.95
480.38,4.0,39.9,1009.64,97.16
455.05,17.47,58.59,1014.03,97.13
481.47,4.78,42.85,1013.39,93.36
433.34,25.33,73.21,1002.19,97.24
478.87,7.03,41.74,1021.92,86.44
440.79,31.33,73.03,1014.18,49.28
481.88,6.76,37.49,1011.66,80.91
488.43,4.61,40.27,1012.32,77.28
433.97,23.21,73.42,1010.34,88.29
448.25,23.28,48.92,1010.23,41.55
494.43,5.95,37.8,1022.03,67.97
483.83,3.21,38.44,1017.11,84.86
427.65,28.5,73.77,1002.82,86.38
462.87,12.93,41.39,1018.5,80.28
442.73,21.04,69.48,1011.07,89.92
448.25,23.84,49.21,1013.35,45.4
461.96,18.79,49.15,1021.69,70.16
473.56,13.83,44.45,1021.5,68.75
432.76,32.78,71.22,1005.12,48.77
437.27,24.79,75.6,1017.07,68.23
488.56,5.49,40.81,1014.43,90.41
436.7,21.67,61.45,1010.84,92.19
475.8,12.02,41.92,1030.1,84.45
475.21,10.46,41.06,1021.41,82.34
459.19,16.0,40.66,1016.12,89.23
436.5,29.35,68.51,1007.63,70.67
436.16,20.92,70.02,1011.06,85.63
425.12,32.39,74.16,1008.53,61.09
472.12,11.57,41.38,1021.71,61.49
449.91,19.13,66.86,1012.95,71.24
437.42,30.57,73.03,1013.75,73.68
479.95,8.27,40.69,1020.13,86.1
453.2,18.43,57.76,1016.13,87.34
435.94,29.79,67.69,1006.86,55.93
443.33,24.7,58.82,1009.4,75.91
462.25,13.57,41.4,1021.27,72.55
430.19,28.28,61.86,1012.07,64.49
429.31,32.07,67.83,1007.91,41.61
466.38,19.1,43.79,1016.02,77.34
450.07,22.69,54.2,1012.92,65.55
447.93,27.44,59.74,1010.99,56.42
455.17,9.81,71.14,1019.43,87.93
449.23,26.05,65.27,1013.69,56.46
427.65,25.96,71.64,1003.84,86.83
463.6,13.79,45.08,1025.02,84.36
464.14,20.13,43.43,1009.75,66.16
460.06,13.99,45.0,1023.83,77.92
446.19,23.0,57.76,1017.64,56.86
452.85,20.37,60.08,1017.44,76.33
445.86,19.16,63.09,1017.71,91.15
474.09,10.8,41.74,1020.24,78.62
457.68,19.12,45.01,1014.0,59.95
465.2,14.46,44.78,1007.64,67.03
447.8,17.75,49.78,1004.49,100.09
429.38,33.15,68.51,1012.9,51.91
429.31,32.16,68.14,1004.86,37.77
437.65,32.66,73.68,1014.64,40.88
449.91,24.34,66.05,1019.26,74.58
426.14,31.93,72.58,1006.9,56.27
476.31,9.18,42.18,1017.4,87.3
443.12,28.57,62.26,1010.75,62.12
461.63,16.63,53.82,1015.18,66.09
464.74,17.25,43.14,1018.34,76.17
433.57,32.06,69.88,1006.88,63.53
456.5,19.72,66.51,1015.07,74.7
475.21,10.22,41.74,1022.65,83.58
442.86,21.78,68.28,1001.0,79.3
456.2,16.34,47.45,1009.41,92.96
484.99,10.29,41.74,1019.9,80.51
464.88,13.5,44.92,1023.87,87.17
476.18,13.88,39.16,1010.8,75.69
430.96,31.26,76.09,1006.66,63.91
474.29,13.55,40.1,1015.7,86.68
465.2,12.8,44.9,1007.58,66.6
431.44,26.96,72.86,1004.86,59.17
473.33,11.49,35.76,1019.08,60.04
475.85,12.27,41.17,1019.39,52.18
431.77,30.95,73.06,1008.86,74.86
466.66,13.7,44.47,1027.51,70.77
431.83,30.28,79.74,1006.96,70.21
481.88,8.61,37.49,1009.35,82.62
441.11,27.18,59.27,1012.57,64.18
461.63,19.8,52.9,1017.75,66.67
466.75,12.88,40.64,1020.76,92.58
472.88,14.19,39.52,1018.34,77.25
454.71,15.15,39.58,1011.94,73.63
434.64,28.8,73.4,1011.34,54.01
489.79,6.69,40.64,1020.54,92.83
441.11,26.43,58.41,1013.57,64.67
459.39,20.13,47.03,1012.59,83.03
472.88,14.24,39.52,1018.22,77.19
459.14,15.92,41.79,1006.24,79.42
432.34,30.74,73.67,1005.79,57.89
460.59,16.55,54.3,1017.95,60.84
468.14,16.39,41.96,1011.7,94.85
454.66,19.73,56.65,1020.7,69.49
464.88,14.62,43.99,1023.6,86.7
466.75,10.12,40.0,1021.33,95.29
439.4,26.1,44.57,1007.47,55.15
475.85,11.23,39.72,1018.46,60.62
436.5,27.24,69.13,1009.28,70.85
449.81,21.48,61.27,1019.29,61.43
437.37,27.52,66.25,1008.21,78.8
463.6,13.74,43.71,1025.45,86.62
451.38,18.65,52.08,1005.48,99.94
448.25,17.38,43.14,1011.09,61.9
464.7,15.25,41.17,1016.0,62.05
475.32,8.04,40.64,1020.64,89.26
438.28,26.59,66.49,1013.32,49.76
475.32,8.49,39.61,1021.05,87.74
440.1,25.15,57.32,1012.41,41.84
443.67,22.02,46.93,1014.32,55.92
441.91,23.23,63.31,1012.52,75.1
475.8,7.78,40.8,1026.7,85.61
476.18,12.93,39.58,1010.93,75.9
475.85,6.87,40.07,1017.91,57.64
426.82,30.35,71.32,1009.17,64.61
446.45,25.89,48.41,1008.49,68.58
475.8,8.11,41.92,1029.61,91.92
436.7,26.22,67.45,1013.7,44.04
467.44,12.64,41.49,1019.78,94.0
427.04,27.89,73.17,1009.85,64.22
450.07,21.11,58.66,1011.7,68.71
466.38,13.51,43.41,1015.94,75.22
434.78,25.07,77.95,1012.87,83.0
434.41,26.53,69.71,1009.88,76.26
466.63,16.13,43.48,1014.41,50.05
428.63,31.4,66.54,1003.55,57.73
450.07,22.65,57.85,1012.6,68.52
472.43,10.22,39.16,1015.71,96.2
449.91,22.72,65.61,1014.64,70.53
447.93,25.77,58.59,1012.51,55.84
476.96,13.6,39.82,1013.34,86.1
432.7,29.59,70.17,999.71,71.0
467.44,14.09,43.99,1021.02,94.39
472.11,13.67,40.71,1016.19,66.15
461.6,14.94,42.77,1018.9,73.95
464.7,14.77,41.39,1018.95,65.61
439.67,20.77,69.51,1012.96,62.89
472.27,12.75,42.86,1014.9,88.44
462.78,16.34,42.28,1008.08,52.8
476.96,14.24,41.16,1010.16,87.0
468.02,10.11,39.35,1015.19,90.74
445.22,23.38,59.07,1009.29,92.4
446.76,21.97,58.79,1010.93,86.7
450.98,17.66,62.1,1019.49,86.3
484.09,5.53,35.79,1011.19,94.01
433.99,23.48,73.67,1007.07,88.49
466.71,11.91,41.49,1019.69,96.39
475.42,10.17,40.46,1018.54,68.21
451.58,21.96,48.78,1019.56,85.05
433.97,23.63,73.5,1011.46,89.39
436.38,32.28,75.33,1002.14,62.49
441.41,30.08,67.25,1017.57,47.77
425.5,30.25,68.24,1006.58,31.9
435.94,29.8,64.69,1006.6,54.43
455.42,16.58,41.79,1006.24,72.95
457.99,16.98,53.16,1013.95,82.8
429.86,29.83,71.43,1011.93,55.8
489.79,6.13,40.81,1026.31,91.66
456.2,15.85,46.18,1013.14,97.8
449.99,13.27,40.27,1006.1,40.04
428.61,29.09,75.33,1001.61,71.06
451.38,18.96,50.16,1010.72,100.09
466.0,18.22,44.34,1019.35,56.78
455.32,19.07,44.63,1020.23,44.93
439.37,24.02,70.94,1008.0,79.55
445.28,24.35,70.04,1010.92,73.88
463.05,16.82,45.0,1022.05,37.28
444.99,23.79,50.16,1005.32,75.82
449.23,25.48,65.12,1016.12,53.66
448.04,23.56,51.86,1014.04,73.9
464.74,15.09,41.76,1022.4,76.22
451.58,18.77,49.39,1021.06,82.95
451.38,18.64,52.08,1004.24,99.9
473.23,9.77,44.68,1023.37,91.4
444.99,26.43,51.43,1006.3,71.48
485.57,4.95,42.07,1004.87,80.88
478.02,10.39,40.22,1004.95,91.65
454.66,18.9,56.03,1020.77,71.83
462.78,17.14,41.66,1010.97,57.66
434.02,28.28,68.67,1006.36,69.9
473.56,18.07,44.92,1024.72,69.15
436.5,28.06,68.24,1010.27,69.72
446.45,24.88,49.16,1006.04,64.54
427.53,31.46,66.54,1002.86,53.75
444.8,27.14,64.27,1012.71,54.4
461.96,22.05,48.14,1015.81,69.94
459.14,15.77,41.79,1007.96,80.69
442.26,18.18,67.71,1004.5,87.26
454.71,15.33,36.71,1013.99,73.89
452.41,25.98,60.95,1014.5,48.01
465.97,18.12,44.63,1001.26,89.72
441.91,23.84,63.47,1012.54,76.33
445.85,21.67,62.39,1007.98,92.96
433.75,23.86,66.54,1005.23,90.89
432.3,31.95,67.17,1007.11,61.58
448.32,17.96,47.83,1005.0,85.72
451.38,15.0,50.88,1014.04,100.12
452.85,21.97,58.95,1017.78,76.95
463.05,19.27,43.14,1013.17,39.85
432.3,30.21,69.4,1003.69,62.89
475.88,8.51,38.5,1013.33,64.28
471.6,8.51,39.96,1026.34,96.1
484.63,7.8,43.65,1018.92,60.77
463.49,15.6,41.7,1019.15,84.1
479.64,10.03,43.13,1014.85,70.09
437.39,22.38,71.85,1009.56,74.91
477.14,11.77,40.92,1021.85,81.55
437.43,29.84,74.87,1009.64,61.39
425.12,32.51,73.56,1007.06,59.6
462.87,14.47,41.76,1021.98,78.41
449.91,21.93,62.91,1013.45,74.62
429.31,31.85,69.04,1008.35,46.09
441.93,23.66,61.86,1013.33,83.09
445.85,18.83,63.91,1010.8,96.18
441.29,26.54,69.34,1009.5,87.18
461.96,17.51,41.85,1016.25,72.03
463.13,14.14,39.59,1010.84,96.02
432.7,30.68,71.25,999.98,68.99
444.99,23.24,51.95,1006.21,78.08
426.67,29.77,67.07,1005.82,48.38
464.7,14.04,40.56,1018.4,65.79
436.89,26.38,59.92,1009.99,71.91
485.57,5.28,42.07,1003.82,80.84
463.03,12.37,46.97,1013.95,90.76
471.63,13.86,35.71,1015.21,63.16
456.2,14.73,39.82,1012.67,80.82
433.07,30.12,69.68,1012.89,60.64
455.32,19.68,44.34,1019.49,49.5
475.01,8.27,35.77,1015.3,73.36
484.09,5.21,35.79,1011.5,95.08
436.7,31.13,67.45,1015.02,41.34
433.57,28.93,72.99,1007.23,64.41
459.19,17.05,44.88,1017.69,88.19
464.59,12.61,43.22,1013.41,78.94
478.08,4.93,35.19,1018.04,92.94
488.56,5.73,40.35,1012.24,91.84
439.37,24.57,72.24,1011.44,79.19
465.97,15.55,39.63,1004.98,89.82
434.15,23.43,71.97,1009.42,94.27
444.84,20.67,63.56,1013.27,79.39
486.06,5.95,35.57,1025.84,77.61
455.42,18.11,43.43,1008.65,73.3
471.6,11.02,39.96,1025.64,93.58
443.8,23.37,63.87,1016.67,60.44
436.16,23.22,69.04,1009.65,89.05
462.25,12.31,41.06,1021.19,74.38
465.61,15.34,41.23,996.87,86.56
444.44,28.69,67.25,1017.71,44.6
472.27,11.34,43.67,1011.54,87.95
475.32,6.02,41.38,1021.2,88.71
471.07,11.2,42.02,999.99,96.69
475.8,9.09,41.92,1029.36,91.0
439.09,29.47,65.51,1014.71,58.28
441.29,23.12,69.71,1008.98,84.41
475.32,10.29,41.46,1020.84,89.03
463.13,13.36,39.64,1010.3,93.26
461.63,18.38,55.28,1020.22,68.33
446.68,22.76,49.02,1007.5,88.56
440.53,28.19,62.6,1017.34,46.95
448.25,24.16,48.98,1015.19,42.55
426.82,29.75,73.5,1011.13,67.31
444.37,25.38,62.96,1019.98,56.88
442.45,21.98,59.39,1015.25,84.52
473.33,9.82,36.18,1019.18,65.8
440.53,27.5,65.34,1014.93,47.46
474.52,7.84,43.52,1022.23,96.51
446.45,23.49,47.45,1008.46,66.18
475.61,10.91,37.92,1008.66,66.53
468.82,12.95,41.23,993.74,96.35
488.43,7.92,41.66,1014.84,76.12
446.19,21.98,55.5,1017.89,57.9
475.85,9.39,41.79,1021.6,50.09
437.25,30.04,67.25,1017.57,38.14
463.44,14.56,39.39,1014.23,80.61
479.64,12.26,43.48,1016.41,72.95
451.05,18.87,60.07,1015.15,70.91
454.26,21.16,45.38,1014.65,73.06
437.76,27.65,67.07,1005.65,60.42
455.17,16.03,65.46,1013.96,87.56
466.67,14.45,44.84,1023.28,82.79
465.94,11.76,39.28,1016.9,91.06
464.39,13.83,43.22,1010.62,70.8
471.07,6.18,41.55,1001.58,98.79
472.11,14.82,40.0,1016.32,66.3
429.86,32.1,69.98,1013.31,55.84
454.4,15.11,45.01,1014.35,65.03
429.1,28.76,69.48,1008.62,55.86
481.88,5.54,45.87,1008.69,95.91
442.75,23.97,62.44,1013.64,88.5
446.76,19.77,54.42,1011.73,89.26
433.99,22.42,71.77,1005.5,90.62
436.75,25.57,66.54,1005.22,83.48
463.05,22.29,43.79,1015.68,41.75
462.78,19.55,39.39,1013.55,57.82
478.08,6.13,40.64,1020.69,94.57
439.55,25.21,46.21,1010.87,59.35
445.86,16.78,58.95,1017.74,96.24
459.14,17.55,45.87,1008.07,80.98
465.97,18.88,40.79,1004.98,92.65
446.68,20.32,49.16,1007.47,91.12
491.23,2.64,39.64,1011.02,85.24
433.08,22.88,69.45,1014.02,65.13
476.46,9.47,36.54,1007.93,77.65
439.09,31.98,64.05,1010.49,58.01
483.83,5.84,41.38,1020.34,82.41
449.81,25.23,60.84,1017.79,56.42
463.05,18.99,44.6,1014.7,40.11
431.19,28.16,73.21,1002.27,88.26
448.32,21.53,52.84,1005.06,88.22
434.15,23.13,72.24,1010.92,92.3
446.44,23.46,59.27,1010.6,79.79
452.41,28.62,59.14,1016.36,53.1
454.71,15.79,38.28,1014.4,74.84
450.71,23.19,45.61,1013.18,73.46
452.41,25.43,60.95,1014.62,51.39
432.22,31.52,76.2,1008.31,57.35
482.36,10.67,40.56,1022.39,77.92
481.88,6.25,39.64,1010.98,83.45
466.87,14.33,43.41,1015.43,55.4
427.67,27.62,68.27,1008.04,63.04
431.16,25.4,70.4,1006.8,94.78
478.21,9.83,41.17,1019.34,72.29
460.59,20.24,56.65,1020.72,62.9
437.42,28.42,73.5,1011.23,72.79
449.9,22.72,58.82,1012.54,77.72
439.37,24.59,72.24,1011.42,81.5
465.97,16.37,36.99,1006.37,90.11
485.57,8.52,41.55,1002.09,86.81
443.1,18.01,62.26,1011.89,89.29
433.97,27.02,72.58,1009.21,89.13
451.38,19.68,51.19,1008.64,94.88
464.59,10.38,43.02,1013.37,78.53
434.41,26.64,69.13,1010.6,79.23
480.6,8.09,43.02,1014.79,81.06
439.91,25.24,57.17,1010.44,74.0
447.13,21.8,65.94,1012.02,63.52
461.55,17.39,42.44,1013.72,73.79
465.97,16.84,39.63,1004.67,82.98
449.91,20.65,66.51,1014.94,71.83
465.97,15.56,41.1,1004.65,84.58
484.63,12.27,43.8,1023.21,57.0
489.6,5.6,38.91,1019.31,85.33
468.14,15.54,41.96,1011.78,97.46
454.66,22.83,58.62,1017.82,69.76
448.25,25.1,43.77,1010.9,49.68
450.86,20.91,58.2,1018.1,62.8
466.0,14.03,44.88,1019.6,57.63
454.26,20.71,46.63,1013.1,74.49
466.67,16.15,44.21,1020.76,85.41
478.08,5.15,35.19,1018.63,93.94
433.25,25.89,74.22,1007.43,81.55
483.12,6.24,35.77,1019.24,70.7
436.5,26.35,69.48,1008.45,70.47
478.87,10.94,39.04,1021.62,86.41
480.6,7.61,39.37,1015.84,83.73
435.28,28.56,69.51,1012.45,46.59
475.96,13.0,39.28,1016.7,81.94
486.06,8.82,34.69,1026.81,82.54
435.94,27.22,66.48,1004.59,52.66
461.6,15.08,42.77,1018.67,73.89
478.98,7.67,42.85,1012.02,93.35
473.23,11.83,44.6,1018.49,89.06
439.09,29.44,64.33,1011.4,61.78
437.43,30.36,74.87,1008.96,61.87
427.04,32.26,73.68,1014.75,60.9
440.7,28.86,73.4,1011.37,58.76
482.8,9.28,40.22,1009.23,88.43
479.28,10.52,41.78,1013.54,71.52
442.59,26.9,60.93,1007.1,67.32
446.45,24.86,44.05,1005.69,66.65
466.09,13.39,49.83,1007.14,90.88
430.32,27.98,71.98,1005.58,81.0
433.25,26.95,70.8,1009.73,82.95
471.07,3.2,41.31,997.67,98.84
457.29,13.45,42.44,1012.79,83.12
446.76,20.08,54.42,1011.79,89.35
431.77,30.07,70.98,1007.74,75.68
476.01,7.5,40.02,1031.39,82.53
430.96,33.59,79.05,1007.79,63.55
432.6,30.39,70.98,1007.55,72.76
453.26,21.64,44.05,1007.73,74.79
476.46,13.08,39.28,1012.41,77.98
475.24,13.39,44.58,1016.5,79.26
444.85,22.94,58.05,1012.27,80.12
432.3,28.07,64.09,1005.41,64.09
444.19,20.27,63.09,1016.6,90.7
471.23,11.83,43.14,1010.06,88.14
447.91,21.25,67.71,1006.9,55.76
451.49,24.35,60.27,1017.6,75.45
468.66,12.41,41.44,1015.46,76.9
435.28,28.61,68.12,1012.23,46.45
442.66,25.6,66.48,1006.16,69.34
476.03,13.11,42.99,1007.6,97.0
449.91,21.39,63.9,1013.44,70.95
475.61,12.41,37.92,1008.09,65.23
432.3,29.06,64.96,1000.88,62.07
457.03,18.38,62.1,1020.12,77.27
466.63,16.6,41.93,1022.01,48.98
436.38,31.18,74.34,1003.81,63.59
447.93,27.88,62.66,1009.51,56.44
447.91,26.18,68.08,1012.92,55.7
476.96,15.07,39.82,1012.78,84.46
446.68,21.47,50.12,1009.19,93.68
473.23,10.35,44.2,1018.46,88.6
448.25,20.3,44.9,1008.25,64.08
437.76,26.94,66.48,1005.46,60.62
441.21,25.72,47.45,1007.74,58.35
446.19,24.19,58.95,1017.78,58.78
453.54,20.71,49.69,1010.26,69.97
468.02,7.81,39.64,1011.42,86.68
439.5,27.11,48.6,1002.78,53.39
455.09,21.26,51.43,1009.96,80.66
431.37,29.12,73.06,1009.98,80.21
459.14,17.3,43.72,1009.64,77.86
463.49,15.02,42.07,1017.89,83.68
457.29,12.79,41.62,1010.52,81.83
446.68,19.89,51.43,1007.38,91.79
460.16,18.39,38.52,1019.66,66.93
441.17,22.8,69.23,1011.8,76.95
446.76,21.98,58.79,1010.72,86.85
455.18,20.01,68.63,1012.34,69.49
434.7,27.2,77.95,1009.48,78.53
468.43,14.07,42.99,1007.57,96.05
453.54,20.29,49.69,1008.94,69.91
432.22,28.22,76.2,1006.11,62.17
442.39,29.98,47.93,1002.46,42.73
466.63,18.55,43.69,1016.84,47.95
448.25,23.74,49.21,1012.78,42.5
457.07,19.13,42.18,1001.45,98.77
435.28,28.85,68.12,1012.05,46.31
451.41,22.76,58.96,1013.85,55.95
425.12,33.2,70.8,1008.75,59.41
426.14,30.85,70.94,1007.47,54.79
478.55,8.07,43.69,1017.05,87.34
436.51,24.78,66.49,1010.55,68.12
478.37,12.45,43.67,1013.61,91.34
429.31,32.8,68.67,1005.27,44.53
435.4,29.7,57.19,1008.41,55.07
488.56,5.4,39.4,1011.45,91.84
459.14,15.85,42.28,1007.4,82.12
473.57,9.16,41.03,1021.3,76.08
451.49,21.53,59.8,1016.46,74.72
461.16,18.16,39.99,1008.13,68.5
468.43,12.31,44.03,1007.78,94.42
444.37,23.77,64.15,1021.02,55.87
436.51,24.94,67.69,1008.86,68.97
433.75,22.53,70.98,1005.48,93.95
461.63,17.04,56.03,1020.38,68.69
465.88,10.48,40.0,1021.35,88.52
483.04,7.08,39.99,1010.55,91.44
427.04,29.95,73.42,1011.44,66.32
464.61,13.56,42.34,1017.95,93.83
482.78,8.16,39.72,1020.54,82.11
459.39,18.95,46.21,1013.47,81.22
441.5,33.45,73.88,1006.23,44.14
430.19,28.03,60.23,1010.23,66.04
441.91,25.19,63.94,1012.78,75.15
441.41,29.9,64.79,1016.9,48.24
447.03,24.13,45.61,1012.63,71.36
446.44,25.6,56.9,1006.35,81.58
446.68,19.83,51.43,1007.36,91.64
472.43,11.75,40.55,1018.09,97.7
489.79,6.28,41.06,1020.96,90.91
434.67,26.12,70.47,1009.93,72.13
482.78,7.92,36.08,1021.01,81.84
477.14,13.63,40.92,1021.89,80.5
445.91,23.84,68.94,1007.45,71.35
494.43,5.25,40.07,1019.48,67.7
460.06,13.91,44.58,1021.36,78.98
473.23,10.63,44.2,1018.63,90.26
447.13,22.48,67.45,1014.77,63.9
435.28,27.36,66.54,1011.31,45.3
437.94,27.99,66.91,1008.47,59.63
425.12,30.93,71.85,1008.63,58.47
454.4,20.37,44.58,1016.77,66.22
494.43,7.01,37.8,1021.47,62.84
445.86,16.98,63.09,1020.44,95.18
426.25,30.03,70.02,1010.07,64.2
478.08,6.34,40.64,1020.62,94.39
468.75,14.59,35.71,1015.19,54.13
475.85,10.72,41.17,1019.68,60.71
440.1,26.89,56.85,1012.27,43.84
465.94,11.84,39.28,1016.97,90.52
433.57,29.59,71.77,1006.33,62.35
478.02,12.02,39.69,1006.05,84.66
463.05,18.89,43.56,1012.79,38.63
451.38,18.18,50.16,1010.22,99.73
439.5,27.82,52.84,1006.23,52.18
460.57,20.77,51.3,1013.89,88.72
427.65,28.21,73.06,1008.26,86.29
458.22,15.86,43.67,1011.11,82.24
437.11,25.65,69.23,1012.55,62.02
426.14,31.18,70.36,1006.38,56.74
466.75,10.05,40.23,1019.71,90.41
433.24,30.33,70.36,1006.72,70.31
433.34,26.19,73.77,1001.31,91.87
434.64,28.09,70.02,1010.84,51.29
450.71,19.02,47.45,1007.44,76.76
459.14,15.49,40.89,1007.16,82.16
442.75,23.26,64.05,1012.96,88.31
460.4,15.99,43.34,1014.2,78.66
437.67,23.95,60.37,1004.96,79.48
426.25,30.91,70.32,1011.92,65.59
471.23,8.35,42.85,1010.46,90.13
491.23,7.0,38.5,1014.09,81.32
446.68,20.53,49.16,1007.11,90.02
449.23,25.04,65.48,1017.66,57.08
438.43,24.51,51.95,1005.57,63.53
441.17,21.23,68.08,1012.82,74.57
478.87,7.01,40.72,1024.0,86.37
475.61,16.78,41.35,1000.23,70.52
478.88,9.08,40.02,1031.2,75.34
433.57,30.78,69.14,1007.27,62.77
441.93,23.02,63.47,1012.21,80.61
435.81,25.56,74.67,1016.62,76.1
464.7,17.53,42.24,1016.9,60.95
447.0,21.12,62.96,1020.83,69.96
467.44,13.01,41.49,1019.82,92.86
471.08,7.47,40.07,1015.45,50.3
475.01,13.17,36.71,1012.82,72.76
471.08,15.25,43.02,1012.04,41.43
436.5,28.89,70.72,1009.36,70.33
444.8,27.19,62.91,1011.57,53.66
433.97,21.46,74.87,1009.23,86.58
432.76,32.16,76.2,1008.04,51.74
441.17,25.42,68.08,1011.2,76.58
444.64,22.83,59.43,1005.51,83.93
459.14,15.63,41.79,1006.7,78.28
432.34,30.83,77.3,1001.7,57.85
466.67,15.78,43.99,1022.19,83.7
440.8,25.46,56.89,1012.59,62.9
439.87,20.57,44.78,1008.89,38.78
472.43,10.02,42.44,1014.57,99.16
465.79,11.61,52.75,1020.94,77.56
454.78,23.14,51.19,1009.56,77.2
477.14,15.04,38.01,1022.46,78.29
465.26,10.27,52.75,1026.19,76.78
435.81,21.19,74.93,1015.75,80.84
477.14,12.69,40.71,1021.62,80.19
431.83,28.37,71.64,1007.39,71.06
455.05,19.12,58.79,1017.34,92.45
447.0,23.49,64.63,1020.75,65.16
447.73,19.0,58.95,1018.05,83.38
478.21,11.58,41.74,1020.41,74.09
461.6,15.2,39.0,1016.1,72.76
468.14,15.71,40.12,1012.81,97.46
444.37,23.27,65.48,1019.05,61.36
450.57,19.78,62.1,1019.72,78.36
466.15,14.1,39.16,1008.19,74.05
445.22,19.62,58.79,1017.59,87.39
463.13,13.9,39.59,1011.84,94.74
437.43,31.37,74.87,1009.22,56.58
430.32,26.86,71.32,1007.38,81.14
457.55,18.35,57.76,1019.64,77.94
450.46,30.29,59.22,1013.05,60.46
443.33,25.91,58.98,1010.02,75.31
459.14,15.98,42.99,1008.24,83.78
473.56,15.72,41.76,1023.07,66.95
434.16,22.81,71.85,1009.61,75.17
471.08,13.73,41.78,1011.75,49.65
484.09,5.33,39.33,1009.61,94.97
465.26,14.71,52.72,1024.7,70.29
448.25,24.26,42.8,1013.72,61.62
428.61,27.78,72.43,1006.72,74.53
469.13,16.5,53.29,1017.7,95.66
471.8,8.51,39.66,1015.16,86.61
446.76,18.6,58.71,1009.8,86.42
468.02,6.52,39.85,1012.55,86.36
461.6,14.76,40.71,1017.37,71.07
434.64,28.8,70.02,1010.76,49.61
476.31,11.53,41.39,1018.39,85.52
473.23,12.15,45.01,1018.89,90.02
471.23,9.61,44.03,1008.3,91.36
476.7,13.67,38.53,1009.3,81.85
445.28,25.88,71.73,1010.01,72.8
449.23,26.82,66.51,1016.32,55.76
428.25,28.11,69.84,1004.68,67.08
444.44,28.9,60.07,1015.96,45.06
434.16,26.97,71.58,1010.13,75.16
431.37,26.84,71.94,1006.6,79.12
436.51,25.28,67.69,1009.05,68.54
475.42,9.02,38.08,1019.02,69.98
474.29,12.89,36.71,1013.36,87.29
459.1,17.35,39.72,1003.0,64.62
434.41,26.86,71.14,1007.11,76.61
463.44,15.43,39.16,1016.44,79.8
426.25,29.72,68.24,1009.92,66.42
426.25,31.4,70.32,1011.62,65.01
452.85,21.6,59.8,1016.9,76.59
489.79,7.06,41.74,1021.95,90.38
450.57,18.9,62.96,1020.69,80.57
444.8,27.77,63.9,1013.62,51.43
468.43,13.2,40.83,1007.75,94.98
442.33,22.59,60.32,1016.84,78.58
444.8,28.5,64.84,1011.47,54.41
434.02,27.98,67.9,1006.3,73.53
440.87,27.64,75.6,1017.35,54.78
482.36,9.6,37.73,1021.87,77.75
479.64,10.61,43.79,1016.03,76.33
431.83,31.41,76.09,1007.68,70.49
443.24,28.53,66.51,1015.9,40.68
484.99,7.24,41.17,1020.35,80.56
480.38,7.32,41.26,1010.11,95.18
437.76,26.93,67.07,1005.65,60.26
466.75,9.76,40.71,1020.88,91.82
446.46,22.85,59.15,1014.74,63.92
465.97,13.24,40.83,1007.9,87.53
436.92,29.14,61.5,1009.64,39.95
449.77,22.18,62.91,1012.14,68.86
466.87,15.07,43.48,1015.22,57.74
430.34,25.43,72.39,1002.65,88.13
467.34,14.64,39.58,1011.46,71.9
461.05,14.43,41.76,1024.02,83.57
484.2,8.44,41.17,1019.9,70.72
429.38,32.33,69.89,1014.18,50.93
452.41,23.62,61.87,1010.07,48.77
430.32,25.83,70.47,1006.24,81.83
449.8,17.74,49.69,1006.09,80.7
436.51,23.54,67.83,1009.44,65.48
447.91,26.07,69.23,1013.32,54.03
434.7,27.38,77.24,1008.25,82.49
449.99,23.54,41.1,1002.05,38.05
439.5,28.73,50.05,1005.79,52.4
471.08,14.93,43.02,1012.11,45.56
435.56,34.76,68.94,1006.75,41.31
442.75,23.64,63.31,1014.5,61.83
435.4,29.84,58.9,1005.24,56.18
474.29,10.33,40.6,1015.0,88.62
438.95,25.74,59.07,1007.37,79.89
436.38,31.92,75.33,1002.13,65.73
463.49,13.97,39.16,1016.05,84.6
442.75,25.44,61.25,1012.57,87.65
466.87,12.88,44.71,1018.73,51.95
471.23,7.74,42.49,1009.07,90.11
472.43,11.8,43.99,1020.86,98.44
472.11,11.87,40.67,1011.43,62.92
464.14,18.41,42.04,1011.69,64.88
478.37,12.65,44.34,1014.74,92.81
483.42,7.05,43.65,1018.41,72.36
472.45,12.6,41.5,1013.07,86.22
428.25,30.69,71.98,1004.53,65.86
434.68,27.76,72.58,1009.04,84.96
455.25,16.31,52.75,1024.4,55.69
440.43,25.21,63.21,1012.24,85.14
427.04,29.53,77.54,1010.39,66.13
430.72,26.71,76.86,1002.86,74.5
473.56,15.94,41.76,1023.32,67.17
489.79,7.33,41.16,1023.17,92.43
470.27,14.31,40.78,1024.3,76.41
474.29,12.57,41.79,1014.99,87.8
429.1,30.61,69.13,1009.32,55.17
464.7,14.94,40.0,1017.69,65.43
464.88,14.65,44.84,1023.39,87.76
433.08,25.76,74.87,1010.18,65.15
431.44,24.4,71.14,1009.7,59.26
430.96,34.18,78.05,1010.71,66.77
449.91,23.02,67.25,1017.17,72.0
480.38,8.22,40.77,1009.11,95.61
475.42,7.16,38.56,1019.17,70.1
433.21,28.32,77.95,1014.61,77.17
472.12,15.5,44.34,1019.21,65.21
436.89,26.79,62.44,1011.51,72.46
451.93,13.62,42.34,1017.87,89.67
465.94,8.86,40.23,1017.57,90.47
483.42,7.14,44.71,1019.98,71.9
444.44,27.29,64.45,1013.46,45.35
446.44,24.06,58.98,1010.66,81.16
459.45,18.36,56.65,1020.29,82.0
462.25,13.83,40.78,1024.85,73.08
451.49,21.43,60.95,1015.27,75.49
451.05,19.08,58.59,1013.42,68.88
441.5,31.46,71.29,1008.57,41.79
436.51,24.54,66.49,1011.1,69.14
466.75,10.41,41.01,1020.12,94.27
468.52,10.49,42.49,1009.81,78.92
472.12,15.03,44.45,1020.94,65.57
475.8,8.53,40.02,1031.27,85.57
459.14,14.64,39.31,1008.84,79.3
446.46,24.31,58.62,1017.29,64.44
430.96,33.95,80.18,1010.3,56.69
478.02,10.39,40.22,1006.59,87.77
460.59,19.69,56.65,1020.77,62.83
443.67,21.45,45.09,1013.83,52.26
434.68,26.04,72.43,1006.82,84.88
434.67,24.39,71.85,1009.73,72.24
456.18,19.69,39.72,1001.49,60.34
468.23,15.37,43.67,1011.9,91.48
443.33,22.3,57.19,1006.4,75.28
466.63,18.64,43.79,1016.01,51.17
479.78,7.3,39.72,1020.85,77.83
436.7,28.59,68.08,1013.2,42.96
465.77,14.48,44.06,1018.73,75.88
475.46,10.16,41.55,1005.69,58.04
432.7,30.75,71.25,1000.07,65.47
459.14,12.54,44.03,1007.05,84.03
433.21,27.28,78.92,1011.05,75.48
447.13,23.54,65.27,1013.78,64.28
442.75,26.68,62.91,1012.33,60.78
466.75,9.88,40.0,1021.4,92.06
482.8,9.27,40.22,1008.1,89.24
440.53,26.38,65.12,1016.1,47.57
437.67,26.64,58.69,1007.99,75.68
454.66,23.63,58.62,1016.45,69.97
447.7,24.39,51.86,1014.92,59.98
449.77,23.09,63.76,1009.82,72.36
428.63,32.38,67.17,1006.97,60.04
438.65,27.44,58.9,1003.86,66.74
473.23,9.37,44.77,1020.61,87.31
432.76,30.96,71.77,1006.26,52.76
454.18,12.06,48.04,1010.01,100.13
445.18,20.1,58.95,1018.46,80.87
478.88,9.64,36.66,1027.1,70.11
434.02,28.02,71.77,1006.5,72.41
439.37,25.24,71.14,1008.73,79.39
454.66,24.96,60.27,1018.68,69.97
439.63,27.5,49.3,1004.02,59.23
439.87,20.83,44.78,1008.51,35.9
432.7,28.44,69.84,1003.25,68.24
444.64,21.89,58.05,1011.31,85.71
454.26,16.87,52.05,1012.7,71.63
448.32,23.48,51.43,1007.13,84.83
464.02,15.23,37.87,1020.17,85.02
436.17,23.57,66.75,1018.06,80.19
444.19,22.17,60.27,1018.21,89.55
433.07,30.97,69.13,1009.78,58.92
448.25,23.84,49.21,1013.6,47.63
442.16,23.55,61.87,1009.65,54.83
464.7,17.32,42.24,1017.35,62.96
454.71,21.61,41.54,1014.5,75.62
475.8,12.85,41.14,1027.04,86.29
443.01,22.39,58.18,1008.52,87.48
444.84,22.22,66.05,1016.15,80.58
434.16,24.67,70.94,1007.99,75.64
488.43,6.76,39.22,1013.91,77.0
472.12,13.35,39.18,1023.24,61.98
475.24,11.43,44.78,1013.43,82.45
459.19,13.18,37.91,1018.09,88.84
434.64,29.53,71.14,1011.39,53.41
452.41,25.07,56.85,1011.25,51.99
440.53,28.36,66.75,1017.71,52.6
440.79,32.67,77.95,1014.62,50.73
433.97,22.3,74.87,1009.69,86.18
451.38,16.85,49.78,1005.61,100.1
478.55,7.0,39.81,1017.47,87.65
472.45,12.74,41.5,1012.94,86.28
433.07,32.88,72.29,1008.5,62.74
469.13,17.46,53.29,1018.07,91.01
442.16,29.05,64.84,1011.1,51.39
475.88,11.32,36.18,1015.03,64.68
436.7,19.65,57.85,1011.73,93.89
444.44,22.69,64.45,1012.82,45.03
435.9,28.31,74.34,998.42,79.23
434.67,27.97,66.17,1010.81,63.73
436.16,21.45,69.94,1010.5,82.17
449.91,21.45,66.05,1014.81,73.73
454.4,20.51,45.38,1014.29,69.14
472.12,14.57,44.45,1021.42,66.23
454.4,22.21,48.14,1015.08,66.8
459.19,15.06,41.85,1016.78,88.23
444.85,24.84,59.22,1013.18,83.08
442.46,24.44,47.93,1003.13,67.04
447.93,27.05,59.15,1012.83,56.31
430.96,33.92,77.95,1010.15,58.89
456.2,15.42,39.82,1012.89,83.54
428.61,26.87,74.99,1002.48,71.91
485.36,8.69,41.04,1026.87,80.28
466.09,14.19,49.83,1006.52,90.72
454.26,18.23,45.01,1012.24,73.86
441.11,25.47,56.89,1013.02,63.21
476.7,12.62,40.83,1010.06,81.52
465.94,13.61,42.34,1017.57,91.35
436.51,23.91,67.69,1008.28,66.71
472.88,14.73,39.52,1017.01,74.21
446.68,21.62,50.05,1007.2,92.9
465.97,15.29,38.73,1000.9,81.17
433.99,23.66,72.43,1008.0,89.49
450.01,25.14,60.29,1017.91,53.3
443.67,22.56,48.92,1010.7,51.63
476.18,13.56,39.58,1011.05,73.62
435.28,28.74,71.14,1011.53,48.6
475.88,6.93,38.68,1017.61,61.28
473.56,13.52,39.3,1018.99,69.22
426.25,28.69,67.79,1011.01,66.4
476.1,7.9,43.79,1016.14,83.05
456.5,19.5,65.12,1015.53,73.87
448.25,22.27,48.98,1014.47,49.33
436.89,27.83,59.57,1011.22,71.05
445.26,25.34,64.27,1013.38,66.02
442.66,23.57,67.9,1006.08,70.12
433.25,29.73,73.06,1010.27,84.84
433.25,27.63,64.96,1006.3,75.38
455.42,17.28,39.99,1007.09,74.25
464.14,20.58,39.53,1005.68,62.09
444.99,24.6,49.3,1003.72,72.26
430.72,29.98,76.09,1007.62,75.6
472.12,12.19,41.17,1019.43,65.47
433.24,30.71,68.27,1007.76,68.04
444.26,24.92,63.94,1017.7,44.92
442.59,25.94,60.75,1007.22,64.76
433.75,23.92,71.98,1006.22,92.96
471.6,11.04,39.96,1025.75,94.44
436.51,22.1,65.94,1009.79,67.57
456.18,19.45,41.1,1001.88,52.16
441.93,24.56,63.21,1013.79,82.38
432.34,31.86,73.88,1005.6,57.68
450.71,22.49,45.61,1013.1,75.69
445.17,19.13,50.78,1008.51,87.54
455.18,20.55,68.63,1012.5,67.07
461.55,15.92,41.2,1016.04,73.37
466.63,18.4,43.69,1016.59,52.44
463.03,12.73,44.34,1015.11,93.55
478.87,7.68,39.96,1023.73,87.48
466.38,14.02,44.85,1016.54,75.73
444.8,30.94,64.44,1014.36,53.76
475.8,9.42,41.4,1030.38,87.8
478.21,11.12,41.54,1020.13,75.07
471.07,3.92,41.31,999.22,95.26
444.84,20.38,66.54,1013.95,77.8
433.63,25.6,73.67,1005.78,84.82
448.21,23.22,59.15,1014.58,75.18
437.67,25.14,60.37,1006.63,77.17
476.7,7.92,42.28,1008.55,81.68
441.29,24.77,69.71,1009.86,85.56
429.1,30.36,69.82,1010.02,54.22
447.13,21.81,65.06,1014.6,66.41
434.64,27.12,70.32,1009.94,52.67
482.36,8.97,39.66,1021.63,78.94
444.64,23.31,60.37,1005.17,82.75
436.16,20.8,69.45,1013.7,82.48
466.75,9.31,41.39,1018.3,93.68
437.67,27.5,59.54,1004.88,72.7
470.27,10.47,41.06,1022.24,81.16
469.13,13.86,50.59,1019.2,97.22
448.32,23.42,50.05,1006.79,86.45
455.42,15.56,41.1,1003.55,76.92
464.88,16.96,46.36,1019.91,89.11
447.73,18.68,62.1,1019.78,83.67
462.6,18.33,49.64,1025.36,62.57
475.96,13.78,40.1,1014.49,81.86
462.25,12.19,41.06,1021.35,74.98
460.16,15.56,41.04,1025.8,64.81
433.07,32.87,70.8,1009.54,59.85
440.1,25.76,57.32,1011.93,43.61
474.29,11.27,40.69,1014.35,86.63
430.29,26.69,70.36,1006.82,68.29
483.12,6.45,35.77,1018.86,67.84
437.27,23.86,74.93,1016.88,71.44
448.25,27.16,47.43,1009.17,45.79
441.5,33.97,72.29,1008.98,44.32
465.94,10.37,40.03,1017.47,90.47
434.67,25.15,71.14,1011.68,70.33
475.42,10.52,41.48,1018.0,68.99
437.76,28.88,66.56,1006.26,59.15
444.84,19.89,68.08,1012.65,80.25
463.05,19.31,43.56,1013.65,41.54
478.08,7.14,41.22,1016.6,97.09
435.28,28.18,71.14,1011.56,48.03
452.41,26.08,57.32,1012.2,47.06
441.22,29.01,64.79,1017.62,44.31
450.07,21.84,58.86,1014.13,69.67
460.06,16.82,49.15,1020.68,72.07
429.1,29.03,67.79,1010.86,54.03
470.19,14.78,41.17,1016.42,67.42
460.51,15.55,43.71,1024.34,79.61
426.25,30.22,70.32,1011.63,65.97
437.11,25.97,68.12,1013.11,61.97
454.01,19.21,53.16,1013.18,81.64
446.68,18.94,48.7,1007.82,92.88
453.26,22.2,44.05,1007.34,75.13
434.18,26.9,77.95,1017.47,75.58
456.2,16.58,46.18,1010.4,96.29
473.33,10.72,35.76,1019.71,62.26
471.63,13.64,34.03,1018.32,62.2
434.68,24.34,70.79,1006.82,85.66
437.65,30.9,73.68,1014.95,40.9
485.06,7.76,39.61,1021.63,80.67
483.12,9.08,36.18,1020.24,68.37
473.57,9.45,39.04,1023.08,75.81
438.43,28.71,51.43,1006.4,64.79
442.46,25.3,49.3,1003.67,69.08
444.99,24.47,48.6,1002.49,75.04
456.86,15.59,52.05,1013.67,78.55
434.18,29.72,77.95,1014.9,72.73
433.5,32.81,71.32,1007.69,47.29
433.57,29.2,70.79,1004.8,63.74
434.68,25.34,70.47,1006.46,83.94
478.02,10.37,37.83,1006.5,90.99
461.63,13.12,52.75,1023.69,67.5
464.88,14.8,44.21,1021.59,89.24
482.36,11.51,41.06,1021.3,78.11
462.25,14.4,41.26,1021.41,73.11
451.49,22.36,58.79,1016.69,73.6
450.71,20.61,44.63,1008.54,77.54
462.78,13.86,41.78,1010.75,57.9
476.96,12.27,39.82,1012.18,85.58
470.96,13.13,50.59,1020.26,87.44
437.67,25.1,60.37,1005.83,72.53
480.53,8.47,42.02,1005.37,92.73
449.9,21.18,60.1,1011.02,78.19
472.11,11.02,43.02,1012.32,66.54
436.92,28.69,58.33,1013.67,34.1
459.1,18.85,41.1,1001.95,61.75
442.87,29.83,62.66,1007.98,47.07
430.32,27.63,71.98,1005.45,82.88
454.4,17.7,49.21,1015.16,67.91
457.68,22.69,48.14,1013.7,62.05
468.02,10.56,39.13,1010.19,87.12
454.4,14.86,44.85,1016.19,67.43
439.4,27.24,44.89,1009.61,51.89
442.16,22.74,61.87,1009.66,55.03
442.59,25.31,61.5,1009.31,63.31
437.25,29.13,68.3,1014.96,37.08
476.7,8.42,43.14,1011.62,80.32
434.64,30.76,73.17,1009.89,50.43
443.78,28.46,49.16,1004.61,38.1
462.78,18.15,41.67,1012.75,52.69
431.83,28.71,71.64,1005.21,71.11
474.52,9.65,44.68,1022.9,98.08
494.43,7.28,38.56,1018.96,67.98
472.27,16.26,44.89,1010.48,86.57
450.01,25.86,60.32,1015.91,53.37
476.7,11.6,39.96,1011.65,80.79
445.85,21.43,63.47,1011.95,94.47
426.82,28.0,74.22,1008.68,66.0
426.82,28.83,72.43,1006.69,67.04
468.66,12.42,43.14,1015.88,79.48
429.31,33.37,71.37,1003.75,45.26
475.32,7.41,40.81,1026.15,88.96
464.36,14.54,42.77,1019.61,81.82
436.89,26.63,61.47,1008.18,69.0
428.61,29.87,69.13,1001.08,72.75
459.14,14.97,42.28,1007.31,79.25
429.31,34.62,69.05,1000.68,38.35
437.43,32.11,78.05,1010.36,58.78
486.06,4.69,39.42,1024.58,79.35
456.4,17.1,48.98,1016.48,85.63
472.27,13.77,42.86,1012.86,88.83
451.49,21.75,59.8,1016.65,72.94
444.51,24.98,58.05,1011.69,69.97
433.75,26.48,73.06,1008.07,90.73
470.19,13.78,40.0,1018.38,68.67
483.83,5.54,41.38,1020.47,82.91
441.17,22.07,69.94,1011.18,80.86
441.21,30.45,43.21,1011.35,63.59
436.7,21.79,61.45,1011.11,91.78
461.63,15.81,54.3,1017.8,68.45
479.78,6.86,38.08,1019.62,77.37
476.03,10.23,43.72,1011.18,97.93
449.91,22.09,65.59,1015.54,72.44
440.87,28.37,75.6,1017.48,55.19
474.52,10.07,40.92,1021.43,97.15
438.95,26.02,59.57,1011.16,76.93
452.41,25.96,60.95,1014.52,50.03
472.32,11.3,25.36,1008.66,96.18
473.56,15.12,41.04,1025.95,69.67
476.96,15.08,37.85,1009.85,85.9
429.31,32.95,67.9,1005.88,45.15
442.46,23.8,48.6,1002.43,67.32
489.79,6.86,41.38,1021.35,90.78
453.2,17.3,58.59,1015.52,87.17
435.81,26.85,75.6,1017.43,74.55
447.93,26.82,60.96,1012.25,57.41
479.78,7.87,41.17,1020.33,77.77
459.19,15.58,40.66,1016.34,87.42
446.46,24.39,60.84,1018.5,61.73
475.85,11.93,41.38,1021.76,57.63
482.78,6.67,36.08,1022.31,83.51
431.44,29.45,68.84,1011.64,59.7
444.19,22.26,60.77,1018.26,85.94
455.31,25.64,47.01,1014.81,62.29
450.07,22.46,58.33,1013.21,68.68
448.32,24.12,51.43,1006.55,83.77
435.28,31.85,68.3,1014.76,47.06
452.41,25.63,58.86,1014.86,52.75
455.42,17.09,42.42,1009.03,72.01
441.17,26.22,69.89,1015.46,76.63
475.01,8.26,39.42,1025.89,70.53
433.97,23.2,73.17,1012.0,89.92
451.49,20.92,63.86,1020.49,72.98
479.78,6.67,39.37,1019.99,75.61
433.57,29.6,71.94,1007.07,62.65
445.91,23.27,67.9,1006.17,71.01
444.8,28.43,63.31,1013.44,49.99
468.66,13.84,42.18,1015.74,79.76
476.7,11.42,40.35,1011.55,82.71
447.91,23.66,69.51,1012.9,52.59
434.68,26.09,70.4,1007.41,85.37
463.03,18.5,47.03,1013.97,93.6
455.42,16.28,42.99,1007.5,77.27
474.52,8.61,41.04,1024.81,95.6
436.89,26.11,62.44,1010.68,72.59
478.08,5.0,40.64,1021.05,94.84
441.93,22.95,63.94,1013.91,81.52
466.15,15.92,39.16,1006.59,71.32
443.8,23.07,65.27,1013.24,58.38
437.67,26.42,59.54,1007.02,76.28
476.96,11.64,38.25,1013.33,85.79
451.38,17.11,49.78,1007.25,100.09
476.01,7.17,41.92,1031.97,83.86
435.94,27.52,66.48,1004.99,52.54
478.55,8.25,43.14,1011.3,87.1
446.19,24.49,59.87,1018.4,59.95
434.68,28.19,71.97,1008.85,84.67
455.42,17.76,40.55,1002.82,73.77
446.1,20.9,67.71,1007.16,59.02
445.22,22.31,61.45,1009.25,98.56
484.99,8.88,41.54,1019.05,80.77
460.54,20.01,52.9,1018.05,58.88
442.92,23.36,59.15,1013.71,86.64
436.89,25.54,61.08,1013.14,71.15
451.41,24.5,58.66,1011.54,57.92
472.27,12.68,43.7,1016.07,86.89
461.05,11.52,39.18,1023.43,83.29
445.26,28.08,64.44,1013.02,64.34
440.79,28.66,74.93,1014.04,51.26
429.1,30.02,69.04,1009.68,56.01
488.43,9.53,40.62,1015.57,75.49
444.84,18.58,63.78,1016.24,78.74
485.36,8.91,40.11,1022.87,78.39
440.89,26.44,59.15,1013.35,60.71
433.97,23.86,73.5,1011.34,87.32
441.5,30.02,73.5,1010.52,44.91
454.18,12.17,49.83,1008.05,96.44
436.89,25.58,61.08,1013.37,71.27
475.61,12.73,40.27,1005.68,68.77
479.64,10.74,44.85,1014.25,71.61
463.03,15.25,46.36,1019.69,95.83
433.21,27.35,77.95,1012.14,74.14
429.86,30.28,67.22,1014.39,53.32
454.68,24.88,51.43,1011.28,67.38
437.35,33.74,69.98,1012.51,43.3
435.28,32.57,65.74,1011.03,46.27
435.94,27.54,68.27,1008.12,56.42
471.08,16.09,44.71,1017.86,42.74
448.25,23.86,52.84,1006.56,48.94
431.37,27.78,70.8,1009.81,79.57
444.44,24.11,68.63,1014.34,45.28
486.06,6.39,35.57,1025.53,77.23
468.66,14.16,39.28,1015.63,77.29
472.11,13.43,43.56,1013.02,66.36
448.25,20.11,42.04,1010.79,60.31
475.01,7.32,39.42,1026.15,76.51
466.67,13.71,45.08,1023.35,82.93
442.86,21.49,68.28,1004.68,80.64
467.34,15.25,39.58,1012.1,73.05
454.66,19.81,56.65,1020.62,67.99
434.16,25.71,71.73,1009.72,75.29
478.88,9.0,36.3,1027.11,75.89
435.4,28.85,57.19,1008.2,58.4
459.19,14.66,40.73,1017.45,88.57
444.04,21.94,57.5,1014.64,78.52
438.28,26.48,66.54,1011.61,51.9
442.46,24.08,49.3,1003.23,70.42
445.26,25.95,63.47,1011.77,66.22
451.49,19.76,62.1,1020.07,73.55
494.43,5.07,40.07,1019.32,66.17
489.6,5.62,41.38,1020.91,86.21
483.12,6.8,37.8,1021.09,70.02
439.91,24.77,57.17,1010.66,73.0
465.97,18.59,44.63,1003.99,86.22
475.24,11.17,44.77,1018.2,79.6
455.31,25.87,47.01,1014.67,61.87
459.19,15.46,37.64,1014.57,87.53
446.76,22.63,58.41,1013.69,90.32
437.43,29.59,74.78,1009.45,55.75
451.49,22.25,60.84,1018.07,73.67
432.34,31.53,74.99,1003.93,58.29
457.68,17.95,49.21,1012.05,59.44
437.94,29.45,64.96,1005.52,59.92
441.41,31.31,64.44,1014.24,51.08
475.42,8.41,40.67,1019.97,69.2
450.86,22.85,60.08,1018.05,67.12
466.15,16.02,39.54,1007.73,72.81
466.38,15.12,43.79,1016.37,75.62
454.4,14.47,48.79,1017.05,69.87
479.64,12.1,41.17,1013.72,75.61
466.67,15.38,43.99,1022.42,83.41
449.91,22.16,65.48,1017.22,70.51
430.34,26.31,72.39,1001.16,88.43
455.42,15.14,39.72,1002.96,72.52
436.89,26.49,61.86,1012.55,74.24
441.11,23.06,56.85,1012.5,64.03
456.4,16.21,50.9,1012.46,84.45
476.01,8.76,41.82,1033.29,76.5
472.43,11.92,40.55,1016.91,100.07
434.64,28.64,73.4,1011.48,52.84
448.79,17.95,59.15,1012.73,84.27
437.65,33.82,73.03,1013.49,42.17
474.52,5.82,40.78,1024.82,96.01
454.78,20.41,48.06,1012.62,76.21
425.12,31.23,72.58,1006.61,60.8
475.85,6.58,40.07,1014.22,55.44
472.45,13.1,41.48,1009.0,87.41
465.97,20.13,40.33,1005.31,85.42
427.04,29.12,74.87,1009.85,62.51
434.15,19.57,68.61,1011.13,96.4
433.97,25.38,72.24,1010.76,89.64
462.25,12.56,41.4,1019.23,74.26
438.65,28.25,57.19,1007.99,67.9
434.7,27.24,77.17,1009.37,81.51
463.6,16.41,44.92,1024.27,84.16
442.75,26.1,63.56,1013.12,61.0
459.1,17.37,41.23,998.79,68.44
429.38,31.81,66.44,1011.21,53.55
466.67,13.83,45.08,1024.2,80.52
437.42,28.43,73.18,1012.52,71.05
469.29,12.07,38.25,1012.67,81.66
468.4,14.73,58.2,1019.45,82.48
453.2,16.65,56.89,1013.52,87.44
450.86,22.56,60.29,1018.19,67.53
444.38,23.76,61.5,1009.15,68.52
471.63,14.72,38.91,1015.17,61.75
448.21,22.63,58.49,1010.94,72.7
444.38,21.82,58.66,1011.71,64.37
450.71,20.88,47.45,1007.5,76.21
460.4,18.4,43.96,1012.4,77.81
449.91,23.29,65.61,1014.81,70.27
435.81,26.65,74.67,1015.73,77.32
434.68,24.62,72.43,1007.97,84.36
429.91,27.94,69.84,1003.11,70.47
427.67,27.96,68.51,1007.26,63.21
439.37,25.52,71.73,1009.91,79.55
484.2,9.28,41.38,1021.96,72.22
446.68,20.5,51.19,1009.0,91.79
461.96,24.38,47.01,1015.17,68.96
438.95,25.69,59.54,1004.05,81.69
466.67,13.86,44.21,1022.6,83.56
441.41,31.44,64.44,1014.04,49.15
435.28,26.88,69.51,1012.76,45.03
427.67,27.83,69.04,1009.69,63.79
450.46,29.66,59.22,1013.25,61.2
478.21,11.49,41.54,1020.17,70.91
485.57,5.62,41.31,1001.37,89.16
432.76,31.0,71.77,1006.29,48.56
433.25,28.18,71.85,1008.78,82.88
475.88,5.76,40.07,1013.22,62.99
465.97,14.73,36.99,1007.32,90.84
439.91,24.91,57.17,1010.88,72.97
434.78,25.12,77.95,1009.26,82.95
448.79,21.42,56.89,1014.39,84.05
454.68,26.06,54.5,1015.52,67.12
445.22,21.14,58.98,1009.05,94.36
484.2,6.91,39.37,1019.58,71.02
460.59,13.97,53.82,1016.81,62.32
468.66,14.64,42.77,1017.59,79.6
427.53,31.58,66.54,1003.26,54.0
474.09,10.27,41.44,1017.04,77.09
484.63,7.94,43.65,1018.75,59.45
478.88,9.32,36.3,1027.67,73.25
465.94,11.87,41.58,1017.29,90.3
448.25,22.58,43.79,1015.66,44.18
444.19,19.2,59.21,1017.84,89.56
426.25,30.18,68.24,1009.31,64.06
427.65,26.27,71.98,1005.72,86.15
471.08,19.39,43.14,1012.75,44.21
478.37,12.81,44.34,1015.55,90.37
427.04,30.93,69.98,1013.33,62.1
446.44,20.03,57.19,1007.31,81.69
431.44,27.34,71.29,1008.32,56.51
457.99,17.7,48.98,1015.79,83.18
444.84,20.61,65.61,1014.91,83.82
463.13,13.82,40.2,1013.19,90.11
431.77,31.77,76.09,1007.4,73.36
447.91,26.55,69.45,1013.88,55.39
447.73,20.42,62.96,1020.34,84.0
446.76,20.76,59.04,1012.51,85.39
437.06,26.08,76.86,1003.3,79.49
436.62,22.86,66.48,1003.77,71.22
426.67,30.33,70.32,1007.75,52.49
435.94,27.22,67.9,1005.73,57.29
439.37,25.22,69.88,1007.17,80.26
470.19,15.3,38.62,1017.19,70.63
444.99,24.01,50.16,1004.22,75.32
478.55,8.01,40.62,1015.62,86.43
463.05,19.31,44.71,1016.13,30.59
436.16,22.07,70.72,1010.52,82.96
426.67,27.31,68.14,1005.73,50.74
446.68,19.89,50.78,1008.85,92.97
470.96,14.07,46.18,1017.77,87.83
473.56,12.07,40.81,1025.63,68.02
429.38,31.19,69.68,1012.6,52.06
436.89,26.7,62.26,1011.0,71.64
446.76,21.94,58.79,1010.3,88.21
475.96,12.19,40.23,1017.76,81.44
470.27,13.03,41.26,1022.17,79.79
437.42,28.55,74.33,1011.77,73.34
455.42,15.73,38.73,1002.48,76.91
455.42,16.22,41.35,1000.96,79.59
439.63,27.44,47.93,1002.71,59.44
442.75,25.51,64.27,1013.28,61.85
459.45,19.14,56.65,1020.84,82.97
472.12,16.5,44.2,1018.94,63.59
479.64,13.78,45.51,1015.56,69.92
456.5,13.29,71.14,1019.63,75.09
433.34,27.06,77.17,1008.71,90.6
466.67,13.67,44.92,1023.6,85.35
466.67,14.7,44.9,1021.87,83.9
479.28,11.48,37.5,1014.38,69.75
453.2,16.95,58.86,1015.96,87.8
448.98,22.3,50.78,1008.85,81.27
430.29,27.37,70.72,1009.77,67.87
461.96,18.61,44.06,1016.91,75.01
426.82,27.98,74.87,1010.02,66.44
479.78,9.39,39.66,1019.22,75.33
454.78,22.19,48.78,1017.84,76.01
450.01,25.48,60.29,1017.55,51.22
431.37,27.51,71.32,1007.59,80.02
474.29,11.37,39.16,1016.54,87.05
476.46,8.68,43.14,1011.94,79.06
450.46,25.3,59.43,1009.15,58.3
475.24,12.82,48.14,1017.47,81.45
453.54,20.31,49.69,1011.57,69.03
454.68,23.0,49.5,1014.15,66.68
472.27,14.24,45.01,1013.54,88.68
454.01,20.17,50.66,1014.38,82.09
482.78,7.69,38.06,1020.72,83.47
431.44,30.36,69.04,1009.6,58.73
437.25,29.12,66.51,1015.69,37.9
434.11,27.01,67.98,1006.01,67.98
434.68,24.24,72.43,1008.02,86.4
443.33,22.49,58.71,1009.75,76.43
441.17,23.76,70.32,1012.13,78.84
455.42,18.09,43.72,1008.64,74.15
462.78,15.96,41.66,1011.93,55.47
444.51,25.54,61.08,1013.77,69.64
433.75,22.96,70.79,1005.68,93.93
459.14,14.76,39.64,1010.37,81.99
454.78,16.16,52.05,1013.19,75.37
442.92,22.36,59.44,1013.1,84.74
449.23,25.79,65.27,1013.26,55.35
450.57,18.78,63.09,1019.22,80.2
483.12,6.49,36.3,1016.52,69.1
454.78,19.4,49.69,1012.89,75.53
491.54,6.16,38.5,1012.83,93.68
468.43,15.31,41.35,1005.09,95.25
483.83,5.74,40.62,1016.31,84.91
431.83,30.31,77.24,1008.02,67.84
434.16,24.54,72.24,1011.43,74.1
434.15,22.97,72.24,1011.15,95.85
451.49,22.45,59.87,1018.92,72.73
461.6,13.9,41.17,1016.84,72.9
451.38,17.78,52.08,1006.9,100.09
475.01,9.59,40.11,1026.05,74.27
466.67,11.91,44.45,1021.39,84.49
425.12,31.26,70.36,1006.49,60.47
444.37,23.82,64.15,1020.96,60.11
433.75,25.02,69.75,1010.04,91.86
438.16,25.47,70.36,1005.79,77.73
437.67,27.13,59.54,1004.33,73.27
448.04,24.6,48.78,1018.1,73.71
430.72,24.95,76.16,1006.2,76.16
481.28,7.55,41.04,1027.03,83.32
434.8,34.24,74.67,1016.24,25.56
450.71,19.94,44.9,1008.52,74.69
441.91,27.14,63.13,1013.38,75.68
431.83,28.56,74.22,1007.45,69.6
464.36,13.05,44.34,1018.47,81.2
431.83,26.72,74.87,1010.18,70.74
478.37,12.5,43.67,1013.99,90.91
441.17,20.62,68.12,1012.33,79.88
473.56,16.17,38.01,1022.19,70.99
489.02,9.58,38.08,1019.49,67.54
433.34,25.42,73.21,1001.91,93.78
425.12,30.31,70.36,1006.55,59.92
453.54,23.76,51.19,1009.69,70.87
430.96,29.42,79.74,1007.24,61.26
476.31,8.8,42.32,1017.91,86.8
433.75,27.16,72.58,1009.24,90.26
446.68,19.75,49.02,1009.38,92.89
429.1,30.44,68.84,1010.97,55.34
464.14,18.6,41.67,1013.07,64.23
462.78,19.65,45.01,1014.18,56.77
454.26,15.99,49.21,1015.17,76.4
489.79,8.73,41.26,1020.54,91.37
465.97,15.99,39.63,1006.09,89.92
481.88,5.56,45.87,1006.99,96.48
468.02,8.88,39.66,1015.21,88.29
489.6,5.42,41.38,1020.77,86.02
480.25,8.97,36.24,1013.21,90.77
444.28,18.18,61.87,1008.64,66.28
472.45,12.87,41.5,1013.51,85.72
472.27,14.23,46.18,1017.39,87.29
456.56,18.17,66.86,1011.29,78.48
453.54,19.73,49.69,1007.78,73.02
447.93,25.36,61.41,1011.89,55.64
434.64,29.78,73.42,1011.27,52.79
435.4,32.0,58.9,1003.48,51.38
442.26,18.64,67.71,1003.84,89.63
466.67,13.16,43.71,1024.44,85.68
468.63,7.64,40.02,1031.58,71.19
472.11,11.87,41.78,1012.97,64.79
456.54,20.56,59.14,1016.02,68.59
475.42,11.41,39.61,1018.69,69.44
447.7,26.11,52.36,1013.9,59.62
459.45,19.06,56.65,1020.82,82.14
478.88,9.13,40.02,1031.08,74.76
484.2,8.44,41.17,1019.9,70.72
466.38,14.44,42.32,1015.61,76.85
484.09,6.3,39.33,1010.63,94.26
463.03,13.47,44.88,1017.56,93.23
459.39,20.66,41.54,1014.68,79.7
439.55,23.62,45.87,1007.75,58.69
456.2,16.69,46.18,1011.0,97.85
448.25,28.01,44.89,1008.98,48.52
447.0,21.73,64.63,1020.84,68.9
435.56,30.35,69.51,1009.95,39.24
481.28,8.67,36.66,1026.8,84.36
443.12,30.51,59.57,1011.08,61.94
436.17,26.12,66.75,1017.86,79.02
478.02,13.11,38.73,1005.89,89.02
442.75,21.41,62.39,1007.84,88.83
475.24,12.33,45.51,1016.49,79.2
434.78,24.02,77.54,1008.33,83.92
475.88,9.37,38.56,1016.84,62.07
471.46,11.26,44.92,1023.63,88.99
434.64,30.12,69.71,1009.1,52.02
478.08,4.65,35.19,1018.23,94.78
434.41,28.21,70.8,1010.45,77.92
434.64,30.83,71.58,1009.92,48.8
479.78,6.59,39.37,1020.34,77.92
433.25,21.84,64.69,1007.57,77.34
426.9,31.63,70.17,999.4,59.94
480.53,4.7,39.9,1007.45,91.02
436.38,31.11,75.33,1002.32,64.25
457.53,18.21,41.23,993.11,62.29
479.28,9.82,39.64,1010.79,69.22
460.16,16.77,38.01,1023.04,65.5
466.15,16.88,39.99,1007.08,74.29
442.73,21.08,70.32,1011.39,88.79
442.73,22.79,69.13,1010.87,91.47
437.41,26.96,62.39,1008.14,73.95
434.8,30.87,67.32,1013.78,34.54
459.39,19.74,45.38,1015.11,80.67
433.08,24.22,71.14,1009.38,64.53
460.51,16.27,44.21,1020.56,82.22
472.27,14.41,46.18,1016.25,88.88
481.41,10.48,41.38,1021.97,65.22
467.44,14.24,44.84,1023.6,94.06
433.25,23.08,74.78,1009.85,83.67
433.97,25.77,73.68,1014.18,87.53
447.73,17.94,62.1,1019.81,82.65
475.8,9.43,41.4,1028.42,84.92
457.29,13.98,41.79,1010.6,83.84
441.21,25.02,47.45,1008.07,60.42
434.64,30.99,69.82,1009.41,50.84
445.86,17.17,63.09,1020.54,95.98
462.78,19.4,42.44,1013.19,58.63
434.67,24.1,68.08,1012.73,65.24
463.13,12.07,39.99,1009.7,93.27
481.41,9.55,40.72,1023.12,68.06
465.79,9.57,52.75,1022.32,75.4
436.16,21.74,70.32,1011.88,85.95
436.5,30.99,68.51,1008.0,71.35
456.2,17.88,45.87,1008.39,93.63
456.86,17.51,53.16,1013.13,82.86
476.1,7.79,43.13,1019.67,85.35
426.25,31.56,66.44,1008.91,64.16
429.38,30.58,68.84,1011.34,51.29
463.13,13.35,39.64,1010.1,93.3
442.26,17.9,67.71,1004.3,89.59
445.17,21.94,50.32,1008.44,86.98
429.1,31.49,69.13,1009.33,53.9
471.23,8.48,42.49,1010.77,88.68
433.34,26.85,73.77,1001.2,90.13
447.93,26.75,60.96,1012.05,56.77
441.22,24.91,64.45,1013.02,42.34
449.91,23.03,68.08,1012.63,70.37
468.43,12.99,40.55,1007.52,94.15
455.31,23.79,48.06,1012.92,60.03
441.91,23.42,63.07,1011.72,75.81
427.53,32.09,69.4,1003.1,56.91
446.68,21.78,51.43,1007.45,88.71
426.9,31.92,69.13,1000.77,58.91
441.21,22.79,50.78,1008.65,58.39
478.37,10.52,42.18,1014.9,95.67
476.7,7.64,42.28,1008.46,84.29
460.4,15.8,41.2,1016.08,77.83
460.57,17.3,46.21,1013.56,87.57
456.5,18.26,61.27,1019.1,74.74
459.14,14.03,41.79,1008.07,83.32
446.19,24.55,58.86,1015.22,60.53
440.1,24.6,57.32,1012.48,45.14
437.39,25.04,70.36,1006.56,75.91
436.92,32.31,62.04,1010.45,38.01
447.0,21.17,64.15,1021.25,62.38
475.01,9.15,40.11,1023.82,75.4
440.53,27.34,63.78,1016.5,48.4
472.11,11.7,43.41,1016.08,62.27
433.97,27.58,73.06,1009.63,88.31
460.59,20.53,54.9,1016.61,61.28
471.8,9.55,41.44,1015.07,85.94
474.29,9.94,41.44,1015.21,87.02
485.06,6.71,40.72,1022.78,80.69
439.09,31.09,64.05,1011.32,61.14
456.2,17.23,40.12,1013.52,81.55
451.49,18.27,58.2,1018.34,72.73
475.88,9.06,36.3,1015.14,58.71
472.11,14.66,41.66,1012.89,62.41
451.41,23.79,58.2,1016.77,55.88
435.4,31.33,58.9,1003.77,52.34
472.43,10.26,43.14,1019.68,98.97
429.31,33.75,64.96,1002.54,39.28
456.54,18.72,60.07,1015.81,70.55
445.22,20.71,58.18,1007.63,98.44
430.32,28.87,71.97,1008.74,82.61
456.2,12.63,48.04,1013.0,100.13
468.54,13.69,34.03,1018.45,65.76
444.84,20.3,67.32,1013.49,80.9
472.27,14.93,42.44,1012.65,86.8
439.01,25.43,69.13,1002.2,86.44
431.16,24.85,71.98,1005.97,95.09
454.4,14.67,45.01,1014.28,67.91
480.25,3.63,38.44,1016.16,87.38
431.83,28.54,72.99,1007.42,67.87
466.38,15.26,41.2,1016.0,76.06
429.1,29.88,68.08,1011.14,55.78
489.6,5.65,40.72,1022.46,85.17
468.02,9.2,39.82,1013.19,91.25
444.6,18.85,44.63,1009.06,84.75
443.12,28.16,61.47,1009.19,62.53
472.43,13.15,42.44,1014.51,99.53
455.09,16.97,50.9,1012.31,82.65
462.78,17.33,42.28,1007.97,50.33
458.22,17.39,46.21,1013.94,82.73
438.28,26.26,65.06,1013.58,52.72
464.59,13.72,45.01,1014.07,77.0
473.23,10.99,44.63,1020.67,90.09
475.32,8.94,41.74,1022.55,90.74
448.21,22.5,59.43,1010.31,72.17
438.28,23.62,68.63,1013.18,50.57
464.36,17.17,44.68,1018.72,83.58
469.29,12.47,38.25,1012.74,82.89
456.2,16.65,46.18,1010.6,95.69
433.99,24.56,71.94,1006.81,89.59
439.4,25.49,47.45,1007.89,57.04
483.83,7.33,40.0,1018.96,80.76
454.4,20.52,43.79,1015.9,68.1
462.25,13.61,41.16,1020.49,75.09
457.68,22.5,45.38,1014.11,65.08
435.28,28.24,65.27,1013.43,48.74
441.41,30.04,67.25,1017.65,52.84
463.6,14.38,44.84,1024.59,81.68
436.7,24.78,68.63,1013.96,43.7
465.97,19.99,40.79,1003.15,87.55
464.7,16.01,43.69,1017.12,62.43
426.82,29.09,72.43,1006.86,65.47
463.49,13.31,40.03,1017.73,84.48
429.31,33.34,69.88,1007.65,42.72
440.89,26.88,59.21,1013.54,58.13
464.02,15.69,37.87,1022.63,87.71
431.16,27.58,78.05,1010.83,94.98
450.57,20.51,63.86,1020.65,75.36
468.66,13.56,39.52,1016.61,78.35
444.85,22.64,59.27,1012.58,83.55
434.64,30.29,71.58,1010.01,54.03
472.43,10.15,41.62,1015.86,97.4
448.21,23.07,57.5,1015.7,75.47
475.32,7.29,40.96,1023.01,90.78
430.11,25.34,69.48,1008.4,74.79
445.22,19.66,58.79,1017.17,84.16
459.45,17.77,56.53,1019.57,79.89
466.64,14.34,42.86,1031.75,66.81
468.23,14.4,42.99,1010.3,89.72
450.57,18.31,62.1,1020.38,79.02
463.49,13.56,40.03,1017.73,83.76
485.57,6.17,41.31,1002.49,87.59
439.82,25.04,51.95,1005.56,66.53
465.97,14.49,41.16,1000.5,82.17
448.42,22.31,43.43,1010.64,56.44
454.26,16.38,46.97,1013.6,73.67
443.8,23.48,65.12,1015.82,60.83
478.02,11.58,39.69,1005.17,86.55
464.88,14.74,43.99,1023.13,86.31
465.2,15.33,42.28,1008.19,66.15
433.75,26.14,69.14,1007.1,88.27
429.31,32.86,68.51,1008.43,46.78
444.8,28.88,63.76,1010.16,56.34
449.98,27.59,54.2,1013.1,51.61
441.17,21.85,69.94,1010.89,79.4
478.55,6.58,43.02,1014.03,84.95
456.5,20.38,62.52,1017.85,75.56
479.78,9.53,38.18,1018.43,75.33
456.86,16.76,53.16,1014.13,81.87
433.24,32.31,68.94,1006.11,71.78
471.6,10.22,39.96,1025.05,96.05
474.29,10.72,39.35,1015.35,86.43
447.0,21.68,64.15,1021.09,70.88
446.68,21.13,51.43,1007.43,88.72
434.64,29.14,75.23,1010.15,54.87
475.24,12.04,43.69,1016.58,80.16
474.28,10.1,41.4,1024.29,85.94
429.31,28.72,68.14,1005.82,46.52
450.46,28.84,60.23,1009.7,59.0
448.32,18.68,52.84,1004.65,88.27
472.12,16.5,44.63,1020.58,64.11
442.75,27.18,64.44,1012.81,61.27
448.79,20.08,58.79,1017.32,81.59
457.55,19.64,56.65,1020.79,73.88
430.19,27.77,62.26,1010.88,66.45
432.6,31.4,71.06,1008.44,74.77
491.23,3.68,39.64,1011.31,84.05
451.93,11.89,40.03,1019.53,89.48
485.06,7.63,40.56,1023.13,81.01
434.67,26.38,71.73,1010.04,69.45
448.25,22.89,48.98,1014.55,48.21
457.99,17.98,53.29,1018.29,83.46
466.09,14.22,48.6,1006.26,88.05
454.66,22.35,57.76,1017.92,68.18
449.9,22.2,57.17,1009.82,78.43
454.26,16.89,49.21,1015.19,70.39
451.49,22.51,59.21,1018.35,71.97
465.97,15.11,42.99,1007.53,85.75
434.68,25.15,73.67,1007.42,85.48
460.51,15.47,44.9,1021.59,81.74
463.36,11.1,40.0,1021.29,86.58
445.18,20.78,60.84,1018.66,80.4
441.17,20.94,68.12,1012.43,78.2
478.98,5.52,42.85,1012.77,93.82
465.97,16.19,36.99,1007.37,92.4
433.75,27.06,72.58,1009.24,90.31
457.68,19.92,48.98,1014.32,64.99
452.85,18.53,61.27,1019.84,75.22
472.45,12.21,41.67,1012.88,85.19
474.29,11.59,40.05,1014.96,86.22
430.72,26.61,72.43,1007.71,75.82
462.6,18.4,44.92,1024.88,64.89
441.34,24.8,66.51,1016.74,65.72
442.59,25.47,60.75,1007.27,65.91
437.06,28.57,75.33,1003.16,76.14
434.64,31.01,73.5,1010.92,48.61
443.33,24.38,57.17,1009.85,74.46
442.59,28.46,60.23,1010.2,63.38
450.71,18.16,43.72,1008.64,75.22
476.31,10.6,41.17,1018.38,87.92
442.66,24.19,68.94,1007.37,70.83
475.85,12.2,39.72,1018.07,54.83
440.7,27.95,73.5,1010.42,58.01
434.64,30.38,71.58,1010.17,50.45
449.98,28.48,54.2,1013.14,49.51
472.43,11.3,43.14,1019.56,99.83
429.1,29.19,70.32,1008.28,55.42
432.76,30.75,71.22,1006.47,48.06
468.52,12.37,43.22,1009.1,76.06
444.8,25.75,60.95,1014.75,53.3
433.25,28.18,67.17,1006.84,75.55
435.81,21.89,74.93,1016.11,77.88
441.21,24.79,50.78,1008.78,61.88
433.07,30.86,70.32,1011.88,62.68
468.52,13.51,43.22,1009.63,75.02
435.28,29.35,68.31,1010.46,46.2
444.19,19.98,60.77,1017.72,90.71
464.14,21.77,42.23,1013.03,67.44
476.7,12.43,41.62,1011.87,80.57
491.23,3.4,39.64,1011.1,83.43
439.37,24.73,74.22,1010.15,79.83
445.28,25.54,70.47,1009.28,73.5
441.91,25.88,63.73,1009.48,77.17
436.7,23.07,70.47,1008.64,83.37
428.49,30.66,70.98,1007.6,72.08
462.25,13.77,41.58,1020.63,72.94
484.63,12.57,43.8,1023.2,56.85
441.5,31.1,71.32,1008.09,45.87
442.75,22.24,64.27,1012.97,89.54
443.78,29.08,52.84,1006.14,40.09
456.18,19.35,39.72,1002.5,51.24
449.98,28.88,54.89,1007.16,46.6
426.14,31.7,70.36,1006.26,58.18
471.46,13.25,44.92,1024.11,89.34
459.1,18.55,41.1,1002.02,65.16
426.82,28.69,71.29,1009.22,68.35
466.66,13.74,42.74,1029.54,70.0
440.43,23.97,64.33,1010.54,84.65
459.1,18.44,39.72,1001.14,66.83
456.86,16.88,56.89,1014.01,82.1
473.23,12.82,46.18,1018.53,88.46
485.01,7.18,38.56,1016.49,70.37
444.37,24.34,62.96,1019.7,61.44
436.89,26.63,62.44,1010.86,70.82
466.75,11.43,41.16,1022.81,92.04
441.34,27.24,66.75,1017.78,69.6
461.6,15.01,42.77,1018.21,73.22
476.31,11.21,40.75,1016.45,86.14
434.64,31.46,71.8,1010.75,54.88
472.27,13.65,42.86,1015.41,87.67
468.02,9.57,39.82,1013.12,89.15
472.11,11.46,44.85,1014.3,63.24
446.19,25.03,60.84,1017.69,59.23
464.88,14.6,44.84,1023.58,88.21
440.79,28.88,73.68,1015.25,47.73
467.44,13.82,44.84,1023.72,95.24
475.32,7.87,41.06,1020.91,87.64
494.43,2.34,39.42,1028.47,69.68
441.17,23.58,70.04,1010.95,76.32
434.15,21.49,70.32,1009.07,92.25
465.2,15.84,41.66,1009.69,62.81
441.11,25.82,61.08,1013.64,66.4
480.6,10.18,40.81,1015.79,81.42
436.5,28.4,69.34,1009.76,70.4
475.85,12.35,41.38,1021.99,55.38
466.87,16.52,43.7,1015.08,58.36
466.75,9.6,42.03,1017.66,92.27
475.42,7.54,38.56,1016.49,69.1
475.8,8.04,41.92,1029.7,92.21
466.75,11.82,41.26,1020.74,91.14
451.58,21.62,48.78,1020.06,85.09
465.2,15.41,44.78,1007.69,65.17
441.91,26.47,63.13,1013.72,79.4
437.43,31.5,74.16,1011.72,56.42
454.18,12.24,49.83,1007.9,94.28
472.11,13.52,41.44,1015.81,65.97
480.6,10.02,39.66,1016.34,79.98
448.25,21.01,44.05,1010.61,64.12
474.52,8.35,43.52,1022.78,97.34
472.88,14.12,39.52,1016.79,75.89
435.56,35.2,73.56,1006.56,45.72
431.19,25.28,72.39,1002.28,89.43
472.12,14.3,41.93,1020.6,65.38
461.63,19.32,52.9,1016.86,68.2
446.16,22.04,69.51,1013.25,56.15
426.25,28.07,66.17,1010.58,64.11
449.77,23.09,60.95,1015.02,68.78
436.89,27.17,61.25,1013.03,70.43
427.65,26.44,71.64,1004.55,85.53
441.21,27.23,44.05,1005.69,58.91
464.14,17.68,40.89,1011.24,61.37
431.16,27.18,79.05,1008.99,94.32
435.28,27.89,68.12,1012.78,48.72
467.05,13.5,54.3,1016.2,77.46
426.25,28.11,66.17,1010.51,65.16
435.28,28.75,70.02,1010.33,46.55
433.63,25.56,74.99,1005.41,85.75
470.96,12.84,50.59,1020.08,88.08
457.55,20.18,56.53,1020.3,77.1
438.28,25.65,69.45,1013.95,50.42
448.25,21.08,52.05,1012.28,45.25
479.64,14.33,45.51,1015.42,71.55
442.16,29.13,62.26,1010.51,52.94
439.81,31.73,74.67,1016.38,44.51
456.49,18.0,53.16,1013.02,82.47
476.31,12.39,44.58,1016.38,84.95
430.19,28.26,63.13,1012.0,68.35
457.29,14.59,42.44,1012.7,83.92
469.13,16.22,46.36,1020.04,91.73
437.67,25.99,59.54,1007.78,74.48
451.49,20.84,59.8,1016.96,75.05
431.16,26.85,74.16,1008.66,93.8
494.43,7.24,39.04,1019.0,68.69
464.36,14.01,43.34,1016.95,83.41
461.96,17.66,44.9,1020.5,71.33
465.88,11.6,40.96,1023.95,86.83
462.78,16.72,44.78,1007.75,56.79
479.28,12.77,40.71,1014.66,72.81
472.16,11.08,38.16,1014.45,74.99
476.01,8.96,40.02,1031.21,82.32
472.43,9.86,41.01,1018.49,98.71
447.8,17.18,46.0,1002.74,100.1
460.59,14.5,53.82,1016.81,62.89
441.91,24.01,65.18,1012.57,76.02
427.67,24.79,67.83,1009.32,61.46
473.56,11.67,44.6,1018.09,92.53
442.73,21.28,70.32,1011.06,90.12
436.16,20.96,69.48,1011.04,82.63
433.34,26.57,73.21,1002.31,92.51
457.68,16.43,48.06,1010.73,61.26
444.44,26.22,65.34,1015.17,47.25
454.68,24.88,52.36,1014.45,68.39
477.14,12.22,40.71,1021.25,80.83
448.79,22.28,58.12,1014.54,83.27
481.56,9.14,37.36,1015.22,78.06
434.67,27.34,70.98,1008.82,71.42
441.11,24.9,58.49,1011.06,65.14
468.43,13.26,40.83,1007.97,90.63
447.13,21.86,64.45,1015.83,63.36
448.25,18.55,41.85,1015.24,62.47
437.06,26.26,74.9,1003.85,81.94
474.52,5.15,40.78,1025.34,95.84
468.02,10.8,39.58,1011.99,87.54
434.02,27.99,71.64,1007.79,72.67
451.38,18.4,50.16,1011.51,98.07
472.16,15.17,36.71,1013.5,77.44
468.43,13.18,40.83,1007.67,95.44
435.28,30.37,67.45,1015.35,45.6
433.99,24.88,71.94,1006.85,87.32
461.6,14.87,42.77,1017.94,75.06
442.73,20.34,69.45,1012.76,91.05
475.32,5.71,40.77,1022.51,89.58
430.96,28.62,79.74,1008.12,65.39
476.46,12.75,39.58,1010.8,77.31
448.25,19.76,48.92,1010.48,46.57
455.7,19.75,54.2,1011.43,83.5
475.85,11.61,41.17,1019.57,58.82
479.28,9.63,43.02,1012.4,68.41
444.8,26.65,63.78,1015.32,53.95
436.7,24.63,65.38,1010.43,40.68
457.55,19.94,56.53,1020.48,76.43
467.74,15.18,43.67,1011.59,92.58
442.75,25.79,63.9,1014.39,60.49
481.41,12.64,40.71,1024.2,65.21
442.73,21.7,70.32,1009.12,91.3
475.96,12.19,40.23,1017.45,82.07
437.76,27.73,67.69,1007.47,59.42
442.73,20.83,70.72,1009.56,89.37
456.2,16.7,46.18,1011.2,96.84
481.88,8.27,39.64,1011.0,84.64
440.53,27.17,67.45,1015.67,49.03
456.2,14.92,46.18,1014.21,98.82
442.66,27.47,66.86,1006.1,70.2
471.8,9.72,41.44,1015.17,84.41
446.68,19.97,50.78,1008.75,92.7
457.55,18.37,51.86,1018.8,74.3
475.85,14.85,40.8,1025.38,53.29
443.01,22.92,60.37,1007.05,89.94
465.97,15.2,40.55,1005.0,88.4
442.59,28.07,61.47,1008.68,64.83
475.85,10.72,41.17,1019.68,60.71
463.03,16.09,48.78,1015.78,91.12
457.55,18.68,53.29,1018.16,75.01
459.14,14.48,40.83,1009.42,81.74
447.93,28.41,61.47,1008.94,56.56
441.93,24.03,62.44,1010.96,79.88
437.27,28.31,74.33,1011.89,69.77
443.01,21.79,60.93,1006.44,87.68
429.91,28.53,69.84,1004.46,68.03
478.88,9.84,36.66,1026.7,70.02
425.5,34.66,74.33,1012.0,32.19
446.19,21.99,58.96,1014.09,61.3
433.99,23.69,73.67,1007.19,86.73
433.25,21.94,64.69,1007.39,77.58
466.09,14.51,49.83,1006.27,91.65
472.27,13.72,45.09,1012.95,87.41
463.6,15.03,43.71,1025.07,83.25
479.78,6.99,39.37,1020.19,75.06
435.94,28.03,68.67,1005.52,58.16
478.37,10.9,41.93,1014.96,96.24
489.6,5.51,41.03,1022.28,84.5
459.45,17.02,51.86,1021.53,81.28
465.24,14.39,44.21,1019.77,85.7
433.75,24.05,70.4,1006.83,92.35
444.99,20.99,50.78,1008.55,75.14
443.33,21.02,61.5,1008.52,77.74
432.7,31.01,69.13,1000.93,62.96
457.29,12.38,41.62,1012.37,84.15
439.37,23.37,70.94,1008.01,81.28
461.05,12.22,40.78,1024.02,85.46
464.39,15.28,48.14,1012.55,69.65
444.51,25.09,57.43,1013.2,70.42
448.04,23.87,50.39,1012.96,76.05
466.15,15.43,40.89,1010.63,73.03
448.04,24.34,48.78,1018.0,73.44
441.29,25.09,71.58,1010.17,86.01
467.05,16.37,53.16,1014.89,74.84
481.41,11.8,41.54,1020.0,65.85
442.66,24.85,68.37,1006.5,68.37
455.42,17.16,40.55,1000.26,72.21
468.4,13.09,54.3,1017.61,82.38
479.95,10.25,41.46,1018.67,84.41
440.8,28.39,65.51,1014.52,66.48
429.1,31.55,69.75,1010.12,58.36
448.25,23.84,49.21,1013.1,44.72
468.63,14.46,42.86,1031.34,69.84
443.8,24.16,65.06,1013.88,58.96
443.1,20.82,63.77,1014.28,86.37
451.38,17.0,49.78,1005.32,100.1
473.23,11.45,45.01,1018.88,92.12
451.05,18.26,58.96,1014.04,69.7
468.52,10.74,43.67,1011.75,80.1
446.1,20.89,67.71,1006.12,59.12
481.41,11.82,41.54,1019.96,67.65
449.23,25.44,65.06,1013.82,55.72
426.82,29.92,69.75,1009.12,67.15
450.32,21.11,58.49,1011.6,80.44
461.63,14.6,53.82,1016.28,64.83
440.53,25.96,63.78,1016.95,49.47
461.16,18.32,39.53,1008.15,64.85
445.91,21.36,68.28,1007.6,72.37
455.42,15.7,42.99,1007.51,76.05
440.7,26.82,75.08,1005.93,60.81
466.85,15.22,41.35,1003.12,95.45
434.02,27.68,69.34,1008.28,70.9
434.02,27.14,70.32,1007.08,73.08
440.1,28.99,54.2,1012.79,41.9
437.35,32.55,69.89,1013.87,40.09
440.53,27.01,63.78,1016.72,47.89
468.52,6.31,42.07,1004.61,77.74
450.86,23.31,60.08,1017.14,64.35
478.37,10.66,41.93,1016.12,94.16
432.3,26.82,64.96,999.72,63.55
472.27,12.36,45.09,1013.05,88.4
479.64,10.2,40.67,1016.15,73.2
430.32,29.17,74.34,1004.51,82.02
476.31,12.03,40.75,1015.93,85.07
429.1,31.27,69.13,1009.45,57.01
441.29,24.8,72.24,1011.58,83.61
434.68,24.43,72.43,1008.03,85.56
442.75,24.14,63.21,1012.28,89.08
452.41,28.13,56.9,1007.17,51.66
456.18,19.15,39.72,1001.49,58.62
474.29,11.05,40.75,1016.55,87.08
438.28,25.23,66.44,1011.37,51.3
434.02,26.86,70.47,1007.18,72.38
455.17,12.15,71.14,1019.56,86.06
454.4,18.5,41.85,1015.81,64.78
451.41,21.93,58.96,1014.23,58.58
473.56,10.14,45.01,1018.12,94.32
465.77,14.04,48.79,1017.62,75.25
446.19,24.14,60.07,1016.56,58.08
479.28,13.48,41.44,1015.64,71.46
464.36,14.26,43.34,1017.24,81.54
456.56,19.99,65.94,1012.28,75.42
467.05,16.52,53.16,1014.68,76.82
444.64,22.75,58.79,1011.44,84.47
463.49,15.31,40.66,1016.46,84.64
455.25,21.33,58.46,1016.17,79.73
440.87,30.28,74.67,1016.45,55.76
463.05,19.08,44.63,1020.05,41.07
444.99,23.94,51.95,1008.18,71.87
444.84,21.12,62.52,1015.62,78.98
444.99,22.61,60.27,1018.81,83.27
460.06,14.85,44.63,1020.67,75.76
440.8,27.26,63.77,1014.07,66.58
434.64,31.96,71.29,1008.39,47.51
441.11,25.3,58.46,1015.91,69.71
434.67,24.49,65.61,1014.71,63.47
433.75,24.44,72.99,1008.38,91.66
462.78,17.89,44.78,1010.03,53.78
484.63,11.92,43.8,1022.96,60.49
441.93,23.34,63.73,1012.1,79.11
449.91,18.89,66.86,1012.38,71.96
451.38,18.63,50.16,1010.21,97.13
446.19,24.43,60.07,1015.59,59.99
478.21,9.83,41.17,1019.34,72.29
464.74,16.68,43.14,1018.39,76.48
448.42,22.29,45.01,1012.4,51.58
488.43,5.63,39.22,1013.35,77.67
468.54,13.72,34.03,1018.57,65.95
475.24,13.02,45.51,1015.24,80.05
468.02,8.9,40.77,1011.67,90.26
433.25,26.44,71.73,1009.52,81.75
440.7,27.07,74.87,1010.09,58.97
434.64,27.74,70.32,1009.58,50.29
433.07,31.5,70.32,1011.44,64.09
448.25,21.81,43.77,1011.97,64.72
456.4,15.86,49.69,1015.59,87.26
436.16,20.31,69.94,1009.7,86.53
433.25,23.23,64.69,1008.12,76.6
451.38,18.39,52.08,1006.53,100.09
426.14,30.68,73.67,1005.63,57.05
429.31,29.09,67.07,1005.99,41.39
430.19,27.35,60.75,1008.98,67.56
431.83,28.46,73.67,1005.67,71.21
426.25,31.21,66.44,1008.57,65.76
450.98,18.89,63.09,1018.47,84.85
437.11,26.71,68.3,1015.07,62.7
465.94,13.52,42.07,1017.91,90.21
444.99,24.17,48.41,1008.46,76.19
479.78,7.67,41.66,1016.25,77.0
444.19,19.44,59.21,1018.5,88.35
430.32,27.0,69.4,1004.86,82.2
460.4,18.16,43.96,1012.78,78.33
447.13,19.28,65.46,1013.77,64.24
463.44,15.43,38.58,1016.58,81.17
462.25,16.32,43.5,1021.3,72.6
437.35,33.12,68.31,1010.3,42.29
475.88,8.48,38.5,1013.5,66.51
442.73,20.76,70.72,1009.73,89.04
460.59,18.76,52.9,1016.27,64.7
451.49,24.5,60.77,1017.15,73.66
425.5,32.4,68.14,1004.44,34.53
450.98,17.82,65.48,1019.64,86.6
427.67,27.27,67.9,1006.36,62.12
444.84,20.14,65.06,1014.81,80.01
444.37,24.8,65.48,1018.56,62.05
434.68,26.42,71.06,1008.12,87.32
468.14,15.34,41.96,1012.08,100.12
448.25,28.66,50.05,1006.08,47.74
462.6,14.2,52.75,1025.64,61.02
435.81,26.12,75.6,1017.41,72.31
437.41,24.14,62.66,1007.33,73.27
454.68,23.43,54.42,1013.58,70.99
482.78,10.41,36.71,1022.02,84.56
450.86,23.27,60.84,1019.13,67.24
454.01,18.36,53.16,1013.14,79.89
459.19,15.8,40.66,1016.15,88.24
441.93,22.95,63.94,1013.87,80.37
450.32,19.79,60.1,1010.47,84.04
425.5,34.43,68.51,1010.17,34.09
432.11,26.31,68.51,1013.26,68.66
476.1,11.94,44.6,1018.69,85.33
471.6,10.82,39.96,1025.53,95.89
455.42,17.49,40.55,1001.73,73.15
441.11,26.23,59.87,1012.93,66.62
478.98,7.26,41.22,1014.86,97.82
475.8,9.42,41.4,1029.21,86.4
459.14,16.85,39.64,1008.82,80.81
443.67,26.31,52.09,1013.39,53.59
437.35,30.69,69.89,1013.9,42.85
459.14,16.55,39.64,1009.07,77.8
451.38,16.29,50.88,1013.79,99.15
469.29,12.49,38.25,1012.61,83.32
484.99,10.15,41.46,1019.56,81.79
446.76,21.71,58.05,1013.07,85.75
466.66,13.92,44.47,1029.36,70.86
444.99,24.04,51.95,1006.13,73.92
436.16,20.03,69.45,1013.47,86.66
431.77,31.7,76.09,1007.06,72.39
434.68,26.0,69.88,1007.99,87.07
435.81,25.35,74.33,1015.29,77.84
447.7,24.49,49.82,1017.09,64.02
450.01,24.27,63.87,1018.88,53.96
446.46,24.51,58.79,1016.11,61.7
465.79,12.06,52.72,1024.53,80.05
454.26,18.53,48.98,1014.24,74.29
460.4,18.31,42.23,1012.88,79.32
450.01,24.97,63.86,1018.64,52.01
471.6,10.02,39.96,1024.88,96.85
439.37,25.45,72.24,1011.44,80.54
446.45,26.74,49.02,1008.18,67.59
449.06,23.45,51.95,1005.23,76.17
472.11,11.1,44.85,1014.27,65.08
446.46,24.16,60.29,1018.09,63.49
479.78,5.45,39.04,1020.07,77.05
449.8,24.99,51.43,1006.95,79.63
455.17,18.32,65.94,1012.74,86.77
437.39,21.63,71.85,1009.44,76.89
479.78,8.53,38.18,1017.54,76.49
452.41,28.85,59.27,1011.69,51.8
444.04,23.23,60.32,1016.73,78.35
485.01,4.93,38.44,1015.65,71.47
463.05,18.76,44.71,1015.15,30.83
441.29,25.52,67.17,1007.33,85.12
456.2,12.38,48.04,1012.78,100.13
459.14,16.05,43.14,1010.67,79.36
447.91,26.75,70.32,1007.61,54.09
429.1,30.03,68.84,1011.41,53.82
444.99,24.78,50.16,1004.56,70.22
442.16,26.97,64.45,1009.43,53.96
437.37,27.98,67.17,1007.32,75.29
444.8,26.33,61.41,1011.9,52.1
473.56,11.34,45.17,1018.32,96.24
448.25,18.8,44.78,1009.65,46.0
489.79,5.23,40.78,1025.13,92.74
476.7,10.8,39.28,1010.7,82.62
463.05,19.32,44.71,1015.3,28.81
433.5,33.15,70.4,1003.72,53.98
465.94,12.8,39.16,1015.94,89.83
454.4,19.3,46.93,1014.83,66.71
442.87,26.33,60.06,1005.86,41.57
433.57,30.8,70.94,1007.06,63.09
449.91,21.52,66.51,1015.32,72.85
450.71,18.63,45.87,1007.98,79.9
462.78,16.69,44.78,1010.41,58.18
457.29,12.49,41.62,1011.37,82.68
436.38,32.06,75.33,1001.96,63.15
475.24,8.82,43.56,1014.95,81.54
450.01,25.14,64.63,1020.63,54.0
442.11,21.71,60.27,1015.74,89.76
450.71,19.65,44.89,1009.76,75.36
451.41,22.63,58.96,1013.62,56.67
472.45,11.82,41.67,1012.94,84.51
450.71,18.41,44.89,1009.75,77.24
427.53,32.09,70.4,1003.73,55.65
429.1,33.4,70.8,1009.17,57.01
476.1,11.83,44.21,1019.37,85.31
491.54,6.33,39.33,1012.06,93.16
463.44,15.02,37.64,1016.49,83.28
437.43,28.93,74.78,1009.48,56.4
467.34,14.81,39.58,1011.62,73.64
476.46,13.25,41.62,1010.8,77.81
455.17,18.27,65.94,1013.09,84.72
448.32,23.77,51.43,1006.67,84.09
472.27,12.8,44.34,1016.52,86.73
468.52,13.94,47.83,1004.83,81.2
466.38,16.44,43.96,1013.66,76.31
439.09,29.53,64.44,1013.22,59.75
425.27,29.1,70.4,1003.97,77.57
475.8,6.04,41.14,1027.92,87.12
441.91,25.11,62.26,1011.12,78.01
461.55,17.13,42.86,1014.15,73.6
455.25,20.54,49.15,1021.02,56.0
466.66,14.02,44.47,1028.02,68.97
478.02,10.22,37.83,1005.94,93.53
432.22,31.46,77.17,1009.26,59.61
433.75,23.64,71.25,1004.92,93.87
450.46,26.69,59.21,1012.55,57.59
436.16,25.1,69.89,1015.42,85.81
489.79,6.23,40.96,1022.49,93.15
465.97,13.74,38.73,1004.34,82.82
436.89,27.35,61.47,1008.43,70.65
434.02,26.84,70.36,1007.41,71.47
433.97,23.69,77.54,1009.32,89.7
461.78,21.06,50.59,1016.42,66.12
464.39,12.28,43.67,1012.69,70.23
444.04,22.35,58.59,1013.99,79.78
478.55,6.12,40.81,1014.77,88.15
426.25,32.31,66.44,1009.6,63.92
481.41,9.1,39.42,1025.28,68.78
466.71,12.99,42.34,1018.04,96.25
438.16,25.75,71.14,1008.33,77.12
451.49,22.92,58.62,1016.37,71.38
476.7,12.33,39.28,1011.84,80.01
468.66,13.66,41.67,1013.43,80.56
446.19,22.24,60.07,1015.93,62.25
462.87,13.48,41.26,1021.92,78.24
442.75,26.6,63.07,1011.97,61.3
435.56,31.82,71.29,1008.44,41.7
457.03,18.35,62.1,1019.97,78.36
436.38,31.44,72.86,1003.74,61.45
446.68,19.94,50.78,1008.78,92.07
450.32,18.13,60.1,1009.67,84.75
467.44,12.28,42.34,1019.19,95.8
442.75,18.6,60.1,1009.91,87.13
450.32,21.01,60.1,1010.93,78.6
440.87,27.64,75.6,1017.35,54.78
463.6,13.47,41.14,1026.09,82.96
468.02,7.96,38.91,1016.35,89.17
456.2,16.81,45.87,1008.7,98.0
451.49,22.69,58.46,1017.74,75.21
434.11,25.74,68.94,1007.7,67.56
468.52,5.75,42.07,1004.24,78.23
431.83,29.54,74.99,1005.0,69.69
444.8,27.36,63.31,1013.7,51.58
468.75,11.75,35.76,1018.99,57.92
472.43,12.02,40.66,1017.27,96.72
435.28,31.02,69.51,1011.16,47.64
446.68,20.11,50.78,1008.73,93.24
474.56,12.24,41.62,1013.38,90.26
437.43,29.11,74.78,1009.6,56.93
467.09,12.58,43.67,1012.86,94.01
446.46,25.21,59.21,1013.19,62.85
443.89,25.64,68.08,1011.06,71.06
463.44,15.5,39.16,1016.24,78.13
434.02,28.61,70.36,1006.95,73.06
476.18,6.57,42.07,1004.48,74.82
434.64,29.5,71.14,1011.27,52.81
435.94,27.4,66.48,1004.71,51.5
448.42,22.06,43.43,1010.46,58.01
433.99,23.35,71.77,1005.99,90.79
478.55,6.76,40.62,1015.67,87.16
446.68,20.62,48.41,1007.37,87.51
442.87,27.2,65.18,1011.47,47.14
433.99,24.17,71.25,1003.9,90.36
471.46,12.88,44.0,1022.71,88.58
437.43,29.23,74.22,1008.49,57.88
464.59,11.62,43.48,1016.66,76.32
435.94,28.41,66.91,1008.22,57.93
437.25,29.25,67.32,1013.88,38.57
482.8,5.43,39.9,1007.5,86.27
476.18,10.28,39.64,1010.45,74.15
481.88,7.95,37.49,1009.32,80.8
457.99,17.33,53.16,1013.77,82.77
466.75,11.02,41.26,1020.69,92.13
466.0,14.41,43.13,1016.32,59.55
454.66,19.69,56.65,1020.72,70.86
480.25,6.65,38.5,1014.01,87.6
478.88,8.88,36.66,1026.61,76.16
446.68,16.46,48.6,1006.08,89.0
450.32,20.2,60.1,1010.66,84.24
434.15,22.87,74.22,1009.36,93.05
428.61,28.83,71.32,1006.28,75.65
465.97,16.7,36.99,1006.19,89.33
447.0,22.36,64.15,1021.05,68.43
448.25,23.96,46.93,1013.98,47.22
446.44,23.19,60.75,1008.33,82.0
430.9,25.65,68.08,1011.27,75.26
468.43,13.22,40.83,1007.82,92.72
450.71,18.75,44.9,1007.99,75.76
442.87,28.02,63.9,1013.96,46.2
441.93,23.09,63.91,1012.23,83.25
444.44,26.21,65.12,1016.06,44.31
426.67,33.8,64.96,1004.88,49.37
439.4,26.45,47.43,1008.87,53.25
437.42,30.82,78.87,1012.06,70.69
464.59,14.22,44.99,1012.0,75.28
440.79,29.45,75.6,1018.12,50.68
483.12,6.99,35.19,1019.32,68.95
444.64,22.43,55.97,1008.97,85.98
457.03,16.57,63.31,1016.19,81.02
436.75,23.75,66.54,1004.41,85.44
431.37,29.05,71.85,1008.6,78.69
472.12,13.28,43.8,1023.17,63.98
488.43,7.76,37.7,1014.82,76.47
463.44,14.93,39.39,1014.31,80.68
444.6,18.5,47.45,1009.23,83.21
439.91,24.35,58.79,1010.13,72.1
431.44,26.66,70.02,1010.88,58.37
454.18,12.05,48.04,1009.14,100.13
459.14,14.79,39.54,1007.25,82.54
473.56,10.33,43.99,1020.7,96.68
441.91,28.23,64.05,1011.98,75.23
436.17,24.91,69.89,1015.25,82.39
433.99,23.82,73.67,1007.26,88.16
472.32,10.44,37.83,1006.31,97.2
435.28,28.74,70.32,1008.15,45.99
426.67,30.7,67.69,1005.92,51.58
455.05,17.12,58.95,1016.74,90.41
489.79,6.71,40.96,1022.71,91.89
434.64,29.08,70.83,1007.98,51.95
471.63,12.48,39.85,1012.93,60.23
466.0,15.92,44.85,1015.84,59.99
460.59,16.37,54.3,1017.94,63.63
472.43,12.05,40.55,1016.63,100.14
453.26,21.55,44.57,1006.03,71.54
476.96,13.52,40.83,1009.94,87.53
434.15,24.21,70.98,1007.02,95.57
451.41,24.87,58.33,1013.76,54.55
426.82,28.55,72.43,1007.2,65.82
436.89,26.93,62.44,1011.02,70.05
456.18,18.59,41.1,1001.93,58.16
444.38,23.59,59.43,1009.96,65.8
444.99,23.83,50.32,1008.41,72.23
456.4,17.86,50.88,1015.59,88.28
457.99,17.01,50.59,1015.8,80.95
451.49,20.04,58.2,1017.56,74.31
430.72,27.32,76.09,1007.77,74.64
439.09,31.13,64.05,1011.51,61.27
454.66,19.69,56.65,1020.86,70.02
476.46,12.0,39.96,1011.73,77.77
475.01,7.97,38.5,1013.84,72.36
489.79,8.14,41.26,1020.61,91.28
436.7,28.07,68.08,1013.13,44.67
468.66,13.44,40.69,1014.54,77.97
466.67,14.8,43.99,1022.89,85.25
460.51,16.98,43.99,1021.65,81.17
465.77,15.29,44.88,1018.85,73.67
447.0,19.35,64.15,1021.37,68.53
445.22,21.65,58.18,1008.33,95.28
442.92,22.18,59.39,1014.82,85.31
437.06,28.15,74.9,1003.67,76.32
471.6,7.74,39.96,1025.78,95.81
444.99,26.48,51.43,1006.76,74.3
449.23,27.6,67.25,1017.78,54.25
476.03,10.57,41.26,1008.32,97.96
442.86,23.28,68.28,1000.79,81.35
466.66,14.6,44.47,1028.46,69.96
441.5,30.6,72.29,1010.54,41.52
438.28,25.4,65.34,1013.11,53.93
460.57,16.52,44.88,1017.61,90.08
478.55,10.42,44.85,1014.18,88.36
454.4,15.55,45.09,1014.33,62.19
472.88,14.12,41.39,1018.73,76.51
461.96,16.57,43.7,1015.67,71.95
425.5,34.09,68.51,1009.0,32.96
448.42,22.25,43.79,1015.78,52.68
439.87,21.51,48.92,1010.36,38.27
475.88,5.37,40.07,1012.75,63.58
433.08,26.94,71.14,1011.63,62.74
444.19,22.57,68.3,1017.43,87.69
443.67,24.33,46.93,1013.61,53.02
442.92,21.3,59.39,1013.83,84.53
428.25,30.9,69.4,1003.53,66.69
461.63,16.29,53.82,1014.97,73.15
464.61,12.46,40.73,1017.53,93.47
440.79,28.44,74.93,1013.88,52.0
460.51,17.85,45.64,1020.11,82.94
442.46,25.56,50.05,1005.67,69.29
433.99,23.85,72.43,1008.01,88.34
456.2,19.83,46.33,1013.27,96.4
442.75,24.12,62.44,1013.83,88.02
450.01,22.54,61.27,1019.12,54.02
485.36,8.94,41.38,1021.5,79.45
460.4,16.0,43.34,1013.58,78.87
425.12,32.83,74.16,1007.57,60.2
436.51,24.6,67.69,1008.67,67.69
451.38,17.9,52.08,1006.41,100.09
446.46,23.81,60.08,1017.29,62.66
426.25,30.55,68.24,1009.43,63.84
464.59,14.39,44.85,1014.19,75.16
479.64,8.36,40.67,1014.99,73.65
429.1,29.03,67.79,1010.67,55.42
473.56,17.68,44.92,1024.55,69.7
472.45,13.51,40.1,1014.29,86.34
452.85,19.11,60.29,1017.1,76.62
465.97,17.46,40.22,1006.7,91.96
444.06,23.7,64.45,1012.87,38.24
466.66,13.68,44.47,1027.81,69.53
444.99,26.39,49.02,1007.62,70.82
484.2,8.05,40.62,1018.16,73.67
468.43,18.4,40.79,1006.18,92.36
463.44,14.75,40.66,1016.7,81.65
433.24,31.66,73.91,1004.49,68.13
481.88,5.28,45.87,1008.25,97.88
434.67,24.42,65.94,1011.25,65.04
482.36,8.68,39.61,1021.54,77.98
442.66,25.68,68.27,1008.05,68.48
448.25,18.19,41.85,1014.93,61.37
485.01,4.44,38.44,1016.14,75.35
466.0,14.42,44.88,1019.35,59.17
475.61,10.57,41.55,1003.62,67.89
440.79,27.83,72.29,1012.04,48.86
442.16,28.94,62.26,1010.64,50.41
475.24,11.02,44.58,1016.4,83.57
440.79,29.05,75.6,1017.63,51.16
436.38,31.37,76.86,997.34,62.94
478.87,7.54,40.72,1023.82,85.15
434.02,27.57,70.36,1007.18,71.1
451.38,18.81,52.08,1004.43,99.6
465.97,14.54,41.16,1000.0,81.34
478.21,9.55,40.67,1018.56,70.72
449.8,18.55,46.48,1007.34,80.67
465.61,14.59,41.23,999.48,86.66
443.78,28.7,49.16,1004.42,36.51
464.7,14.63,40.0,1018.03,63.4
435.4,29.4,57.19,1008.34,53.95
446.76,20.76,57.25,1011.01,90.31
468.75,15.03,35.71,1015.26,56.55
462.25,13.42,40.92,1022.84,75.89
434.8,35.01,74.67,1016.1,26.3
456.2,17.34,47.03,1013.36,98.13
439.37,26.2,72.24,1011.3,78.29
463.05,17.48,44.71,1014.99,36.71
482.78,7.75,38.06,1020.83,83.39
446.76,18.99,59.27,1012.15,89.39
438.43,26.8,49.3,1003.86,62.75
432.76,31.7,69.13,1000.29,46.27
449.99,22.83,41.1,1002.0,38.62
446.46,22.42,62.52,1016.83,63.27
479.28,13.78,39.85,1012.7,71.99
451.41,24.81,60.95,1014.72,54.71
452.41,25.37,58.33,1013.49,51.42
447.03,21.24,44.57,1008.72,72.57
476.7,11.61,39.69,1006.85,83.69
454.26,15.79,49.21,1015.08,75.8
475.32,6.84,41.06,1021.04,89.59
434.16,25.53,71.85,1009.19,74.7
489.6,3.51,35.47,1017.53,86.56
483.12,7.0,35.77,1018.21,64.84
473.56,12.71,43.8,1023.15,71.16
438.16,25.33,71.73,1009.78,77.78
432.22,30.91,79.74,1006.92,56.32
473.56,17.79,43.52,1020.65,68.29
434.64,32.15,72.29,1010.13,50.19
457.03,16.96,63.31,1016.42,77.09
435.94,26.48,68.14,1004.83,55.96
460.57,19.88,47.03,1012.27,91.99
451.38,16.18,50.88,1014.06,100.09
489.02,10.59,38.38,1021.58,68.23
466.15,17.51,39.54,1010.22,71.53
442.75,23.63,63.57,1011.05,87.96
439.37,24.6,71.73,1010.08,78.77
437.42,28.01,73.18,1012.25,75.02
433.42,23.67,71.77,1004.76,86.13
460.51,15.21,43.5,1021.6,82.06
478.55,9.38,41.44,1015.09,86.8
459.14,14.93,41.79,1008.88,81.48
432.11,28.18,73.03,1014.18,67.72
451.49,24.86,60.77,1016.85,71.24
476.46,12.14,40.83,1010.56,78.31
432.7,31.24,72.39,999.47,68.17
449.91,25.2,65.59,1013.0,71.34
436.89,27.02,61.86,1012.38,70.28
447.93,27.09,59.15,1013.02,55.18
463.6,13.7,42.86,1030.68,79.77
491.54,6.61,38.91,1015.77,92.31
474.09,10.1,41.79,1019.36,78.07
433.08,23.02,69.94,1007.94,64.66
448.21,23.69,58.05,1012.08,74.26
436.62,22.5,64.69,1007.03,74.92
457.07,19.66,42.18,1001.51,95.75
450.86,24.71,60.77,1016.67,69.7
465.61,15.62,41.23,992.89,83.99
464.36,15.28,44.58,1016.45,83.07
448.79,20.67,57.5,1014.42,81.89
454.78,20.79,50.66,1013.39,77.93
444.99,24.54,48.41,1008.61,73.53
440.53,25.21,64.63,1020.56,51.31
425.5,34.18,67.9,1005.87,30.34
425.5,29.85,68.24,1007.01,30.99
460.57,18.37,44.89,1010.61,86.74
453.54,19.87,49.69,1012.23,68.57
440.43,25.28,66.25,1009.77,84.55
472.27,13.47,43.34,1012.75,87.04
464.39,13.7,43.22,1012.01,71.57
451.49,20.91,59.14,1017.25,74.7
444.84,19.09,65.94,1012.53,81.06
478.55,9.33,44.03,1011.73,86.04
478.55,10.11,44.85,1014.2,84.81
437.25,28.64,69.23,1013.11,37.13
429.1,29.86,69.34,1007.76,54.12
437.41,24.42,62.66,1007.65,71.57
466.87,13.49,43.41,1015.75,57.86
443.78,30.1,47.93,1002.64,42.06
473.56,9.43,43.69,1017.28,91.8
441.21,24.78,50.78,1008.81,62.97
452.85,20.6,60.08,1017.84,75.92
463.44,14.77,39.16,1016.12,81.88
451.38,17.26,49.78,1007.38,100.06
438.28,24.48,64.45,1014.69,51.43
446.45,25.57,44.05,1005.79,65.14
475.85,11.82,41.17,1019.5,55.74
433.08,25.46,70.32,1010.65,64.7
443.01,23.75,59.07,1007.73,88.82
440.8,24.2,59.43,1009.69,62.3
431.83,27.62,72.43,1007.54,71.33
468.66,14.4,42.18,1015.47,77.7
472.27,14.1,43.34,1012.91,86.45
481.28,6.07,41.14,1027.57,86.98
455.05,17.31,58.49,1011.8,92.77
478.37,9.19,42.44,1014.38,94.24
461.55,17.5,42.44,1012.55,76.85
456.5,20.57,63.78,1016.76,74.0
467.44,12.28,41.49,1019.73,94.79
446.44,22.99,61.02,1009.88,81.56
436.89,28.38,64.05,1010.19,71.84
461.96,17.57,44.06,1015.43,72.75
468.02,8.36,38.91,1016.27,88.82
488.56,4.86,39.4,1012.73,91.39
466.63,16.7,40.56,1019.04,50.9
491.54,6.22,39.33,1012.31,93.23
440.53,27.47,63.78,1016.07,48.47
437.39,21.99,71.85,1009.5,74.77
437.41,24.67,61.5,1009.06,72.77
471.23,8.62,42.49,1009.06,86.93
442.26,18.14,67.71,1003.82,95.69
452.85,20.33,57.76,1016.47,75.35
437.67,26.1,58.9,1004.18,71.63
480.38,4.0,39.9,1008.46,97.21
445.22,22.26,60.37,1008.14,92.37
447.0,23.57,64.15,1020.95,68.19
454.4,17.7,43.69,1016.98,61.98
465.88,9.47,41.4,1026.21,89.08
456.4,16.69,50.9,1013.21,84.98
485.36,9.82,41.04,1026.72,77.28
478.37,10.78,41.93,1015.56,95.71
439.87,25.63,48.92,1009.99,34.64
475.88,9.29,35.77,1015.34,63.29
472.32,9.86,37.83,1005.05,100.15
472.11,11.37,40.56,1017.56,64.8
434.68,25.79,70.4,1007.11,86.03
431.44,24.93,70.32,1007.34,61.25
440.87,28.41,75.6,1018.48,56.07
466.75,9.25,41.26,1020.51,91.21
434.16,26.49,71.73,1010.07,74.48
459.14,15.98,39.64,1009.31,81.21
444.85,20.77,56.85,1012.4,83.63
472.12,13.69,41.74,1021.19,60.86
442.75,26.03,64.44,1012.75,62.24
475.8,9.43,41.4,1028.03,84.98
433.42,26.37,69.84,1002.71,83.51
484.2,7.64,41.17,1020.01,75.14
449.98,28.76,51.43,1011.88,49.79
435.28,27.84,68.08,1013.34,46.19
476.18,9.42,39.64,1010.86,74.03
448.04,25.08,51.43,1011.8,71.98
436.7,21.73,61.45,1010.27,91.59
485.57,5.18,41.31,1000.59,92.14
442.45,21.17,58.46,1017.71,83.98
433.25,22.52,66.48,1003.87,78.29
479.28,12.76,41.48,1014.06,70.34
442.59,27.71,62.39,1006.43,68.21
448.04,24.66,48.78,1018.39,71.79
468.63,7.2,40.02,1031.71,69.89
483.04,6.14,39.4,1011.21,90.87
442.45,23.0,60.27,1018.72,84.25
468.43,13.26,42.99,1007.58,94.26
449.06,22.34,52.84,1004.05,73.96
472.12,12.31,37.73,1023.3,63.01
444.85,23.63,58.98,1010.99,81.16
441.17,23.39,68.51,1013.09,78.6
430.29,28.8,71.77,1006.41,66.03
434.15,23.28,72.24,1011.3,90.5
426.14,28.6,71.22,1003.15,58.33
463.49,15.89,41.7,1018.93,82.68
464.36,15.46,42.07,1017.9,81.12
441.91,22.86,62.4,1010.59,78.24
436.7,20.9,67.07,1005.43,82.85
461.78,17.75,49.25,1020.86,63.67
440.53,25.93,60.29,1017.62,50.03
446.45,23.99,50.32,1008.41,67.4
445.22,18.76,56.53,1020.04,86.62
485.01,7.44,38.5,1012.81,70.27
449.23,25.18,65.06,1013.64,55.77
478.08,9.12,41.49,1020.58,96.23
447.73,20.01,59.87,1019.0,84.12
437.06,30.66,73.77,1003.13,78.09
428.49,32.2,72.29,1008.61,69.94
466.66,14.77,44.47,1028.38,71.18
469.29,13.48,39.35,1014.56,81.25
445.86,20.64,61.86,1012.81,99.97
459.39,17.42,44.06,1016.63,82.15
453.2,18.76,58.79,1016.66,88.22
433.24,31.16,69.88,1007.01,68.28
457.55,18.05,56.03,1020.69,77.87
475.32,7.29,41.04,1024.06,89.19
429.38,30.36,68.08,1010.76,51.32
479.64,8.81,43.14,1012.46,73.99
455.25,21.17,59.8,1016.06,77.73
457.68,18.0,43.7,1015.4,61.28
471.46,13.2,44.9,1022.43,87.68
426.82,28.16,70.72,1009.81,65.32
470.19,14.84,43.69,1016.31,68.67
426.25,30.2,70.02,1009.85,63.39
478.98,6.53,42.85,1012.65,91.6
440.79,29.51,75.6,1017.92,50.61
464.7,12.58,39.72,1018.08,64.25
474.56,12.12,38.28,1013.7,91.27
478.08,3.74,35.19,1018.58,98.84
434.64,30.98,71.29,1008.78,47.7
466.66,14.09,44.47,1029.08,72.36
441.11,24.84,56.89,1012.15,67.24
465.77,14.79,44.06,1018.53,74.79
485.36,9.7,40.71,1025.63,80.34
441.41,28.55,65.27,1013.34,48.95
454.71,20.98,42.23,1012.9,70.7
460.4,15.86,39.82,1013.12,77.37
459.14,15.29,41.35,1006.32,82.56
463.49,13.31,42.18,1016.0,83.94
465.97,16.78,39.63,1005.84,87.91
457.68,19.66,45.01,1014.42,60.14
446.46,23.73,59.15,1014.08,62.65
430.96,33.63,77.54,1009.82,58.04
432.7,25.56,69.13,1002.46,68.26
434.7,27.95,77.54,1010.12,78.97
441.34,26.92,67.25,1017.74,61.68
479.95,10.2,41.46,1019.12,83.26
455.17,16.09,65.46,1013.84,85.52
430.96,33.82,77.17,1008.96,58.91
460.06,13.85,44.9,1019.11,76.79
454.71,15.24,39.39,1013.01,74.24
480.38,10.03,43.72,1011.46,96.89
455.05,17.2,58.49,1012.06,92.01
467.44,12.72,40.64,1021.11,93.24
431.44,25.97,70.32,1007.48,57.01
478.02,10.1,40.22,1007.1,90.36
482.31,10.48,37.5,1009.81,95.26
433.75,25.84,69.14,1009.22,88.47
459.39,18.51,48.06,1015.14,79.83
450.86,22.82,60.08,1017.95,65.71
475.32,8.76,40.96,1025.21,90.72
483.04,6.49,39.33,1010.85,91.85
453.54,21.01,50.9,1012.24,70.82
475.96,13.31,40.1,1014.81,82.11
427.65,26.13,71.64,1004.16,87.18
491.23,5.34,39.22,1012.73,81.42
485.36,8.72,40.72,1023.48,77.87
433.08,25.32,71.94,1009.94,62.93
444.51,25.68,58.41,1013.71,70.61
451.49,24.04,60.77,1017.62,75.23
447.73,20.21,60.84,1018.5,82.73
452.41,25.97,57.32,1012.13,47.48
439.55,25.68,46.21,1011.01,57.53
444.84,19.51,66.51,1015.28,80.75
428.61,27.57,71.32,1002.59,76.68
481.46,10.15,41.46,1019.78,83.56
451.93,13.75,41.49,1019.9,88.23
471.8,11.02,41.44,1015.28,83.53
464.14,19.44,39.53,1006.99,63.18
460.59,14.83,53.82,1016.57,63.47
430.19,25.59,61.5,1009.12,68.0
430.32,27.29,71.32,1006.39,81.59
426.67,31.04,66.54,1003.83,53.05
427.04,28.15,72.24,1010.88,62.39
433.08,25.3,71.29,1007.86,62.98
465.88,10.76,40.78,1023.81,87.96
484.33,6.81,37.49,1010.74,88.25
434.78,25.41,77.54,1009.68,89.09
472.32,9.82,37.83,1005.29,100.07
468.14,15.3,43.67,1011.75,95.31
475.96,12.64,40.69,1015.86,82.06
466.2,12.51,41.92,1031.21,64.66
453.2,17.78,58.95,1016.32,89.61
434.64,28.4,75.23,1011.12,55.01
479.95,7.49,39.81,1018.2,85.96
485.36,11.67,42.74,1025.92,79.57
435.28,28.68,70.32,1008.51,45.73
476.7,10.24,39.28,1010.13,81.61
454.26,22.95,45.61,1013.65,73.92
480.38,7.95,41.26,1008.48,97.92
489.79,5.72,40.81,1025.78,92.46
436.17,24.24,68.3,1018.03,81.51
427.04,30.01,73.18,1012.23,60.9
471.23,9.36,44.03,1010.3,87.2
447.0,22.44,63.86,1020.0,64.83
445.85,21.39,64.27,1011.71,95.39
438.28,26.78,66.54,1010.14,49.01
466.87,16.76,45.09,1014.28,57.71
480.38,10.12,43.72,1011.33,97.62
450.57,19.84,65.48,1019.54,76.6
435.28,28.32,66.54,1010.28,45.6
489.79,8.25,41.26,1020.59,91.84
433.25,24.2,68.67,1006.72,78.08
431.37,28.32,71.32,1008.02,78.82
449.81,22.29,61.27,1019.05,58.23
426.25,29.05,69.71,1009.03,64.25
449.8,17.34,46.48,1007.18,83.15
468.4,17.25,39.39,1014.27,67.8
464.36,13.82,42.32,1016.32,81.19
434.7,27.05,77.95,1009.57,76.56
462.25,15.99,43.5,1021.34,73.22
444.51,26.01,58.41,1013.56,70.84
429.1,31.31,67.48,1009.71,57.06
444.06,25.57,65.46,1014.81,38.58
473.56,16.74,38.01,1022.63,69.19
454.66,20.35,56.53,1020.23,70.05
484.2,6.71,39.37,1020.28,71.15
463.13,12.84,39.54,1011.47,89.86
429.1,29.57,67.83,1009.19,55.74
448.98,20.46,51.43,1010.06,83.79
434.64,29.29,71.14,1011.49,49.97
472.16,10.13,38.16,1013.57,79.04
437.67,26.93,59.54,1004.02,75.5
466.87,14.39,43.56,1012.97,59.17
491.23,5.18,40.27,1010.84,81.64
446.76,20.1,57.17,1011.96,87.68
476.46,8.53,43.14,1012.25,78.88
448.25,24.1,52.84,1006.47,47.58
479.78,9.29,34.03,1018.84,74.81
451.49,22.07,58.95,1017.98,75.83
440.43,23.57,61.47,1009.27,84.17
455.25,20.45,59.8,1015.13,79.21
478.37,9.97,41.62,1013.99,96.02
431.83,26.62,76.2,1006.06,69.13
431.37,27.11,69.59,1008.56,79.2
451.58,19.51,48.78,1021.03,86.33
457.55,18.01,54.9,1017.04,77.82
470.19,14.41,40.71,1016.78,69.77
438.16,24.66,72.24,1011.35,77.45
478.21,10.59,41.54,1019.94,73.88
476.03,12.28,40.55,1005.72,98.56
481.46,11.19,40.64,1020.57,84.49
463.49,14.62,42.86,1015.56,84.5
472.16,10.05,37.14,1012.64,75.97
442.66,24.91,71.29,1008.29,69.06
434.64,30.96,69.82,1009.6,51.55
437.43,30.31,74.16,1010.69,58.81
461.55,17.47,43.77,1012.25,76.78
427.04,30.36,71.8,1010.9,63.27
439.4,25.06,44.57,1007.39,56.07
454.71,20.57,42.8,1013.1,75.48
456.4,17.79,46.21,1010.38,85.25
455.09,18.51,50.9,1012.95,82.71
464.7,13.21,40.56,1018.12,64.49
441.41,30.24,68.3,1016.21,48.25
449.23,24.4,67.45,1015.63,57.1
476.01,8.72,40.02,1031.32,78.09
475.21,11.16,40.96,1023.49,83.7
451.58,20.28,48.78,1017.4,82.51
484.2,8.57,41.17,1020.18,72.47
434.64,31.2,73.17,1010.28,53.23
443.1,21.83,63.07,1011.57,87.02
466.66,14.43,44.47,1028.57,70.7
426.82,31.35,70.8,1010.11,66.37
475.85,12.27,41.17,1019.41,58.1
472.43,10.09,41.62,1015.21,96.56
479.78,5.24,38.68,1018.03,78.65
483.04,7.14,39.4,1011.68,91.84
475.01,6.63,39.42,1024.81,72.58
438.28,27.37,65.06,1013.09,50.92
427.04,30.39,71.8,1010.87,64.11
456.4,15.75,47.45,1009.86,86.68
431.44,28.82,71.43,1011.51,58.58
434.16,24.0,75.23,1010.69,72.46
431.83,28.17,72.43,1007.37,68.92
433.34,27.2,78.05,1010.15,90.2
425.27,30.08,68.14,1003.99,77.38
481.41,9.65,41.03,1021.09,64.97
445.28,28.15,70.72,1009.76,73.38
447.91,27.21,68.12,1012.96,54.69
466.2,14.65,41.92,1030.61,63.07
435.28,32.18,65.74,1010.89,46.52
475.8,7.57,41.14,1028.23,87.97
448.25,27.2,49.16,1005.33,46.73
444.85,25.89,59.22,1013.4,80.17
436.51,25.01,66.56,1009.68,64.94
436.51,26.68,68.08,1011.41,67.33
456.4,17.72,50.9,1012.02,85.55
434.64,28.62,70.94,1007.38,53.0
442.87,27.06,61.41,1011.99,45.23
433.25,24.27,74.99,1007.73,82.49
429.86,32.15,69.98,1013.3,55.13
454.71,17.08,38.58,1015.41,73.42
454.26,22.08,45.61,1014.02,75.71
462.6,13.27,52.75,1025.86,65.12
426.25,30.24,68.24,1009.68,64.67
475.96,13.13,40.75,1016.05,80.87
440.8,26.2,63.56,1013.39,67.07
472.43,9.74,41.01,1019.12,98.39
443.33,23.83,58.79,1009.77,78.13
451.49,24.49,60.27,1018.96,72.62
442.75,26.66,64.27,1012.83,58.88
463.03,14.42,44.66,1016.1,93.89
475.24,10.76,44.58,1016.41,79.24
450.86,21.79,58.2,1017.21,66.74
475.01,9.51,38.38,1022.77,73.82
451.93,11.06,41.16,1018.52,89.14
436.5,27.69,69.71,1009.9,69.91
456.18,20.48,39.72,1001.61,57.32
450.57,22.03,64.79,1017.95,76.2
486.14,5.81,45.87,1009.63,94.38
451.93,12.23,41.58,1018.76,87.66
474.52,6.29,40.78,1024.75,96.37
443.33,24.64,58.79,1009.82,73.96
433.08,24.05,67.83,1009.35,63.8
477.14,11.06,36.71,1021.67,80.44
426.14,32.49,71.32,1005.03,57.12
448.21,19.69,57.32,1012.41,75.51
450.71,23.82,44.89,1009.39,74.69
479.95,11.0,40.23,1019.08,86.5
465.88,10.15,41.14,1025.5,91.54
433.63,23.41,74.99,1007.22,84.55
442.86,19.31,67.71,1005.31,77.15
435.28,30.34,68.08,1010.85,49.4
440.89,25.2,57.5,1015.19,59.62
436.7,28.26,69.23,1013.01,42.1
433.97,23.39,73.5,1011.37,88.48
483.83,5.98,39.61,1017.27,84.86
427.04,29.62,73.18,1012.21,61.6
437.39,22.59,70.32,1007.07,74.39
446.76,21.53,58.05,1012.9,87.57
470.19,15.86,38.62,1016.65,67.51
462.25,12.36,40.56,1022.11,72.99
452.85,21.09,59.8,1016.94,76.95
451.49,25.07,60.27,1018.13,70.33
426.67,31.12,67.69,1005.3,50.46
426.67,30.27,64.69,1006.3,53.69
450.57,19.48,63.09,1019.28,78.04
471.46,12.95,43.71,1025.63,90.7
439.67,23.62,67.45,1014.63,59.8
436.7,18.93,67.71,1005.04,82.4
466.38,14.57,42.18,1015.13,74.89
450.86,22.75,57.76,1017.83,66.54
427.67,25.5,67.83,1009.29,61.29
434.8,29.67,66.51,1015.6,34.1
433.42,25.88,69.13,1002.44,85.67
468.66,14.57,39.28,1015.1,76.94
466.71,13.44,42.34,1018.0,96.65
466.38,18.67,44.06,1017.13,77.18
431.37,29.53,71.97,1008.6,79.25
461.63,18.31,52.9,1015.99,66.14
457.29,13.09,41.62,1011.82,83.14
438.43,26.56,52.3,1007.4,62.04
472.16,10.46,37.5,1013.12,76.74
449.99,20.73,41.1,1001.86,47.51
434.7,28.82,77.24,1008.35,78.93
426.82,28.52,70.72,1009.64,66.76
460.59,16.13,53.82,1015.63,63.08
447.0,22.82,64.63,1020.78,66.73
447.13,22.84,67.32,1013.77,64.67
429.1,30.56,69.04,1009.29,55.73
432.34,29.9,74.99,1002.28,59.76
484.2,8.47,41.03,1021.72,70.16
434.64,27.89,70.94,1007.54,49.18
474.09,12.12,41.17,1017.68,78.72
454.4,20.42,45.01,1012.23,66.5
432.76,33.2,73.88,1005.67,48.48
440.8,23.62,56.85,1011.11,64.44
468.43,14.79,46.48,1007.46,92.4
453.26,19.94,44.63,1004.73,78.48
456.86,17.16,53.16,1013.2,82.85
468.02,8.67,40.77,1011.81,89.4
446.44,21.41,56.9,1007.03,79.41
471.23,7.93,42.28,1008.43,85.57
426.25,29.7,67.17,1007.31,66.56
460.16,15.84,41.04,1025.64,63.43
441.17,25.63,69.89,1015.17,77.42
478.98,5.71,45.87,1012.04,93.42
442.66,25.31,67.9,1006.34,68.04
431.83,29.65,72.86,1004.26,69.63
436.16,20.0,69.48,1011.05,85.51
462.25,13.78,41.16,1021.65,75.77
464.36,14.14,43.34,1017.1,81.77
433.75,23.65,71.98,1006.09,93.39
466.87,15.33,43.13,1015.41,53.17
439.87,26.98,43.77,1010.95,40.8
433.57,29.29,70.36,1006.64,60.82
433.24,30.85,68.94,1007.31,68.99
476.31,11.35,38.91,1017.93,83.45
450.46,30.26,59.22,1013.18,61.08
430.29,28.16,71.94,1007.69,68.17
433.5,34.03,73.56,1006.49,51.07
446.76,20.15,58.59,1014.13,91.96
456.86,17.01,50.9,1013.23,82.03
471.8,9.88,40.71,1015.34,84.32
462.25,12.71,41.39,1019.3,74.2
437.43,30.89,74.87,1008.99,56.58
478.02,10.84,40.27,1005.24,87.27
450.46,27.34,59.87,1012.06,59.04
454.4,14.81,44.88,1019.1,66.7
454.4,18.2,45.01,1013.82,68.14
451.49,22.7,60.84,1019.15,71.48
445.86,22.43,63.94,1012.76,93.24
442.87,30.0,61.5,1009.4,48.63
441.11,25.72,59.21,1012.37,66.62
444.64,20.88,56.85,1010.91,84.28
430.9,28.31,66.17,1009.75,72.66
463.36,12.42,41.58,1019.49,86.31
454.66,21.35,58.16,1017.21,67.66
431.16,26.66,73.56,1006.9,99.27
456.2,16.61,45.87,1009.34,97.93
452.85,17.14,58.16,1018.59,77.22
464.14,20.98,42.23,1013.12,67.37
467.05,13.41,54.3,1016.48,79.28
454.18,11.99,49.83,1008.33,95.2
459.14,17.27,44.9,1007.85,78.8
442.33,22.58,59.14,1017.2,80.91
450.32,18.89,58.66,1010.96,84.07
434.15,22.41,70.98,1005.67,95.03
437.76,24.06,69.94,1005.47,60.46
426.82,30.37,76.09,1006.95,65.93
472.12,13.42,41.74,1020.96,61.8
471.23,10.63,42.28,1008.37,92.68
472.32,10.94,25.36,1009.47,100.1
430.96,31.0,77.95,1010.14,65.97
489.79,8.47,41.26,1020.57,91.28
447.8,18.33,52.08,1001.78,100.09
434.02,28.43,69.59,1008.79,73.33
451.41,24.97,58.95,1017.19,56.24
465.94,10.5,39.28,1016.55,91.75
434.18,27.35,77.95,1017.43,73.36
444.37,25.06,64.63,1020.66,54.93
426.25,29.39,68.24,1009.06,66.76
449.9,24.18,58.49,1011.3,77.82
455.42,15.75,39.99,1007.02,77.44
471.07,10.32,42.02,998.27,99.12
461.16,17.36,39.53,1008.28,68.87
475.85,12.27,41.17,1019.41,58.1
470.19,15.11,40.71,1017.96,69.31
445.6,22.2,63.94,1017.38,56.17
440.67,22.88,59.21,1011.51,86.93
440.79,28.96,75.23,1010.88,49.45
486.06,5.35,35.57,1027.12,80.81
446.1,20.2,64.45,1009.03,61.77
475.01,11.01,37.5,1015.08,73.36
464.88,15.5,44.92,1024.16,86.44
443.1,20.19,62.26,1011.37,89.69
441.93,24.95,64.33,1011.34,81.05
456.4,19.7,51.3,1014.88,88.1
438.28,28.57,65.27,1013.27,51.11
474.52,8.07,41.01,1023.26,97.5
436.62,19.68,68.28,1002.62,71.57
489.02,8.64,38.56,1016.51,66.03
472.32,10.53,37.5,1008.55,99.91
444.99,23.53,50.05,1005.63,78.4
441.34,24.9,67.25,1017.77,66.17
480.53,5.01,39.4,1003.69,91.9
436.7,22.66,69.84,1006.16,82.79
452.41,29.76,57.19,1008.59,51.1
447.93,26.3,61.41,1012.45,56.85
432.76,30.17,74.22,1007.46,49.27
489.79,8.02,40.23,1017.42,90.26
451.38,19.12,50.16,1011.52,99.71
466.38,14.87,42.18,1015.23,74.41
478.37,9.71,42.44,1014.29,94.03
433.25,24.33,77.54,1008.5,82.45
484.33,7.17,39.4,1011.48,90.38
450.86,24.61,62.96,1020.1,63.83
443.8,23.48,66.44,1011.28,61.11
434.11,23.7,70.32,1007.21,66.85
439.37,25.44,69.59,1008.22,80.73
447.73,17.46,62.1,1019.96,83.99
443.33,22.97,62.4,1010.25,75.18
443.67,26.22,49.82,1015.48,55.8
436.62,23.27,68.28,1005.01,74.83
451.93,11.76,41.58,1020.91,88.35
475.96,14.02,40.1,1015.56,82.44
460.57,16.65,49.69,1014.01,91.0
473.56,13.19,39.18,1023.67,66.78
437.65,31.32,74.33,1012.92,36.48
439.67,24.48,69.45,1013.86,62.39
450.86,21.6,62.52,1017.23,67.87
