date,HUFL,HULL,MUFL,MULL,LUFL,LULL,OT
2016/7/1 0:00,5.827000141,2.009000063,1.598999977,0.462000012,4.203000069,1.340000033,10.520550713275503
2016/7/1 1:00,5.69299984,2.075999975,1.491999984,0.425999999,4.142000198,1.371000051,17.11691566453757
2016/7/1 2:00,5.157000065,1.741000056,1.279000044,0.354999989,3.77699995,1.218000054,27.78700066
2016/7/1 3:00,5.090000153,1.942000031,1.279000044,0.391000003,3.806999922,1.279000044,16.84583225208622
2016/7/1 4:00,5.357999802,1.942000031,1.491999984,0.462000012,3.868000031,1.279000044,21.94799995
2016/7/1 5:00,5.625999928,2.142999887,1.527999997,0.532999992,4.051000118,1.371000051,25.680778434651618
2016/7/1 6:00,7.166999817,2.947000027,2.131999969,0.782000005,5.026000023,1.85800004,12.428366498926202
2016/7/1 7:00,7.434999943,3.282000065,2.309999943,1.031000018,5.086999893,2.223999977,23.1439991
2016/7/1 8:00,5.559000015,3.013999939,2.451999903,1.172999978,2.954999924,1.432000041,21.66699982
2016/7/1 9:00,4.554999828,2.545000076,1.91900003,0.816999972,2.680000067,1.371000051,17.44599915
2016/7/1 10:00,4.956999779,2.545000076,1.99000001,0.852999985,2.954999924,1.491999984,19.97900009
2016/7/1 11:00,5.760000229,2.545000076,2.203000069,0.852999985,3.441999912,1.491999984,17.220621538395577
2016/7/1 12:00,4.68900013,2.545000076,1.812000036,0.852999985,2.832999945,1.523000002,17.64247326486796
2016/7/1 13:00,4.68900013,2.678999901,1.77699995,1.243999958,3.107000113,1.613999963,21.892607504396853
2016/7/1 14:00,5.090000153,2.947000027,2.451999903,1.350000024,2.559000015,1.432000041,16.820847944428575
2016/7/1 15:00,5.090000153,3.148000002,2.486999989,1.350000024,2.588999987,1.523000002,17.30500031
2016/7/1 16:00,4.21999979,2.411000013,1.70599997,0.782000005,2.618999958,1.491999984,27.310845865209394
2016/7/1 17:00,4.756000042,2.344000101,1.63499999,0.711000025,3.075999975,1.491999984,20.90899324254076
2016/7/1 18:00,5.625999928,2.880000114,2.523000002,1.207999945,3.075999975,1.491999984,16.922317458763406
2016/7/1 19:00,5.492000103,3.013999939,2.451999903,1.207999945,3.015000105,1.552999973,12.85480427931126
2016/7/1 20:00,5.357999802,3.013999939,2.451999903,1.207999945,2.862999916,1.523000002,17.86800003
2016/7/1 21:00,5.090000153,2.947000027,2.381000042,1.207999945,2.680000067,1.523000002,18.603950916606014
2016/7/1 22:00,4.822999954,2.947000027,2.203000069,1.172999978,2.618999958,1.523000002,18.00900078
2016/7/1 23:00,4.622000217,2.880000114,2.131999969,1.136999965,2.467000008,1.491999984,23.905300746921316
2016/7/2 0:00,5.223999977,3.08100009,2.700999975,1.315000057,2.437000036,1.523000002,19.410758568515718
2016/7/2 1:00,5.157000065,3.013999939,2.878000021,1.350000024,2.345000029,1.432000041,16.560479716044803
2016/7/2 2:00,5.157000065,3.148000002,2.878000021,1.491999984,2.28399992,1.432000041,25.955874107963684
2016/7/2 3:00,5.157000065,3.08100009,2.914000034,1.491999984,2.193000078,1.401000023,20.75200081
2016/7/2 4:00,4.554999828,3.08100009,2.451999903,1.491999984,2.193000078,1.401000023,22.963746500691858
2016/7/2 5:00,5.425000191,3.282000065,3.092000008,1.70599997,2.437000036,1.462000012,11.808051774998386
2016/7/2 6:00,5.492000103,3.282000065,2.523000002,1.491999984,2.984999895,1.462000012,18.74479110404483
2016/7/2 7:00,5.625999928,3.214999914,2.486999989,1.491999984,3.075999975,1.523000002,21.10400009
2016/7/2 8:00,5.559000015,3.282000065,2.594000101,1.669999957,2.924000025,1.523000002,20.61199951
2016/7/2 9:00,5.223999977,3.214999914,2.559000015,1.56400001,2.680000067,1.462000012,14.489358797618248
2016/7/2 10:00,9.913000107,4.956999779,6.644999981,3.305000067,3.046000004,1.552999973,20.96299934
2016/7/2 11:00,11.78800011,5.425000191,8.173000336,2.523000002,3.686000109,1.674999952,19.41600037
2016/7/2 12:00,9.645000458,4.956999779,6.751999855,2.131999969,3.107000113,1.827999949,16.729172399776502
2016/7/2 13:00,10.38199997,5.760000229,7.461999893,2.559000015,2.984999895,1.76699996,24.422713462711304
2016/7/2 14:00,8.774000168,4.68900013,6.111999989,2.025000095,2.894000053,1.91900003,21.791029495415447
2016/7/2 15:00,10.44900036,5.157000065,6.965000153,2.451999903,2.772000074,1.735999942,20.784170396203997
2016/7/2 16:00,9.845999718,4.822999954,7.035999775,2.664999962,2.894000053,1.76699996,16.950228979189685
2016/7/2 17:00,9.913000107,4.822999954,6.894000053,2.415999889,3.229000092,1.735999942,25.4659996
2016/7/2 18:00,10.64999962,4.68900013,6.928999901,2.451999903,3.381000042,1.797000051,25.88800049
2016/7/2 19:00,10.11400032,4.354000092,6.644999981,1.812000036,3.107000113,1.735999942,17.564220287662206
2016/7/2 20:00,9.979999542,4.152999878,6.573999882,1.953999996,3.411000013,1.76699996,21.256847367947675
2016/7/2 21:00,9.31000042,4.21999979,6.005000114,2.131999969,3.229000092,1.85800004,23.565599314775156
2016/7/2 22:00,9.444000244,4.622000217,6.965000153,2.167999983,2.954999924,1.85800004,13.16062740639727
2016/7/2 23:00,9.444000244,4.287000179,6.822999954,2.559000015,2.588999987,1.735999942,17.39452849935467
2016/7/3 0:00,10.38199997,5.425000191,7.604000092,2.309999943,2.954999924,1.674999952,29.33499908
2016/7/3 1:00,9.779000282,5.223999977,6.71600008,2.842999935,2.650000095,1.674999952,17.341684844337856
2016/7/3 2:00,10.38199997,4.68900013,7.320000172,2.203000069,2.984999895,1.85800004,27.939733891803538
2016/7/3 3:00,9.779000282,4.152999878,6.822999954,1.99000001,2.528000116,1.674999952,18.631688670390016
2016/7/3 4:00,10.71700001,4.756000042,7.355999947,2.806999922,2.650000095,1.797000051,25.95800018
2016/7/3 5:00,10.31499958,4.68900013,7.390999794,2.451999903,2.924000025,1.85800004,27.120383353370862
2016/7/3 6:00,12.59200001,5.223999977,8.670999527,2.203000069,3.71600008,1.949000001,25.32500076
2016/7/3 7:00,11.11900043,4.622000217,7.888999939,2.842999935,3.625,1.91900003,23.63699913
2016/7/3 8:00,10.64999962,4.421000004,7.035999775,2.025000095,3.594000101,1.91900003,21.132127945356075
2016/7/3 9:00,10.04699993,4.21999979,6.43200016,1.669999957,3.686000109,1.949000001,27.36499977
2016/7/3 10:00,11.72099972,5.090000153,7.888999939,2.559000015,3.563999891,1.85800004,26.436912848014295
2016/7/3 11:00,12.12300014,5.357999802,8.065999985,2.486999989,4.081999779,1.91900003,19.408741165142246
2016/7/3 12:00,9.979999542,5.022999763,6.857999802,2.559000015,3.289999962,1.85800004,19.475079746480503
2016/7/3 13:00,9.243000031,4.956999779,6.289999962,2.630000114,3.137000084,1.888000011,29.96800041
2016/7/3 14:00,10.18099976,5.425000191,7.177999973,3.019999981,3.075999975,1.888000011,30.38999939
2016/7/3 15:00,9.645000458,5.425000191,7.106999874,2.664999962,3.015000105,1.827999949,31.16399956
2016/7/3 16:00,9.779000282,4.889999866,6.502999783,2.984999895,3.075999975,2.00999999,19.580208214478382
2016/7/3 17:00,11.11900043,5.157000065,7.320000172,2.914000034,3.806999922,1.980000019,27.264971081231717
2016/7/3 18:00,11.05200005,4.956999779,7.390999794,2.523000002,3.686000109,1.980000019,19.161038214867794
2016/7/3 19:00,10.7840004,4.889999866,7.214000225,2.486999989,3.594000101,1.888000011,28.56100082
2016/7/3 20:00,11.18599987,4.889999866,7.177999973,2.345000029,3.960000038,1.91900003,18.78023930152898
2016/7/3 21:00,10.44900036,4.889999866,6.610000134,2.309999943,3.806999922,2.040999889,17.550295064101817
2016/7/3 22:00,9.578000069,5.760000229,6.787000179,3.127000093,3.259000063,1.888000011,24.1921939470808
2016/7/3 23:00,9.31000042,5.760000229,6.610000134,3.055999994,3.167999983,1.888000011,27.321397467749712
2016/7/4 0:00,9.913000107,5.894000053,6.254000187,2.630000114,3.015000105,1.85800004,21.66699982
2016/7/4 1:00,8.975000381,4.956999779,6.289999962,2.664999962,2.862999916,1.827999949,25.5359993
2016/7/4 2:00,8.640000343,4.822999954,6.147999763,2.594000101,2.924000025,1.827999949,27.85700035
2016/7/4 3:00,9.175999641,5.492000103,5.578999996,2.381000042,2.862999916,1.85800004,27.9279995
2016/7/4 4:00,9.109000206,4.822999954,5.650000095,2.523000002,2.772000074,1.797000051,27.44409831835011
2016/7/4 5:00,9.845999718,5.559000015,5.96999979,2.948999882,3.107000113,1.888000011,15.883379609037577
2016/7/4 6:00,11.5880003,5.425000191,7.390999794,2.806999922,3.806999922,1.980000019,7.60329959077223
2016/7/4 7:00,11.78800011,6.09499979,7.214000225,2.984999895,3.898999929,2.040999889,22.51099968
2016/7/4 8:00,10.58300018,5.960999966,7.143000126,2.914000034,3.654999971,2.071000099,4.843568133697308
2016/7/4 9:00,11.5880003,6.296000004,7.568999767,3.055999994,3.471999884,2.00999999,11.451887202936788
2016/7/4 10:00,11.92199993,6.229000092,7.710999966,3.055999994,3.746000051,1.949000001,25.18400002
2016/7/4 11:00,12.32400036,5.559000015,8.421999931,3.233999968,4.203000069,1.980000019,21.350101051467007
2016/7/4 12:00,10.38199997,5.894000053,6.857999802,2.630000114,3.563999891,1.949000001,19.197078567508758
2016/7/4 13:00,10.04699993,5.425000191,6.751999855,3.019999981,3.319999933,1.949000001,27.988040723616976
2016/7/4 14:00,10.51599979,6.027999878,7.106999874,3.375999928,3.137000084,1.91900003,17.188471015769995
2016/7/4 15:00,10.71700001,6.09499979,6.787000179,3.019999981,3.167999983,2.00999999,31.72599983
2016/7/4 16:00,9.979999542,5.022999763,6.502999783,2.559000015,3.441999912,2.040999889,33.13299942
2016/7/4 17:00,11.31999969,5.090000153,7.355999947,2.451999903,3.868000031,2.040999889,9.891438697423162
2016/7/4 18:00,11.38700008,4.956999779,7.355999947,2.451999903,4.295000076,2.193000078,28.9829998
2016/7/4 19:00,9.376999855,3.88499999,6.894000053,2.239000082,2.467000008,1.187999964,17.09402687447737
2016/7/4 20:00,10.11400032,4.085999966,7.143000126,2.239000082,2.954999924,1.462000012,25.18400002
2016/7/4 21:00,10.38199997,4.822999954,6.894000053,2.309999943,3.503000021,2.00999999,30.53100014
2016/7/4 22:00,9.645000458,4.889999866,6.610000134,1.91900003,3.259000063,1.91900003,27.64599991
2016/7/4 23:00,12.72599983,6.497000217,9.345999718,3.482000113,3.167999983,1.980000019,25.428005063481265
2016/7/5 0:00,11.98900032,5.625999928,8.777000427,2.948999882,3.197999954,1.980000019,25.95800018
2016/7/5 1:00,12.52499962,6.296000004,8.954999924,3.163000107,3.137000084,2.00999999,23.164244611697313
2016/7/5 2:00,12.32400036,6.296000004,8.812999725,3.375999928,2.984999895,1.91900003,26.02799988
2016/7/5 3:00,10.71700001,5.425000191,8.065999985,2.878000021,2.832999945,1.85800004,28.91300011
2016/7/5 4:00,11.31999969,5.625999928,7.676000118,2.630000114,3.046000004,1.888000011,18.59983474536905
2016/7/5 5:00,10.85099983,4.68900013,6.822999954,1.883000016,3.319999933,2.040999889,31.864559840360414
2016/7/5 6:00,13.32900047,5.425000191,8.883999825,2.736000061,4.081999779,1.949000001,32.7820015
2016/7/5 7:00,11.45400047,5.223999977,7.853000164,2.772000074,3.654999971,2.00999999,22.244242024810507
2016/7/5 8:00,11.05200005,5.960999966,7.461999893,3.127000093,3.563999891,2.101999998,30.31999969
2016/7/5 9:00,10.98499966,6.027999878,7.532999992,2.700999975,3.411000013,2.040999889,17.192492116695604
2016/7/5 10:00,12.79300022,5.960999966,8.56400013,3.447000027,3.838000059,2.163000107,23.291966653478106
2016/7/5 11:00,13.39599991,6.429999828,8.741999626,3.482000113,4.598999977,2.253999949,31.09300041
2016/7/5 12:00,11.25300026,5.425000191,7.676000118,2.736000061,3.594000101,2.00999999,9.42788593307843
2016/7/5 13:00,9.913000107,4.554999828,6.681000233,2.309999943,3.319999933,1.91900003,27.15399933
2016/7/5 14:00,10.18099976,5.357999802,7.320000172,2.486999989,3.319999933,2.071000099,22.038896676837123
2016/7/5 15:00,10.85099983,5.223999977,7.249000072,2.415999889,3.319999933,1.949000001,22.846619565986252
2016/7/5 16:00,10.04699993,5.022999763,6.894000053,2.736000061,3.167999983,2.253999949,32.00799942
2016/7/5 17:00,11.92199993,5.425000191,7.923999786,2.878000021,4.386000156,2.101999998,33.13299942
2016/7/5 18:00,11.45400047,4.956999779,7.461999893,2.345000029,3.99000001,2.040999889,15.129618997254353
2016/7/5 19:00,10.85099983,4.68900013,7.071000099,2.345000029,3.806999922,1.949000001,31.02300072
2016/7/5 20:00,11.18599987,4.622000217,7.284999847,2.203000069,3.898999929,1.888000011,13.383982942763732
2016/7/5 21:00,10.64999962,4.68900013,6.894000053,2.167999983,3.806999922,2.00999999,31.72599983
2016/7/5 22:00,9.979999542,4.354000092,6.644999981,1.91900003,3.563999891,1.980000019,30.95299911
2016/7/5 23:00,11.85499954,5.760000229,7.81799984,2.700999975,3.259000063,1.949000001,3.2644332890963383
2016/7/6 0:00,10.38199997,5.090000153,6.467000008,2.842999935,3.015000105,1.827999949,10.635840116510384
2016/7/6 1:00,10.71700001,5.425000191,7.498000145,2.309999943,2.832999945,1.91900003,13.399010586719928
2016/7/6 2:00,10.85099983,5.357999802,7.81799984,2.878000021,2.832999945,1.85800004,20.706539392550177
2016/7/6 3:00,9.779000282,5.157000065,5.96999979,2.345000029,3.167999983,2.131999969,12.968270402361123
2016/7/6 4:00,9.376999855,4.487999916,6.254000187,2.273999929,3.015000105,2.040999889,11.92053721538239
2016/7/6 5:00,11.38700008,5.559000015,7.853000164,2.842999935,3.259000063,2.345000029,30.10899925
2016/7/6 6:00,11.85499954,4.487999916,8.208999634,2.096999884,3.868000031,1.85800004,14.388568087540264
2016/7/6 7:00,12.52499962,6.162000179,9.131999969,3.625,3.532999992,1.888000011,29.61599922
2016/7/6 8:00,12.72599983,6.362999916,9.345999718,3.375999928,3.71600008,1.980000019,30.53100014
2016/7/6 9:00,11.11900043,4.756000042,7.177999973,2.131999969,3.349999905,1.980000019,28.99047210663122
2016/7/6 10:00,11.78800011,4.889999866,8.031000137,2.451999903,3.563999891,1.85800004,16.834631002366613
2016/7/6 11:00,13.12800026,4.956999779,8.670999527,2.772000074,3.99000001,1.91900003,30.24900055
2016/7/6 12:00,10.58300018,4.756000042,7.0,2.061000109,2.954999924,1.644999981,24.212167220181303
2016/7/6 13:00,10.31499958,5.290999889,7.498000145,2.345000029,3.046000004,1.70599997,31.58600044
2016/7/6 14:00,9.444000244,5.022999763,6.965000153,2.203000069,2.650000095,1.644999981,7.185909225567029
2016/7/6 15:00,10.44900036,4.21999979,7.0,2.381000042,2.710999966,1.583999991,16.967758748817154
2016/7/6 16:00,9.845999718,4.085999966,7.071000099,1.91900003,2.710999966,1.552999973,16.5261185556391
2016/7/6 17:00,10.98499966,4.756000042,7.639999866,2.630000114,3.289999962,1.644999981,21.583099171594498
2016/7/6 18:00,10.71700001,4.287000179,7.320000172,2.096999884,3.319999933,1.644999981,27.707860239939567
2016/7/6 19:00,9.175999641,3.549999952,6.005000114,1.56400001,3.107000113,1.613999963,23.66975080241168
2016/7/6 20:00,9.645000458,4.152999878,6.254000187,1.457000017,3.411000013,1.735999942,8.776496444994871
2016/7/6 21:00,8.505999565,2.880000114,5.436999798,0.745999992,3.532999992,1.827999949,18.83246551130201
2016/7/6 22:00,10.51599979,3.348999977,7.106999874,1.279000044,3.259000063,1.644999981,29.54599953
2016/7/6 23:00,13.39599991,4.68900013,10.23400021,2.381000042,3.259000063,1.674999952,28.49099922
2016/7/7 0:00,12.59200001,5.157000065,9.204000473,2.309999943,2.772000074,1.613999963,17.64088055958798
2016/7/7 1:00,14.19999981,6.229000092,11.19400024,3.447000027,2.559000015,1.552999973,6.577769159503206
2016/7/7 2:00,12.59200001,6.229000092,10.9090004,3.696000099,2.528000116,1.523000002,23.45069605688262
2016/7/7 3:00,14.2670002,6.362999916,11.12199974,3.872999907,2.832999945,1.674999952,28.13899994
2016/7/7 4:00,12.59200001,5.090000153,9.204000473,2.772000074,2.680000067,1.827999949,15.915307200468588
2016/7/7 5:00,13.73099995,5.625999928,10.66100025,2.984999895,3.229000092,1.76699996,26.73200035
2016/7/7 6:00,15.13700008,5.760000229,11.22900009,2.948999882,3.319999933,1.644999981,26.37999916
2016/7/7 7:00,14.2670002,5.960999966,10.80300045,3.197999954,3.381000042,1.797000051,12.95966142282656
2016/7/7 8:00,12.52499962,5.090000153,9.31000042,3.055999994,3.075999975,1.797000051,27.9279995
2016/7/7 9:00,12.32400036,5.559000015,8.670999527,2.842999935,3.015000105,1.674999952,28.9829998
2016/7/7 10:00,13.26200008,6.09499979,9.807999611,2.842999935,3.441999912,1.76699996,29.75699997
2016/7/7 11:00,12.32400036,4.956999779,8.244000435,2.559000015,3.99000001,1.735999942,30.60099983
2016/7/7 12:00,9.645000458,3.617000103,6.787000179,1.598999977,3.046000004,1.523000002,32.64099884
2016/7/7 13:00,10.51599979,4.554999828,7.390999794,2.131999969,2.802000046,1.552999973,35.38499832
2016/7/7 14:00,9.376999855,3.818000078,6.573999882,1.56400001,2.650000095,1.552999973,13.124944852432343
2016/7/7 15:00,9.109000206,3.684000015,6.610000134,1.598999977,2.588999987,2.131999969,25.264451331492722
2016/7/7 16:00,9.243000031,3.415999889,6.538000107,1.70599997,2.984999895,1.552999973,13.752563976983089
2016/7/7 17:00,10.44900036,4.21999979,7.320000172,2.096999884,3.229000092,1.523000002,34.11800003
2016/7/7 18:00,11.05200005,4.287000179,7.604000092,1.99000001,3.471999884,1.674999952,18.577815393401835
2016/7/7 19:00,10.11400032,4.085999966,6.857999802,1.953999996,3.259000063,1.644999981,14.844921890441528
2016/7/7 20:00,11.11900043,4.152999878,7.427000046,1.91900003,3.746000051,1.674999952,19.45583024016972
2016/7/7 21:00,10.44900036,3.282000065,7.106999874,1.279000044,3.594000101,1.70599997,17.381401491384228
2016/7/7 22:00,10.51599979,3.88499999,7.355999947,1.598999977,3.167999983,1.674999952,32.64099884
2016/7/7 23:00,11.85499954,5.357999802,8.883999825,3.197999954,3.075999975,1.552999973,31.58600044
2016/7/8 0:00,11.85499954,4.756000042,8.883999825,2.984999895,2.954999924,1.523000002,31.09300041
2016/7/8 1:00,10.38199997,4.756000042,7.994999886,2.630000114,2.497999907,1.340000033,24.7461990857675
2016/7/8 2:00,11.18599987,5.223999977,8.706000328,2.594000101,2.375999928,1.401000023,31.161356632868625
2016/7/8 3:00,10.24800014,4.554999828,7.747000217,2.736000061,2.437000036,1.491999984,28.77199936
2016/7/8 4:00,10.91800022,4.085999966,8.244000435,2.594000101,2.315000057,1.462000012,14.86213942862182
2016/7/8 5:00,12.6590004,5.223999977,9.416999817,2.700999975,2.894000053,1.613999963,29.26399994
2016/7/8 6:00,13.59700012,5.425000191,9.737000465,2.984999895,3.471999884,1.644999981,13.021672157049897
2016/7/8 7:00,10.38199997,4.085999966,7.214000225,2.025000095,3.289999962,1.644999981,3.469882786125085
2016/7/8 8:00,9.979999542,4.554999828,6.71600008,2.273999929,3.289999962,1.797000051,29.89699936
2016/7/8 9:00,9.645000458,4.019000053,6.894000053,2.594000101,3.015000105,1.644999981,30.53100014
2016/7/8 10:00,11.72099972,4.756000042,7.994999886,2.167999983,3.381000042,1.735999942,30.67099953
2016/7/8 11:00,11.78800011,4.21999979,8.031000137,2.131999969,3.928999901,1.827999949,14.02726532394947
2016/7/8 12:00,10.44900036,4.085999966,7.355999947,1.812000036,3.167999983,1.674999952,22.002039750963874
2016/7/8 13:00,10.18099976,3.415999889,6.857999802,1.741000056,3.046000004,1.613999963,8.808807514177179
2016/7/8 14:00,12.92700005,5.022999763,6.751999855,1.527999997,5.696000099,2.223999977,13.474330850632025
2016/7/8 15:00,10.18099976,4.21999979,6.573999882,1.741000056,3.015000105,1.644999981,31.343503403716205
2016/7/8 16:00,9.444000244,3.549999952,6.610000134,1.279000044,2.924000025,1.613999963,17.089744781539576
2016/7/8 17:00,10.31499958,4.085999966,7.177999973,2.096999884,3.229000092,1.644999981,11.45586419246868
2016/7/8 18:00,10.71700001,3.88499999,7.106999874,1.741000056,3.563999891,1.674999952,16.378766860688714
2016/7/8 19:00,10.18099976,3.617000103,6.467000008,1.421000004,3.594000101,1.674999952,10.190496305699785
2016/7/8 20:00,11.85499954,4.085999966,7.639999866,1.56400001,4.263999939,1.85800004,22.66948027497819
2016/7/8 21:00,12.72599983,4.354000092,8.244000435,2.131999969,4.295000076,1.76699996,15.37154595537306
2016/7/8 22:00,14.06599998,5.357999802,9.666000366,2.239000082,3.77699995,1.70599997,31.23399925
2016/7/8 23:00,18.15200043,8.840999603,12.40200043,4.19299984,5.81799984,3.046000004,30.53100014
2016/7/9 0:00,14.60200024,5.960999966,11.30000019,3.339999914,3.259000063,1.76699996,26.857891545105954
2016/7/9 1:00,14.53499985,6.162000179,11.69099998,3.90899992,3.046000004,1.644999981,14.019242366165193
2016/7/9 2:00,14.40100002,6.296000004,11.72700024,3.944000006,2.802000046,1.613999963,29.40500069
2016/7/9 3:00,13.9989996,6.497000217,10.94499969,3.197999954,2.710999966,1.674999952,21.49723089586222
2016/7/9 4:00,14.06599998,6.296000004,11.30000019,3.482000113,2.832999945,2.00999999,28.77199936
2016/7/9 5:00,14.2670002,5.425000191,10.8380003,3.019999981,3.319999933,1.76699996,25.027113881274794
2016/7/9 6:00,14.60200024,5.69299984,10.8739996,3.055999994,3.289999962,1.735999942,22.233475312437616
2016/7/9 7:00,9.109000206,2.611999989,6.395999908,1.065999985,2.740999937,1.523000002,28.63100052
2016/7/9 8:00,11.45400047,3.415999889,8.279999733,1.101999998,3.137000084,1.76699996,28.77199936
2016/7/9 9:00,9.779000282,3.549999952,6.005000114,1.70599997,3.289999962,1.644999981,29.96800041
2016/7/9 10:00,10.85099983,4.21999979,6.573999882,1.243999958,3.471999884,1.797000051,20.54599741238814
2016/7/9 11:00,10.51599979,3.48300004,6.610000134,1.350000024,3.868000031,1.735999942,22.56580282104308
2016/7/9 12:00,9.779000282,3.617000103,5.899000168,0.852999985,3.229000092,1.70599997,31.44499969
2016/7/9 13:00,10.24800014,3.750999928,6.610000134,1.243999958,3.046000004,1.552999973,30.74200058
2016/7/9 14:00,9.645000458,4.019000053,6.822999954,1.56400001,3.046000004,1.552999973,10.31860624897079
2016/7/9 15:00,9.578000069,3.818000078,6.361000061,1.491999984,3.075999975,1.613999963,6.186265223099794
2016/7/9 16:00,11.98900032,4.152999878,6.43200016,1.527999997,5.604000092,2.193000078,32.85200119
2016/7/9 17:00,10.7840004,3.818000078,6.644999981,1.207999945,3.868000031,1.888000011,10.156450769585353
2016/7/9 18:00,10.11400032,3.415999889,6.254000187,1.207999945,3.686000109,2.040999889,27.440315643922077
2016/7/9 19:00,9.444000244,3.148000002,5.96999979,1.101999998,3.411000013,1.644999981,31.375
2016/7/9 20:00,11.31999969,3.48300004,7.427000046,1.812000036,4.051000118,1.674999952,9.9986129423089
2016/7/9 21:00,13.52999973,4.756000042,9.522999763,2.700999975,3.898999929,1.462000012,20.10200112453911
2016/7/9 22:00,12.45800018,5.827000141,8.918999672,3.552999973,3.503000021,1.583999991,30.27036565329507
2016/7/9 23:00,13.32900047,5.357999802,9.593999863,2.451999903,3.289999962,1.552999973,29.96800041
2016/7/10 0:00,15.27099991,6.229000092,9.737000465,2.736000061,5.482999802,2.00999999,16.280067743483986
2016/7/10 1:00,15.53899956,6.09499979,10.51799965,3.163000107,5.208000183,2.040999889,21.66924473186847
2016/7/10 2:00,15.13700008,6.362999916,9.630000114,3.233999968,4.934000015,1.91900003,13.392077841247328
2016/7/10 3:00,14.40100002,5.894000053,8.493000031,2.984999895,4.934000015,1.980000019,12.594511075143343
2016/7/10 4:00,14.13300037,5.157000065,8.598999977,2.451999903,4.965000153,1.949000001,25.163628923973892
2016/7/10 5:00,13.9989996,4.354000092,8.706000328,2.131999969,5.269000053,2.040999889,28.63100052
2016/7/10 6:00,14.93700027,5.625999928,9.026000023,1.91900003,5.81799984,2.101999998,21.542963415593082
2016/7/10 7:00,13.32900047,4.554999828,7.710999966,1.457000017,5.573999882,2.193000078,21.510598760699768
2016/7/10 8:00,10.85099983,4.554999828,7.320000172,2.203000069,3.197999954,1.76699996,28.06800079
2016/7/10 9:00,9.845999718,4.287000179,6.857999802,1.812000036,3.167999983,1.70599997,29.61599922
2016/7/10 10:00,10.24800014,3.951999903,6.857999802,1.70599997,3.381000042,1.797000051,14.924948923606548
2016/7/10 11:00,11.85499954,4.019000053,7.604000092,1.812000036,4.142000198,1.735999942,18.79361004614693
2016/7/10 12:00,8.572999954,3.282000065,5.578999996,1.136999965,2.984999895,1.523000002,29.47500038
2016/7/10 13:00,8.640000343,3.08100009,5.507999897,1.031000018,2.710999966,1.432000041,29.12400055
2016/7/10 14:00,8.305999756,2.411000013,5.188000202,0.711000025,2.924000025,1.523000002,27.803587937887247
2016/7/10 15:00,8.774000168,3.348999977,6.147999763,1.350000024,2.528000116,1.432000041,21.682923099221604
2016/7/10 16:00,8.038000107,2.545000076,5.614999771,0.888000011,2.467000008,1.340000033,31.16399956
2016/7/10 17:00,9.175999641,2.746000051,6.289999962,1.136999965,3.229000092,1.432000041,8.923604129879951
2016/7/10 18:00,9.444000244,3.214999914,6.395999908,1.421000004,3.167999983,1.523000002,29.96800041
2016/7/10 19:00,8.505999565,2.880000114,5.791999817,1.101999998,2.710999966,1.309999943,30.17900085
2016/7/10 20:00,10.04699993,3.08100009,6.857999802,1.279000044,3.167999983,1.309999943,29.47500038
2016/7/10 21:00,9.711999893,2.075999975,6.395999908,0.603999972,3.289999962,1.309999943,29.40500069
2016/7/10 22:00,9.979999542,3.08100009,7.0,1.315000057,2.862999916,1.309999943,16.29377409821593
2016/7/10 23:00,9.979999542,3.549999952,7.214000225,1.883000016,2.680000067,1.279000044,29.12400055
2016/7/11 0:00,13.59700012,5.357999802,8.989999771,2.700999975,4.873000145,1.797000051,28.56100082
2016/7/11 1:00,13.59700012,4.889999866,8.493000031,1.91900003,4.568999767,1.674999952,29.19400024
2016/7/11 2:00,12.12300014,4.085999966,7.071000099,1.77699995,4.598999977,1.674999952,20.529531571315268
2016/7/11 3:00,11.98900032,3.951999903,7.568999767,1.598999977,4.477000237,1.735999942,16.039142470724695
2016/7/11 4:00,11.98900032,4.21999979,7.568999767,1.598999977,4.355999947,1.91900003,29.0529995
2016/7/11 5:00,12.99400043,4.421000004,7.853000164,1.598999977,4.568999767,1.674999952,18.26777785527121
2016/7/11 6:00,13.79800034,4.085999966,8.137999535,2.096999884,5.269000053,1.76699996,23.27211454268129
2016/7/11 7:00,12.99400043,4.152999878,8.173000336,2.025000095,5.208000183,1.888000011,29.82699966
2016/7/11 8:00,9.979999542,3.818000078,7.249000072,1.56400001,2.894000053,1.432000041,22.91847341997933
2016/7/11 9:00,10.11400032,3.88499999,6.644999981,1.669999957,2.772000074,1.371000051,13.16215719772539
2016/7/11 10:00,9.845999718,3.348999977,6.787000179,1.812000036,2.405999899,1.491999984,15.144676104679426
2016/7/11 11:00,10.98499966,3.617000103,7.143000126,1.598999977,3.503000021,1.371000051,32.21900177
2016/7/11 12:00,8.371999741,2.812999964,5.507999897,0.569000006,2.680000067,1.218000054,32.99300003
2016/7/11 13:00,8.907999992,2.880000114,5.791999817,0.745999992,2.588999987,1.187999964,13.890077608053062
2016/7/11 14:00,9.041999817,3.013999939,6.289999962,0.995000005,2.588999987,1.279000044,34.75099945
2016/7/11 15:00,9.243000031,3.214999914,6.361000061,1.031000018,2.680000067,1.156999946,34.75099945
2016/7/11 16:00,8.23900032,2.812999964,5.721000195,1.243999958,2.528000116,1.248999953,12.787234221899588
2016/7/11 17:00,8.975000381,2.880000114,5.934000015,1.243999958,3.015000105,1.248999953,18.60119459049364
2016/7/11 18:00,8.505999565,2.344000101,5.578999996,0.745999992,2.894000053,1.156999946,23.833290064213934
2016/7/11 19:00,7.836999893,2.075999975,5.223999977,0.532999992,2.588999987,1.126999974,18.35068086195267
2016/7/11 20:00,9.175999641,1.942000031,6.183000088,0.603999972,2.894000053,0.975000024,16.140427350138605
2016/7/11 21:00,9.175999641,2.009000063,6.218999863,0.603999972,2.954999924,0.975000024,32.64099884
2016/7/11 22:00,8.371999741,3.013999939,6.289999962,1.207999945,2.437000036,0.944000006,32.5
2016/7/11 23:00,10.91800022,3.549999952,9.026000023,2.309999943,2.131999969,0.883000016,33.06299973
2016/7/12 0:00,11.52099991,3.549999952,9.593999863,2.309999943,1.980000019,0.822000027,33.48500061
2016/7/12 1:00,11.52099991,4.152999878,9.593999863,2.700999975,1.735999942,0.670000017,26.618710590872183
2016/7/12 2:00,12.12300014,4.554999828,10.3409996,3.482000113,1.827999949,0.791999996,33.55599976
2016/7/12 3:00,11.92199993,4.085999966,10.16300011,2.948999882,1.797000051,0.822000027,23.526506029287113
2016/7/12 4:00,11.72099972,3.818000078,9.522999763,2.451999903,1.797000051,0.822000027,18.678232943512693
2016/7/12 5:00,11.11900043,3.348999977,8.918999672,2.415999889,2.101999998,0.883000016,21.349477906846282
2016/7/12 6:00,11.11900043,3.818000078,8.635000229,1.84800005,2.559000015,1.036000013,27.99203486918845
2016/7/12 7:00,9.444000244,2.27699995,6.894000053,1.386000037,2.00999999,0.731000006,33.20399857
2016/7/12 8:00,8.706999779,3.08100009,6.681000233,1.598999977,2.375999928,1.065999985,34.18899918
2016/7/12 9:00,8.907999992,2.411000013,6.467000008,1.527999997,2.405999899,0.975000024,35.9469986
2016/7/12 10:00,10.11400032,2.678999901,6.965000153,1.421000004,2.862999916,1.187999964,20.08230738246807
2016/7/12 11:00,10.85099983,3.013999939,7.320000172,1.77699995,3.349999905,1.126999974,16.11042999696421
2016/7/12 12:00,9.376999855,1.875,6.005000114,0.958999991,2.894000053,1.156999946,25.562402264953718
2016/7/12 13:00,9.779000282,2.344000101,6.254000187,0.497000009,2.862999916,1.097000003,15.873468055556431
2016/7/12 14:00,9.51099968,2.009000063,6.467000008,0.958999991,2.862999916,1.218000054,38.4090004
2016/7/12 15:00,9.243000031,2.812999964,6.822999954,0.888000011,2.618999958,1.309999943,28.07502709724773
2016/7/12 16:00,8.774000168,1.942000031,6.111999989,0.462000012,2.710999966,1.126999974,40.09799957
2016/7/12 17:00,9.645000458,2.678999901,6.395999908,1.136999965,3.075999975,1.156999946,14.376037697426662
2016/7/12 18:00,9.109000206,2.142999887,5.96999979,0.603999972,3.107000113,1.097000003,9.792529690710419
2016/7/12 19:00,8.572999954,1.875,5.507999897,0.462000012,3.075999975,1.065999985,21.35593279249979
2016/7/12 20:00,10.85099983,2.142999887,7.143000126,0.532999992,3.746000051,1.097000003,25.04747013798146
2016/7/12 21:00,10.98499966,2.142999887,7.284999847,0.603999972,3.746000051,1.065999985,36.15800095
2016/7/12 22:00,12.79300022,2.746000051,9.807999611,1.70599997,3.259000063,0.913999975,36.01800156
2016/7/12 23:00,16.00799942,5.69299984,13.11200047,3.482000113,2.832999945,1.004999995,36.22900009
2016/7/13 0:00,19.15600014,6.229000092,13.71700001,4.014999866,5.026000023,1.523000002,19.130180379583685
2016/7/13 1:00,16.81200027,5.894000053,12.18900013,3.411000013,4.873000145,1.462000012,17.57120232671123
2016/7/13 2:00,17.61599922,5.960999966,12.72200012,3.588999987,4.721000195,1.491999984,36.58000183
2016/7/13 3:00,16.34300041,5.760000229,11.37100029,2.948999882,4.477000237,1.491999984,11.279346388488754
2016/7/13 4:00,18.01799965,7.099999905,13.46800041,3.90899992,4.477000237,1.523000002,37.70600128
2016/7/13 5:00,18.15200043,7.032999992,13.39700031,4.086999893,4.659999847,1.523000002,37.63600159
2016/7/13 6:00,16.20899963,4.822999954,10.51799965,2.700999975,5.056000233,1.552999973,20.472389254316383
2016/7/13 7:00,13.4630003,4.085999966,8.065999985,1.457000017,5.238999844,1.827999949,27.274923905315966
2016/7/13 8:00,10.31499958,3.415999889,6.928999901,1.315000057,2.802000046,1.462000012,29.478286883323573
2016/7/13 9:00,8.840999603,3.148000002,6.751999855,1.457000017,2.040999889,1.126999974,19.07982711190028
2016/7/13 10:00,10.24800014,3.282000065,6.610000134,1.172999978,3.107000113,1.309999943,28.35195733174153
2016/7/13 11:00,8.572999954,2.009000063,6.502999783,0.852999985,2.163000107,1.065999985,15.012184693958583
2016/7/13 12:00,8.774000168,2.142999887,5.721000195,0.425999999,2.650000095,1.004999995,32.85200119
2016/7/13 13:00,9.51099968,1.60800004,6.040999889,0.425999999,2.862999916,1.097000003,36.15800095
2016/7/13 14:00,8.774000168,2.075999975,6.040999889,0.816999972,2.375999928,1.004999995,15.669337602502807
2016/7/13 15:00,9.31000042,2.142999887,6.218999863,0.995000005,2.924000025,1.126999974,17.75885483068838
2016/7/13 16:00,8.305999756,2.27699995,5.721000195,0.924000025,2.618999958,1.097000003,39.53499985
2016/7/13 17:00,8.975000381,2.27699995,5.96999979,0.782000005,3.015000105,1.279000044,14.985496365562648
2016/7/13 18:00,8.840999603,2.142999887,5.721000195,0.603999972,3.107000113,1.126999974,14.23958981174154
2016/7/13 19:00,9.041999817,2.344000101,5.862999916,0.603999972,3.441999912,1.126999974,18.828400575142684
2016/7/13 20:00,11.25300026,2.611999989,7.177999973,0.852999985,4.111999989,1.187999964,11.278747622917768
2016/7/13 21:00,11.98900032,3.415999889,8.598999977,2.167999983,3.928999901,1.187999964,33.13299942
2016/7/13 22:00,12.52499962,3.818000078,9.630000114,1.598999977,3.259000063,0.975000024,25.38622313545862
2016/7/13 23:00,13.59700012,4.622000217,10.97999954,2.842999935,3.107000113,1.065999985,23.608603609684415
2016/7/14 0:00,14.60200024,5.357999802,11.19400024,2.878000021,2.862999916,1.036000013,11.025422330148388
2016/7/14 1:00,13.4630003,4.554999828,10.8739996,2.984999895,2.467000008,0.883000016,7.628129537855835
2016/7/14 2:00,12.25699997,3.88499999,9.522999763,2.131999969,2.467000008,0.944000006,33.9070015
2016/7/14 3:00,12.25699997,4.68900013,10.66100025,2.984999895,2.253999949,0.913999975,15.211875617106228
2016/7/14 4:00,11.5880003,3.684000015,8.847999573,1.70599997,2.101999998,0.883000016,23.23211732509628
2016/7/14 5:00,11.92199993,3.348999977,9.274999619,1.99000001,2.101999998,0.883000016,14.309185167004824
2016/7/14 6:00,11.52099991,3.684000015,9.559000015,2.273999929,2.528000116,0.944000006,17.14243834936689
2016/7/14 7:00,8.774000168,2.678999901,5.862999916,1.136999965,2.315000057,1.065999985,8.318960689598741
2016/7/14 8:00,7.971000195,3.08100009,5.96999979,1.598999977,2.375999928,1.279000044,35.8769989
2016/7/14 9:00,8.305999756,2.411000013,5.862999916,1.279000044,2.375999928,1.156999946,12.033200459364952
2016/7/14 10:00,9.376999855,2.344000101,6.502999783,1.172999978,2.802000046,1.248999953,12.698099024762861
2016/7/14 11:00,10.04699993,3.148000002,6.857999802,0.782000005,3.167999983,1.097000003,16.919774053339335
2016/7/14 12:00,8.23900032,2.075999975,5.68599987,0.391000003,2.588999987,1.036000013,28.87832531014099
2016/7/14 13:00,8.305999756,2.27699995,6.005000114,0.852999985,2.650000095,0.975000024,33.8370018
2016/7/14 14:00,7.903999805,2.210000038,5.401000023,0.782000005,2.467000008,1.036000013,33.20399857
2016/7/14 15:00,12.18999958,4.68900013,10.02099991,2.559000015,2.253999949,0.913999975,14.903889628978265
2016/7/14 16:00,7.836999893,1.541000009,5.295000076,0.675000012,2.467000008,1.279000044,16.592506372381514
2016/7/14 17:00,7.903999805,1.60800004,4.619999886,-0.107000001,3.167999983,1.126999974,34.75099945
2016/7/14 18:00,6.429999828,0.938000023,3.980000019,-0.284000009,2.467000008,1.126999974,19.350543731000737
2016/7/14 19:00,7.836999893,1.340000033,5.188000202,0.035999998,2.710999966,1.065999985,21.441473465968482
2016/7/14 20:00,8.975000381,1.406999946,5.68599987,0.035999998,3.259000063,0.975000024,24.39776027816441
2016/7/14 21:00,8.305999756,0.670000017,5.223999977,-0.425999999,3.107000113,0.975000024,29.96800041
2016/7/14 22:00,8.104999542,0.80400002,5.436999798,-0.319999993,2.650000095,0.883000016,22.824116245338843
2016/7/14 23:00,10.11400032,2.545000076,7.639999866,1.136999965,2.588999987,0.913999975,27.708637312129124
2016/7/15 0:00,13.19499969,4.019000053,8.421999931,2.096999884,4.782000065,1.462000012,31.30400085
2016/7/15 1:00,13.32900047,4.287000179,8.279999733,1.953999996,4.447000027,1.309999943,22.020058082002848
2016/7/15 2:00,13.86499977,4.354000092,8.989999771,1.812000036,4.263999939,1.309999943,12.51272075494781
2016/7/15 3:00,11.98900032,3.214999914,7.710999966,1.421000004,4.142000198,1.340000033,24.11479608371861
2016/7/15 4:00,11.85499954,3.415999889,7.106999874,0.782000005,4.234000206,1.432000041,27.11103509517493
2016/7/15 5:00,11.85499954,2.678999901,7.498000145,0.958999991,4.386000156,1.340000033,24.47672844016577
2016/7/15 6:00,11.11900043,2.009000063,6.361000061,0.603999972,4.873000145,1.462000012,12.74335464736255
2016/7/15 7:00,11.98900032,2.947000027,6.005000114,0.782000005,4.994999886,1.674999952,12.344378626477445
2016/7/15 8:00,8.975000381,2.344000101,6.183000088,0.888000011,2.559000015,1.279000044,34.32899857
2016/7/15 9:00,9.51099968,3.013999939,7.035999775,1.953999996,2.375999928,1.097000003,31.58600044
2016/7/15 10:00,10.11400032,3.549999952,6.965000153,1.56400001,2.954999924,1.432000041,25.20094668305023
2016/7/15 11:00,10.31499958,3.617000103,7.320000172,1.101999998,3.289999962,1.097000003,30.74200058
2016/7/15 12:00,8.640000343,2.27699995,5.721000195,0.391000003,2.588999987,0.975000024,22.21983589778518
2016/7/15 13:00,8.907999992,2.477999926,6.111999989,0.816999972,2.618999958,1.126999974,17.312197380271183
2016/7/15 14:00,9.31000042,2.545000076,6.361000061,0.816999972,2.528000116,1.156999946,31.02300072
2016/7/15 15:00,8.171999931,2.27699995,5.791999817,1.065999985,2.223999977,1.097000003,25.81699944
2016/7/15 16:00,7.836999893,2.210000038,5.507999897,0.782000005,2.680000067,1.156999946,24.90299988
2016/7/15 17:00,8.505999565,2.210000038,5.578999996,0.497000009,3.229000092,1.401000023,18.00900078
2016/7/15 18:00,7.234000206,1.340000033,4.619999886,0.0,2.588999987,1.097000003,23.555424728228587
2016/7/15 19:00,6.96600008,1.139000058,4.441999912,-0.035999998,2.467000008,0.975000024,16.88299942
2016/7/15 20:00,7.166999817,1.139000058,4.762000084,0.0,2.437000036,0.852999985,22.0890007
2016/7/15 21:00,8.371999741,2.947000027,6.218999863,1.207999945,2.437000036,1.036000013,12.629848920583399
2016/7/15 22:00,9.109000206,2.210000038,7.568999767,0.958999991,2.00999999,0.883000016,18.284305721381827
2016/7/15 23:00,8.907999992,2.678999901,7.639999866,1.527999997,1.949000001,0.883000016,26.52099991
2016/7/16 0:00,8.505999565,2.210000038,6.644999981,0.782000005,1.644999981,0.852999985,26.94300079
2016/7/16 1:00,10.04699993,3.08100009,8.031000137,1.669999957,1.735999942,0.822000027,11.908712702919575
2016/7/16 2:00,10.85099983,3.750999928,8.741999626,1.99000001,1.462000012,0.760999978,23.63767984390861
2016/7/16 3:00,8.907999992,2.947000027,7.639999866,1.598999977,1.491999984,0.791999996,28.06800079
2016/7/16 4:00,9.51099968,2.009000063,7.320000172,1.065999985,1.371000051,0.670000017,28.35000038
2016/7/16 5:00,9.578000069,2.477999926,7.853000164,0.958999991,1.644999981,0.670000017,14.78075880149408
2016/7/16 6:00,9.645000458,2.210000038,7.604000092,0.782000005,2.163000107,0.731000006,14.837434327652337
2016/7/16 7:00,6.229000092,1.875,4.122000217,0.354999989,2.131999969,1.004999995,29.89699936
2016/7/16 8:00,6.96600008,2.746000051,4.93900013,0.711000025,2.101999998,1.065999985,9.832424396569003
2016/7/16 9:00,7.301000118,1.60800004,5.117000103,0.319999993,2.101999998,0.975000024,14.269696012818452
2016/7/16 10:00,8.840999603,2.27699995,6.395999908,0.958999991,2.588999987,1.126999974,33.20399857
2016/7/16 11:00,9.243000031,2.142999887,6.43200016,0.995000005,3.015000105,1.156999946,27.63987861717938
2016/7/16 12:00,6.429999828,1.273000002,4.263999939,0.284000009,2.345000029,1.004999995,32.71099854
2016/7/16 13:00,6.697999954,2.27699995,4.547999859,0.354999989,2.253999949,1.036000013,23.37855280188816
2016/7/16 14:00,7.769999981,2.678999901,4.93900013,1.207999945,2.193000078,1.097000003,33.20399857
2016/7/16 15:00,8.104999542,2.344000101,5.828000069,1.065999985,2.193000078,1.065999985,34.04800034
2016/7/16 16:00,7.099999905,2.142999887,5.329999924,1.350000024,2.131999969,1.065999985,24.27629710085067
2016/7/16 17:00,7.836999893,2.210000038,5.366000175,0.958999991,2.528000116,1.036000013,20.02366146346873
2016/7/16 18:00,7.301000118,1.741000056,4.477000237,0.354999989,2.528000116,1.097000003,29.960068325650486
2016/7/16 19:00,6.697999954,1.20599997,4.229000092,-0.035999998,2.405999899,1.004999995,18.128258723749504
2016/7/16 20:00,7.836999893,1.20599997,4.974999905,0.0,2.862999916,0.975000024,16.66082637026318
2016/7/16 21:00,7.434999943,1.273000002,4.584000111,-0.354999989,2.650000095,0.975000024,9.510653719182006
2016/7/16 22:00,8.104999542,2.009000063,6.005000114,0.958999991,2.253999949,0.852999985,16.165603234711032
2016/7/16 23:00,7.836999893,1.807999969,5.366000175,0.782000005,2.071000099,0.883000016,30.88199997
2016/7/17 0:00,10.18099976,2.746000051,8.598999977,1.669999957,1.91900003,0.852999985,8.534212597565629
2016/7/17 1:00,10.04699993,2.947000027,8.173000336,1.598999977,1.827999949,0.883000016,22.014388761393775
2016/7/17 2:00,9.779000282,3.08100009,7.747000217,2.131999969,1.735999942,0.822000027,10.953926549895007
2016/7/17 3:00,8.43900013,2.27699995,6.787000179,1.207999945,1.583999991,0.760999978,31.23399925
2016/7/17 4:00,9.041999817,1.942000031,7.604000092,1.491999984,1.552999973,0.700999975,24.187659514426304
2016/7/17 5:00,9.31000042,2.210000038,7.568999767,1.243999958,1.85800004,0.975000024,32.21900177
2016/7/17 6:00,11.45400047,3.214999914,8.883999825,1.421000004,2.437000036,0.791999996,19.77367615310769
2016/7/17 7:00,7.703000069,2.009000063,5.68599987,0.711000025,2.375999928,1.065999985,32.28900146
2016/7/17 8:00,7.836999893,2.210000038,5.650000095,0.745999992,2.345000029,1.036000013,12.080834133674033
2016/7/17 9:00,7.769999981,2.142999887,5.366000175,1.101999998,2.650000095,1.248999953,18.35424012834774
2016/7/17 10:00,9.175999641,3.08100009,6.43200016,1.172999978,2.894000053,1.218000054,34.47000122
2016/7/17 11:00,9.645000458,2.477999926,6.610000134,1.350000024,3.107000113,1.004999995,18.732736481506603
2016/7/17 12:00,7.636000156,1.807999969,5.188000202,0.248999998,2.405999899,0.975000024,36.29899979
2016/7/17 13:00,8.038000107,1.541000009,5.010000229,0.497000009,2.437000036,1.036000013,36.72100067
2016/7/17 14:00,8.371999741,2.411000013,6.147999763,1.031000018,2.193000078,0.975000024,38.3390007
2016/7/17 15:00,8.371999741,2.344000101,5.899000168,0.852999985,2.345000029,1.065999985,40.02700043
2016/7/17 16:00,7.703000069,2.142999887,5.472000122,1.065999985,2.223999977,0.975000024,37.98699951
2016/7/17 17:00,8.505999565,2.545000076,5.791999817,1.172999978,2.710999966,1.126999974,17.979035810735517
2016/7/17 18:00,8.305999756,1.942000031,5.543000221,0.532999992,2.710999966,1.097000003,37.00299835
2016/7/17 19:00,8.104999542,1.674000025,5.366000175,0.319999993,2.710999966,1.065999985,35.24399948
2016/7/17 20:00,9.913000107,1.674000025,6.395999908,0.284000009,3.381000042,0.975000024,34.18899918
2016/7/17 21:00,10.24800014,0.536000013,6.502999783,-0.745999992,3.289999962,0.913999975,29.918475860843305
2016/7/17 22:00,12.45800018,3.684000015,9.807999611,2.131999969,2.528000116,0.822000027,24.12529092988024
2016/7/17 23:00,14.2670002,4.287000179,11.65499973,2.878000021,2.467000008,0.760999978,28.6532243238058
2016/7/18 0:00,14.53499985,3.951999903,10.16300011,2.061000109,4.568999767,1.340000033,26.922514873720935
2016/7/18 1:00,15.8739996,5.157000065,11.37100029,2.772000074,4.355999947,1.309999943,33.9070015
2016/7/18 2:00,15.13700008,4.152999878,10.09200001,2.167999983,4.447000027,1.401000023,33.55599976
2016/7/18 3:00,14.46800041,4.21999979,9.593999863,2.131999969,4.324999809,1.462000012,19.394282958299282
2016/7/18 4:00,12.18999958,3.282000065,7.923999786,0.888000011,4.172999859,1.340000033,34.9620018
2016/7/18 5:00,12.79300022,2.746000051,8.244000435,0.958999991,4.416999817,1.371000051,17.635174707402154
2016/7/18 6:00,13.19499969,2.947000027,8.635000229,1.031000018,4.751999855,1.401000023,10.084854426414994
2016/7/18 7:00,13.59700012,4.152999878,8.635000229,1.279000044,4.903999805,1.674999952,18.808318154082382
2016/7/18 8:00,9.913000107,2.545000076,7.710999966,1.207999945,2.588999987,1.126999974,34.40000153
2016/7/18 9:00,8.104999542,1.942000031,6.111999989,0.603999972,2.375999928,1.309999943,26.46748435262611
2016/7/18 10:00,8.975000381,2.880000114,6.43200016,0.852999985,2.772000074,1.279000044,18.065264121513568
2016/7/18 11:00,9.31000042,3.08100009,6.43200016,1.031000018,3.229000092,1.279000044,21.122699909690724
2016/7/18 12:00,7.636000156,1.674000025,5.046000004,0.284000009,2.437000036,1.036000013,35.9469986
2016/7/18 13:00,8.23900032,2.075999975,5.68599987,0.639999986,2.345000029,0.913999975,37.35400009
2016/7/18 14:00,8.706999779,2.009000063,6.43200016,0.745999992,2.437000036,1.004999995,38.54999924
2016/7/18 15:00,7.903999805,2.27699995,5.436999798,0.675000012,2.832999945,1.126999974,22.82316131593216
2016/7/18 16:00,8.43900013,1.741000056,5.578999996,0.462000012,2.802000046,1.156999946,11.57314599529723
2016/7/18 17:00,8.505999565,2.075999975,5.472000122,0.497000009,3.015000105,1.309999943,35.66600037
2016/7/18 18:00,8.371999741,1.942000031,5.543000221,0.391000003,3.289999962,1.340000033,20.181632767634436
2016/7/18 19:00,8.171999931,1.741000056,5.329999924,0.319999993,2.832999945,1.036000013,12.246765130151331
2016/7/18 20:00,10.51599979,2.075999975,6.822999954,0.497000009,3.686000109,1.126999974,20.959480549691317
2016/7/18 21:00,11.45400047,1.674000025,8.065999985,0.178000003,3.563999891,1.156999946,33.55599976
2016/7/18 22:00,12.45800018,3.415999889,9.949999809,1.77699995,2.862999916,0.883000016,33.9070015
2016/7/18 23:00,12.05599976,3.348999977,10.05599976,1.77699995,2.437000036,0.883000016,19.60023277641457
2016/7/19 0:00,13.59700012,4.085999966,11.37100029,2.486999989,2.315000057,0.852999985,33.76699829
2016/7/19 1:00,13.79800034,4.085999966,11.30000019,3.163000107,1.827999949,0.670000017,11.979789991074021
2016/7/19 2:00,12.72599983,4.354000092,10.8380003,2.486999989,1.827999949,0.670000017,33.48500061
2016/7/19 3:00,11.38700008,3.214999914,9.593999863,2.381000042,1.70599997,0.731000006,33.13299942
2016/7/19 4:00,12.52499962,4.152999878,10.5539999,2.203000069,1.70599997,1.004999995,32.92200089
2016/7/19 5:00,12.05599976,3.08100009,10.23400021,1.812000036,1.888000011,0.731000006,14.736212379551596
2016/7/19 6:00,10.7840004,2.545000076,8.777000427,1.065999985,2.253999949,0.913999975,25.85417098134195
2016/7/19 7:00,8.572999954,2.075999975,6.147999763,0.284000009,2.315000057,1.065999985,26.27345755110397
2016/7/19 8:00,8.706999779,2.545000076,5.578999996,1.56400001,2.618999958,1.126999974,31.72599983
2016/7/19 9:00,9.645000458,2.678999901,6.894000053,0.888000011,2.559000015,1.309999943,13.103499921380404
2016/7/19 10:00,9.645000458,2.477999926,6.751999855,0.782000005,3.107000113,1.036000013,17.287944444534837
2016/7/19 11:00,9.51099968,2.545000076,6.183000088,0.782000005,3.259000063,1.126999974,27.50600052
2016/7/19 12:00,7.703000069,1.807999969,4.903999805,0.354999989,2.253999949,0.852999985,31.469815427038274
2016/7/19 13:00,7.903999805,1.741000056,5.223999977,0.425999999,2.223999977,0.852999985,9.136828950233092
2016/7/19 14:00,7.501999855,1.473999977,5.791999817,0.711000025,2.040999889,0.852999985,22.80530930625114
2016/7/19 15:00,9.578000069,2.746000051,6.894000053,0.995000005,1.980000019,0.913999975,32.07799911
2016/7/19 16:00,7.903999805,2.075999975,5.507999897,0.852999985,2.740999937,1.279000044,32.07799911
2016/7/19 17:00,8.371999741,1.875,5.472000122,0.391000003,2.924000025,1.218000054,33.8370018
2016/7/19 18:00,7.836999893,1.674000025,4.974999905,0.178000003,2.710999966,1.065999985,34.04800034
2016/7/19 19:00,7.636000156,1.541000009,5.081999779,0.213,2.618999958,1.065999985,15.934644070993551
2016/7/19 20:00,9.645000458,1.541000009,6.361000061,0.462000012,3.319999933,1.065999985,21.192515162007997
2016/7/19 21:00,9.578000069,1.875,6.183000088,0.284000009,3.015000105,1.036000013,32.71099854
2016/7/19 22:00,8.43900013,1.807999969,5.934000015,0.745999992,2.345000029,0.731000006,8.725061303266353
2016/7/19 23:00,10.64999962,2.411000013,8.065999985,1.279000044,2.163000107,0.700999975,22.808176093495256
2016/7/20 0:00,13.52999973,4.019000053,8.208999634,1.56400001,4.568999767,1.401000023,26.761230065674262
2016/7/20 1:00,13.32900047,3.48300004,8.847999573,1.63499999,4.295000076,1.371000051,31.65600014
2016/7/20 2:00,12.25699997,2.947000027,7.960000038,1.598999977,4.234000206,1.279000044,31.375
2016/7/20 3:00,11.18599987,3.214999914,7.214000225,1.243999958,4.142000198,1.279000044,31.58600044
2016/7/20 4:00,11.78800011,1.942000031,7.0,0.816999972,4.203000069,1.309999943,32.43000031
2016/7/20 5:00,12.25699997,2.411000013,7.177999973,0.816999972,4.447000027,1.371000051,12.71690529677464
2016/7/20 6:00,13.12800026,3.415999889,8.031000137,1.065999985,4.903999805,1.491999984,33.20399857
2016/7/20 7:00,11.11900043,2.880000114,6.218999863,0.248999998,5.026000023,1.644999981,15.554911778544309
2016/7/20 8:00,8.038000107,2.142999887,5.791999817,0.995000005,2.618999958,1.097000003,18.35203150003307
2016/7/20 9:00,8.706999779,3.08100009,6.254000187,1.279000044,2.802000046,1.248999953,21.396880811406216
2016/7/20 10:00,10.38199997,2.812999964,7.071000099,1.243999958,2.710999966,1.156999946,24.78788615761179
2016/7/20 11:00,10.18099976,2.880000114,6.894000053,1.136999965,3.503000021,1.097000003,18.94405773142482
2016/7/20 12:00,8.038000107,1.942000031,5.650000095,0.391000003,2.528000116,0.944000006,33.20399857
2016/7/20 13:00,8.706999779,2.210000038,5.96999979,0.213,2.802000046,1.065999985,14.436508539321993
2016/7/20 14:00,9.376999855,2.210000038,6.71600008,1.065999985,2.680000067,1.187999964,35.52500153
2016/7/20 15:00,9.376999855,2.545000076,6.395999908,0.711000025,2.710999966,1.279000044,19.14917402361052
2016/7/20 16:00,8.505999565,2.075999975,5.791999817,0.675000012,2.650000095,1.279000044,25.263683515891646
2016/7/20 17:00,8.975000381,2.142999887,5.899000168,0.639999986,2.984999895,1.126999974,15.172801174696568
2016/7/20 18:00,9.041999817,1.807999969,5.721000195,0.284000009,2.862999916,1.156999946,34.40000153
2016/7/20 19:00,8.505999565,2.210000038,5.578999996,0.497000009,3.046000004,1.065999985,18.139405301229797
2016/7/20 20:00,11.98900032,2.27699995,7.498000145,0.354999989,4.507999897,1.248999953,8.520277003525564
2016/7/20 21:00,11.98900032,1.875,7.923999786,-0.142000005,4.172999859,1.097000003,12.730066445036812
2016/7/20 22:00,15.27099991,4.085999966,11.19400024,2.203000069,3.625,1.036000013,24.46737247242205
2016/7/20 23:00,14.93700027,4.085999966,10.9090004,2.345000029,3.046000004,1.156999946,35.73600006
2016/7/21 0:00,15.20400047,4.622000217,12.04599953,2.700999975,2.802000046,0.975000024,20.03059779439695
2016/7/21 1:00,16.94599915,5.357999802,14.67599964,4.122000217,2.588999987,0.913999975,35.31399918
2016/7/21 2:00,15.20400047,4.889999866,12.79300022,3.163000107,2.163000107,0.883000016,25.5356545693685
2016/7/21 3:00,13.93200016,5.090000153,11.90400028,3.197999954,2.131999969,0.883000016,13.693074689948006
2016/7/21 4:00,13.73099995,4.085999966,11.05099964,2.273999929,2.040999889,0.822000027,35.52500153
2016/7/21 5:00,13.52999973,3.148000002,11.37100029,1.669999957,2.193000078,0.822000027,21.110389276658687
2016/7/21 6:00,14.19999981,3.88499999,11.76200008,1.91900003,2.437000036,0.883000016,34.25899887
2016/7/21 7:00,13.79800034,4.21999979,11.37100029,1.883000016,2.559000015,1.097000003,25.091483901025253
2016/7/21 8:00,13.93200016,4.554999828,10.97999954,2.984999895,2.954999924,1.248999953,40.94200134
2016/7/21 9:00,12.92700005,4.554999828,9.593999863,2.167999983,2.772000074,1.279000044,17.697053315535705
2016/7/21 10:00,10.91800022,3.617000103,7.427000046,1.812000036,3.349999905,1.340000033,34.22609573474186
2016/7/21 11:00,11.52099991,3.348999977,8.031000137,1.491999984,3.319999933,1.248999953,33.06299973
2016/7/21 12:00,9.376999855,2.477999926,5.899000168,0.142000005,2.862999916,1.004999995,12.991754896558426
2016/7/21 13:00,10.04699993,2.411000013,7.106999874,0.639999986,3.015000105,1.036000013,22.230299941672182
2016/7/21 14:00,9.913000107,2.411000013,7.035999775,0.782000005,2.832999945,0.975000024,33.55599976
2016/7/21 15:00,8.23900032,1.340000033,5.96999979,0.569000006,2.071000099,0.760999978,20.444894300663666
2016/7/21 16:00,8.23900032,2.075999975,6.111999989,0.675000012,2.131999969,0.944000006,23.564599495089762
2016/7/21 17:00,9.376999855,2.210000038,6.218999863,0.603999972,3.349999905,1.401000023,24.76882600106088
2016/7/21 18:00,9.444000244,2.880000114,5.934000015,0.391000003,3.441999912,1.371000051,34.9620018
2016/7/21 19:00,8.907999992,1.60800004,5.68599987,0.178000003,3.167999983,1.097000003,37.35400009
2016/7/21 20:00,12.59200001,2.142999887,7.853000164,0.391000003,4.598999977,1.156999946,36.58000183
2016/7/21 21:00,14.53499985,3.88499999,10.44699955,1.84800005,4.842999935,1.248999953,35.03300095
2016/7/21 22:00,14.19999981,3.951999903,10.44699955,2.451999903,4.142000198,1.065999985,36.72100067
2016/7/21 23:00,15.06999969,5.022999763,11.12199974,3.092000008,3.806999922,1.097000003,12.153992674811516
2016/7/22 0:00,17.81699944,6.162000179,11.97500038,3.588999987,5.81799984,1.583999991,25.00644868123833
2016/7/22 1:00,18.15200043,6.296000004,13.07699966,3.696000099,5.269000053,1.491999984,14.593553832449444
2016/7/22 2:00,16.27599907,6.09499979,11.19400024,4.19299984,4.965000153,1.462000012,19.834287339700595
2016/7/22 3:00,15.27099991,5.290999889,9.772000313,2.451999903,4.813000202,1.401000023,35.66600037
2016/7/22 4:00,12.52499962,3.684000015,7.782000065,1.99000001,4.630000114,1.371000051,27.273112199788255
2016/7/22 5:00,13.32900047,4.421000004,8.31499958,2.025000095,4.873000145,1.401000023,9.94050045534998
2016/7/22 6:00,12.85999966,4.487999916,8.102000237,2.096999884,4.903999805,1.491999984,24.89276126312756
2016/7/22 7:00,12.32400036,4.019000053,7.427000046,2.486999989,4.903999805,1.76699996,18.83860319430371
2016/7/22 8:00,10.51599979,3.818000078,7.888999939,2.239000082,2.832999945,1.156999946,7.868825452438889
2016/7/22 9:00,11.92199993,4.889999866,8.847999573,2.948999882,2.832999945,1.218000054,12.055161607928127
2016/7/22 10:00,11.5880003,3.214999914,7.568999767,1.527999997,3.289999962,1.401000023,37.35400009
2016/7/22 11:00,11.5880003,3.08100009,7.676000118,1.136999965,3.77699995,1.279000044,24.09124616597249
2016/7/22 12:00,10.51599979,2.611999989,7.355999947,0.888000011,3.259000063,1.065999985,37.00299835
2016/7/22 13:00,11.5880003,2.142999887,7.249000072,0.782000005,3.746000051,1.248999953,37.49499893
2016/7/22 14:00,11.38700008,2.812999964,8.031000137,0.958999991,3.471999884,1.156999946,14.360512640294719
2016/7/22 15:00,11.11900043,2.142999887,7.320000172,0.852999985,3.137000084,1.218000054,39.67599869
2016/7/22 16:00,10.11400032,3.282000065,6.71600008,0.711000025,3.349999905,1.401000023,19.303173236655514
2016/7/22 17:00,10.51599979,2.812999964,7.106999874,1.065999985,3.806999922,1.401000023,40.16799927
2016/7/22 18:00,9.845999718,2.344000101,6.610000134,0.995000005,3.71600008,1.248999953,37.2140007
2016/7/22 19:00,9.845999718,2.009000063,6.361000061,0.391000003,3.563999891,1.218000054,23.31461459192517
2016/7/22 20:00,14.2670002,2.746000051,8.741999626,0.639999986,5.421999931,1.309999943,18.05926612517494
2016/7/22 21:00,14.66899967,1.942000031,8.847999573,0.497000009,5.513000011,1.279000044,37.2840004
2016/7/22 22:00,16.47699928,4.152999878,11.54899979,2.273999929,4.568999767,1.004999995,36.86199951
2016/7/22 23:00,14.80300045,2.947000027,9.949999809,1.172999978,4.203000069,1.126999974,18.445397935666442
2016/7/23 0:00,14.53499985,3.282000065,10.9090004,3.872999907,3.563999891,0.944000006,36.65100098
2016/7/23 1:00,13.66399956,4.354000092,10.5539999,2.096999884,3.259000063,0.913999975,21.11762872563675
2016/7/23 2:00,12.85999966,3.951999903,9.843000412,2.309999943,2.924000025,0.944000006,37.91699982
2016/7/23 3:00,13.32900047,4.152999878,10.73200035,2.061000109,2.680000067,0.883000016,36.79100037
2016/7/23 4:00,12.6590004,4.019000053,9.522999763,1.70599997,2.650000095,1.004999995,16.636260389161926
2016/7/23 5:00,11.72099972,3.282000065,8.954999924,1.883000016,2.650000095,0.975000024,35.17399979
2016/7/23 6:00,11.31999969,3.282000065,8.777000427,1.031000018,2.772000074,1.065999985,36.72100067
2016/7/23 7:00,11.92199993,4.019000053,9.31000042,2.381000042,2.680000067,1.126999974,38.90200043
2016/7/23 8:00,10.11400032,3.214999914,7.071000099,1.136999965,3.015000105,1.248999953,41.22299957
2016/7/23 9:00,11.11900043,3.549999952,7.960000038,1.491999984,3.046000004,1.523000002,22.081613908608386
2016/7/23 10:00,11.18599987,2.678999901,7.81799984,1.101999998,3.806999922,1.371000051,28.51534177103276
2016/7/23 11:00,11.78800011,2.880000114,7.782000065,0.995000005,4.111999989,1.279000044,13.971555965715524
2016/7/23 12:00,11.85499954,3.013999939,7.284999847,0.425999999,3.868000031,1.218000054,36.58000183
2016/7/23 13:00,12.72599983,3.013999939,7.923999786,0.888000011,4.142000198,1.097000003,10.820432664977343
2016/7/23 14:00,12.45800018,2.411000013,7.853000164,0.958999991,4.234000206,1.218000054,13.165948384665688
2016/7/23 15:00,12.12300014,2.210000038,7.81799984,0.782000005,3.77699995,1.126999974,41.01200104
2016/7/23 16:00,11.11900043,2.746000051,7.355999947,0.958999991,3.71600008,1.248999953,28.07537211573421
2016/7/23 17:00,11.31999969,3.214999914,7.710999966,1.065999985,3.898999929,1.279000044,14.247936978440453
2016/7/23 18:00,11.25300026,2.880000114,7.214000225,0.924000025,3.928999901,1.309999943,13.625333284062927
2016/7/23 19:00,11.25300026,2.344000101,7.355999947,0.816999972,3.928999901,1.065999985,21.726604797485223
2016/7/23 20:00,13.59700012,2.477999926,9.913999557,0.816999972,3.746000051,0.731000006,38.83200073
2016/7/23 21:00,16.07500076,3.48300004,10.02099991,0.675000012,5.96999979,1.340000033,14.560964082733634
2016/7/23 22:00,16.40999985,3.88499999,11.22900009,1.207999945,5.026000023,1.156999946,16.99781739640306
2016/7/23 23:00,16.20899963,3.951999903,11.44200039,1.63499999,4.690999985,1.126999974,19.68929169870337
2016/7/24 0:00,17.07999992,5.559000015,10.23400021,2.451999903,6.671000004,1.674999952,25.88714304968247
2016/7/24 1:00,18.21899986,4.889999866,12.04599953,2.131999969,6.427000046,1.674999952,38.4090004
2016/7/24 2:00,18.62000084,5.357999802,11.93999958,2.167999983,5.81799984,1.491999984,37.63600159
2016/7/24 3:00,17.75,5.357999802,11.37100029,2.700999975,5.604000092,1.613999963,20.065149950563935
2016/7/24 4:00,15.06999969,4.956999779,10.23400021,2.345000029,5.513000011,1.613999963,12.9269507665317
2016/7/24 5:00,16.1420002,4.756000042,10.66100025,1.812000036,5.482999802,1.70599997,23.905358628287207
2016/7/24 6:00,15.13700008,4.354000092,9.701000214,1.669999957,5.361000061,1.613999963,38.3390007
2016/7/24 7:00,15.53899956,4.956999779,9.807999611,2.273999929,5.329999924,1.735999942,40.73099899
2016/7/24 8:00,11.11900043,3.750999928,8.031000137,1.527999997,3.167999983,1.279000044,26.51657771790285
2016/7/24 9:00,11.72099972,4.085999966,8.208999634,1.598999977,3.107000113,1.309999943,42.63000107
2016/7/24 10:00,12.25699997,3.415999889,8.670999527,2.203000069,3.868000031,1.309999943,40.52000046
2016/7/24 11:00,12.92700005,3.415999889,8.741999626,1.491999984,4.507999897,1.340000033,17.76601174494706
2016/7/24 12:00,12.79300022,2.477999926,8.670999527,1.031000018,4.203000069,1.126999974,11.85770205445846
2016/7/24 13:00,14.19999981,3.750999928,9.416999817,1.491999984,4.813000202,1.279000044,17.01750273507813
2016/7/24 14:00,13.19499969,2.678999901,8.706000328,1.065999985,4.659999847,1.340000033,41.57500076
2016/7/24 15:00,12.52499962,3.617000103,8.527999878,0.995000005,4.172999859,1.248999953,44.1780014
2016/7/24 16:00,12.25699997,3.282000065,8.279999733,1.315000057,4.051000118,1.218000054,44.45899963
2016/7/24 17:00,12.18999958,3.214999914,8.031000137,1.243999958,4.234000206,1.340000033,45.44400024
2016/7/24 18:00,11.78800011,2.812999964,7.604000092,0.958999991,4.172999859,1.309999943,13.152896567604323
2016/7/24 19:00,13.19499969,3.415999889,8.598999977,1.491999984,4.630000114,1.401000023,41.99700165
2016/7/24 20:00,16.94599915,3.88499999,10.73200035,1.77699995,6.275000095,1.491999984,40.52000046
2016/7/24 21:00,17.2140007,3.348999977,10.625,0.745999992,6.610000134,1.583999991,28.948822787248627
2016/7/24 22:00,18.21899986,5.157000065,12.79300022,2.309999943,5.482999802,1.279000044,39.74599838
2016/7/24 23:00,17.95100021,5.022999763,12.89900017,2.736000061,5.086999893,1.309999943,10.100984221191094
2016/7/25 0:00,16.74500084,4.554999828,12.11699963,2.559000015,4.751999855,1.279000044,16.068549965146197
2016/7/25 1:00,16.27599907,4.152999878,11.79800034,2.415999889,4.111999989,1.187999964,20.39588781716687
2016/7/25 2:00,16.1420002,5.090000153,11.72700024,2.486999989,3.898999929,1.156999946,40.37900162
2016/7/25 3:00,15.13700008,4.085999966,11.12199974,2.381000042,3.471999884,1.248999953,20.405397226210088
2016/7/25 4:00,13.19499969,2.947000027,9.737000465,1.243999958,2.984999895,1.036000013,38.76100159
2016/7/25 5:00,12.6590004,3.282000065,9.204000473,1.527999997,2.862999916,1.004999995,25.301120355270662
2016/7/25 6:00,12.59200001,3.08100009,8.635000229,0.816999972,3.075999975,1.218000054,22.301340653255483
2016/7/25 7:00,5.022999763,1.741000056,1.457000017,0.319999993,3.137000084,1.340000033,9.581283509907564
2016/7/25 8:00,3.214999914,1.340000033,0.107000001,-0.071000002,3.046000004,1.309999943,43.26300049
2016/7/25 9:00,3.549999952,1.473999977,0.107000001,0.0,3.441999912,1.371000051,26.641827622689604
2016/7/25 10:00,4.019000053,1.273000002,0.142000005,0.0,3.838000059,1.218000054,13.771080614602495
2016/7/25 11:00,5.960999966,-0.40200001,2.559000015,-2.025000095,4.324999809,1.126999974,25.99887394820949
2016/7/25 12:00,13.93200016,1.674000025,8.918999672,0.319999993,4.386000156,1.156999946,18.92276193250657
2016/7/25 13:00,14.73600006,0.736999989,9.593999863,-1.527999997,4.965000153,1.248999953,22.817279435906446
2016/7/25 14:00,13.66399956,0.067000002,9.097000122,-1.741000056,4.659999847,1.218000054,41.64500046
2016/7/25 15:00,13.86499977,0.134000003,9.06099987,-1.953999996,4.416999817,1.097000003,21.048773693003124
2016/7/25 16:00,12.85999966,0.268000007,8.598999977,-1.527999997,4.234000206,1.248999953,17.803373894338684
2016/7/25 17:00,12.45800018,0.134000003,8.493000031,-1.63499999,4.051000118,1.187999964,9.466665078076433
2016/7/25 18:00,12.12300014,0.0,8.137999535,-1.812000036,4.111999989,1.248999953,43.68500137
2016/7/25 19:00,13.26200008,0.335000008,8.635000229,-1.63499999,4.659999847,1.401000023,41.36399841
2016/7/25 20:00,17.61599922,1.139000058,11.15799999,-1.243999958,6.548999786,1.523000002,6.861695554998661
2016/7/25 21:00,17.75,0.80400002,11.22900009,-1.527999997,6.487999916,1.613999963,40.6609993
2016/7/25 22:00,17.34799957,1.473999977,11.79800034,-0.711000025,5.635000229,1.371000051,39.25400162
2016/7/25 23:00,16.07500076,1.541000009,11.40699959,-0.816999972,4.782000065,1.156999946,20.14359637170451
2016/7/26 0:00,17.88400078,2.27699995,11.01599979,-0.354999989,6.730999947,1.674999952,39.53499985
2016/7/26 1:00,18.41900063,2.611999989,11.76200008,-0.248999998,6.487999916,1.644999981,39.04299927
2016/7/26 2:00,15.8739996,1.741000056,9.87899971,-0.532999992,6.183000088,1.70599997,18.398953013070305
2016/7/26 3:00,16.00799942,1.807999969,10.27000046,-1.207999945,5.787000179,1.644999981,28.464122864690044
2016/7/26 4:00,12.92700005,0.80400002,7.427000046,-2.167999983,5.452000141,1.491999984,39.11299896
2016/7/26 5:00,12.92700005,0.938000023,7.639999866,-2.167999983,5.269000053,1.432000041,23.367685003508615
2016/7/26 6:00,12.99400043,1.273000002,8.065999985,-0.995000005,5.117000103,1.644999981,38.26900101
2016/7/26 7:00,13.79800034,1.60800004,8.065999985,-1.243999958,5.117000103,1.735999942,40.52000046
2016/7/26 8:00,11.05200005,0.602999985,8.456999779,-1.350000024,2.862999916,1.248999953,40.94200134
2016/7/26 9:00,11.65499973,0.670000017,8.421999931,-0.782000005,2.862999916,1.126999974,13.97014133017898
2016/7/26 10:00,13.32900047,0.870999992,9.522999763,-0.995000005,3.503000021,1.126999974,39.95700073
2016/7/26 11:00,14.33399963,0.938000023,9.559000015,-1.491999984,4.081999779,1.065999985,16.955533169695688
2016/7/26 12:00,14.93700027,0.670000017,9.737000465,-0.391000003,4.538000107,1.097000003,39.32400131
2016/7/26 13:00,15.73999977,0.736999989,9.87899971,-1.741000056,5.208000183,1.309999943,10.587063502820628
2016/7/26 14:00,15.40499973,0.536000013,9.701000214,-1.953999996,5.026000023,1.248999953,24.903177224470546
2016/7/26 15:00,13.59700012,0.670000017,9.23900032,-1.598999977,4.477000237,1.097000003,19.436619787135005
2016/7/26 16:00,13.32900047,0.602999985,8.989999771,-0.888000011,4.295000076,1.248999953,44.74100113
2016/7/26 17:00,13.12800026,1.473999977,8.670999527,-0.675000012,4.447000027,1.309999943,22.627938991205824
2016/7/26 18:00,12.79300022,1.072000027,8.350999832,-0.745999992,4.386000156,1.371000051,25.116555451532744
2016/7/26 19:00,13.93200016,1.273000002,8.918999672,-0.711000025,5.026000023,1.401000023,25.0557673578171
2016/7/26 20:00,18.75399971,2.611999989,11.86900043,0.035999998,6.883999825,1.491999984,41.29399872
2016/7/26 21:00,16.81200027,1.473999977,10.80300045,-0.852999985,6.883999825,1.523000002,24.061640415993185
2016/7/26 22:00,17.48200035,3.08100009,11.69099998,0.639999986,5.725999832,1.371000051,25.073661408464183
2016/7/26 23:00,17.41500092,3.282000065,11.65499973,0.639999986,5.300000191,1.279000044,27.14097979029794
2016/7/27 0:00,16.6779995,2.545000076,11.65499973,0.639999986,4.842999935,1.187999964,10.031690898132803
2016/7/27 1:00,14.40100002,2.678999901,10.23400021,0.532999992,4.386000156,1.126999974,28.590541842197077
2016/7/27 2:00,14.46800041,1.807999969,10.23400021,0.569000006,4.051000118,1.065999985,19.4024687935056
2016/7/27 3:00,14.2670002,2.210000038,10.12699986,0.354999989,3.746000051,1.097000003,37.91699982
2016/7/27 4:00,14.06599998,2.075999975,10.23400021,0.391000003,3.349999905,1.004999995,40.30899811
2016/7/27 5:00,12.6590004,2.27699995,9.522999763,0.319999993,3.229000092,0.975000024,20.18647197267538
2016/7/27 6:00,13.19499969,1.807999969,9.559000015,-0.284000009,3.137000084,1.097000003,16.59981384968925
2016/7/27 7:00,11.65499973,1.473999977,7.853000164,-0.178000003,3.349999905,1.371000051,40.09799957
2016/7/27 8:00,12.12300014,1.741000056,8.031000137,-0.603999972,3.411000013,1.340000033,15.801070468670734
2016/7/27 9:00,12.6590004,1.807999969,8.31499958,-0.354999989,3.654999971,1.340000033,24.882576269024838
2016/7/27 10:00,14.93700027,2.075999975,9.807999611,0.0,4.355999947,1.432000041,15.069968975469443
2016/7/27 11:00,15.47200012,1.541000009,10.30500031,-0.035999998,4.994999886,1.309999943,38.69100189
2016/7/27 12:00,16.27599907,2.009000063,10.3409996,-0.711000025,5.208000183,1.309999943,38.19800186
2016/7/27 13:00,16.61100006,1.942000031,10.3760004,-0.603999972,5.635000229,1.340000033,20.240047179591127
2016/7/27 14:00,16.07500076,1.942000031,10.3760004,-0.354999989,5.208000183,1.340000033,15.07607309264889
2016/7/27 15:00,15.13700008,1.875,10.51799965,-0.213,4.751999855,1.279000044,18.78455250531816
2016/7/27 16:00,12.99400043,1.406999946,8.954999924,-0.284000009,4.111999989,1.279000044,17.23680532671445
2016/7/27 17:00,12.85999966,1.139000058,8.706000328,-0.603999972,4.172999859,1.126999974,19.414241994131803
2016/7/27 18:00,12.72599983,0.938000023,8.350999832,-0.888000011,4.295000076,1.279000044,11.661092128918515
2016/7/27 19:00,14.13300037,1.20599997,9.131999969,-0.816999972,5.147999763,1.371000051,25.658892436154794
2016/7/27 20:00,19.15600014,2.344000101,12.08199978,-0.178000003,7.097000122,1.583999991,24.349959474440443
2016/7/27 21:00,18.2859993,1.60800004,11.61999989,-0.782000005,6.671000004,1.552999973,16.610834838818764
2016/7/27 22:00,19.42399979,2.27699995,13.32600021,0.354999989,5.725999832,1.279000044,21.6175180906234
2016/7/27 23:00,19.29000092,3.684000015,14.71100044,1.065999985,5.147999763,1.218000054,21.8465425275863
2016/7/28 0:00,21.43400002,3.818000078,14.17800045,0.497000009,7.126999855,1.70599997,25.624908496551278
2016/7/28 1:00,19.55800056,3.951999903,13.07699966,0.569000006,6.730999947,1.735999942,40.30899811
2016/7/28 2:00,18.95499992,3.684000015,12.47299957,1.031000018,6.366000175,1.613999963,18.67717402915734
2016/7/28 3:00,16.81200027,2.477999926,10.8739996,-0.035999998,5.940000057,1.674999952,41.7159996
2016/7/28 4:00,17.28100014,2.812999964,11.58399963,0.354999989,5.696000099,1.523000002,14.50245258626293
2016/7/28 5:00,17.07999992,3.415999889,11.72700024,0.603999972,5.604000092,1.644999981,16.790449548718474
2016/7/28 6:00,14.66899967,1.674000025,8.954999924,-1.065999985,5.90899992,1.85800004,39.11299896
2016/7/28 7:00,14.93700027,2.545000076,8.847999573,0.0,5.604000092,1.85800004,22.14732455512043
2016/7/28 8:00,11.11900043,1.541000009,7.888999939,-0.639999986,3.289999962,1.309999943,27.215274749292774
2016/7/28 9:00,12.39099979,1.60800004,8.706000328,-0.142000005,3.625,1.309999943,38.19800186
2016/7/28 10:00,14.2670002,2.27699995,9.593999863,-0.142000005,4.172999859,1.371000051,38.05799866
2016/7/28 11:00,14.2670002,1.875,9.593999863,-0.284000009,4.751999855,1.371000051,22.477029149292488
2016/7/28 12:00,15.60599995,0.80400002,9.772000313,-1.101999998,5.117000103,1.279000044,11.653835533586836
2016/7/28 13:00,16.20899963,2.075999975,11.26500034,-0.391000003,5.725999832,1.371000051,30.63866746717801
2016/7/28 14:00,16.07500076,1.807999969,10.23400021,-0.639999986,5.452000141,1.401000023,24.651300766189294
2016/7/28 15:00,15.40499973,1.674000025,10.16300011,-0.569000006,5.086999893,1.340000033,18.528284938450224
2016/7/28 16:00,13.9989996,1.473999977,9.416999817,-0.391000003,4.630000114,1.279000044,22.403118284958317
2016/7/28 17:00,13.52999973,1.406999946,8.706000328,-0.745999992,4.782000065,1.401000023,23.86798868434975
2016/7/28 18:00,12.99400043,1.340000033,8.527999878,-0.603999972,4.507999897,1.462000012,21.038068181813383
2016/7/28 19:00,13.86499977,2.746000051,9.593999863,0.532999992,4.994999886,1.462000012,41.92699814
2016/7/28 20:00,18.95499992,3.415999889,11.76200008,0.603999972,7.097000122,1.552999973,14.668752395905063
2016/7/28 21:00,18.41900063,2.611999989,11.65499973,0.248999998,6.791999817,1.432000041,14.922154465248685
2016/7/28 22:00,17.48200035,3.818000078,11.54899979,0.888000011,6.031000137,1.432000041,39.32400131
2016/7/28 23:00,17.41500092,3.415999889,12.43700027,1.56400001,5.421999931,1.309999943,38.83200073
2016/7/29 0:00,17.2140007,4.152999878,12.57900047,1.812000036,5.056000233,1.309999943,39.67599869
2016/7/29 1:00,15.00399971,3.148000002,10.66100025,0.852999985,4.538000107,1.187999964,38.4090004
2016/7/29 2:00,15.3380003,3.617000103,10.9090004,1.99000001,4.081999779,1.126999974,21.813591063136887
2016/7/29 3:00,13.59700012,3.08100009,9.416999817,1.457000017,3.960000038,1.248999953,22.012803409414
2016/7/29 4:00,12.92700005,2.947000027,9.416999817,1.136999965,3.471999884,1.156999946,31.30545773454305
2016/7/29 5:00,13.79800034,2.344000101,9.949999809,0.319999993,3.349999905,1.097000003,38.4090004
2016/7/29 6:00,11.31999969,2.611999989,7.923999786,0.497000009,3.411000013,1.371000051,38.76100159
2016/7/29 7:00,12.79300022,3.214999914,9.380999565,1.457000017,3.381000042,1.340000033,20.678810792888164
2016/7/29 8:00,11.31999969,2.812999964,7.747000217,0.675000012,3.471999884,1.432000041,42.77099991
2016/7/29 9:00,13.12800026,3.415999889,9.416999817,1.243999958,3.77699995,1.340000033,41.08300018
2016/7/29 10:00,14.53499985,2.947000027,9.487999916,0.888000011,4.386000156,1.432000041,41.64500046
2016/7/29 11:00,13.52999973,2.947000027,9.949999809,1.136999965,3.868000031,0.975000024,18.120525235128284
2016/7/29 12:00,15.80700016,2.880000114,10.19900036,0.532999992,5.300000191,1.371000051,14.541101601868249
2016/7/29 13:00,16.87899971,2.477999926,10.4119997,0.852999985,5.84800005,1.523000002,22.01444380546891
2016/7/29 14:00,15.60599995,2.545000076,10.30500031,0.639999986,5.604000092,1.401000023,10.097241615375799
2016/7/29 15:00,15.20400047,2.477999926,9.807999611,0.675000012,5.208000183,1.371000051,46.00699997
2016/7/29 16:00,14.60200024,3.148000002,9.522999763,0.852999985,5.117000103,1.552999973,13.404301340542686
2016/7/29 17:00,13.9989996,3.08100009,9.168000221,0.816999972,4.873000145,1.491999984,44.10800171
2016/7/29 18:00,13.06099987,2.210000038,8.493000031,0.319999993,4.568999767,1.371000051,15.396827137183495
2016/7/29 19:00,13.9989996,2.411000013,9.026000023,0.213,5.056000233,1.340000033,13.833830830204912
2016/7/29 20:00,19.15600014,1.674000025,11.83300018,-1.101999998,7.34100008,1.644999981,39.74599838
2016/7/29 21:00,19.0890007,1.139000058,11.93999958,-1.527999997,7.218999863,1.644999981,16.934426083639806
2016/7/29 22:00,20.29500008,2.947000027,14.49800014,0.178000003,6.610000134,1.552999973,39.88700104
2016/7/29 23:00,19.35700035,2.812999964,13.75199986,-0.071000002,5.96999979,1.491999984,40.45000076
2016/7/30 0:00,21.56800079,3.684000015,13.75199986,0.213,7.888999939,1.980000019,40.87200165
2016/7/30 1:00,21.03199959,3.684000015,13.75199986,0.425999999,7.40199995,1.797000051,41.01200104
2016/7/30 2:00,19.55800056,2.545000076,12.82800007,-0.035999998,6.974999905,1.888000011,40.52000046
2016/7/30 3:00,19.02199936,2.075999975,11.90400028,0.142000005,6.395999908,1.70599997,23.057500591042015
2016/7/30 4:00,17.61599922,3.013999939,11.40699959,-0.319999993,6.214000225,1.76699996,13.223692824008003
2016/7/30 5:00,17.01300049,2.545000076,11.12199974,-0.391000003,6.06099987,1.827999949,39.60499954
2016/7/30 6:00,16.40999985,2.344000101,10.4119997,-0.248999998,5.940000057,1.827999949,18.92514503731085
2016/7/30 7:00,16.47699928,4.421000004,10.4829998,1.101999998,5.879000187,1.980000019,20.74384809823391
2016/7/30 8:00,14.60200024,4.085999966,10.27000046,0.888000011,3.806999922,1.552999973,25.22044290695693
2016/7/30 9:00,13.26200008,2.746000051,9.168000221,0.425999999,4.295000076,1.552999973,23.184857422678974
2016/7/30 10:00,15.3380003,3.617000103,10.625,1.279000044,4.568999767,1.432000041,29.579865775484908
2016/7/30 11:00,16.34300041,3.549999952,10.66100025,0.782000005,5.300000191,1.583999991,45.23300171
2016/7/30 12:00,17.28100014,3.282000065,10.94499969,0.816999972,5.664999962,1.401000023,24.804427647730968
2016/7/30 13:00,17.75,2.746000051,11.30000019,0.782000005,6.152999878,1.491999984,43.68500137
2016/7/30 14:00,17.2140007,3.549999952,11.37100029,0.639999986,5.940000057,1.491999984,18.6436179012103
2016/7/30 15:00,16.47699928,2.678999901,10.27000046,0.391000003,5.482999802,1.462000012,16.224595418967713
2016/7/30 16:00,15.00399971,2.880000114,9.984999657,0.745999992,5.026000023,1.401000023,16.195523359896267
2016/7/30 17:00,14.40100002,2.344000101,9.23900032,0.425999999,4.994999886,1.432000041,15.555090057974168
2016/7/30 18:00,13.86499977,2.210000038,8.954999924,0.284000009,4.994999886,1.371000051,40.80099869
2016/7/30 19:00,11.11900043,2.009000063,9.131999969,0.425999999,1.888000011,0.731000006,37.91699982
2016/7/30 20:00,17.34799957,1.072000027,12.89900017,-0.675000012,4.234000206,0.975000024,21.184940992857666
2016/7/30 21:00,17.54899979,0.201000005,12.97000027,-1.812000036,4.538000107,1.065999985,39.32400131
2016/7/30 22:00,19.29000092,3.282000065,15.70600033,0.603999972,3.960000038,0.944000006,38.19800186
2016/7/30 23:00,20.96500015,3.684000015,16.41699982,1.243999958,5.300000191,1.309999943,17.932837280684836
2016/7/31 0:00,21.36700058,3.617000103,16.34600067,0.532999992,4.659999847,1.248999953,17.728525754153388
2016/7/31 1:00,21.36700058,3.617000103,16.34600067,0.532999992,4.659999847,1.248999953,9.117088131368348
2016/7/31 2:00,21.36700058,3.617000103,16.34600067,0.532999992,4.659999847,1.248999953,38.26900101
2016/7/31 3:00,21.36700058,3.617000103,16.34600067,0.532999992,4.659999847,1.248999953,19.56615740926681
2016/7/31 4:00,21.36700058,3.617000103,16.34600067,0.532999992,4.659999847,1.248999953,38.26900101
2016/7/31 5:00,21.36700058,3.617000103,16.34600067,0.532999992,4.659999847,1.248999953,18.5079528242809
2016/7/31 6:00,21.36700058,3.617000103,16.34600067,0.532999992,4.659999847,1.248999953,38.26900101
2016/7/31 7:00,21.36700058,3.617000103,16.34600067,0.532999992,4.659999847,1.248999953,27.00709983195346
2016/7/31 8:00,21.36700058,3.617000103,16.34600067,0.532999992,4.659999847,1.248999953,22.999296385075763
2016/7/31 9:00,21.36700058,3.617000103,16.34600067,0.532999992,4.659999847,1.248999953,38.26900101
2016/7/31 10:00,21.36700058,3.617000103,16.34600067,0.532999992,4.659999847,1.248999953,18.745982312164067
2016/7/31 11:00,21.36700058,3.617000103,16.34600067,0.532999992,4.659999847,1.248999953,38.26900101
2016/7/31 12:00,21.36700058,3.617000103,16.34600067,0.532999992,4.659999847,1.248999953,38.26900101
2016/7/31 13:00,21.36700058,3.617000103,16.34600067,0.532999992,4.659999847,1.248999953,17.591981042736982
2016/7/31 14:00,21.36700058,3.617000103,16.34600067,0.532999992,4.659999847,1.248999953,38.26900101
2016/7/31 15:00,21.36700058,3.617000103,16.34600067,0.532999992,4.659999847,1.248999953,22.46169620053641
2016/7/31 16:00,21.36700058,3.617000103,16.34600067,0.532999992,4.659999847,1.248999953,38.26900101
2016/7/31 17:00,21.36700058,3.617000103,16.34600067,0.532999992,4.659999847,1.248999953,11.451120775335934
2016/7/31 18:00,21.36700058,3.617000103,16.34600067,0.532999992,4.659999847,1.248999953,18.935634415911654
2016/7/31 19:00,21.36700058,3.617000103,16.34600067,0.532999992,4.659999847,1.248999953,24.124829574476006
2016/7/31 20:00,21.36700058,3.617000103,16.34600067,0.532999992,4.659999847,1.248999953,38.26900101
2016/7/31 21:00,21.36700058,3.617000103,16.34600067,0.532999992,4.659999847,1.248999953,9.132182151335018
2016/7/31 22:00,21.36700058,3.617000103,16.34600067,0.532999992,4.659999847,1.248999953,38.26900101
2016/7/31 23:00,21.36700058,3.617000103,16.34600067,0.532999992,4.659999847,1.248999953,17.35869706786662
2016/8/1 0:00,20.49600029,3.818000078,15.92000008,1.279000044,4.659999847,1.156999946,36.22900009
2016/8/1 1:00,19.69199944,3.951999903,15.45800018,1.457000017,4.263999939,1.065999985,24.010080292631287
2016/8/1 2:00,18.08499908,2.545000076,13.68099976,0.284000009,3.898999929,1.065999985,24.999970193097436
2016/8/1 3:00,18.21899986,2.812999964,14.71100044,0.745999992,3.77699995,1.218000054,16.707620971616294
2016/8/1 4:00,15.80700016,1.541000009,12.54399967,0.284000009,3.197999954,1.065999985,20.1698858791287
2016/8/1 5:00,16.07500076,2.477999926,13.71700001,0.425999999,3.075999975,0.975000024,26.46985794341434
2016/8/1 6:00,18.01799965,3.214999914,14.17800045,0.816999972,3.259000063,1.248999953,16.655926726154785
2016/8/1 7:00,15.94099998,5.157000065,12.72200012,2.664999962,3.107000113,1.248999953,25.625225582432748
2016/8/1 8:00,14.53499985,3.750999928,10.66100025,1.172999978,3.471999884,1.401000023,35.45500183
2016/8/1 9:00,11.98900032,2.142999887,8.102000237,0.497000009,3.197999954,1.218000054,34.61100006
2016/8/1 10:00,13.12800026,2.812999964,8.598999977,0.711000025,3.746000051,1.309999943,34.75099945
2016/8/1 11:00,13.39599991,2.746000051,8.847999573,0.319999993,4.386000156,1.248999953,22.357633081558863
2016/8/1 12:00,14.73600006,2.344000101,9.274999619,0.462000012,4.630000114,1.309999943,34.8219986
2016/8/1 13:00,15.60599995,2.812999964,10.05599976,0.603999972,5.208000183,1.279000044,36.29899979
2016/8/1 14:00,15.06999969,3.214999914,9.593999863,0.569000006,4.782000065,1.248999953,36.93199921
2016/8/1 15:00,13.73099995,2.142999887,9.487999916,0.248999998,4.386000156,1.248999953,38.12799835
2016/8/1 16:00,12.72599983,2.27699995,8.493000031,0.391000003,4.234000206,1.248999953,30.815795965377678
2016/8/1 17:00,12.6590004,2.411000013,8.598999977,0.603999972,4.051000118,1.309999943,28.197897296720182
2016/8/1 18:00,10.71700001,1.473999977,6.610000134,-0.178000003,4.051000118,1.279000044,38.4090004
2016/8/1 19:00,11.98900032,1.674000025,7.853000164,0.0,4.172999859,1.279000044,37.56499863
2016/8/1 20:00,18.01799965,1.273000002,11.72700024,-1.243999958,6.395999908,1.462000012,37.14300156
2016/8/1 21:00,19.29000092,1.541000009,13.46800041,-1.031000018,6.456999779,1.462000012,12.679361502785767
2016/8/1 22:00,18.5529995,1.674000025,13.11200047,-0.425999999,5.544000149,1.371000051,35.52500153
2016/8/1 23:00,19.95999908,3.88499999,14.99600029,1.101999998,5.361000061,1.432000041,18.247813158179163
2016/8/2 0:00,22.30400085,3.214999914,15.13799953,0.354999989,7.218999863,1.980000019,11.352760121921548
2016/8/2 1:00,20.83099937,3.684000015,14.35599995,0.711000025,6.671000004,1.70599997,35.45500183
2016/8/2 2:00,21.29999924,3.88499999,14.56900024,0.816999972,6.395999908,1.644999981,35.9469986
2016/8/2 3:00,19.29000092,4.956999779,13.36100006,1.99000001,6.214000225,1.76699996,12.491124185642956
2016/8/2 4:00,19.0890007,5.022999763,13.46800041,2.381000042,5.725999832,1.613999963,35.59600067
2016/8/2 5:00,18.41900063,5.157000065,12.97000027,2.131999969,5.664999962,1.735999942,12.798238598979522
2016/8/2 6:00,16.61100006,4.354000092,11.05099964,1.279000044,5.725999832,1.76699996,11.671881859628883
2016/8/2 7:00,16.07500076,4.554999828,11.22900009,2.273999929,4.903999805,1.70599997,22.054831743228778
2016/8/2 8:00,13.26200008,4.21999979,10.19900036,2.203000069,3.289999962,1.552999973,18.9336287412489
2016/8/2 9:00,12.6590004,2.411000013,9.168000221,0.425999999,3.441999912,1.371000051,36.50999832
2016/8/2 10:00,13.4630003,3.214999914,9.380999565,0.958999991,4.386000156,1.523000002,37.2140007
2016/8/2 11:00,14.2670002,2.411000013,9.487999916,0.319999993,4.782000065,1.432000041,13.99506954158184
2016/8/2 12:00,14.80300045,2.411000013,9.843000412,0.532999992,4.873000145,1.309999943,15.01102601649465
2016/8/2 13:00,14.46800041,2.210000038,9.843000412,0.603999972,4.751999855,1.309999943,21.804962834642907
2016/8/2 14:00,12.05599976,1.473999977,7.994999886,-0.213,4.172999859,1.340000033,13.561114243921791
2016/8/2 15:00,11.18599987,2.545000076,7.390999794,0.284000009,3.71600008,1.371000051,25.475611458131272
2016/8/2 16:00,10.44900036,1.875,6.894000053,0.178000003,3.806999922,1.309999943,36.43999863
2016/8/2 17:00,10.98499966,2.210000038,6.894000053,0.354999989,3.563999891,1.248999953,25.654876787686174
2016/8/2 18:00,8.640000343,1.541000009,5.68599987,0.035999998,2.984999895,1.156999946,20.879682863739642
2016/8/2 19:00,9.51099968,0.80400002,6.361000061,-0.319999993,3.167999983,0.883000016,16.3837363756146
2016/8/2 20:00,12.99400043,1.541000009,8.56400013,0.0,4.568999767,1.036000013,27.19247869733184
2016/8/2 21:00,11.5880003,0.736999989,7.355999947,-0.782000005,4.142000198,1.126999974,29.908811228606982
2016/8/2 22:00,12.6590004,2.009000063,8.635000229,0.462000012,3.625,1.036000013,34.75099945
2016/8/2 23:00,15.00399971,3.013999939,11.58399963,1.172999978,3.319999933,1.004999995,25.299963035597525
2016/8/3 0:00,14.66899967,3.549999952,11.97500038,1.598999977,2.924000025,0.944000006,22.788072049905672
2016/8/3 1:00,13.79800034,3.148000002,10.6960001,1.421000004,2.740999937,0.975000024,18.664354998968346
2016/8/3 2:00,9.578000069,1.20599997,7.284999847,0.354999989,2.315000057,0.975000024,33.55599976
2016/8/3 3:00,9.376999855,0.938000023,7.177999973,0.0,2.131999969,0.731000006,13.778193204469478
2016/8/3 4:00,9.578000069,1.340000033,7.568999767,0.142000005,2.131999969,0.822000027,15.878026353985595
2016/8/3 5:00,8.371999741,0.268000007,6.289999962,-0.958999991,2.223999977,0.760999978,32.5
2016/8/3 6:00,9.913000107,0.670000017,7.143000126,-0.569000006,2.650000095,0.822000027,12.270192296876928
2016/8/3 7:00,9.779000282,1.807999969,7.427000046,0.248999998,2.315000057,0.822000027,31.79700089
2016/8/3 8:00,6.631000042,0.536000013,4.051000118,-1.136999965,2.437000036,1.036000013,30.38999939
2016/8/3 9:00,6.96600008,1.20599997,4.65500021,-0.142000005,2.772000074,1.097000003,30.45999908
2016/8/3 10:00,4.622000217,-0.40200001,1.953999996,-2.096999884,2.680000067,1.004999995,28.49099922
2016/8/3 11:00,3.013999939,1.004999995,0.0,0.0,2.954999924,0.913999975,12.491194629847929
2016/8/3 12:00,2.27699995,1.004999995,0.0,0.0,2.375999928,0.913999975,14.779064584906465
2016/8/3 13:00,2.411000013,0.938000023,0.0,0.0,2.467000008,0.852999985,21.774236359365286
2016/8/3 14:00,2.545000076,0.938000023,0.0,0.0,2.497999907,0.883000016,25.540852086471116
2016/8/3 15:00,2.27699995,0.938000023,0.0,-0.071000002,2.437000036,0.944000006,19.87860451091604
2016/8/3 16:00,5.357999802,2.344000101,2.948999882,1.350000024,2.375999928,0.852999985,9.458720307150568
2016/8/3 17:00,8.640000343,3.750999928,5.650000095,2.381000042,3.046000004,1.097000003,19.07664258497476
2016/8/3 18:00,8.43900013,4.287000179,5.366000175,2.559000015,2.954999924,0.883000016,21.800372637041534
2016/8/3 19:00,8.171999931,3.348999977,5.543000221,2.381000042,2.618999958,0.731000006,33.13299942
2016/8/3 20:00,10.64999962,3.951999903,7.249000072,2.700999975,3.411000013,0.760999978,32.36000061
2016/8/3 21:00,9.243000031,3.148000002,6.573999882,1.953999996,2.954999924,0.760999978,26.89734402302813
2016/8/3 22:00,8.706999779,4.085999966,6.183000088,2.700999975,2.375999928,0.731000006,31.44499969
2016/8/3 23:00,8.572999954,4.956999779,7.106999874,3.802000046,2.467000008,0.852999985,8.843087152880846
2016/8/4 0:00,9.444000244,4.622000217,6.928999901,2.736000061,1.91900003,0.700999975,9.554772755420444
2016/8/4 1:00,9.041999817,4.68900013,7.035999775,3.055999994,2.163000107,0.760999978,25.706059316317145
2016/8/4 2:00,8.43900013,3.750999928,6.361000061,3.411000013,1.949000001,0.822000027,13.94223178121679
2016/8/4 3:00,8.23900032,4.354000092,6.289999962,3.019999981,1.980000019,0.852999985,32.36000061
2016/8/4 4:00,7.903999805,3.951999903,5.366000175,2.309999943,1.70599997,1.004999995,32.07799911
2016/8/4 5:00,8.305999756,4.019000053,5.756999969,2.309999943,2.253999949,0.852999985,30.95299911
2016/8/4 6:00,8.774000168,4.287000179,6.644999981,2.594000101,2.650000095,0.852999985,16.47038732592441
2016/8/4 7:00,8.640000343,4.68900013,5.721000195,3.482000113,2.467000008,1.004999995,32.14899826
2016/8/4 8:00,8.706999779,4.822999954,6.040999889,3.588999987,2.467000008,0.944000006,32.07799911
2016/8/4 9:00,9.109000206,4.21999979,6.254000187,2.772000074,2.223999977,0.913999975,17.799289463311677
2016/8/4 10:00,10.85099983,4.622000217,7.960000038,3.197999954,2.862999916,0.883000016,21.043232552983923
2016/8/4 11:00,8.907999992,4.21999979,5.614999771,2.061000109,3.594000101,1.126999974,22.193560277095443
2016/8/4 12:00,8.23900032,3.48300004,5.650000095,2.239000082,2.710999966,1.004999995,20.312554327409426
2016/8/4 13:00,8.104999542,3.750999928,5.899000168,2.309999943,2.315000057,0.822000027,15.03005483847522
2016/8/4 14:00,7.434999943,3.282000065,5.578999996,2.486999989,2.253999949,0.883000016,31.23399925
2016/8/4 15:00,8.104999542,3.951999903,5.721000195,2.594000101,2.405999899,0.913999975,32.57099915
2016/8/4 16:00,7.636000156,3.951999903,5.046000004,2.736000061,2.315000057,0.944000006,34.75099945
2016/8/4 17:00,8.305999756,3.951999903,5.721000195,2.664999962,2.559000015,0.913999975,35.59600067
2016/8/4 18:00,8.23900032,3.88499999,5.472000122,2.559000015,2.862999916,1.126999974,36.29899979
2016/8/4 19:00,8.104999542,3.684000015,5.223999977,2.381000042,2.772000074,1.004999995,35.59600067
2016/8/4 20:00,10.91800022,3.684000015,7.461999893,2.345000029,3.563999891,0.883000016,19.766002210839545
2016/8/4 21:00,9.979999542,3.951999903,6.538000107,2.345000029,3.349999905,1.004999995,32.64099884
2016/8/4 22:00,10.7840004,4.085999966,8.137999535,2.948999882,2.832999945,0.975000024,33.27399826
2016/8/4 23:00,12.52499962,6.09499979,10.8380003,4.300000191,2.497999907,0.944000006,22.490136840010653
2016/8/5 0:00,13.79800034,6.027999878,11.86900043,4.690999985,2.131999969,0.822000027,32.85200119
2016/8/5 1:00,11.65499973,5.492000103,9.630000114,3.76699996,2.101999998,0.822000027,33.69599915
2016/8/5 2:00,13.86499977,6.09499979,11.01599979,4.903999805,2.040999889,0.852999985,22.694911721103928
2016/8/5 3:00,11.45400047,5.625999928,9.843000412,3.980000019,2.071000099,0.852999985,15.299008974678115
2016/8/5 4:00,13.39599991,6.027999878,10.8739996,4.300000191,2.00999999,0.852999985,5.464566109816897
2016/8/5 5:00,12.12300014,5.625999928,9.737000465,3.980000019,2.223999977,0.852999985,14.045456432120334
2016/8/5 6:00,14.2670002,6.027999878,12.11699963,4.441999912,2.437000036,0.760999978,10.867832890522786
2016/8/5 7:00,13.4630003,6.96600008,11.19400024,4.833000183,2.618999958,1.156999946,12.495289680590085
2016/8/5 8:00,10.85099983,5.894000053,8.208999634,4.263999939,2.650000095,1.340000033,35.66600037
2016/8/5 9:00,9.979999542,5.157000065,7.249000072,3.375999928,2.954999924,1.523000002,34.11800003
2016/8/5 10:00,11.11900043,4.756000042,7.427000046,3.197999954,3.319999933,1.401000023,28.917134534332117
2016/8/5 11:00,10.98499966,5.223999977,7.214000225,3.411000013,3.441999912,1.371000051,21.672896000258433
2016/8/5 12:00,8.23900032,3.818000078,5.791999817,2.630000114,2.772000074,1.036000013,23.57983260811653
2016/8/5 13:00,9.041999817,4.487999916,6.324999809,2.273999929,2.862999916,1.004999995,14.112321205866989
2016/8/5 14:00,8.907999992,4.554999828,6.254000187,2.842999935,2.437000036,1.036000013,19.413303821194503
2016/8/5 15:00,9.041999817,3.818000078,6.005000114,2.203000069,2.315000057,1.065999985,35.38499832
2016/8/5 16:00,8.43900013,4.019000053,5.791999817,2.630000114,2.588999987,1.097000003,14.388787878302185
2016/8/5 17:00,9.243000031,4.085999966,6.040999889,2.842999935,3.046000004,1.279000044,34.54000092
2016/8/5 18:00,8.23900032,3.750999928,5.436999798,2.772000074,2.802000046,1.248999953,18.134094346017083
2016/8/5 19:00,8.038000107,3.415999889,5.401000023,2.239000082,2.588999987,0.852999985,23.191937111723558
2016/8/5 20:00,10.51599979,3.549999952,7.214000225,2.381000042,3.229000092,0.791999996,17.701393690490306
2016/8/5 21:00,9.376999855,3.617000103,6.43200016,2.451999903,2.924000025,0.822000027,33.27399826
2016/8/5 22:00,11.25300026,5.157000065,8.38599968,3.660000086,2.710999966,0.913999975,32.64099884
2016/8/5 23:00,12.52499962,5.559000015,9.593999863,3.411000013,2.437000036,1.156999946,16.02907352612766
2016/8/6 0:00,14.60200024,5.760000229,9.31000042,3.588999987,4.873000145,1.491999984,18.825902397447265
2016/8/6 1:00,13.4630003,6.362999916,9.593999863,3.90899992,4.477000237,1.432000041,28.360455822040066
2016/8/6 2:00,13.39599991,5.960999966,9.87899971,4.19299984,4.203000069,1.371000051,32.36000061
2016/8/6 3:00,13.06099987,5.894000053,9.026000023,3.838000059,4.234000206,1.340000033,21.680982360053445
2016/8/6 4:00,13.12800026,6.296000004,8.989999771,3.447000027,4.234000206,1.491999984,14.997409685440868
2016/8/6 5:00,13.93200016,6.296000004,9.416999817,3.411000013,4.507999897,1.401000023,33.62599945
2016/8/6 6:00,13.79800034,6.229000092,9.23900032,3.233999968,4.873000145,1.340000033,33.48500061
2016/8/6 7:00,12.52499962,6.027999878,7.461999893,3.197999954,4.659999847,1.552999973,34.18899918
2016/8/6 8:00,9.243000031,5.492000103,6.751999855,3.233999968,2.467000008,1.036000013,37.77600098
2016/8/6 9:00,9.711999893,5.357999802,7.320000172,3.305000067,2.467000008,1.065999985,15.622778127514778
2016/8/6 10:00,11.38700008,4.756000042,7.676000118,3.233999968,3.015000105,1.065999985,21.90653098998245
2016/8/6 11:00,11.5880003,4.822999954,7.568999767,3.055999994,3.289999962,1.036000013,7.884884973015452
2016/8/6 12:00,10.04699993,4.487999916,6.822999954,3.055999994,2.924000025,1.036000013,37.63600159
2016/8/6 13:00,10.11400032,4.622000217,7.604000092,2.700999975,3.167999983,0.975000024,39.53499985
2016/8/6 14:00,9.913000107,4.085999966,7.461999893,2.664999962,2.894000053,1.036000013,40.23799896
2016/8/6 15:00,9.645000458,4.554999828,7.071000099,2.984999895,3.167999983,1.156999946,38.54999924
2016/8/6 16:00,9.779000282,4.68900013,6.681000233,3.019999981,3.229000092,1.156999946,24.596076864710465
2016/8/6 17:00,10.04699993,4.554999828,6.751999855,2.772000074,3.289999962,1.218000054,20.096823348085415
2016/8/6 18:00,9.645000458,4.421000004,6.502999783,2.806999922,3.107000113,1.126999974,37.63600159
2016/8/6 19:00,9.913000107,3.88499999,6.538000107,2.381000042,3.289999962,1.126999974,36.86199951
2016/8/6 20:00,13.86499977,4.554999828,9.23900032,2.664999962,4.690999985,1.065999985,19.595904163302503
2016/8/6 21:00,12.32400036,4.287000179,8.279999733,2.345000029,4.051000118,1.097000003,34.61100006
2016/8/6 22:00,12.25699997,4.956999779,8.883999825,3.055999994,3.381000042,1.004999995,34.18899918
2016/8/6 23:00,12.05599976,5.357999802,9.026000023,3.696000099,3.167999983,1.065999985,33.8370018
2016/8/7 0:00,11.98900032,5.559000015,9.345999718,3.625,2.772000074,0.944000006,33.69599915
2016/8/7 1:00,11.38700008,5.357999802,9.204000473,3.625,2.497999907,0.852999985,20.563248573167144
2016/8/7 2:00,10.85099983,5.492000103,9.026000023,3.944000006,2.223999977,0.852999985,26.42872899437252
2016/8/7 3:00,9.243000031,5.090000153,7.143000126,3.339999914,2.163000107,0.822000027,34.47000122
2016/8/7 4:00,9.645000458,4.889999866,7.071000099,3.375999928,2.101999998,1.156999946,33.13299942
2016/8/7 5:00,9.175999641,4.287000179,7.035999775,3.305000067,2.345000029,0.822000027,33.41500092
2016/8/7 6:00,10.44900036,5.223999977,8.706000328,3.625,2.253999949,0.670000017,32.99300003
2016/8/7 7:00,10.98499966,5.625999928,8.670999527,3.980000019,2.28399992,0.852999985,15.532368258750187
2016/8/7 8:00,8.305999756,5.357999802,6.610000134,4.086999893,2.223999977,0.913999975,32.72867831353803
2016/8/7 9:00,9.913000107,4.756000042,7.143000126,3.482000113,2.894000053,1.187999964,19.375497716743094
2016/8/7 10:00,11.05200005,5.022999763,7.710999966,3.092000008,3.137000084,1.126999974,22.776584176704393
2016/8/7 11:00,11.45400047,5.492000103,7.81799984,3.019999981,3.686000109,1.097000003,18.288918536151495
2016/8/7 12:00,11.05200005,4.152999878,7.106999874,2.948999882,3.503000021,1.156999946,16.940417568297047
2016/8/7 13:00,11.98900032,5.022999763,7.888999939,3.447000027,3.838000059,1.065999985,34.8219986
2016/8/7 14:00,11.72099972,5.090000153,8.173000336,3.163000107,3.77699995,1.218000054,8.731533969215398
2016/8/7 15:00,11.92199993,5.492000103,8.244000435,3.305000067,3.532999992,1.218000054,12.280595967559451
2016/8/7 16:00,10.64999962,4.756000042,6.822999954,3.197999954,3.381000042,1.156999946,21.603952017716885
2016/8/7 17:00,10.91800022,4.622000217,7.177999973,3.092000008,3.898999929,1.248999953,20.48613513446273
2016/8/7 18:00,9.979999542,4.487999916,6.502999783,2.806999922,3.71600008,1.065999985,36.36899948
2016/8/7 19:00,10.7840004,4.085999966,7.071000099,2.559000015,3.71600008,1.036000013,8.939046227065864
2016/8/7 20:00,15.40499973,5.223999977,10.12699986,3.339999914,5.390999794,1.309999943,34.18899918
2016/8/7 21:00,14.2670002,5.090000153,9.274999619,3.411000013,4.903999805,1.187999964,23.537597272375947
2016/8/7 22:00,13.19499969,5.69299984,9.168000221,3.625,4.142000198,1.156999946,34.18899918
2016/8/7 23:00,14.86999989,6.229000092,11.33600044,4.229000092,3.563999891,1.036000013,19.902172602062237
2016/8/8 0:00,15.47200012,4.822999954,12.04599953,3.305000067,3.197999954,1.004999995,19.662186143169457
2016/8/8 1:00,14.40100002,6.631000042,11.72700024,4.690999985,2.984999895,1.036000013,33.69599915
2016/8/8 2:00,12.6590004,6.162000179,10.4829998,4.157999992,2.740999937,1.004999995,33.48500061
2016/8/8 3:00,12.59200001,5.960999966,9.913999557,4.051000118,2.528000116,0.944000006,21.271796321865185
2016/8/8 4:00,12.72599983,6.229000092,10.05599976,4.122000217,2.497999907,0.913999975,24.548751028013704
2016/8/8 5:00,13.39599991,5.559000015,10.58899975,4.725999832,2.497999907,0.852999985,32.64099884
2016/8/8 6:00,13.26200008,5.894000053,10.4829998,4.513000011,2.710999966,1.036000013,31.93799973
2016/8/8 7:00,11.65499973,5.827000141,9.204000473,4.086999893,2.984999895,1.248999953,26.016838971164873
2016/8/8 8:00,10.24800014,5.223999977,7.143000126,3.233999968,2.680000067,1.126999974,21.3257078949544
2016/8/8 9:00,9.645000458,4.622000217,6.502999783,3.019999981,2.862999916,1.156999946,10.463724739936348
2016/8/8 10:00,11.92199993,5.625999928,7.747000217,3.305000067,3.503000021,1.309999943,18.90244486912823
2016/8/8 11:00,12.12300014,5.559000015,8.173000336,3.588999987,3.654999971,1.218000054,19.546849890180056
2016/8/8 12:00,11.45400047,4.554999828,8.137999535,2.878000021,3.503000021,1.218000054,16.15097769467322
2016/8/8 13:00,12.18999958,4.354000092,7.853000164,2.700999975,3.625,1.065999985,23.366548779120468
2016/8/8 14:00,11.78800011,5.492000103,8.279999733,3.411000013,3.503000021,1.218000054,14.970460432430336
2016/8/8 15:00,12.05599976,5.625999928,8.38599968,3.482000113,3.654999971,1.156999946,14.27913888078899
2016/8/8 16:00,11.31999969,5.492000103,7.747000217,3.802000046,3.686000109,1.218000054,38.19800186
2016/8/8 17:00,11.18599987,5.357999802,7.498000145,3.339999914,3.654999971,1.309999943,22.937712292060983
2016/8/8 18:00,10.31499958,4.756000042,6.71600008,2.984999895,3.625,1.309999943,36.86199951
2016/8/8 19:00,11.45400047,4.622000217,7.604000092,2.914000034,3.838000059,1.126999974,31.252988709583025
2016/8/8 20:00,16.6779995,3.951999903,10.80300045,1.598999977,5.725999832,1.552999973,12.787831845894251
2016/8/8 21:00,17.01300049,5.625999928,11.76200008,3.197999954,5.300000191,1.309999943,35.10300064
2016/8/8 22:00,18.21899986,5.559000015,13.71700001,3.127000093,4.568999767,1.248999953,34.89199829
2016/8/8 23:00,17.81699944,5.090000153,13.36100006,2.984999895,4.081999779,1.218000054,20.14653451843551
2016/8/9 0:00,20.62999916,6.296000004,14.28499985,3.305000067,6.183000088,1.735999942,33.13299942
2016/8/9 1:00,19.55800056,5.760000229,13.50300026,3.019999981,5.664999962,1.674999952,22.826500682298043
2016/8/9 2:00,19.22299957,5.827000141,13.57400036,3.019999981,5.300000191,1.613999963,33.55599976
2016/8/9 3:00,17.95100021,8.23900032,12.43700027,4.762000084,5.300000191,1.613999963,28.459974771142644
2016/8/9 4:00,17.81699944,7.434999943,12.26000023,4.833000183,5.026000023,1.613999963,32.71099854
2016/8/9 5:00,18.01799965,8.038000107,12.40200043,4.65500021,4.934000015,1.523000002,32.21900177
2016/8/9 6:00,18.88800049,6.362999916,12.86400032,3.552999973,5.513000011,1.735999942,13.77536213291119
2016/8/9 7:00,18.21899986,6.429999828,12.26000023,3.127000093,5.361000061,1.827999949,21.232706728372392
2016/8/9 8:00,13.4630003,5.223999977,10.66100025,3.447000027,3.197999954,1.371000051,13.261642820795691
2016/8/9 9:00,11.38700008,5.223999977,8.031000137,3.375999928,2.894000053,1.340000033,34.04800034
2016/8/9 10:00,12.52499962,6.027999878,8.670999527,4.051000118,3.471999884,1.401000023,33.48500061
2016/8/9 11:00,11.92199993,5.827000141,8.208999634,2.984999895,3.838000059,1.340000033,33.34400177
2016/8/9 12:00,12.12300014,5.223999977,8.031000137,3.163000107,3.71600008,1.218000054,33.13299942
2016/8/9 13:00,12.92700005,4.956999779,8.244000435,3.092000008,4.081999779,1.279000044,17.970534792649346
2016/8/9 14:00,12.12300014,5.559000015,8.350999832,3.588999987,4.051000118,1.371000051,20.419678479561462
2016/8/9 15:00,11.45400047,5.559000015,7.853000164,3.055999994,3.441999912,1.279000044,35.59600067
2016/8/9 16:00,11.25300026,5.357999802,7.568999767,3.375999928,3.532999992,1.279000044,14.397223282078805
2016/8/9 17:00,10.91800022,5.157000065,7.568999767,3.375999928,3.381000042,1.340000033,35.80699921
2016/8/9 18:00,10.11400032,4.554999828,6.822999954,2.878000021,3.471999884,1.248999953,7.050354782474718
2016/8/9 19:00,10.31499958,4.354000092,6.787000179,2.772000074,3.532999992,1.126999974,34.89199829
2016/8/9 20:00,14.06599998,4.554999828,9.097000122,2.700999975,5.056000233,1.218000054,20.93609152310874
2016/8/9 21:00,14.13300037,5.022999763,10.66100025,3.411000013,4.477000237,1.097000003,32.14899826
2016/8/9 22:00,15.8739996,6.09499979,11.69099998,4.370999813,3.928999901,1.065999985,25.488269616805365
2016/8/9 23:00,15.3380003,6.09499979,11.30000019,3.90899992,3.654999971,1.097000003,22.362233151526315
2016/8/10 0:00,17.88400078,7.703000069,14.03600025,4.903999805,3.289999962,1.065999985,15.834278796837227
2016/8/10 1:00,16.54400063,6.497000217,13.07699966,4.762000084,2.832999945,0.913999975,31.375
2016/8/10 2:00,16.40999985,6.56400013,13.21899986,5.258999825,2.710999966,0.944000006,24.496051123628515
2016/8/10 3:00,14.80300045,7.032999992,12.72200012,4.974999905,2.618999958,1.004999995,31.30400085
2016/8/10 4:00,14.66899967,6.831999779,12.01099968,4.65500021,2.559000015,0.975000024,23.00889782291393
2016/8/10 5:00,14.93700027,6.429999828,12.57900047,4.833000183,2.802000046,1.004999995,31.375
2016/8/10 6:00,16.94599915,6.497000217,13.00599957,4.93900013,3.015000105,1.065999985,30.95299911
2016/8/10 7:00,15.53899956,7.636000156,12.93500042,5.329999924,2.924000025,1.248999953,31.02300072
2016/8/10 8:00,14.19999981,7.099999905,10.66100025,4.796999931,3.319999933,1.340000033,7.0881427767197405
2016/8/10 9:00,11.65499973,3.684000015,8.244000435,1.70599997,3.563999891,1.462000012,12.902332179929806
2016/8/10 10:00,11.72099972,5.022999763,7.994999886,3.269000053,4.020999908,1.432000041,25.61956082407131
2016/8/10 11:00,12.6590004,5.223999977,8.065999985,3.127000093,4.142000198,1.462000012,33.34400177
2016/8/10 12:00,11.72099972,4.554999828,7.888999939,2.914000034,4.081999779,1.432000041,33.34400177
2016/8/10 13:00,13.39599991,5.357999802,8.208999634,2.842999935,4.324999809,1.371000051,10.366629976570756
2016/8/10 14:00,13.06099987,5.69299984,8.56400013,3.872999907,4.142000198,1.309999943,31.78778476947122
2016/8/10 15:00,12.25699997,4.956999779,8.279999733,3.127000093,3.868000031,1.279000044,25.09135530153585
2016/8/10 16:00,11.92199993,5.625999928,7.853000164,3.552999973,3.868000031,1.523000002,12.71123385296916
2016/8/10 17:00,11.5880003,5.492000103,7.710999966,3.802000046,3.99000001,1.552999973,18.505455781200013
2016/8/10 18:00,10.7840004,4.889999866,6.894000053,2.878000021,3.99000001,1.432000041,32.43000031
2016/8/10 19:00,11.85499954,4.487999916,7.747000217,2.700999975,4.203000069,1.218000054,31.72599983
2016/8/10 20:00,17.01300049,3.818000078,10.9090004,1.56400001,6.122000217,1.340000033,31.16399956
2016/8/10 21:00,15.80700016,4.287000179,10.3760004,1.812000036,5.544000149,1.309999943,30.38999939
2016/8/10 22:00,15.3380003,4.354000092,10.7670002,2.167999983,4.598999977,1.097000003,30.10899925
2016/8/10 23:00,15.20400047,4.956999779,10.02099991,2.239000082,4.598999977,1.340000033,16.897077394463675
2016/8/11 0:00,16.54400063,7.234000206,10.16300011,4.300000191,6.518000126,1.797000051,19.781680242105327
2016/8/11 1:00,14.66899967,6.362999916,8.989999771,4.157999992,6.031000137,1.644999981,19.45156484584601
2016/8/11 2:00,14.86999989,6.56400013,8.38599968,4.370999813,5.81799984,1.70599997,29.4072104119359
2016/8/11 3:00,14.93700027,6.96600008,8.954999924,4.690999985,5.664999962,1.797000051,29.12400055
2016/8/11 4:00,14.46800041,7.301000118,8.350999832,4.300000191,5.513000011,1.76699996,24.253368082923966
2016/8/11 5:00,13.06099987,6.631000042,7.853000164,3.872999907,5.421999931,1.583999991,12.3165477969921
2016/8/11 6:00,14.60200024,5.960999966,8.812999725,4.122000217,5.482999802,1.735999942,28.35000038
2016/8/11 7:00,10.04699993,5.357999802,6.894000053,3.838000059,3.167999983,1.432000041,29.33499908
2016/8/11 8:00,11.25300026,6.229000092,7.782000065,3.696000099,3.289999962,1.491999984,18.208314335077485
2016/8/11 9:00,11.38700008,5.157000065,8.031000137,3.517999887,3.532999992,1.432000041,25.067198356684596
2016/8/11 10:00,12.72599983,5.960999966,8.635000229,3.305000067,3.99000001,1.462000012,20.415176470000148
2016/8/11 11:00,13.86499977,4.019000053,8.883999825,1.953999996,4.538000107,1.401000023,31.44499969
2016/8/11 12:00,13.73099995,4.956999779,8.847999573,3.339999914,4.538000107,1.340000033,20.239088146980826
2016/8/11 13:00,14.73600006,5.69299984,9.31000042,2.878000021,5.208000183,1.462000012,17.10296049241076
2016/8/11 14:00,14.53499985,6.09499979,9.097000122,3.269000053,4.751999855,1.401000023,20.718084325015624
2016/8/11 15:00,13.26200008,5.425000191,9.06099987,3.197999954,4.507999897,1.432000041,18.28186142218458
2016/8/11 16:00,12.45800018,5.492000103,8.38599968,3.76699996,4.172999859,1.279000044,35.38499832
2016/8/11 17:00,11.45400047,5.022999763,7.284999847,3.019999981,4.263999939,1.462000012,35.31399918
2016/8/11 18:00,6.631000042,2.210000038,2.486999989,0.675000012,4.111999989,1.371000051,33.48500061
2016/8/11 19:00,10.24800014,3.617000103,6.183000088,2.061000109,4.111999989,1.097000003,23.306146688601878
2016/8/11 20:00,17.48200035,4.085999966,11.30000019,2.061000109,6.06099987,1.432000041,26.260371965534617
2016/8/11 21:00,17.14699936,4.487999916,11.05099964,2.096999884,5.756999969,1.340000033,30.24900055
2016/8/11 22:00,17.95100021,5.625999928,13.04100037,2.984999895,5.177999973,1.340000033,16.216621010352316
2016/8/11 23:00,17.48200035,6.162000179,12.97000027,3.980000019,4.690999985,1.432000041,19.764800194750677
2016/8/12 0:00,18.15200043,5.357999802,13.82299995,3.482000113,4.203000069,1.279000044,30.53100014
2016/8/12 1:00,16.94599915,6.027999878,13.18299961,3.233999968,3.928999901,1.218000054,30.03800011
2016/8/12 2:00,16.61100006,5.760000229,13.32600021,3.269000053,3.503000021,1.097000003,30.1493898364663
2016/8/12 3:00,15.40499973,6.831999779,12.36600018,4.796999931,2.954999924,1.065999985,28.9829998
2016/8/12 4:00,14.73600006,7.099999905,11.90400028,4.93900013,2.984999895,1.065999985,28.77199936
2016/8/12 5:00,13.66399956,5.960999966,10.44699955,3.90899992,2.772000074,0.944000006,28.27899933
2016/8/12 6:00,12.99400043,5.894000053,10.3409996,3.90899992,2.772000074,1.004999995,27.85700035
2016/8/12 7:00,13.06099987,6.229000092,10.12699986,4.19299984,2.954999924,1.218000054,17.291548483627786
2016/8/12 8:00,12.92700005,6.697999954,9.487999916,3.90899992,3.197999954,1.491999984,29.89699936
2016/8/12 9:00,11.72099972,5.69299984,8.065999985,5.117000103,3.441999912,1.583999991,30.53100014
2016/8/12 10:00,13.59700012,6.027999878,8.989999771,3.76699996,3.928999901,1.552999973,7.383120519428976
2016/8/12 11:00,13.66399956,6.296000004,9.097000122,3.375999928,4.263999939,1.371000051,31.02300072
2016/8/12 12:00,13.52999973,5.357999802,9.131999969,3.092000008,4.447000027,1.371000051,18.067879135904285
2016/8/12 13:00,14.60200024,5.559000015,9.772000313,3.447000027,4.813000202,1.309999943,31.79700089
2016/8/12 14:00,14.19999981,5.625999928,9.131999969,3.019999981,4.477000237,1.340000033,8.773597571455253
2016/8/12 15:00,13.9989996,4.956999779,8.989999771,3.163000107,4.081999779,1.309999943,9.695777944904966
2016/8/12 16:00,12.6590004,4.889999866,8.635000229,2.948999882,4.020999908,1.371000051,19.73021264124984
2016/8/12 17:00,12.85999966,5.090000153,8.421999931,2.948999882,4.203000069,1.432000041,19.076253352596332
2016/8/12 18:00,11.72099972,5.090000153,7.461999893,3.055999994,4.203000069,1.491999984,19.195620250322534
2016/8/12 19:00,12.39099979,4.889999866,8.065999985,3.055999994,4.324999809,1.279000044,16.96057322590293
2016/8/12 20:00,18.01799965,4.085999966,11.65499973,1.77699995,6.395999908,1.401000023,16.529767185346444
2016/8/12 21:00,17.81699944,3.549999952,11.19400024,0.852999985,6.275000095,1.462000012,31.375
2016/8/12 22:00,21.43400002,6.96600008,15.63500023,4.441999912,5.635000229,1.309999943,26.28126885223727
2016/8/12 23:00,19.89299965,5.827000141,14.67599964,3.233999968,5.056000233,1.309999943,31.23399925
2016/8/13 0:00,20.96500015,5.960999966,14.67599964,3.127000093,6.578999996,1.674999952,20.441351323556948
2016/8/13 1:00,20.76399994,6.56400013,14.21399975,3.055999994,6.366000175,1.644999981,19.04719377111475
2016/8/13 2:00,18.21899986,4.68900013,12.33100033,2.203000069,5.879000187,1.552999973,30.74200058
2016/8/13 3:00,18.62000084,6.09499979,13.11200047,3.305000067,5.787000179,1.613999963,30.60099983
2016/8/13 4:00,18.88800049,5.492000103,12.82800007,2.700999975,5.635000229,1.85800004,19.06733001633918
2016/8/13 5:00,16.40999985,5.022999763,11.33600044,2.594000101,5.361000061,1.613999963,17.609045255594047
2016/8/13 6:00,15.47200012,4.152999878,9.701000214,1.598999977,5.664999962,1.70599997,29.19400024
2016/8/13 7:00,15.40499973,5.559000015,9.666000366,2.415999889,5.573999882,1.949000001,30.67099953
2016/8/13 8:00,14.19999981,5.223999977,10.51799965,2.914000034,3.259000063,1.552999973,19.1954120924696
2016/8/13 9:00,12.18999958,4.085999966,8.38599968,4.086999893,3.686000109,1.523000002,21.236377015789433
2016/8/13 10:00,13.86499977,6.229000092,9.131999969,3.980000019,4.234000206,1.371000051,32.64099884
2016/8/13 11:00,14.73600006,6.229000092,9.274999619,3.625,4.873000145,1.401000023,32.43000031
2016/8/13 12:00,14.73600006,5.827000141,9.737000465,3.802000046,4.751999855,1.279000044,32.28900146
2016/8/13 13:00,15.13700008,5.894000053,10.19900036,3.838000059,5.269000053,1.432000041,15.026186742568
2016/8/13 14:00,15.27099991,6.162000179,9.913999557,3.517999887,5.177999973,1.552999973,34.89199829
2016/8/13 15:00,14.93700027,5.492000103,9.559000015,3.197999954,4.690999985,1.371000051,24.078306780711443
2016/8/13 16:00,13.19499969,5.290999889,8.777000427,3.233999968,4.447000027,1.218000054,36.65100098
2016/8/13 17:00,13.06099987,5.357999802,8.741999626,3.305000067,4.416999817,1.340000033,36.79100037
2016/8/13 18:00,12.79300022,5.090000153,8.279999733,3.339999914,4.598999977,1.491999984,35.45500183
2016/8/13 19:00,13.86499977,5.69299984,9.416999817,3.552999973,4.965000153,1.340000033,21.448748492261842
2016/8/13 20:00,19.89299965,6.96600008,12.61499977,4.086999893,7.188000202,1.644999981,33.06299973
2016/8/13 21:00,18.95499992,7.434999943,11.97500038,4.263999939,6.945000172,1.583999991,32.64099884
2016/8/13 22:00,19.35700035,5.223999977,12.93500042,2.239000082,6.0,1.491999984,32.5
2016/8/13 23:00,18.08499908,4.21999979,12.50800037,2.451999903,5.604000092,1.462000012,32.28900146
2016/8/14 0:00,18.01799965,5.827000141,13.53899956,2.948999882,4.721000195,1.187999964,31.93799973
2016/8/14 1:00,19.15600014,5.960999966,14.92500019,3.696000099,4.324999809,1.187999964,25.981486285008387
2016/8/14 2:00,17.54899979,5.827000141,13.32600021,3.163000107,4.142000198,1.218000054,14.207542160617908
2016/8/14 3:00,16.00799942,7.434999943,12.04599953,5.578999996,3.746000051,1.156999946,30.38999939
2016/8/14 4:00,14.93700027,6.362999916,11.65499973,4.441999912,3.471999884,1.371000051,14.076980923439567
2016/8/14 5:00,14.06599998,5.559000015,10.6960001,3.588999987,3.471999884,1.156999946,21.40839117868652
2016/8/14 6:00,13.73099995,6.162000179,10.16300011,4.157999992,3.289999962,1.097000003,15.910552452277145
2016/8/14 7:00,13.9989996,7.099999905,10.09200001,4.335000038,3.137000084,1.309999943,15.682850221794585
2016/8/14 8:00,10.64999962,6.497000217,7.604000092,3.838000059,3.532999992,1.552999973,19.17439594126097
2016/8/14 9:00,11.98900032,6.229000092,8.065999985,3.872999907,3.654999971,1.523000002,11.021914742470488
2016/8/14 10:00,13.73099995,4.487999916,9.168000221,1.883000016,4.416999817,1.552999973,22.711119506622232
2016/8/14 11:00,14.46800041,4.152999878,9.701000214,1.812000036,4.965000153,1.491999984,15.53568147005576
2016/8/14 12:00,14.86999989,4.019000053,10.02099991,1.70599997,5.329999924,1.70599997,32.43000031
2016/8/14 13:00,16.47699928,4.152999878,10.44699955,1.491999984,5.696000099,1.523000002,33.34400177
2016/8/14 14:00,16.07500076,4.554999828,10.30500031,1.56400001,5.177999973,1.371000051,34.75099945
2016/8/14 15:00,15.27099991,4.487999916,9.737000465,1.56400001,4.782000065,1.371000051,20.98828303615678
2016/8/14 16:00,14.06599998,5.357999802,9.274999619,3.127000093,4.751999855,1.644999981,17.00809428972597
2016/8/14 17:00,13.59700012,5.894000053,8.847999573,3.872999907,4.690999985,1.432000041,26.570421888606436
2016/8/14 18:00,12.52499962,5.090000153,8.244000435,3.233999968,4.263999939,1.187999964,35.45500183
2016/8/14 19:00,13.66399956,5.492000103,8.989999771,3.482000113,4.630000114,1.340000033,24.978613711020227
2016/8/14 20:00,19.0890007,4.756000042,12.15299988,1.84800005,6.914000034,1.523000002,17.14771271188298
2016/8/14 21:00,18.35300064,4.085999966,11.72700024,1.56400001,6.671000004,1.491999984,10.178775072343187
2016/8/14 22:00,17.28100014,5.022999763,11.51299953,2.345000029,6.092000008,1.462000012,14.505241559396854
2016/8/14 23:00,16.40999985,4.622000217,11.12199974,2.273999929,5.361000061,1.371000051,31.86700058
2016/8/15 0:00,19.55800056,6.162000179,12.40200043,2.772000074,7.28000021,1.91900003,31.86700058
2016/8/15 1:00,17.54899979,5.894000053,11.19400024,2.806999922,6.671000004,1.76699996,31.16399956
2016/8/15 2:00,16.61100006,6.96600008,10.27000046,4.406000137,6.214000225,1.76699996,31.02300072
2016/8/15 3:00,15.67300034,7.099999905,9.913999557,4.300000191,5.725999832,1.674999952,10.18389711907686
2016/8/15 4:00,14.80300045,6.296000004,8.38599968,3.76699996,5.90899992,1.76699996,20.360978787216936
2016/8/15 5:00,16.07500076,6.96600008,9.559000015,4.300000191,5.84800005,1.76699996,8.485167409146182
2016/8/15 6:00,15.94099998,7.166999817,9.593999863,3.76699996,5.90899992,1.797000051,31.427317962145118
2016/8/15 7:00,15.13700008,7.769999981,8.954999924,4.300000191,5.84800005,2.131999969,17.35731539764427
2016/8/15 8:00,11.25300026,6.56400013,7.923999786,3.872999907,3.503000021,1.462000012,12.696707980411716
2016/8/15 9:00,11.92199993,6.697999954,8.527999878,3.944000006,3.411000013,1.371000051,13.124503769759816
2016/8/15 10:00,14.2670002,6.764999866,9.204000473,3.802000046,4.386000156,1.371000051,32.64099884
2016/8/15 11:00,14.66899967,6.56400013,9.451999664,3.980000019,4.721000195,1.309999943,12.85441414549598
2016/8/15 12:00,15.13700008,5.625999928,9.843000412,3.872999907,4.994999886,1.432000041,16.951991462476975
2016/8/15 13:00,16.27599907,4.487999916,11.15799999,1.99000001,5.269000053,1.432000041,11.89335043572027
2016/8/15 14:00,16.27599907,4.019000053,11.22900009,2.309999943,4.994999886,1.401000023,35.38499832
2016/8/15 15:00,15.40499973,4.085999966,10.05599976,1.491999984,4.965000153,1.491999984,13.284266722538417
2016/8/15 16:00,14.13300037,4.487999916,9.666000366,2.131999969,4.507999897,1.674999952,21.214992594447992
2016/8/15 17:00,13.59700012,5.894000053,9.168000221,3.838000059,4.477000237,1.401000023,26.902895655849132
2016/8/15 18:00,12.72599983,5.425000191,8.244000435,3.375999928,4.447000027,1.401000023,8.78080001988107
2016/8/15 19:00,14.33399963,5.625999928,9.204000473,3.375999928,4.994999886,1.371000051,33.13299942
2016/8/15 20:00,19.29000092,4.487999916,12.43700027,2.131999969,7.006000042,1.491999984,31.86700058
2016/8/15 21:00,18.88800049,4.152999878,12.47299957,2.025000095,6.395999908,1.371000051,26.487848545892092
2016/8/15 22:00,20.22800064,6.09499979,14.3210001,3.552999973,5.604000092,1.340000033,29.25028369251927
2016/8/15 23:00,18.95499992,5.827000141,14.21399975,3.092000008,5.300000191,1.401000023,23.240078666090902
2016/8/16 0:00,20.09399986,5.157000065,14.4630003,3.233999968,4.934000015,1.371000051,30.590576312984638
2016/8/16 1:00,17.34799957,5.425000191,13.36100006,3.127000093,4.234000206,1.156999946,19.230869193076416
2016/8/16 2:00,17.28100014,6.697999954,13.25500011,4.762000084,3.746000051,1.126999974,31.09300041
2016/8/16 3:00,15.40499973,4.756000042,12.04599953,2.415999889,3.686000109,1.097000003,7.5482897384506
2016/8/16 4:00,16.40999985,5.157000065,12.57900047,3.197999954,3.319999933,1.065999985,18.82056211613737
2016/8/16 5:00,14.33399963,5.625999928,11.15799999,4.122000217,3.229000092,1.065999985,6.474291750460024
2016/8/16 6:00,11.38700008,5.492000103,8.173000336,3.233999968,3.289999962,1.097000003,25.945732510277853
2016/8/16 7:00,10.44900036,4.956999779,7.604000092,2.984999895,3.046000004,1.309999943,7.098507206783274
2016/8/16 8:00,8.774000168,4.354000092,5.507999897,2.842999935,3.319999933,1.279000044,15.876163906343866
2016/8/16 9:00,10.31499958,4.889999866,6.538000107,2.772000074,3.625,1.309999943,21.24165137769825
2016/8/16 10:00,12.05599976,4.822999954,7.390999794,2.664999962,4.142000198,1.552999973,16.916439865289743
2016/8/16 11:00,12.99400043,5.625999928,7.639999866,2.914000034,4.598999977,1.491999984,18.614769628835106
2016/8/16 12:00,13.06099987,5.357999802,8.031000137,2.523000002,4.903999805,1.432000041,32.36000061
2016/8/16 13:00,14.66899967,5.223999977,8.421999931,2.736000061,5.725999832,1.552999973,22.40739095356764
2016/8/16 14:00,13.59700012,4.889999866,8.208999634,2.664999962,5.361000061,1.552999973,20.84064170269055
2016/8/16 15:00,13.12800026,5.157000065,7.532999992,2.381000042,4.903999805,1.340000033,16.462446575312608
2016/8/16 16:00,11.85499954,4.287000179,7.390999794,2.203000069,4.477000237,1.462000012,36.36899948
2016/8/16 17:00,11.25300026,3.818000078,6.751999855,1.953999996,4.477000237,1.340000033,36.36899948
2016/8/16 18:00,10.91800022,3.750999928,6.467000008,1.953999996,4.447000027,1.552999973,14.910365922757807
2016/8/16 19:00,11.92199993,3.88499999,7.0,2.025000095,4.934000015,1.309999943,13.455032677407544
2016/8/16 20:00,16.40999985,5.357999802,9.451999664,2.309999943,7.40199995,1.491999984,21.058921543723
2016/8/16 21:00,18.35300064,4.019000053,11.86900043,1.207999945,6.518000126,1.674999952,19.218427707382627
2016/8/16 22:00,18.82099915,5.559000015,12.57900047,2.061000109,5.879000187,1.401000023,23.54376865162591
2016/8/16 23:00,18.35300064,5.425000191,13.36100006,2.486999989,5.329999924,1.279000044,31.16399956
2016/8/17 0:00,18.01799965,5.827000141,13.75199986,2.984999895,4.630000114,1.218000054,30.53100014
2016/8/17 1:00,18.15200043,5.357999802,13.36100006,3.305000067,4.386000156,1.218000054,26.87130552699383
2016/8/17 2:00,17.07999992,4.68900013,13.32600021,2.984999895,3.868000031,1.156999946,17.58796179617915
2016/8/17 3:00,14.06599998,6.296000004,11.15799999,4.051000118,3.503000021,1.065999985,29.12400055
2016/8/17 4:00,14.19999981,5.960999966,11.33600044,4.263999939,3.107000113,1.340000033,10.698737574608959
2016/8/17 5:00,12.32400036,4.554999828,9.026000023,2.914000034,3.107000113,1.126999974,13.320953276468742
2016/8/17 6:00,12.92700005,5.157000065,9.06099987,3.092000008,3.319999933,1.218000054,28.35000038
2016/8/17 7:00,10.11400032,4.68900013,8.38599968,3.588999987,2.253999949,0.852999985,16.01770415725342
2016/8/17 8:00,10.18099976,5.827000141,7.214000225,3.233999968,2.862999916,1.248999953,28.5192757283115
2016/8/17 9:00,12.05599976,5.960999966,8.244000435,3.625,3.441999912,1.432000041,30.31999969
2016/8/17 10:00,14.06599998,6.56400013,9.807999611,4.014999866,4.172999859,1.491999984,20.48389202360688
2016/8/17 11:00,14.40100002,6.429999828,9.913999557,4.19299984,4.538000107,1.371000051,9.674444220861282
2016/8/17 12:00,15.00399971,5.960999966,9.772000313,3.660000086,4.598999977,1.613999963,32.5
2016/8/17 13:00,16.54400063,5.894000053,11.19400024,3.838000059,5.421999931,1.613999963,15.4215512852702
2016/8/17 14:00,16.00799942,6.697999954,10.5539999,3.944000006,5.329999924,1.644999981,12.999416172327896
2016/8/17 15:00,15.20400047,6.229000092,10.02099991,4.051000118,4.934000015,1.644999981,11.516332747728677
2016/8/17 16:00,13.73099995,5.492000103,8.883999825,3.127000093,4.598999977,1.552999973,18.139444137862853
2016/8/17 17:00,13.32900047,5.157000065,8.883999825,3.305000067,4.295000076,1.523000002,21.97584500871461
2016/8/17 18:00,12.59200001,5.090000153,8.244000435,3.055999994,4.263999939,1.491999984,34.54000092
2016/8/17 19:00,13.52999973,4.68900013,8.777000427,2.594000101,4.659999847,1.340000033,17.410809673820644
2016/8/17 20:00,18.62000084,5.69299984,11.61999989,2.984999895,7.006000042,1.491999984,20.26092515351885
2016/8/17 21:00,17.95100021,5.827000141,11.30000019,3.055999994,6.730999947,1.735999942,14.697769754459438
2016/8/17 22:00,17.61599922,6.631000042,11.76200008,4.335000038,5.940000057,1.552999973,31.375
2016/8/17 23:00,17.88400078,5.960999966,12.72200012,3.588999987,5.300000191,1.401000023,21.509793976031474
2016/8/18 0:00,20.89800072,6.96600008,12.61499977,2.878000021,7.218999863,1.888000011,22.96943049606073
2016/8/18 1:00,19.0890007,8.171999931,11.72700024,4.690999985,6.762000084,1.91900003,14.808144537714018
2016/8/18 2:00,16.47699928,6.764999866,10.05599976,4.19299984,6.335000038,1.76699996,23.915258732725533
2016/8/18 3:00,16.54400063,7.099999905,10.4119997,4.335000038,5.96999979,1.76699996,10.863107019362333
2016/8/18 4:00,14.66899967,6.162000179,8.989999771,3.375999928,5.604000092,1.76699996,23.953994224136796
2016/8/18 5:00,16.07500076,6.96600008,10.3760004,4.65500021,5.635000229,1.797000051,29.92189129513252
2016/8/18 6:00,15.20400047,7.234000206,9.772000313,4.014999866,5.940000057,1.91900003,28.42000008
2016/8/18 7:00,14.46800041,7.032999992,7.994999886,3.838000059,5.84800005,1.949000001,29.75699997
2016/8/18 8:00,11.38700008,6.09499979,8.777000427,4.335000038,3.503000021,1.552999973,13.049248546741994
2016/8/18 9:00,12.59200001,6.631000042,8.812999725,4.014999866,3.503000021,1.523000002,30.60099983
2016/8/18 10:00,14.06599998,5.827000141,9.31000042,3.76699996,4.538000107,1.462000012,21.0347407379357
2016/8/18 11:00,14.66899967,5.894000053,9.380999565,3.872999907,4.721000195,1.552999973,9.384861566474209
2016/8/18 12:00,15.40499973,6.027999878,9.807999611,3.019999981,5.238999844,1.491999984,16.124467664944355
2016/8/18 13:00,16.20899963,5.894000053,10.51799965,3.163000107,5.90899992,1.644999981,11.874171695896543
2016/8/18 14:00,15.53899956,5.760000229,10.3760004,3.411000013,5.390999794,1.523000002,26.586684371317048
2016/8/18 15:00,15.53899956,6.56400013,10.02099991,3.552999973,5.329999924,1.552999973,25.5781504302526
2016/8/18 16:00,14.19999981,5.559000015,9.380999565,3.339999914,5.086999893,1.583999991,22.154910680529582
2016/8/18 17:00,14.2670002,5.625999928,9.274999619,3.447000027,5.026000023,1.613999963,22.399860534526393
2016/8/18 18:00,13.12800026,5.357999802,8.350999832,3.019999981,4.751999855,1.613999963,17.317818786275918
2016/8/18 19:00,14.13300037,4.487999916,9.026000023,2.345000029,5.086999893,1.371000051,35.45500183
2016/8/18 20:00,19.82600021,4.421000004,12.47299957,1.527999997,7.370999813,1.76699996,33.9070015
2016/8/18 21:00,18.75399971,4.68900013,12.11699963,1.953999996,6.822999954,1.552999973,33.8370018
2016/8/18 22:00,22.17000008,6.631000042,16.06200027,3.588999987,6.0,1.491999984,15.498548308849083
2016/8/18 23:00,21.03199959,6.497000217,15.45800018,3.127000093,5.725999832,1.401000023,32.64099884
2016/8/19 0:00,21.16600037,6.631000042,16.06200027,3.980000019,4.934000015,1.340000033,14.225956836148038
2016/8/19 1:00,19.15600014,6.09499979,14.35599995,3.233999968,4.659999847,1.248999953,19.583349206345282
2016/8/19 2:00,19.55800056,5.960999966,14.99600029,3.660000086,4.386000156,1.309999943,25.823932185855483
2016/8/19 3:00,17.95100021,6.362999916,13.82299995,3.269000053,4.172999859,1.279000044,12.21493858619789
2016/8/19 4:00,17.75,6.162000179,14.0010004,3.660000086,3.71600008,1.218000054,24.97926824441494
2016/8/19 5:00,16.47699928,5.625999928,13.25500011,2.842999935,3.746000051,1.248999953,22.837351394737265
2016/8/19 6:00,16.00799942,5.157000065,12.50800037,2.415999889,3.838000059,1.309999943,16.655488447790532
2016/8/19 7:00,16.1420002,7.769999981,12.04599953,5.223999977,3.654999971,1.552999973,33.20399857
2016/8/19 8:00,14.93700027,5.69299984,11.19400024,3.055999994,3.746000051,1.583999991,13.552805925544497
2016/8/19 9:00,15.47200012,5.223999977,11.05099964,2.664999962,4.081999779,1.613999963,35.03300095
2016/8/19 10:00,14.60200024,5.827000141,10.05599976,3.76699996,5.177999973,1.552999973,37.14300156
2016/8/19 11:00,15.8739996,6.429999828,10.73200035,3.980000019,5.482999802,1.491999984,37.14300156
2016/8/19 12:00,17.41500092,5.69299984,10.97999954,3.730999947,5.787000179,1.613999963,37.91699982
2016/8/19 13:00,17.41500092,4.68900013,11.61999989,1.91900003,5.81799984,1.401000023,37.2140007
2016/8/19 14:00,16.27599907,4.152999878,10.5539999,1.315000057,5.147999763,1.401000023,11.070756073687336
2016/8/19 15:00,15.73999977,5.492000103,10.66100025,4.19299984,5.026000023,1.371000051,25.909446629106245
2016/8/19 16:00,14.73600006,5.559000015,9.701000214,3.019999981,4.994999886,1.613999963,21.831661208992237
2016/8/19 17:00,14.19999981,5.357999802,9.204000473,3.019999981,5.026000023,1.432000041,14.254053985760478
2016/8/19 18:00,13.26200008,4.68900013,8.456999779,2.594000101,4.782000065,1.491999984,36.08800125
2016/8/19 19:00,16.1420002,4.756000042,10.09200001,2.381000042,6.122000217,1.491999984,21.195178966715304
2016/8/19 20:00,20.02700043,4.487999916,12.57900047,1.527999997,7.522999763,1.76699996,34.75099945
2016/8/19 21:00,19.02199936,4.152999878,12.15299988,1.421000004,7.28000021,1.797000051,7.962512522272872
2016/8/19 22:00,22.70599937,8.572999954,16.16799927,4.547999859,6.335000038,1.613999963,14.618358615232262
2016/8/19 23:00,23.6439991,6.96600008,17.3409996,4.19299984,5.787000179,1.552999973,20.56825276527808
2016/8/20 0:00,19.75900078,6.429999828,14.81799984,3.980000019,5.238999844,1.432000041,33.261076354010974
2016/8/20 1:00,19.95999908,6.229000092,15.42199993,3.872999907,4.782000065,1.309999943,34.89199829
2016/8/20 2:00,17.81699944,5.357999802,13.50300026,2.984999895,4.447000027,1.218000054,15.437493426507041
2016/8/20 3:00,17.28100014,5.492000103,12.82800007,2.700999975,4.142000198,1.279000044,20.30194807577197
2016/8/20 4:00,15.8739996,6.497000217,12.29500008,4.370999813,3.806999922,1.279000044,34.18899918
2016/8/20 5:00,14.2670002,4.622000217,10.8739996,2.594000101,3.625,1.279000044,33.55599976
2016/8/20 6:00,15.13700008,6.429999828,11.76200008,4.263999939,3.686000109,1.156999946,17.775957859872
2016/8/20 7:00,15.47200012,6.764999866,11.65499973,4.762000084,3.532999992,1.309999943,17.310195495594414
2016/8/20 8:00,15.53899956,7.636000156,11.65499973,5.046000004,3.654999971,1.462000012,25.893400796568603
2016/8/20 9:00,14.86999989,7.434999943,10.8739996,4.300000191,3.838000059,1.432000041,35.38499832
2016/8/20 10:00,17.48200035,6.831999779,12.22399998,4.903999805,4.965000153,1.523000002,17.38750739215885
2016/8/20 11:00,15.13700008,5.559000015,9.666000366,2.842999935,4.994999886,1.552999973,21.57303149046287
2016/8/20 12:00,10.31499958,4.421000004,6.005000114,2.239000082,4.295000076,1.218000054,34.68099976
2016/8/20 13:00,11.45400047,4.554999828,7.143000126,2.630000114,4.051000118,1.218000054,33.27399826
2016/8/20 14:00,10.91800022,4.019000053,6.965000153,2.486999989,4.142000198,1.309999943,32.43000031
2016/8/20 15:00,10.51599979,4.421000004,7.177999973,2.772000074,3.503000021,1.218000054,33.13299942
2016/8/20 16:00,9.711999893,3.750999928,7.320000172,2.381000042,2.802000046,0.913999975,22.81790748422754
2016/8/20 17:00,11.38700008,4.085999966,7.284999847,2.096999884,4.081999779,1.309999943,32.7820015
2016/8/20 18:00,7.903999805,2.411000013,5.578999996,1.457000017,2.28399992,0.670000017,18.578128867882352
2016/8/20 19:00,8.907999992,2.545000076,6.395999908,1.56400001,2.528000116,0.670000017,19.74917532078941
2016/8/20 20:00,12.12300014,3.214999914,8.493000031,1.953999996,3.594000101,0.760999978,19.626183377295504
2016/8/20 21:00,14.40100002,4.554999828,9.87899971,2.736000061,4.598999977,1.036000013,19.559373931666844
2016/8/20 22:00,14.40100002,5.827000141,10.19900036,3.375999928,3.868000031,1.036000013,22.544308049853438
2016/8/20 23:00,15.27099991,7.166999817,12.40200043,4.833000183,3.381000042,1.036000013,11.019000525398052
2016/8/21 0:00,14.60200024,6.296000004,11.08699989,4.263999939,3.259000063,0.975000024,27.43499947
2016/8/21 1:00,15.06999969,6.96600008,12.22399998,4.833000183,2.924000025,1.004999995,27.01300049
2016/8/21 2:00,13.79800034,6.96600008,11.15799999,4.65500021,2.772000074,1.004999995,24.987092497506023
2016/8/21 3:00,13.32900047,6.631000042,11.30000019,5.010000229,2.559000015,0.975000024,28.20899963
2016/8/21 4:00,13.06099987,5.625999928,10.05599976,3.802000046,2.315000057,0.913999975,25.38195502980797
2016/8/21 5:00,11.92199993,3.013999939,9.451999664,1.70599997,2.345000029,0.883000016,27.15808448372776
2016/8/21 6:00,13.4630003,4.085999966,11.05099964,2.273999929,2.680000067,0.913999975,26.5909996
2016/8/21 7:00,13.32900047,4.822999954,10.16300011,3.233999968,2.559000015,1.004999995,27.43499947
2016/8/21 8:00,12.6590004,4.354000092,9.487999916,2.594000101,2.650000095,1.036000013,27.9279995
2016/8/21 9:00,10.58300018,3.08100009,7.960000038,1.63499999,2.740999937,1.126999974,18.279453937418687
2016/8/21 10:00,10.98499966,5.157000065,7.747000217,3.339999914,3.349999905,1.126999974,29.89699936
2016/8/21 11:00,10.98499966,4.822999954,7.532999992,2.984999895,3.806999922,0.944000006,20.237305305809784
2016/8/21 12:00,10.18099976,4.421000004,6.965000153,2.523000002,3.319999933,1.065999985,30.31999969
2016/8/21 13:00,11.31999969,4.421000004,7.071000099,2.630000114,3.654999971,1.097000003,30.67099953
2016/8/21 14:00,11.18599987,4.152999878,7.143000126,2.594000101,3.532999992,1.156999946,31.09300041
2016/8/21 15:00,10.91800022,4.756000042,7.071000099,2.630000114,3.229000092,1.065999985,33.89668040529669
2016/8/21 16:00,9.979999542,3.951999903,6.857999802,2.273999929,3.167999983,1.156999946,14.862086525221788
2016/8/21 17:00,10.18099976,3.818000078,6.644999981,2.309999943,3.503000021,1.126999974,30.38999939
2016/8/21 18:00,9.376999855,3.750999928,5.791999817,2.273999929,3.349999905,1.065999985,28.91300011
2016/8/21 19:00,9.979999542,3.684000015,6.361000061,2.309999943,3.471999884,0.975000024,28.9829998
2016/8/21 20:00,14.53499985,4.487999916,9.23900032,2.594000101,5.300000191,1.156999946,8.652928342214917
2016/8/21 21:00,14.60200024,4.085999966,10.27000046,2.664999962,4.659999847,1.036000013,27.50600052
2016/8/21 22:00,14.53499985,3.818000078,10.16300011,2.096999884,4.111999989,1.126999974,16.22127267539131
2016/8/21 23:00,15.73999977,5.022999763,11.65499973,3.163000107,3.594000101,1.097000003,27.71699905
2016/8/22 0:00,20.02700043,6.831999779,14.0010004,4.157999992,5.756999969,1.613999963,27.50600052
2016/8/22 1:00,19.15600014,6.162000179,13.43200016,4.406000137,5.361000061,1.491999984,27.43499947
2016/8/22 2:00,18.08499908,6.429999828,12.47299957,4.122000217,5.026000023,1.462000012,28.9829998
2016/8/22 3:00,16.20899963,6.229000092,11.40699959,3.447000027,5.026000023,1.552999973,22.22573364977655
2016/8/22 4:00,17.88400078,5.625999928,12.86400032,3.660000086,4.965000153,1.583999991,29.89699936
2016/8/22 5:00,15.80700016,4.889999866,10.6960001,3.092000008,4.507999897,1.340000033,29.54599953
2016/8/22 6:00,15.80700016,5.157000065,11.22900009,3.055999994,4.751999855,1.401000023,23.538102733823195
2016/8/22 7:00,13.86499977,6.631000042,8.812999725,3.944000006,4.598999977,1.583999991,21.81184550346635
2016/8/22 8:00,9.845999718,4.554999828,7.888999939,3.625,1.91900003,0.822000027,18.194905072077944
2016/8/22 9:00,8.640000343,4.554999828,6.395999908,3.269000053,1.980000019,0.822000027,25.39500046
2016/8/22 10:00,10.85099983,5.425000191,7.106999874,3.482000113,3.229000092,1.218000054,28.35000038
2016/8/22 11:00,10.51599979,4.152999878,7.355999947,2.948999882,2.954999924,1.036000013,29.12400055
2016/8/22 12:00,9.376999855,4.287000179,6.928999901,2.664999962,2.680000067,0.944000006,29.82699966
2016/8/22 13:00,9.175999641,4.421000004,6.822999954,2.451999903,2.772000074,1.004999995,22.909408621890975
2016/8/22 14:00,9.711999893,4.421000004,6.395999908,2.345000029,2.832999945,1.097000003,18.98219234973581
2016/8/22 15:00,8.975000381,3.818000078,6.361000061,2.630000114,2.772000074,1.004999995,15.856800695261422
2016/8/22 16:00,8.907999992,4.152999878,6.254000187,2.842999935,2.618999958,1.004999995,28.84199905
2016/8/22 17:00,10.04699993,4.287000179,6.681000233,2.772000074,3.381000042,1.279000044,23.324055876296207
2016/8/22 18:00,8.907999992,3.88499999,5.862999916,2.415999889,3.015000105,1.097000003,26.13241949027553
2016/8/22 19:00,10.71700001,4.019000053,7.0,2.451999903,3.71600008,1.097000003,27.01300049
2016/8/22 20:00,12.52499962,4.019000053,8.137999535,2.486999989,4.355999947,1.097000003,26.66200066
2016/8/22 21:00,13.32900047,4.354000092,9.487999916,2.594000101,3.928999901,0.975000024,21.044354653070528
2016/8/22 22:00,13.59700012,3.750999928,10.02099991,2.061000109,3.289999962,1.036000013,23.571239440357438
2016/8/22 23:00,13.86499977,3.549999952,10.9090004,2.594000101,3.046000004,0.975000024,26.80200005
2016/8/23 0:00,14.13300037,4.287000179,11.54899979,3.127000093,2.772000074,0.975000024,27.15399933
2016/8/23 1:00,14.33399963,4.889999866,12.33100033,2.914000034,2.528000116,0.852999985,9.117571352567284
2016/8/23 2:00,14.06599998,4.756000042,11.33600044,2.594000101,2.497999907,0.883000016,21.519598186448707
2016/8/23 3:00,13.32900047,6.497000217,10.94499969,4.263999939,2.253999949,0.852999985,21.549655812813718
2016/8/23 4:00,13.59700012,6.497000217,10.8380003,5.046000004,2.163000107,0.822000027,26.66200066
2016/8/23 5:00,11.18599987,5.425000191,9.416999817,3.980000019,2.131999969,0.731000006,21.477039523939926
2016/8/23 6:00,13.52999973,6.162000179,10.80300045,4.584000111,2.588999987,0.822000027,13.372877718601858
2016/8/23 7:00,11.98900032,6.09499979,9.31000042,4.547999859,2.375999928,0.975000024,26.5909996
2016/8/23 8:00,12.39099979,5.894000053,9.345999718,4.051000118,2.437000036,1.004999995,19.343365103314692
2016/8/23 9:00,9.979999542,4.956999779,6.822999954,3.055999994,2.497999907,1.065999985,28.27899933
2016/8/23 10:00,11.05200005,5.625999928,7.747000217,3.163000107,3.411000013,1.097000003,28.35000038
2016/8/23 11:00,12.39099979,5.492000103,8.883999825,3.696000099,3.532999992,1.036000013,18.80350930726793
2016/8/23 12:00,11.05200005,4.421000004,7.106999874,2.559000015,3.503000021,1.279000044,16.589723309894207
2016/8/23 13:00,12.12300014,4.956999779,7.639999866,3.092000008,3.654999971,1.065999985,19.117744501936226
2016/8/23 14:00,11.78800011,4.889999866,7.604000092,2.914000034,3.532999992,1.036000013,31.86700058
2016/8/23 15:00,10.98499966,4.822999954,7.994999886,3.127000093,3.349999905,1.248999953,32.14899826
2016/8/23 16:00,10.58300018,4.622000217,7.427000046,2.630000114,3.229000092,1.187999964,14.237491342768347
2016/8/23 17:00,10.64999962,5.022999763,7.284999847,3.092000008,3.411000013,1.156999946,21.702845563617252
2016/8/23 18:00,9.779000282,3.88499999,6.467000008,2.345000029,3.319999933,1.065999985,31.51499939
2016/8/23 19:00,11.25300026,3.951999903,7.284999847,2.273999929,3.928999901,1.156999946,21.289556838577134
2016/8/23 20:00,15.60599995,5.559000015,10.12699986,3.163000107,5.573999882,1.036000013,20.93111724790338
2016/8/23 21:00,14.13300037,4.956999779,9.097000122,2.878000021,4.994999886,1.248999953,19.504402718510487
2016/8/23 22:00,13.73099995,6.09499979,9.666000366,3.90899992,4.172999859,1.187999964,25.019542290684004
2016/8/23 23:00,13.39599991,6.09499979,10.02099991,4.086999893,3.625,1.065999985,24.786155192060097
2016/8/24 0:00,14.46800041,6.027999878,11.58399963,4.833000183,3.107000113,1.065999985,16.210848235008207
2016/8/24 1:00,13.59700012,6.362999916,10.4119997,4.619999886,3.441999912,1.065999985,28.27899933
2016/8/24 2:00,11.98900032,5.760000229,9.451999664,3.944000006,2.650000095,0.852999985,27.925378585795798
2016/8/24 3:00,12.39099979,6.497000217,10.12699986,4.868000031,2.588999987,0.944000006,7.552584316309483
2016/8/24 4:00,10.04699993,5.022999763,7.320000172,3.233999968,2.497999907,0.944000006,27.29500008
2016/8/24 5:00,11.92199993,5.960999966,9.026000023,4.051000118,2.618999958,0.944000006,23.965093431357946
2016/8/24 6:00,11.45400047,5.290999889,8.635000229,3.339999914,2.588999987,0.822000027,26.622064693899908
2016/8/24 7:00,12.12300014,6.429999828,9.737000465,4.477000237,2.437000036,1.004999995,11.42592458579071
2016/8/24 8:00,10.64999962,5.492000103,7.994999886,3.76699996,2.497999907,1.126999974,13.952251478090878
2016/8/24 9:00,10.71700001,5.559000015,7.568999767,3.802000046,2.497999907,1.065999985,28.13899994
2016/8/24 10:00,11.5880003,5.357999802,7.710999966,3.552999973,3.197999954,1.126999974,26.53867519266197
2016/8/24 11:00,11.72099972,4.756000042,8.137999535,3.055999994,3.77699995,1.065999985,20.744826196838684
2016/8/24 12:00,11.65499973,4.956999779,7.427000046,2.523000002,3.471999884,1.156999946,26.889678685217742
2016/8/24 13:00,13.4630003,4.554999828,8.670999527,2.700999975,4.081999779,1.126999974,6.208678848646273
2016/8/24 14:00,11.72099972,5.157000065,8.777000427,3.127000093,3.898999929,1.248999953,24.801815717745146
2016/8/24 15:00,12.85999966,5.69299984,9.204000473,3.872999907,3.594000101,1.126999974,25.958755637432198
2016/8/24 16:00,10.91800022,5.090000153,7.639999866,3.339999914,3.319999933,1.218000054,21.01414085970766
2016/8/24 17:00,10.85099983,4.756000042,7.461999893,3.305000067,3.471999884,1.126999974,24.779702721188176
2016/8/24 18:00,9.845999718,3.951999903,6.502999783,2.451999903,3.289999962,1.065999985,16.019339875165887
2016/8/24 19:00,10.7840004,3.684000015,7.106999874,2.239000082,3.71600008,1.248999953,8.626987235505949
2016/8/24 20:00,15.06999969,4.622000217,9.666000366,2.700999975,5.300000191,1.156999946,30.17900085
2016/8/24 21:00,13.79800034,4.622000217,8.598999977,2.806999922,5.177999973,1.340000033,25.17449748116535
2016/8/24 22:00,15.13700008,6.429999828,11.76200008,4.406000137,4.081999779,1.097000003,29.19400024
2016/8/24 23:00,15.40499973,3.818000078,11.90400028,2.203000069,3.503000021,1.004999995,28.42000008
2016/8/25 0:00,17.28100014,5.559000015,12.47299957,2.984999895,5.604000092,1.583999991,21.049121482442036
2016/8/25 1:00,16.07500076,4.152999878,10.51799965,2.061000109,5.238999844,1.432000041,27.36499977
2016/8/25 2:00,13.79800034,3.348999977,9.097000122,1.63499999,4.873000145,1.371000051,15.87148952752643
2016/8/25 3:00,13.59700012,5.760000229,9.345999718,3.76699996,4.630000114,1.340000033,26.80200005
2016/8/25 4:00,12.99400043,5.69299984,8.598999977,3.269000053,4.447000027,1.248999953,14.867259049174955
2016/8/25 5:00,13.59700012,5.492000103,8.847999573,3.411000013,4.538000107,1.309999943,12.283765231290719
2016/8/25 6:00,13.79800034,5.960999966,9.23900032,3.90899992,4.507999897,1.218000054,26.23900032
2016/8/25 7:00,15.27099991,5.090000153,10.02099991,2.273999929,4.477000237,1.432000041,27.9279995
2016/8/25 8:00,10.58300018,3.348999977,8.777000427,2.594000101,2.28399992,0.944000006,13.952998435122742
2016/8/25 9:00,10.51599979,5.559000015,7.390999794,3.163000107,2.467000008,0.944000006,20.196752387827935
2016/8/25 10:00,11.38700008,5.492000103,7.747000217,3.163000107,3.075999975,1.065999985,21.430808376789855
2016/8/25 11:00,11.5880003,5.223999977,7.994999886,3.019999981,3.594000101,1.065999985,31.65600014
2016/8/25 12:00,10.58300018,4.019000053,7.249000072,2.486999989,3.289999962,1.004999995,23.51689583087647
2016/8/25 13:00,12.72599983,4.956999779,8.527999878,2.664999962,3.806999922,1.036000013,25.884347243707396
2016/8/25 14:00,11.85499954,5.492000103,8.208999634,3.517999887,3.77699995,1.248999953,33.20399857
2016/8/25 15:00,12.45800018,4.822999954,8.244000435,3.055999994,3.746000051,1.340000033,9.275838368306895
2016/8/25 16:00,10.85099983,4.152999878,7.390999794,2.630000114,3.381000042,1.248999953,15.808114296677418
2016/8/25 17:00,11.05200005,4.68900013,7.498000145,2.948999882,3.594000101,1.097000003,15.27485215603685
2016/8/25 18:00,10.24800014,4.21999979,6.71600008,2.630000114,3.532999992,1.156999946,32.14899826
2016/8/25 19:00,12.32400036,4.287000179,8.031000137,2.381000042,4.355999947,1.156999946,31.86700058
2016/8/25 20:00,16.00799942,3.08100009,10.19900036,1.172999978,5.725999832,1.126999974,19.295985101980996
2016/8/25 21:00,16.47699928,4.622000217,11.51299953,2.559000015,4.873000145,1.187999964,7.219606275932026
2016/8/25 22:00,16.00799942,4.152999878,12.15299988,2.025000095,4.111999989,1.097000003,15.021754185534986
2016/8/25 23:00,16.47699928,5.157000065,12.64999962,3.588999987,3.77699995,1.248999953,16.133233163441492
2016/8/26 0:00,18.01799965,6.09499979,14.3920002,3.90899992,3.532999992,1.126999974,29.519556952753103
2016/8/26 1:00,16.54400063,5.625999928,13.96500015,3.517999887,3.107000113,0.944000006,23.234588758174304
2016/8/26 2:00,15.53899956,4.554999828,12.79300022,2.948999882,2.588999987,0.883000016,18.056131823584987
2016/8/26 3:00,15.3380003,7.301000118,13.25500011,5.188000202,2.375999928,0.822000027,12.794304374944405
2016/8/26 4:00,15.73999977,5.290999889,13.04100037,3.197999954,2.650000095,0.883000016,24.201926401229084
2016/8/26 5:00,14.86999989,6.96600008,12.40200043,4.619999886,2.772000074,0.913999975,12.881357429891422
2016/8/26 6:00,13.73099995,5.625999928,11.44200039,4.263999939,2.437000036,0.852999985,26.02799988
2016/8/26 7:00,11.72099972,5.760000229,9.843000412,4.014999866,2.00999999,0.913999975,25.32500076
2016/8/26 8:00,10.31499958,6.162000179,8.421999931,4.833000183,1.888000011,0.852999985,19.882640010154127
2016/8/26 9:00,9.444000244,5.760000229,7.249000072,4.300000191,2.315000057,1.036000013,22.018507629662075
2016/8/26 10:00,10.18099976,5.022999763,6.502999783,3.375999928,2.710999966,1.279000044,26.80200005
2016/8/26 11:00,9.109000206,4.956999779,6.395999908,3.055999994,2.832999945,1.097000003,24.469462647617583
2016/8/26 12:00,7.636000156,3.818000078,4.93900013,2.309999943,2.163000107,0.975000024,26.52099991
2016/8/26 13:00,8.171999931,3.684000015,5.295000076,2.594000101,2.345000029,1.036000013,27.43499947
2016/8/26 14:00,7.568999767,4.354000092,5.117000103,2.486999989,2.772000074,1.097000003,11.036462566033075
2016/8/26 15:00,7.368000031,4.085999966,5.578999996,2.736000061,1.888000011,0.883000016,27.08399963
2016/8/26 16:00,6.764999866,3.750999928,4.762000084,2.594000101,2.040999889,0.944000006,11.22136439010474
2016/8/26 17:00,7.636000156,3.415999889,5.081999779,2.309999943,2.497999907,1.004999995,21.147419740329966
2016/8/26 18:00,6.296000004,3.08100009,4.441999912,2.025000095,1.888000011,0.700999975,14.45990641788318
2016/8/26 19:00,6.296000004,2.477999926,4.441999912,1.56400001,1.76699996,0.547999978,24.843776898829237
2016/8/26 20:00,6.96600008,2.611999989,5.010000229,1.883000016,1.980000019,0.547999978,15.298067334187106
2016/8/26 21:00,7.434999943,2.545000076,4.868000031,0.816999972,2.559000015,0.883000016,16.615278081737625
2016/8/26 22:00,11.05200005,4.152999878,8.847999573,3.269000053,2.193000078,0.852999985,22.37000084
2016/8/26 23:00,11.25300026,3.08100009,9.630000114,1.70599997,2.163000107,1.004999995,22.0890007
2016/8/27 0:00,15.47200012,5.357999802,10.7670002,2.806999922,4.598999977,1.491999984,22.86300087
2016/8/27 1:00,15.13700008,4.354000092,10.51799965,3.019999981,4.295000076,1.462000012,23.63699913
2016/8/27 2:00,15.06999969,6.429999828,11.12199974,4.335000038,4.172999859,1.371000051,23.28499985
2016/8/27 3:00,15.20400047,6.631000042,11.15799999,4.796999931,4.111999989,1.340000033,23.21500015
2016/8/27 4:00,14.40100002,5.625999928,10.44699955,3.944000006,4.355999947,1.401000023,23.54692933959947
2016/8/27 5:00,16.94599915,5.492000103,12.29500008,2.984999895,4.447000027,1.309999943,23.0739994
2016/8/27 6:00,18.21899986,7.501999855,12.79300022,5.188000202,5.086999893,1.613999963,23.1439991
2016/8/27 7:00,14.19999981,4.822999954,9.131999969,2.309999943,4.782000065,1.85800004,16.980160304090326
2016/8/27 8:00,12.12300014,4.085999966,9.204000473,2.594000101,2.467000008,1.340000033,23.84799957
2016/8/27 9:00,9.51099968,3.148000002,6.857999802,1.350000024,2.345000029,1.340000033,25.25499916
2016/8/27 10:00,9.711999893,4.421000004,6.43200016,3.375999928,2.618999958,1.248999953,19.643676901765083
2016/8/27 11:00,9.31000042,4.68900013,6.361000061,2.451999903,3.229000092,1.065999985,26.66200066
2016/8/27 12:00,7.301000118,3.951999903,5.188000202,2.486999989,2.375999928,1.065999985,27.50600052
2016/8/27 13:00,7.368000031,3.617000103,4.93900013,2.451999903,2.345000029,1.187999964,22.6548994758653
2016/8/27 14:00,8.171999931,4.68900013,5.436999798,2.664999962,2.345000029,1.218000054,17.037969248432294
2016/8/27 15:00,8.23900032,3.88499999,5.295000076,2.381000042,2.193000078,1.065999985,16.702396128079233
2016/8/27 16:00,7.234000206,3.88499999,4.833000183,2.948999882,2.315000057,1.036000013,27.71699905
2016/8/27 17:00,8.305999756,4.21999979,5.543000221,2.664999962,2.710999966,1.036000013,28.267019501146894
2016/8/27 18:00,7.568999767,3.750999928,5.010000229,2.415999889,2.528000116,1.004999995,26.52099991
2016/8/27 19:00,6.631000042,3.282000065,4.335000038,2.061000109,2.253999949,0.975000024,26.02799988
2016/8/27 20:00,7.501999855,3.282000065,5.081999779,2.239000082,2.315000057,0.822000027,25.18400002
2016/8/27 21:00,7.166999817,2.678999901,4.65500021,1.491999984,2.467000008,0.913999975,23.080256631001987
2016/8/27 22:00,9.109000206,3.951999903,6.610000134,2.700999975,2.101999998,0.852999985,28.128330575517154
2016/8/27 23:00,10.91800022,5.223999977,8.598999977,3.411000013,2.163000107,0.913999975,19.813411784753775
2016/8/28 0:00,9.51099968,4.822999954,7.071000099,3.625,1.888000011,0.760999978,11.851644780325149
2016/8/28 1:00,8.505999565,4.421000004,6.076000214,2.664999962,1.735999942,0.731000006,23.49600029
2016/8/28 2:00,6.56400013,3.818000078,5.401000023,2.523000002,1.613999963,0.700999975,22.29999924
2016/8/28 3:00,7.368000031,3.415999889,5.828000069,2.878000021,1.583999991,0.731000006,18.702257781321215
2016/8/28 4:00,8.104999542,3.348999977,5.899000168,2.806999922,1.613999963,0.639999986,23.350638457172664
2016/8/28 5:00,7.836999893,4.085999966,6.289999962,2.486999989,1.85800004,0.670000017,20.96299934
2016/8/28 6:00,8.171999931,3.148000002,6.005000114,2.239000082,2.497999907,0.822000027,21.96470881318298
2016/8/28 7:00,9.444000244,4.287000179,6.928999901,3.092000008,2.618999958,1.065999985,22.929615986969726
2016/8/28 8:00,8.975000381,3.282000065,5.899000168,1.031000018,2.650000095,1.156999946,22.58099937
2016/8/28 9:00,8.43900013,4.756000042,5.258999825,2.948999882,2.497999907,1.156999946,25.32500076
2016/8/28 10:00,9.845999718,5.022999763,6.183000088,2.772000074,3.289999962,1.371000051,16.08486166944353
2016/8/28 11:00,9.578000069,4.956999779,6.822999954,3.233999968,2.984999895,1.248999953,26.80200005
2016/8/28 12:00,6.96600008,3.348999977,4.547999859,1.812000036,2.315000057,0.975000024,19.156426385660794
2016/8/28 13:00,8.43900013,4.085999966,5.578999996,2.878000021,2.467000008,1.097000003,27.57600021
2016/8/28 14:00,8.505999565,4.756000042,5.791999817,2.594000101,2.253999949,1.156999946,23.42523843986852
2016/8/28 15:00,6.831999779,3.348999977,4.690999985,2.594000101,2.131999969,1.097000003,28.91300011
2016/8/28 16:00,7.301000118,4.085999966,4.974999905,2.630000114,2.253999949,1.004999995,17.976974354262172
2016/8/28 17:00,7.903999805,3.750999928,5.223999977,2.381000042,2.740999937,1.036000013,16.880620488169356
2016/8/28 18:00,7.703000069,3.48300004,4.93900013,2.239000082,2.680000067,1.065999985,29.0529995
2016/8/28 19:00,6.96600008,3.08100009,4.547999859,1.91900003,2.375999928,0.944000006,20.49354395004238
2016/8/28 20:00,8.371999741,3.617000103,5.472000122,2.203000069,2.802000046,0.944000006,33.95311605505001
2016/8/28 21:00,7.368000031,3.348999977,4.903999805,2.451999903,2.375999928,0.822000027,25.81699944
2016/8/28 22:00,8.104999542,3.818000078,5.96999979,2.381000042,2.253999949,0.944000006,12.71587751962938
2016/8/28 23:00,8.505999565,4.354000092,5.899000168,2.594000101,2.193000078,0.944000006,24.62100029
2016/8/29 0:00,6.429999828,3.750999928,4.513000011,2.451999903,2.071000099,0.883000016,24.4810009
2016/8/29 1:00,7.703000069,3.750999928,5.899000168,2.523000002,1.949000001,0.883000016,23.98800087
2016/8/29 2:00,7.501999855,4.019000053,6.147999763,2.842999935,1.797000051,0.822000027,24.1989994
2016/8/29 3:00,7.099999905,4.019000053,4.762000084,2.736000061,1.85800004,0.852999985,15.803620433662337
2016/8/29 4:00,6.362999916,3.348999977,4.263999939,2.451999903,1.85800004,0.913999975,23.0739994
2016/8/29 5:00,7.368000031,3.013999939,5.258999825,2.486999989,2.071000099,0.791999996,20.208358697763185
2016/8/29 6:00,10.7840004,4.487999916,7.676000118,3.055999994,2.740999937,1.036000013,23.1439991
2016/8/29 7:00,8.305999756,4.756000042,5.578999996,2.523000002,2.467000008,1.218000054,17.584694408953197
2016/8/29 8:00,8.572999954,4.622000217,5.543000221,3.375999928,2.710999966,1.340000033,25.39500046
2016/8/29 9:00,8.975000381,5.223999977,6.254000187,3.552999973,2.740999937,1.340000033,26.66200066
2016/8/29 10:00,10.04699993,5.425000191,6.681000233,3.163000107,2.984999895,1.309999943,22.270469173903273
2016/8/29 11:00,9.845999718,4.756000042,6.681000233,2.948999882,3.289999962,1.309999943,20.273905039044784
2016/8/29 12:00,8.371999741,4.019000053,5.650000095,2.239000082,2.375999928,1.065999985,23.896985560885607
2016/8/29 13:00,8.774000168,4.622000217,5.828000069,2.914000034,2.528000116,1.156999946,28.42000008
2016/8/29 14:00,8.640000343,4.68900013,5.650000095,2.842999935,2.467000008,1.187999964,21.560182185926344
2016/8/29 15:00,8.706999779,4.756000042,5.472000122,2.948999882,2.588999987,1.187999964,29.33499908
2016/8/29 16:00,8.975000381,4.956999779,6.361000061,3.163000107,2.618999958,1.218000054,12.901733308234025
2016/8/29 17:00,8.774000168,4.554999828,6.361000061,2.948999882,2.710999966,1.218000054,25.90538837824507
2016/8/29 18:00,7.836999893,3.951999903,5.295000076,2.239000082,2.559000015,1.065999985,23.906328399058545
2016/8/29 19:00,7.434999943,3.148000002,4.833000183,1.953999996,2.528000116,0.944000006,24.295375003592742
2016/8/29 20:00,8.371999741,3.415999889,5.721000195,2.273999929,2.650000095,0.760999978,17.56552938194725
2016/8/29 21:00,10.38199997,3.818000078,7.427000046,2.594000101,2.375999928,0.852999985,24.5510006
2016/8/29 22:00,9.645000458,4.889999866,7.782000065,3.696000099,1.949000001,0.822000027,20.199798374278103
2016/8/29 23:00,10.91800022,5.625999928,8.883999825,3.802000046,1.949000001,0.913999975,24.83200073
2016/8/30 0:00,14.86999989,6.497000217,10.12699986,4.725999832,4.295000076,1.401000023,12.878331855195963
2016/8/30 1:00,14.66899967,7.099999905,10.3409996,4.584000111,4.081999779,1.340000033,23.91799927
2016/8/30 2:00,13.66399956,6.764999866,9.451999664,4.086999893,4.020999908,1.340000033,27.68325368159833
2016/8/30 3:00,13.52999973,6.296000004,9.666000366,4.014999866,3.898999929,1.309999943,24.4810009
2016/8/30 4:00,12.99400043,6.09499979,8.670999527,4.406000137,4.172999859,1.371000051,20.87072593102193
2016/8/30 5:00,15.06999969,6.831999779,9.949999809,4.014999866,4.751999855,1.432000041,24.62100029
2016/8/30 6:00,15.3380003,7.099999905,10.3760004,3.944000006,5.208000183,1.613999963,24.40999985
2016/8/30 7:00,16.20899963,6.027999878,11.65499973,3.375999928,4.965000153,1.76699996,25.118410802404075
2016/8/30 8:00,12.99400043,5.559000015,10.09200001,3.197999954,2.680000067,1.401000023,16.14875963945192
2016/8/30 9:00,9.779000282,4.622000217,7.284999847,3.019999981,2.375999928,1.156999946,26.52099991
2016/8/30 10:00,9.645000458,4.68900013,6.787000179,3.375999928,2.862999916,1.218000054,17.90122313561852
2016/8/30 11:00,9.913000107,4.756000042,7.0,3.055999994,3.015000105,1.126999974,27.78700066
2016/8/30 12:00,8.43900013,3.88499999,5.401000023,2.167999983,2.345000029,0.944000006,24.501451428056587
2016/8/30 13:00,8.572999954,4.354000092,6.324999809,2.914000034,2.223999977,1.004999995,18.4634796507146
2016/8/30 14:00,8.505999565,4.822999954,5.791999817,3.163000107,2.253999949,1.065999985,17.80557248617315
2016/8/30 15:00,7.903999805,4.68900013,6.111999989,3.588999987,2.223999977,1.097000003,30.03800011
2016/8/30 16:00,7.903999805,4.554999828,5.436999798,2.984999895,2.437000036,1.218000054,30.53100014
2016/8/30 17:00,8.907999992,4.421000004,5.899000168,3.019999981,2.772000074,1.248999953,24.447195954685476
2016/8/30 18:00,8.104999542,4.085999966,5.366000175,2.664999962,2.680000067,1.097000003,28.77199936
2016/8/30 19:00,7.769999981,3.617000103,5.188000202,2.167999983,2.588999987,1.036000013,26.87299919
2016/8/30 20:00,8.572999954,3.88499999,5.899000168,2.594000101,2.559000015,0.883000016,22.18209326504407
2016/8/30 21:00,9.51099968,3.617000103,7.532999992,2.523000002,2.253999949,0.852999985,9.96780644904997
2016/8/30 22:00,11.45400047,5.290999889,9.31000042,4.513000011,2.101999998,0.760999978,24.83200073
2016/8/30 23:00,12.79300022,3.818000078,10.9090004,2.273999929,1.949000001,0.791999996,25.49550281512347
2016/8/31 0:00,13.79800034,4.622000217,12.36600018,3.055999994,1.85800004,0.822000027,11.670281312110742
2016/8/31 1:00,13.79800034,4.622000217,12.36600018,3.055999994,1.85800004,0.822000027,20.06490541666188
2016/8/31 2:00,13.79800034,4.622000217,12.36600018,3.055999994,1.85800004,0.822000027,12.582923645809132
2016/8/31 3:00,13.79800034,4.622000217,12.36600018,3.055999994,1.85800004,0.822000027,25.04400063
2016/8/31 4:00,13.79800034,4.622000217,12.36600018,3.055999994,1.85800004,0.822000027,25.04400063
2016/8/31 5:00,13.79800034,4.622000217,12.36600018,3.055999994,1.85800004,0.822000027,12.094428300017858
2016/8/31 6:00,13.79800034,4.622000217,12.36600018,3.055999994,1.85800004,0.822000027,11.805267819420754
2016/8/31 7:00,13.79800034,4.622000217,12.36600018,3.055999994,1.85800004,0.822000027,25.04400063
2016/8/31 8:00,13.79800034,4.622000217,12.36600018,3.055999994,1.85800004,0.822000027,25.04400063
2016/8/31 9:00,13.79800034,4.622000217,12.36600018,3.055999994,1.85800004,0.822000027,25.04400063
2016/8/31 10:00,13.79800034,4.622000217,12.36600018,3.055999994,1.85800004,0.822000027,25.04400063
2016/8/31 11:00,13.79800034,4.622000217,12.36600018,3.055999994,1.85800004,0.822000027,19.738563402580034
2016/8/31 12:00,13.79800034,4.622000217,12.36600018,3.055999994,1.85800004,0.822000027,27.959684782344812
2016/8/31 13:00,13.79800034,4.622000217,12.36600018,3.055999994,1.85800004,0.822000027,25.04400063
2016/8/31 14:00,13.79800034,4.622000217,12.36600018,3.055999994,1.85800004,0.822000027,7.075157106068586
2016/8/31 15:00,13.79800034,4.622000217,12.36600018,3.055999994,1.85800004,0.822000027,25.04400063
2016/8/31 16:00,13.79800034,4.622000217,12.36600018,3.055999994,1.85800004,0.822000027,25.04400063
2016/8/31 17:00,13.79800034,4.622000217,12.36600018,3.055999994,1.85800004,0.822000027,25.04400063
2016/8/31 18:00,13.79800034,4.622000217,12.36600018,3.055999994,1.85800004,0.822000027,16.158219917909385
2016/8/31 19:00,13.79800034,4.622000217,12.36600018,3.055999994,1.85800004,0.822000027,10.35643041717553
2016/8/31 20:00,13.79800034,4.622000217,12.36600018,3.055999994,1.85800004,0.822000027,25.04400063
2016/8/31 21:00,13.79800034,4.622000217,12.36600018,3.055999994,1.85800004,0.822000027,25.04400063
2016/8/31 22:00,13.79800034,4.622000217,12.36600018,3.055999994,1.85800004,0.822000027,22.72552155433239
2016/8/31 23:00,13.79800034,4.622000217,12.36600018,3.055999994,1.85800004,0.822000027,25.04400063
2016/9/1 0:00,16.00799942,7.234000206,10.8739996,4.619999886,4.538000107,1.552999973,26.30999947
2016/9/1 1:00,14.53499985,6.229000092,9.701000214,4.051000118,4.295000076,1.797000051,16.12403884702236
2016/9/1 2:00,14.40100002,4.487999916,9.772000313,2.061000109,4.477000237,1.583999991,33.80310696454696
2016/9/1 3:00,14.60200024,6.429999828,10.30500031,4.370999813,4.324999809,1.523000002,27.633681749180614
2016/9/1 4:00,12.32400036,5.157000065,8.598999977,3.305000067,4.324999809,1.552999973,25.25499916
2016/9/1 5:00,13.86499977,6.229000092,9.23900032,4.122000217,4.782000065,1.552999973,10.172013886345924
2016/9/1 6:00,14.60200024,4.287000179,9.737000465,1.457000017,5.147999763,1.735999942,24.69199944
2016/9/1 7:00,15.8739996,5.894000053,10.66100025,3.339999914,5.086999893,1.91900003,7.787321570401356
2016/9/1 8:00,10.38199997,3.549999952,7.214000225,1.84800005,2.680000067,1.401000023,14.060407282372186
2016/9/1 9:00,9.51099968,3.684000015,6.822999954,2.096999884,2.710999966,1.309999943,27.36499977
2016/9/1 10:00,10.18099976,3.818000078,7.0,1.315000057,3.046000004,1.401000023,20.44781743589697
2016/9/1 11:00,10.7840004,3.818000078,7.320000172,1.527999997,3.319999933,1.309999943,14.09873810458853
2016/9/1 12:00,8.774000168,4.487999916,6.005000114,2.772000074,2.437000036,1.126999974,14.897510086726445
2016/9/1 13:00,8.171999931,3.818000078,5.791999817,2.486999989,2.405999899,0.944000006,15.157541572222886
2016/9/1 14:00,8.43900013,3.951999903,5.828000069,2.630000114,2.467000008,1.218000054,21.100446499215035
2016/9/1 15:00,9.243000031,3.617000103,6.928999901,1.527999997,2.650000095,1.187999964,16.620396926227524
2016/9/1 16:00,9.51099968,3.48300004,6.610000134,1.598999977,2.650000095,1.613999963,14.274076750805763
2016/9/1 17:00,9.444000244,3.08100009,6.467000008,1.491999984,2.924000025,1.218000054,18.69023789940906
2016/9/1 18:00,8.305999756,4.152999878,5.68599987,2.736000061,2.650000095,1.097000003,30.10899925
2016/9/1 19:00,8.907999992,3.88499999,5.828000069,2.345000029,2.954999924,1.036000013,29.0529995
2016/9/1 20:00,9.779000282,3.818000078,6.573999882,2.381000042,3.259000063,1.065999985,22.64184646573704
2016/9/1 21:00,9.041999817,3.214999914,5.934000015,1.84800005,3.046000004,1.097000003,23.431332049354207
2016/9/1 22:00,9.31000042,4.287000179,6.183000088,2.381000042,2.862999916,1.065999985,11.047743756940905
2016/9/1 23:00,10.7840004,5.090000153,7.960000038,3.980000019,2.345000029,0.975000024,25.13330439005611
2016/9/2 0:00,12.12300014,6.09499979,9.451999664,3.980000019,2.28399992,1.065999985,26.80200005
2016/9/2 1:00,10.91800022,5.69299984,8.208999634,3.90899992,2.253999949,1.004999995,26.30999947
2016/9/2 2:00,10.51599979,5.760000229,8.56400013,4.086999893,2.163000107,1.036000013,17.272765175610697
2016/9/2 3:00,9.578000069,4.956999779,7.853000164,3.233999968,2.071000099,1.004999995,13.097538637747345
2016/9/2 4:00,10.38199997,4.822999954,8.56400013,3.447000027,1.949000001,0.944000006,16.375886360338345
2016/9/2 5:00,11.05200005,5.559000015,9.131999969,4.051000118,2.040999889,0.852999985,17.69621560436046
2016/9/2 6:00,12.52499962,3.951999903,9.23900032,2.309999943,2.710999966,1.004999995,22.890306023042047
2016/9/2 7:00,11.05200005,3.818000078,8.350999832,2.096999884,2.680000067,1.371000051,24.62100029
2016/9/2 8:00,10.91800022,4.554999828,8.456999779,2.594000101,2.832999945,1.462000012,24.83200073
2016/9/2 9:00,10.31499958,6.362999916,7.604000092,3.944000006,2.954999924,1.462000012,18.688642701617145
2016/9/2 10:00,10.7840004,6.296000004,7.532999992,3.838000059,3.107000113,1.491999984,28.06800079
2016/9/2 11:00,10.31499958,5.290999889,7.390999794,3.872999907,3.289999962,1.340000033,28.191360976396314
2016/9/2 12:00,8.907999992,4.554999828,5.543000221,2.167999983,2.862999916,1.309999943,18.033116104161206
2016/9/2 13:00,9.243000031,4.554999828,6.040999889,2.630000114,2.954999924,1.309999943,17.3193454923897
2016/9/2 14:00,8.975000381,5.290999889,6.040999889,3.127000093,3.075999975,1.371000051,31.72599983
2016/9/2 15:00,9.845999718,5.223999977,6.610000134,3.127000093,2.894000053,1.309999943,30.809645040581398
2016/9/2 16:00,9.444000244,4.354000092,6.538000107,2.878000021,2.832999945,1.340000033,31.72599983
2016/9/2 17:00,9.51099968,4.68900013,6.43200016,3.019999981,3.075999975,1.248999953,32.57099915
2016/9/2 18:00,8.774000168,4.287000179,5.756999969,2.664999962,2.984999895,1.218000054,23.768027128435524
2016/9/2 19:00,9.376999855,4.085999966,6.218999863,2.486999989,3.107000113,1.097000003,19.704532267559415
2016/9/2 20:00,10.18099976,4.085999966,6.681000233,2.523000002,3.441999912,1.156999946,17.44595688962775
2016/9/2 21:00,9.109000206,3.415999889,6.040999889,2.061000109,3.015000105,1.097000003,23.457217654685085
2016/9/2 22:00,10.38199997,4.889999866,7.994999886,3.375999928,2.528000116,1.036000013,26.87299919
2016/9/2 23:00,11.85499954,5.425000191,9.131999969,3.411000013,2.559000015,1.097000003,10.33709073548838
2016/9/3 0:00,12.6590004,5.69299984,7.853000164,3.127000093,4.813000202,1.735999942,26.66200066
2016/9/3 1:00,15.94099998,7.368000031,11.33600044,4.833000183,4.568999767,1.644999981,26.41554008202138
2016/9/3 2:00,14.40100002,6.764999866,9.772000313,4.441999912,4.447000027,1.583999991,16.06593419000109
2016/9/3 3:00,12.85999966,6.497000217,8.173000336,4.086999893,4.507999897,1.583999991,25.95800018
2016/9/3 4:00,14.06599998,5.69299984,8.777000427,3.944000006,4.598999977,1.674999952,21.95861600307925
2016/9/3 5:00,14.93700027,6.899000168,9.913999557,4.300000191,4.630000114,1.644999981,26.23900032
2016/9/3 6:00,16.87899971,7.301000118,11.76200008,4.65500021,5.421999931,1.827999949,25.95800018
2016/9/3 7:00,13.9989996,6.899000168,9.416999817,4.441999912,5.117000103,1.827999949,27.01300049
2016/9/3 8:00,8.43900013,5.69299984,6.040999889,3.517999887,2.710999966,1.523000002,27.71699905
2016/9/3 9:00,9.31000042,5.760000229,6.822999954,3.802000046,2.832999945,1.432000041,28.20899963
2016/9/3 10:00,11.05200005,5.625999928,7.320000172,3.90899992,3.259000063,1.432000041,19.970828004626853
2016/9/3 11:00,10.7840004,4.956999779,7.320000172,3.127000093,3.471999884,1.401000023,19.678902470642598
2016/9/3 12:00,9.979999542,4.822999954,6.894000053,3.375999928,2.772000074,1.126999974,30.67099953
2016/9/3 13:00,10.71700001,5.157000065,7.071000099,2.772000074,2.954999924,1.248999953,23.424885725427693
2016/9/3 14:00,9.578000069,5.090000153,6.928999901,3.696000099,2.772000074,1.340000033,12.490867743971439
2016/9/3 15:00,8.840999603,5.223999977,6.610000134,3.092000008,2.650000095,1.218000054,16.406176432187895
2016/9/3 16:00,8.774000168,4.889999866,6.395999908,3.696000099,2.618999958,1.218000054,12.149614849697894
2016/9/3 17:00,9.31000042,4.822999954,6.43200016,3.163000107,2.954999924,1.309999943,27.949763290634454
2016/9/3 18:00,7.903999805,4.019000053,5.258999825,2.700999975,2.650000095,1.097000003,28.84199905
2016/9/3 19:00,9.041999817,3.549999952,5.96999979,2.167999983,3.015000105,1.004999995,33.19146672144066
2016/9/3 20:00,9.444000244,3.549999952,6.289999962,2.131999969,3.046000004,0.944000006,28.06800079
2016/9/3 21:00,10.51599979,4.152999878,7.676000118,2.451999903,2.740999937,0.913999975,27.78700066
2016/9/3 22:00,10.38199997,4.354000092,7.81799984,2.914000034,2.375999928,0.944000006,27.50600052
2016/9/3 23:00,12.05599976,5.223999977,8.989999771,3.872999907,2.467000008,1.065999985,27.36499977
2016/9/4 0:00,11.11900043,4.822999954,8.954999924,3.90899992,2.345000029,1.036000013,27.01300049
2016/9/4 1:00,11.31999969,5.157000065,9.630000114,4.513000011,2.071000099,0.913999975,26.73200035
2016/9/4 2:00,11.72099972,4.956999779,8.989999771,3.944000006,2.071000099,0.944000006,16.89561067122367
2016/9/4 3:00,11.5880003,5.69299984,9.559000015,3.980000019,1.888000011,0.883000016,26.09900093
2016/9/4 4:00,10.38199997,5.157000065,8.421999931,3.233999968,1.980000019,0.883000016,19.71446395764344
2016/9/4 5:00,11.11900043,4.822999954,9.23900032,3.339999914,2.040999889,0.852999985,30.72377247617865
2016/9/4 6:00,13.19499969,6.027999878,10.73200035,3.944000006,2.710999966,1.004999995,23.65709126607685
2016/9/4 7:00,11.72099972,4.889999866,8.883999825,3.197999954,2.710999966,1.218000054,25.74699974
2016/9/4 8:00,10.11400032,4.554999828,7.676000118,3.055999994,2.710999966,1.279000044,16.786231267476616
2016/9/4 9:00,8.572999954,4.354000092,5.96999979,2.664999962,2.618999958,1.279000044,27.64599991
2016/9/4 10:00,9.979999542,4.487999916,7.106999874,2.984999895,2.740999937,1.248999953,17.161262053395916
2016/9/4 11:00,9.109000206,3.88499999,6.254000187,2.415999889,2.924000025,1.126999974,15.63622789132411
2016/9/4 12:00,7.166999817,3.013999939,4.619999886,1.56400001,2.528000116,1.097000003,11.301242979725581
2016/9/4 13:00,7.301000118,2.880000114,4.868000031,1.63499999,2.497999907,1.097000003,15.538904385541263
2016/9/4 14:00,7.166999817,3.148000002,4.833000183,1.812000036,2.315000057,1.036000013,28.84199905
2016/9/4 15:00,7.301000118,3.415999889,4.903999805,2.131999969,2.497999907,1.126999974,27.50600052
2016/9/4 16:00,7.368000031,3.88499999,5.046000004,2.594000101,2.253999949,1.156999946,26.80200005
2016/9/4 17:00,8.23900032,3.750999928,5.436999798,2.309999943,2.772000074,1.126999974,27.08399963
2016/9/4 18:00,6.96600008,3.282000065,4.584000111,2.061000109,2.375999928,1.004999995,22.413985081876692
2016/9/4 19:00,7.703000069,3.08100009,5.081999779,1.953999996,2.618999958,0.852999985,20.92854106969362
2016/9/4 20:00,7.903999805,3.08100009,5.081999779,1.883000016,2.740999937,0.883000016,25.74699974
2016/9/4 21:00,6.899000168,3.750999928,4.441999912,2.096999884,2.528000116,0.883000016,25.6060009
2016/9/4 22:00,8.505999565,4.68900013,6.147999763,3.339999914,2.223999977,0.883000016,25.11400032
2016/9/4 23:00,9.444000244,5.357999802,7.320000172,3.660000086,1.949000001,0.852999985,24.501086551276973
2016/9/5 0:00,12.52499962,6.96600008,11.44200039,5.862999916,1.888000011,0.852999985,24.90299988
2016/9/5 1:00,12.32400036,6.697999954,10.12699986,4.903999805,1.735999942,0.791999996,17.21050774069709
2016/9/5 2:00,11.65499973,6.56400013,9.274999619,4.263999939,1.644999981,0.852999985,18.73603247346806
2016/9/5 3:00,12.25699997,6.831999779,10.3760004,5.223999977,1.76699996,0.975000024,11.673955933372696
2016/9/5 4:00,12.52499962,6.162000179,10.23400021,4.513000011,1.949000001,0.944000006,17.667520547715554
2016/9/5 5:00,10.31499958,5.157000065,8.102000237,3.838000059,2.131999969,0.944000006,24.34000015
2016/9/5 6:00,13.66399956,6.56400013,10.3409996,4.868000031,2.710999966,1.065999985,12.304429992822607
2016/9/5 7:00,12.18999958,6.831999779,9.23900032,4.762000084,2.528000116,1.218000054,12.533064435177629
2016/9/5 8:00,10.24800014,7.032999992,7.782000065,4.370999813,2.559000015,1.401000023,21.03791327252388
2016/9/5 9:00,9.041999817,6.027999878,6.538000107,3.305000067,2.680000067,1.279000044,30.001628404709276
2016/9/5 10:00,9.913000107,4.956999779,6.928999901,3.305000067,2.862999916,1.279000044,26.30999947
2016/9/5 11:00,9.979999542,4.354000092,6.467000008,2.878000021,2.772000074,1.156999946,18.319494880337157
2016/9/5 12:00,8.371999741,4.287000179,5.68599987,2.415999889,2.437000036,1.036000013,14.034177621317985
2016/9/5 13:00,7.903999805,4.354000092,5.578999996,2.451999903,2.467000008,1.156999946,27.50600052
2016/9/5 14:00,7.836999893,4.822999954,5.721000195,3.127000093,2.223999977,1.065999985,25.230634182528124
2016/9/5 15:00,7.703000069,4.287000179,5.828000069,3.163000107,2.345000029,1.097000003,16.66832667491337
2016/9/5 16:00,7.501999855,4.21999979,5.117000103,2.948999882,2.345000029,1.097000003,24.16355740392958
2016/9/5 17:00,8.43900013,4.152999878,5.614999771,2.664999962,2.740999937,1.097000003,16.211321840688253
2016/9/5 18:00,7.501999855,3.88499999,4.868000031,2.381000042,2.559000015,1.065999985,18.500829132524554
2016/9/5 19:00,8.038000107,3.348999977,5.223999977,2.025000095,2.772000074,1.004999995,7.851701742390963
2016/9/5 20:00,8.038000107,3.282000065,5.329999924,2.061000109,2.710999966,0.944000006,23.343190890526706
2016/9/5 21:00,7.099999905,3.148000002,4.65500021,1.953999996,2.467000008,0.913999975,9.617766878527771
2016/9/5 22:00,7.703000069,3.48300004,4.762000084,2.096999884,2.193000078,0.944000006,21.044553088434547
2016/9/5 23:00,7.836999893,3.88499999,5.68599987,2.239000082,2.253999949,0.975000024,14.090420664452955
2016/9/6 0:00,11.78800011,5.827000141,7.532999992,3.625,4.507999897,1.613999963,17.07650969919983
2016/9/6 1:00,9.913000107,5.425000191,8.38599968,4.229000092,1.949000001,0.944000006,25.985915637762194
2016/9/6 2:00,11.25300026,4.756000042,6.857999802,2.806999922,4.234000206,1.462000012,18.603292980389412
2016/9/6 3:00,10.71700001,5.022999763,6.928999901,3.233999968,4.234000206,1.523000002,26.02799988
2016/9/6 4:00,10.7840004,5.157000065,7.249000072,3.233999968,4.263999939,1.583999991,25.74699974
2016/9/6 5:00,12.18999958,5.425000191,7.676000118,2.948999882,4.386000156,1.371000051,25.25499916
2016/9/6 6:00,13.39599991,4.554999828,8.244000435,2.948999882,4.934000015,1.462000012,18.218895128643055
2016/9/6 7:00,11.72099972,5.357999802,6.538000107,2.878000021,4.721000195,1.552999973,26.08435075990903
2016/9/6 8:00,8.975000381,4.21999979,6.538000107,3.447000027,2.131999969,1.187999964,17.614458183942894
2016/9/6 9:00,8.774000168,4.68900013,6.502999783,3.625,2.28399992,1.156999946,23.70700073
2016/9/6 10:00,9.109000206,4.956999779,6.361000061,3.163000107,2.650000095,1.218000054,24.16047231976763
2016/9/6 11:00,8.572999954,4.354000092,5.650000095,2.948999882,2.375999928,1.004999995,24.1989994
2016/9/6 12:00,6.429999828,3.549999952,4.406000137,2.239000082,1.76699996,0.852999985,24.88137511682459
2016/9/6 13:00,6.56400013,3.549999952,4.051000118,1.598999977,1.888000011,0.944000006,6.248682140574343
2016/9/6 14:00,6.09499979,3.214999914,4.263999939,2.415999889,1.888000011,1.065999985,21.73699951
2016/9/6 15:00,6.429999828,3.750999928,4.477000237,2.239000082,1.827999949,0.975000024,21.52599907
2016/9/6 16:00,5.960999966,3.08100009,3.944000006,1.669999957,1.980000019,1.065999985,20.96299934
2016/9/6 17:00,7.703000069,3.549999952,5.117000103,2.239000082,2.528000116,1.004999995,11.456875486667402
2016/9/6 18:00,6.229000092,2.812999964,3.980000019,1.669999957,2.131999969,0.852999985,17.480547064184183
2016/9/6 19:00,5.827000141,2.411000013,3.872999907,1.527999997,1.980000019,0.670000017,15.446682225447212
2016/9/6 20:00,5.625999928,2.411000013,3.552999973,1.491999984,2.193000078,0.760999978,19.48600006
2016/9/6 21:00,4.956999779,2.678999901,3.305000067,1.207999945,1.797000051,0.731000006,21.499771031771935
2016/9/6 22:00,4.68900013,2.477999926,3.980000019,1.91900003,1.371000051,0.547999978,17.51600075
2016/9/6 23:00,6.96600008,3.415999889,6.076000214,3.092000008,1.462000012,0.700999975,7.889848347475132
2016/9/7 0:00,8.104999542,4.019000053,6.965000153,3.197999954,1.523000002,0.731000006,20.212507905699816
2016/9/7 1:00,8.171999931,4.354000092,6.822999954,2.984999895,1.491999984,0.731000006,18.29000092
2016/9/7 2:00,8.371999741,4.554999828,6.928999901,3.233999968,1.279000044,0.609000027,14.801279530292815
2016/9/7 3:00,6.631000042,3.684000015,5.366000175,2.700999975,1.309999943,0.639999986,19.428553765876906
2016/9/7 4:00,8.104999542,4.019000053,6.894000053,3.197999954,1.432000041,0.700999975,23.009437810350352
2016/9/7 5:00,9.376999855,4.487999916,7.498000145,2.878000021,1.674999952,0.700999975,17.989326490392294
2016/9/7 6:00,10.71700001,5.090000153,8.421999931,3.375999928,2.497999907,0.852999985,15.368304602990621
2016/9/7 7:00,10.31499958,5.827000141,8.031000137,4.157999992,2.467000008,1.126999974,25.142553592577226
2016/9/7 8:00,9.31000042,5.357999802,6.43200016,3.019999981,2.437000036,1.156999946,31.473738750532632
2016/9/7 9:00,8.371999741,5.157000065,5.578999996,3.375999928,2.223999977,1.248999953,20.82299995
2016/9/7 10:00,9.041999817,5.425000191,6.254000187,3.447000027,2.559000015,1.279000044,10.613359549588315
2016/9/7 11:00,8.104999542,4.21999979,5.578999996,2.948999882,2.588999987,0.944000006,22.44099998
2016/9/7 12:00,5.960999966,3.617000103,3.90899992,1.598999977,1.980000019,0.975000024,23.63699913
2016/9/7 13:00,6.027999878,3.549999952,4.263999939,2.239000082,1.888000011,0.913999975,23.98800087
2016/9/7 14:00,6.899000168,3.951999903,4.477000237,2.096999884,1.888000011,0.975000024,25.18400002
2016/9/7 15:00,6.96600008,3.617000103,4.441999912,2.559000015,1.797000051,1.065999985,18.579143582154018
2016/9/7 16:00,6.697999954,3.818000078,4.93900013,2.486999989,1.888000011,1.004999995,23.348516743688695
2016/9/7 17:00,7.234000206,3.684000015,4.974999905,2.381000042,2.345000029,0.944000006,24.269074543576487
2016/9/7 18:00,6.631000042,3.348999977,4.441999912,2.131999969,2.131999969,0.944000006,17.553946578891637
2016/9/7 19:00,6.631000042,2.746000051,4.19299984,1.56400001,2.375999928,0.913999975,22.465535102298936
2016/9/7 20:00,6.497000217,3.013999939,4.441999912,1.812000036,2.131999969,0.852999985,22.65200043
2016/9/7 21:00,6.497000217,3.214999914,3.944000006,1.812000036,1.827999949,0.760999978,17.589447267439425
2016/9/7 22:00,5.223999977,3.214999914,3.588999987,1.953999996,1.552999973,0.760999978,23.62726221876543
2016/9/7 23:00,7.099999905,4.085999966,5.791999817,3.092000008,1.644999981,0.760999978,30.962296248224238
2016/9/8 0:00,10.38199997,5.090000153,6.218999863,3.019999981,3.868000031,1.340000033,23.256722818762558
2016/9/8 1:00,11.05200005,4.756000042,6.894000053,3.447000027,3.868000031,1.279000044,20.687319895765505
2016/9/8 2:00,10.11400032,5.357999802,6.43200016,3.838000059,3.838000059,1.340000033,26.3146780830088
2016/9/8 3:00,10.24800014,5.090000153,5.828000069,2.914000034,3.99000001,1.401000023,10.160299242479866
2016/9/8 4:00,10.44900036,5.290999889,5.650000095,3.127000093,4.111999989,1.462000012,20.60731982466874
2016/9/8 5:00,10.04699993,5.223999977,5.436999798,2.451999903,4.659999847,1.491999984,22.1590004
2016/9/8 6:00,12.85999966,5.827000141,7.214000225,3.625,5.208000183,1.552999973,21.45599937
2016/9/8 7:00,11.65499973,5.223999977,6.361000061,3.055999994,4.538000107,1.583999991,23.04103499857185
2016/9/8 8:00,8.23900032,4.354000092,5.899000168,2.736000061,2.588999987,1.340000033,23.28499985
2016/9/8 9:00,8.038000107,4.822999954,6.147999763,3.092000008,2.467000008,1.401000023,17.059347639721697
2016/9/8 10:00,8.975000381,4.956999779,5.899000168,2.842999935,2.862999916,1.371000051,15.765694203828124
2016/9/8 11:00,9.175999641,4.756000042,6.005000114,3.197999954,2.954999924,1.156999946,21.078045394658275
2016/9/8 12:00,7.368000031,3.617000103,4.370999813,1.669999957,2.223999977,1.036000013,25.4659996
2016/9/8 13:00,6.362999916,3.750999928,4.300000191,1.84800005,2.193000078,1.065999985,25.008517894214734
2016/9/8 14:00,7.568999767,3.951999903,4.903999805,2.131999969,2.131999969,1.065999985,14.839674278075014
2016/9/8 15:00,6.764999866,3.951999903,5.329999924,2.486999989,2.131999969,1.248999953,27.78700066
2016/9/8 16:00,6.899000168,3.750999928,4.93900013,2.415999889,2.345000029,1.156999946,27.71699905
2016/9/8 17:00,7.568999767,3.88499999,5.188000202,2.594000101,2.437000036,1.036000013,19.01306177680173
2016/9/8 18:00,6.831999779,3.282000065,4.477000237,2.025000095,2.28399992,0.913999975,20.253326520693008
2016/9/8 19:00,7.368000031,3.282000065,4.833000183,2.239000082,2.559000015,0.944000006,13.498335165856462
2016/9/8 20:00,7.368000031,3.415999889,4.903999805,2.239000082,2.528000116,0.944000006,25.39500046
2016/9/8 21:00,8.706999779,3.348999977,6.502999783,2.381000042,2.071000099,0.852999985,21.490123998395678
2016/9/8 22:00,10.04699993,5.090000153,8.137999535,3.76699996,1.888000011,0.883000016,22.56391316700983
2016/9/8 23:00,10.91800022,5.559000015,9.345999718,3.730999947,1.70599997,0.883000016,13.23863444046264
2016/9/9 0:00,11.98900032,6.429999828,10.3409996,4.833000183,1.583999991,0.852999985,24.69199944
2016/9/9 1:00,12.72599983,6.764999866,10.51799965,4.619999886,1.70599997,0.913999975,24.27000046
2016/9/9 2:00,12.6590004,7.099999905,10.94499969,4.974999905,1.674999952,0.852999985,24.645438150207866
2016/9/9 3:00,12.45800018,6.497000217,10.19900036,4.725999832,1.462000012,0.760999978,17.120638949664745
2016/9/9 4:00,12.18999958,6.56400013,10.7670002,5.223999977,1.70599997,0.913999975,13.157056236672233
2016/9/9 5:00,11.72099972,3.750999928,9.984999657,2.273999929,1.980000019,0.944000006,23.84799957
2016/9/9 6:00,12.6590004,3.48300004,10.09200001,2.096999884,2.559000015,1.036000013,23.28499985
2016/9/9 7:00,10.31499958,3.214999914,8.065999985,1.84800005,2.28399992,1.004999995,23.77700043
2016/9/9 8:00,11.05200005,4.622000217,8.527999878,2.203000069,2.28399992,1.126999974,24.34000015
2016/9/9 9:00,9.376999855,3.013999939,7.498000145,1.136999965,2.405999899,1.218000054,21.967001269602083
2016/9/9 10:00,9.913000107,5.022999763,6.610000134,3.127000093,2.650000095,1.218000054,26.80200005
2016/9/9 11:00,9.175999641,5.022999763,6.218999863,2.914000034,2.710999966,1.126999974,25.859416948746926
2016/9/9 12:00,7.234000206,3.348999977,4.868000031,1.883000016,2.467000008,1.156999946,18.382032523894832
2016/9/9 13:00,7.836999893,3.951999903,5.081999779,2.664999962,2.588999987,1.156999946,25.471191268203665
2016/9/9 14:00,8.774000168,4.822999954,5.791999817,2.700999975,2.559000015,1.248999953,15.157582861272763
2016/9/9 15:00,8.774000168,5.223999977,6.324999809,3.233999968,2.528000116,1.218000054,29.54599953
2016/9/9 16:00,8.43900013,4.287000179,6.040999889,2.700999975,2.680000067,1.218000054,15.82105180706568
2016/9/9 17:00,8.840999603,4.152999878,6.005000114,2.451999903,2.802000046,1.187999964,21.99240745317679
2016/9/9 18:00,7.703000069,3.549999952,4.903999805,2.131999969,2.802000046,1.218000054,17.452751250513742
2016/9/9 19:00,8.43900013,3.617000103,5.614999771,2.131999969,2.894000053,1.097000003,27.08399963
2016/9/9 20:00,7.903999805,3.415999889,5.258999825,2.203000069,2.650000095,0.944000006,23.07820852889918
2016/9/9 21:00,7.368000031,2.947000027,4.974999905,1.70599997,2.375999928,0.913999975,16.35421845927602
2016/9/9 22:00,9.645000458,4.622000217,7.071000099,3.411000013,1.980000019,0.883000016,28.16226045230012
2016/9/9 23:00,10.38199997,4.956999779,8.38599968,3.163000107,2.00999999,0.975000024,9.417469266431736
2016/9/10 0:00,10.18099976,5.492000103,8.350999832,3.838000059,1.827999949,0.852999985,20.40345746156937
2016/9/10 1:00,10.91800022,5.625999928,8.741999626,3.90899992,1.583999991,0.791999996,25.74699974
2016/9/10 2:00,11.11900043,5.223999977,9.451999664,4.300000191,1.462000012,0.700999975,25.30130685826779
2016/9/10 3:00,10.7840004,4.956999779,8.847999573,3.447000027,1.462000012,0.731000006,25.5359993
2016/9/10 4:00,10.71700001,4.622000217,8.56400013,3.339999914,1.735999942,0.883000016,24.5510006
2016/9/10 5:00,10.31499958,5.157000065,7.994999886,3.482000113,1.85800004,0.791999996,24.90299988
2016/9/10 6:00,10.71700001,5.022999763,8.031000137,2.914000034,2.375999928,1.004999995,23.98800087
2016/9/10 7:00,9.913000107,5.425000191,7.284999847,3.019999981,2.588999987,1.279000044,22.877340280141492
2016/9/10 8:00,10.91800022,5.960999966,8.456999779,3.625,2.710999966,1.340000033,24.83200073
2016/9/10 9:00,9.041999817,5.559000015,6.538000107,3.447000027,2.862999916,1.491999984,18.818667469881646
2016/9/10 10:00,9.979999542,5.894000053,7.106999874,3.696000099,3.137000084,1.491999984,21.856209514692164
2016/9/10 11:00,10.31499958,5.492000103,7.249000072,3.269000053,3.107000113,1.279000044,26.66200066
2016/9/10 12:00,7.971000195,4.019000053,4.93900013,2.594000101,2.345000029,1.126999974,27.29500008
2016/9/10 13:00,7.836999893,4.085999966,5.010000229,1.812000036,2.437000036,1.156999946,12.58669902838134
2016/9/10 14:00,7.836999893,3.818000078,5.507999897,3.092000008,2.375999928,1.156999946,20.361439852015508
2016/9/10 15:00,8.305999756,4.68900013,5.472000122,2.806999922,2.405999899,1.126999974,28.13899994
2016/9/10 16:00,7.301000118,4.085999966,5.010000229,2.630000114,2.375999928,1.097000003,27.64599991
2016/9/10 17:00,8.840999603,4.354000092,6.147999763,2.878000021,2.740999937,1.097000003,27.50600052
2016/9/10 18:00,7.568999767,3.750999928,4.974999905,2.594000101,2.375999928,0.944000006,27.08399963
2016/9/10 19:00,8.23900032,3.684000015,5.721000195,2.167999983,2.618999958,1.004999995,26.30999947
2016/9/10 20:00,7.636000156,3.348999977,5.366000175,2.309999943,2.28399992,0.791999996,25.5359993
2016/9/10 21:00,9.175999641,3.617000103,6.965000153,1.883000016,2.253999949,0.852999985,24.97299957
2016/9/10 22:00,11.11900043,4.956999779,9.593999863,4.370999813,2.040999889,0.944000006,24.1989994
2016/9/10 23:00,13.12800026,3.88499999,10.51799965,2.806999922,1.797000051,0.913999975,21.443915661167807
2016/9/11 0:00,17.34799957,5.894000053,12.97000027,3.517999887,4.203000069,1.401000023,14.349776737312757
2016/9/11 1:00,16.61100006,5.425000191,12.47299957,2.984999895,4.172999859,1.371000051,28.736205806370325
2016/9/11 2:00,16.87899971,5.960999966,12.68599987,3.482000113,4.081999779,1.432000041,21.440217926161992
2016/9/11 3:00,16.54400063,5.290999889,12.43700027,2.984999895,3.868000031,1.401000023,24.69199944
2016/9/11 4:00,14.86999989,6.429999828,10.51799965,4.157999992,4.020999908,1.491999984,22.861586595192257
2016/9/11 5:00,15.60599995,4.889999866,11.19400024,2.523000002,4.568999767,1.491999984,25.18400002
2016/9/11 6:00,17.95100021,5.090000153,12.54399967,2.700999975,5.117000103,1.644999981,24.90299988
2016/9/11 7:00,16.47699928,5.425000191,11.76200008,2.736000061,4.965000153,1.797000051,25.25499916
2016/9/11 8:00,13.9989996,4.421000004,11.51299953,2.914000034,2.467000008,1.248999953,16.318349369669534
2016/9/11 9:00,10.91800022,5.894000053,8.493000031,3.944000006,2.193000078,1.248999953,25.67700005
2016/9/11 10:00,8.774000168,4.889999866,6.076000214,2.664999962,2.588999987,1.156999946,22.58714371757461
2016/9/11 11:00,9.376999855,4.68900013,6.218999863,2.415999889,3.229000092,1.218000054,12.86178707266763
2016/9/11 12:00,7.166999817,3.549999952,4.300000191,2.203000069,2.345000029,1.036000013,22.851623398695356
2016/9/11 13:00,7.166999817,3.415999889,4.513000011,2.486999989,2.375999928,1.097000003,25.25499916
2016/9/11 14:00,7.636000156,4.68900013,5.258999825,2.984999895,2.223999977,1.126999974,25.11400032
2016/9/11 15:00,6.362999916,3.282000065,4.300000191,1.99000001,2.131999969,1.036000013,24.27000046
2016/9/11 16:00,6.027999878,3.415999889,3.625,1.491999984,2.315000057,1.126999974,24.27000046
2016/9/11 17:00,7.501999855,3.617000103,4.903999805,2.381000042,2.650000095,1.126999974,22.362231884767745
2016/9/11 18:00,6.764999866,3.415999889,4.547999859,2.309999943,2.315000057,0.944000006,22.44099998
2016/9/11 19:00,7.099999905,3.148000002,4.584000111,2.061000109,2.375999928,0.852999985,13.094973751239603
2016/9/11 20:00,6.497000217,3.148000002,4.370999813,2.096999884,2.040999889,0.760999978,21.38500023
2016/9/11 21:00,5.625999928,2.210000038,3.802000046,1.56400001,1.76699996,0.639999986,16.52747538244577
2016/9/11 22:00,6.027999878,3.148000002,3.660000086,1.812000036,1.583999991,0.700999975,20.82299995
2016/9/11 23:00,8.706999779,4.421000004,5.96999979,3.197999954,1.85800004,0.731000006,20.40099907
2016/9/12 0:00,9.31000042,4.487999916,7.782000065,3.660000086,1.491999984,0.822000027,18.518000818332055
2016/9/12 1:00,9.845999718,5.223999977,7.81799984,3.76699996,1.371000051,0.760999978,17.39345378684396
2016/9/12 2:00,9.845999718,5.223999977,8.102000237,3.90899992,1.309999943,0.700999975,20.25713065730046
2016/9/12 3:00,8.975000381,4.756000042,7.355999947,3.411000013,1.340000033,0.700999975,19.97900009
2016/9/12 4:00,8.840999603,4.68900013,7.284999847,3.660000086,1.491999984,0.731000006,22.227608472925063
2016/9/12 5:00,9.711999893,4.21999979,7.710999966,3.305000067,1.76699996,1.126999974,18.90656976795485
2016/9/12 6:00,10.64999962,4.152999878,8.031000137,2.984999895,2.375999928,0.760999978,22.937908400149567
2016/9/12 7:00,9.979999542,5.290999889,6.502999783,3.339999914,2.345000029,1.126999974,21.245321585413603
2016/9/12 8:00,8.774000168,5.559000015,5.68599987,3.411000013,2.497999907,1.309999943,21.953124046457685
2016/9/12 9:00,6.96600008,3.88499999,4.903999805,2.523000002,2.528000116,1.523000002,23.528798117207
2016/9/12 10:00,8.305999756,4.085999966,5.366000175,2.415999889,2.710999966,1.279000044,21.523619437174897
2016/9/12 11:00,8.23900032,3.951999903,5.578999996,2.736000061,2.772000074,1.156999946,18.09777433045212
2016/9/12 12:00,7.166999817,3.214999914,4.584000111,2.239000082,2.28399992,1.126999974,10.669430197720537
2016/9/12 13:00,7.099999905,3.951999903,4.619999886,2.381000042,2.163000107,1.036000013,25.6060009
2016/9/12 14:00,6.296000004,3.951999903,4.547999859,2.239000082,1.980000019,1.004999995,27.08399963
2016/9/12 15:00,7.301000118,3.750999928,4.974999905,2.842999935,2.101999998,1.065999985,24.007769370409033
2016/9/12 16:00,6.697999954,3.88499999,4.406000137,2.523000002,2.223999977,1.097000003,27.22400093
2016/9/12 17:00,8.104999542,3.818000078,5.401000023,2.630000114,2.467000008,1.004999995,28.59978960727152
2016/9/12 18:00,7.166999817,3.48300004,4.690999985,2.273999929,2.467000008,0.913999975,25.95800018
2016/9/12 19:00,7.368000031,3.214999914,4.903999805,2.025000095,2.437000036,0.883000016,19.463637085132664
2016/9/12 20:00,6.96600008,3.214999914,4.762000084,2.061000109,2.375999928,0.883000016,24.40999985
2016/9/12 21:00,6.96600008,1.875,4.441999912,0.782000005,2.00999999,0.822000027,11.358238443015933
2016/9/12 22:00,8.572999954,4.019000053,6.538000107,2.345000029,1.827999949,0.822000027,24.05900002
2016/9/12 23:00,10.7840004,3.617000103,9.131999969,2.772000074,1.735999942,0.822000027,23.77700043
2016/9/13 0:00,14.60200024,4.421000004,10.6960001,2.309999943,4.081999779,1.401000023,23.291234753208276
2016/9/13 1:00,14.46800041,4.354000092,10.23400021,2.096999884,3.99000001,1.309999943,23.63699913
2016/9/13 2:00,14.80300045,4.822999954,10.3760004,2.594000101,3.71600008,1.279000044,16.473506014987635
2016/9/13 3:00,14.60200024,4.889999866,10.51799965,2.736000061,3.960000038,1.371000051,13.883658620017197
2016/9/13 4:00,14.53499985,4.822999954,9.984999657,2.700999975,3.868000031,1.309999943,13.270896752868524
2016/9/13 5:00,14.60200024,4.554999828,10.4829998,2.239000082,4.172999859,1.309999943,22.86300087
2016/9/13 6:00,16.1420002,4.68900013,11.05099964,2.203000069,4.813000202,1.401000023,13.131419763695948
2016/9/13 7:00,14.86999989,4.554999828,10.44699955,2.736000061,3.898999929,1.126999974,19.50602511317975
2016/9/13 8:00,10.64999962,4.822999954,9.345999718,3.980000019,1.371000051,0.578999996,24.12899971
2016/9/13 9:00,6.899000168,3.818000078,5.828000069,3.552999973,1.309999943,0.518000007,6.233350195193324
2016/9/13 10:00,7.836999893,4.622000217,6.254000187,3.588999987,1.552999973,0.578999996,26.80200005
2016/9/13 11:00,8.104999542,4.152999878,6.324999809,2.736000061,1.735999942,0.547999978,23.114547458580915
2016/9/13 12:00,6.497000217,3.282000065,5.223999977,2.381000042,1.248999953,0.486999989,26.45000076
2016/9/13 13:00,5.894000053,2.947000027,4.584000111,2.025000095,1.309999943,0.486999989,19.728300122246107
2016/9/13 14:00,6.697999954,3.549999952,5.081999779,2.415999889,1.156999946,0.456999987,28.06800079
2016/9/13 15:00,7.166999817,4.152999878,5.68599987,2.878000021,1.187999964,0.518000007,28.06800079
2016/9/13 16:00,6.56400013,3.818000078,5.258999825,2.984999895,1.187999964,0.486999989,27.71699905
2016/9/13 17:00,6.764999866,2.947000027,5.507999897,2.523000002,1.279000044,0.456999987,25.202417414937393
2016/9/13 18:00,6.229000092,3.148000002,4.93900013,2.486999989,1.248999953,0.365999997,26.87299919
2016/9/13 19:00,7.769999981,3.415999889,5.117000103,2.381000042,2.680000067,0.883000016,22.534361376693017
2016/9/13 20:00,7.836999893,3.48300004,5.046000004,2.273999929,2.740999937,0.944000006,16.618164033433793
2016/9/13 21:00,7.032999992,3.214999914,4.300000191,2.167999983,2.680000067,0.975000024,19.81772096283344
2016/9/13 22:00,8.774000168,4.152999878,6.183000088,2.664999962,2.193000078,0.852999985,24.62100029
2016/9/13 23:00,11.98900032,5.157000065,9.772000313,3.802000046,1.949000001,0.852999985,22.390838135813162
2016/9/14 0:00,12.52499962,6.362999916,10.625,4.370999813,1.827999949,0.822000027,15.15386766924989
2016/9/14 1:00,11.85499954,6.362999916,10.02099991,4.547999859,1.644999981,0.760999978,26.073883141515722
2016/9/14 2:00,12.39099979,3.617000103,10.625,2.914000034,1.674999952,0.791999996,23.0739994
2016/9/14 3:00,9.444000244,5.022999763,7.782000065,3.625,1.523000002,0.731000006,22.65200043
2016/9/14 4:00,8.640000343,4.085999966,7.0,2.772000074,1.491999984,0.852999985,10.817868349772898
2016/9/14 5:00,9.376999855,4.152999878,7.532999992,2.948999882,1.888000011,0.791999996,12.560721065073595
2016/9/14 6:00,11.45400047,4.487999916,8.954999924,3.127000093,2.559000015,0.883000016,22.29999924
2016/9/14 7:00,11.05200005,5.894000053,9.131999969,4.584000111,2.223999977,1.004999995,16.718165908830734
2016/9/14 8:00,10.98499966,6.027999878,8.421999931,4.051000118,2.28399992,1.218000054,22.93300056
2016/9/14 9:00,8.907999992,5.559000015,6.787000179,3.90899992,2.193000078,1.156999946,22.67548308664581
2016/9/14 10:00,10.04699993,5.425000191,6.928999901,3.517999887,2.618999958,1.248999953,18.0470901543368
2016/9/14 11:00,8.907999992,4.822999954,5.899000168,2.984999895,2.710999966,1.126999974,23.28499985
2016/9/14 12:00,6.631000042,3.549999952,4.229000092,1.669999957,2.101999998,1.036000013,30.907746202122233
2016/9/14 13:00,6.764999866,3.88499999,4.19299984,1.812000036,2.253999949,1.126999974,16.485094943236362
2016/9/14 14:00,6.429999828,3.684000015,4.725999832,2.131999969,2.253999949,1.065999985,24.388341031349242
2016/9/14 15:00,6.09499979,4.152999878,4.441999912,2.451999903,1.949000001,1.036000013,23.49600029
2016/9/14 16:00,5.960999966,3.549999952,4.157999992,2.309999943,1.949000001,0.975000024,12.338146876220978
2016/9/14 17:00,6.429999828,3.282000065,4.263999939,2.025000095,2.101999998,0.913999975,31.708342422138553
2016/9/14 18:00,6.162000179,3.214999914,4.014999866,2.061000109,2.163000107,0.852999985,22.58099937
2016/9/14 19:00,6.764999866,3.08100009,4.547999859,2.061000109,2.223999977,0.822000027,26.457622907866163
2016/9/14 20:00,6.631000042,2.947000027,4.229000092,1.77699995,2.375999928,0.852999985,23.263008415861748
2016/9/14 21:00,5.492000103,3.013999939,3.730999947,2.309999943,1.827999949,0.700999975,13.36543539155615
2016/9/14 22:00,7.903999805,4.487999916,6.644999981,3.447000027,1.523000002,0.670000017,11.490838544738414
2016/9/14 23:00,9.779000282,4.756000042,7.994999886,3.375999928,1.462000012,0.700999975,16.74076720193718
2016/9/15 0:00,13.73099995,6.296000004,9.807999611,4.263999939,3.71600008,1.248999953,8.763457452093864
2016/9/15 1:00,13.66399956,6.764999866,9.274999619,4.547999859,3.838000059,1.340000033,21.80800056
2016/9/15 2:00,13.26200008,6.296000004,8.706000328,3.552999973,3.868000031,1.401000023,27.76635234906828
2016/9/15 3:00,12.52499962,5.357999802,8.635000229,3.838000059,3.898999929,1.309999943,9.735269678180975
2016/9/15 4:00,11.85499954,5.827000141,8.38599968,3.90899992,3.99000001,1.401000023,21.10400009
2016/9/15 5:00,12.32400036,5.492000103,7.710999966,3.197999954,4.172999859,1.401000023,10.195846043809642
2016/9/15 6:00,11.78800011,3.415999889,6.005000114,1.883000016,4.690999985,1.401000023,20.61199951
2016/9/15 7:00,10.51599979,4.287000179,5.401000023,2.025000095,4.598999977,1.432000041,23.440738174439712
2016/9/15 8:00,5.827000141,2.344000101,3.730999947,0.852999985,2.223999977,0.913999975,18.92300034
2016/9/15 9:00,6.764999866,3.08100009,4.157999992,1.065999985,2.193000078,0.883000016,19.6970005
2016/9/15 10:00,8.23900032,2.812999964,5.329999924,1.421000004,2.437000036,0.760999978,22.83494345622904
2016/9/15 11:00,6.56400013,3.148000002,4.547999859,1.669999957,2.193000078,0.639999986,17.65699959
2016/9/15 12:00,4.554999828,1.674000025,3.127000093,1.243999958,1.432000041,0.547999978,21.10400009
2016/9/15 13:00,4.354000092,2.477999926,2.914000034,1.279000044,1.401000023,0.639999986,24.7370240901602
2016/9/15 14:00,4.889999866,2.477999926,3.339999914,1.101999998,1.491999984,0.670000017,19.632506876362378
2016/9/15 15:00,4.956999779,2.210000038,2.842999935,0.995000005,1.523000002,0.670000017,12.963835594437393
2016/9/15 16:00,4.68900013,1.942000031,2.914000034,1.065999985,1.70599997,0.670000017,29.017222562971355
2016/9/15 17:00,5.827000141,1.875,3.802000046,1.136999965,2.131999969,0.609000027,16.117477162659412
2016/9/15 18:00,5.022999763,1.875,3.163000107,1.101999998,1.85800004,0.609000027,14.9598419404223
2016/9/15 19:00,5.559000015,2.009000063,3.482000113,1.101999998,2.071000099,0.609000027,20.91329859052887
2016/9/15 20:00,5.090000153,1.875,3.092000008,1.031000018,1.980000019,0.670000017,16.67200089
2016/9/15 21:00,4.622000217,2.344000101,2.772000074,1.457000017,1.735999942,0.639999986,16.25
2016/9/15 22:00,4.287000179,2.880000114,2.736000061,1.883000016,1.613999963,0.700999975,15.75800037
2016/9/15 23:00,4.756000042,2.947000027,2.914000034,1.812000036,1.674999952,0.760999978,15.33600044
2016/9/16 0:00,4.354000092,2.746000051,2.984999895,1.812000036,1.401000023,0.639999986,14.70300007
2016/9/16 1:00,4.21999979,2.812999964,2.664999962,1.91900003,1.309999943,0.609000027,14.84300041
2016/9/16 2:00,3.282000065,2.009000063,2.131999969,1.669999957,1.126999974,0.547999978,14.42099953
2016/9/16 3:00,2.947000027,2.210000038,1.99000001,1.243999958,0.944000006,0.486999989,14.42099953
2016/9/16 4:00,3.148000002,2.545000076,1.953999996,1.56400001,1.126999974,0.518000007,24.15265367399232
2016/9/16 5:00,4.287000179,2.075999975,2.451999903,1.741000056,1.248999953,0.518000007,16.321710731110823
2016/9/16 6:00,5.827000141,2.812999964,3.305000067,1.70599997,2.131999969,0.670000017,25.474890689496586
2016/9/16 7:00,6.229000092,2.142999887,3.944000006,0.924000025,2.253999949,0.700999975,13.15499973
2016/9/16 8:00,6.764999866,2.411000013,3.872999907,1.315000057,2.131999969,0.852999985,12.59200001
2016/9/16 9:00,7.099999905,3.617000103,4.547999859,1.99000001,2.345000029,1.004999995,15.388653410796298
2016/9/16 10:00,7.032999992,3.415999889,4.868000031,2.203000069,2.467000008,0.852999985,14.451999340932357
2016/9/16 11:00,7.234000206,3.013999939,4.477000237,1.741000056,2.740999937,1.004999995,15.467577123554237
2016/9/16 12:00,5.69299984,2.477999926,3.625,1.457000017,1.980000019,0.944000006,15.919439284554311
2016/9/16 13:00,5.69299984,2.611999989,3.944000006,1.598999977,1.76699996,0.760999978,9.46973700113582
2016/9/16 14:00,5.827000141,3.148000002,3.660000086,1.491999984,1.644999981,0.822000027,18.924726725574157
2016/9/16 15:00,5.357999802,3.348999977,3.588999987,1.491999984,1.644999981,0.791999996,18.96526320492259
2016/9/16 16:00,5.492000103,2.812999964,3.588999987,1.812000036,1.888000011,0.822000027,11.652441849136023
2016/9/16 17:00,6.56400013,2.812999964,4.335000038,1.812000036,2.223999977,0.791999996,20.61199951
2016/9/16 18:00,5.894000053,2.411000013,3.696000099,1.527999997,2.223999977,0.700999975,28.092739951018213
2016/9/16 19:00,5.894000053,2.411000013,3.76699996,1.491999984,2.131999969,0.639999986,20.82299995
2016/9/16 20:00,5.625999928,2.477999926,3.517999887,1.527999997,2.040999889,0.700999975,23.486738688192688
2016/9/16 21:00,4.822999954,2.411000013,3.019999981,1.741000056,1.735999942,0.731000006,18.796987881305377
2016/9/16 22:00,6.56400013,3.951999903,5.081999779,2.203000069,1.401000023,0.639999986,21.016587994778373
2016/9/16 23:00,6.831999779,3.148000002,5.081999779,2.096999884,1.432000041,0.639999986,16.596794683593448
2016/9/17 0:00,6.96600008,3.549999952,5.828000069,2.061000109,1.218000054,0.578999996,20.89299965
2016/9/17 1:00,6.831999779,3.282000065,5.507999897,2.131999969,1.218000054,0.609000027,13.87372424921171
2016/9/17 2:00,6.296000004,3.750999928,5.188000202,1.953999996,1.218000054,0.639999986,28.514160435476683
2016/9/17 3:00,7.636000156,3.88499999,5.96999979,2.203000069,1.097000003,0.639999986,21.90133201175788
2016/9/17 4:00,8.371999741,4.287000179,6.822999954,2.984999895,1.462000012,0.731000006,30.084625777174193
2016/9/17 5:00,8.305999756,3.617000103,6.147999763,2.167999983,1.76699996,0.852999985,19.425881434718832
2016/9/17 6:00,9.175999641,4.21999979,7.676000118,2.948999882,2.588999987,0.822000027,10.569307594940659
2016/9/17 7:00,8.706999779,4.019000053,6.502999783,2.736000061,2.345000029,1.004999995,15.104662711069485
2016/9/17 8:00,8.171999931,4.287000179,6.324999809,2.772000074,2.00999999,0.944000006,21.45599937
2016/9/17 9:00,7.234000206,3.415999889,4.725999832,2.381000042,2.101999998,1.065999985,22.93300056
2016/9/17 10:00,8.43900013,4.152999878,5.96999979,2.523000002,2.467000008,1.065999985,23.84799957
2016/9/17 11:00,8.706999779,3.88499999,5.329999924,2.061000109,2.832999945,0.944000006,31.976052039391902
2016/9/17 12:00,6.429999828,3.214999914,4.263999939,1.812000036,2.163000107,1.036000013,25.5359993
2016/9/17 13:00,6.429999828,3.818000078,3.76699996,1.91900003,2.040999889,1.065999985,30.564932292560016
2016/9/17 14:00,6.56400013,3.951999903,4.014999866,2.273999929,1.980000019,1.065999985,14.131294938838213
2016/9/17 15:00,6.631000042,3.88499999,4.513000011,2.273999929,1.980000019,1.065999985,25.5359993
2016/9/17 16:00,6.162000179,3.684000015,3.872999907,2.630000114,2.193000078,1.156999946,14.520969458068503
2016/9/17 17:00,6.831999779,3.013999939,4.406000137,1.91900003,2.437000036,0.944000006,25.39500046
2016/9/17 18:00,6.296000004,2.812999964,4.051000118,1.741000056,2.253999949,0.822000027,24.62100029
2016/9/17 19:00,6.497000217,2.678999901,4.263999939,1.70599997,2.223999977,0.731000006,29.028674973771356
2016/9/17 20:00,6.162000179,2.947000027,4.014999866,1.812000036,2.163000107,0.791999996,22.86300087
2016/9/17 21:00,6.899000168,2.545000076,5.614999771,1.84800005,1.949000001,0.852999985,22.29999924
2016/9/17 22:00,8.907999992,4.822999954,7.106999874,3.411000013,1.432000041,0.670000017,22.65200043
2016/9/17 23:00,9.041999817,4.287000179,7.071000099,3.127000093,1.674999952,0.852999985,22.44099998
2016/9/18 0:00,13.59700012,6.362999916,9.23900032,4.122000217,4.051000118,1.401000023,18.81487607489855
2016/9/18 1:00,14.2670002,7.032999992,9.737000465,4.690999985,4.111999989,1.462000012,21.73699951
2016/9/18 2:00,12.59200001,5.960999966,8.598999977,3.660000086,4.234000206,1.613999963,23.98800087
2016/9/18 3:00,13.19499969,6.09499979,8.741999626,4.157999992,4.111999989,1.491999984,19.51781016404147
2016/9/18 4:00,12.92700005,6.631000042,8.812999725,4.370999813,4.142000198,1.523000002,21.25155736721949
2016/9/18 5:00,13.4630003,5.894000053,8.954999924,3.482000113,4.568999767,1.523000002,16.19182376961501
2016/9/18 6:00,15.73999977,6.899000168,10.58899975,4.014999866,5.208000183,1.674999952,21.398315471692683
2016/9/18 7:00,14.46800041,6.56400013,9.416999817,3.980000019,4.813000202,1.76699996,23.729044613796546
2016/9/18 8:00,9.913000107,5.492000103,7.355999947,3.375999928,2.193000078,1.279000044,23.4260006
2016/9/18 9:00,8.706999779,4.68900013,6.681000233,3.163000107,2.131999969,1.126999974,25.439049312975357
2016/9/18 10:00,8.23900032,3.48300004,4.93900013,2.096999884,2.437000036,1.004999995,12.30795302580086
2016/9/18 11:00,7.903999805,4.287000179,5.543000221,2.559000015,2.497999907,0.913999975,26.52099991
2016/9/18 12:00,6.296000004,3.214999914,4.157999992,2.451999903,1.91900003,0.822000027,26.499732568338114
2016/9/18 13:00,5.827000141,3.48300004,3.980000019,1.77699995,1.91900003,0.852999985,20.178606867801108
2016/9/18 14:00,5.894000053,3.48300004,4.122000217,2.594000101,1.76699996,0.913999975,15.26183311185805
2016/9/18 15:00,6.362999916,3.148000002,4.051000118,2.559000015,1.827999949,1.004999995,11.69065581347811
2016/9/18 16:00,5.827000141,3.617000103,3.76699996,2.239000082,2.00999999,0.975000024,28.66050678942643
2016/9/18 17:00,6.831999779,3.348999977,4.441999912,2.273999929,2.345000029,0.822000027,15.324008708261202
2016/9/18 18:00,6.229000092,2.947000027,4.122000217,1.883000016,2.193000078,0.822000027,17.5788658678949
2016/9/18 19:00,6.56400013,2.812999964,4.300000191,1.741000056,2.315000057,0.700999975,24.5510006
2016/9/18 20:00,6.296000004,2.947000027,4.157999992,2.025000095,2.040999889,0.791999996,23.710392875069154
2016/9/18 21:00,5.425000191,3.013999939,3.872999907,1.421000004,1.70599997,0.700999975,6.6168580425999295
2016/9/18 22:00,7.636000156,4.21999979,6.147999763,2.594000101,1.735999942,0.791999996,22.79199982
2016/9/18 23:00,9.578000069,2.344000101,7.143000126,1.243999958,1.888000011,0.883000016,20.098436083384257
2016/9/19 0:00,9.845999718,3.013999939,8.279999733,1.953999996,1.644999981,0.791999996,18.445120622880175
2016/9/19 1:00,9.979999542,5.223999977,8.670999527,3.660000086,1.462000012,0.700999975,22.72200012
2016/9/19 2:00,9.51099968,4.822999954,8.065999985,3.305000067,1.432000041,0.731000006,9.598652030408873
2016/9/19 3:00,9.779000282,4.421000004,8.208999634,3.339999914,1.462000012,0.700999975,19.61172637624835
2016/9/19 4:00,9.175999641,4.421000004,7.747000217,3.517999887,1.309999943,0.639999986,14.57621229832667
2016/9/19 5:00,7.903999805,3.88499999,6.040999889,2.451999903,1.85800004,0.760999978,11.928977492912873
2016/9/19 6:00,12.52499962,2.611999989,9.701000214,1.527999997,2.467000008,0.822000027,18.318473553715236
2016/9/19 7:00,12.45800018,6.229000092,9.451999664,4.051000118,2.405999899,1.065999985,20.278602210010128
2016/9/19 8:00,9.979999542,4.956999779,7.568999767,3.411000013,2.315000057,1.218000054,20.68199921
2016/9/19 9:00,7.301000118,4.889999866,5.081999779,3.127000093,2.28399992,1.187999964,26.898770009440348
2016/9/19 10:00,7.769999981,4.019000053,6.005000114,2.664999962,2.223999977,1.004999995,22.431985792900964
2016/9/19 11:00,8.640000343,3.684000015,5.507999897,2.806999922,2.497999907,0.913999975,17.26044440481771
2016/9/19 12:00,6.497000217,3.48300004,4.690999985,2.096999884,1.85800004,0.760999978,22.802734494381255
2016/9/19 13:00,5.827000141,3.818000078,3.944000006,2.203000069,2.040999889,0.883000016,25.4659996
2016/9/19 14:00,6.027999878,3.684000015,4.441999912,2.878000021,1.91900003,0.975000024,12.905380150196368
2016/9/19 15:00,5.625999928,3.684000015,3.980000019,1.883000016,1.76699996,0.883000016,22.772844668577022
2016/9/19 16:00,5.827000141,3.415999889,3.944000006,2.309999943,1.91900003,0.944000006,26.73200035
2016/9/19 17:00,6.764999866,3.08100009,4.65500021,2.061000109,2.163000107,0.760999978,28.755644253329013
2016/9/19 18:00,6.09499979,2.947000027,3.90899992,1.812000036,2.163000107,0.791999996,25.04400063
2016/9/19 19:00,6.429999828,2.678999901,4.122000217,1.669999957,2.375999928,0.791999996,23.69562843291258
2016/9/19 20:00,6.027999878,2.880000114,3.838000059,1.741000056,2.223999977,0.883000016,23.46938749172879
2016/9/19 21:00,5.960999966,1.875,3.838000059,0.995000005,1.827999949,0.852999985,12.779578309105823
2016/9/19 22:00,8.640000343,4.421000004,7.071000099,3.305000067,1.491999984,0.670000017,22.319923679408415
2016/9/19 23:00,8.572999954,4.287000179,6.751999855,2.700999975,1.797000051,0.852999985,21.73699951
2016/9/20 0:00,12.85999966,5.760000229,8.31499958,3.055999994,4.142000198,1.462000012,21.94799995
2016/9/20 1:00,11.31999969,4.889999866,7.214000225,2.948999882,4.081999779,1.401000023,15.692478024117177
2016/9/20 2:00,11.85499954,5.559000015,7.747000217,3.339999914,3.898999929,1.432000041,8.89510525014521
2016/9/20 3:00,12.32400036,5.357999802,8.173000336,3.588999987,3.806999922,1.371000051,21.38500023
2016/9/20 4:00,11.85499954,5.492000103,7.249000072,2.700999975,4.051000118,1.371000051,21.59700012
2016/9/20 5:00,12.32400036,4.822999954,7.853000164,2.948999882,4.263999939,1.340000033,21.73699951
2016/9/20 6:00,13.52999973,4.956999779,8.741999626,2.772000074,4.994999886,1.491999984,20.47100067
2016/9/20 7:00,12.45800018,5.827000141,7.532999992,3.269000053,4.751999855,1.613999963,21.17399979
2016/9/20 8:00,9.109000206,4.152999878,6.965000153,2.630000114,2.163000107,1.248999953,21.94799995
2016/9/20 9:00,8.038000107,4.152999878,5.188000202,2.415999889,2.467000008,1.371000051,25.213023811601104
2016/9/20 10:00,8.774000168,3.818000078,5.96999979,2.736000061,2.740999937,1.248999953,17.51995385669201
2016/9/20 11:00,8.104999542,3.415999889,5.578999996,2.167999983,2.740999937,1.126999974,23.720481896165946
2016/9/20 12:00,6.162000179,3.148000002,3.696000099,1.421000004,2.00999999,0.944000006,30.153528653964113
2016/9/20 13:00,6.027999878,3.282000065,3.552999973,1.99000001,1.827999949,0.852999985,18.27169897300343
2016/9/20 14:00,6.229000092,3.013999939,4.370999813,1.953999996,1.76699996,0.883000016,25.251506067958083
2016/9/20 15:00,6.296000004,3.282000065,3.838000059,1.741000056,1.91900003,1.036000013,30.329557044297857
2016/9/20 16:00,5.760000229,3.148000002,3.730999947,1.953999996,2.163000107,0.975000024,26.80200005
2016/9/20 17:00,6.362999916,2.947000027,4.014999866,1.812000036,2.345000029,0.822000027,13.149825291573906
2016/9/20 18:00,5.960999966,2.545000076,3.588999987,1.527999997,2.28399992,0.883000016,24.76199913
2016/9/20 19:00,6.764999866,2.545000076,4.051000118,1.457000017,2.559000015,0.975000024,31.53590448634471
2016/9/20 20:00,6.027999878,2.746000051,3.76699996,1.669999957,2.223999977,0.791999996,26.153948376126756
2016/9/20 21:00,7.099999905,2.142999887,5.188000202,1.741000056,1.888000011,0.760999978,21.45599937
2016/9/20 22:00,9.444000244,4.421000004,7.461999893,3.233999968,1.735999942,0.822000027,7.974076671279977
2016/9/20 23:00,13.19499969,4.554999828,11.40699959,2.772000074,1.674999952,0.822000027,21.66699982
2016/9/21 0:00,14.19999981,4.822999954,12.50800037,3.339999914,1.401000023,0.731000006,22.29999924
2016/9/21 1:00,13.39599991,4.354000092,11.93999958,3.197999954,1.309999943,0.670000017,19.143959538671997
2016/9/21 2:00,12.45800018,4.354000092,11.40699959,2.878000021,1.126999974,0.578999996,22.22999954
2016/9/21 3:00,12.92700005,4.085999966,11.65499973,2.878000021,1.126999974,0.578999996,21.755208795740987
2016/9/21 4:00,12.32400036,6.162000179,11.40699959,4.65500021,1.340000033,0.609000027,16.194457759822885
2016/9/21 5:00,14.13300037,6.497000217,12.64999962,5.081999779,1.613999963,0.670000017,22.143539530383983
2016/9/21 6:00,15.06999969,6.631000042,13.18299961,4.65500021,2.375999928,0.822000027,22.79199982
2016/9/21 7:00,15.06999969,5.492000103,12.11699963,3.163000107,2.315000057,0.975000024,27.9345940803803
2016/9/21 8:00,11.92199993,3.48300004,9.451999664,1.883000016,2.28399992,1.248999953,19.05165387112221
2016/9/21 9:00,7.501999855,1.807999969,4.93900013,0.213,2.101999998,1.036000013,31.43497878716894
2016/9/21 10:00,8.43900013,1.674000025,5.401000023,0.603999972,2.559000015,1.036000013,11.40761022455997
2016/9/21 11:00,8.23900032,3.415999889,5.329999924,1.741000056,2.862999916,1.097000003,7.47075642716695
2016/9/21 12:00,5.357999802,2.947000027,3.696000099,1.669999957,1.85800004,0.944000006,24.69199944
2016/9/21 13:00,5.425000191,3.148000002,3.339999914,1.350000024,2.163000107,1.126999974,24.4810009
2016/9/21 14:00,6.229000092,3.549999952,3.625,1.669999957,1.980000019,1.004999995,23.41751753508677
2016/9/21 15:00,6.631000042,3.48300004,4.122000217,2.131999969,2.00999999,1.097000003,6.406425451777729
2016/9/21 16:00,5.960999966,2.746000051,3.802000046,1.56400001,1.949000001,0.944000006,14.828211112637078
2016/9/21 17:00,6.697999954,2.27699995,4.441999912,1.065999985,2.315000057,0.852999985,20.53941090314013
2016/9/21 18:00,6.229000092,2.142999887,3.696000099,1.031000018,2.375999928,0.883000016,17.34976375056925
2016/9/21 19:00,6.429999828,2.477999926,3.802000046,1.315000057,2.559000015,0.944000006,21.047828498136475
2016/9/21 20:00,5.894000053,2.880000114,3.696000099,1.70599997,2.253999949,0.913999975,21.45599937
2016/9/21 21:00,5.425000191,2.27699995,3.447000027,1.279000044,1.91900003,0.822000027,20.61199951
2016/9/21 22:00,6.56400013,4.152999878,5.366000175,2.878000021,1.552999973,0.731000006,18.16694007104165
2016/9/21 23:00,8.23900032,2.812999964,6.644999981,1.350000024,1.674999952,0.760999978,21.236963430909448
2016/9/22 0:00,11.85499954,3.348999977,7.355999947,1.350000024,4.203000069,1.432000041,18.814256110522543
2016/9/22 1:00,10.71700001,3.415999889,6.254000187,1.172999978,4.234000206,1.491999984,10.909002399193504
2016/9/22 2:00,11.78800011,3.684000015,7.461999893,1.741000056,4.142000198,1.432000041,10.812783698146513
2016/9/22 3:00,11.85499954,4.019000053,7.498000145,1.70599997,4.142000198,1.462000012,19.41600037
2016/9/22 4:00,10.18099976,3.08100009,6.610000134,1.136999965,3.960000038,1.279000044,19.62700081
2016/9/22 5:00,13.32900047,4.019000053,9.097000122,2.061000109,4.142000198,1.218000054,17.394963146792655
2016/9/22 6:00,13.59700012,3.282000065,9.168000221,1.741000056,4.751999855,1.552999973,20.47100067
2016/9/22 7:00,11.5880003,5.559000015,7.0,2.948999882,4.630000114,1.552999973,21.72414340769862
2016/9/22 8:00,8.975000381,4.622000217,6.573999882,2.984999895,2.040999889,1.065999985,22.17994081889166
2016/9/22 9:00,7.636000156,4.756000042,5.543000221,2.948999882,2.131999969,1.065999985,21.31500053
2016/9/22 10:00,7.903999805,3.88499999,5.507999897,2.559000015,2.437000036,1.036000013,23.63699913
2016/9/22 11:00,8.104999542,3.415999889,5.650000095,2.025000095,2.772000074,1.004999995,21.01354856044405
2016/9/22 12:00,6.362999916,3.148000002,3.730999947,1.315000057,1.91900003,0.822000027,24.5510006
2016/9/22 13:00,6.09499979,3.148000002,4.229000092,1.77699995,1.797000051,0.852999985,11.985491896358804
2016/9/22 14:00,6.831999779,3.549999952,4.263999939,1.883000016,1.949000001,1.218000054,23.795367987837846
2016/9/22 15:00,8.171999931,4.019000053,5.828000069,3.019999981,2.071000099,1.065999985,25.04400063
2016/9/22 16:00,6.027999878,3.148000002,4.086999893,1.91900003,1.85800004,0.975000024,18.995136252543265
2016/9/22 17:00,7.166999817,3.08100009,4.547999859,1.741000056,2.528000116,0.975000024,20.98512029321422
2016/9/22 18:00,6.162000179,2.477999926,3.838000059,1.491999984,2.405999899,0.822000027,22.803996764529018
2016/9/22 19:00,6.362999916,2.344000101,3.980000019,1.421000004,2.28399992,0.731000006,28.967900090362377
2016/9/22 20:00,6.027999878,2.611999989,3.838000059,1.70599997,2.101999998,0.760999978,18.375686461899093
2016/9/22 21:00,5.827000141,2.746000051,3.552999973,1.279000044,1.735999942,0.731000006,22.0890007
2016/9/22 22:00,6.362999916,3.148000002,4.93900013,1.953999996,1.552999973,0.670000017,21.66699982
2016/9/22 23:00,10.04699993,3.214999914,8.777000427,2.096999884,1.401000023,0.639999986,14.717942081448848
